Cites,Authors,Title,Year,Source,Publisher,ArticleURL,CitesURL,GSRank,QueryDate,Type,DOI,ISSN,CitationURL,Volume,Issue,StartPage,EndPage,ECC,CitesPerYear,CitesPerAuthor,AuthorCount,Age,Abstract,FullTextURL,RelatedURL
37,"SN Chinedu, OO Ogunlana, DE Azuh…","Correlation between body mass index and waist circumference in Nigerian adults: implication as indicators of health status",2013,"Journal of Public …","ncbi.nlm.nih.gov","https://www.ncbi.nlm.nih.gov/pmc/articles/PMC4147729/","https://scholar.google.com/scholar?cites=14897213724310152356&as_sdt=2005&sciodt=0,5&hl=en",1,"2021-07-17 18:35:28","HTML","","","",,,,,37,4.63,9,4,8,"Background Anthropometric measures have been widely used for body weight classification in humans. Waist circumference has been advanced as a useful parameter for measuring adiposity. This study evaluated the correlation between body mass index (BMI) and waist …","https://www.ncbi.nlm.nih.gov/pmc/articles/PMC4147729/","https://scholar.google.com/scholar?q=related:pKSUFPSIvc4J:scholar.google.com/&scioq=%22waist+circumference%22+nigeria&hl=en&as_sdt=0,5&as_ylo=2013&as_yhi=2013&as_vis=1"
44,"IC Ijezie, A Chuku, UU Onyeonoro…","Prevalence of abdominal obesity in Abia State, Nigeria: results of a population-based house-to-house survey",2013,"… syndrome and obesity …","ncbi.nlm.nih.gov","https://www.ncbi.nlm.nih.gov/pmc/articles/PMC3738251/","https://scholar.google.com/scholar?cites=15999267647353670430&as_sdt=2005&sciodt=0,5&hl=en",2,"2021-07-17 18:35:28","HTML","","","",,,,,44,5.50,11,4,8,"… Abbreviations: BMI, body mass index; WC, waist circumference … is Nigerian naira … It also shows that there is a need for the various government agencies in Nigeria and sub-Saharan Africa charged with health care to intervene, in order to reduce the prevalence of abdominal …","https://www.ncbi.nlm.nih.gov/pmc/articles/PMC3738251/","https://scholar.google.com/scholar?q=related:HkvqUijRCN4J:scholar.google.com/&scioq=%22waist+circumference%22+nigeria&hl=en&as_sdt=0,5&as_ylo=2013&as_yhi=2013&as_vis=1"
30,"CE Okereke, UB Anyaehie, CC Dim, EE Iyare…","Evaluation of some anthropometric indices for the diagnosis of obesity in pregnancy in Nigeria: a cross-sectional study",2013,"African health …","ajol.info","https://www.ajol.info/index.php/ahs/article/view/100423","https://scholar.google.com/scholar?cites=13974477333263030000&as_sdt=2005&sciodt=0,5&hl=en",3,"2021-07-17 18:35:28","","","","",,,,,30,3.75,6,5,8,"… 1040 23. Olayemi OO, Umuerri CO, Aimakhu CO. Obstetric Performance of Nigerian Obese Parturients … Labor support: an overlooked maternal health need in Enugu, south-eastern Nigeria … Waist circumference in the prediction of obesity-related adverse pregnancy outcomes …","https://www.ajol.info/index.php/ahs/article/view/100423/89661","https://scholar.google.com/scholar?q=related:8BbkOhhR78EJ:scholar.google.com/&scioq=%22waist+circumference%22+nigeria&hl=en&as_sdt=0,5&as_ylo=2013&as_yhi=2013&as_vis=1"
37,"AL Oyeyemi, O Adeyemi","Relationship of physical activity to cardiovascular risk factors in an urban population of Nigerian adults",2013,"Archives of …","archpublichealth.biomedcentral.com","https://archpublichealth.biomedcentral.com/articles/10.1186/0778-7367-71-6","https://scholar.google.com/scholar?cites=12497713893597550957&as_sdt=2005&sciodt=0,5&hl=en",4,"2021-07-17 18:35:28","HTML","10.1186/0778-7367-71-6","","",,,,,37,4.63,19,2,8,"The burden of chronic diseases including cardiovascular disease (CVD) is increasing rapidly in Nigeria, but fewer studies have evaluated the role of physical activity in the development of CVD in this country. We examined the relationship between health enhancing physical activity …","https://archpublichealth.biomedcentral.com/articles/10.1186/0778-7367-71-6","https://scholar.google.com/scholar?q=related:bZlYDJLMcK0J:scholar.google.com/&scioq=%22waist+circumference%22+nigeria&hl=en&as_sdt=0,5&as_ylo=2013&as_yhi=2013&as_vis=1"
9,"GS Oladipo, T Coker, KC Anugweje…","Study of some anthropometric parameters of Itsekiri and Okpe ethnic groups of Delta State, South-South Nigeria",2013,"International Journal Of …","ajol.info","https://www.ajol.info/index.php/ijcr/article/view/106312","https://scholar.google.com/scholar?cites=902981205665888522&as_sdt=2005&sciodt=0,5&hl=en",5,"2021-07-17 18:35:28","","","","",,,,,9,1.13,2,4,8,"… Waist circumference (cm) 80.75±11.09 77.09±10.06 … (2006) reported that the mean nasal indices of Nigerian Igbos were … Hopefully, this present study will provide reference data for the Itsekiri and Okpe ethnic groups of Nigeria, which could be of relevance in clinical practice …","https://www.ajol.info/index.php/ijcr/article/view/106312/96263","https://scholar.google.com/scholar?q=related:CrmRUp8IiAwJ:scholar.google.com/&scioq=%22waist+circumference%22+nigeria&hl=en&as_sdt=0,5&as_ylo=2013&as_yhi=2013&as_vis=1"
27,"TO Akande, JO Adeleye, S Kadiri","Insulin resistance in Nigerians with essential hypertension",2013,"African health sciences","ajol.info","https://www.ajol.info/index.php/ahs/article/view/93689","https://scholar.google.com/scholar?cites=12615756440474484211&as_sdt=2005&sciodt=0,5&hl=en",6,"2021-07-17 18:35:28","","","","",,,,,27,3.38,9,3,8,"… O Department of Medicine, College of Medicine University of Ibadan, Ibadan Nigeria Telephone: +234 … to determine the prevalence of insulin resistance in a group of Nigerians with essential … a BMI >30kg/m2 while truncal obesity was defined as a waist circumference >94cm in …","https://www.ajol.info/index.php/ahs/article/view/93689/83113","https://scholar.google.com/scholar?q=related:8_1TN6QrFK8J:scholar.google.com/&scioq=%22waist+circumference%22+nigeria&hl=en&as_sdt=0,5&as_ylo=2013&as_yhi=2013&as_vis=1"
24,"AO Sabageh, EO Ojofeitimi","Prevalence of obesity among adolescents in Ile-Ife, Osun state, Nigeria using body mass index and waist hip ratio: A comparative study",2013,"Nigerian medical journal: journal of …","ncbi.nlm.nih.gov","https://www.ncbi.nlm.nih.gov/pmc/articles/PMC3719239/","https://scholar.google.com/scholar?cites=6781994649222489970&as_sdt=2005&sciodt=0,5&hl=en",7,"2021-07-17 18:35:28","HTML","","","",,,,,24,3.00,12,2,8,"… few studies in this environment to show the prevalence of obesity among Nigerian adolescents … study was conducted in Ile-Ife, a semi-urban town in Osun State, Southwest Nigeria … Waist circumference (in cm) was done with a flexible tape measuring midway between the lowest …","https://www.ncbi.nlm.nih.gov/pmc/articles/PMC3719239/","https://scholar.google.com/scholar?q=related:cqeBbzN8Hl4J:scholar.google.com/&scioq=%22waist+circumference%22+nigeria&hl=en&as_sdt=0,5&as_ylo=2013&as_yhi=2013&as_vis=1"
87,"II Ulasi, CK Ijoma, OD Onodugo, EB Arodiwe…","Towards prevention of chronic kidney disease in Nigeria: a community-based study in Southeast Nigeria",2013,"Kidney International …","Elsevier","https://www.sciencedirect.com/science/article/pii/S2157171615311187","https://scholar.google.com/scholar?cites=1713444761471650320&as_sdt=2005&sciodt=0,5&hl=en",8,"2021-07-17 18:35:28","HTML","","","",,,,,87,10.88,17,5,8,"… To determine the prevalence of risk factors for CKD (hypertension, DM, obesity and the metabolic syndrome) in a semiurban and a rural community in Southeast Nigeria. To determine the prevalence of CKD in these communities … Waist circumference (cm) …","https://www.sciencedirect.com/science/article/pii/S2157171615311187","https://scholar.google.com/scholar?q=related:EIrFre5gxxcJ:scholar.google.com/&scioq=%22waist+circumference%22+nigeria&hl=en&as_sdt=0,5&as_ylo=2013&as_yhi=2013&as_vis=1"
61,"AO Sola, OI Chinyere, AO Stephen, JA Kayode","Hypertension prevalence in an urban and rural area of Nigeria",2013,"J Med Sci","researchgate.net","https://www.researchgate.net/profile/Jimoh-Kayode/publication/288967754_Hypertension_prevalence_in_an_urban_and_rural_area_of_Nigeria/links/5a3b78480f7e9bbef9fecb55/Hypertension-prevalence-in-an-urban-and-rural-area-of-Nigeria.pdf","https://scholar.google.com/scholar?cites=16634950097690904714&as_sdt=2005&sciodt=0,5&hl=en",9,"2021-07-17 18:35:28","PDF","","","",,,,,61,7.63,15,4,8,"… statistically significant SBP = systolic blood pressure DBP = diastolic blood pressure BMI = body mass index WC = waist circumference … (1997), the prevalence of hypertension was higher in men than women in Nigeria and Cameroon … The Nigerian hypertension programme …","https://www.researchgate.net/profile/Jimoh-Kayode/publication/288967754_Hypertension_prevalence_in_an_urban_and_rural_area_of_Nigeria/links/5a3b78480f7e9bbef9fecb55/Hypertension-prevalence-in-an-urban-and-rural-area-of-Nigeria.pdf","https://scholar.google.com/scholar?q=related:ikg3Zfo22-YJ:scholar.google.com/&scioq=%22waist+circumference%22+nigeria&hl=en&as_sdt=0,5&as_ylo=2013&as_yhi=2013&as_vis=1"
48,"OS Ogah, OO Madukwe, UU Onyeonoro…","Cardiovascular risk factors and non-communicable diseases in Abia state, Nigeria: report of a community-based survey",2013,"International Journal of …","ajol.info","https://www.ajol.info/index.php/ijmbr/article/view/91937","https://scholar.google.com/scholar?cites=7109180373563140483&as_sdt=2005&sciodt=0,5&hl=en",10,"2021-07-17 18:35:28","","","","",,,,,48,6.00,12,4,8,"… metabolic syndrome if he or she has three or more of the following: waist circumference >102 cm … of our study population is a true reflection of the demographic structure of Nigeria and Abia … the report of the 2006 National census.[10-12] According to this data, 54.6% of Nigerians","https://www.ajol.info/index.php/ijmbr/article/download/91937/88226","https://scholar.google.com/scholar?q=related:g-loOuLhqGIJ:scholar.google.com/&scioq=%22waist+circumference%22+nigeria&hl=en&as_sdt=0,5&as_ylo=2013&as_yhi=2013&as_vis=1"
14,"CA Alikor, PC Emem-Chioma","Article Prevalence of Hyperuricaemia in a Rural Population of Nigerian Niger Delta Region",2013,"Nigerian Journal of Medicine","ajol.info","https://www.ajol.info/index.php/njm/article/view/93902","https://scholar.google.com/scholar?cites=5354502223081190112&as_sdt=2005&sciodt=0,5&hl=en",11,"2021-07-17 18:35:28","","","","",,,,,14,1.75,7,2,8,"… Article Prevalence of Hyperuricaemia in a Rural Population of Nigerian Niger Delta Region … in the rural areas in Nigeria and in the Niger Delta region of Nigeria in particular … Anthropometric (height, weight, waist circumference) and blood pressure measurements were taken …","","https://scholar.google.com/scholar?q=related:4DLLC2cDT0oJ:scholar.google.com/&scioq=%22waist+circumference%22+nigeria&hl=en&as_sdt=0,5&as_ylo=2013&as_yhi=2013&as_vis=1"
61,"OS Ogah, OO Madukwe, II Chukwuonye…","Prevalence and determinants of hypertension in Abia State Nigeria: Results from the Abia State non-communicable diseases and cardiovascular risk factors survey",2013,"Ethnicity & …","ethndis.org","https://ethndis.org/edonline/index.php/ethndis/article/view/380","https://scholar.google.com/scholar?cites=1617196969891963938&as_sdt=2005&sciodt=0,5&hl=en",12,"2021-07-17 18:35:28","","","","",,,,,61,7.63,15,4,8,"… The definition of rural and urban communi- ties was based on the standard criteria adopted by the Nigerian National Pop- ulation Council … BMI, Body mass index; WC, Waist circumference; BP, Blood pressure, HTN, Hypertension … 20 HYPERTENSION IN NIGERIA - Ogah et al …","https://ethndis.org/edonline/index.php/ethndis/article/viewFile/380/429","https://scholar.google.com/scholar?q=related:IqQ_ahNwcRYJ:scholar.google.com/&scioq=%22waist+circumference%22+nigeria&hl=en&as_sdt=0,5&as_ylo=2013&as_yhi=2013&as_vis=1"
171,"II Chukwuonye, A Chuku, C John…","Prevalence of overweight and obesity in adult Nigerians–a systematic review",2013,"… syndrome and obesity …","ncbi.nlm.nih.gov","https://www.ncbi.nlm.nih.gov/pmc/articles/pmc3556860/","https://scholar.google.com/scholar?cites=7121484529494160652&as_sdt=2005&sciodt=0,5&hl=en",13,"2021-07-17 18:35:28","HTML","","","",,,,,171,21.38,43,4,8,"… The above limitations of the waist circumference method contributed to our adopting only studies that … RA, Martins T, Ismail S. Obesity prevalence in adult residents of Ile-Ife, Nigeria … and socio-demographic determinants of obesity among adults in an urban Nigerian population …","https://www.ncbi.nlm.nih.gov/pmc/articles/pmc3556860/","https://scholar.google.com/scholar?q=related:DHXwxXKY1GIJ:scholar.google.com/&scioq=%22waist+circumference%22+nigeria&hl=en&as_sdt=0,5&as_ylo=2013&as_yhi=2013&as_vis=1"
21,"RA Adedoyin, A Afolabi, OO Adegoke…","Relationship between socioeconomic status and metabolic syndrome among Nigerian adults",2013,"Diabetes & Metabolic …","Elsevier","https://www.sciencedirect.com/science/article/pii/S1871402113000155","https://scholar.google.com/scholar?cites=2923955513700668333&as_sdt=2005&sciodt=0,5&hl=en",14,"2021-07-17 18:35:28","","","","",,,,,21,2.63,5,4,8,"… The participants were selected from Ilora community of Oyo State, Nigeria … The waist circumference was measured using a tape measure with the participant in light clothing, standing and … assigned to each item on the questionnaire based on their status in the Nigerian society …","https://ir.oauife.edu.ng/bitstream/handle/123456789/4084/Relationship_between_socioeconomic_status_and_meta.pdf?sequence=1&isAllowed=y","https://scholar.google.com/scholar?q=related:rVMsRQz6kygJ:scholar.google.com/&scioq=%22waist+circumference%22+nigeria&hl=en&as_sdt=0,5&as_ylo=2013&as_yhi=2013&as_vis=1"
29,"OC Alebiosu, OB Familoni, OO Ogunsemi…","Community based diabetes risk assessment in Ogun state, Nigeria (World Diabetes Foundation project 08-321)",2013,"Indian journal of …","ncbi.nlm.nih.gov","https://www.ncbi.nlm.nih.gov/pmc/articles/PMC3743365/","https://scholar.google.com/scholar?cites=2599420939114560878&as_sdt=2005&sciodt=0,5&hl=en",15,"2021-07-17 18:35:28","HTML","","","",,,,,29,3.63,7,4,8,"… A total of 13,091 (22.3%) females had waist circumference (WC) greater than 88 cm, whereas 1,161 (2.0%) males had WC greater than 102 cm [Table 4]. Mean body mass … Strategies for improving diabetes care in nigeria (SIDCAIN) Research Group … nigerian endocrine practice …","https://www.ncbi.nlm.nih.gov/pmc/articles/PMC3743365/","https://scholar.google.com/scholar?q=related:br2iYZL_EiQJ:scholar.google.com/&scioq=%22waist+circumference%22+nigeria&hl=en&as_sdt=0,5&as_ylo=2013&as_yhi=2013&as_vis=1"
16,"AF Adeniyi, AE Uloko, OO Ogwumike…","… of improvement of metabolic parameters after a 12 week physical exercise programme in patients with type 2 diabetes: the influence of gender in a Nigerian …",2013,"BioMed research …","hindawi.com","https://www.hindawi.com/journals/bmri/2013/310574/","https://scholar.google.com/scholar?cites=16507417597384786003&as_sdt=2005&sciodt=0,5&hl=en",16,"2021-07-17 18:35:28","HTML","","","",,,,,16,2.00,4,4,8,"… Diabetes: The Influence of Gender in a Nigerian Population … Nigeria 3 Department of Medicine, College of Medicine, University of Ibadan, Ibadan 200211, Nigeria … with high fasting plasma glucose, high triglycerides, hypertension, and high waist circumference undertook a thrice …","https://www.hindawi.com/journals/bmri/2013/310574/","https://scholar.google.com/scholar?q=related:UwAnQ9ggFuUJ:scholar.google.com/&scioq=%22waist+circumference%22+nigeria&hl=en&as_sdt=0,5&as_ylo=2013&as_yhi=2013&as_vis=1"
25,"AM Ogunbode, LA Adebusoye…","Prevalence of low back pain and associated risk factors amongst adult patients presenting to a Nigerian family practice clinic, a hospital-based study",2013,"African Journal of Primary …","journals.co.za","https://journals.co.za/doi/abs/10.10520/EJC136757","https://scholar.google.com/scholar?cites=16021003414583602397&as_sdt=2005&sciodt=0,5&hl=en",17,"2021-07-17 18:35:28","","10.10520/EJC136757","","",,,,,25,3.13,8,3,8,"… pain and associated risk factors amongst adult patients presenting to a Nigerian family practice … the General Outpatients' Clinic of the University College Hospital in Ibadan, Nigeria … For the female respondents, logistic regression analysis showed that a waist circumference of 88 …","https://www.ncbi.nlm.nih.gov/pmc/articles/PMC4565442/","https://scholar.google.com/scholar?q=related:3WyT_7gJVt4J:scholar.google.com/&scioq=%22waist+circumference%22+nigeria&hl=en&as_sdt=0,5&as_ylo=2013&as_yhi=2013&as_vis=1"
13,"OA Michael, OO Olarinde, OY Tunji…","Prevalence, variants and determinants of electrocardiographic abnormalities amongst elderly Nigerians with type 2 diabetes",2013,"Journal of medicine and …","academia.edu","https://www.academia.edu/download/33186377/prevalence-variants-and-determinants-of-electrocardiographic-abnormalities-amongst-elderly-nigerians-with-type-2-diabetes.pdf","https://scholar.google.com/scholar?cites=12367125488015866228&as_sdt=2005&sciodt=0,5&hl=en",18,"2021-07-17 18:35:28","PDF","","","",,,,,13,1.63,3,4,8,"… findings were related to systolic and diastolic blood pressure, waist circumference, age of … 59-60 Fasanmade OA, Okubadejo NU(2003) Clinical profile of Nigerians with diabetes … Electrocardiographic abnormalities in persons with type 2 diabetes in Kaduna Northern Nigeria …","https://www.academia.edu/download/33186377/prevalence-variants-and-determinants-of-electrocardiographic-abnormalities-amongst-elderly-nigerians-with-type-2-diabetes.pdf","https://scholar.google.com/scholar?q=related:dHndhRvboKsJ:scholar.google.com/&scioq=%22waist+circumference%22+nigeria&hl=en&as_sdt=0,5&as_ylo=2013&as_yhi=2013&as_vis=1"
3,"TO Akande","Undiagnosed diabetes and prediabetes in hypertensive and normotensive adults at the University College Hospital, Ibadan, Nigeria",2013,"African journal of medicine and medical sciences","ojshostng.com","http://ojshostng.com/index.php/ajmms/article/view/1013","https://scholar.google.com/scholar?cites=2299062519548151106&as_sdt=2005&sciodt=0,5&hl=en",19,"2021-07-17 18:35:28","HTML","","","",,,,,3,0.38,3,1,8,"… intolerance: hypertension (OR 2.915; 95% CI 1.526-5.556) and waist circumference (OR 1.050 … O. Akande, Department of Medicine, College of Medicine, University of Ibadan, Ibadan, Nigeria … Prevalence and pattern of abnormal glucose tolerance in adult Nigerians with primary …","http://ojshostng.com/index.php/ajmms/article/view/1013","https://scholar.google.com/scholar?q=related:QgUVOi7p5x8J:scholar.google.com/&scioq=%22waist+circumference%22+nigeria&hl=en&as_sdt=0,5&as_ylo=2013&as_yhi=2013&as_vis=1"
0,"JV Zirahei, TW Jacks, DS Amaza, AA Rufai…","Correlation OF Body Mass Index and Waist Circumferencein Mumuye and IchenFemales of Taraba State, Nigeria",,"academia.edu","","https://www.academia.edu/download/36231808/JVZ_1.pdf","",20,"2021-07-17 18:35:28","PDF","","","",,,,,0,0.00,0,5,,"… OA Komolafe& AI Abioye (2009): Variations In Body Mass Indices Among Post-Pubertal Nigerian Subjects With … Amaza; LP Mshelia, JT Quagar, RA Yusuf, (2011), Body Mass Index and Waist Circumference among Babur and Highe Females of Northeastern Nigeria,Nig …","https://www.academia.edu/download/36231808/JVZ_1.pdf","https://scholar.google.com/scholar?q=related:DUZ-ohzSyikJ:scholar.google.com/&scioq=%22waist+circumference%22+nigeria&hl=en&as_sdt=0,5&as_ylo=2013&as_yhi=2013&as_vis=1"
11,"GUP Iloh, AO Ikwudinma","… in adult Nigerian Africans: prevalence and co-occurrence with cardio-metabolic risk factors in a resource poor setting of a rural hospital in Eastern Nigeria",2013,"American Journal of Health …","article.ajhealthres.org","http://article.ajhealthres.org/pdf/10.11648.j.ajhr.20130103.16.pdf","https://scholar.google.com/scholar?cites=13921915431930297204&as_sdt=2005&sciodt=0,5&hl=en",21,"2021-07-17 18:35:28","PDF","","","",,,,,11,1.38,6,2,8,"… was designed to determine the prevalence of abdominal obesity in adult Nigerian Africans and … a resource poor setting of a rural hospital in Eastern Nigeria Methods: This … The data collected included basic demographic variables, blood pressure, waist circumference, and fasting …","http://article.ajhealthres.org/pdf/10.11648.j.ajhr.20130103.16.pdf","https://scholar.google.com/scholar?q=related:dPs76VKUNMEJ:scholar.google.com/&scioq=%22waist+circumference%22+nigeria&hl=en&as_sdt=0,5&as_ylo=2013&as_yhi=2013&as_vis=1"
0,"C Okafor, I Gezawa, A Sabir, T Raimi, O Fasanmade…","Determination of waist circumference cutoff values predictive of obesity in apparently healthy Nigerians: a multi centre study",2013,"","196.45.48.59","http://196.45.48.59:8080/handle/123456789/8321","",22,"2021-07-17 18:35:28","","","","",,,,,0,0.00,0,6,8,"Introduction/Background Waist circumference (WC) is recommended as a simple clinical tool for determining obesity. Ethnic specific cutoff values have been proposed but for regions with insufficient data, values from other regions were recommended to be used for them [1] …","",""
33,"RA Adebayo, MO Balogun, RA Adedoyin…","Prevalence of hypertension in three rural communities of Ife north local Government Area of Osun state, south West Nigeria",2013,"… Journal of General …","ncbi.nlm.nih.gov","https://www.ncbi.nlm.nih.gov/pmc/articles/pmc3857150/","https://scholar.google.com/scholar?cites=16009747482045442955&as_sdt=2005&sciodt=0,5&hl=en",23,"2021-07-17 18:35:28","HTML","","","",,,,,33,4.13,8,4,8,"… with a mercury sphygmomanometer, according to recommendations of the Nigerian Hypertension Society … report of a national survey on noncommunicable diseases in Nigeria, which included … Waist circumference was measured, using a flexible measuring tape, at the midpoint …","https://www.ncbi.nlm.nih.gov/pmc/articles/pmc3857150/","https://scholar.google.com/scholar?q=related:i-sF-4IMLt4J:scholar.google.com/&scioq=%22waist+circumference%22+nigeria&hl=en&as_sdt=0,5&as_ylo=2013&as_yhi=2013&as_vis=1"
18,"AA Sabir, SA Isezuo, AE Ohwovoriole, OA Fasanmade…","Rural-urban difference in plasma lipid levels and prevalence of dyslipidemia in Hausa-Fulani of north-western Nigeria",2013,"","196.45.48.59","http://196.45.48.59/handle/123456789/7100","https://scholar.google.com/scholar?cites=15972751637948597151&as_sdt=2005&sciodt=0,5&hl=en",24,"2021-07-17 18:35:28","","","","",,,,,18,2.25,4,5,8,"… Siminnialayi IM, Emem-Chioma PC, Dapper DV. The prevalence of obesity as indicated by BMI and waist circumference among Nigerian adult attending … Amodu PH, Mbah IO, Lawson L. Prevalence of obesity and dyslipidaemia in hypertensives seen in Abuja, Nigeria …","http://196.45.48.59/bitstream/handle/123456789/7100/352-1565-1-SM.pdf?sequence=1&isAllowed=y","https://scholar.google.com/scholar?q=related:nwN3yfycqt0J:scholar.google.com/&scioq=%22waist+circumference%22+nigeria&hl=en&as_sdt=0,5&as_ylo=2013&as_yhi=2013&as_vis=1"
12,"GUP Iloh, AN Amadi, AO Ikwudinma…","… and family biosocial predictors of abdominal obesity among adult Nigerian Africans in a resource constrained setting of a rural hospital in Eastern Nigeria",2013,"European Journal of …","researchgate.net","https://www.researchgate.net/profile/Prof-Gabriel-Iloh-Phd/publication/270892730_Prevalence_and_family_biosocial_predictors_of_abdominal_obesity_among_adult_Nigerian_Africans_in_a_resource_constrained_setting_of_a_rural_hospital_in_Eastern_Nigeria_Prevalence_and_Family_Biosocial_P/links/54b828c80cf28faced62050a/Prevalence-and-family-biosocial-predictors-of-abdominal-obesity-among-adult-Nigerian-Africans-in-a-resource-constrained-setting-of-a-rural-hospital-in-Eastern-Nigeria-Prevalence-and-Family-Biosocial-P.pdf","https://scholar.google.com/scholar?cites=104885710540304456&as_sdt=2005&sciodt=0,5&hl=en",25,"2021-07-17 18:35:28","PDF","","","",,,,,12,1.50,3,4,8,"… for men and women respectively.[19] The prevalence of obesity as defined by waist circumference in the … the prevalence and family biosocial predictors of abdominal obesity among adult Nigerian Africans in a resource constrained setting of a rural hospital in Eastern Nigeria …","https://www.researchgate.net/profile/Prof-Gabriel-Iloh-Phd/publication/270892730_Prevalence_and_family_biosocial_predictors_of_abdominal_obesity_among_adult_Nigerian_Africans_in_a_resource_constrained_setting_of_a_rural_hospital_in_Eastern_Nigeria_Prevalence_and_Family_Biosocial_P/links/54b828c80cf28faced62050a/Prevalence-and-family-biosocial-predictors-of-abdominal-obesity-among-adult-Nigerian-Africans-in-a-resource-constrained-setting-of-a-rural-hospital-in-Eastern-Nigeria-Prevalence-and-Family-Biosocial-P.pdf","https://scholar.google.com/scholar?q=related:SPDEfv-gdAEJ:scholar.google.com/&scioq=%22waist+circumference%22+nigeria&hl=en&as_sdt=0,5&as_ylo=2013&as_yhi=2013&as_vis=1"
9,"OA Fasanmade, IA Odeniyi, CO Amira…","Association of body mass index and abdominal adiposity with atherogenic lipid profile in Nigerians with type 2 diabetes and/or hypertension",2013,"Nigerian medical …","ncbi.nlm.nih.gov","https://www.ncbi.nlm.nih.gov/pmc/articles/PMC3948963/","https://scholar.google.com/scholar?cites=12764699533138762465&as_sdt=2005&sciodt=0,5&hl=en",26,"2021-07-17 18:35:28","HTML","","","",,,,,9,1.13,2,4,8,"… E-mail: moc.oohay@edoefi. Copyright : © Nigerian Medical Journal. This is an open-access … out-patient diabetes and hypertension clinics at a tertiary institution in Nigeria were evaluated … TG levels were found to relate with any anthropometric index (waist circumference (WC) in …","https://www.ncbi.nlm.nih.gov/pmc/articles/PMC3948963/","https://scholar.google.com/scholar?q=related:4ZpUWZhSJbEJ:scholar.google.com/&scioq=%22waist+circumference%22+nigeria&hl=en&as_sdt=0,5&as_ylo=2013&as_yhi=2013&as_vis=1"
32,"OS Adediran, PB Adebayo, AA Akintunde","Anthropometric differences among natives of Abuja living in urban and rural communities: correlations with other cardiovascular risk factors",2013,"BMC research notes","Springer","https://link.springer.com/article/10.1186/1756-0500-6-123","https://scholar.google.com/scholar?cites=4866967569904421734&as_sdt=2005&sciodt=0,5&hl=en",27,"2021-07-17 18:35:28","HTML","10.1186/1756-0500-6-123","","",,,,,32,4.00,11,3,8,"… while Abdominal height (R 2 = 0.16, β = 0.281, p = 0.001) and waist circumference (R 2 … the aboriginal population of the federal capital territory (FCT), Abuja, Nigeria presently living … at defining rural–urban differences in anthropometric parameters in two Nigerian communities of …","https://link.springer.com/article/10.1186/1756-0500-6-123","https://scholar.google.com/scholar?q=related:Zst_8TfxikMJ:scholar.google.com/&scioq=%22waist+circumference%22+nigeria&hl=en&as_sdt=0,5&as_ylo=2013&as_yhi=2013&as_vis=1"
15,"IO Senbanjo, KA Oshikoya…","Body fat distribution of children and adolescents in Abeokuta, Southwest Nigeria",2013,"American journal of …","Wiley Online Library","https://onlinelibrary.wiley.com/doi/abs/10.1002/ajpa.22241","https://scholar.google.com/scholar?cites=651840583321311613&as_sdt=2005&sciodt=0,5&hl=en",28,"2021-07-17 18:35:28","","10.1002/ajpa.22241","","",,,,,15,1.88,5,3,8,"… On the other hand, in both sexes, STR was higher among Nigerian than African‐American … latitude 3' 26' E, and is the capital of Ogun State in Southwestern Nigeria … Waist circumference was measured with a flexible inextensible tape (Butterfly, China) midway between the iliac …","","https://scholar.google.com/scholar?q=related:fdkMk47NCwkJ:scholar.google.com/&scioq=%22waist+circumference%22+nigeria&hl=en&as_sdt=0,5&as_ylo=2013&as_yhi=2013&as_vis=1"
15,"LH Adamu, AY Asuku, MG Taura, IA Tela…","Neck circumference: An upcoming tool of adiposity indices",2013,"Nigerian journal of …","jpgmonline.com","https://www.jpgmonline.com/article.asp?issn=0331-8540;year=2013;volume=10;issue=2;spage=82;epage=85;aulast=Adamu","https://scholar.google.com/scholar?cites=576394732130636777&as_sdt=2005&sciodt=0,5&hl=en",29,"2021-07-17 18:35:28","HTML","","","",,,,,15,1.88,3,5,8,"… Neovious M, Linne Y, Rossner S. BMI, waist circumference and waist-hip ratio as diagnostic … Positive association of neck circumference and cardio-metabolic risk factors in Ekiti, Nigeria … Nigerian Journal of Basic and Clinical Sciences | Published by Wolters Kluwer - Medknow …","https://www.jpgmonline.com/article.asp?issn=0331-8540;year=2013;volume=10;issue=2;spage=82;epage=85;aulast=Adamu","https://scholar.google.com/scholar?q=related:6ZMNe_TD_wcJ:scholar.google.com/&scioq=%22waist+circumference%22+nigeria&hl=en&as_sdt=0,5&as_ylo=2013&as_yhi=2013&as_vis=1"
0,"OA Olugbemide, OB Olopade, SO Iwuala, IA Odeniyi…","Waist circumference is a better predictor of metabolic syndrome than waist: hip ratio",2013,"","196.45.48.59","http://196.45.48.59/handle/123456789/8484","",30,"2021-07-17 18:35:28","","","","",,,,,0,0.00,0,5,8,"BACKGROUND The metabolic syndrome is a cluster of cardiovascular risk factors, each of which carries grave risk for fatal vascular events. Diagnosis of metabolic syndrome is made using clinical, anthropometric and biochemical parameters. Anthropometric indices are cost …","",""
7,"OS Adediran, AA Akintunde, OG Opadijo…","Dyslipidaemia, atherogenic index and urbanization in central Nigeria: associations, impact, and a call for concerted action",2013,"… Res 2: 4. doi: http://dx …","researchgate.net","https://www.researchgate.net/profile/Abiodun-Akintunde/publication/287549778_Dyslipidaemia_Atherogenic_Index_and_Urbanization_in_Central_Nigeria_Associations_Impact_and_a_Call_for_Concerted_Action/links/568ec59608aead3f42f06ea2/Dyslipidaemia-Atherogenic-Index-and-Urbanization-in-Central-Nigeria-Associations-Impact-and-a-Call-for-Concerted-Action.pdf","https://scholar.google.com/scholar?cites=10838748249200496192&as_sdt=2005&sciodt=0,5&hl=en",31,"2021-07-17 18:35:28","PDF","","","",,,,,7,0.88,2,4,8,"… is equally associated with other cardiovascular risk factors such as increased waist circumference and increased systolic … 4. Akinkugbe OO (2001) Current epidemiology of hypertension in Nigeria … (1989) Serum lipid and apolipoprotein levels in a Nigerian population sample …","https://www.researchgate.net/profile/Abiodun-Akintunde/publication/287549778_Dyslipidaemia_Atherogenic_Index_and_Urbanization_in_Central_Nigeria_Associations_Impact_and_a_Call_for_Concerted_Action/links/568ec59608aead3f42f06ea2/Dyslipidaemia-Atherogenic-Index-and-Urbanization-in-Central-Nigeria-Associations-Impact-and-a-Call-for-Concerted-Action.pdf","https://scholar.google.com/scholar?q=related:QI57Qxv4apYJ:scholar.google.com/&scioq=%22waist+circumference%22+nigeria&hl=en&as_sdt=0,5&as_ylo=2013&as_yhi=2013&as_vis=1"
8,"O Chinyere, AO Sola","Dyslipidemia and its relationship with different anthropometric measures in Nigerian adults",2013,"IOSR J Dent Med Sci","academia.edu","https://www.academia.edu/download/32121954/B0930712.pdf","https://scholar.google.com/scholar?cites=12510191832593794972&as_sdt=2005&sciodt=0,5&hl=en",32,"2021-07-17 18:35:28","PDF","","","",,,,,8,1.00,4,2,8,"… J. Correlation of dyslipidemia with waist to height ratio, waist circumference and body … Prevalence of dyslipidemia in apparently healthy professionals in Asaba, South-South Nigeria … A. Modifiable cardiovascular risk factors among apparently healthy Nigerian population – a …","https://www.academia.edu/download/32121954/B0930712.pdf","https://scholar.google.com/scholar?q=related:nAe_nTAhna0J:scholar.google.com/&scioq=%22waist+circumference%22+nigeria&hl=en&as_sdt=0,5&as_ylo=2013&as_yhi=2013&as_vis=1"
23,"CA Alikor, PC Emem-Chioma, OJ Odia","Hypertension in a rural community in Rivers State, Niger Delta region of Nigeria: prevalence and risk factors",2013,"Nigerian Health Journal","ajol.info","https://www.ajol.info/index.php/nhj/article/view/90357","https://scholar.google.com/scholar?cites=13000557757146941285&as_sdt=2005&sciodt=0,5&hl=en",33,"2021-07-17 18:35:28","","","","",,,,,23,2.88,8,3,8,"… Heart failure in Nigerian hypertensives … Oyediran AB, Carlisle R. Incidence of stroke in an African city: results from the stroke registry at Ibadan, Nigeria, 1973–1975 … Waist Circumference and Waist–Hip Ratio:Report of a WHO Expert Consultation Geneva, 8–11 December 2008 20 …","https://www.ajol.info/index.php/nhj/article/download/90357/79772","https://scholar.google.com/scholar?q=related:ZUexdGZCa7QJ:scholar.google.com/&scioq=%22waist+circumference%22+nigeria&hl=en&as_sdt=0,5&as_ylo=2013&as_yhi=2013&as_vis=1"
3,"AO Sekoni, AB Adelowo, EI Agaba","Prevalence of obesity and elevated blood pressure among bankers in Lagos, Nigeria",2013,"Highland Medical Research Journal","ajol.info","https://www.ajol.info/index.php/hmrj/article/view/113325","https://scholar.google.com/scholar?cites=11586891738297838976&as_sdt=2005&sciodt=0,5&hl=en",34,"2021-07-17 18:35:28","","","","",,,,,3,0.38,1,3,8,"… The aim of this study was to determine the prevalence of obesity and hypertension among bankers in Lagos State, Nigeria. Methods: Blood pressure, body mass index (BMI) and waist circumference were measured in 260 professional bankers from 56 bank branches in Lagos …","","https://scholar.google.com/scholar?q=related:gK0mYKXozKAJ:scholar.google.com/&scioq=%22waist+circumference%22+nigeria&hl=en&as_sdt=0,5&as_ylo=2013&as_yhi=2013&as_vis=1"
11,"OO Oladapo, J Olusakin, GO Ogun…","Atherosclerosis of the intracranial carotid arteries in Nigerians: A pilot autopsy study",2013,"Nigerian Journal of …","jpgmonline.com","https://www.jpgmonline.com/article.asp?issn=0189-7969;year=2013;volume=10;issue=2;spage=62;epage=67;aulast=Oladapo","https://scholar.google.com/scholar?cites=14198852487043839192&as_sdt=2005&sciodt=0,5&hl=en",35,"2021-07-17 18:35:28","HTML","","","",,,,,11,1.38,3,4,8,"… Prevalence and severity of atherosclerosis in extracranial carotid arteries in Nigeria: An autopsy … Circulating oxidized LDL is associated with increased waist circumference independent of body mass … Nigerian Journal of Cardiology | Published by Wolters Kluwer - Medknow …","https://www.jpgmonline.com/article.asp?issn=0189-7969;year=2013;volume=10;issue=2;spage=62;epage=67;aulast=Oladapo","https://scholar.google.com/scholar?q=related:2HRrtBt1DMUJ:scholar.google.com/&scioq=%22waist+circumference%22+nigeria&hl=en&as_sdt=0,5&as_ylo=2013&as_yhi=2013&as_vis=1"
14,"AA Akintunde","Snoring and risk for obstructive sleep apnea among Nigerians with heart failure: Prevalence and clinical correlates",2013,"Heart views: the official journal of the Gulf Heart …","ncbi.nlm.nih.gov","https://www.ncbi.nlm.nih.gov/pmc/articles/PMC3621219/","https://scholar.google.com/scholar?cites=8250727094841676853&as_sdt=2005&sciodt=0,5&hl=en",36,"2021-07-17 18:35:28","HTML","","","",,,,,14,1.75,14,1,8,"… the Berlin score and the Epworth Sleepiness Scale (ESS) among Nigerian subjects with … cardiology clinic of Ladoke Akintola University of Technology Teaching Hospital, Osogbo, Nigeria … age, gender, body weight (in kilograms), height (in meters), waist circumference, and hip …","https://www.ncbi.nlm.nih.gov/pmc/articles/PMC3621219/","https://scholar.google.com/scholar?q=related:NZS6GpR4gHIJ:scholar.google.com/&scioq=%22waist+circumference%22+nigeria&hl=en&as_sdt=0,5&as_ylo=2013&as_yhi=2013&as_vis=1"
2,"IA Ojo, J Mohammed","Anthropometry and cardiovascular disease risk factors among retirees and non-retirees in Ile-Ife, Nigeria: a comparative study",2013,"Nigerian medical journal: journal of the …","ncbi.nlm.nih.gov","https://www.ncbi.nlm.nih.gov/pmc/articles/PMC3719241/","https://scholar.google.com/scholar?cites=11331830140023871733&as_sdt=2005&sciodt=0,5&hl=en",37,"2021-07-17 18:35:28","HTML","","","",,,,,2,0.25,1,2,8,"… Waist circumference and body mass index in Chinese children; cutoff values for predicting cardiovascular risk … The prevalence of cardiovascular disease in the Lagos State, Nigeria … Anthropometric determinants of resting blood pressure and heart rate of Nigerian school children …","https://www.ncbi.nlm.nih.gov/pmc/articles/PMC3719241/","https://scholar.google.com/scholar?q=related:9RgwR3m_Qp0J:scholar.google.com/&scioq=%22waist+circumference%22+nigeria&hl=en&as_sdt=0,5&as_ylo=2013&as_yhi=2013&as_vis=1"
6,"OA Ojo, SA Adeniran, O Fatiregun…","Relationship between body circumferences and lung function tests among undergraduate students of a Nigerian university",2013,"Pakistan Journal of …","pjp.pps.org.pk","http://www.pjp.pps.org.pk/index.php/PJP/article/view/838","https://scholar.google.com/scholar?cites=5245178826181097201&as_sdt=2005&sciodt=0,5&hl=en",38,"2021-07-17 18:35:28","","","","",,,,,6,0.75,2,4,8,"… AND LUNG FUNCTION TESTS AMONG UNDERGRADUATE STUDENTS OF A NIGERIAN UNIVERSITY … Department of Physiology, University of Lagos, Nigeria 2004;p. 29–30 … Heymsfield SB, Kelley DE, Leibel RL, Nonas C, Kahn R. Waist circumference and cardiometabolic …","http://www.pjp.pps.org.pk/index.php/PJP/article/view/838/474","https://scholar.google.com/scholar?q=related:8bbsLVqeykgJ:scholar.google.com/&scioq=%22waist+circumference%22+nigeria&hl=en&as_sdt=0,5&as_ylo=2013&as_yhi=2013&as_vis=1"
2,"KV Olorunshola, JO Ayo, CE Dikki…","Physiological and anthropometric correlates of metabolic risk factors among selected non obese adults in Zaria, Northern Nigeria",2013,"… Journal of Nutrition …","academicjournals.org","https://academicjournals.org/journal/IJNAM/article-abstract/4BAEE0B5011","https://scholar.google.com/scholar?cites=16864350659798091855&as_sdt=2005&sciodt=0,5&hl=en",39,"2021-07-17 18:35:28","","","","",,,,,2,0.25,1,4,8,"… Measurement of waist circumference is recommended by the US National Cholesterol Education Program … the anthropometric indices and various metabolic disorders in Nigerian adult population … literatures relating to local incidence, particularly in Kaduna, Nigeria (Bello-Sani et …","https://academicjournals.org/journal/IJNAM/article-full-text-pdf/4BAEE0B5011.pdf","https://scholar.google.com/scholar?q=related:T8jj7JI1CuoJ:scholar.google.com/&scioq=%22waist+circumference%22+nigeria&hl=en&as_sdt=0,5&as_ylo=2013&as_yhi=2013&as_vis=1"
59,"OJ Ogunmola, AO Olaifa, OO Oladapo…","Prevalence of cardiovascular risk factors among adults without obvious cardiovascular disease in a rural community in Ekiti State, Southwest Nigeria",2013,"BMC cardiovascular …","Springer","https://link.springer.com/article/10.1186/1471-2261-13-89","https://scholar.google.com/scholar?cites=16781210061691980423&as_sdt=2005&sciodt=0,5&hl=en",40,"2021-07-17 18:35:28","HTML","10.1186/1471-2261-13-89","","",,,,,59,7.38,15,4,8,"… with an age range of 40–70 years and in a different Nigerian tribe … to the prevalence of hypertension in a rural community in the Northern part of Nigeria (15.2%) reported … Abdominal obesity, as measured by waist circumference and perhaps a more sensitive measure of obesity in …","https://link.springer.com/article/10.1186/1471-2261-13-89","https://scholar.google.com/scholar?q=related:h4pc9KPV4ugJ:scholar.google.com/&scioq=%22waist+circumference%22+nigeria&hl=en&as_sdt=0,5&as_ylo=2013&as_yhi=2013&as_vis=1"
5,"EA Etukumana, FH Puepet…","Relationship between random blood glucose levels and body mass index among rural adults in North Central Nigeria",2013,"Ibom Medical …","ibommedicaljournal.org","https://ibommedicaljournal.org/relationship-between-random-blood-glucose-levels-and-body-mass-index-among-rural-adults-in-north-central-nigeria/","https://scholar.google.com/scholar?cites=18410306731971862125&as_sdt=2005&sciodt=0,5&hl=en",41,"2021-07-17 18:35:28","HTML","","","",,,,,5,0.63,2,3,8,"… Correlation between body mass index and blood glucose levels among some Nigerian Undergraduates … Waist Circumference as a predictor for blood glucose levels in Adults … National expert committee on non-communicable diseases in Nigeria: report on a national survey …","https://ibommedicaljournal.org/relationship-between-random-blood-glucose-levels-and-body-mass-index-among-rural-adults-in-north-central-nigeria/","https://scholar.google.com/scholar?q=related:bV4qRW6Mfv8J:scholar.google.com/&scioq=%22waist+circumference%22+nigeria&hl=en&as_sdt=0,5&as_ylo=2013&as_yhi=2013&as_vis=1"
49,"A Sabir, S Isezuo, S Abubakar, AE Ohwovoriole…","Type 2 diabetes mellitus and its risk factors among the rural Fulanis of Northern Nigeria",2013,"","ir.unilag.edu.ng","https://ir.unilag.edu.ng/handle/123456789/6845","https://scholar.google.com/scholar?cites=110261409729665328&as_sdt=2005&sciodt=0,5&hl=en",42,"2021-07-17 18:35:28","","","","",,,,,49,6.13,10,5,8,"… Bakari et al., [19] found the prevalence of 1.6% in a suburban Northern Nigerian city and Erasmus et al., [20] found a prevalence of 1.4% in a rural population of Kwara state, Nigeria … BMI or waist circumference cut-offs was low among the rural Fulanis at 2 and 5%, respectively …","https://ir.unilag.edu.ng/bitstream/handle/123456789/6845/T2DM%20fulani.pdf?sequence=1","https://scholar.google.com/scholar?q=related:MNle_yq6hwEJ:scholar.google.com/&scioq=%22waist+circumference%22+nigeria&hl=en&as_sdt=0,5&as_ylo=2013&as_yhi=2013&as_vis=1"
5,"LE Eberechukwu, ES Eyam, E Nsan","Types of obesity and its effect on blood pressure of secondary school students in rural and urban areas of Cross River state, Nigeria",2013,"IOSR Journal of Pharmacy","researchgate.net","https://www.researchgate.net/profile/Eyam-Eyam/publication/327075444_Types_of_Obesity_and_Its_Effect_on_Blood_Pressure_of_Secondary_School_Students_in_Rural_and_Urban_Areas_of_Cross_River_State_Nigeria/links/5b76d73392851c9080cdd80e/Types-of-Obesity-and-Its-Effect-on-Blood-Pressure-of-Secondary-School-Students-in-Rural-and-Urban-Areas-of-Cross-River-State-Nigeria.pdf","https://scholar.google.com/scholar?cites=1845493883025650940&as_sdt=2005&sciodt=0,5&hl=en",43,"2021-07-17 18:35:28","PDF","","","",,,,,5,0.63,2,3,8,"… Study on optimal cut-off points of body mass index and waist circumference in Chinese adults … [25.] 25. Ansa VO, Odigwe CO, & Anah MU Profile of body mass index and obesity in Nigeria children and adolescents. Nigerian Journal of Medicine, 10(2), 2001. 1115-2613. [26.] 26 …","https://www.researchgate.net/profile/Eyam-Eyam/publication/327075444_Types_of_Obesity_and_Its_Effect_on_Blood_Pressure_of_Secondary_School_Students_in_Rural_and_Urban_Areas_of_Cross_River_State_Nigeria/links/5b76d73392851c9080cdd80e/Types-of-Obesity-and-Its-Effect-on-Blood-Pressure-of-Secondary-School-Students-in-Rural-and-Urban-Areas-of-Cross-River-State-Nigeria.pdf","https://scholar.google.com/scholar?q=related:_HTmpOiCnBkJ:scholar.google.com/&scioq=%22waist+circumference%22+nigeria&hl=en&as_sdt=0,5&as_ylo=2013&as_yhi=2013&as_vis=1"
12,"IA Odeniyi, OA Fasanmade, MO Ajala…","Adrenocortical function in Nigerians with human immunodeficiency virus infection",2013,"Ghana medical …","ncbi.nlm.nih.gov","https://www.ncbi.nlm.nih.gov/pmc/articles/pmc3961856/","https://scholar.google.com/scholar?cites=3677633433645330356&as_sdt=2005&sciodt=0,5&hl=en",44,"2021-07-17 18:35:28","HTML","","","",,,,,12,1.50,3,4,8,"… in serum cortisol to ACTH stimulation was also observed in normal Nigerian adults by … infection was taken to be 50% since the prevalence is not known in Nigeria. 18 … The anthropometric measurements (weight, height, waist circumference and hip circumference) were also taken …","https://www.ncbi.nlm.nih.gov/pmc/articles/pmc3961856/","https://scholar.google.com/scholar?q=related:tK-Heh-UCTMJ:scholar.google.com/&scioq=%22waist+circumference%22+nigeria&hl=en&as_sdt=0,5&as_ylo=2013&as_yhi=2013&as_vis=1"
0,"AO Ojoawo, SA Adeyanju","Validation of Some Anthropometric Equations for Estimating Body Density in Nigerian Women",2013,"Annals of Biomedical Sciences","ajol.info","https://www.ajol.info/index.php/abs/article/view/93711","",45,"2021-07-17 18:35:28","","","","",,,,,0,0.00,0,2,8,"… that are been used for estimation of percent body fat for Nigerian women … select seventy five female undergraduates of Obafemi Awolowo University, Ile Ife Nigeria with mean … to have negative significant relationship with Body mass index (r = -.760), waist circumference (r = -.402 …","",""
0,"O Enang, O Essien, O Fasanmade…","… by the International Diabetes Federation to aid in the diagnosis of the metabolic syndrome: no such values are available for Sub-Saharan Africa including Nigeria",2013,"Endocrine …","endocrine-abstracts.org","https://www.endocrine-abstracts.org/ea/0031/ea0031p238.htm","",46,"2021-07-17 18:35:28","","","","",,,,,0,0.00,0,4,8,"… the mean and normative values of anthropometry among the inhabitants of a coastal Nigerian city … The mean (95% CI) value of waist circumference (WC) for males was 91.0 cm (95% CI 90.2 … in the study population are different from those from other parts of Nigeria and other …","",""
17,"KJ Awosan, MTO Ibrahim, SA Arisegi…","Prevalence of metabolic syndrome and its components among civil servants in a metropolitan city in Northern Nigeria",2013,"Glob Adv Res J Med …","researchgate.net","https://www.researchgate.net/profile/Kehinde-Awosan/publication/320387166_Prevalence_of_metabolic_syndrome_and_its_components_among_civil_servants_in_a_metropolitan_city_in_Northern_Nigeria/links/59e142b8a6fdcc7154d36d19/Prevalence-of-metabolic-syndrome-and-its-components-among-civil-servants-in-a-metropolitan-city-in-Northern-Nigeria.pdf","https://scholar.google.com/scholar?cites=8122288654988540795&as_sdt=2005&sciodt=0,5&hl=en",47,"2021-07-17 18:35:28","PDF","","","",,,,,17,2.13,4,4,8,"… Type 2 diabetes in adult Nigerians: a study of its prevalence and risk factors in Port Harcourt, Nigeria. Diab … Ghazali SM, Sanusi RA (2010). Waist circumference, waist to hip ratio, and body mass index in the diagnosis of metabolic syndrome in the Nigerian subjects …","https://www.researchgate.net/profile/Kehinde-Awosan/publication/320387166_Prevalence_of_metabolic_syndrome_and_its_components_among_civil_servants_in_a_metropolitan_city_in_Northern_Nigeria/links/59e142b8a6fdcc7154d36d19/Prevalence-of-metabolic-syndrome-and-its-components-among-civil-servants-in-a-metropolitan-city-in-Northern-Nigeria.pdf","https://scholar.google.com/scholar?q=related:e_vGe38quHAJ:scholar.google.com/&scioq=%22waist+circumference%22+nigeria&hl=en&as_sdt=0,5&as_ylo=2013&as_yhi=2013&as_vis=1"
2,"AE Edo, CO Enofe","Prevalence of dyslipidaemia amongst apparently healthy staff of a tertiary hospital in Benin city",2013,"Journal of Medicine and Biomedical Research","ajol.info","https://www.ajol.info/index.php/jmbr/article/view/91794","https://scholar.google.com/scholar?cites=15707902445377820526&as_sdt=2005&sciodt=0,5&hl=en",48,"2021-07-17 18:35:28","","","","",,,,,2,0.25,1,2,8,"… Data extracted included the patient's age, sex, body mass index, weight, height, waist circumference, blood pressure and fasting lipid profile … Dyslipidaemia was previously thought to 4,5 be uncommon in Nigeria . The … Page 2. “westernization'' of the Nigerian populace has …","https://www.ajol.info/index.php/jmbr/article/view/91794/81263","https://scholar.google.com/scholar?q=related:bhc8zwyu_dkJ:scholar.google.com/&scioq=%22waist+circumference%22+nigeria&hl=en&as_sdt=0,5&as_ylo=2013&as_yhi=2013&as_vis=1"
0,"K Abu-Saeed, VU Odili, MB Abu-Saeed","Prevalence of some risk factors associated with hypertension among residents of a north central Nigerian state",2013,"Journal of Pharmaceutical and …","ajol.info","https://www.ajol.info/index.php/jophas/article/view/97324","",49,"2021-07-17 18:35:28","","","","",,,,,0,0.00,0,3,8,"… risk factors associated with hypertension among residents of a north central Nigerian state … among residents of Ilorin West Local Government Area (LGA) of Kwara State, Nigeria … Also, average waist circumference among male and female respondents was 82.24 ±11.30 cm and …","",""
0,"PC Emem-Chioma, M Akpa, IM Siminialayi","Hypertension in Rural Niger Delta of Nigeria: Frequency and Correlates",,"pdfs.semanticscholar.org","","https://pdfs.semanticscholar.org/d04b/c5afd6670614c95ef20de428722fc5fe4446.pdf","",50,"2021-07-17 18:35:28","PDF","","","",,,,,0,0.00,0,3,,"… The demographic transition taking place in Sub-Saharan Africa including Nigerian imposes an … mass indices and the incidence of obesity using BMI or the waist circumference was low at … prevalence and low awareness of hypertension in a market population in Enugu, Nigeria …","https://pdfs.semanticscholar.org/d04b/c5afd6670614c95ef20de428722fc5fe4446.pdf","https://scholar.google.com/scholar?q=related:uuEIwOed9AIJ:scholar.google.com/&scioq=%22waist+circumference%22+nigeria&hl=en&as_sdt=0,5&as_ylo=2013&as_yhi=2013&as_vis=1"
1,"OA Ojo, OT Ayodele, A Solomon","Skinfold Parameter as Predictor of Body Density for Undergraduate Female Students in a Nigeria University Community",2013,"Nigerian Health Journal","ajol.info","https://www.ajol.info/index.php/nhj/article/view/90361","https://scholar.google.com/scholar?cites=13155489426504032288&as_sdt=2005&sciodt=0,5&hl=en",51,"2021-07-17 18:35:28","","","","",,,,,1,0.13,0,3,8,"… Seventy five participants who were female undergraduate students of Obafemi Awolwo University Ile Ife Nigeria participated in … The Nigerian Health Journal, Vol … Body mass index= 2 Weight / Height , Waist to Hip Ratio = waist circumference / Hip Circumference were calculated …","https://www.ajol.info/index.php/nhj/article/download/90361/79775","https://scholar.google.com/scholar?q=related:ICAuwe6vkbYJ:scholar.google.com/&scioq=%22waist+circumference%22+nigeria&hl=en&as_sdt=0,5&as_ylo=2013&as_yhi=2013&as_vis=1"
0,"OO Israel, OO Thomas","An appraisal of body's health and wellness parameters on the students academic performance in mathematics and sciences in Southwest Nigeria",2013,"American Journal of Research …","usa-journals.com","http://www.usa-journals.com/wp-content/uploads/2013/10/Oginni_Vol111.pdf","",52,"2021-07-17 18:35:28","PDF","","","",,,,,0,0.00,0,2,8,"… (Body Mass Index (BMI), height, weight, head circumference, finger length, arm length, neck circumference, hip circumference and waist circumference) and also its effect on … basic schools in Nigeria schools is a strategy to make an impact on pupil's health …","http://www.usa-journals.com/wp-content/uploads/2013/10/Oginni_Vol111.pdf",""
0,"OA Ojo, OS Ilesanmi, BA Omotoso…","Risk factor assessment for diabetes mellitus among secondary school staff in Owo, south west Nigeria",2013,"Research Journal of …","ojs.uniosun.edu.ng","http://ojs.uniosun.edu.ng/index.php/rjhs/article/view/18","",53,"2021-07-17 18:35:28","","","","",,,,,0,0.00,0,4,8,"… Risk factor assessment for diabetes mellitus among secondary school staff in Owo, south west Nigeria … Weight, height, waist circumference, hip circumference, blood pressure and fasting or random blood sugar measurements were done using standard methods …","",""
1,"EN Adejumo, OA Ogundahunsi…","Generalized and abdominal obesity: The association with hypertension among men in Ikeja, Lagos state",2013,"Niger J Clin …","publication.babcock.edu.ng","https://publication.babcock.edu.ng/asset/docs/publications/MLSC/144/1973.pdf","https://scholar.google.com/scholar?cites=10655642225551836669&as_sdt=2005&sciodt=0,5&hl=en",54,"2021-07-17 18:35:28","PDF","","","",,,,,1,0.13,0,3,8,"… Similar finding was reported in studies conducted in Enugu and Port Harcourt Nigeria.14,15 However, while some Nigerian studies reported … the result obtained in this study.7,16,18-20 There was age-specific increase in the means of the BMI and waist circumference and the …","https://publication.babcock.edu.ng/asset/docs/publications/MLSC/144/1973.pdf","https://scholar.google.com/scholar?q=related:_YWr6yVy4JMJ:scholar.google.com/&scioq=%22waist+circumference%22+nigeria&hl=en&as_sdt=0,5&as_ylo=2013&as_yhi=2013&as_vis=1"
0,"OJ Daniel, PA Okafor, A Azenabor","Generalized And Abdominal Obesity; The Association With Hypertension Among Men In Ikeja, Lagos State",,"researchgate.net","","https://www.researchgate.net/profile/Olusola-Adejumo/publication/272338916_Generalized_And_Abdominal_Obesity_The_Association_With_Hypertension_Among_Men_In_Ikeja_Lagos_State/links/561cda6708ae044edbb5bddf/Generalized-And-Abdominal-Obesity-The-Association-With-Hypertension-Among-Men-In-Ikeja-Lagos-State.pdf","",55,"2021-07-17 18:35:28","PDF","","","",,,,,0,0.00,0,3,,"… in Enugu and Port Harcourt Nigeria.14,15 However, while some Nigerian studies reported … and abdominal obesity tends to increase with age.17,21 The waist circumference is a … studies have shown that increasing abdominal obesity is associated with urbanization in Nigeria.23 …","https://www.researchgate.net/profile/Olusola-Adejumo/publication/272338916_Generalized_And_Abdominal_Obesity_The_Association_With_Hypertension_Among_Men_In_Ikeja_Lagos_State/links/561cda6708ae044edbb5bddf/Generalized-And-Abdominal-Obesity-The-Association-With-Hypertension-Among-Men-In-Ikeja-Lagos-State.pdf","https://scholar.google.com/scholar?q=related:8HSnDZl6Nl8J:scholar.google.com/&scioq=%22waist+circumference%22+nigeria&hl=en&as_sdt=0,5&as_ylo=2013&as_yhi=2013&as_vis=1"
17,"RA Durazo‐Arvizu, JF Aloia, LR Dugas…","25‐hydroxyvitamin D levels in African American and Nigerian women",2013,"American Journal of …","Wiley Online Library","https://onlinelibrary.wiley.com/doi/abs/10.1002/ajhb.22395","https://scholar.google.com/scholar?cites=15786484164592631307&as_sdt=2005&sciodt=0,5&hl=en",56,"2021-07-17 18:35:28","","10.1002/ajhb.22395","","",,,,,17,2.13,4,4,8,"… Seca Corp., San Jose, CA); body mass index (BMI) was calculated as weight (in kg)/height 2 (in m); waist circumference was measured to … Adjustment for age did not significantly change the mean values, ie 65 nmol/l for the Nigerian women and 28 nmol/l … Nigeria, N, US, N, Total, N …","https://www.ncbi.nlm.nih.gov/pmc/articles/PMC3980939/","https://scholar.google.com/scholar?q=related:C37fErXbFNsJ:scholar.google.com/&scioq=%22waist+circumference%22+nigeria&hl=en&as_sdt=0,5&as_ylo=2013&as_yhi=2013&as_vis=1"
21,"S Muhammad, MU Sani…","Prevalence of dyslipidemia among human immunodeficiency virus infected Nigerians",2013,"Annals of African …","annalsafrmed.org","https://www.annalsafrmed.org/article.asp?issn=1596-3519;year=2013;volume=12;issue=1;spage=24;epage=28;aulast=Muhammad","https://scholar.google.com/scholar?cites=7258203456024257072&as_sdt=2005&sciodt=0,5&hl=en",57,"2021-07-17 18:35:28","HTML","","","",,,,,21,2.63,7,3,8,"… Prevalence of dyslipidemia among human immunodeficiency virus infected Nigerians … HIV positive patience attending HIV specialty clinic in Aminu Kano Teaching Hospital in North-Western Nigeria … Waist circumference and waist-hip ratio were done in a standard pattern …","https://www.annalsafrmed.org/article.asp?issn=1596-3519;year=2013;volume=12;issue=1;spage=24;epage=28;aulast=Muhammad","https://scholar.google.com/scholar?q=related:MKLWb5ZRumQJ:scholar.google.com/&scioq=%22waist+circumference%22+nigeria&hl=en&as_sdt=0,5&as_ylo=2013&as_yhi=2013&as_vis=1"
20,"EM John, AI Phipps, M Sangaramoorthy","Body size, modifying factors, and postmenopausal breast cancer risk in a multiethnic population: the San Francisco Bay Area Breast Cancer Study",2013,"Springerplus","Springer","https://link.springer.com/article/10.1186/2193-1801-2-239","https://scholar.google.com/scholar?cites=15678871613800455438&as_sdt=2005&sciodt=0,5&hl=en",58,"2021-07-17 18:35:28","HTML","10.1186/2193-1801-2-239","","",,,,,20,2.50,7,3,8,"… Waist circumference and waist-to-height ratio increased breast cancer risk in Hispanics and African Americans only, independent of BMI … High waist circumference and WHtR were associated with increased BC risk, independent of current BMI …","https://link.springer.com/article/10.1186/2193-1801-2-239","https://scholar.google.com/scholar?q=related:Dh2Im6mKltkJ:scholar.google.com/&scioq=%22waist+circumference%22+nigeria&hl=en&as_sdt=0,5&as_ylo=2013&as_yhi=2013&as_vis=1"
4,"NP Rani, N Neelambikai","To study the effect of the body mass index and waist hip ratio on blood pressure in pre-and post-menopausal women",2013,"International Journal of Medical …","indianjournals.com","https://www.indianjournals.com/ijor.aspx?target=ijor:ijmrhs&volume=2&issue=3&article=043","https://scholar.google.com/scholar?cites=7009839939356872028&as_sdt=2005&sciodt=0,5&hl=en",59,"2021-07-17 18:35:28","","","","",,,,,4,0.50,2,2,8,"… Tende JA. The Body Mass Index, Waist Circumference and blood pressure of Postmenopausal Women in Zaria, Northern Nigeria.. Curr. Res. J. Biol. Sci … Physical activity level and pattern of Blood pressure and Hypertension in Nigerian Postmenopausal women …","https://www.academia.edu/download/31651086/43._Rani-ejournal.pdf","https://scholar.google.com/scholar?q=related:XE22_Uj0R2EJ:scholar.google.com/&scioq=%22waist+circumference%22+nigeria&hl=en&as_sdt=0,5&as_ylo=2013&as_yhi=2013&as_vis=1"
43,"J Najafian, N Mohamadifard, G Sadri…","Association between sleep duration and diabetes mellitus: Isfahan Healthy Heart Program",2013,"Nigerian journal of clinical …","ajol.info","https://www.ajol.info/index.php/njcp/article/view/86396","https://scholar.google.com/scholar?cites=4945325166972947796&as_sdt=2005&sciodt=0,5&hl=en",60,"2021-07-17 18:35:28","","","","",,,,,43,5.38,11,4,8,"… Analyzes are adjusted for age sex, waist circumference and body mass index Page 4. 62 Nigerian Journal of Clinical Practice • Jan-Mar 2013 • Vol 16 • Issue 1 Najafian, et al.: Sleep duration and diabetes mellitus Original Article …","https://www.ajol.info/index.php/njcp/article/download/86396/76218","https://scholar.google.com/scholar?q=related:VM04tAlToUQJ:scholar.google.com/&scioq=%22waist+circumference%22+nigeria&hl=en&as_sdt=0,5&as_ylo=2013&as_yhi=2013&as_vis=1"
0,"IS Bello, FA Arogundade, MO Hassan…","Prevalence of hypertension and associated cardiovascular risk factors in patients attending a family practice clinic in Ile-Ife, southwest Nigeria",2013,"Tropical Journal of …","tjn-online.com","http://www.tjn-online.com/index.php/tjn/article/view/64","",61,"2021-07-17 18:35:28","","","","",,,,,0,0.00,0,4,8,"… obesity if waist-to-hip ratio was over 0.9 for males and 0.85 for females21, or if the waist circumference is ≥102cm … Heart failure in Nigerian hypertensives … Oyediran AB, Carlisle R. Incidence of stroke in an African City: results from the Stroke Registry at Ibadan,Nigeria, 1973 …","http://www.tjn-online.com/index.php/tjn/article/download/64/46","https://scholar.google.com/scholar?q=related:LSAFCcSlpcsJ:scholar.google.com/&scioq=%22waist+circumference%22+nigeria&hl=en&as_sdt=0,5&as_ylo=2013&as_yhi=2013&as_vis=1"
0,"OA Fasanmade, SO Iwuala, OO Fasanmade, T Lawal…","Prevalence of obesity in a group of medical students at the CMUL, Lagos in 2013",2013,"","ir.unilag.edu.ng","https://ir.unilag.edu.ng/handle/123456789/8904","",62,"2021-07-17 18:35:28","","","","",,,,,0,0.00,0,5,8,"… The mean waist circumference was 75.64 + 8.77cm. Of the students 2 were obese and 13 overweight. Thus 85% had normal weights. Discussion Obesity and overweight though not common in developing countries like Nigeria is increasing steadily and this is what is fueling …","",""
0,"A Pranita, AV Phadke, AR Joshi","Study of Fasting Plasma Glucose Level in Relation with Waist Circumference & Waist to Hip Ratio in the Women Aged between 45-49 Yrs.",2013,"Indian Journal of Public Health …","researchgate.net","https://www.researchgate.net/profile/Purushottam-Giri/publication/274001778_Grim_Face_of_Maternal_Mortality_at_Tertiary_Care_Hospital_of_Rural_India_A_16_Years_Study/links/5fede3cc299bf1408860dbe2/Grim-Face-of-Maternal-Mortality-at-Tertiary-Care-Hospital-of-Rural-India-A-16-Years-Study.pdf#page=170","",63,"2021-07-17 18:35:28","PDF","","","",,,,,0,0.00,0,3,8,"… 13. Ike S. Okosun, Richard S. Cooper, Charles N. Rotimi. Association of Waist Circumference with risk of Hypertension and Type 2Diabetes in Nigerians, Jamaicans, and African Americans Diabetes Care, 1998; 21: 1836-1842. 14 …","https://www.researchgate.net/profile/Purushottam-Giri/publication/274001778_Grim_Face_of_Maternal_Mortality_at_Tertiary_Care_Hospital_of_Rural_India_A_16_Years_Study/links/5fede3cc299bf1408860dbe2/Grim-Face-of-Maternal-Mortality-at-Tertiary-Care-Hospital-of-Rural-India-A-16-Years-Study.pdf#page=170","https://scholar.google.com/scholar?q=related:DN2NaW5BBNcJ:scholar.google.com/&scioq=%22waist+circumference%22+nigeria&hl=en&as_sdt=0,5&as_ylo=2013&as_yhi=2013&as_vis=1"
20,"ST Dodiyi-Manuel, MR Akpa…","Left ventricular dysfunction in normotensive type II diabetic patients in Port Harcourt, Nigeria",2013,"Vascular health and risk …","ncbi.nlm.nih.gov","https://www.ncbi.nlm.nih.gov/pmc/articles/PMC3792947/","https://scholar.google.com/scholar?cites=14978900426806082133&as_sdt=2005&sciodt=0,5&hl=en",64,"2021-07-17 18:35:28","HTML","","","",,,,,20,2.50,7,3,8,"… the prevalence of left ventricular dysfunction in diabetic patients and to compare it with that of healthy adult Nigerians in Port Harcourt, southern Nigeria … Waist circumference was taken at the part of the trunk located midway between the costal margin and the iliac crests with …","https://www.ncbi.nlm.nih.gov/pmc/articles/PMC3792947/","https://scholar.google.com/scholar?q=related:VTq5mZO-388J:scholar.google.com/&scioq=%22waist+circumference%22+nigeria&hl=en&as_sdt=0,5&as_ylo=2013&as_yhi=2013&as_vis=1"
20,"OA Oluwasogo, OB Fagbemi","Prevalence and risk factors of Schistosoma haematobium infections among primary school children in Igbokuta Village, Ikorodu North Local Government, Lagos …",2013,"J Nurs Health Sci","academia.edu","https://www.academia.edu/download/48183816/J0266268_DR_OLALUBI_SCHISTO_MANUSCRIPT.pdf","https://scholar.google.com/scholar?cites=12494216929745022274&as_sdt=2005&sciodt=0,5&hl=en",65,"2021-07-17 18:35:28","PDF","","","",,,,,20,2.50,10,2,8,"… 2). There was no significant difference in the mean age, height and waist circumference of the … anaemia prevalence one year after a single dose of praziquantel in Nigerian school children … D: Prevalence of schistosomiasis in the former Zuru Emirate Council, Kebbi State, Nigeria …","https://www.academia.edu/download/48183816/J0266268_DR_OLALUBI_SCHISTO_MANUSCRIPT.pdf","https://scholar.google.com/scholar?q=related:Qq0ftBlgZK0J:scholar.google.com/&scioq=%22waist+circumference%22+nigeria&hl=en&as_sdt=0,5&as_ylo=2013&as_yhi=2013&as_vis=1"
13,"O Okoye, L Ojogwu, E Unuigbe, E Oviasu","Frequency and risk factors of contrast-induced nephropathy after contrast procedures in a Nigerian tertiary centre",2013,"West African journal of medicine","ajol.info","https://www.ajol.info/index.php/wajm/article/view/112611","https://scholar.google.com/scholar?cites=2753146049265579523&as_sdt=2005&sciodt=0,5&hl=en",66,"2021-07-17 18:35:28","","","","",,,,,13,1.63,3,4,8,"… Packed cell volume; SD, Standard deviation; UBTH, University of Benin Teaching Hospital; WC, Waist Circumference; WHR, Waist … Procedures in a Nigerian Tertiary Centre … néphropathie induite par les produits de contraste après examens dans un Centre Tertiaire du Nigeria …","https://www.ajol.info/index.php/wajm/article/download/112611/102361","https://scholar.google.com/scholar?q=related:A7Y-ub4jNSYJ:scholar.google.com/&scioq=%22waist+circumference%22+nigeria&hl=en&as_sdt=0,5&as_ylo=2013&as_yhi=2013&as_vis=1"
67,"FA Ujunwa, AN Ikefuna, ARC Nwokocha…","Hypertension and prehypertension among adolescents in secondary schools in Enugu, South East Nigeria",2013,"Italian Journal of …","Springer","https://link.springer.com/article/10.1186/1824-7288-39-70","https://scholar.google.com/scholar?cites=10056739263726209578&as_sdt=2005&sciodt=0,5&hl=en",67,"2021-07-17 18:35:28","HTML","10.1186/1824-7288-39-70","","",,,,,67,8.38,17,4,8,"… In addition greater body mass index and waist circumference noted in females may have contributed to … when compared to a rate of 3.3% obtained in Southwest of Nigeria [21] though … documented prevalence rate of adolescent hypertension of 1-13% in Nigerian adolescents [21 …","https://link.springer.com/article/10.1186/1824-7288-39-70","https://scholar.google.com/scholar?q=related:Ksof1RO3kIsJ:scholar.google.com/&scioq=%22waist+circumference%22+nigeria&hl=en&as_sdt=0,5&as_ylo=2013&as_yhi=2013&as_vis=1"
22,"A Nadeem, AK Naveed, MM Hussain, SI Raza","Cut-off values of anthropometric indices to determine insulin resistance in Pakistani adults",2013,"Age (years)","jpma.org.pk","https://www.jpma.org.pk/PdfDownload/4892.pdf","https://scholar.google.com/scholar?cites=1702199008910618256&as_sdt=2005&sciodt=0,5&hl=en",68,"2021-07-17 18:35:28","PDF","","","",,,,,22,2.75,6,4,8,"… Eur Clin Nutr 2010; 64:30-4. 21. Okosun IS, Cooper RS, Rotimi CN, Osotimehin B, Forrester T. Association of waist circumference with risk of hypertension and type 2 diabetes in Nigerians, Jamaicans and African-Americans. Diabetes Care 1998; 21:1836-42. 22 …","https://www.jpma.org.pk/PdfDownload/4892.pdf","https://scholar.google.com/scholar?q=related:kK4j3_psnxcJ:scholar.google.com/&scioq=%22waist+circumference%22+nigeria&hl=en&as_sdt=0,5&as_ylo=2013&as_yhi=2013&as_vis=1"
11,"I Lisko, K Tiainen, S Stenholm, T Luukkaala…","Are body mass index, waist circumference and waist-to-hip ratio associated with leptin in 90-year-old people?",2013,"European journal of …","nature.com","https://www.nature.com/articles/ejcn201339","https://scholar.google.com/scholar?cites=8278775112930763078&as_sdt=2005&sciodt=0,5&hl=en",69,"2021-07-17 18:35:28","HTML","","","",,,,,11,1.38,2,5,8,"Are body mass index, waist circumference and waist-to-hip ratio associated with leptin in 90-year-old people? Download PDF. Published: 27 February 2013. Are body mass index, waist circumference and waist-to-hip ratio associated with leptin in 90-year-old people …","https://www.nature.com/articles/ejcn201339","https://scholar.google.com/scholar?q=related:RiGVNRoe5HIJ:scholar.google.com/&scioq=%22waist+circumference%22+nigeria&hl=en&as_sdt=0,5&as_ylo=2013&as_yhi=2013&as_vis=1"
0,"OA Fasanmade, A Akinkugbe, CO Amira…","Rarity of diabetes mellitus and high prevalence of hypertension in a rural west African Village",2013,"","196.45.48.59","http://196.45.48.59:8080/handle/123456789/8903","",70,"2021-07-17 18:35:28","","","","",,,,,0,0.00,0,4,8,"… Aims: To describe prevalence patterns of common non communicable diseases in a rural, coastal Nigerian community with a view to … Their mean weight was 65.4 + 14.7kg, mean height 162.1 + 8.25cm, waist circumference was 85.38 + 11.95cm, hip circumference 97.33 + 11.31 …","",""
41,"OB Ozoh, NU Okubadejo, MO Akanbi…","High-risk of obstructive sleep apnea and excessive daytime sleepiness among commercial intra-city drivers in Lagos metropolis",2013,"Nigerian medical …","ncbi.nlm.nih.gov","https://www.ncbi.nlm.nih.gov/pmc/articles/PMC3821221/","https://scholar.google.com/scholar?cites=12806352219295588249&as_sdt=2005&sciodt=0,5&hl=en",71,"2021-07-17 18:35:28","HTML","","","",,,,,41,5.13,10,4,8,"… E-mail: moc.oohay@hozouju. Copyright : © Nigerian Medical Journal. This is an open … The burden of OSA in commercial drivers in Lagos, Nigeria, has not been … using standard procedures, and included weight (kilograms), height (metres), waist circumference (centimetres), and …","https://www.ncbi.nlm.nih.gov/pmc/articles/PMC3821221/","https://scholar.google.com/scholar?q=related:mR-mE35NubEJ:scholar.google.com/&scioq=%22waist+circumference%22+nigeria&hl=en&as_sdt=0,5&as_ylo=2013&as_yhi=2013&as_vis=1"
2,"BO Emma-Okon, AA Onayade…","Metabolic syndrome in an elite African community",2013,"African …","africanjournalofdiabetesmedicine …","https://www.africanjournalofdiabetesmedicine.com/articles/AJDM%20Nov%20pp%2042-44.pdf","https://scholar.google.com/scholar?cites=12526788726183910246&as_sdt=2005&sciodt=0,5&hl=en",72,"2021-07-17 18:35:28","PDF","","","",,,,,2,0.25,1,3,8,"… of Chemical Pathology, all at the College of Health Sciences, Obafemi Awolowo University, Ile-Ife, Nigeria … was carried out to determine the prevalence of metabolic syndrome in an elite Nigerian community and … Blood pressure, BMI and waist circumference were also measured …","https://www.africanjournalofdiabetesmedicine.com/articles/AJDM%20Nov%20pp%2042-44.pdf","https://scholar.google.com/scholar?q=related:ZluPCPoX2K0J:scholar.google.com/&scioq=%22waist+circumference%22+nigeria&hl=en&as_sdt=0,5&as_ylo=2013&as_yhi=2013&as_vis=1"
4,"EM Umuerri, VA Josephs…","Determination of lower extremity peripheral artery disease: the role for automated oscillometric measurement of ankle brachial index in Nigerians",2013,"The Nigerian …","researchgate.net","https://www.researchgate.net/profile/Ejiroghene-Umuerri/publication/260841983_Determination_of_lower_extremity_peripheral_artery_disease_The_role_for_automated_Oscillometric_measurement_of_ankle_brachial_index_in_Nigerians/links/59efb788a6fdcce2096dc547/Determination-of-lower-extremity-peripheral-artery-disease-The-role-for-automated-Oscillometric-measurement-of-ankle-brachial-index-in-Nigerians.pdf","https://scholar.google.com/scholar?cites=18059843331611027883&as_sdt=2005&sciodt=0,5&hl=en",73,"2021-07-17 18:35:28","PDF","","","",,,,,4,0.50,1,3,8,"… 57.6 ± 1.06 0.110 BMI (kg/m2) 29.0 ± 0.47 26.5 ± 0.58 30.2 ± 0.62 0.667 Waist Circumference (cm) 97.2 … The prevalence of peripheral arterial disease in diabetic subjects in southwest Nigeria … Ajani M. The Foot at Risk in Nigerians with Diabetes Mellitus – The Nigerian Scenario …","https://www.researchgate.net/profile/Ejiroghene-Umuerri/publication/260841983_Determination_of_lower_extremity_peripheral_artery_disease_The_role_for_automated_Oscillometric_measurement_of_ankle_brachial_index_in_Nigerians/links/59efb788a6fdcce2096dc547/Determination-of-lower-extremity-peripheral-artery-disease-The-role-for-automated-Oscillometric-measurement-of-ankle-brachial-index-in-Nigerians.pdf","https://scholar.google.com/scholar?q=related:q-nhL9NzofoJ:scholar.google.com/&scioq=%22waist+circumference%22+nigeria&hl=en&as_sdt=0,5&as_ylo=2013&as_yhi=2013&as_vis=1"
69,"S Muhammad, MU Sani…","Cardiovascular disease risk factors among HIV-infected Nigerians receiving highly active antiretroviral therapy",2013,"Nigerian medical journal …","ncbi.nlm.nih.gov","https://www.ncbi.nlm.nih.gov/pmc/articles/PMC3719245/","https://scholar.google.com/scholar?cites=13635429190301743972&as_sdt=2005&sciodt=0,5&hl=en",74,"2021-07-17 18:35:28","HTML","","","",,,,,69,8.63,23,3,8,"… E-mail: moc.oohay@duomhaminas. Copyright : © Nigerian Medical Journal. This is an open-access article … the CV risks profile of HIV/AIDS patients at a health facility in Kano, Nigeria … 11 Patients were said to have increased waist circumference (WC) according to the NCEP ATP …","https://www.ncbi.nlm.nih.gov/pmc/articles/PMC3719245/","https://scholar.google.com/scholar?q=related:ZHvt35rGOr0J:scholar.google.com/&scioq=%22waist+circumference%22+nigeria&hl=en&as_sdt=0,5&as_ylo=2013&as_yhi=2013&as_vis=1"
25,"MM Ahmad, H Ahmed, K Airede","Body mass index among school adolescents in Sokoto, North-Western Nigeria",2013,"Sahel Medical Journal","smjonline.org","https://www.smjonline.org/article.asp?issn=1118-8561;year=2013;volume=16;issue=1;spage=5;epage=9;aulast=Ahmad","https://scholar.google.com/scholar?cites=9987867438820765167&as_sdt=2005&sciodt=0,5&hl=en",75,"2021-07-17 18:35:28","HTML","","","",,,,,25,3.13,8,3,8,"… Furthermore, assessment of body fat distribution by measurement of waist circumference, waist-to-hip ratio, or skin fold thickness at different sites … Profile of body mass index and obesity in Nigerian children and adolescents … Obesity in Nigeria: Current trends and management …","https://www.smjonline.org/article.asp?issn=1118-8561;year=2013;volume=16;issue=1;spage=5;epage=9;aulast=Ahmad","https://scholar.google.com/scholar?q=related:7y2agoQInIoJ:scholar.google.com/&scioq=%22waist+circumference%22+nigeria&hl=en&as_sdt=0,5&as_ylo=2013&as_yhi=2013&as_vis=1"
3,"UE Ekrikpo, EE Effa, EE Akpan","Ectopic thoracic kidney and end-stage renal disease in a 38-year-old nigerian",2013,"Case reports in nephrology","hindawi.com","https://www.hindawi.com/journals/crin/2013/158494/","https://scholar.google.com/scholar?cites=12823172547542167843&as_sdt=2005&sciodt=0,5&hl=en",76,"2021-07-17 18:35:28","HTML","","","",,,,,3,0.38,1,3,8,"… very rare anomalies and constitute less than 5% of renal ectopias [2–4]. In Nigeria, only one … Here we report a case of a 38-year-old Nigerian female with a left intrathoracic … Waist circumference was 78cm, hip circumference 80cm, and a body mass index (BMI) 23.8 kg/m 2 . Her …","https://www.hindawi.com/journals/crin/2013/158494/","https://scholar.google.com/scholar?q=related:I7HK7X0P9bEJ:scholar.google.com/&scioq=%22waist+circumference%22+nigeria&hl=en&as_sdt=0,5&as_ylo=2013&as_yhi=2013&as_vis=1"
4,"PM Kharal, PN Prasad, RP Acharya","Gross correlation between waist hip ratio and blood sugar level in a village",2013,"Age (years)","researchgate.net","https://www.researchgate.net/profile/Ramesh-Aacharya/publication/327828515_Gross_corelation_between_waist_hip_ration_and_random_blood_sugar_level_in_Thami_tribe_of_Dolakha_district_in_Nepal/links/5bd1604f92851cabf265c53c/Gross-corelation-between-waist-hip-ration-and-random-blood-sugar-level-in-Thami-tribe-of-Dolakha-district-in-Nepal.pdf","https://scholar.google.com/scholar?cites=7412839419779905929&as_sdt=2005&sciodt=0,5&hl=en",77,"2021-07-17 18:35:28","PDF","","","",,,,,4,0.50,1,3,8,"… body mass index.9 Another study by Oboh HA and Adedeji AA in Nigeria also showed … S, Bhate A, Mukherji A, Chandrakar S. Correlation of Blood sugar with waist circumference and Body … waist hip ratio and waist height ratio to cardiovascular risk factors in a Nigerian population …","https://www.researchgate.net/profile/Ramesh-Aacharya/publication/327828515_Gross_corelation_between_waist_hip_ration_and_random_blood_sugar_level_in_Thami_tribe_of_Dolakha_district_in_Nepal/links/5bd1604f92851cabf265c53c/Gross-corelation-between-waist-hip-ration-and-random-blood-sugar-level-in-Thami-tribe-of-Dolakha-district-in-Nepal.pdf","https://scholar.google.com/scholar?q=related:iXn-aC2y32YJ:scholar.google.com/&scioq=%22waist+circumference%22+nigeria&hl=en&as_sdt=0,5&as_ylo=2013&as_yhi=2013&as_vis=1"
25,"FA Maruf, AO Akinpelu…","Self‐Reported Quality of Life Before and After Aerobic Exercise Training in Individuals with Hypertension: A Randomised‐Controlled Trial",2013,"Applied Psychology: Health …","Wiley Online Library","https://iaap-journals.onlinelibrary.wiley.com/doi/abs/10.1111/aphw.12005","https://scholar.google.com/scholar?cites=12645871814466916421&as_sdt=2005&sciodt=0,5&hl=en",78,"2021-07-17 18:35:28","","10.1111/aphw.12005","","",,,,,25,3.13,8,3,8,"… University of Ibadan, Nigeria … This study investigated the effects of AET on QoL and exercise capacity in Nigerians on treatment for essential … The participants were assessed for BP, adiposity (waist circumference, per cent body fat and body weight), exercise capacity, and QoL at …","","https://scholar.google.com/scholar?q=related:RdBsIGopf68J:scholar.google.com/&scioq=%22waist+circumference%22+nigeria&hl=en&as_sdt=0,5&as_ylo=2013&as_yhi=2013&as_vis=1"
363,"AD Colosia, R Palencia, S Khan","Prevalence of hypertension and obesity in patients with type 2 diabetes mellitus in observational studies: a systematic literature review",2013,"Diabetes, metabolic syndrome …","ncbi.nlm.nih.gov","https://www.ncbi.nlm.nih.gov/pmc/articles/pmc3785394/","https://scholar.google.com/scholar?cites=15178661807980500550&as_sdt=2005&sciodt=0,5&hl=en",79,"2021-07-17 18:35:28","HTML","","","",,,,,363,45.38,121,3,8,"… Obesity rates exceeded 30% in 38 of 44 studies and 50% in 14 of 44 studies, especially those assessing central obesity (based on waist circumference) … Keywords: epidemiology, waist circumference, blood pressure, body mass index, T2DM. Introduction …","https://www.ncbi.nlm.nih.gov/pmc/articles/pmc3785394/","https://scholar.google.com/scholar?q=related:RlZ3jn5wpdIJ:scholar.google.com/&scioq=%22waist+circumference%22+nigeria&hl=en&as_sdt=0,5&as_ylo=2013&as_yhi=2013&as_vis=1"
2,"A Alhaj","Relationship of Body Mass Index with lipid profile among teaching staff at the Higher Institute of Health Sciences, Sana'a",2013,"Yemeni Journal for Medical Sciences","ust.edu","http://ust.edu/ojs/index.php/yjmp/article/view/31","https://scholar.google.com/scholar?cites=16804665266333541828&as_sdt=2005&sciodt=0,5&hl=en",80,"2021-07-17 18:35:28","HTML","","","",,,,,2,0.25,2,1,8,"… Waist circumference, waist-hip ratio and body mass index and their correlation with cardiovascular disease risk factors in Australian adults. J Intern Med 2003; 254:555-63. 14. Akpa Mr, Agomouh Dl, Alasia DD. Lipid profile of healthy adult Nigerians in Port Harcourt, Nigeria …","http://ust.edu/ojs/index.php/yjmp/article/view/31","https://scholar.google.com/scholar?q=related:xOUnWQYqNukJ:scholar.google.com/&scioq=%22waist+circumference%22+nigeria&hl=en&as_sdt=0,5&as_ylo=2013&as_yhi=2013&as_vis=1"
1,"S Grey","Health risks, nutrition assessments and disease prevalence among African immigrant Groups in Atlanta Georgia",2013,"","scholarworks.gsu.edu","https://scholarworks.gsu.edu/nutrition_theses/48/","https://scholar.google.com/scholar?cites=11815536572283863183&as_sdt=2005&sciodt=0,5&hl=en",81,"2021-07-17 18:35:28","","","","",,,,,1,0.13,1,1,8,"… inches (102 cm), and a non-pregnant woman with a waist circumference that is more than … a lower prevalence of overweight and obesity in African countries like Nigeria, Ghana and Kenya … the prevalence of overweight and obesity in Nigerian women is 22.1 and 6.0 percent …","https://scholarworks.gsu.edu/cgi/viewcontent.cgi?article=1047&context=nutrition_theses","https://scholar.google.com/scholar?q=related:j8CdPek3-aMJ:scholar.google.com/&scioq=%22waist+circumference%22+nigeria&hl=en&as_sdt=0,5&as_ylo=2013&as_yhi=2013&as_vis=1"
33,"SN Akarolo-Anthony, FO Odubore, S Yilme…","Pattern of dietary carbohydrate intake among urbanized adult Nigerians",2013,"… journal of food …","Taylor & Francis","https://www.tandfonline.com/doi/abs/10.3109/09637486.2012.746290","https://scholar.google.com/scholar?cites=3318350129654991751&as_sdt=2005&sciodt=0,5&hl=en",82,"2021-07-17 18:35:28","","10.3109/09637486.2012.746290","","",,,,,33,4.13,8,4,8,"… The mean waist circumference was 76.9 ± 25.7 cm (women 81.6 ± 23.0 cm; men 74.0 ± 26.9 cm) and mean hip … Our study population is, however, more educated than the average Nigerian population, but is similar to the typical urban population in Nigeria (NPC and ICF …","https://www.ncbi.nlm.nih.gov/pmc/articles/PMC3622806/","https://scholar.google.com/scholar?q=related:hwt1jtwlDS4J:scholar.google.com/&scioq=%22waist+circumference%22+nigeria&hl=en&as_sdt=0,5&as_ylo=2013&as_yhi=2013&as_vis=1"
26,"J Jao, M Wong, RB Van Dyke, M Geffner…","Gestational diabetes mellitus in HIV-infected and-uninfected pregnant women in Cameroon",2013,"Diabetes …","Am Diabetes Assoc","https://care.diabetesjournals.org/content/36/9/e141.short","https://scholar.google.com/scholar?cites=9609768954735900102&as_sdt=2005&sciodt=0,5&hl=en",83,"2021-07-17 18:35:28","","","","",,,,,26,3.25,5,5,8,"","https://care.diabetesjournals.org/content/diacare/36/9/e141.full.pdf","https://scholar.google.com/scholar?q=related:xjWcGPPBXIUJ:scholar.google.com/&scioq=%22waist+circumference%22+nigeria&hl=en&as_sdt=0,5&as_ylo=2013&as_yhi=2013&as_vis=1"
1,"OS Ogah, AO Falase","Intracranial atherosclerotic disease in Nigeria: Any relationship with rising stroke burden in the country?",2013,"Nigerian Journal of Cardiology","nigjcardiol.org","https://www.nigjcardiol.org/tocd.asp?2013/10/2/45/126997/1","https://scholar.google.com/scholar?cites=12500918012225376756&as_sdt=2005&sciodt=0,5&hl=en",84,"2021-07-17 18:35:28","","","","",,,,,1,0.13,1,2,8,"… 70% had at least one risk factor for atherosclerosis such as age, increased waist circumference, and abdominal … stroke in an African City: Results from the Stroke Registry at Ibadan, Nigeria, 1973-1975 … Nigerian Journal of Cardiology | Published by Wolters Kluwer - Medknow …","https://www.researchgate.net/profile/Okechukwu-Ogah-2/publication/270687016_Intracranial_atherosclerotic_disease_in_Nigeria_Any_relationship_with_rising_stroke_burden_in_the_country/links/54b703c40cf2e68eb28009dd/Intracranial-atherosclerotic-disease-in-Nigeria-Any-relationship-with-rising-stroke-burden-in-the-country.pdf","https://scholar.google.com/scholar?q=related:9NH5DLMufK0J:scholar.google.com/&scioq=%22waist+circumference%22+nigeria&hl=en&as_sdt=0,5&as_ylo=2013&as_yhi=2013&as_vis=1"
269,"BM Popkin, MM Slining","New dynamics in global obesity facing low‐and middle‐income countries",2013,"Obesity reviews","Wiley Online Library","https://onlinelibrary.wiley.com/doi/abs/10.1111/obr.12102","https://scholar.google.com/scholar?cites=11636571057871011705&as_sdt=2005&sciodt=0,5&hl=en",85,"2021-07-17 18:35:28","","10.1111/obr.12102","","",,,,,269,33.63,135,2,8,"… Furthermore we highlight a major new concern in LMICs, document- ing waist circumference increases of 2–4 cm at the same BMI (eg 25) over an 18-year period … Keywords: Low- and middle-income countries, obesity prevalence, obesity trends, waist circumference …","https://onlinelibrary.wiley.com/doi/pdf/10.1111/obr.12102","https://scholar.google.com/scholar?q=related:eT_-U7lnfaEJ:scholar.google.com/&scioq=%22waist+circumference%22+nigeria&hl=en&as_sdt=0,5&as_ylo=2013&as_yhi=2013&as_vis=1"
56,"A Adeyemo, BO Tayo, A Luke, O Ogedegbe…","The Nigerian anti-hypertensive adherence trial (NA-HAT): a community-based randomized trial",2013,"Journal of …","ncbi.nlm.nih.gov","https://www.ncbi.nlm.nih.gov/pmc/articles/PMC3530610/","https://scholar.google.com/scholar?cites=12259937897427290651&as_sdt=2005&sciodt=0,5&hl=en",86,"2021-07-17 18:35:28","HTML","","","",,,,,56,7.00,11,5,8,"… The Nigerian Anti-Hypertensive Adherence Trial (NA-HAT): A Community-Based Randomized Trial … boards at Loyola University Medical Center in the US and the University of Ibadan in Nigeria … Waist circumference (cm), 75.8 (8.6), 76.4 (8.5), 0.541, 81.1 (9.5), 82.0 (10.6), 0.466 …","https://www.ncbi.nlm.nih.gov/pmc/articles/PMC3530610/","https://scholar.google.com/scholar?q=related:G8qA0I8MJKoJ:scholar.google.com/&scioq=%22waist+circumference%22+nigeria&hl=en&as_sdt=0,5&as_ylo=2013&as_yhi=2013&as_vis=1"
4,"AY Oyeyemi, AA Rufa'i, LL Aliyu","Low back pain incident, anthropometric characteristics and activities of daily living in pregnant women in a teaching hospital center antenatal clinic",2013,"Tropical Journal of Obstetrics and …","ajol.info","https://www.ajol.info/index.php/tjog/article/view/99810","https://scholar.google.com/scholar?cites=14620142785177632391&as_sdt=2005&sciodt=0,5&hl=en",87,"2021-07-17 18:35:28","","","","",,,,,4,0.50,1,3,8,"… Maiduguri, Nigeria. ABSTRACT … and anthropometric characteristics including weight, height, BMI, waist circumference, hip circumference and waist-hip ratio among pregnant women … born children among pregnant women in a Nigerian population is unavailable. The aim of …","https://www.ajol.info/index.php/tjog/article/download/99810/89079","https://scholar.google.com/scholar?q=related:h74A_GYu5coJ:scholar.google.com/&scioq=%22waist+circumference%22+nigeria&hl=en&as_sdt=0,5&as_ylo=2013&as_yhi=2013&as_vis=1"
11,"C Eze, I Onwuekwe, A Ogunniyi","The frequency and pattern of cardiac autonomic neuropathy (CAN) in type 2 dm patients in a diabetic clinic in Enugu south-east Nigeria",2013,"Niger J Med","academia.edu","https://www.academia.edu/download/31827079/THE_FREQUENCY_AND_PATTERN_OF_CARDIAC.pdf","https://scholar.google.com/scholar?cites=6496879816009683360&as_sdt=2005&sciodt=0,5&hl=en",88,"2021-07-17 18:35:28","PDF","","","",,,,,11,1.38,4,3,8,"… 01129 Enugu, Nigeria E-mail: drezeconauth@yahoo.com, Telephone: +2347033432117 24 Nigerian Journal of Medicine, Vol. 22 No. 1, January - March, 2013, ISSN 1115 - 2613 Page 2. sweating etc. Anthropometric data were obtained (height, weight, waist circumference, hip …","https://www.academia.edu/download/31827079/THE_FREQUENCY_AND_PATTERN_OF_CARDIAC.pdf","https://scholar.google.com/scholar?q=related:oJGpTcWNKVoJ:scholar.google.com/&scioq=%22waist+circumference%22+nigeria&hl=en&as_sdt=0,5&as_ylo=2013&as_yhi=2013&as_vis=1"
15,"K Uwanuruochi, OJ Ukpabi, CN Onwuta…","Cardiovascular risk factors in adult staff of Federal Medical Centre, Umuahia: a comparison with other Nigerian studies",2013,"West Afr J …","researchgate.net","https://www.researchgate.net/profile/Kelechukwu-Uwanuruochi/publication/260040732_Cardiovascular_Risk_Factors_in_Adult_Staff_of_Federal_Medical_Centre_UmuahiaA_Comparison_with_other_Nigerian_Studies/links/5a9c5806a6fdcc3cbacd529c/Cardiovascular-Risk-Factors-in-Adult-Staff-of-Federal-Medical-Centre-UmuahiaA-Comparison-with-other-Nigerian-Studies.pdf","https://scholar.google.com/scholar?cites=9925884965449123781&as_sdt=2005&sciodt=0,5&hl=en",89,"2021-07-17 18:35:28","PDF","","","",,,,,15,1.88,4,4,8,"… according to recommenda- tions of WHO STEPS protocol.11 The waist circumference was taken … R. Lipid abnormalities: A case study of Ahmadu Bello University Teaching Hospital, Zaria, Nigeria … J, Udeozo K. Serum cholesterol and high density lipoprotein in Nigerian diabetics …","https://www.researchgate.net/profile/Kelechukwu-Uwanuruochi/publication/260040732_Cardiovascular_Risk_Factors_in_Adult_Staff_of_Federal_Medical_Centre_UmuahiaA_Comparison_with_other_Nigerian_Studies/links/5a9c5806a6fdcc3cbacd529c/Cardiovascular-Risk-Factors-in-Adult-Staff-of-Federal-Medical-Centre-UmuahiaA-Comparison-with-other-Nigerian-Studies.pdf","https://scholar.google.com/scholar?q=related:xUf8VsnTv4kJ:scholar.google.com/&scioq=%22waist+circumference%22+nigeria&hl=en&as_sdt=0,5&as_ylo=2013&as_yhi=2013&as_vis=1"
0,"AA AKINREMI","EFFECTS OF A 12-WEEK EXERCISE PROGRAMME ON ABDOMINAL ADIPOSITY, SELECTED CARDIORESPIRATORY INDICES AND QUALITYOF LIFE IN …",2013,"","41.184.122.20","http://41.184.122.20/handle/123456789/217","",90,"2021-07-17 18:35:28","","","","",,,,,0,0.00,0,1,8,"… University of Ibadan, Nigeria … Adiposity indices- Waist Circumference (WC), Waist-to-Hip Ratio (WHR), Sum of Abdominal Skinfold (SAS); Cardiorespiratory indices- Systolic Blood Pressure (SBP), Diastolic Blood Pressure (DBP), Heart Rate (HR), Forced Vital Capacity (FVC …","http://41.184.122.20/bitstream/123456789/217/1/AKINREMI%2C%20A.%20A..pdf","https://scholar.google.com/scholar?q=related:1PxlEs03Pr8J:scholar.google.com/&scioq=%22waist+circumference%22+nigeria&hl=en&as_sdt=0,5&as_ylo=2013&as_yhi=2013&as_vis=1"
18,"FA Maruf, AO Akinpelu, BL Salako","Effects of aerobic exercise and drug therapy on blood pressure and antihypertensive drugs: a randomized controlled trial",2013,"African health sciences","ajol.info","https://www.ajol.info/index.php/ahs/article/view/87267","https://scholar.google.com/scholar?cites=13026301508528553521&as_sdt=2005&sciodt=0,5&hl=en",91,"2021-07-17 18:35:28","","","","",,,,,18,2.25,6,3,8,"… Waist circumference (cm) 97.36±12.77 92.61±11.44 0.129 … Awareness of hypertension and its determinants among hypertensive patients in a Nigerian University Teaching … Physician's prescribing of antihypertensive combination in a tertiary care setting in southwestern Nigeria …","https://www.ajol.info/index.php/ahs/article/view/87267/77818","https://scholar.google.com/scholar?q=related:Mb76qDS4xrQJ:scholar.google.com/&scioq=%22waist+circumference%22+nigeria&hl=en&as_sdt=0,5&as_ylo=2013&as_yhi=2013&as_vis=1"
26,"AO Edward, AA Oladayo, AS Omolola…","Prevalence of traditional cardiovascular risk factors and evaluation of cardiovascular risk using three risk equations in Nigerians living with human …",2013,"… American journal of …","ncbi.nlm.nih.gov","https://www.ncbi.nlm.nih.gov/pmc/articles/PMC3877529/","https://scholar.google.com/scholar?cites=16450953459601846918&as_sdt=2005&sciodt=0,5&hl=en",92,"2021-07-17 18:35:28","HTML","","","",,,,,26,3.25,7,4,8,"… was calculated from weight (kg)/height 2 (m 2 ).[34] The waist circumference (WC) in … Previous reports from Nigeria have documented a low prevalence of coronary heart disease[40] though … studies.[9] Fifth, the risk equations were not developed in the Nigerian population and an …","https://www.ncbi.nlm.nih.gov/pmc/articles/PMC3877529/","https://scholar.google.com/scholar?q=related:hjINuAKHTeQJ:scholar.google.com/&scioq=%22waist+circumference%22+nigeria&hl=en&as_sdt=0,5&as_ylo=2013&as_yhi=2013&as_vis=1"
46,"C Agyemang, M Nicolaou, L Boateng…","Prevalence, awareness, treatment, and control of hypertension among Ghanaian population in Amsterdam, the Netherlands: the GHAIA study",2013,"European journal of …","academic.oup.com","https://academic.oup.com/eurjpc/article-abstract/20/6/938/5928032","https://scholar.google.com/scholar?cites=11245133897093246932&as_sdt=2005&sciodt=0,5&hl=en",93,"2021-07-17 18:35:28","","","","",,,,,46,5.75,12,4,8,"… 19 Most Ghanaians in the Netherlands came in the 1970s and 1980s due to economic downturn in Ghana and Nigeria, where many were working … 2 ). Overweight was defined as BMI ≥25 kg/m 2 and obesity was defined as BMI ≥30 kg/m 2 . Waist circumference was measured …","https://www.academia.edu/download/39472997/Prevalence_awareness_treatment_and_contr20151027-28015-wtidh9.pdf","https://scholar.google.com/scholar?q=related:1G_yO7O9DpwJ:scholar.google.com/&scioq=%22waist+circumference%22+nigeria&hl=en&as_sdt=0,5&as_ylo=2013&as_yhi=2013&as_vis=1"
20,"SE Lee, JY Yang, JH Lee, HW Kim, HS Kim…","Relationship of age at menarche on anthropometric index and menstrual irregularity in late adolescent girls in Seoul",2013,"Annals of pediatric …","ncbi.nlm.nih.gov","https://www.ncbi.nlm.nih.gov/pmc/articles/PMC4027074/","https://scholar.google.com/scholar?cites=5300459478033458362&as_sdt=2005&sciodt=0,5&hl=en",94,"2021-07-17 18:35:28","HTML","","","",,,,,20,2.50,3,6,8,"… Participants were offered self-report questionnaire as a survey tool that included questions on anthropometric indices (height, weight, waist circumference), menarcheal age, menstrual pattern, frequency of menstruation per year. Results …","https://www.ncbi.nlm.nih.gov/pmc/articles/PMC4027074/","https://scholar.google.com/scholar?q=related:umSJ7s8Dj0kJ:scholar.google.com/&scioq=%22waist+circumference%22+nigeria&hl=en&as_sdt=0,5&as_ylo=2013&as_yhi=2013&as_vis=1"
0,"F Saladini, E Benetti, C Fania, L Mos, P Ballerini…","P3. 20 CLINICAL SIGNIFICANCE OF AMBULATORY ARTERIAL STIFFNESS INDEX (AASI) IN YOUNG STAGE 1 HYPERTENSIVE'S",2013,"Artery …","atlantis-press.com","https://www.atlantis-press.com/article/125938991.pdf","",95,"2021-07-17 18:35:28","PDF","","","",,,,,0,0.00,0,6,8,"… Results: In a univariate analysis, after adjusting for gender, age in decade, BMI and waist circumference, mean values of CAVI (8.43 … Institute, Douala School of Medicine, Douala, Cameroon 2Department of Medicine, College of Medicine, University of Nigeria Teaching Hospital …","https://www.atlantis-press.com/article/125938991.pdf",""
1,"Y Megerssa, M Gebre, S Birru, A Goshu, D Tesfaye","Prevalence of undiagnosed diabetes mellitus and its risk factors in selected institutions at Bishoftu town, East Shoa, Ethiopia. J Diabetes Metab. S12: 008",2013,"","academia.edu","https://www.academia.edu/download/36676343/Diabetes.pdf","https://scholar.google.com/scholar?cites=2307780469834309691&as_sdt=2005&sciodt=0,5&hl=en",96,"2021-07-17 18:35:28","PDF","","","",,,,,1,0.13,0,5,8,"… Waist circumference (WC) measured at the approximate midpoint between the lower margin of the last palpable rib and the top of the iliac crest using flexible plastic tape … who reported; 4.7% of undiagnosed DM among civil servants Oyo state secretariat Nigeria [18] …","https://www.academia.edu/download/36676343/Diabetes.pdf","https://scholar.google.com/scholar?q=related:O-AONBziBiAJ:scholar.google.com/&scioq=%22waist+circumference%22+nigeria&hl=en&as_sdt=0,5&as_ylo=2013&as_yhi=2013&as_vis=1"
0,"AK Nayanatara, SR Pai, SB Shetty, K Bhagyalakshmi…","Effect of abdominal obesity and serum lipid markers on cognitive functions in postmenopausal Indian women",2013,"","researchgate.net","https://www.researchgate.net/profile/Nayanatara-Kumar/publication/264836712_EFFECT_OF_ABDOMINAL_OBESITY_AND_SERUM_LIPID_MARKERS_ON_COGNITIVE_FUNCTIONS_IN_POSTMENOPAUSAL_INDIAN_WOMEN/links/53f31e810cf2dd48950c9013/EFFECT-OF-ABDOMINAL-OBESITY-AND-SERUM-LIPID-MARKERS-ON-COGNITIVE-FUNCTIONS-IN-POSTMENOPAUSAL-INDIAN-WOMEN.pdf","",97,"2021-07-17 18:35:28","PDF","","","",,,,,0,0.00,0,5,8,"… In the present study, post-menopausal obese woman had a significant increase in the waist hip ratio and waist circumference when compared to control group … profile of normal females of south east Nigeria) . Nigerian Journal Of Physiological Sciences.2005; 20 (1-2): 48-53 …","https://www.researchgate.net/profile/Nayanatara-Kumar/publication/264836712_EFFECT_OF_ABDOMINAL_OBESITY_AND_SERUM_LIPID_MARKERS_ON_COGNITIVE_FUNCTIONS_IN_POSTMENOPAUSAL_INDIAN_WOMEN/links/53f31e810cf2dd48950c9013/EFFECT-OF-ABDOMINAL-OBESITY-AND-SERUM-LIPID-MARKERS-ON-COGNITIVE-FUNCTIONS-IN-POSTMENOPAUSAL-INDIAN-WOMEN.pdf","https://scholar.google.com/scholar?q=related:J2qFI7A0A4cJ:scholar.google.com/&scioq=%22waist+circumference%22+nigeria&hl=en&as_sdt=0,5&as_ylo=2013&as_yhi=2013&as_vis=1"
2,"SO Iwuala, MA Olamoyegun, OA Fasanmade…","Bardet-biedel syndrome: a case report and a review of literature",2013,"Nigerian Endocrine …","ajol.info","https://www.ajol.info/index.php/nep/article/view/100538","https://scholar.google.com/scholar?cites=718007007445980514&as_sdt=2005&sciodt=0,5&hl=en",98,"2021-07-17 18:35:28","","","","",,,,,2,0.25,1,4,8,"… BMI-39.1kg/m 2 ), had arm span 1.23m, crown-pubis 0.73m, pubis-heel 0.70m, waist circumference 0.88m … Keywords: Biedl- Bardet syndrome, night blindness, Nigeria … 1 (2013). Section. Articles. Copyright is owned by the Nigerian Chapter of the American Association of Clinical …","","https://scholar.google.com/scholar?q=related:YhUPsZHf9gkJ:scholar.google.com/&scioq=%22waist+circumference%22+nigeria&hl=en&as_sdt=0,5&as_ylo=2013&as_yhi=2013&as_vis=1"
21,"T Badmus, C Asaleye, S Badmus, A Takure…","Benign prostate hyperplasia: average volume in southwestern Nigerians and correlation with anthropometrics",2013,"…","researchgate.net","https://www.researchgate.net/profile/Olukayode-Arowolo/publication/236675335_Benign_prostate_hyperplasia_average_volume_in_southwestern_Nigerians_and_correlation_with_anthropometrics/links/54b568690cf2318f0f985877/Benign-prostate-hyperplasia-average-volume-in-southwestern-Nigerians-and-correlation-with-anthropometrics.pdf","https://scholar.google.com/scholar?cites=7544883114410365751&as_sdt=2005&sciodt=0,5&hl=en",99,"2021-07-17 18:35:28","PDF","","","",,,,,21,2.63,4,5,8,"… the prevalent age, the average BPH volume in our immediate black community in southwestern Nigeria, and the … The Nigerian Postgraduate Medical Journal, Vol … Effect of body mass index and waist circumference on prostate specific antigen and prostate volume in a generally …","https://www.researchgate.net/profile/Olukayode-Arowolo/publication/236675335_Benign_prostate_hyperplasia_average_volume_in_southwestern_Nigerians_and_correlation_with_anthropometrics/links/54b568690cf2318f0f985877/Benign-prostate-hyperplasia-average-volume-in-southwestern-Nigerians-and-correlation-with-anthropometrics.pdf","https://scholar.google.com/scholar?q=related:N9NF0jfPtGgJ:scholar.google.com/&scioq=%22waist+circumference%22+nigeria&hl=en&as_sdt=0,5&as_ylo=2013&as_yhi=2013&as_vis=1"
24,"H Hamasaki, H Yanai, S Mishima, T Mineyama…","Correlations of non-exercise activity thermogenesis to metabolic parameters in Japanese patients with type 2 diabetes",2013,"Diabetology & metabolic …","Springer","https://link.springer.com/article/10.1186/1758-5996-5-26","https://scholar.google.com/scholar?cites=6857902220975105660&as_sdt=2005&sciodt=0,5&hl=en",100,"2021-07-17 18:35:28","HTML","10.1186/1758-5996-5-26","","",,,,,24,3.00,5,5,8,"… We studied the association of the NEAT score to body weight, waist circumference, blood pressure, glucose and lipid metabolism, and arterial stiffness. Results. The … Waist circumference, blood pressure, and arterial stiffness. Waist …","https://link.springer.com/article/10.1186/1758-5996-5-26","https://scholar.google.com/scholar?q=related:fGaVObwpLF8J:scholar.google.com/&scioq=%22waist+circumference%22+nigeria&hl=en&as_sdt=0,5&as_ylo=2013&as_yhi=2013&as_vis=1"
48,"EV Bandera, U Chandran, G Zirpoli…","Body fatness and breast cancer risk in women of African ancestry",2013,"BMC …","bmccancer.biomedcentral.com","https://bmccancer.biomedcentral.com/articles/10.1186/1471-2407-13-475","https://scholar.google.com/scholar?cites=1622712202611144791&as_sdt=2005&sciodt=0,5&hl=en",101,"2021-07-17 18:35:28","HTML","10.1186/1471-2407-13-475","","",,,,,48,6.00,12,4,8,"Obesity has been shown to be inversely associated with breast cancer risk in premenopausal women, while increasing risk in postmenopausal women. However, the current evidence is largely based on studies in Caucasian populations. Associations in women of African ancestry …","https://bmccancer.biomedcentral.com/articles/10.1186/1471-2407-13-475","https://scholar.google.com/scholar?q=related:VzhUmSYIhRYJ:scholar.google.com/&scioq=%22waist+circumference%22+nigeria&hl=en&as_sdt=0,5&as_ylo=2013&as_yhi=2013&as_vis=1"
0,"PK Dhas, G Ramani, G Kavitha, RM Aruna","Role of MAP and AIP in prediction of CVD risk in type 2 diabetic patients with and without metabolic syndrome.",2013,"Int J Biol Med Res","Citeseer","https://citeseerx.ist.psu.edu/viewdoc/download?doi=10.1.1.302.5614&rep=rep1&type=pdf","",102,"2021-07-17 18:35:28","PDF","","","",,,,,0,0.00,0,4,8,"… Waist circumference correlates with metabolic syndrome indicators better than percentage fat. Obesity (Silver Spring) … Nigerian Medical Practitioner … [27] Usoro, CAO, Adikwuru, CC, Usoro, IN and Nsonwu, AC Lipid Profile of Postmenopausal Women in Calabar, Nigeria. Pak …","https://citeseerx.ist.psu.edu/viewdoc/download?doi=10.1.1.302.5614&rep=rep1&type=pdf","https://scholar.google.com/scholar?q=related:VXDnrfI0XC8J:scholar.google.com/&scioq=%22waist+circumference%22+nigeria&hl=en&as_sdt=0,5&as_ylo=2013&as_yhi=2013&as_vis=1"
0,"KI Oke, DO Udoh","Body composition validation technique using anthropometrics surrogates in recumbent patients with standing inability: A pilot study report",2013,"Journal of Medicine and Biomedical Research","ajol.info","https://www.ajol.info/index.php/jmbr/article/view/104626","",103,"2021-07-17 18:35:28","","","","",,,,,0,0.00,0,2,8,"… X-ray absorptiometry (DEXA), body impedance analysis, near infra-red interactance method, etc, are either very limited or not available in clinical settings in Nigeria … Computed tomography and magnetic resonance imaging are both very accurate for waist circumference but are …","https://www.ajol.info/index.php/jmbr/article/download/104626/94679","https://scholar.google.com/scholar?q=related:p3-DbZnu5uUJ:scholar.google.com/&scioq=%22waist+circumference%22+nigeria&hl=en&as_sdt=0,5&as_ylo=2013&as_yhi=2013&as_vis=1"
795,"H Beltrán-Sánchez, MO Harhay, MM Harhay…","Prevalence and trends of metabolic syndrome in the adult US population, 1999–2010",2013,"Journal of the American …","jacc.org","https://www.jacc.org/doi/abs/10.1016/j.jacc.2013.05.064","https://scholar.google.com/scholar?cites=12118200331692977579&as_sdt=2005&sciodt=0,5&hl=en",104,"2021-07-17 18:35:28","","10.1016/j.jacc.2013.05.064","","",,,,,795,99.38,199,4,8,"… The biological thresholds, defined by the 2009 Joint Scientific Statement, were: 1) waist circumference ≥102 cm (males adults) and ≥88 cm (female adults); 2) fasting plasma glucose ≥100 mg/dl; 3) blood pressure of ≧130/85 mm Hg; 4) triglycerides ≥150 mg/dl; and 5) high …","https://www.sciencedirect.com/science/article/pii/S0735109713023747","https://scholar.google.com/scholar?q=related:q62UJ_9-LKgJ:scholar.google.com/&scioq=%22waist+circumference%22+nigeria&hl=en&as_sdt=0,5&as_ylo=2013&as_yhi=2013&as_vis=1"
29,"MR Elhassan, HE Gamal…","Nutrition knowledge attitude and practices among students of Ahfad University for women",2013,"Indian Journal of …","indianjournals.com","https://www.indianjournals.com/ijor.aspx?target=ijor:ijsr1&volume=4&issue=1&article=005","https://scholar.google.com/scholar?cites=10493119406110233082&as_sdt=2005&sciodt=0,5&hl=en",105,"2021-07-17 18:35:28","","","","",,,,,29,3.63,10,3,8,"… attitudes and practices, socio-demographic factors, food frequency, weight, height, waist circumference (WC) and … The majority of students were Sudanese (86.6%) ,followed by Nigerians (6%), Somalians (4.6 … 29.1 above 24 15 4.3 Ethnicity Sudanese 303 86.6 Nigerian 21 6.0 …","","https://scholar.google.com/scholar?q=related:-lH1QoEMn5EJ:scholar.google.com/&scioq=%22waist+circumference%22+nigeria&hl=en&as_sdt=0,5&as_ylo=2013&as_yhi=2013&as_vis=1"
22,"MR Bailony, R Scherzer, G Huhn…","Association of HIV infection, hepatitis C virus infection, and metabolic factors with liver stiffness measured by transient elastography",2013,"The Journal of …","academic.oup.com","https://academic.oup.com/jid/article-abstract/208/11/1776/850761","https://scholar.google.com/scholar?cites=14195056691073635555&as_sdt=2005&sciodt=0,5&hl=en",106,"2021-07-17 18:35:28","","","","",,,,,22,2.75,6,4,8,"… Among HCV positive women, waist circumference (per 10-cm increase) was associated with 18% (95% CI, 7.5%–30%) higher liver stiffness values after multivariable adjustment; waist circumference showed little association among HIV positive/HCV negative or HIV negative …","https://academic.oup.com/jid/article/208/11/1776/850761","https://scholar.google.com/scholar?q=related:49T5Fdr4_sQJ:scholar.google.com/&scioq=%22waist+circumference%22+nigeria&hl=en&as_sdt=0,5&as_ylo=2013&as_yhi=2013&as_vis=1"
19,"X Guo, L Zheng, Y Li, S Yu, X Zhou, R Wang…","Gender-specific prevalence and associated risk factors of prehypertension among rural children and adolescents in Northeast China: a cross-sectional study",2013,"European journal of …","Springer","https://link.springer.com/content/pdf/10.1007/s00431-012-1873-7.pdf","https://scholar.google.com/scholar?cites=8515745391735343523&as_sdt=2005&sciodt=0,5&hl=en",107,"2021-07-17 18:35:28","","10.1007/s00431-012-1873-7","","",,,,,19,2.38,3,7,8,"… as medians (ranges) or as n (%) BMI body mass index, WC waist circumference, SBP systolic … 2010) Variations in the prevalence of point (pre) hypertension in a Nigerian school-going … to geographic area of residence: a cross-sectional study of adolescents in Kogi state, Nigeria …","","https://scholar.google.com/scholar?q=related:owkOwFABLnYJ:scholar.google.com/&scioq=%22waist+circumference%22+nigeria&hl=en&as_sdt=0,5&as_ylo=2013&as_yhi=2013&as_vis=1"
14,"MA Charles-Davies, AA Fasanmade…","Metabolic alterations in different stages of hypertension in an apparently healthy Nigerian population",2013,"International journal of …","hindawi.com","https://www.hindawi.com/journals/ijhy/2013/351357/","https://scholar.google.com/scholar?cites=5549609472817142687&as_sdt=2005&sciodt=0,5&hl=en",108,"2021-07-17 18:35:28","HTML","","","",,,,,14,1.75,5,3,8,"… thus investigated in different stages of HTN among apparently healthy Nigerian traders … of DM in Individuals with MS in Ibadan, South-West, Nigeria, condu- cted in … pressure, SBP: systolic blood pressure, DBP: diastolic blood pressure, WC: waist circumference, TG: Triglyceride …","https://www.hindawi.com/journals/ijhy/2013/351357/","https://scholar.google.com/scholar?q=related:n5tolWksBE0J:scholar.google.com/&scioq=%22waist+circumference%22+nigeria&hl=en&as_sdt=0,5&as_ylo=2013&as_yhi=2013&as_vis=1"
40,"GUP Iloh, AO Ikwudinma…","Obesity and its cardio-metabolic co-morbidities among adult Nigerians in a primary care clinic of a tertiary hospital in South-Eastern, Nigeria",2013,"Journal of family medicine …","ncbi.nlm.nih.gov","https://www.ncbi.nlm.nih.gov/pmc/articles/PMC3894014/","https://scholar.google.com/scholar?cites=14702770317207123810&as_sdt=2005&sciodt=0,5&hl=en",109,"2021-07-17 18:35:28","HTML","","","",,,,,40,5.00,13,3,8,"… The prevalence of obesity as indicated by BMI and waist circumference among Nigerian adults attending family medicine clinics as outpatients in Rivers State. Niger J Med … Guidelines for the management of hypertension in Nigeria. Nigerian Hypertension Society; pp. 1–40 …","https://www.ncbi.nlm.nih.gov/pmc/articles/PMC3894014/","https://scholar.google.com/scholar?q=related:YrdJc7S7CswJ:scholar.google.com/&scioq=%22waist+circumference%22+nigeria&hl=en&as_sdt=0,5&as_ylo=2013&as_yhi=2013&as_vis=1"
43,"EW Demerath, AC Choh, W Johnson, JE Curran…","The positive association of obesity variants with adulthood adiposity strengthens over an 80-year period: a gene-by-birth year interaction",2013,"Human …","karger.com","https://www.karger.com/Article/Abstract/351742","https://scholar.google.com/scholar?cites=4115687620802015065&as_sdt=2005&sciodt=0,5&hl=en",110,"2021-07-17 18:35:28","","","","",,,,,43,5.38,9,5,8,"… 7, 8]. For instance, heritability of BMI was the same (approximately 50%) in families of West African an- cestry living in Nigeria, Jamaica, and … In African-Americans, at least in men, a significant asso- ciation of the FTO variant with BMI, waist circumference (WC), and skinfolds was …","https://www.karger.com/Article/PDF/351742","https://scholar.google.com/scholar?q=related:WW9g1BXcHTkJ:scholar.google.com/&scioq=%22waist+circumference%22+nigeria&hl=en&as_sdt=0,5&as_ylo=2013&as_yhi=2013&as_vis=1"
106,"SR Kilim, SR Chandala","A comparative study of lipid profile and oestradiol in pre-and post-menopausal women",2013,"… of clinical and diagnostic research: JCDR","ncbi.nlm.nih.gov","https://www.ncbi.nlm.nih.gov/pmc/articles/pmc3782906/","https://scholar.google.com/scholar?cites=7246395496912815997&as_sdt=2005&sciodt=0,5&hl=en",111,"2021-07-17 18:35:28","HTML","","","",,,,,106,13.25,53,2,8,"… Thewaist-hip ratio was calculated, according to this formula: WH ratio = waist circumference (cm)/hip circumference (cm) … The effects of menopause on the serum lipid profile of normal females of south east Nigeria. Nigerian Journal of Physiological Sciences …","https://www.ncbi.nlm.nih.gov/pmc/articles/pmc3782906/","https://scholar.google.com/scholar?q=related:fYd6t09ekGQJ:scholar.google.com/&scioq=%22waist+circumference%22+nigeria&hl=en&as_sdt=0,5&as_ylo=2013&as_yhi=2013&as_vis=1"
55,"LK Frank, A Heraclides, I Danquah…","Measures of general and central obesity and risk of type 2 diabetes in a Ghanaian population",2013,"Tropical Medicine & …","Wiley Online Library","https://onlinelibrary.wiley.com/doi/abs/10.1111/tmi.12024","https://scholar.google.com/scholar?cites=12915723516132813110&as_sdt=2005&sciodt=0,5&hl=en",112,"2021-07-17 18:35:28","","10.1111/tmi.12024","","",,,,,55,6.88,14,4,8,"… Also, among women, the odds of diabetes increased with higher waist circumference (1.35 [1.17–1.57]) and waist-to-height ratio (1.29 [1.12–1.50]) … Recommended cut-off points for body mass index and waist circumference had a poor predictive ability. Conclusion …","https://onlinelibrary.wiley.com/doi/pdf/10.1111/tmi.12024","https://scholar.google.com/scholar?q=related:NmlBhBvePbMJ:scholar.google.com/&scioq=%22waist+circumference%22+nigeria&hl=en&as_sdt=0,5&as_ylo=2013&as_yhi=2013&as_vis=1"
20,"A Luke, P Bovet, TE Forrester, EV Lambert…","Prediction of fat-free mass using bioelectrical impedance analysis in young adults from five populations of African origin",2013,"European journal of …","nature.com","https://www.nature.com/articles/ejcn2013123","https://scholar.google.com/scholar?cites=13400898191889318585&as_sdt=2005&sciodt=0,5&hl=en",113,"2021-07-17 18:35:28","HTML","","","",,,,,20,2.50,4,5,8,"… Subjects/methods: Among five cohorts of the Modeling the Epidemiologic Transition Study, height, weight, waist circumference and body composition, using isotope dilution, were measured in 362 adults, ages 25–45 with mean body mass indexes ranging from 24 to 32 …","https://www.nature.com/articles/ejcn2013123","https://scholar.google.com/scholar?q=related:ucK8jueN-bkJ:scholar.google.com/&scioq=%22waist+circumference%22+nigeria&hl=en&as_sdt=0,5&as_ylo=2013&as_yhi=2013&as_vis=1"
0,"KI Oke, EO Agwubike, AC Ugwu","The Linkage of Age, Muscle Strength and Body Composition with Functional Limitations in Patients with Type 2 Diabetes Mellitus",,"scienpress.com","","http://www.scienpress.com/Upload/IJHRI/Vol%201_3_7.pdf","",114,"2021-07-17 18:35:28","PDF","","","",,,,,0,0.00,0,3,,"… the Endocrine Clinic of the University of Benin Teaching Hospital, Benin City, Nigeria, and who … among the Thai adults aged 35 and above which concluded that waist circumference and waist … physical functional indices of patients with type 2 diabetes in a Nigerian tertiary hospital …","http://www.scienpress.com/Upload/IJHRI/Vol%201_3_7.pdf","https://scholar.google.com/scholar?q=related:AR-TSe3fuXEJ:scholar.google.com/&scioq=%22waist+circumference%22+nigeria&hl=en&as_sdt=0,5&as_ylo=2013&as_yhi=2013&as_vis=1"
6,"AO Ogbera, A Azenabor, OA Ogundahunsi…","Cytokines, type 2 DM and the metabolic syndrome",2013,"Nigerian quarterly …","ajol.info","https://www.ajol.info/index.php/nqjhm/article/view/113041","https://scholar.google.com/scholar?cites=7079528725924667958&as_sdt=2005&sciodt=0,5&hl=en",115,"2021-07-17 18:35:28","HTML","","","",,,,,6,0.75,2,4,8,"… We sought to document the pattern of distribution of cytokines in Nigerian subjects with … Of the Mets defining criteria, waist circumference (WC) and Triglyceride (TG) were found to be … 1) Libya (2) Madagascar (1) Malawi (4) Mauritius (3) Mozambique (1) Nigeria (222) Rwanda (7 …","https://www.ajol.info/index.php/nqjhm/article/view/113041","https://scholar.google.com/scholar?q=related:NuLpBd6JP2IJ:scholar.google.com/&scioq=%22waist+circumference%22+nigeria&hl=en&as_sdt=0,5&as_ylo=2013&as_yhi=2013&as_vis=1"
13,"AS Balaji, BJ Suhas, MA Ashok…","Serum alanine transaminases and lipid profile in type 2 diabetes mellitus Indian patients",2013,"Journal of Research in …","ibimapublishing.com","http://ibimapublishing.com/articles/DIAB/2013/613176/613176.pdf","https://scholar.google.com/scholar?cites=18296525239196026719&as_sdt=2005&sciodt=0,5&hl=en",116,"2021-07-17 18:35:28","PDF","","","",,,,,13,1.63,3,4,8,"… Highly significant difference in mean value of BMI (27.3+/-3.8Vs21.7+/-2.4 p<0.05), waist circumference (96+/-7Vs82+ … They analyzed liver enzymes and lipid profile in 106 T2DM patients from Nigeria and found elevated ALT, AST with dyslipidemia when compared with controls …","http://ibimapublishing.com/articles/DIAB/2013/613176/613176.pdf","https://scholar.google.com/scholar?q=related:X4c_EsRQ6v0J:scholar.google.com/&scioq=%22waist+circumference%22+nigeria&hl=en&as_sdt=0,5&as_ylo=2013&as_yhi=2013&as_vis=1"
31,"RCR Silva, AMO Assis, MS Goncalves…","The prevalence of wheezing and its association with body mass index and abdominal obesity in children",2013,"Journal of …","Taylor & Francis","https://www.tandfonline.com/doi/abs/10.3109/02770903.2012.757774","https://scholar.google.com/scholar?cites=18412918175865677587&as_sdt=2005&sciodt=0,5&hl=en",117,"2021-07-17 18:35:28","","10.3109/02770903.2012.757774","","",,,,,31,3.88,8,4,8,"… Results. Of the children surveyed, 10.6% reported wheezing. Excess weight was observed in 16.2%, 10.5%, and 7.9% of the sample, measured by BMI, waist circumference (WC), and the waist-to-height ratio (WHtR), respectively …","https://www.arca.fiocruz.br/bitstream/icict/14107/2/Silva%20RCR%20The%20prevalence....pdf","https://scholar.google.com/scholar?q=related:E6fObobTh_8J:scholar.google.com/&scioq=%22waist+circumference%22+nigeria&hl=en&as_sdt=0,5&as_ylo=2013&as_yhi=2013&as_vis=1"
131,"OS Ogah, BL Rayner","Recent advances in hypertension in sub-Saharan Africa",2013,"Heart","heart.bmj.com","https://heart.bmj.com/content/99/19/1390.short","https://scholar.google.com/scholar?cites=8123540434106207018&as_sdt=2005&sciodt=0,5&hl=en",118,"2021-07-17 18:35:28","","","","",,,,,131,16.38,66,2,8,"… 1 Division of Cardiovascular Medicine, Department of Medicine, University College Hospital, Ibadan, Oyo, Nigeria; 2 Office of the Commissioner for Health, Ministry of Health, Nnamdi Azikiwe Secretariat, Umuahia, Abia State, Nigeria; …","https://www.pascar.org/uploads/files/Hypertension_update_in_2013.pdf","https://scholar.google.com/scholar?q=related:KktsBfycvHAJ:scholar.google.com/&scioq=%22waist+circumference%22+nigeria&hl=en&as_sdt=0,5&as_ylo=2013&as_yhi=2013&as_vis=1"
24,"I Onakpoya, L Davies, P Posadzki…","The Efficacy of Irvingia Gabonensis Supplementation in the Management of Overweight and Obesity: A Systematic Review of Randomized Controlled Trials",2013,"Journal of dietary …","Taylor & Francis","https://www.tandfonline.com/doi/abs/10.3109/19390211.2012.760508","https://scholar.google.com/scholar?cites=4862873118948391597&as_sdt=2005&sciodt=0,5&hl=en",119,"2021-07-17 18:35:28","","10.3109/19390211.2012.760508","","",,,,,24,3.00,6,4,8,"… 2 Decrease in waist circumference in I. gabonensis group and an increase in waist circumference in placebo group. REFERENCES … Lipids Health Dis. 2008;7:12. [Google Scholar]; Okafor J, Okolo HC. Potentials of some indigenous fruit trees of Nigeria …","https://www.researchgate.net/profile/Paul-Posadzki/publication/235657674_The_Efficacy_of_Irvingia_Gabonensis_Supplementation_in_the_Management_of_Overweight_and_Obesity_A_Systematic_Review_of_Randomized_Controlled_Trials/links/02e7e521e130937320000000/The-Efficacy-of-Irvingia-Gabonensis-Supplementation-in-the-Management-of-Overweight-and-Obesity-A-Systematic-Review-of-Randomized-Controlled-Trials.pdf","https://scholar.google.com/scholar?q=related:rfq2SlZlfEMJ:scholar.google.com/&scioq=%22waist+circumference%22+nigeria&hl=en&as_sdt=0,5&as_ylo=2013&as_yhi=2013&as_vis=1"
15,"RA Mustapha, RA Sanusi","Overweight and obesity among in-school adolescents in Ondo State, Southwest Nigeria",2013,"African Journal of Biomedical Research","ajol.info","https://www.ajol.info/index.php/ajbr/article/view/109079","https://scholar.google.com/scholar?cites=6615347721014033196&as_sdt=2005&sciodt=0,5&hl=en",120,"2021-07-17 18:35:28","","","","",,,,,15,1.88,8,2,8,"… Anah, MU (2001) Profile of body mass index and obesity in Nigerian children and … Prevalence of overweight and obesity in Eti-Osa LGA Lagos, Nigeria … Fast- Food and sweentened beverage consumption: association with overweight and high waist circumference in adolescents …","https://www.ajol.info/index.php/ajbr/article/download/109079/98870","https://scholar.google.com/scholar?q=related:LDu74LNvzlsJ:scholar.google.com/&scioq=%22waist+circumference%22+nigeria&hl=en&as_sdt=0,5&as_ylo=2013&as_yhi=2013&as_vis=1"
0,"GOD AJANI","… BETWEEN SERUM LEPTIN LEVEL AND OBESITY IN TYPE 2 DIABETIC AND NON-DIABETIC FEMALE NIGERIANS AT ILE-IFE, SOUTH WESTERN NIGERIA",2013,"Faculty of INTERNAL MEDICINE","dissertation.npmcn.edu.ng","http://www.dissertation.npmcn.edu.ng/index.php/FMCP/article/download/711/493","",121,"2021-07-17 18:35:28","PDF","","","",,,,,0,0.00,0,1,8,"… WC Waist Circumference WHO World Health Organisation WHR Waist Circumference to Hip Circumference Ratio … adults in Nigeria, Jamaica, and the United States, respectively. 20 A recent study among non-obese Nigerian women with type 2 diabetes mellitus showed that …","http://www.dissertation.npmcn.edu.ng/index.php/FMCP/article/download/711/493","https://scholar.google.com/scholar?q=related:FZh-1XI6V-QJ:scholar.google.com/&scioq=%22waist+circumference%22+nigeria&hl=en&as_sdt=0,5&as_ylo=2013&as_yhi=2013&as_vis=1"
0,"B Gutti, AA Susu, OA Fasanmade","Glucose insulin system software for therapeutic management of diabetes in humans",2013,"","196.45.48.59","http://196.45.48.59/handle/123456789/7211","",122,"2021-07-17 18:35:28","","","","",,,,,0,0.00,0,3,8,"… University of Lagos, Lagos, Nigeria College of Medicine, University of Lagos, Lagos, Nigeria … BMI is a measure of your weight relative to your height; waist circumference measures abdominal … A study of insulin sensitivity in selected Nigerian subjects, a dissertation presented to …","http://196.45.48.59/bitstream/handle/123456789/7211/ijrras%20susu%20fas.pdf?sequence=1&isAllowed=y","https://scholar.google.com/scholar?q=related:ualfG6yBP4AJ:scholar.google.com/&scioq=%22waist+circumference%22+nigeria&hl=en&as_sdt=0,5&as_ylo=2013&as_yhi=2013&as_vis=1"
3,"AL Toriola, VK Moselakgomo, BS Shaw…","Are rural South African children abdominally obese?",2013,"Pakistan journal of …","ncbi.nlm.nih.gov","https://www.ncbi.nlm.nih.gov/pmc/articles/pmc3809315/","https://scholar.google.com/scholar?cites=175518402496361269&as_sdt=2005&sciodt=0,5&hl=en",123,"2021-07-17 18:35:28","HTML","","","",,,,,3,0.38,1,4,8,"… Centripetal fat patterning in Nigerian children. Afr J Phy Health Edu Recrea Dance. 2009;15:668–677. [Google Scholar]. 13. Sung RYT, So HK, Choi KC, Nelson EAS, Li AM, Yin JAT, et al. Waist circumference and waist-to-height ratio of Hong Kong Chinese children …","https://www.ncbi.nlm.nih.gov/pmc/articles/pmc3809315/","https://scholar.google.com/scholar?q=related:NfNWoA6RbwIJ:scholar.google.com/&scioq=%22waist+circumference%22+nigeria&hl=en&as_sdt=0,5&as_ylo=2013&as_yhi=2013&as_vis=1"
23,"A Selcuk, F Bulucu, F Kalafat, M Cakar…","Skinfold thickness as a predictor of arterial stiffness: obesity and fatness linked to higher stiffness measurements in hypertensive patients",2013,"Clinical and …","Taylor & Francis","https://www.tandfonline.com/doi/abs/10.3109/10641963.2012.746357","https://scholar.google.com/scholar?cites=10272155765780976474&as_sdt=2005&sciodt=0,5&hl=en",124,"2021-07-17 18:35:28","","10.3109/10641963.2012.746357","","",,,,,23,2.88,5,5,8,"… Arterial stiffness measurements, including PWV, AIx, CAP, and body mass index (BMI); waist circumference, hip circumference; waist/hip ratio; and triceps, biceps, subscapular, and suprailiac skinfold thicknesses were also applied to all the study patients …","","https://scholar.google.com/scholar?q=related:WhPbqD4Hjo4J:scholar.google.com/&scioq=%22waist+circumference%22+nigeria&hl=en&as_sdt=0,5&as_ylo=2013&as_yhi=2013&as_vis=1"
10,"OI Amole, DA OlaOlorun, OL Odeigah","Body size and abnormal lipids among adult patients at the Baptist Medical centre, Ogbomoso, Nigeria",2013,"African health sciences","ajol.info","https://www.ajol.info/index.php/ahs/article/view/87271","https://scholar.google.com/scholar?cites=6464714391741693516&as_sdt=2005&sciodt=0,5&hl=en",125,"2021-07-17 18:35:28","","","","",,,,,10,1.25,3,3,8,"… The prevalence of obesity as indicated by BMI and waist circumference among Nigerian adults attending Family Medicine clinics as … Cardiovascular disease risk factors and diet of Fulani pastoralists of Northern Nigeria … Plasma lipids in Nigerian hypertensive: the gender factor …","https://www.ajol.info/index.php/ahs/article/download/87271/77822","https://scholar.google.com/scholar?q=related:TH4e3nxHt1kJ:scholar.google.com/&scioq=%22waist+circumference%22+nigeria&hl=en&as_sdt=0,5&as_ylo=2013&as_yhi=2013&as_vis=1"
18,"Z Karamizadeh, M Tabebordbar, F Saki…","The side effects of gonadotropin releasing hormone analog (diphereline) in treatment of idiopathic central precocious puberty",2013,"Acta Medica …","acta.tums.ac.ir","http://acta.tums.ac.ir/index.php/acta/article/view/4014","https://scholar.google.com/scholar?cites=5658622253337654654&as_sdt=2005&sciodt=0,5&hl=en",126,"2021-07-17 18:35:28","","","","",,,,,18,2.25,5,4,8,"… In physical examination of patients there was no sign of Insulin resistance such as acanthuses Nigerians … Table 1. Results of TG, LDL, HDL, FPS, waist circumference, weight, height, systolic and diastolic blood pressure and BMI before, 3 month & 6 month after GnRH analog …","https://acta.tums.ac.ir/index.php/acta/article/download/4014/3989/","https://scholar.google.com/scholar?q=related:frVPcPV2h04J:scholar.google.com/&scioq=%22waist+circumference%22+nigeria&hl=en&as_sdt=0,5&as_ylo=2013&as_yhi=2013&as_vis=1"
0,"G Kaur, SP Singh, AP Singh","Risk of Developing Cardiovascular and Coronary Heart Diseases: An Anthropometric Analysis of Rural Women of Punjab",,"researchgate.net","","https://www.researchgate.net/profile/Sp-Singh-10/publication/256306270_Risk_of_Developing_Cardiovascular_and_Coronary_Heart_Diseases_An_Anthropometric_Analysis_of_Rural_Women_of_Punjab/links/02e7e52248deec1b88000000/Risk-of-Developing-Cardiovascular-and-Coronary-Heart-Diseases-An-Anthropometric-Analysis-of-Rural-Women-of-Punjab.pdf","",127,"2021-07-17 18:35:28","PDF","","","",,,,,0,0.00,0,3,,"… Weight (kg) 60.72 12.45 Waist Circumference (cm) 88.87 11.4 Hip Circumference (cm) 89.05 11.08 … 2000). Significant correlation of BMI to SBP and DBP, in men and women, was reported by studies in Tanzania and Nigeria (Kadiri et al. 1999; Njelekela et al. 2001) …","https://www.researchgate.net/profile/Sp-Singh-10/publication/256306270_Risk_of_Developing_Cardiovascular_and_Coronary_Heart_Diseases_An_Anthropometric_Analysis_of_Rural_Women_of_Punjab/links/02e7e52248deec1b88000000/Risk-of-Developing-Cardiovascular-and-Coronary-Heart-Diseases-An-Anthropometric-Analysis-of-Rural-Women-of-Punjab.pdf",""
10,"AS Obot, CAO Usoro, AC Nsonwu-Anyanwu…","Adiponectin and cardiovascular risk factors in relation with glycemic control in type 2 diabetics",2013,"Int J Res Med …","researchgate.net","https://www.researchgate.net/profile/Augusta-Nsonwu-Anyanwu/publication/299610793_Adiponectin_and_cardiovascular_risk_factors_in_relation_with_glycemic_control_in_type_2_diabetics/links/5702d9b408aedbac126f3fda/Adiponectin-and-cardiovascular-risk-factors-in-relation-with-glycemic-control-in-type-2-diabetics.pdf","https://scholar.google.com/scholar?cites=13898389306848227542&as_sdt=2005&sciodt=0,5&hl=en",128,"2021-07-17 18:35:28","PDF","","","",,,,,10,1.25,3,4,8,"… was carried out at the Diabetic Clinic of the University of Uyo Teaching Hospital Uyo, Nigeria … Significant at p<0.01 BMI = Body mass index WC = Waist circumference TC = Total … Serum adiponectin levels of Nigerian type 2 diabetics do not differ significantly from that of their non …","https://www.researchgate.net/profile/Augusta-Nsonwu-Anyanwu/publication/299610793_Adiponectin_and_cardiovascular_risk_factors_in_relation_with_glycemic_control_in_type_2_diabetics/links/5702d9b408aedbac126f3fda/Adiponectin-and-cardiovascular-risk-factors-in-relation-with-glycemic-control-in-type-2-diabetics.pdf","https://scholar.google.com/scholar?q=related:1rDGEHD_4MAJ:scholar.google.com/&scioq=%22waist+circumference%22+nigeria&hl=en&as_sdt=0,5&as_ylo=2013&as_yhi=2013&as_vis=1"
46,"I Danquah, T Othmer, LK Frank…","The TCF7L2 rs7903146 (T) allele is associated with type 2 diabetes in urban Ghana: a hospital-based case–control study",2013,"BMC medical …","bmcmedgenet.biomedcentral.com","https://bmcmedgenet.biomedcentral.com/articles/10.1186/1471-2350-14-96","https://scholar.google.com/scholar?cites=13998325383788584498&as_sdt=2005&sciodt=0,5&hl=en",129,"2021-07-17 18:35:28","HTML","10.1186/1471-2350-14-96","","",,,,,46,5.75,12,4,8,"Type 2 diabetes mellitus is increasing dramatically in sub-Saharan Africa, and genetic predisposition is likely involved in that. Yet, genetic variants known to confer increased susceptibility among Caucasians are far from being established in African populations. In …","https://bmcmedgenet.biomedcentral.com/articles/10.1186/1471-2350-14-96","https://scholar.google.com/scholar?q=related:Ml4NL8UKRMIJ:scholar.google.com/&scioq=%22waist+circumference%22+nigeria&hl=en&as_sdt=0,5&as_ylo=2013&as_yhi=2013&as_vis=1"
0,"IU Ezeani, A Eregie, AE Edo","Pioneer Medical Journal Vol. 3, No. 5, JANUARY-JUNE, 2013",2013,"researchgate.net","","https://www.researchgate.net/profile/Ignatius-Ezeani/publication/298090480_PATTERN_OF_PRESENTATION_SOCIO-DEMOGRAPHIC_AND_CLINICAL_CHARACTERISTICS_OF_PATIENTS_PRESENTING_WITH_HYPERGLYCEMIC_EMERGENCIES_IN_A_NIGERIAN_HOSPITAL/links/56e621d708aedb4cc8ae9451/PATTERN-OF-PRESENTATION-SOCIO-DEMOGRAPHIC-AND-CLINICAL-CHARACTERISTICS-OF-PATIENTS-PRESENTING-WITH-HYPERGLYCEMIC-EMERGENCIES-IN-A-NIGERIAN-HOSPITAL.pdf","",130,"2021-07-17 18:35:28","PDF","","","",,,,,0,0.00,0,3,8,"… deviation, BMI= Body mass index, WC= Waist circumference, WHR= Waist hip ratio, SBP= Systolic blood pressure, DBP= Diastolic blood pressure … Akinkugbe OO. Non-communicable diseases in Nigeria … Outcome of diabetic hyperglycaemic emergencies in a Nigerian cohort …","https://www.researchgate.net/profile/Ignatius-Ezeani/publication/298090480_PATTERN_OF_PRESENTATION_SOCIO-DEMOGRAPHIC_AND_CLINICAL_CHARACTERISTICS_OF_PATIENTS_PRESENTING_WITH_HYPERGLYCEMIC_EMERGENCIES_IN_A_NIGERIAN_HOSPITAL/links/56e621d708aedb4cc8ae9451/PATTERN-OF-PRESENTATION-SOCIO-DEMOGRAPHIC-AND-CLINICAL-CHARACTERISTICS-OF-PATIENTS-PRESENTING-WITH-HYPERGLYCEMIC-EMERGENCIES-IN-A-NIGERIAN-HOSPITAL.pdf","https://scholar.google.com/scholar?q=related:BCmLYU49qOYJ:scholar.google.com/&scioq=%22waist+circumference%22+nigeria&hl=en&as_sdt=0,5&as_ylo=2013&as_yhi=2013&as_vis=1"
26,"GUP Iloh, A Chuku, NP Obiegbu…","Frequency of cardiovascular risk factors in adult Nigerians with family history of non-communicable cardiovascular disease in a primary care clinic of a tertiary …",2013,"American Journal of …","article.ajhealthres.org","http://article.ajhealthres.org/pdf/10.11648.j.ajhr.20130101.13.pdf","https://scholar.google.com/scholar?cites=14222455072404185474&as_sdt=2005&sciodt=0,5&hl=en",131,"2021-07-17 18:35:28","PDF","","","",,,,,26,3.25,7,4,8,"… More so, although waist indices such as waist circumference which is a measure of central … Pattern of some risk factors for cardiovascular disease in untreated Nigerian hypertensive patients … MO, Uba M. Incidence and Pattern of Cardiovascular Disease in North Western Nigeria …","http://article.ajhealthres.org/pdf/10.11648.j.ajhr.20130101.13.pdf","https://scholar.google.com/scholar?q=related:gqGa2IhPYMUJ:scholar.google.com/&scioq=%22waist+circumference%22+nigeria&hl=en&as_sdt=0,5&as_ylo=2013&as_yhi=2013&as_vis=1"
16,"II Chukwuonye, A Chuku, UU Onyeonoro…","A rural and urban cross-sectional study on alcohol consumption among adult Nigerians in Abia state",2013,"International Journal of …","ajol.info","https://www.ajol.info/index.php/ijmbr/article/view/99321","https://scholar.google.com/scholar?cites=10589921591260329171&as_sdt=2005&sciodt=0,5&hl=en",132,"2021-07-17 18:35:28","","","","",,,,,16,2.00,4,4,8,"… The mean waist circumference was 83.7±11.4, for men 81.7±9.7, for women, it was 85.7±12.6, the … Obot IS. The measurement of drinking patterns and alcohol problems in Nigeria … Psychosocial correlates of alcohol, tobacco and cannabis use: Findings from a nigerian university …","https://www.ajol.info/index.php/ijmbr/article/download/99321/88617","https://scholar.google.com/scholar?q=related:07RPVpT19pIJ:scholar.google.com/&scioq=%22waist+circumference%22+nigeria&hl=en&as_sdt=0,5&as_ylo=2013&as_yhi=2013&as_vis=1"
53,"B Vidović, B Đorđević, S Milovanović, S Škrivanj…","Selenium, zinc, and copper plasma levels in patients with schizophrenia: relationship with metabolic risk factors",2013,"Biological trace element …","Springer","https://link.springer.com/article/10.1007/s12011-013-9842-1","https://scholar.google.com/scholar?cites=6267512484061505185&as_sdt=2005&sciodt=0,5&hl=en",133,"2021-07-17 18:35:28","","10.1007/s12011-013-9842-1","","",,,,,53,6.63,11,5,8,"… The plasma Se level correlated positive with MetS score (r s = 0.385, p < 0.01), waist circumference (r s = 0.344, p < 0.05), plasma glucose (r s = 0.319, p < 0.05), and triglyceride concentrations (r s = 0.462, p < 0.001) in patients with schizophrenia …","https://www.researchgate.net/profile/Bojana-Vidovic-2/publication/258036209_Selenium_Zinc_and_Copper_Plasma_Levels_in_Patients_with_Schizophrenia_Relationship_with_Metabolic_Risk_Factors/links/564c9c6208aedda4c1342a07/Selenium-Zinc-and-Copper-Plasma-Levels-in-Patients-with-Schizophrenia-Relationship-with-Metabolic-Risk-Factors.pdf","https://scholar.google.com/scholar?q=related:oebPxWWt-lYJ:scholar.google.com/&scioq=%22waist+circumference%22+nigeria&hl=en&as_sdt=0,5&as_ylo=2013&as_yhi=2013&as_vis=1"
4,"DT Goon, LO Amusa, BS Shaw, I Shaw…","Body composition indicators of 7-14 year Andibila children in Oju, Nigeria",2013,"African Journal for …","journals.co.za","https://journals.co.za/doi/abs/10.10520/EJC145183","https://scholar.google.com/scholar?cites=2863533145576226204&as_sdt=2005&sciodt=0,5&hl=en",134,"2021-07-17 18:35:28","","10.10520/EJC145183","","",,,,,4,0.50,1,5,8,"… (2010). Cardiorespiratory fitness of 7-14-year old Andibila children in Oju, Nigeria … Fat mass percentage, body mass index and upper arm circumference in a healthy population of Nigerian children … Waist circumference values of Nigerian children and adolescents …","","https://scholar.google.com/scholar?q=related:nL2gaDlQvScJ:scholar.google.com/&scioq=%22waist+circumference%22+nigeria&hl=en&as_sdt=0,5&as_ylo=2013&as_yhi=2013&as_vis=1"
0,"D Ter Goon, AL Toriola, VK Moselakgomo, BS Shaw…","Are rural South African children abdominally obese?",2013,"","pjms.com.pk","http://www.pjms.com.pk/index.php/pjms/article/view/3136","",135,"2021-07-17 18:35:28","","","","",,,,,0,0.00,0,5,8,"… Centripetal fat patterning in Nigerian children. Afr J Phy Health Edu Recrea Dance 2009;15:668-677. 13. Sung RYT, So HK, Choi KC, Nelson EAS, Li AM, Yin JAT, et al. Waist circumference and waist-to-height ratio of Hong Kong Chinese children. BMC Public Health …","http://www.pjms.com.pk/index.php/pjms/article/viewFile/3136/1480","https://scholar.google.com/scholar?q=related:uf-hlVTeUUAJ:scholar.google.com/&scioq=%22waist+circumference%22+nigeria&hl=en&as_sdt=0,5&as_ylo=2013&as_yhi=2013&as_vis=1"
77,"AA Gele, AJ Mbalilaki","Overweight and obesity among African immigrants in Oslo",2013,"BMC research notes","bmcresnotes.biomedcentral.com","https://bmcresnotes.biomedcentral.com/articles/10.1186/1756-0500-6-119","https://scholar.google.com/scholar?cites=10100044390289714131&as_sdt=2005&sciodt=0,5&hl=en",136,"2021-07-17 18:35:28","HTML","10.1186/1756-0500-6-119","","",,,,,77,9.63,39,2,8,"Norway is experiencing an increase in overweight/obese adults, with immigrants from developing countries carrying a heavy burden. The aim of this study is to assess the prevalence of overweight and obesity among Somali immigrants in Oslo. A cross-sectional study involving 208 …","https://bmcresnotes.biomedcentral.com/articles/10.1186/1756-0500-6-119","https://scholar.google.com/scholar?q=related:0yvlUtyQKowJ:scholar.google.com/&scioq=%22waist+circumference%22+nigeria&hl=en&as_sdt=0,5&as_ylo=2013&as_yhi=2013&as_vis=1"
43,"I Capasso, E Esposito, F Pentimalli, M Montella…","Homeostasis model assessment to detect insulin resistance and identify patients at high risk of breast cancer development: National Cancer Institute of …",2013,"Journal of Experimental …","Springer","https://link.springer.com/article/10.1186/1756-9966-32-14","https://scholar.google.com/scholar?cites=9710498217267852843&as_sdt=2005&sciodt=0,5&hl=en",137,"2021-07-17 18:35:28","HTML","10.1186/1756-9966-32-14","","",,,,,43,5.38,9,5,8,"… Waist circumference >88 cm was measured in 53% of cases - OR 1.58- (95% CI 0.8-2.8) and in 46% of controls … Waist circumference >88 cm was measured in 53% of cases - OR 1.58- (95% CI 0.8-2.8) and in 46% of controls …","https://link.springer.com/article/10.1186/1756-9966-32-14","https://scholar.google.com/scholar?q=related:K3ZQIK6ewoYJ:scholar.google.com/&scioq=%22waist+circumference%22+nigeria&hl=en&as_sdt=0,5&as_ylo=2013&as_yhi=2013&as_vis=1"
2,"MAA Akinremi","Effects of combined aerobics and abdominal strengthening exercises on abdominal adiposity in sedentary adults",2013,"African journal of medicine and medical sciences","ojshostng.com","http://ojshostng.com/index.php/ajmms/article/view/1005","https://scholar.google.com/scholar?cites=501554810073921965&as_sdt=2005&sciodt=0,5&hl=en",138,"2021-07-17 18:35:28","HTML","","","",,,,,2,0.25,2,1,8,"… Abdominal adiposity indices of Waist Circumference (WC), Waist-to-Hip Ratio (WHR), Sum of Abdominal Skinfold (SAS) were measured at baseline, 4th … Correspondence: Mr. AA Akinremi, Department of Physiotherapy, College of Medicine, University of Ibadan, Ibadan, Nigeria …","http://ojshostng.com/index.php/ajmms/article/view/1005","https://scholar.google.com/scholar?q=related:rTnYQXHh9QYJ:scholar.google.com/&scioq=%22waist+circumference%22+nigeria&hl=en&as_sdt=0,5&as_ylo=2013&as_yhi=2013&as_vis=1"
0,"ST ABERE","PREVELANCE OF NON-ALCOHOLIC FATTY LIVER DISEASE IN HIV INFECTED PATIENTS IN PORT HARCOURT, NIGER DELTA OF NIGERIA",2013,"Faculty of INTERNAL MEDICINE","dissertation.npmcn.edu.ng","http://dissertation.npmcn.edu.ng/index.php/FMCP/article/view/631","",139,"2021-07-17 18:35:28","","","","",,,,,0,0.00,0,1,8,"… HARCOURT, NIGER DELTA OF NIGERIA. A DISSERTATION SUBMITTED TO THE NATIONAL POSTGRADUATE MEDICAL COLLEGE OF NIGERIA IN PART FULFILLMENT OF THE … 62 controls Table 5: Mean values of waist circumference category among the 63 …","http://dissertation.npmcn.edu.ng/index.php/FMCP/article/download/631/571","https://scholar.google.com/scholar?q=related:wlfVlo8TyKIJ:scholar.google.com/&scioq=%22waist+circumference%22+nigeria&hl=en&as_sdt=0,5&as_ylo=2013&as_yhi=2013&as_vis=1"
52,"J Wang, RP Chen, L Lei, QQ Song…","Prevalence and determinants of hyperuricemia in type 2 diabetes mellitus patients with central obesity in Guangdong Province in China",2013,"Asia Pacific journal …","search.informit.org","https://search.informit.org/doi/abs/10.3316/informit.731458475261114","https://scholar.google.com/scholar?cites=10742432122354946052&as_sdt=2005&sciodt=0,5&hl=en",140,"2021-07-17 18:35:28","","10.3316/informit.731458475261114","","",,,,,52,6.50,10,5,8,"… This preva- lence is much higher than the 25% prevalence reported in a study examining Nigerian patients with T2DM with a median … of 44.1 kg/m2.21 Studies have reported that the prevalence of hyperu- ricemia was positively associated with BMI and waist circumference.19,21 …","http://211.76.170.15/server/APJCN/22/4/590.pdf","https://scholar.google.com/scholar?q=related:BFC2dBnJFJUJ:scholar.google.com/&scioq=%22waist+circumference%22+nigeria&hl=en&as_sdt=0,5&as_ylo=2013&as_yhi=2013&as_vis=1"
6,"UE Martha, E Andrew, OA Osemwingie","Hypertension and lower extremity peripheral artery disease: An overlooked association",2013,"Nigerian Journal of …","nigjcardiol.org","https://www.nigjcardiol.org/article.asp?issn=0189-7969;year=2013;volume=10;issue=1;spage=26;epage=30;aulast=Martha","https://scholar.google.com/scholar?cites=9124702562531343763&as_sdt=2005&sciodt=0,5&hl=en",141,"2021-07-17 18:35:28","HTML","","","",,,,,6,0.75,2,3,8,"… The waist circumference (WC) was measured in the horizontal plane at a level mid-way between the … In Africa and indeed Nigeria with a low smoking prevalence (6%), which is considerably lower than … This study has shown that LEAD is common in Nigerian hypertensive patients …","https://www.nigjcardiol.org/article.asp?issn=0189-7969;year=2013;volume=10;issue=1;spage=26;epage=30;aulast=Martha","https://scholar.google.com/scholar?q=related:k_3GyKJ0oX4J:scholar.google.com/&scioq=%22waist+circumference%22+nigeria&hl=en&as_sdt=0,5&as_ylo=2013&as_yhi=2013&as_vis=1"
0,"CR OYOM","PERCENTAGE BODY FAT OF SECONDARY SCHOOL ADOLESCENTS IN IBADAN NORTH LOCAL GOVERNMENT AREA, NIGERIA",2013,"","ir.library.ui.edu.ng","http://ir.library.ui.edu.ng/handle/123456789/788","",142,"2021-07-17 18:35:28","","","","",,,,,0,0.00,0,1,8,"… and waist circumference (WC), remain the bedrock indices of obesity assessments … However, actual body fat estimates of school adolescents have not been adequately researched in Nigeria … Though several studies have assessed the nutritional status of Nigerian children and …","http://ir.library.ui.edu.ng/bitstream/123456789/788/1/ui_dis_oyom.c.r_percentage_2013_full_work.pdf","https://scholar.google.com/scholar?q=related:46ZHHgoD6uwJ:scholar.google.com/&scioq=%22waist+circumference%22+nigeria&hl=en&as_sdt=0,5&as_ylo=2013&as_yhi=2013&as_vis=1"
72,"D Yadav, S Mahajan, SK Subramanian…","Prevalence of metabolic syndrome in type 2 diabetes mellitus using NCEP-ATPIII, IDF and WHO definition and its agreement in Gwalior Chambal region of …",2013,"Global journal of …","ncbi.nlm.nih.gov","https://www.ncbi.nlm.nih.gov/pmc/articles/PMC4776883/","https://scholar.google.com/scholar?cites=6686682698345442958&as_sdt=2005&sciodt=0,5&hl=en",143,"2021-07-17 18:35:28","HTML","","","",,,,,72,9.00,18,4,8,"… This definition uses only simple clinical measurements of waist circumference (WC), fasting plasma glucose (PG), triglyceride (TG) and high density lipoprotein cholesterol (HDL-C) levels as well as blood pressure (BP) (NCEP, 2001) …","https://www.ncbi.nlm.nih.gov/pmc/articles/PMC4776883/","https://scholar.google.com/scholar?q=related:jm6hkHzey1wJ:scholar.google.com/&scioq=%22waist+circumference%22+nigeria&hl=en&as_sdt=0,5&as_ylo=2013&as_yhi=2013&as_vis=1"
61,"DP Capingana, P Magalhães…","Prevalence of cardiovascular risk factors and socioeconomic level among public-sector workers in Angola",2013,"BMC Public …","bmcpublichealth.biomedcentral.com","https://bmcpublichealth.biomedcentral.com/articles/10.1186/1471-2458-13-732","https://scholar.google.com/scholar?cites=12762947716778328194&as_sdt=2005&sciodt=0,5&hl=en",144,"2021-07-17 18:35:28","HTML","10.1186/1471-2458-13-732","","",,,,,61,7.63,20,3,8,"Cardiovascular diseases are the leading cause of death in the majority of developed and developing countries. African countries are currently facing an increase in both cardiovascular and transmitted diseases. In addition, cardiovascular risk varies among different socioeconomic …","https://bmcpublichealth.biomedcentral.com/articles/10.1186/1471-2458-13-732","https://scholar.google.com/scholar?q=related:goB00VMZH7EJ:scholar.google.com/&scioq=%22waist+circumference%22+nigeria&hl=en&as_sdt=0,5&as_ylo=2013&as_yhi=2013&as_vis=1"
25,"AM Samtia, MF Rasool, NM Ranjha, F Usman…","A multifactorial intervention to enhance adherence to medications and disease-related knowledge in type 2 diabetic patients in Southern Punjab, Pakistan",2013,"Tropical Journal of …","ajol.info","https://www.ajol.info/index.php/tjpr/article/view/95962","https://scholar.google.com/scholar?cites=16244581521593966241&as_sdt=2005&sciodt=0,5&hl=en",145,"2021-07-17 18:35:28","","","","",,,,,25,3.13,5,5,8,"… 851-856 ISSN: 1596-5996 (print); 1596-9827 (electronic) © Pharmacotherapy Group, Faculty of Pharmacy, University of Benin, Benin City, 300001 Nigeria … The intervention significantly reduced BMI and waist circumference by a difference of 1.87 (p = 0.014) and 1.27 (p = 0.002 …","https://www.ajol.info/index.php/tjpr/article/view/95962/85311","https://scholar.google.com/scholar?q=related:oZ57j9NYcOEJ:scholar.google.com/&scioq=%22waist+circumference%22+nigeria&hl=en&as_sdt=0,5&as_ylo=2013&as_yhi=2013&as_vis=1"
161,"A Böhm, BL Heitmann","The use of bioelectrical impedance analysis for body composition in epidemiological studies",2013,"European journal of clinical nutrition","nature.com","https://www.nature.com/articles/ejcn2012168;?report=reader","https://scholar.google.com/scholar?cites=18363863514990513906&as_sdt=2005&sciodt=0,5&hl=en",146,"2021-07-17 18:35:28","HTML","","","",,,,,161,20.13,81,2,8,"Bioelectrical impedance analysis (BIA) is a relatively simple, inexpensive and non-invasive technique to measure body composition and is therefore suitable in field studies and larger surveys. We performed an overview of BIA-derived body fat percentages (BF%) from 55 published …","https://www.nature.com/articles/ejcn2012168;?report=reader","https://scholar.google.com/scholar?q=related:8g7EKpKM2f4J:scholar.google.com/&scioq=%22waist+circumference%22+nigeria&hl=en&as_sdt=0,5&as_ylo=2013&as_yhi=2013&as_vis=1"
3,"CE Ejike","Obesity and hypertension in children and adolescents: developing new tools for the diagnosis of two global pediatric challenges",2013,"J Med Sci","researchgate.net","https://www.researchgate.net/profile/Chukwunonso-Ejike/publication/272953949_Obesity_and_Hypertension_in_Children_and_Adolescents_Developing_New_Tools_for_the_Diagnosis_of_Two_Global_Pediatric_Challenges/links/5700115408aee995dde81ced/Obesity-and-Hypertension-in-Children-and-Adolescents-Developing-New-Tools-for-the-Diagnosis-of-Two-Global-Pediatric-Challenges.pdf","https://scholar.google.com/scholar?cites=12728396603706615192&as_sdt=2005&sciodt=0,5&hl=en",147,"2021-07-17 18:35:28","PDF","","","",,,,,3,0.38,3,1,8,"… Brambilla, P., G. Bedogni, M. Heo and A. Pietrobelli, 2013 Waist circumference-to-height ratio … ratios as simple, sensitive and specific diagnostic tools for adolescent (pre)hypertension in Nigeria … pressure-to-height ratio simplifies the diagnosis of hypertension in Nigerian children …","https://www.researchgate.net/profile/Chukwunonso-Ejike/publication/272953949_Obesity_and_Hypertension_in_Children_and_Adolescents_Developing_New_Tools_for_the_Diagnosis_of_Two_Global_Pediatric_Challenges/links/5700115408aee995dde81ced/Obesity-and-Hypertension-in-Children-and-Adolescents-Developing-New-Tools-for-the-Diagnosis-of-Two-Global-Pediatric-Challenges.pdf","https://scholar.google.com/scholar?q=related:mKU47EVZpLAJ:scholar.google.com/&scioq=%22waist+circumference%22+nigeria&hl=en&as_sdt=0,5&as_ylo=2013&as_yhi=2013&as_vis=1"
9,"R Rajalakshmi, VY Vageesh, SM Nataraj","Myocardial oxygen consumption at rest and during submaximal exercise: effects of increased adiposity",2013,"Nigerian Journal of Physiological …","ajol.info","https://www.ajol.info/index.php/njps/article/view/95099","https://scholar.google.com/scholar?cites=14134062916123361257&as_sdt=2005&sciodt=0,5&hl=en",148,"2021-07-17 18:35:28","","","","",,,,,9,1.13,3,3,8,"… Physiological Society of Nigeria *Address for correspondence: rajashk_7@yahoo.co.in Manuscript Accepted: April, 2013 … Waist circumference (WC) and hip circumference (HC) were measured and the ratio of WC to HC (WHR) was calculated to know the central fat distribution …","https://www.ajol.info/index.php/njps/article/view/95099/84446","https://scholar.google.com/scholar?q=related:6f-NNFZHJsQJ:scholar.google.com/&scioq=%22waist+circumference%22+nigeria&hl=en&as_sdt=0,5&as_ylo=2013&as_yhi=2013&as_vis=1"
15,"OJ Ogunmola, AO Akintomide, AM Olamoyegun","Relationship between clinically assessed heart failure severity and the Tei index in Nigerian patients",2013,"BMC research notes","Springer","https://link.springer.com/article/10.1186/1756-0500-6-488","https://scholar.google.com/scholar?cites=9438221300997776132&as_sdt=2005&sciodt=0,5&hl=en",149,"2021-07-17 18:35:28","HTML","10.1186/1756-0500-6-488","","",,,,,15,1.88,5,3,8,"… clinically assessed heart failure severity and the Tei index in Nigerian patients … of Medicine, Obafemi Awolowo University Teaching Hospitals Complex, Ile-Ife, Osun State, Nigeria … Anthropometric measurements included height, weight, waist circumference, and body mass …","https://link.springer.com/article/10.1186/1756-0500-6-488","https://scholar.google.com/scholar?q=related:BGN_dURM-4IJ:scholar.google.com/&scioq=%22waist+circumference%22+nigeria&hl=en&as_sdt=0,5&as_ylo=2013&as_yhi=2013&as_vis=1"
0,"TT Shogade, IO Essien, UE Ekrikpo, IO Umoh…","Can albuminuria status predict left ventricular dysfunction in type 2 diabetic patients? Curr Trend Cardiol 2020; 4 (1): 1-2 Curr Trend Cardiol 2020 Volume 4 …",2013,"BMC Public …","researchgate.net","https://www.researchgate.net/profile/Akpabio-Akpabio/publication/340647949_Can_albuminuria_status_predict_left_ventricular_dysfunction_in_type_2_diabetic_patients/links/5e97017792851c2f52a33824/Can-albuminuria-status-predict-left-ventricular-dysfunction-in-type-2-diabetic-patients.pdf","",150,"2021-07-17 18:35:28","PDF","","","",,,,,0,0.00,0,5,8,"… Progressively increasing albuminuria predicts worsening LVDD in Nigerian T2DM patients … type 2 diabetes mellitus, LVDD: left ventricular diastolic dysfunction, WC: waist circumference, HC: hip … from Nigeria and elsewhere have demonstrated increased left ventricular diastolic …","https://www.researchgate.net/profile/Akpabio-Akpabio/publication/340647949_Can_albuminuria_status_predict_left_ventricular_dysfunction_in_type_2_diabetic_patients/links/5e97017792851c2f52a33824/Can-albuminuria-status-predict-left-ventricular-dysfunction-in-type-2-diabetic-patients.pdf","https://scholar.google.com/scholar?q=related:nLKIj-aDBAQJ:scholar.google.com/&scioq=%22waist+circumference%22+nigeria&hl=en&as_sdt=0,5&as_ylo=2013&as_yhi=2013&as_vis=1"
0,"MA Ashok, TMD under Creative","Journal of Research in Diabetes",2013,"","ibimapublishing.com","https://ibimapublishing.com/articles/DIAB/2013/613176/m613176.pdf","",151,"2021-07-17 18:35:28","PDF","","","",,,,,0,0.00,0,2,8,"… 3.8Vs21.7+/-2.4 p<0.05), waist circumference (96+/-7Vs82+/-6 p<0.001) and waist: hip ratio (1.3+/-0.4Vs0.7+/-0.3 p<0.001) was observed in cases compared to controls … They analyzed liver enzymes and lipid profile in 106 T2DM patients from Nigeria and found elevated …","https://ibimapublishing.com/articles/DIAB/2013/613176/m613176.pdf","https://scholar.google.com/scholar?q=related:hj6ykZdSgEQJ:scholar.google.com/&scioq=%22waist+circumference%22+nigeria&hl=en&as_sdt=0,5&as_ylo=2013&as_yhi=2013&as_vis=1"
77,"E Albanese, C Taylor, M Siervo, R Stewart…","Dementia severity and weight loss: a comparison across eight cohorts. The 10/66 study",2013,"Alzheimer's & …","Elsevier","https://www.sciencedirect.com/science/article/pii/S1552526012025848","https://scholar.google.com/scholar?cites=4377786536997093552&as_sdt=2005&sciodt=0,5&hl=en",152,"2021-07-17 18:35:28","HTML","","","",,,,,77,9.63,15,5,8,"JavaScript is disabled on your browser. Please enable JavaScript to use all the features on this page. Skip to main content Skip to article …","https://www.sciencedirect.com/science/article/pii/S1552526012025848","https://scholar.google.com/scholar?q=related:sAAzMKkFwTwJ:scholar.google.com/&scioq=%22waist+circumference%22+nigeria&hl=en&as_sdt=0,5&as_ylo=2013&as_yhi=2013&as_vis=1"
22,"P Shankar, S Ahuja, A Tracchio","Coconut oil: a review",2013,"Agro Food Industry Hi …","essentialnutrition.com.br","https://www.essentialnutrition.com.br/media/artigos/chocolift/9.pdf","https://scholar.google.com/scholar?cites=9506379706081983363&as_sdt=2005&sciodt=0,5&hl=en",153,"2021-07-17 18:35:28","PDF","","","",,,,,22,2.75,7,3,8,"… Because VCO is a rich source of MCT and possesses antifungal properties, a study in Nigeria focused on its effectiveness as an … Of the many chronic conditions associated with metabolic syndrome, waist circumference can be used as an indicator of abdominal obesity (19 …","https://www.essentialnutrition.com.br/media/artigos/chocolift/9.pdf","https://scholar.google.com/scholar?q=related:g7v_yPlx7YMJ:scholar.google.com/&scioq=%22waist+circumference%22+nigeria&hl=en&as_sdt=0,5&as_ylo=2013&as_yhi=2013&as_vis=1"
42,"J Lammers, SJG van Wijnbergen…","Condom use, risk perception, and HIV knowledge: A comparison across sexes in Nigeria",2013,"HIV/AIDS (Auckland …","ncbi.nlm.nih.gov","https://www.ncbi.nlm.nih.gov/pmc/articles/PMC3810499/","https://scholar.google.com/scholar?cites=14601535752269970056&as_sdt=2005&sciodt=0,5&hl=en",154,"2021-07-17 18:35:28","HTML","","","",,,,,42,5.25,14,3,8,"… this has been relatively successful: in 2009, over 90% of the Nigerian population had … recent data show that AIDS is a growing public health problem in Nigeria … Moreover, anthropometric measurements were performed for length, weight, waist circumference, and blood pressure …","https://www.ncbi.nlm.nih.gov/pmc/articles/PMC3810499/","https://scholar.google.com/scholar?q=related:iLo3iWcTo8oJ:scholar.google.com/&scioq=%22waist+circumference%22+nigeria&hl=en&as_sdt=0,5&as_ylo=2013&as_yhi=2013&as_vis=1"
205,"A Amadou, P Ferrari, R Muwonge, A Moskal…","Overweight, obesity and risk of premenopausal breast cancer according to ethnicity: a systematic review and dose‐response meta‐analysis",2013,"Obesity …","Wiley Online Library","https://onlinelibrary.wiley.com/doi/abs/10.1111/obr.12028","https://scholar.google.com/scholar?cites=13097007354863052070&as_sdt=2005&sciodt=0,5&hl=en",155,"2021-07-17 18:35:28","","10.1111/obr.12028","","",,,,,205,25.63,41,5,8,"… deposits 9. Anthropometric indices height, weight, body mass index (BMI), waist circumference (WC), hip circumference (HC) or waist‐to‐hip ratio (WHR) are commonly used as tools for assessing overweight/obesity. Several …","","https://scholar.google.com/scholar?q=related:JmVKX8zqwbUJ:scholar.google.com/&scioq=%22waist+circumference%22+nigeria&hl=en&as_sdt=0,5&as_ylo=2013&as_yhi=2013&as_vis=1"
3,"F Damorou, K Yayehd, MP N'cho Mottoh…","Prevalence and determinants of obesity among workers in Lome (Togo)",2013,"Res J …","researchgate.net","https://www.researchgate.net/profile/Komlavi-Yayehd/publication/287454740_Prevalence_and_Determinants_of_Obesity_among_Workers_in_Lome_Togo/links/58ecc79d458515316aab3f8d/Prevalence-and-Determinants-of-Obesity-among-Workers-in-Lome-Togo.pdf","https://scholar.google.com/scholar?cites=11649622981012000622&as_sdt=2005&sciodt=0,5&hl=en",156,"2021-07-17 18:35:28","PDF","","","",,,,,3,0.38,1,4,8,"… 19-27, 2013 Table 3: Correlation coefficients between anthropometric data and other risk factors Body mass index Waist, circumference Parameters * SE p … (2011) reported a negative correlation between anthropometric data and blood pressure in a market population in Nigeria …","https://www.researchgate.net/profile/Komlavi-Yayehd/publication/287454740_Prevalence_and_Determinants_of_Obesity_among_Workers_in_Lome_Togo/links/58ecc79d458515316aab3f8d/Prevalence-and-Determinants-of-Obesity-among-Workers-in-Lome-Togo.pdf","https://scholar.google.com/scholar?q=related:bo9y_mDGq6EJ:scholar.google.com/&scioq=%22waist+circumference%22+nigeria&hl=en&as_sdt=0,5&as_ylo=2013&as_yhi=2013&as_vis=1"
242,"M Khoury, C Manlhiot, BW McCrindle","Role of the waist/height ratio in the cardiometabolic risk assessment of children classified by body mass index",2013,"Journal of the American College of …","jacc.org","https://www.jacc.org/doi/abs/10.1016/j.jacc.2013.01.026","https://scholar.google.com/scholar?cites=7924876152538191675&as_sdt=2005&sciodt=0,5&hl=en",157,"2021-07-17 18:35:28","","10.1016/j.jacc.2013.01.026","","",,,,,242,30.25,81,3,8,"… The waist/height ratio (WHtR) (waist circumference divided by height, both measured in centimeters) has been advocated as an effective and convenient measure of central adiposity that could potentially be superior to BMI alone in determining cardiometabolic risk (18–22) …","https://www.sciencedirect.com/science/article/pii/S0735109713003902","https://scholar.google.com/scholar?q=related:O9cAed_Q-m0J:scholar.google.com/&scioq=%22waist+circumference%22+nigeria&hl=en&as_sdt=0,5&as_ylo=2013&as_yhi=2013&as_vis=1"
71,"P Lopez-Legarrea, R de la Iglesia, I Abete…","Short-term role of the dietary total antioxidant capacity in two hypocaloric regimes on obese with metabolic syndrome symptoms: the RESMENA randomized …",2013,"Nutrition & …","Springer","https://link.springer.com/article/10.1186/1743-7075-10-22","https://scholar.google.com/scholar?cites=16916381393044880967&as_sdt=2005&sciodt=0,5&hl=en",158,"2021-07-17 18:35:28","HTML","10.1186/1743-7075-10-22","","",,,,,71,8.88,18,4,8,"… Results. Both diets equally (p > 0.05) improved MetS manifestations. Dietary TAC was the component which showed the major influence on body weight (p = 0.034), body mass index (p = 0.026), waist circumference (p = 0.083) and fat mass (p = 0.015) reductions …","https://link.springer.com/article/10.1186/1743-7075-10-22","https://scholar.google.com/scholar?q=related:R753CUAPw-oJ:scholar.google.com/&scioq=%22waist+circumference%22+nigeria&hl=en&as_sdt=0,5&as_ylo=2013&as_yhi=2013&as_vis=1"
8,"D Kuate, BC Etoundi, JL Ngondi, W Muda…","Anti-inflammatory, anthropometric and lipomodulatory effects Dyglomera®(aqueous extract of Dichrostachys glomerata) in obese patients with metabolic syndrome",2013,"Functional Foods in …","ffhdj.com","http://ffhdj.com/index.php/ffhd/article/view/35","https://scholar.google.com/scholar?cites=3910313712538244496&as_sdt=2005&sciodt=0,5&hl=en",159,"2021-07-17 18:35:28","","","","",,,,,8,1.00,2,5,8,"… 6. Valsamakis G, McTernan P, Chetty R, Al Daghri N, Field A, Hanif W, Barnett A, and Kumar S. Modest weight loss and reduction in waist circumference after medical … Kudi AC, Umoh JU, Eduvie LO, Gefu J. Screening of some Nigerian Medicinal plants for antibacterial activity …","http://ffhdj.com/index.php/ffhd/article/download/35/75","https://scholar.google.com/scholar?q=related:kFUulJo5RDYJ:scholar.google.com/&scioq=%22waist+circumference%22+nigeria&hl=en&as_sdt=0,5&as_ylo=2013&as_yhi=2013&as_vis=1"
0,"D ANGBAZO","ASSESMENT OF KIDNEY FUNCTION AND RISK FACTORS FOR CHRONIC KIDNEY DISEASE IN AN URBAN NIGERIAN WORKPLACE",2013,"Faculty of INTERNAL MEDICINE","dissertation.npmcn.edu.ng","http://www.dissertation.npmcn.edu.ng/index.php/FMCP/article/download/634/568","",160,"2021-07-17 18:35:28","PDF","","","",,,,,0,0.00,0,1,8,"… Nigeria's 1996 National census figure, the crude prevalence of hypertension has been … 9.3%.70 This translates to about 4.33 million Nigerian hypertensives aged 15 years and … guidelines many more Nigerians (20-25%) can be said to be hypertensive.70,71 …","http://www.dissertation.npmcn.edu.ng/index.php/FMCP/article/download/634/568","https://scholar.google.com/scholar?q=related:7wtUbpZ1lZ0J:scholar.google.com/&scioq=%22waist+circumference%22+nigeria&hl=en&as_sdt=0,5&as_ylo=2013&as_yhi=2013&as_vis=1"
2,"SS Singh, C Sodhi, J Singh, J Pramod","Assessment of left ventricular ejection fraction in patients undergoing cardiac rehabilitation following acute myocardial infarction",2013,"Nigerian Journal of …","nigjcardiol.org","https://www.nigjcardiol.org/tocd.asp?2013/10/2/57/127001/1","https://scholar.google.com/scholar?cites=14246528262442684190&as_sdt=2005&sciodt=0,5&hl=en",161,"2021-07-17 18:35:28","HTML","","","",,,,,2,0.25,1,4,8,"… Control group They followed the following schedule: At the end of the 4 th week: BMI, waist circumference, BP, smoking status and occupational status were reassessed for compliance to secondary … Nigerian Journal of Cardiology | Published by Wolters Kluwer - Medknow …","https://www.nigjcardiol.org/tocd.asp?2013/10/2/57/127001/1","https://scholar.google.com/scholar?q=related:Ho91LfnVtcUJ:scholar.google.com/&scioq=%22waist+circumference%22+nigeria&hl=en&as_sdt=0,5&as_ylo=2013&as_yhi=2013&as_vis=1"
26,"V Mogre, PP Mwinlenna…","Distorted self-perceived weight status and its associated factors among civil servants in Tamale, Ghana: a cross-sectional study",2013,"Archives of …","archpublichealth.biomedcentral.com","https://archpublichealth.biomedcentral.com/articles/10.1186/2049-3258-71-30","https://scholar.google.com/scholar?cites=3972406232447354967&as_sdt=2005&sciodt=0,5&hl=en",162,"2021-07-17 18:35:28","HTML","10.1186/2049-3258-71-30","","",,,,,26,3.25,9,3,8,"Obesity has been described as an epidemic and a major public health concern globally. Distorted self-perceived weight status can negatively impact an individual's decision to lose weight as well as adoption of healthful weight management attitudes. This study described self-perceived …","https://archpublichealth.biomedcentral.com/articles/10.1186/2049-3258-71-30","https://scholar.google.com/scholar?q=related:V4iS9GvSIDcJ:scholar.google.com/&scioq=%22waist+circumference%22+nigeria&hl=en&as_sdt=0,5&as_ylo=2013&as_yhi=2013&as_vis=1"
55,"SH Yarahmadi, K Etemad, ARM Hazaveh…","Urbanization and non-communicable risk factors in the capital city of 6 big provinces of Iran",2013,"Iranian journal of …","ncbi.nlm.nih.gov","https://www.ncbi.nlm.nih.gov/pmc/articles/PMC3712588/","https://scholar.google.com/scholar?cites=12617922135296048373&as_sdt=2005&sciodt=0,5&hl=en",163,"2021-07-17 18:35:28","HTML","","","",,,,,55,6.88,14,4,8,"… It is important to note that in the present study, obese women defined by BMI or waist circumference had an increased risk of … KW, Yusuf BO, Gbadamosi M, Johnson MB, Gbadamosi A. Modifiable cardiovascular risk factors among apparently healthy adult Nigerian population …","https://www.ncbi.nlm.nih.gov/pmc/articles/PMC3712588/","https://scholar.google.com/scholar?q=related:9fzbVVTdG68J:scholar.google.com/&scioq=%22waist+circumference%22+nigeria&hl=en&as_sdt=0,5&as_ylo=2013&as_yhi=2013&as_vis=1"
13,"RA Pobee, WB Owusu, WA Plahar","The prevalence of obesity among female teachers of child-bearing age in Ghana",2013,"African journal of food, agriculture …","ajol.info","https://www.ajol.info/index.php/ajfand/article/view/90623","https://scholar.google.com/scholar?cites=15623070254246494093&as_sdt=2005&sciodt=0,5&hl=en",164,"2021-07-17 18:35:28","","","","",,,,,13,1.63,4,3,8,"… Socioeconomic variables such as marital status, income and parity showed a positive association with BMI and waist circumference … Ghana showed that three million out of 20 million Ghanaians are overweight and obese [5]. Among these countries, Nigeria, Congo Brazzaville …","https://www.ajol.info/index.php/ajfand/article/download/90623/80038","https://scholar.google.com/scholar?q=related:jX9VJZ9L0NgJ:scholar.google.com/&scioq=%22waist+circumference%22+nigeria&hl=en&as_sdt=0,5&as_ylo=2013&as_yhi=2013&as_vis=1"
304,"AK Cohen, M Rai, DH Rehkopf, B Abrams","Educational attainment and obesity: a systematic review",2013,"Obesity Reviews","Wiley Online Library","https://onlinelibrary.wiley.com/doi/abs/10.1111/obr.12062","https://scholar.google.com/scholar?cites=14646332290291737293&as_sdt=2005&sciodt=0,5&hl=en",165,"2021-07-17 18:35:28","","10.1111/obr.12062","","",,,,,304,38.00,76,4,8,"Summary Although previous systematic reviews considered the relationship between socioeconomic status and obesity, almost 200 peer-reviewed articles have been published since the last review on tha...","https://www.ncbi.nlm.nih.gov/pmc/articles/pmc3902051/","https://scholar.google.com/scholar?q=related:zSIsUZ45QssJ:scholar.google.com/&scioq=%22waist+circumference%22+nigeria&hl=en&as_sdt=0,5&as_ylo=2013&as_yhi=2013&as_vis=1"
4,"NGT Mushonga, D Chagwena, C Benhura…","An assessment of the nutritional status of University of Zimbabwe students",2013,"Pakistan Journal of …","academia.edu","https://www.academia.edu/download/38262019/Mushonga_et_al_2013__Assessment_of_the_Nutritional_Status_of_University_of_Zimbabwe_Students.pdf","https://scholar.google.com/scholar?cites=18042918316843319983&as_sdt=2005&sciodt=0,5&hl=en",166,"2021-07-17 18:35:28","PDF","","","",,,,,4,0.50,1,4,8,"… The waist circumference was measured at the site just above the umbilicus and hip circumference at the widest part of the hip … Nutritional status of undergraduates in a Nigerian university in south- west Nigeria. Int. J. Med. Med. Sci., 1: 318-324 …","https://www.academia.edu/download/38262019/Mushonga_et_al_2013__Assessment_of_the_Nutritional_Status_of_University_of_Zimbabwe_Students.pdf","https://scholar.google.com/scholar?q=related:r8LVGp1SZfoJ:scholar.google.com/&scioq=%22waist+circumference%22+nigeria&hl=en&as_sdt=0,5&as_ylo=2013&as_yhi=2013&as_vis=1"
0,"AO Akinpelu, OO Oyewole, AC Odole…","Reference Values and Relationship between Cardio-Respiratory Fitness Index and Body Mass Index of Adolescent Students in a Southwestern Nigerian …",2013,"EDITORIAL …","researchgate.net","https://www.researchgate.net/profile/Caleb-Gbiri/publication/235611042_Reference_Values_and_Relationship_between_Cardio-Respiratory_Fitness_Index_and_Body_Mass_Index_of_Adolescent_Students_in_a_Southwestern_Nigerian_Community/links/53d1fa8a0cf2a7fbb2e95ad1/Reference-Values-and-Relationship-between-Cardio-Respiratory-Fitness-Index-and-Body-Mass-Index-of-Adolescent-Students-in-a-Southwestern-Nigerian-Community.pdf#page=24","",167,"2021-07-17 18:35:28","PDF","","","",,,,,0,0.00,0,4,8,"… Arch 18 years in a Nigerian community … BMJ An M. Sc dissertation in the department of 2000; 320 (7244): 1240-3. physiotherapy, University of Ibadan, Nigeria … C: Fitness alters the association of body mass Fitness 2002; 42 (2): 207-13 index and waist circumference with total …","https://www.researchgate.net/profile/Caleb-Gbiri/publication/235611042_Reference_Values_and_Relationship_between_Cardio-Respiratory_Fitness_Index_and_Body_Mass_Index_of_Adolescent_Students_in_a_Southwestern_Nigerian_Community/links/53d1fa8a0cf2a7fbb2e95ad1/Reference-Values-and-Relationship-between-Cardio-Respiratory-Fitness-Index-and-Body-Mass-Index-of-Adolescent-Students-in-a-Southwestern-Nigerian-Community.pdf#page=24","https://scholar.google.com/scholar?q=related:UIgLxgPJxb8J:scholar.google.com/&scioq=%22waist+circumference%22+nigeria&hl=en&as_sdt=0,5&as_ylo=2013&as_yhi=2013&as_vis=1"
88,"CD Engelman, KJ Meyers, SK Iyengar…","Vitamin D Intake and Season Modify the Effects of the GC and CYP2R1 Genes on 25-Hydroxyvitamin D Concentrations",2013,"The Journal of …","academic.oup.com","https://academic.oup.com/jn/article-abstract/143/1/17/4569783","https://scholar.google.com/scholar?cites=17876649330692422649&as_sdt=2005&sciodt=0,5&hl=en",168,"2021-07-17 18:35:28","","","","",,,,,88,11.00,22,4,8,"Abstract. Vitamin D deficiency {defined by the blood concentration of 25-hydroxyvitamin D [25(OH)D]} has been associated with many adverse health outcomes. Gene.","https://academic.oup.com/jn/article/143/1/17/4569783","https://scholar.google.com/scholar?q=related:-XslCtqdFvgJ:scholar.google.com/&scioq=%22waist+circumference%22+nigeria&hl=en&as_sdt=0,5&as_ylo=2013&as_yhi=2013&as_vis=1"
34,"MJ Jin, BB Chen, YY Mao, YM Zhu, YX Yu, YY Wu…","Prevalence of overweight and obesity and their associations with socioeconomic status in a rural Han Chinese adult population",2013,"PloS one","journals.plos.org","https://journals.plos.org/plosone/article?id=10.1371/journal.pone.0079946","https://scholar.google.com/scholar?cites=6105489595321435135&as_sdt=2005&sciodt=0,5&hl=en",169,"2021-07-17 18:35:28","HTML","","","",,,,,34,4.25,5,7,8,"… Each participant's weight, height, waist circumference (WC), and hipline circumference (HC) were measured, and demographic and socioeconomic data were collected using questionnaires. Results … (a) Body mass index (BMI, kg m -2 ); (b) Waist circumference (WC, cm) …","https://journals.plos.org/plosone/article?id=10.1371/journal.pone.0079946","https://scholar.google.com/scholar?q=related:_0P6THAOu1QJ:scholar.google.com/&scioq=%22waist+circumference%22+nigeria&hl=en&as_sdt=0,5&as_ylo=2013&as_yhi=2013&as_vis=1"
20,"JW Kim, D Seo, B Swearingin, WY So","Association between obesity and various parameters of physical fitness in Korean students",2013,"Obesity research & clinical practice","Elsevier","https://www.sciencedirect.com/science/article/pii/S1871403X11002110","https://scholar.google.com/scholar?cites=8859287795851291773&as_sdt=2005&sciodt=0,5&hl=en",170,"2021-07-17 18:35:28","","","","",,,,,20,2.50,5,4,8,"… Summary. The purpose of this study was to evaluate the association between the types of obesity classified according to the body mass index (BMI) and/or waist circumference (WC) and the various parameters of physical fitness in Korean college students …","","https://scholar.google.com/scholar?q=related:fWyr0k-D8noJ:scholar.google.com/&scioq=%22waist+circumference%22+nigeria&hl=en&as_sdt=0,5&as_ylo=2013&as_yhi=2013&as_vis=1"
11,"JB Rasmussen, JA Thomsen, P Rossing…","Diabetes mellitus, hypertension and albuminuria in rural Z ambia: a hospital‐based survey",2013,"Tropical Medicine & …","Wiley Online Library","https://onlinelibrary.wiley.com/doi/abs/10.1111/tmi.12139","https://scholar.google.com/scholar?cites=15941018935712289141&as_sdt=2005&sciodt=0,5&hl=en",171,"2021-07-17 18:35:28","","10.1111/tmi.12139","","",,,,,11,1.38,3,4,8,"… Other information obtained included age, sex, body mass index (BMI), waist circumference (WC), blood pressure (BP), glycosylated haemoglobin (HbA 1c ), random capillary glucose, time since diagnosis, medication and family history of DM or HTN. Results …","https://onlinelibrary.wiley.com/doi/full/10.1111/tmi.12139","https://scholar.google.com/scholar?q=related:dRHoTEPgOd0J:scholar.google.com/&scioq=%22waist+circumference%22+nigeria&hl=en&as_sdt=0,5&as_ylo=2013&as_yhi=2013&as_vis=1"
7,"AT Oyedeji, C Lee, OO Owojori…","Successful medical management of a left ventricular thrombus and aneurysm following failed thrombolysis in myocardial infarction",2013,"Clinical Medicine …","journals.sagepub.com","https://journals.sagepub.com/doi/abs/10.4137/CMC.S10929","https://scholar.google.com/scholar?cites=17222915627206900163&as_sdt=2005&sciodt=0,5&hl=en",172,"2021-07-17 18:35:28","","10.4137/CMC.S10929","","",,,,,7,0.88,2,4,8,"We report the case of a patient with an extensive anterior myocardial infarction complicated by left ventricular systolic dysfunction, left ventricular apical thrombus and an apical left ventricula...","https://journals.sagepub.com/doi/full/10.4137/CMC.S10929","https://scholar.google.com/scholar?q=related:w_kwFIMWBO8J:scholar.google.com/&scioq=%22waist+circumference%22+nigeria&hl=en&as_sdt=0,5&as_ylo=2013&as_yhi=2013&as_vis=1"
0,"JY Fabong","… 2 DIABETES MELLITUS AMONG DIABETICS AND NON DIABETIC PATIENTS ATTENDING THE GENERAL OUTPATIENTS CLINNICS IN PSSH JOS. NIGERIA",2013,"Faculty of Anaesthesia","dissertation.npmcn.edu.ng","http://dissertation.npmcn.edu.ng/index.php/FMCA/article/download/94/844","",173,"2021-07-17 18:35:28","PDF","","","",,,,,0,0.00,0,1,8,"… Waist circumference, weight and height were measured and BMI calculated … The Nigerian national prevalence reported in 1997 by an expert committee set up by the FMOH … More than 90% of cases in Nigeria are type 2 diabetes mellitus and this is the predominant type of …","http://dissertation.npmcn.edu.ng/index.php/FMCA/article/download/94/844","https://scholar.google.com/scholar?q=related:Z0f6zeXyh6sJ:scholar.google.com/&scioq=%22waist+circumference%22+nigeria&hl=en&as_sdt=0,5&as_ylo=2013&as_yhi=2013&as_vis=1"
8,"BM Bello-Rodriguez, G Sanchez-Cruz…","The relationship between metabolic syndrome and target organ damage in Ghanaian with stage-2 hypertension",2013,"Ghana medical …","ncbi.nlm.nih.gov","https://www.ncbi.nlm.nih.gov/pmc/articles/pmc3961852/","https://scholar.google.com/scholar?cites=6508057102194251769&as_sdt=2005&sciodt=0,5&hl=en",174,"2021-07-17 18:35:28","HTML","","","",,,,,8,1.00,3,3,8,"… In Nigeria, the frequency of metabolic syndrome in adult patients attended at two hospitals in … 23 Other study, in newly diagnosed hypertensive Nigerian subjects (on Cardiology unit of LAUTECH Teaching … with a BMI 25.0 to 29.9 kg/m 2 and large waist circumference who may …","https://www.ncbi.nlm.nih.gov/pmc/articles/pmc3961852/","https://scholar.google.com/scholar?q=related:-Rc_CnRDUVoJ:scholar.google.com/&scioq=%22waist+circumference%22+nigeria&hl=en&as_sdt=0,5&as_ylo=2013&as_yhi=2013&as_vis=1"
1,"OB Aborisade, MA Charles-Davies…","Environmental Influences in Normal Weight Women with History of Recurrent Pregnancy Loss",2013,"International Journal of …","journalbank.org","https://journalbank.org/index.php/IJTDH/article/view/2380","https://scholar.google.com/scholar?cites=16159623832476767651&as_sdt=2005&sciodt=0,5&hl=en",175,"2021-07-17 18:35:28","","","","",,,,,1,0.13,0,3,8,"… NPP= number of previous pregnancy HC= hip circumference, WC= waist circumference, TC=total … Serum Vitamin E, Cholesterol and Triglyceride Levels of Nigerian Women with Unexplained … to metabolic syndrome amongst school based adolescents in Botswana and Nigeria …","https://journalbank.org/index.php/IJTDH/article/download/2380/4758","https://scholar.google.com/scholar?q=related:o9W2HkKEQuAJ:scholar.google.com/&scioq=%22waist+circumference%22+nigeria&hl=en&as_sdt=0,5&as_ylo=2013&as_yhi=2013&as_vis=1"
50,"SO Oti, SJM van de Vijver, C Agyemang…","The magnitude of diabetes and its association with obesity in the slums of N airobi, K enya: results from a cross‐sectional survey",2013,"Tropical Medicine & …","Wiley Online Library","https://onlinelibrary.wiley.com/doi/abs/10.1111/tmi.12200","https://scholar.google.com/scholar?cites=18308346635591724128&as_sdt=2005&sciodt=0,5&hl=en",176,"2021-07-17 18:35:28","","10.1111/tmi.12200","","",,,,,50,6.25,13,4,8,"Abstract Objectives To assess the prevalence, awareness, treatment and control of diabetes and to examine the relationship of obesity with raised blood glucose in the slums of Nairobi, Kenya. Metho...","https://onlinelibrary.wiley.com/doi/pdfdirect/10.1111/tmi.12200","https://scholar.google.com/scholar?q=related:YKwpZ0NQFP4J:scholar.google.com/&scioq=%22waist+circumference%22+nigeria&hl=en&as_sdt=0,5&as_ylo=2013&as_yhi=2013&as_vis=1"
31,"E Archer, GA Hand, JR Hébert, EY Lau, X Wang…","Validation of a novel protocol for calculating estimated energy requirements and average daily physical activity ratio for the US population: 2005-2006",2013,"Mayo Clinic …","Elsevier","https://www.sciencedirect.com/science/article/pii/S0025619613007908","https://scholar.google.com/scholar?cites=4862514948617213818&as_sdt=2005&sciodt=0,5&hl=en",177,"2021-07-17 18:35:28","","","","",,,,,31,3.88,5,6,8,"… PA physical activity. PAR physical activity ratio. SED sedentary. WC waist circumference … For example, in a cross-national comparison, African American women had similar DLW-derived activity EE as African women in Nigeria, yet, on average, the US women weighed 20 kg more …","","https://scholar.google.com/scholar?q=related:ehdbQ5Ufe0MJ:scholar.google.com/&scioq=%22waist+circumference%22+nigeria&hl=en&as_sdt=0,5&as_ylo=2013&as_yhi=2013&as_vis=1"
33,"VM Miller, TM Petterson, EN Jeavons…","Genetic polymorphisms associated with carotid artery intima-media thickness and coronary artery calcification in women of the Kronos Early Estrogen Prevention …",2013,"Physiological …","journals.physiology.org","https://journals.physiology.org/doi/abs/10.1152/physiolgenomics.00114.2012","https://scholar.google.com/scholar?cites=16679091941683069235&as_sdt=2005&sciodt=0,5&hl=en",178,"2021-07-17 18:35:28","","10.1152/physiolgenomics.00114.2012","","",,,,,33,4.13,8,4,8,"… Using logistic regression, when we adjusted for waist circumference, two SNPs (rs11465886, IRAK2, chromosome 3, OR = 3.91, P value = 1.10 × 10 −04 ; and rs17751769, SERPINA1, chromosome 14, OR = 1.96, P value = 2.42 × 10 −04 ) associated positively with a CAC …","https://journals.physiology.org/doi/full/10.1152/physiolgenomics.00114.2012","https://scholar.google.com/scholar?q=related:M4EZWMAJeOcJ:scholar.google.com/&scioq=%22waist+circumference%22+nigeria&hl=en&as_sdt=0,5&as_ylo=2013&as_yhi=2013&as_vis=1"
13,"D Karasek, H Vaverkova, M Halenka…","Prehypertension in dyslipidemic individuals; relationship to metabolic parameters and intima-media thickness",2013,"Biomed Pap Med …","biomed.papers.upol.cz","http://www.biomed.papers.upol.cz/pdfs/bio/2013/01/07.pdf","https://scholar.google.com/scholar?cites=11012667825999386655&as_sdt=2005&sciodt=0,5&hl=en",179,"2021-07-17 18:35:28","PDF","","","",,,,,13,1.63,3,4,8,"… Systolic and diastolic blood pressure (SBP + DBP) correlated with age, total cholesterol, TG, non-HDL-cholesterol, body mass index and waist circumference; SBP additionally with C-peptide, fasting glycemia; DBP additionally with apoB, homeostasis model assessment (HOMA …","http://www.biomed.papers.upol.cz/pdfs/bio/2013/01/07.pdf","https://scholar.google.com/scholar?q=related:HxgRRgrb1JgJ:scholar.google.com/&scioq=%22waist+circumference%22+nigeria&hl=en&as_sdt=0,5&as_ylo=2013&as_yhi=2013&as_vis=1"
3,"RA Esmail, RE Hinrichs, UM Kabadi","Primary hypothyroidism: Presence of central adiposity and its improvement on attaining euthyroid state with L-thyroxine",2013,"","scirp.org","https://www.scirp.org/html/1-1980100_36438.htm","https://scholar.google.com/scholar?cites=7458824474952577208&as_sdt=2005&sciodt=0,5&hl=en",180,"2021-07-17 18:35:28","HTML","","","",,,,,3,0.38,1,3,8,"… doi:10.2337/dc09-0176; L. de Koning, AT Merchant, J. Pogue, et al., “Waist Circumference and Waist-to-Hip Ratio as Predictors of … AO Ogbera, S. Kuku and O. Dada, “The Metabolic Syndrome in Thyroid Disease: A Report from Nigeria,” Indian Journal of Endocrinology and …","https://www.scirp.org/html/1-1980100_36438.htm","https://scholar.google.com/scholar?q=related:uLCJZ1cRg2cJ:scholar.google.com/&scioq=%22waist+circumference%22+nigeria&hl=en&as_sdt=0,5&as_ylo=2013&as_yhi=2013&as_vis=1"
30,"D Cortelazzi, A Marconi, M Guazzi, M Cristina…","Sexual dysfunction in pre-menopausal diabetic women: clinical, metabolic, psychological, cardiovascular, and neurophysiologic correlates",2013,"Acta …","Springer","https://link.springer.com/content/pdf/10.1007/s00592-013-0482-x.pdf","https://scholar.google.com/scholar?cites=5301745511842879907&as_sdt=2005&sciodt=0,5&hl=en",181,"2021-07-17 18:35:28","","10.1007/s00592-013-0482-x","","",,,,,30,3.75,6,5,8,"… Data are expressed as mean ± SE or as absolute numbers (plus percentages) BMI Body Mass Index, WC waist circumference, FMD Flow-mediated … Olarinoye J, Olarinoye A (2008) Determinants of sexual function among women with type 2 diabetes in a nigerian population …","https://www.researchgate.net/profile/Alessandro-Innocenti-5/publication/236912240_Sexual_dysfunction_in_pre-menopausal_diabetic_women_Clinical_metabolic_psychological_cardiovascular_and_neurophysiologic_correlates/links/00463528b51e55fa7c000000/Sexual-dysfunction-in-pre-menopausal-diabetic-women-Clinical-metabolic-psychological-cardiovascular-and-neurophysiologic-correlates.pdf","https://scholar.google.com/scholar?q=related:o5nqAnSVk0kJ:scholar.google.com/&scioq=%22waist+circumference%22+nigeria&hl=en&as_sdt=0,5&as_ylo=2013&as_yhi=2013&as_vis=1"
13,"H Kramer, L Dugas, SE Rosas","Race and the insulin resistance syndrome",2013,"Seminars in nephrology","Elsevier","https://www.sciencedirect.com/science/article/pii/S0270929513000843","https://scholar.google.com/scholar?cites=9528412499963639161&as_sdt=2005&sciodt=0,5&hl=en",182,"2021-07-17 18:35:28","","","","",,,,,13,1.63,4,3,8,"","","https://scholar.google.com/scholar?q=related:eXW5Xa-4O4QJ:scholar.google.com/&scioq=%22waist+circumference%22+nigeria&hl=en&as_sdt=0,5&as_ylo=2013&as_yhi=2013&as_vis=1"
21,"PA Aryee, GK Helegbe, B Baah…","Prevalence and risk factors for overweight and obesity among nurses in the tamale metropolis of Ghana",2013,"Journal of Medical and …","ajol.info","https://www.ajol.info/index.php/jmbs/article/view/101910","https://scholar.google.com/scholar?cites=4309803642287426837&as_sdt=2005&sciodt=0,5&hl=en",183,"2021-07-17 18:35:28","","","","",,,,,21,2.63,5,4,8,"… BMI – Body mass index; WHR – Waist-to-hip ratio; WC— Waist circumference; HC—Hip circumference … prevalences of overweight/obesity of public health significance among nurses in Nigeria and the … and for that matter the female population, whilst in the Nigerian study this …","https://www.ajol.info/index.php/jmbs/article/view/101910/91959","https://scholar.google.com/scholar?q=related:FQ06DpR_zzsJ:scholar.google.com/&scioq=%22waist+circumference%22+nigeria&hl=en&as_sdt=0,5&as_ylo=2013&as_yhi=2013&as_vis=1"
17,"NY Kim, YM Hong, JW Jung, NS Kim…","The relationships of body mass index, waist-to-height ratio, and body fat percentage with blood pressure and its hemodynamic determinants in Korean …",2013,"Korean journal of …","ncbi.nlm.nih.gov","https://www.ncbi.nlm.nih.gov/pmc/articles/pmc3885788/","https://scholar.google.com/scholar?cites=6701982475942126122&as_sdt=2005&sciodt=0,5&hl=en",184,"2021-07-17 18:35:28","HTML","","","",,,,,17,2.13,3,5,8,"… Obesity and elevated blood pressure among adolescents in Lagos, Nigeria: a cross-sectional study. BMC Public Health … Waist circumference and body mass index in Chinese children: cutoff values for predicting cardiovascular risk factors. Int J Obes (Lond) 2007;31:550–558 …","https://www.ncbi.nlm.nih.gov/pmc/articles/pmc3885788/","https://scholar.google.com/scholar?q=related:KmJsoY05Al0J:scholar.google.com/&scioq=%22waist+circumference%22+nigeria&hl=en&as_sdt=0,5&as_ylo=2013&as_yhi=2013&as_vis=1"
0,"BAH Ahmed","Assessment of Hypertension Risk Factors and Utilization of services among Hypertensive Patients Attending Wad Magbool Health Centre, Gezira State, Sudan (May …",2013,"","repo.uofg.edu.sd","http://repo.uofg.edu.sd/handle/123456789/518","",185,"2021-07-17 18:35:28","","","","",,,,,0,0.00,0,1,8,"… extremes of education level (none and secondary or above) among men, and being unmarried and waist circumference >/= 80 cm among women … burden of undetected hypertension(8). Astudy conducted in Nigeria by Onwuchekwa, AC, MM Mezie-Okoye, et al …","http://repo.uofg.edu.sd/bitstream/handle/123456789/518/%20%20%20%20%20%20%20%20%20%20%20%20%20.pdf?sequence=1","https://scholar.google.com/scholar?q=related:jtDqo-zmZscJ:scholar.google.com/&scioq=%22waist+circumference%22+nigeria&hl=en&as_sdt=0,5&as_ylo=2013&as_yhi=2013&as_vis=1"
28,"S Mansi, S Milosavljevic, S Tumilty…","Use of pedometer-driven walking to promote physical activity and improve health-related quality of life among meat processing workers: a feasibility trial",2013,"Health and quality …","hqlo.biomedcentral.com","https://hqlo.biomedcentral.com/articles/10.1186/1477-7525-11-185","https://scholar.google.com/scholar?cites=214759109036815032&as_sdt=2005&sciodt=0,5&hl=en",186,"2021-07-17 18:35:28","HTML","10.1186/1477-7525-11-185","","",,,,,28,3.50,7,4,8,"Current evidence supports the use of pedometers as effective motivational tools to promote physical activity and improve health-related quality of life in the general population. The aims of this study are to examine whether a pedometer-driven walking programme can improve health …","https://hqlo.biomedcentral.com/articles/10.1186/1477-7525-11-185","https://scholar.google.com/scholar?q=related:uDJrlkX6-gIJ:scholar.google.com/&scioq=%22waist+circumference%22+nigeria&hl=en&as_sdt=0,5&as_ylo=2013&as_yhi=2013&as_vis=1"
0,"AA AKINBODEWA","CLINICO-PATHOLOGICAL STUDY OF RENAL FUNCTION IN TYPE 2 DIABETICS WITH NEPHROPATHY IN ILE-IFE, NIGERIA",2013,"Faculty of INTERNAL MEDICINE","dissertation.npmcn.edu.ng","http://www.dissertation.npmcn.edu.ng/index.php/FMCP/article/download/617/584","",187,"2021-07-17 18:35:28","PDF","","","",,,,,0,0.00,0,1,8,"… OBAFEMI AWOLOWO UNIVERSIITY TEACHING HOSPITALS COMPLEX, ILE-IFE, OSUN STATE, NIGERIA. MAY 2013 … This research aimed to study the renal function in Nigerian patients with type 2 diabetes mellitus and determine its relationship with the renal histopathology …","http://www.dissertation.npmcn.edu.ng/index.php/FMCP/article/download/617/584","https://scholar.google.com/scholar?q=related:rWP-XsM-DpEJ:scholar.google.com/&scioq=%22waist+circumference%22+nigeria&hl=en&as_sdt=0,5&as_ylo=2013&as_yhi=2013&as_vis=1"
1,"M Wiacek","Control of menopausal transition through physical exercises",2013,"Current Women's Health Reviews","ingentaconnect.com","https://www.ingentaconnect.com/content/ben/cwhr/2013/00000009/00000001/art00005","https://scholar.google.com/scholar?cites=801560457916130479&as_sdt=2005&sciodt=0,5&hl=en",188,"2021-07-17 18:35:28","","","","",,,,,1,0.13,1,1,8,"… Anthropometric Parameters as a Function of the Menopause: Body Mass Index and Waist Circumference Although, some studies on changes in BMI as a … and with the latest study by Achie et al., [57] on pre-menopausal and post-menopausal women from Zaria, Northern Nigeria …","https://www.researchgate.net/profile/Magdalena-Wiacek/publication/284517375_Control_of_Menopausal_Transition_through_Physical_Exercises/links/5753c52408ae6807fafedbe8/Control-of-Menopausal-Transition-through-Physical-Exercises.pdf","https://scholar.google.com/scholar?q=related:ryQXWP22HwsJ:scholar.google.com/&scioq=%22waist+circumference%22+nigeria&hl=en&as_sdt=0,5&as_ylo=2013&as_yhi=2013&as_vis=1"
11,"E Albanese, FL Lombardo, MJ Prince, R Stewart","Dementia and lower blood pressure in Latin America, India, and China: a 10/66 cross-cohort study",2013,"Neurology","AAN Enterprises","https://n.neurology.org/content/81/3/228.short","https://scholar.google.com/scholar?cites=15466150923250657193&as_sdt=2005&sciodt=0,5&hl=en",189,"2021-07-17 18:35:28","","","","",,,,,11,1.38,3,4,8,"Skip to main content. Advertisement. Neurology.org; Journals: Neurology; Clinical Practice; Genetics; Neuroimmunology & Neuroinflammation. Specialty Sites: COVID-19; Practice Current; Practice Buzz; Without Borders; Equity, Diversity …","https://www.ncbi.nlm.nih.gov/pmc/articles/PMC3770159/","https://scholar.google.com/scholar?q=related:qWfvTlLOotYJ:scholar.google.com/&scioq=%22waist+circumference%22+nigeria&hl=en&as_sdt=0,5&as_ylo=2013&as_yhi=2013&as_vis=1"
34,"P Piaggi, J Krakoff, C Bogardus, MS Thearle","Lower “awake and fed thermogenesis” predicts future weight gain in subjects with abdominal adiposity",2013,"Diabetes","Am Diabetes Assoc","https://diabetes.diabetesjournals.org/content/62/12/4043.short","https://scholar.google.com/scholar?cites=755937318395014685&as_sdt=2005&sciodt=0,5&hl=en",190,"2021-07-17 18:35:28","","","","",,,,,34,4.25,9,4,8,"","https://diabetes.diabetesjournals.org/content/diabetes/62/12/4043.full.pdf","https://scholar.google.com/scholar?q=related:HW5lZ_ygfQoJ:scholar.google.com/&scioq=%22waist+circumference%22+nigeria&hl=en&as_sdt=0,5&as_ylo=2013&as_yhi=2013&as_vis=1"
2,"P Ueda","Famine in Nigeria and vitamin D in Sweden: two early life exposures and their relation to cardiovascular risk in adulthood",2013,"","openarchive.ki.se","https://openarchive.ki.se/xmlui/handle/10616/41819","https://scholar.google.com/scholar?cites=14535609621417404027&as_sdt=2005&sciodt=0,5&hl=en",191,"2021-07-17 18:35:28","BOOK","","","",,,,,2,0.25,2,1,8,"… We examined the association between exposure to the Biafra famine (1968-1970) and cardiovascular risk in 1,339 Nigerians … Rural Enugu, Nigeria … of severe malnutrition in fe- tal and infant life, for later cardiovascular and metabolic risk is assessed in a Nigerian cohort based …","https://openarchive.ki.se/xmlui/bitstream/handle/10616/41819/Thesis_Peter_Ueda.pdf?sequence=4&isAllowed=y","https://scholar.google.com/scholar?q=related:e6ZVDvDbuMkJ:scholar.google.com/&scioq=%22waist+circumference%22+nigeria&hl=en&as_sdt=0,5&as_ylo=2013&as_yhi=2013&as_vis=1"
14,"M Guevara-Cruz, CQ Lai, K Richardson, LD Parnell…","Effect of a GFOD2 variant on responses in total and LDL cholesterol in Mexican subjects with hypercholesterolemia after soy protein and soluble fiber supplementation",2013,"Gene","Elsevier","https://www.sciencedirect.com/science/article/pii/S0378111913012602","https://scholar.google.com/scholar?cites=14071327403366638504&as_sdt=2005&sciodt=0,5&hl=en",192,"2021-07-17 18:35:28","","","","",,,,,14,1.75,3,5,8,"… YRI: Yoruba in Ibadan, Nigeria … Anthropometric variables, including height, weight and waist circumference, were measured in subjects using standard techniques (Lohman et al., 1988) During each visit, a 5-ml blood sample was obtained after 12 h of fasting …","https://www.academia.edu/download/46277371/j.gene.2013.09.05520160606-9518-1ecy4wo.pdf","https://scholar.google.com/scholar?q=related:qGPjY7hlR8MJ:scholar.google.com/&scioq=%22waist+circumference%22+nigeria&hl=en&as_sdt=0,5&as_ylo=2013&as_yhi=2013&as_vis=1"
92,"N Malhotra, S Grover, S Chakrabarti…","Metabolic syndrome in schizophrenia",2013,"Indian journal of …","journals.sagepub.com","https://journals.sagepub.com/doi/pdf/10.4103/0253-7176.119471","https://scholar.google.com/scholar?cites=16535812799955122789&as_sdt=2005&sciodt=0,5&hl=en",193,"2021-07-17 18:35:28","PDF","10.4103/0253-7176.119471","","",,,,,92,11.50,23,4,8,"… Heiskanen et al.[43] 35 Finland NCEP ATP III 37 Huang et al.[44] 650 (Schizoaffective) Taiwan M-NCEP ATP III 35 James et al.[45] - Nigeria - 19 Kagal et al.[46] 80 India NCEP ATP 35 Kang et al.[47] 146 (Clozapine) Korea M-NCEP ATP III 47 …","https://journals.sagepub.com/doi/pdf/10.4103/0253-7176.119471","https://scholar.google.com/scholar?q=related:ZbqujSECe-UJ:scholar.google.com/&scioq=%22waist+circumference%22+nigeria&hl=en&as_sdt=0,5&as_ylo=2013&as_yhi=2013&as_vis=1"
83,"M Kirby, C Chapple, G Jackson…","Erectile dysfunction and lower urinary tract symptoms: a consensus on the importance of co‐diagnosis",2013,"… journal of clinical …","Wiley Online Library","https://onlinelibrary.wiley.com/doi/abs/10.1111/ijcp.12176","https://scholar.google.com/scholar?cites=15161399749151244282&as_sdt=2005&sciodt=0,5&hl=en",194,"2021-07-17 18:35:28","","10.1111/ijcp.12176","","",,,,,83,10.38,21,4,8,"Summary Despite differences in design, many large epidemiological studies using well‐powered multivariate analyses consistently provide overwhelming evidence of a link between erectile dysfunction ...","https://onlinelibrary.wiley.com/doi/pdf/10.1111/ijcp.12176","https://scholar.google.com/scholar?q=related:-j_bSb4caNIJ:scholar.google.com/&scioq=%22waist+circumference%22+nigeria&hl=en&as_sdt=0,5&as_ylo=2013&as_yhi=2013&as_vis=1"
25,"DJ Lemas, YC Klimentidis, HH Wiener, DM O'Brien…","Obesity polymorphisms identified in genome-wide association studies interact with n-3 polyunsaturated fatty acid intake and modify the genetic association with …",2013,"Genes & nutrition","Springer","https://link.springer.com/content/pdf/10.1007/s12263-013-0340-z.pdf","https://scholar.google.com/scholar?cites=18076685704059287097&as_sdt=2005&sciodt=0,5&hl=en",195,"2021-07-17 18:35:28","PDF","10.1007/s12263-013-0340-z","","",,,,,25,3.13,5,5,8,"… computed using FREQ module in SAGE Frequency of BMI-increasing allele among five HapMap populations: Yoruba in Ibadan, Nigeria (YRI), Utah … Body mass index (BMI), percent body fat (PBF), hip circumference (HC), thigh circumference (ThC), and waist circumference (WC …","https://link.springer.com/content/pdf/10.1007/s12263-013-0340-z.pdf","https://scholar.google.com/scholar?q=related:OfbVmt9J3foJ:scholar.google.com/&scioq=%22waist+circumference%22+nigeria&hl=en&as_sdt=0,5&as_ylo=2013&as_yhi=2013&as_vis=1"
112,"AP Kengne, JB Echouffo-Tcheugui, E Sobngwi…","New insights on diabetes mellitus and obesity in Africa–Part 1: prevalence, pathogenesis and comorbidities",2013,"Heart","heart.bmj.com","https://heart.bmj.com/content/99/14/979.short","https://scholar.google.com/scholar?cites=16954148977334148975&as_sdt=2005&sciodt=0,5&hl=en",196,"2021-07-17 18:35:28","","","","",,,,,112,14.00,28,4,8,"Skip to main content. Viewing from: Google Indexer. BMJ Journals. Subscribe; Log In More …","https://www.researchgate.net/profile/Justin-Echouffo-Tcheugui/publication/236915401_New_insights_on_diabetes_mellitus_and_obesity_in_Africa-Part_1_Prevalence_pathogenesis_and_comorbidities/links/565501c008ae1ef92976fbd6/New-insights-on-diabetes-mellitus-and-obesity-in-Africa-Part-1-Prevalence-pathogenesis-and-comorbidities.pdf","https://scholar.google.com/scholar?q=related:b98N_6o8SesJ:scholar.google.com/&scioq=%22waist+circumference%22+nigeria&hl=en&as_sdt=0,5&as_ylo=2013&as_yhi=2013&as_vis=1"
25,"IM Ismail, AG Kulkarni, SV Kamble, SA Borker…","Prevalence of hypertension and its risk factors among bank employees of Sullia Taluk, Karnataka",2013,"Sahel Medical …","jpgmonline.com","https://www.jpgmonline.com/article.asp?issn=1118-8561;year=2013;volume=16;issue=4;spage=139;epage=143;aulast=Ismail","https://scholar.google.com/scholar?cites=6592037812514059037&as_sdt=2005&sciodt=0,5&hl=en",197,"2021-07-17 18:35:28","HTML","","","",,,,,25,3.13,5,5,8,"… Waist circumference was measured with the subject in standing position using a non-elastic plastic tape midway between the lower rib margin and the iliac crest to the nearest 1 mm … 3, Components and risk factors of metabolic syndrome among rural Nigerian workers, RufinaN …","https://www.jpgmonline.com/article.asp?issn=1118-8561;year=2013;volume=16;issue=4;spage=139;epage=143;aulast=Ismail","https://scholar.google.com/scholar?q=related:HfPX4Hafe1sJ:scholar.google.com/&scioq=%22waist+circumference%22+nigeria&hl=en&as_sdt=0,5&as_ylo=2013&as_yhi=2013&as_vis=1"
0,"YT Yotov, SV Torbova, S Naydenov…","Risk factors for cardiovascular diseases in urban population with arterial hypertension-have they changed in five years in Bulgaria?",2013,"European Heart …","academic.oup.com","https://academic.oup.com/eurheartj/article-abstract/34/suppl_1/P3237/2861797","",198,"2021-07-17 18:35:28","","","","",,,,,0,0.00,0,4,8,"… Blood pressure (BP), waist circumference, height and weight were measured … 1University of Abuja Teaching Hospital, Abuja, Nigeria; 2Hatter Institute for Cardiovascular Research in Africa, Department of Medicine, Faculty of Healt, cape town, South Africa Purpose: Left …","https://academic.oup.com/eurheartj/article-pdf/34/suppl_1/P3237/9257159/eht309.P3237.pdf",""
0,"S ADAMU","EVALUATION OF THE RISK OF OXIDATIVE STRESS IN NON-PETROL STATION DISPENSERS OF GASOLINE IN GOMBE, NIGERIA",2013,"Faculty of Pathology","dissertation.npmcn.edu.ng","http://www.dissertation.npmcn.edu.ng/index.php/FMCPath/article/download/1174/1406","",199,"2021-07-17 18:35:28","PDF","","","",,,,,0,0.00,0,1,8,"… DISPENSERS OF GASOLINE IN GOMBE, NIGERIA BY DR SANI ADAMU MBBS (Maiduguri) … A PROJECT SUBMITTED TO THE NATIONAL POST GRADUATE MEDICAL COLLEGE OF NIGERIA IN PARTIAL FULFILMENT OF THE REQUIREMENTS …","http://www.dissertation.npmcn.edu.ng/index.php/FMCPath/article/download/1174/1406","https://scholar.google.com/scholar?q=related:YW2JNFeEU6UJ:scholar.google.com/&scioq=%22waist+circumference%22+nigeria&hl=en&as_sdt=0,5&as_ylo=2013&as_yhi=2013&as_vis=1"
0,"TN UGWUEKE","THE EFFECT OF MALE OBESITY ON SEMEN QUALITY OF MALE PARTNERS OF INFERTILE COUPLES IN ILORIN, NIGERIA",2013,"FACULTY of OBSTETRICS AND …","dissertation.npmcn.edu.ng","http://dissertation.npmcn.edu.ng/index.php/FMCOG/article/download/1910/1011","",200,"2021-07-17 18:35:28","PDF","","","",,,,,0,0.00,0,1,8,"… OF INFERTILE COUPLES IN ILORIN, NIGERIA A DISSERTATION SUBMITTED TO THE NATIONAL POSTGRADUATE MEDICAL COLLEGE OF NIGERIA IN PARTIAL FULFILMENT FOR THE PART II EXAMINATION …","http://dissertation.npmcn.edu.ng/index.php/FMCOG/article/download/1910/1011","https://scholar.google.com/scholar?q=related:d5WGdO1w2g0J:scholar.google.com/&scioq=%22waist+circumference%22+nigeria&hl=en&as_sdt=0,5&as_ylo=2013&as_yhi=2013&as_vis=1"
11,"CE Smith, J Ngwa, T Tanaka, Q Qi…","Lipoprotein receptor-related protein 1 variants and dietary fatty acids: meta-analysis of European origin and African American studies",2013,"International journal of …","nature.com","https://www.nature.com/articles/ijo2012215","https://scholar.google.com/scholar?cites=11474612228684873386&as_sdt=2005&sciodt=0,5&hl=en",201,"2021-07-17 18:35:28","","","","",,,,,11,1.38,2,5,8,"Low-density lipoprotein-related receptor protein 1 (LRP1) is a multi-functional endocytic receptor and signaling molecule that is expressed in adipose and the hypothalamus. Evidence for a role of LRP1 in adiposity is accumulating from animal and in vitro models, but data from human …","https://www.ncbi.nlm.nih.gov/pmc/articles/PMC3770755/","https://scholar.google.com/scholar?q=related:qn4d4gYDPp8J:scholar.google.com/&scioq=%22waist+circumference%22+nigeria&hl=en&as_sdt=0,5&as_ylo=2013&as_yhi=2013&as_vis=1"
0,"ES Matangi","INFANT MORBIDITY ASSESSMENT IN SOUTH AFRICA",,"Citeseer","","http://citeseerx.ist.psu.edu/viewdoc/download?doi=10.1.1.670.7825&rep=rep1&type=pdf","",202,"2021-07-17 18:35:28","PDF","","","",,,,,0,0.00,0,1,,"… However, we rejected the null hypothesis of equality of influence of the factor province on the mean waist circumference at birth of the infants since the p-value was 0.003 … Household environment and infant morbidity: A situational analysis of slum areas in Lagos State Nigeria …","http://citeseerx.ist.psu.edu/viewdoc/download?doi=10.1.1.670.7825&rep=rep1&type=pdf","https://scholar.google.com/scholar?q=related:ku7ATg8HEeoJ:scholar.google.com/&scioq=%22waist+circumference%22+nigeria&hl=en&as_sdt=0,5&as_ylo=2013&as_yhi=2013&as_vis=1"
27,"MO Owolabi, AM Agunloye","Which risk factors are more associated with ischemic rather than hemorrhagic stroke in black Africans?",2013,"Clinical Neurology and Neurosurgery","Elsevier","https://www.sciencedirect.com/science/article/pii/S0303846713002606","https://scholar.google.com/scholar?cites=8913272779489177080&as_sdt=2005&sciodt=0,5&hl=en",203,"2021-07-17 18:35:28","","","","",,,,,27,3.38,14,2,8,"… that certain demographic, clinical and/or laboratory parameters will be associated with stroke type in Nigerian Africans … due to limited access, out-of-pocket payments and high cost of neuroimaging in Nigeria relative to … Waist circumference, 91.7, 16.5, 90.0, 12.2, 0.708, 0.480 …","","https://scholar.google.com/scholar?q=related:-G2cT15OsnsJ:scholar.google.com/&scioq=%22waist+circumference%22+nigeria&hl=en&as_sdt=0,5&as_ylo=2013&as_yhi=2013&as_vis=1"
22,"SC Liberato, L Maple-Brown, J Bressan, AP Hills","The relationships between body composition and cardiovascular risk factors in young Australian men",2013,"Nutrition journal","Springer","https://link.springer.com/article/10.1186/1475-2891-12-108","https://scholar.google.com/scholar?cites=10550733755570635262&as_sdt=2005&sciodt=0,5&hl=en",204,"2021-07-17 18:35:28","HTML","10.1186/1475-2891-12-108","","",,,,,22,2.75,6,4,8,"… EE). Most of the participants (65.7%) had LDL≥2.5 mmol/L. Other common individual risk factors were body fat≥20% (42.9%), waist circumference≥88 cm (28.6%), PAL<1.8 (22.9%) and systolic BP≥130 mmHg (20%). The …","https://link.springer.com/article/10.1186/1475-2891-12-108","https://scholar.google.com/scholar?q=related:_sGCVHO8a5IJ:scholar.google.com/&scioq=%22waist+circumference%22+nigeria&hl=en&as_sdt=0,5&as_ylo=2013&as_yhi=2013&as_vis=1"
27,"MF Suárez-Ortegón, R Ramírez-Vélez…","Prevalence of metabolic syndrome in urban Colombian adolescents aged 10–16 years using three different pediatric definitions",2013,"Journal of tropical …","academic.oup.com","https://academic.oup.com/tropej/article-abstract/59/2/145/1677669","https://scholar.google.com/scholar?cites=3336341073080809906&as_sdt=2005&sciodt=0,5&hl=en",205,"2021-07-17 18:35:28","","","","",,,,,27,3.38,9,3,8,"… Components . Cook et al. . de Ferranti et al. . IDF consensus . Abdominal obesity (waist circumference), ≥90th percentile (age and sex specific) a, >75th percentile (age and sex specific) a, ≥ 90th percentile (age and sex specific) a …","https://academic.oup.com/tropej/article/59/2/145/1677669","https://scholar.google.com/scholar?q=related:svmGfocQTS4J:scholar.google.com/&scioq=%22waist+circumference%22+nigeria&hl=en&as_sdt=0,5&as_ylo=2013&as_yhi=2013&as_vis=1"
10,"V Gupta, JP LoGerfo, PP Raingsey, AL Fitzpatrick","The prevalence and associated factors for prehypertension and hypertension in Cambodia",2013,"Heart Asia","heartasia.bmj.com","https://heartasia.bmj.com/content/5/1/253.short","https://scholar.google.com/scholar?cites=17136734544958956161&as_sdt=2005&sciodt=0,5&hl=en",206,"2021-07-17 18:35:28","","","","",,,,,10,1.25,3,4,8,"… also obtained. Health examinations were conducted to measure anthropometric data, including height (cm), abdominal waist circumference (cm), weight (kg), blood pressure (mm/Hg), and resting pulse rate (beats/min). Fasting …","https://www.ncbi.nlm.nih.gov/pmc/articles/PMC4832737/","https://scholar.google.com/scholar?q=related:gaJxOkbp0e0J:scholar.google.com/&scioq=%22waist+circumference%22+nigeria&hl=en&as_sdt=0,5&as_ylo=2013&as_yhi=2013&as_vis=1"
6,"S Ozturk, D Baltaci, Y Turker, A Kutlucan…","Effects of the degree of obesity on achieving target blood pressure and metabolic deterioration in obese individuals: a population-based study",2013,"Kidney and Blood …","karger.com","https://www.karger.com/Article/Abstract/355733","https://scholar.google.com/scholar?cites=6921194890828347479&as_sdt=2005&sciodt=0,5&hl=en",207,"2021-07-17 18:35:28","","","","",,,,,6,0.75,1,5,8,"… NCEP ATP III criteria were: waist circumference (WC) >102 cm (male) or >88 cm (female); blood triglyceride (TG) level ≥150 mg/dL, high density lipoprotein-cholesterol (HDL-chol) <40 mg … reported that hypertensive BPs among obese Nigerian adolescents were prevalent [23] …","https://www.karger.com/Article/FullText/355733","https://scholar.google.com/scholar?q=related:V3gSSRUGDWAJ:scholar.google.com/&scioq=%22waist+circumference%22+nigeria&hl=en&as_sdt=0,5&as_ylo=2013&as_yhi=2013&as_vis=1"
5,"I Yoshiuchi","Two SNPs associated with type 2 diabetes and obesity at melanocortin-4 receptor gene loci exhibited high Fst values and natural selection",2013,"J Diabetes Metab S","academia.edu","https://www.academia.edu/download/46518592/MC4R-3.pdf","https://scholar.google.com/scholar?cites=4945557513783297251&as_sdt=2005&sciodt=0,5&hl=en",208,"2021-07-17 18:35:28","PDF","","","",,,,,5,0.63,5,1,8,"… HapMap populations, including Utah residents with Northern and Western European ancestry (CEU), Yoruba in Ibadan, Nigeria (YRI), Han … associated SNPs (rs6567160, rs571312, rs17782313, and rs7227255 [11,13,14]), one type 2 diabetes, waist circumference, and insulin …","https://www.academia.edu/download/46518592/MC4R-3.pdf","https://scholar.google.com/scholar?q=related:40RRKVsmokQJ:scholar.google.com/&scioq=%22waist+circumference%22+nigeria&hl=en&as_sdt=0,5&as_ylo=2013&as_yhi=2013&as_vis=1"
43,"RM Pandey, A Agrawal, A Misra, NK Vikram, P Misra…","Population-based intervention for cardiovascular diseases related knowledge and behaviours in Asian Indian women",2013,"Indian heart …","Elsevier","https://www.sciencedirect.com/science/article/pii/S0019483212003203","https://scholar.google.com/scholar?cites=11644706678021309825&as_sdt=2005&sciodt=0,5&hl=en",209,"2021-07-17 18:35:28","HTML","","","",,,,,43,5.38,7,6,8,"… 28 Overweight and obesity defined as body mass index (BMI) ≥25 kg/m 2 . Truncal obesity was defined by waist:hip ratio of >0.9 for stage II and >0.8 for stage I and waist circumference >90 cm for stage II and >80 cm for stage I. 24 Hypertension was diagnosed when the …","https://www.sciencedirect.com/science/article/pii/S0019483212003203","https://scholar.google.com/scholar?q=related:gUUUAQdPmqEJ:scholar.google.com/&scioq=%22waist+circumference%22+nigeria&hl=en&as_sdt=0,5&as_ylo=2013&as_yhi=2013&as_vis=1"
119,"A Amadou, P Hainaut, I Romieu","Role of obesity in the risk of breast cancer: lessons from anthropometry",2013,"Journal of oncology","hindawi.com","https://www.hindawi.com/journals/jo/2013/906495/","https://scholar.google.com/scholar?cites=3579772866002910829&as_sdt=2005&sciodt=0,5&hl=en",210,"2021-07-17 18:35:28","HTML","","","",,,,,119,14.88,40,3,8,"… Anthropometric indices, height, weight, body mass index (BMI), waist circumference (WC), hip circumference (HC), or waist-to-hip ratio (WHR), are commonly used as tools for assessing overweight/obesity and recently methods for evaluating body shape and body size at …","https://www.hindawi.com/journals/jo/2013/906495/","https://scholar.google.com/scholar?q=related:bX6vhnTorTEJ:scholar.google.com/&scioq=%22waist+circumference%22+nigeria&hl=en&as_sdt=0,5&as_ylo=2013&as_yhi=2013&as_vis=1"
22,"EV Balti, AP Kengne, JVF Fokouo, BE Nouthé…","Metabolic syndrome and fatal outcomes in the post-stroke event: a 5-year cohort study in Cameroon",2013,"PLoS …","journals.plos.org","https://journals.plos.org/plosone/article?id=10.1371/journal.pone.0060117","https://scholar.google.com/scholar?cites=1034221590687910568&as_sdt=2005&sciodt=0,5&hl=en",211,"2021-07-17 18:35:28","HTML","","","",,,,,22,2.75,4,5,8,"… determinations. Waist circumference was measured in supine position since most patients were bedridden for major motor deficiency and could not assume the usual standing position required for such a measurement. Body …","https://journals.plos.org/plosone/article?id=10.1371/journal.pone.0060117","https://scholar.google.com/scholar?q=related:qAr-ow5LWg4J:scholar.google.com/&scioq=%22waist+circumference%22+nigeria&hl=en&as_sdt=0,5&as_ylo=2013&as_yhi=2013&as_vis=1"
0,"J Adinkrah","First generation Ghanaian migrants in the UK: dietary intake, anthropometric indices and nutrition intervention through the black churches",2013,"","repository.londonmet.ac.uk","http://repository.londonmet.ac.uk/id/eprint/696","",212,"2021-07-17 18:35:28","","","","",,,,,0,0.00,0,1,8,"… Changes in anthropometry were also observed in the control group for weight (-0.9kg, p=0.05), waist circumference (- 1.9cm, p=0.006) and waist-hip ratio (-0.1, p=0.03) … Commonwealth countries which includes Ghana and Nigeria. In the 1950's to 1960's peak …","http://repository.londonmet.ac.uk/696/7/Joycelyn%20Adinkrah%20-%20final%20thesis_Redacted.pdf","https://scholar.google.com/scholar?q=related:XRxmGPOCQA8J:scholar.google.com/&scioq=%22waist+circumference%22+nigeria&hl=en&as_sdt=0,5&as_ylo=2013&as_yhi=2013&as_vis=1"
255,"KL Monda, GK Chen, KC Taylor, C Palmer…","A meta-analysis identifies new loci associated with body mass index in individuals of African ancestry",2013,"Nature …","nature.com","https://www.nature.com/articles/ng.2608","https://scholar.google.com/scholar?cites=12788995998203271909&as_sdt=2005&sciodt=0,5&hl=en",213,"2021-07-17 18:35:28","","","","",,,,,255,31.88,51,5,8,"Keri Monda, Kari North, Christopher Haiman and colleagues report a meta-analysis of GWAS for body mass index that is composed of 39144 individuals of African ancestry, followed by further genotyping in 32268 individuals of African ancestry. The study also includes analysis of …","https://www.ncbi.nlm.nih.gov/pmc/articles/pmc3694490/","https://scholar.google.com/scholar?q=related:5VrM8hmke7EJ:scholar.google.com/&scioq=%22waist+circumference%22+nigeria&hl=en&as_sdt=0,5&as_ylo=2013&as_yhi=2013&as_vis=1"
39,"V Ducharme, S Guauque-Olarte, N Gaudreault…","NOTCH1 genetic variants in patients with tricuspid calcific aortic valve stenosis",2013,"","corpus.ulaval.ca","http://corpus.ulaval.ca/jspui/handle/20.500.11794/7551","https://scholar.google.com/scholar?cites=14989606701169133390&as_sdt=2005&sciodt=0,5&hl=en",214,"2021-07-17 18:35:28","","","","",,,,,39,4.88,10,4,8,"… Waist circumference (cm)*,a 102.5 ± 12.0 98.5 ± 14.8 … population (Utah residents with ancestry from northern and western Europe); Green, CHB + JPT population (Han Chinese in Beijing, China + Japanese in Tokyo, Japan); Violet, YRI population (Yoruba in Ibadan, Nigeria) …","http://corpus.ulaval.ca/jspui/bitstream/20.500.11794/7551/1/Ducharme2013-13760.pdf","https://scholar.google.com/scholar?q=related:TkcAWuDHBdAJ:scholar.google.com/&scioq=%22waist+circumference%22+nigeria&hl=en&as_sdt=0,5&as_ylo=2013&as_yhi=2013&as_vis=1"
11,"O Ojo","Diabetes in ethnic minorities in UK: The role of diet in glucose dysregulation and prevalence of diabetes",2013,"J. Food Nutr. Disord","researchgate.net","https://www.researchgate.net/profile/Omorogieva-Ojo/publication/269551491_Diabetes_in_Ethnic_Minorities_in_UK_The_Role_of_Diet_in_Glucose_Dysregulation_and_Prevalence_of_Diabetes/links/56ccd4c308ae059e37508b20/Diabetes-in-Ethnic-Minorities-in-UK-The-Role-of-Diet-in-Glucose-Dysregulation-and-Prevalence-of-Diabetes.pdf","https://scholar.google.com/scholar?cites=15256422315736481059&as_sdt=2005&sciodt=0,5&hl=en",215,"2021-07-17 18:35:28","PDF","","","",,,,,11,1.38,11,1,8,"… Most of these Nigerians who were in their twenties and thirties when they emigrated in the late 1980s and 1990s are now in … Other factors such as waist circumference, family history and previous history of gestational diabetes have been outlined as being the risk factors for the …","https://www.researchgate.net/profile/Omorogieva-Ojo/publication/269551491_Diabetes_in_Ethnic_Minorities_in_UK_The_Role_of_Diet_in_Glucose_Dysregulation_and_Prevalence_of_Diabetes/links/56ccd4c308ae059e37508b20/Diabetes-in-Ethnic-Minorities-in-UK-The-Role-of-Diet-in-Glucose-Dysregulation-and-Prevalence-of-Diabetes.pdf","https://scholar.google.com/scholar?q=related:I73QoEOzudMJ:scholar.google.com/&scioq=%22waist+circumference%22+nigeria&hl=en&as_sdt=0,5&as_ylo=2013&as_yhi=2013&as_vis=1"
1,"TM Natah, MAA Wtwt, MA Hadi, HF Farhood…","Thyroid metabolic hormones and its correlation with bmi and lipid profile in healthy people",2013,"Thyroid","researchgate.net","https://www.researchgate.net/profile/Moshtak-Wtwt/publication/312293528_Thyroid_Metabolic_Hormones_and_its_Correlation_with_BMI_and_Lipid_Profile_in_Healthy_People/links/5878e6fb08ae9a860fe2a6e1/Thyroid-Metabolic-Hormones-and-its-Correlation-with-BMI-and-Lipid-Profile-in-Healthy-People.pdf","https://scholar.google.com/scholar?cites=18411785162154248828&as_sdt=2005&sciodt=0,5&hl=en",216,"2021-07-17 18:35:28","PDF","","","",,,,,1,0.13,0,5,8,"… of body mass index with lipid profile and blood pressure in healthy female of lower socioeconomic group, in Kaduna northern Nigeria … Comparison of body mass index and waist circumference as predictors of cardiometabolic health in a population of young Canadian adults …","https://www.researchgate.net/profile/Moshtak-Wtwt/publication/312293528_Thyroid_Metabolic_Hormones_and_its_Correlation_with_BMI_and_Lipid_Profile_in_Healthy_People/links/5878e6fb08ae9a860fe2a6e1/Thyroid-Metabolic-Hormones-and-its-Correlation-with-BMI-and-Lipid-Profile-in-Healthy-People.pdf","https://scholar.google.com/scholar?q=related:fAoDHw7Ng_8J:scholar.google.com/&scioq=%22waist+circumference%22+nigeria&hl=en&as_sdt=0,5&as_ylo=2013&as_yhi=2013&as_vis=1"
168,"A Luke, RS Cooper","Physical activity does not influence obesity risk: time to clarify the public health message",2013,"International journal of epidemiology","academic.oup.com","https://academic.oup.com/ije/article-abstract/42/6/1831/737866","https://scholar.google.com/scholar?cites=13465747026171741871&as_sdt=2005&sciodt=0,5&hl=en",217,"2021-07-17 18:35:28","","","","",,,,,168,21.00,84,2,8,"… 12 Recent studies using doubly labelled water in rural Nigeria, for example, demonstrate no difference in calorie expenditure corrected for body size as compared with US samples of comparable age. 13 , 14 Likewise, in another recent report, Pontzer et al …","https://academic.oup.com/ije/article/42/6/1831/737866?login=true","https://scholar.google.com/scholar?q=related:r0Y9YpPx37oJ:scholar.google.com/&scioq=%22waist+circumference%22+nigeria&hl=en&as_sdt=0,5&as_ylo=2013&as_yhi=2013&as_vis=1"
163,"R Tabassum, G Chauhan, OP Dwivedi, A Mahajan…","Genome-wide association study for type 2 diabetes in Indians identifies a new susceptibility locus at 2q21",2013,"Diabetes","Am Diabetes Assoc","https://diabetes.diabetesjournals.org/content/62/3/977.short","https://scholar.google.com/scholar?cites=1007815553024146733&as_sdt=2005&sciodt=0,5&hl=en",218,"2021-07-17 18:35:28","","","","",,,,,163,20.38,33,5,8,"","https://diabetes.diabetesjournals.org/content/diabetes/62/3/977.full.pdf","https://scholar.google.com/scholar?q=related:LT0e5ed6_A0J:scholar.google.com/&scioq=%22waist+circumference%22+nigeria&hl=en&as_sdt=0,5&as_ylo=2013&as_yhi=2013&as_vis=1"
5,"SN Alwachi, FAK Khazaal, JH Yenzeel…","Waist hip ratio as predictors of obesity types in postmenopausal Iraq women",2013,"European Journal of …","researchgate.net","https://www.researchgate.net/profile/Jabbar-Yenzeel/publication/325093700_WAIST_HIP_RATIO_AS_PREDICTORS_OF_OBESITY_TYPES_IN_POSTMENOPAUSAL_IRAQ_WOMEN/links/5af5e4b54585157136cb79bb/WAIST-HIP-RATIO-AS-PREDICTORS-OF-OBESITY-TYPES-IN-POSTMENOPAUSAL-IRAQ-WOMEN.pdf","https://scholar.google.com/scholar?cites=11195022384189933882&as_sdt=2005&sciodt=0,5&hl=en",219,"2021-07-17 18:35:28","PDF","","","",,,,,5,0.63,1,4,8,"… with other studies, Gupta et al. (2007) concluded that a positive relationship of BMI, waist circumference and WHR with major coronary risk factors, hypertension … (2011). Correlation of waist-hip-ratio and waist-height-ratio to cardiovascular risks factors in a Nigerian population …","https://www.researchgate.net/profile/Jabbar-Yenzeel/publication/325093700_WAIST_HIP_RATIO_AS_PREDICTORS_OF_OBESITY_TYPES_IN_POSTMENOPAUSAL_IRAQ_WOMEN/links/5af5e4b54585157136cb79bb/WAIST-HIP-RATIO-AS-PREDICTORS-OF-OBESITY-TYPES-IN-POSTMENOPAUSAL-IRAQ-WOMEN.pdf","https://scholar.google.com/scholar?q=related:Ogkwbou1XJsJ:scholar.google.com/&scioq=%22waist+circumference%22+nigeria&hl=en&as_sdt=0,5&as_ylo=2013&as_yhi=2013&as_vis=1"
0,"D Kuate, BC Etoundi, JL Ngondi, WA Manan, BW Muda…","Anti-inflammatory, anthropometric and lipomodulatory effects Dyglomera®(hydroethanolic extract of Dichrostachys glomerata) in obese patients with metabolic …",2013,"","functionalfoodscenter.net","https://www.functionalfoodscenter.net/files/99342102.pdf","",220,"2021-07-17 18:35:28","PDF","","","",,,,,0,0.00,0,6,8,"… 6. Valsamakis G, McTernan P, Chetty R, Al Daghri N, Field A, Hanif W, Barnett A, and Kumar S. Modest weight loss and reduction in waist circumference after medical … Kudi AC, Umoh JU, Eduvie LO, Gefu J. Screening of some Nigerian Medicinal plants for antibacterial activity …","https://www.functionalfoodscenter.net/files/99342102.pdf","https://scholar.google.com/scholar?q=related:-Fsj3qbmFIwJ:scholar.google.com/&scioq=%22waist+circumference%22+nigeria&hl=en&as_sdt=0,5&as_ylo=2013&as_yhi=2013&as_vis=1"
0,"S van Wijnbergen, J Lammers","Condom use, risk perception, and HIV knowledge: a comparison across sexes in Nigeria",2013,"","academia.edu","https://www.academia.edu/download/50381286/Condom_use_risk_perception_and_HIV_knowl20161117-16409-tdgfos.pdf","",221,"2021-07-17 18:35:28","PDF","","","",,,,,0,0.00,0,2,8,"… this has been relatively successful: in 2009, over 90% of the Nigerian population had … recent data show that AIDS is a growing public health problem in Nigeria … Moreover, anthropometric measurements were performed for length, weight, waist circumference, and blood pressure …","https://www.academia.edu/download/50381286/Condom_use_risk_perception_and_HIV_knowl20161117-16409-tdgfos.pdf","https://scholar.google.com/scholar?q=related:4-MGeDBBqWMJ:scholar.google.com/&scioq=%22waist+circumference%22+nigeria&hl=en&as_sdt=0,5&as_ylo=2013&as_yhi=2013&as_vis=1"
14,"JF De Novaes, SE Priore…","Does the body mass index reflect cardiovascular risk factors in Brazilian children?",2013,"Journal of tropical …","academic.oup.com","https://academic.oup.com/tropej/article-abstract/59/1/43/1734598","https://scholar.google.com/scholar?cites=18128782598992832510&as_sdt=2005&sciodt=0,5&hl=en",222,"2021-07-17 18:35:28","","","","",,,,,14,1.75,5,3,8,"… end of expiration. Waist circumference (WC) was measured at a level midway between the lower rib margin and iliac crest, and hip circumference was measured as the maximal circumference over the buttocks [13]. Waist–hip …","https://academic.oup.com/tropej/article/59/1/43/1734598","https://scholar.google.com/scholar?q=related:_idAL7lflvsJ:scholar.google.com/&scioq=%22waist+circumference%22+nigeria&hl=en&as_sdt=0,5&as_ylo=2013&as_yhi=2013&as_vis=1"
10,"CG Ike-Chinaka","Acculturation and childhood obesity among immigrant Nigerian children in northern California",2013,"","search.proquest.com","https://search.proquest.com/openview/c8eed357208a4b85becf3f9d3f80399a/1?pq-origsite=gscholar&cbl=18750","https://scholar.google.com/scholar?cites=4159138628991082057&as_sdt=2005&sciodt=0,5&hl=en",223,"2021-07-17 18:35:28","","","","",,,,,10,1.25,10,1,8,"… American, and European American immigrant minorities. Nigeria is made up of many … The complex nature of the Nigerian immigrant community makes the problem of identification … studies. Even Nigerians born in the United States may perceive themselves as distinct Page 25. 9 …","","https://scholar.google.com/scholar?q=related:SV6eCIw6uDkJ:scholar.google.com/&scioq=%22waist+circumference%22+nigeria&hl=en&as_sdt=0,5&as_ylo=2013&as_yhi=2013&as_vis=1"
4,"MS Mesa, MD Marrodán, DB Lomaglio…","Anthropometric parameters in screening for excess of adiposity in argentinian and spanish adolescents: Evaluation using receiver operating characteristic (ROC) …",2013,"Annals of human …","Taylor & Francis","https://www.tandfonline.com/doi/abs/10.3109/03014460.2013.788210","https://scholar.google.com/scholar?cites=5046757190995186499&as_sdt=2005&sciodt=0,5&hl=en",224,"2021-07-17 18:35:28","","10.3109/03014460.2013.788210","","",,,,,4,0.50,1,4,8,"… Sarriá et al. (2001) also studied BMI combined with triceps skinfold and waist circumference from a Spanish sample … Waist circumference performed significantly better as an index of trunk fat mass than did WHR or CI, as shown by the AUCs in girls and boys, respectively …","https://citeseerx.ist.psu.edu/viewdoc/download?doi=10.1.1.1034.2858&rep=rep1&type=pdf","https://scholar.google.com/scholar?q=related:Q5PqJO2uCUYJ:scholar.google.com/&scioq=%22waist+circumference%22+nigeria&hl=en&as_sdt=0,5&as_ylo=2013&as_yhi=2013&as_vis=1"
47,"E Cohen, G Boetsch, FP Palstra, P Pasquet","Social valorisation of stoutness as a determinant of obesity in the context of nutritional transition in Cameroon: The Bamiléké case",2013,"Social Science & Medicine","Elsevier","https://www.sciencedirect.com/science/article/pii/S0277953613003900","https://scholar.google.com/scholar?cites=6071228073932213290&as_sdt=2005&sciodt=0,5&hl=en",225,"2021-07-17 18:35:28","","","","",,,,,47,5.88,12,4,8,"… In Nigeria, a sample of diabetic subjects appreciated being overweight, both for themselves and for their partner (Okoro & Oyejola, 2008) … Waist circumference was measured mid-way between the lowest rib and the iliac crest, at the end of a gentle expiration …","","https://scholar.google.com/scholar?q=related:KswbOcRVQVQJ:scholar.google.com/&scioq=%22waist+circumference%22+nigeria&hl=en&as_sdt=0,5&as_ylo=2013&as_yhi=2013&as_vis=1"
66,"A Bugge, B El-Naaman, RG McMurray, K Froberg…","Tracking of clustered cardiovascular disease risk factors from childhood to adolescence",2013,"Pediatric …","nature.com","https://www.nature.com/articles/pr2012158","https://scholar.google.com/scholar?cites=3012600387070701715&as_sdt=2005&sciodt=0,5&hl=en",226,"2021-07-17 18:35:28","HTML","","","",,,,,66,8.25,13,5,8,"Clustering of cardiovascular disease (CVD) risk factors has been found in children as young as 9 y of age. However, the stability of this clustering over the course of childhood has yet to be determined. The purpose of this study was to determine the tracking of clustered CVD risk …","https://www.nature.com/articles/pr2012158","https://scholar.google.com/scholar?q=related:k7CNMRfozikJ:scholar.google.com/&scioq=%22waist+circumference%22+nigeria&hl=en&as_sdt=0,5&as_ylo=2013&as_yhi=2013&as_vis=1"
0,"JI AKUNNE","EFFECT OF LIFE STYLE MODIFICATION MEASURES IN ADULT HYPERTENSIVE PATIENTS ATTENDING 44 NIGERIAN ARMY REFERENCE HOSPITAL …",2013,"Faculty of Family Medicine","dissertation.npmcn.edu.ng","http://www.dissertation.npmcn.edu.ng/index.php/FMCFM/article/download/291/1770","",227,"2021-07-17 18:35:28","PDF","","","",,,,,0,0.00,0,1,8,"… Adebiyi et al in Western Nigeria found that Nigerian hypertensives have elevated levels of plasma noradrenaline when compared with normal controls … Nigeria found that Hypertensive Nigerians showed a high prevalence of microscopic hematuria …","http://www.dissertation.npmcn.edu.ng/index.php/FMCFM/article/download/291/1770","https://scholar.google.com/scholar?q=related:1sq1fjF3w_sJ:scholar.google.com/&scioq=%22waist+circumference%22+nigeria&hl=en&as_sdt=0,5&as_ylo=2013&as_yhi=2013&as_vis=1"
42,"W He, S Zhang, A Song, M Yang, J Jiao, DB Allison…","Greater abdominal fat accumulation is associated with higher metabolic risk in Chinese than in white people: an ethnicity study",2013,"PLoS …","journals.plos.org","https://journals.plos.org/plosone/article?id=10.1371/journal.pone.0058688","https://scholar.google.com/scholar?cites=16851222566045976718&as_sdt=2005&sciodt=0,5&hl=en",228,"2021-07-17 18:35:28","HTML","","","",,,,,42,5.25,6,7,8,"Introduction Chinese are reported to have a higher percent body fat (%BF) and a higher percent trunk fat (%TF) than whites for a given body mass index (BMI). However, the associations of these ethnic differences in body composition with metabolic risks remain unknown. Methods …","https://journals.plos.org/plosone/article?id=10.1371/journal.pone.0058688","https://scholar.google.com/scholar?q=related:jog3aKSR2-kJ:scholar.google.com/&scioq=%22waist+circumference%22+nigeria&hl=en&as_sdt=0,5&as_ylo=2013&as_yhi=2013&as_vis=1"
5,"DES Frainer, FAG Vasconcelos, LCF Costa…","Body fat distribution in schoolchildren: a study using the LMS method",2013,"Revista Brasileira de …","SciELO Brasil","https://www.scielo.br/j/rbme/a/zLMGyByXXFLcXLrgBTGxbdx/?lang=en&format=html","https://scholar.google.com/scholar?cites=13240164059935888059&as_sdt=2005&sciodt=0,5&hl=en",229,"2021-07-17 18:35:28","HTML","","","",,,,,5,0.63,1,4,8,"… Waist circumference and waist-to-height ratio in Norwegian children 4-18 years of age: reference values and cut-off levels. Acta Paediatr 2011;100:1576-82. 30. Fetuga MB, Ogunlesi TA, Adekanmbi AF, Alabi AD. Growth pattern of schoolchildren in Sagamu, Nigeria using the …","https://www.scielo.br/j/rbme/a/zLMGyByXXFLcXLrgBTGxbdx/?lang=en&format=html","https://scholar.google.com/scholar?q=related:u1JfKBCDvrcJ:scholar.google.com/&scioq=%22waist+circumference%22+nigeria&hl=en&as_sdt=0,5&as_ylo=2013&as_yhi=2013&as_vis=1"
29,"CECC Ejike, SO Awazie, PA Nwangozi…","Synergistic postprandial blood glucose modulatory properties of Vernonia amygdalina (Del.), Gongronema latifolium (Benth.) and Occimum gratissimum (Linn.) …",2013,"Journal of …","Elsevier","https://www.sciencedirect.com/science/article/pii/S0378874113004121","https://scholar.google.com/scholar?cites=9607438625182355513&as_sdt=2005&sciodt=0,5&hl=en",230,"2021-07-17 18:35:28","","","","",,,,,29,3.63,7,4,8,"… A survey of anti-diabetic medicinal plants used in Lagos, Nigeria showed that 50 different recipes made from 49 plants were … older than 18 years, having a normal fasting blood glucose concentration, normal anthropometric indices (body mass index, waist circumference, waist-to …","","https://scholar.google.com/scholar?q=related:OZBc94Z6VIUJ:scholar.google.com/&scioq=%22waist+circumference%22+nigeria&hl=en&as_sdt=0,5&as_ylo=2013&as_yhi=2013&as_vis=1"
18,"T Bhurosy, R Jeewon","Food habits, socioeconomic status and body mass index among premenopausal and post‐menopausal women in M auritius",2013,"Journal of Human Nutrition and Dietetics","Wiley Online Library","https://onlinelibrary.wiley.com/doi/abs/10.1111/jhn.12100","https://scholar.google.com/scholar?cites=15982891445859363413&as_sdt=2005&sciodt=0,5&hl=en",231,"2021-07-17 18:35:28","","10.1111/jhn.12100","","",,,,,18,2.25,9,2,8,"… (2009) reported a negative association between SES and BMI in Nigeria (ie a developing … BMI, body mass index; HC, hip circumference; MUAC, mid upper arm circumference; Post-M, post-menopausal; Pre-M, premenopausal; WC, waist circumference; WHR, waist hip ratio …","https://onlinelibrary.wiley.com/doi/pdf/10.1111/jhn.12100","https://scholar.google.com/scholar?q=related:VaoTyhajzt0J:scholar.google.com/&scioq=%22waist+circumference%22+nigeria&hl=en&as_sdt=0,5&as_ylo=2013&as_yhi=2013&as_vis=1"
33,"S McCormack, SFA Grant","Genetics of obesity and type 2 diabetes in African Americans",2013,"Journal of obesity","hindawi.com","https://www.hindawi.com/journals/jobe/2013/396416/","https://scholar.google.com/scholar?cites=1646018811041507613&as_sdt=2005&sciodt=0,5&hl=en",232,"2021-07-17 18:35:28","HTML","","","",,,,,33,4.13,17,2,8,"… ment of ethnicity-specific cut-off for central adiposity, likely framed in terms of waist circumference as opposed … with individuals of African descent [𝑟 2 is 0.057 in the YRI (Yoruba in Ibadan, Nigeria) population, in … AA (n = 743), Nigerian (n = 1,188) [52] C (reference allele) 0.0035 …","https://www.hindawi.com/journals/jobe/2013/396416/","https://scholar.google.com/scholar?q=related:HWm9PWPV1xYJ:scholar.google.com/&scioq=%22waist+circumference%22+nigeria&hl=en&as_sdt=0,5&as_ylo=2013&as_yhi=2013&as_vis=1"
244,"PM Rao, DM Kelly, TH Jones","Testosterone and insulin resistance in the metabolic syndrome and T2DM in men",2013,"Nature Reviews Endocrinology","nature.com","https://www.nature.com/articles/nrendo.2013.122","https://scholar.google.com/scholar?cites=17749788307995875632&as_sdt=2005&sciodt=0,5&hl=en",233,"2021-07-17 18:35:28","","","","",,,,,244,30.50,81,3,8,"This Review discusses the effects of testosterone on risk factors for cardiovascular disease. Particular focus is given to the pathophysiological mechanisms that link hypogonadism with body composition, insulin sensitivity and inflammation and the role of testosterone replacement …","","https://scholar.google.com/scholar?q=related:MNl5eGzqU_YJ:scholar.google.com/&scioq=%22waist+circumference%22+nigeria&hl=en&as_sdt=0,5&as_ylo=2013&as_yhi=2013&as_vis=1"
28,"MO Owolabi, AM Agunloye","Risk factors for stroke among patients with hypertension: A case–control study",2013,"Journal of the neurological sciences","Elsevier","https://www.sciencedirect.com/science/article/pii/S0022510X1200603X","https://scholar.google.com/scholar?cites=17681974862411824600&as_sdt=2005&sciodt=0,5&hl=en",234,"2021-07-17 18:35:28","","","","",,,,,28,3.50,14,2,8,"… hypertensive and the burden is increasing at alarming proportions [1], [2]. In fact, about 37% of the adult population in Nigeria, Africa's most … This is the first study to find the major risk factors for stroke among hypertensive patients (Nigerian Africans) using a case–control design [4 …","","https://scholar.google.com/scholar?q=related:2H1xSXT-YvUJ:scholar.google.com/&scioq=%22waist+circumference%22+nigeria&hl=en&as_sdt=0,5&as_ylo=2013&as_yhi=2013&as_vis=1"
90,"J Stam, PJJ Sauer, G Boehm","Can we define an infant's need from the composition of human milk?",2013,"The American journal of clinical …","academic.oup.com","https://academic.oup.com/ajcn/article-abstract/98/2/521S/4577303","https://scholar.google.com/scholar?cites=3609204005403063271&as_sdt=2005&sciodt=0,5&hl=en",235,"2021-07-17 18:35:28","","","","",,,,,90,11.25,30,3,8,"ABSTRACT. Human milk is recommended as the optimal nutrient source for infants and is associated with several short- and long-term benefits for child health. W.","https://academic.oup.com/ajcn/article/98/2/521S/4577303","https://scholar.google.com/scholar?q=related:53P3p-t3FjIJ:scholar.google.com/&scioq=%22waist+circumference%22+nigeria&hl=en&as_sdt=0,5&as_ylo=2013&as_yhi=2013&as_vis=1"
3,"RJ Cooper","Waist to height ratio in relation to time to run 550 m in primary school children in the Waikato region",2013,"","openrepository.aut.ac.nz","https://openrepository.aut.ac.nz/handle/10292/5758","https://scholar.google.com/scholar?cites=12061005082561267701&as_sdt=2005&sciodt=0,5&hl=en",236,"2021-07-17 18:35:28","","","","",,,,,3,0.38,3,1,8,"… 40 2.3.9 Waist circumference..... 40 … Appendix L Multiple regression analysis of waist circumference waist to height ratio, and body mass index adjusted for by age and ethnic group ..... 161 …","https://openrepository.aut.ac.nz/bitstream/handle/10292/5758/CooperR.pdf?sequence=3&isAllowed=y","https://scholar.google.com/scholar?q=related:9cc-fDhMYacJ:scholar.google.com/&scioq=%22waist+circumference%22+nigeria&hl=en&as_sdt=0,5&as_ylo=2013&as_yhi=2013&as_vis=1"
1,"VI Okparaeke","Factors Associated With Adherence to Antihypertensive Treatment Among Adults in Rural Nigeria",2013,"","search.proquest.com","https://search.proquest.com/openview/7005cbfa009ced232af96401e11f4db1/1?pq-origsite=gscholar&cbl=18750","https://scholar.google.com/scholar?cites=13220291298007651767&as_sdt=2005&sciodt=0,5&hl=en",237,"2021-07-17 18:35:28","","","","",,,,,1,0.13,1,1,8,"… It is estimated that 4.5 million Nigerians suffer from hypertension (Iyalomhe, 2010). The problem of hypertension in rural communities is understudied in Nigeria. This raises concerns regarding the gap in knowledge related to management of hypertension in Nigerian rural …","","https://scholar.google.com/scholar?q=related:txXvNOTod7cJ:scholar.google.com/&scioq=%22waist+circumference%22+nigeria&hl=en&as_sdt=0,5&as_ylo=2013&as_yhi=2013&as_vis=1"
2,"HA Oboh, ES Idogun, AC Ukwuonwo","Assessment of high sensitivity C-reactive Protein (HS-CRP) and total antioxidant status in patients with chronic kidney disease, diabetes and hypertension",2013,"Journal of Medicine and Biomedical …","ajol.info","https://www.ajol.info/index.php/jmbr/article/view/104630","https://scholar.google.com/scholar?cites=12000890257678562608&as_sdt=2005&sciodt=0,5&hl=en",238,"2021-07-17 18:35:28","","","","",,,,,2,0.25,1,3,8,"… Committee of the University of Benin Teaching Hospital, Benin City, Edo State, Nigeria … C- reactive protein (hsCRP) as a cardiovascular risk factor in hypertensive Nigerians … TY, Wilcox S, Dowda M, Baruth M. Independent Association of Waist Circumference With Hypertension …","https://www.ajol.info/index.php/jmbr/article/view/104630/94683","https://scholar.google.com/scholar?q=related:MHVgHRu6i6YJ:scholar.google.com/&scioq=%22waist+circumference%22+nigeria&hl=en&as_sdt=0,5&as_ylo=2013&as_yhi=2013&as_vis=1"
5,"CM Reza, A Kabir, T Biswas, KN Choudhury…","Status of lipid profile among the hypertensive patients in Bangladesh",2013,"University Heart …","banglajol.info","https://www.banglajol.info/index.php/UHJ/article/view/19505","https://scholar.google.com/scholar?cites=4407738168686551648&as_sdt=2005&sciodt=0,5&hl=en",239,"2021-07-17 18:35:28","","","","",,,,,5,0.63,1,5,8,"… Diastolic BP (mm Hg) 98.92 (.72) 94.49 - 101.36 84.89(.86) 81.17 - 87.61 0.001 *WC = Waist Circumference Status of Lipid Profile among the Hypertensive Patients in Bangladesh … Plasma lipid profiles in hypertensives Nigerians. The internet Journal of Cardiovascular research …","https://www.banglajol.info/index.php/UHJ/article/download/19505/13491","https://scholar.google.com/scholar?q=related:YCJ-34JuKz0J:scholar.google.com/&scioq=%22waist+circumference%22+nigeria&hl=en&as_sdt=0,5&as_ylo=2013&as_yhi=2013&as_vis=1"
18,"S Sukhdev, KS Singh","Therapeutic role of phytomedicines on obesity: importance of herbal pancreatic lipase inhibitors",2013,"Int Res J Med Sci","Citeseer","http://citeseerx.ist.psu.edu/viewdoc/download?doi=10.1.1.1064.3108&rep=rep1&type=pdf","https://scholar.google.com/scholar?cites=4183233922671720331&as_sdt=2005&sciodt=0,5&hl=en",240,"2021-07-17 18:35:28","PDF","","","",,,,,18,2.25,9,2,8,"… A few other methods that may be useful to diagnose the level/ grade of obesity include; i. Waist circumference, saggital diameter and waist-to-hip ratio: 102 cm (40 inches) for a man and 88 cm (35 inches) for a woman is currently recommended upper limit for waist circumference …","http://citeseerx.ist.psu.edu/viewdoc/download?doi=10.1.1.1064.3108&rep=rep1&type=pdf","https://scholar.google.com/scholar?q=related:izc2xRbVDToJ:scholar.google.com/&scioq=%22waist+circumference%22+nigeria&hl=en&as_sdt=0,5&as_ylo=2013&as_yhi=2013&as_vis=1"
2,"ПІ Ткаченко, ІІ Старченко, СО Білоконь…","Ефективність лізомукоїду в комплексному лікуванні загострення хронічного паренхіматозного паротиту у дітей, активний перебіг",2013,"Мир медицины и …","cyberleninka.ru","https://cyberleninka.ru/article/n/14356255","https://scholar.google.com/scholar?cites=14075554123401391665&as_sdt=2005&sciodt=0,5&hl=en",241,"2021-07-17 18:35:28","HTML","","","",,,,,2,0.25,1,4,8,"… male the lean body mass was predicted by the thigh circumference and the body mass; body fat directly correlates with the waist circumference. In Indians muscular mass has reverse correlation, but fat mass - direct correlation with the body mass. In Nigerians muscular mass …","https://cyberleninka.ru/article/n/14356255","https://scholar.google.com/scholar?q=related:Me4fVuZpVsMJ:scholar.google.com/&scioq=%22waist+circumference%22+nigeria&hl=en&as_sdt=0,5&as_ylo=2013&as_yhi=2013&as_vis=1"
0,"P Hendrick","Use of pedometer-driven walking to promote physical activity and improve health-related quality of life among me...",2013,"","academia.edu","https://www.academia.edu/download/44788296/Use_of_pedometer-driven_walking_to_promo20160416-12072-1n697a.pdf","",242,"2021-07-17 18:35:28","PDF","","","",,,,,0,0.00,0,1,8,"… Control group; SFF: Silver fern farms; BP: Blood pressure; BMI: Body mass index; BF: Body fat percentage; WC: Waist circumference; SF-36v2 … 5. Omokhodion FO, Adebayo AM: Occupational hazards and self-reported health problems of butchers in Ibadan, southwest Nigeria …","https://www.academia.edu/download/44788296/Use_of_pedometer-driven_walking_to_promo20160416-12072-1n697a.pdf","https://scholar.google.com/scholar?q=related:O9Fwd-xuzagJ:scholar.google.com/&scioq=%22waist+circumference%22+nigeria&hl=en&as_sdt=0,5&as_ylo=2013&as_yhi=2013&as_vis=1"
32,"FN Fathima, R Joshi, T Agrawal, S Hegde, D Xavier…","Rationale and design of the Primary pREvention strategies at the community level to Promote Adherence of treatments to pREvent cardiovascular diseases trial …",2013,"American heart …","Elsevier","https://www.sciencedirect.com/science/article/pii/S0002870313002305","https://scholar.google.com/scholar?cites=3951676389869897388&as_sdt=2005&sciodt=0,5&hl=en",243,"2021-07-17 18:35:28","","","","",,,,,32,4.00,5,6,8,"… 1 control site (5828 participants), Multimodal health educational interventions delivered by worksite health officers, Reduction in weight, waist circumference, blood sugar … Mendis et al 31, 2011, Nigeria and China, Primary health care facility based cluster randomized trial, 12 m, 40 …","https://www.ncbi.nlm.nih.gov/pmc/articles/PMC3750498/","https://scholar.google.com/scholar?q=related:rEZ-Xb0s1zYJ:scholar.google.com/&scioq=%22waist+circumference%22+nigeria&hl=en&as_sdt=0,5&as_ylo=2013&as_yhi=2013&as_vis=1"
2,"AO Ojoawo, MO Olaogun, SA Odejide…","Effect of vertical oscillatory pressure on disability of patients with chronic mechanical low back pain using Roland Morris Disability questionnaire",2013,"Tanzania journal of health …","ajol.info","https://www.ajol.info/index.php/thrb/article/view/72511","https://scholar.google.com/scholar?cites=4951873104400703479&as_sdt=2005&sciodt=0,5&hl=en",244,"2021-07-17 18:35:28","","","","",,,,,2,0.25,1,4,8,"… referred from the Orthopaedic Clinic to Physiotherapy Department of Obafemi Awolowo University Teaching Hospitals Complex, Ile Ife Nigeria, with symptoms of … Key: BMI = Body Mass Index; Waist C = Waist circumference; Hip C = Hip circumference; WHR = Waist to Hip Ratio …","https://www.ajol.info/index.php/thrb/article/download/72511/74714","https://scholar.google.com/scholar?q=related:91-dMFqWuEQJ:scholar.google.com/&scioq=%22waist+circumference%22+nigeria&hl=en&as_sdt=0,5&as_ylo=2013&as_yhi=2013&as_vis=1"
14,"AO Odewabi, OA Ogundahunsi, AA Odewabi…","Adenosine deaminase activity and immunoglobulin levels as potential systemic biomonitors of occupational hazards and health status in municipal solid waste …",2013,"Environmental …","Elsevier","https://www.sciencedirect.com/science/article/pii/S1382668912001603","https://scholar.google.com/scholar?cites=5362325182532982649&as_sdt=2005&sciodt=0,5&hl=en",245,"2021-07-17 18:35:28","","","","",,,,,14,1.75,4,4,8,"… Until recently, only very few Nigerians were involved in the occupation of waste disposal or … inhalational route, other routes of exposure may also be important among these Nigerian waste workers … source of risk is the fact that waste segregation is not common practice in Nigeria …","","https://scholar.google.com/scholar?q=related:eZcCu1fOakoJ:scholar.google.com/&scioq=%22waist+circumference%22+nigeria&hl=en&as_sdt=0,5&as_ylo=2013&as_yhi=2013&as_vis=1"
1,"E Asayi, N Sarshar, M Ghahramani, DH MOKHTARIAN","CARDIOVASCULAR RISK FACTORS IN PEOPLE ABOVE TWENTY YEARS OLD IN GONABAD, IRAN",2013,"","sid.ir","https://www.sid.ir/en/journal/ViewPaper.aspx?ID=334081","https://scholar.google.com/scholar?cites=7913378197079827213&as_sdt=2005&sciodt=0,5&hl=en",246,"2021-07-17 18:35:28","","","","",,,,,1,0.13,0,4,8,"… Weight, height, waist circumference and hip circumference were measured in standing position and with a thin … of people which was lower than that in some countries such as Nigeria (31%) and … risk factors in the middle-aged and elderly Population of a Nigerian rural community …","https://www.sid.ir/EN/VEWSSID/J_pdf/1038520130309.pdf","https://scholar.google.com/scholar?q=related:DaNDGov30W0J:scholar.google.com/&scioq=%22waist+circumference%22+nigeria&hl=en&as_sdt=0,5&as_ylo=2013&as_yhi=2013&as_vis=1"
3,"H Krakowiak, M Čabrić, E Sokołowska","Digit ratio (2D: 4D) and body composition in athletes",2013,"","repozytorium.umk.pl","https://repozytorium.umk.pl/handle/item/1999","https://scholar.google.com/scholar?cites=1689678360155817302&as_sdt=2005&sciodt=0,5&hl=en",247,"2021-07-17 18:35:28","","","","",,,,,3,0.38,1,3,8,"… Med Biol Sci, 2012; 26/4: 23-29. 21. Danborno B, Adebisi SS, Adelaiye AB. Sexual Dimorphism and Relationship betweem Chest, Hip and Waist Circumference with 2D, 4D and 2D:4D in Nigerians. The Internet Journal of Biological Anthropology, 2008; 1, 2. 22 …","https://repozytorium.umk.pl/bitstream/handle/item/1999/mbs-2013-0033,Krakowiak,Cabric,Sokolowska.pdf?sequence=1","https://scholar.google.com/scholar?q=related:VoXAKYTxchcJ:scholar.google.com/&scioq=%22waist+circumference%22+nigeria&hl=en&as_sdt=0,5&as_ylo=2013&as_yhi=2013&as_vis=1"
2,"AD Muhayidin, M Wong, N Sukor, H Sidi…","Prevalence of Sexual Dysfunction Among Premenopausal Women With and Without Type 2 Diabetes Mellitus",2013,"… of Endocrinology and …","Citeseer","https://citeseerx.ist.psu.edu/viewdoc/download?doi=10.1.1.992.3372&rep=rep1&type=pdf","https://scholar.google.com/scholar?cites=11044292104118284253&as_sdt=2005&sciodt=0,5&hl=en",248,"2021-07-17 18:35:28","PDF","","","",,,,,2,0.25,0,5,8,"… However, among those with diabetes, significant number has higher BMI, waist circumference and other co- morbidities, which more likely to contribute to … 21. Olarinoye J, Olarinoye A. Determinants of sexual function among women with type 2 diabetes in a Nigerian population …","https://citeseerx.ist.psu.edu/viewdoc/download?doi=10.1.1.992.3372&rep=rep1&type=pdf","https://scholar.google.com/scholar?q=related:3S-fTSc1RZkJ:scholar.google.com/&scioq=%22waist+circumference%22+nigeria&hl=en&as_sdt=0,5&as_ylo=2013&as_yhi=2013&as_vis=1"
0,"MA Memon, SA Memon, E Alam","Assessment of Peak Expiratory Flow Rate in Pakistani Medical Students",2013,"Rawal Medical Journal","rmj.org.pk","http://rmj.org.pk/fulltext/27-1353566884.pdf","",249,"2021-07-17 18:35:28","PDF","","","",,,,,0,0.00,0,3,8,"… Height have sedentary life style. Buffalo Health Study without shoes, weight, hip and waist circumference concluded that pulmonary function is the long term … 13 height range. Nepali medical students and non medical students 14-16 in of Iran, Kashmir and Nigeria …","http://rmj.org.pk/fulltext/27-1353566884.pdf","https://scholar.google.com/scholar?q=related:sI-u_BdU-ycJ:scholar.google.com/&scioq=%22waist+circumference%22+nigeria&hl=en&as_sdt=0,5&as_ylo=2013&as_yhi=2013&as_vis=1"
149,"G Kaur, GH Tee, S Ariaratnam…","Depression, anxiety and stress symptoms among diabetics in Malaysia: a cross sectional study in an urban primary care setting",2013,"BMC family …","bmcfampract.biomedcentral.com","https://bmcfampract.biomedcentral.com/articles/10.1186/1471-2296-14-69","https://scholar.google.com/scholar?cites=14274933653623331439&as_sdt=2005&sciodt=0,5&hl=en",250,"2021-07-17 18:35:28","HTML","10.1186/1471-2296-14-69","","",,,,,149,18.63,37,4,8,"Diabetes mellitus is a highly prevalent condition in Malaysia, increasing from 11.6% in 2006 to 15.2% in 2011 among individuals 18 years and above. Co-morbid depression in diabetics is associated with hyperglycemia, diabetic complications and increased health care costs. The …","https://bmcfampract.biomedcentral.com/articles/10.1186/1471-2296-14-69","https://scholar.google.com/scholar?q=related:b9p8sIbAGsYJ:scholar.google.com/&scioq=%22waist+circumference%22+nigeria&hl=en&as_sdt=0,5&as_ylo=2013&as_yhi=2013&as_vis=1"
26,"M Wen, L Kowaleski-Jones…","Ethnic-immigrant disparities in total and abdominal obesity in the US",2013,"American journal of health …","ingentaconnect.com","https://www.ingentaconnect.com/content/png/ajhb/2013/00000037/00000006/art00010","https://scholar.google.com/scholar?cites=5510826087353178387&as_sdt=2005&sciodt=0,5&hl=en",251,"2021-07-17 18:35:28","","","","",,,,,26,3.25,9,3,8,"… For example, central obesity measured by waist circumference (WC) is a stronger predictor of noninsulin dependent diabe- tes mellitus compared to BMI and other measures of adiposity28 and is an independent risk factor of morbidity and mortality net of overall BMI.29,30 More …","https://www.ncbi.nlm.nih.gov/pmc/articles/PMC3914658/","https://scholar.google.com/scholar?q=related:E1mk-yBjekwJ:scholar.google.com/&scioq=%22waist+circumference%22+nigeria&hl=en&as_sdt=0,5&as_ylo=2013&as_yhi=2013&as_vis=1"
7,"F Askari, S Rabiei, R Rastmanesh","The effects of nutrition education and diet therapy on glycemic and lipidemic control in Iranian patients with type 2 diabetes",2013,"Journal of Obesity and Weight …","researchgate.net","https://www.researchgate.net/profile/Samira-Rabiei/publication/285554546_The_Effects_of_Nutrition_Education_and_Diet_Therapy_on_Glycemic_and_Lipidemic_Control_in_Iranian_Patients_with_Type_2_Diabetes/links/59d1c9e6aca2721f43675a79/The-Effects-of-Nutrition-Education-and-Diet-Therapy-on-Glycemic-and-Lipidemic-Control-in-Iranian-Patients-with-Type-2-Diabetes.pdf","https://scholar.google.com/scholar?cites=12910580636224569577&as_sdt=2005&sciodt=0,5&hl=en",252,"2021-07-17 18:35:28","PDF","","","",,,,,7,0.88,2,3,8,"… The Body Mass Index (BMI) was calculated by dividing weight (kg) by height squared (m2). Waist Circumference (WC) was measured at the end of normal exhalation … Waist to Hip Ratio (WHR) was calculated by dividing waist circumference by hip circumference …","https://www.researchgate.net/profile/Samira-Rabiei/publication/285554546_The_Effects_of_Nutrition_Education_and_Diet_Therapy_on_Glycemic_and_Lipidemic_Control_in_Iranian_Patients_with_Type_2_Diabetes/links/59d1c9e6aca2721f43675a79/The-Effects-of-Nutrition-Education-and-Diet-Therapy-on-Glycemic-and-Lipidemic-Control-in-Iranian-Patients-with-Type-2-Diabetes.pdf","https://scholar.google.com/scholar?q=related:6cAzeq-YK7MJ:scholar.google.com/&scioq=%22waist+circumference%22+nigeria&hl=en&as_sdt=0,5&as_ylo=2013&as_yhi=2013&as_vis=1"
7,"M Bjerregaard-Andersen, L Hansen, LI da Silva…","Risk of metabolic syndrome and diabetes among young twins and singletons in Guinea-Bissau",2013,"Diabetes …","Am Diabetes Assoc","https://care.diabetesjournals.org/content/36/11/3549.short","https://scholar.google.com/scholar?cites=16712773660190424786&as_sdt=2005&sciodt=0,5&hl=en",253,"2021-07-17 18:35:28","","","","",,,,,7,0.88,2,4,8,"","https://care.diabetesjournals.org/content/diacare/36/11/3549.full.pdf","https://scholar.google.com/scholar?q=related:0r4nixiz7-cJ:scholar.google.com/&scioq=%22waist+circumference%22+nigeria&hl=en&as_sdt=0,5&as_ylo=2013&as_yhi=2013&as_vis=1"
28,"MK Tulloch-Reid, NO Younger, TS Ferguson…","Excess cardiovascular risk burden in Jamaican women does not influence predicted 10-year CVD risk profiles of Jamaica adults: an analysis of the 2007/08 …",2013,"PloS one","journals.plos.org","https://journals.plos.org/plosone/article?id=10.1371/journal.pone.0066625","https://scholar.google.com/scholar?cites=17341685392884003627&as_sdt=2005&sciodt=0,5&hl=en",254,"2021-07-17 18:35:28","HTML","","","",,,,,28,3.50,7,4,8,"… Similar findings were noted in a study of urban Kenyan adults where women were more likely to have a high waist circumference and also … 10 year CVD risk distribution using cholesterol measurement from the Jamaican data was similar to that reported in Cuba, Nigeria and the …","https://journals.plos.org/plosone/article?id=10.1371/journal.pone.0066625","https://scholar.google.com/scholar?q=related:K3NuEfwKqvAJ:scholar.google.com/&scioq=%22waist+circumference%22+nigeria&hl=en&as_sdt=0,5&as_ylo=2013&as_yhi=2013&as_vis=1"
11,"HM Ochs-Balcom, L Preus…","Association of DXA-derived bone mineral density and fat mass with African ancestry",2013,"The Journal of …","academic.oup.com","https://academic.oup.com/jcem/article-abstract/98/4/E713/2537194","https://scholar.google.com/scholar?cites=13971684860807078378&as_sdt=2005&sciodt=0,5&hl=en",255,"2021-07-17 18:35:28","","","","",,,,,11,1.38,4,3,8,"Context:. Both genes and environment have been implicated in determining the complex body composition phenotypes in individuals of European ancestry; however,.","https://academic.oup.com/jcem/article/98/4/E713/2537194","https://scholar.google.com/scholar?q=related:6uEbEltl5cEJ:scholar.google.com/&scioq=%22waist+circumference%22+nigeria&hl=en&as_sdt=0,5&as_ylo=2013&as_yhi=2013&as_vis=1"
0,"UN IWUEZE","PATTERN OF PRE-HYPERTENSION AND ITS ASSOCIATED RISK FACTORS IN ADULT OBESE PATIENTS ATTENDING THE GENERAL OUTPATIENT …",2013,"Faculty of Family Medicine","dissertation.npmcn.edu.ng","http://dissertation.npmcn.edu.ng/index.php/FMCFM/article/download/289/1772","",256,"2021-07-17 18:35:28","PDF","","","",,,,,0,0.00,0,1,8,"… Obesity, which was socially and culturally acceptable among Nigerians, hence not regarded … Hospital in Kano, Nigeria, poor adherence was found to be mainly due to ignorance on the … study of blood pressure control in a Nigerian population where anti-hypertensives were given …","http://dissertation.npmcn.edu.ng/index.php/FMCFM/article/download/289/1772","https://scholar.google.com/scholar?q=related:CkTXrFLZgQUJ:scholar.google.com/&scioq=%22waist+circumference%22+nigeria&hl=en&as_sdt=0,5&as_ylo=2013&as_yhi=2013&as_vis=1"
131,"C Medina, S Barquera…","Validity and reliability of the International Physical Activity Questionnaire among adults in Mexico",2013,"Revista Panamericana de …","SciELO Public Health","https://www.scielosp.org/article/ssm/content/raw/?resource_ssm_path=/media/assets/rpsp/v34n1/03.pdf","https://scholar.google.com/scholar?cites=10699307346348145848&as_sdt=2005&sciodt=0,5&hl=en",257,"2021-07-17 18:35:28","PDF","","","",,,,,131,16.38,44,3,8,"… (BMI) was calculated as kg/m2. Waist circumference was measured using fi- berglass tape to the nearest 0.1 cm at the midpoint between the iliac crest and the lower rib … Waist circumference (cm) 89.6 10.9 92.7 9.7 86.4 11.3 86.9 10.2 94.4 10.6 a Standard deviation. Page 4. 24 …","https://www.scielosp.org/article/ssm/content/raw/?resource_ssm_path=/media/assets/rpsp/v34n1/03.pdf","https://scholar.google.com/scholar?q=related:uPzOGViTe5QJ:scholar.google.com/&scioq=%22waist+circumference%22+nigeria&hl=en&as_sdt=0,5&as_ylo=2013&as_yhi=2013&as_vis=1"
20,"M Zhang, Q Zhao, KT Mills, J Chen, J Li…","Factors associated with blood pressure response to the cold pressor test: the GenSalt Study",2013,"American journal of …","academic.oup.com","https://academic.oup.com/ajh/article-abstract/26/9/1132/161016","https://scholar.google.com/scholar?cites=10773404398865835179&as_sdt=2005&sciodt=0,5&hl=en",258,"2021-07-17 18:35:28","","","","",,,,,20,2.50,3,6,8,"… Body weight, height, and waist circumference were measured according to a standard protocol … Women had greater BMI and pulse but smaller waist circumference and lower SBP and DBP levels compared to men. Table 1. General characteristics of 2,682 study participants …","https://academic.oup.com/ajh/article/26/9/1132/161016","https://scholar.google.com/scholar?q=related:q2QHiDjSgpUJ:scholar.google.com/&scioq=%22waist+circumference%22+nigeria&hl=en&as_sdt=0,5&as_ylo=2013&as_yhi=2013&as_vis=1"
13,"L Kustiyah, MU Widhianti, M Dewi","Hubungan asupan serat dengan status gizi dan profil lipid darah pada orang dewasa dislipidemia",2013,"Jurnal Gizi dan Pangan","journal.ipb.ac.id","http://journal.ipb.ac.id/index.php/jgizipangan/article/view/7980","https://scholar.google.com/scholar?cites=5411086301285151359&as_sdt=2005&sciodt=0,5&hl=en",259,"2021-07-17 18:35:28","","","","",,,,,13,1.63,4,3,8,"… (2010) di Nigeria bahwa subjek … index and waist circumference with: energy intake and percentage energy from macro- nutrients, in a cohort of Australian children … 2012. Physical activity, dietary intake and anthropometric indices of a group of nigerian university un- dergraduates …","http://journal.ipb.ac.id/index.php/jgizipangan/article/download/7980/6262","https://scholar.google.com/scholar?q=related:f3IVZVIKGEsJ:scholar.google.com/&scioq=%22waist+circumference%22+nigeria&hl=en&as_sdt=0,5&as_ylo=2013&as_yhi=2013&as_vis=1"
97,"AE Seedhom, ES Mohammed…","Life style factors associated with premenstrual syndrome among El-Minia University Students, Egypt",2013,"International …","downloads.hindawi.com","https://downloads.hindawi.com/archive/2013/617123.pdf","https://scholar.google.com/scholar?cites=11290193259874396869&as_sdt=2005&sciodt=0,5&hl=en",260,"2021-07-17 18:35:28","PDF","","","",,,,,97,12.13,32,3,8,"… 176 cm (mean±SD:159.9±5.7), BMI ranged between 16.2 and 36.7 kg/m 2 (mean ± SD: 24.1 ± 4), waist circumference ranged between … [6] AO Adewuya, OM Loto, and TA Adewumi, “Pattern and correlates of premenstrual symptomatology amongst Nigerian University students …","https://downloads.hindawi.com/archive/2013/617123.pdf","https://scholar.google.com/scholar?q=related:xapSrPPSrpwJ:scholar.google.com/&scioq=%22waist+circumference%22+nigeria&hl=en&as_sdt=0,5&as_ylo=2013&as_yhi=2013&as_vis=1"
5,"D Cugino, F Gianfagna, W Ahrens…","Polymorphisms of matrix metalloproteinase gene and adiposity indices in European children: results of the IDEFICS study",2013,"International journal of …","nature.com","https://www.nature.com/articles/ijo201321","https://scholar.google.com/scholar?cites=9950993969277306169&as_sdt=2005&sciodt=0,5&hl=en",261,"2021-07-17 18:35:28","","","","",,,,,5,0.63,1,4,8,"… also be taken into account. 6. The 11q22 region of the genome resulted linked to obesity indices in studies of Nigerian families, 7 Old Order Amish, 8 Pima-Indian siblings 9, 10 and in a Dutch cohort of type 2 diabetic patients.","https://www.researchgate.net/profile/Toomas-Veidebaum/publication/235905386_Polymorphisms_of_matrix_metalloproteinase_gene_and_adiposity_indices_in_European_children_Results_of_the_IDEFICS_study/links/543bad3c0cf2d6698be30eeb/Polymorphisms-of-matrix-metalloproteinase-gene-and-adiposity-indices-in-European-children-Results-of-the-IDEFICS-study.pdf","https://scholar.google.com/scholar?q=related:OQXU3EoIGYoJ:scholar.google.com/&scioq=%22waist+circumference%22+nigeria&hl=en&as_sdt=0,5&as_ylo=2013&as_yhi=2013&as_vis=1"
36,"CS Desai, LA Colangelo, K Liu…","Prevalence, prospective risk markers, and prognosis associated with the presence of left ventricular diastolic dysfunction in young adults: the coronary artery risk …",2013,"American journal of …","academic.oup.com","https://academic.oup.com/aje/article-abstract/177/1/20/128983","https://scholar.google.com/scholar?cites=17112433754800634259&as_sdt=2005&sciodt=0,5&hl=en",262,"2021-07-17 18:35:28","","","","",,,,,36,4.50,9,4,8,"… The following variables were measured at year 0 as described previously (10): 1) age; 2) sex; 3) race; 4) height; 5) weight; 6) body mass index (calculated as weight in kilograms divided by the square of the height in meters); 7) waist circumference; 8) educational level; 9 …","https://academic.oup.com/aje/article/177/1/20/128983","https://scholar.google.com/scholar?q=related:k7lLndWTe-0J:scholar.google.com/&scioq=%22waist+circumference%22+nigeria&hl=en&as_sdt=0,5&as_ylo=2013&as_yhi=2013&as_vis=1"
5,"MI Manuha, NZ Iqbal, BM Nageeb…","Association of physical activity and sedentary lifestyle with overweight and obesity among adult women in Sri Lanka",2013,"World Applied …","researchgate.net","https://www.researchgate.net/profile/Priyani-Paranagama/publication/342736072_Association_of_Physical_Activity_and_Sedentary_Lifestyle_with_Overweight_and_Obesity_among_Adult_Women_in_Sri_Lanka/links/5d006684299bf13a384e85be/Association-of-Physical-Activity-and-Sedentary-Lifestyle-with-Overweight-and-Obesity-among-Adult-Women-in-Sri-Lanka.pdf","https://scholar.google.com/scholar?cites=9836057792435092866&as_sdt=2005&sciodt=0,5&hl=en",263,"2021-07-17 18:35:28","PDF","","","",,,,,5,0.63,1,4,8,"… study revealed a higher percentage of body fat across a that poor physical exercise leads overweight and obesity range of waist circumference values. The mean waist [18, 19] … Statistics, pp: 76. semi-urban and rural communities in Nigeria. BMC …","https://www.researchgate.net/profile/Priyani-Paranagama/publication/342736072_Association_of_Physical_Activity_and_Sedentary_Lifestyle_with_Overweight_and_Obesity_among_Adult_Women_in_Sri_Lanka/links/5d006684299bf13a384e85be/Association-of-Physical-Activity-and-Sedentary-Lifestyle-with-Overweight-and-Obesity-among-Adult-Women-in-Sri-Lanka.pdf","https://scholar.google.com/scholar?q=related:gn1O1HKygIgJ:scholar.google.com/&scioq=%22waist+circumference%22+nigeria&hl=en&as_sdt=0,5&as_ylo=2013&as_yhi=2013&as_vis=1"
2,"K Tziomalos, M Spanou, M Baltatzi…","Impaired fasting glucose in hypertensive patients: prevalence and cross-sectional analysis of associations with cardiovascular disease",2013,"Diabetes technology …","liebertpub.com","https://www.liebertpub.com/doi/abs/10.1089/dia.2012.0336","https://scholar.google.com/scholar?cites=1770793538094139527&as_sdt=2005&sciodt=0,5&hl=en",264,"2021-07-17 18:35:28","","10.1089/dia.2012.0336","","",,,,,2,0.25,1,4,8,"… 23 At minimum, two measurements were performed for each patient, and the average was recorded. In all patients, weight, height, and waist circumference were measured … The waist circumference was measured at the smallest circumference at the level of the umbilicus …","https://www.liebertpub.com/doi/full/10.1089/dia.2012.0336","https://scholar.google.com/scholar?q=related:h4ioQFcfkxgJ:scholar.google.com/&scioq=%22waist+circumference%22+nigeria&hl=en&as_sdt=0,5&as_ylo=2013&as_yhi=2013&as_vis=1"
37,"KMI Saeed","Prevalence of risk factors for non-communicable diseases in the adult population of urban areas in Kabul City, Afghanistan",2013,"Central Asian journal of global health","ncbi.nlm.nih.gov","https://www.ncbi.nlm.nih.gov/pmc/articles/pmc5927744/","https://scholar.google.com/scholar?cites=10995571380291534064&as_sdt=2005&sciodt=0,5&hl=en",265,"2021-07-17 18:35:28","HTML","","","",,,,,37,4.63,37,1,8,"… Physical measurements included weight in bare feet with usual clothing, height in bare feet without headwear, waist circumference at the narrowest point between the lower costal border and the iliac crest measured using a constant tension tape, and blood pressure at the …","https://www.ncbi.nlm.nih.gov/pmc/articles/pmc5927744/","https://scholar.google.com/scholar?q=related:8Hy60OkdmJgJ:scholar.google.com/&scioq=%22waist+circumference%22+nigeria&hl=en&as_sdt=0,5&as_ylo=2013&as_yhi=2013&as_vis=1"
49,"LE Stene, GW Jacobsen, G Dyb, A Tverdal…","Intimate partner violence and cardiovascular risk in women: a population-based cohort study",2013,"Journal of women's …","liebertpub.com","https://www.liebertpub.com/doi/abs/10.1089/jwh.2012.3920","https://scholar.google.com/scholar?cites=10836937945894265856&as_sdt=2005&sciodt=0,5&hl=en",266,"2021-07-17 18:35:28","","10.1089/jwh.2012.3920","","",,,,,49,6.13,10,5,8,"… Waist and hip circumference were measured horizontally with a steel cord to the nearest centimeter. Waist circumference was measured at the umbilicus. In obese participants it was set at the midpoint between the iliac crest and lower rib margin …","https://www.ncbi.nlm.nih.gov/pmc/articles/PMC3601632/","https://scholar.google.com/scholar?q=related:AKT6LaWJZJYJ:scholar.google.com/&scioq=%22waist+circumference%22+nigeria&hl=en&as_sdt=0,5&as_ylo=2013&as_yhi=2013&as_vis=1"
18,"TS Anish, S Shahulhameed…","Gender difference in blood pressure, blood sugar, and cholesterol in young adults with comparable routine physical exertion",2013,"Journal of family …","ncbi.nlm.nih.gov","https://www.ncbi.nlm.nih.gov/pmc/articles/pmc3894044/","https://scholar.google.com/scholar?cites=9614702939309634782&as_sdt=2005&sciodt=0,5&hl=en",267,"2021-07-17 18:35:28","HTML","","","",,,,,18,2.25,6,3,8,"… The mean waist circumference [72.3 (5.7) cm for men and 65.9 (6.1) cm for female] and the waist hip ratio [0.80 (3.6 × 10 -2 ) for men and 0.74 (5.9 … A prevalence of cardiometabolic risk factors among a rural Yoruba south-western Nigerian population: A population-based survey …","https://www.ncbi.nlm.nih.gov/pmc/articles/pmc3894044/","https://scholar.google.com/scholar?q=related:3nR05mFJboUJ:scholar.google.com/&scioq=%22waist+circumference%22+nigeria&hl=en&as_sdt=0,5&as_ylo=2013&as_yhi=2013&as_vis=1"
17,"A Bastawrous, W Mathenge, A Foster…","Prevalence and predictors of refractive error and spectacle coverage in Nakuru, Kenya: a cross-sectional, population-based study",2013,"International …","Springer","https://link.springer.com/content/pdf/10.1007/s10792-013-9742-6.pdf","https://scholar.google.com/scholar?cites=670484890346864610&as_sdt=2005&sciodt=0,5&hl=en",268,"2021-07-17 18:35:28","","10.1007/s10792-013-9742-6","","",,,,,17,2.13,4,4,8,"… Obesity using waist circumference was categorized using WHO guidelines [17] as normal (male \94 cm, female\80 cm), overweight (male 94–101.9 … The recent Nigeria National Survey of Blindness [24] found 1.4 % of blindness was caused by RE suggesting low levels even in …","","https://scholar.google.com/scholar?q=related:4j9klHQKTgkJ:scholar.google.com/&scioq=%22waist+circumference%22+nigeria&hl=en&as_sdt=0,5&as_ylo=2013&as_yhi=2013&as_vis=1"
49,"Q Chen, J Wang, J Tian, X Tang, C Yu, RJ Marshall…","Association between ambient temperature and blood pressure and blood pressure regulators: 1831 hypertensive patients followed up for three years",2013,"PloS one","journals.plos.org","https://journals.plos.org/plosone/article?id=10.1371/journal.pone.0084522","https://scholar.google.com/scholar?cites=3530345783465360947&as_sdt=2005&sciodt=0,5&hl=en",269,"2021-07-17 18:35:28","HTML","","","",,,,,49,6.13,7,7,8,"Several studies have suggested an association between ambient air temperature and blood pressure. However, this has not been reliably confirmed by longitudinal studies. Also, whether the reaction to temperature stimulation is modified by other factors such as antihypertensive …","https://journals.plos.org/plosone/article?id=10.1371/journal.pone.0084522","https://scholar.google.com/scholar?q=related:Mz7AFclO_jAJ:scholar.google.com/&scioq=%22waist+circumference%22+nigeria&hl=en&as_sdt=0,5&as_ylo=2013&as_yhi=2013&as_vis=1"
1,"BL Hamilton","Metabolic risk factors for cardiovascular disease in Oklahoma adults with abdominal adiposity and dyslipidemia: A cross-sectional study.",2013,"","search.proquest.com","https://search.proquest.com/openview/0f20ec2db62a471da4e4da43d02b18f4/1?pq-origsite=gscholar&cbl=18750","https://scholar.google.com/scholar?cites=9720661895390750404&as_sdt=2005&sciodt=0,5&hl=en",270,"2021-07-17 18:35:28","BOOK","","","",,,,,1,0.13,1,1,8,"… Waist circumference, serum glucose, HbA1c, quercetin intake, and total servings of fruits and vegetables were significantly different across tertiles of CRP (p <0.05); elevated levels in highest vs … 2. Participants with higher mean ox-LDL will have higher waist circumference, TG …","https://shareok.org/bitstream/handle/11244/11206/Hamilton_okstate_0664M_13110.pdf?sequence=1","https://scholar.google.com/scholar?q=related:xOZw2H265oYJ:scholar.google.com/&scioq=%22waist+circumference%22+nigeria&hl=en&as_sdt=0,5&as_ylo=2013&as_yhi=2013&as_vis=1"
70,"GAV Murphy, G Asiki, K Ekoru…","Sociodemographic distribution of non-communicable disease risk factors in rural Uganda: a cross-sectional study",2013,"International journal …","academic.oup.com","https://academic.oup.com/ije/article-abstract/42/6/1740/739924","https://scholar.google.com/scholar?cites=17082135580411212961&as_sdt=2005&sciodt=0,5&hl=en",271,"2021-07-17 18:35:28","","","","",,,,,70,8.75,18,4,8,"Abstract. Background Non-communicable diseases (NCDs) are rapidly becoming leading causes of morbidity and mortality in low- and middle-income countries, includ.","https://academic.oup.com/ije/article/42/6/1740/739924","https://scholar.google.com/scholar?q=related:obR4K87vD-0J:scholar.google.com/&scioq=%22waist+circumference%22+nigeria&hl=en&as_sdt=0,5&as_ylo=2013&as_yhi=2013&as_vis=1"
0,"RD AGBANA","AN ASSESSMENT OF CARDIOVASCULAR RISK FACTORS AMONG WORKERS IN AN AGRO-ALLIED COMPANY IN IBADAN, OYO STATE, NIGERIA",2013,"PUBLIC HEALTH","dissertation.npmcn.edu.ng","http://dissertation.npmcn.edu.ng/index.php/FMCPH/article/view/2542","",272,"2021-07-17 18:35:28","","","","",,,,,0,0.00,0,1,8,"… Nigerian studies34,48,49,50 as often times most of these risk factors are asymptomatic until … The epidemic of cardiovascular diseases in Nigeria is primarily attributed to socio-economic … productivity of Nigerians with workers bearing the brunt.6,35,54 These economic and socio …","https://dissertation.npmcn.edu.ng/index.php/FMCPH/article/download/2542/2365","https://scholar.google.com/scholar?q=related:6zlG1up5VIsJ:scholar.google.com/&scioq=%22waist+circumference%22+nigeria&hl=en&as_sdt=0,5&as_ylo=2013&as_yhi=2013&as_vis=1"
0,"呂雅蕙","使用體位測量評估大一新生肥胖盛行率及預測高血壓相關性",2013,"嘉南學報 (科技類)","ir.cnu.edu.tw","http://ir.cnu.edu.tw/handle/310902800/28071","",273,"2021-07-17 18:35:28","","","","",,,,,0,0.00,0,1,8,"… DP, & Ross, R. (2002). Body mass index and waist circumference independently contribute to the prediction of nonabdominal, abdominal … Prevalence of Underweight: A Matter of Concern among Adolescents in Osun State, Nigeria. Pakistan. Journal of Nutrition ,7 (3), 503-508 …","http://ir.cnu.edu.tw/bitstream/310902800/28071/1/39_34_42.pdf",""
6,"O Pinhas-Hamiel, M Sabin","Obesity in developing countries",2013,"Practical Pediatric Endocrinology in a Limited …","Elsevier","https://www.sciencedirect.com/science/article/pii/B9780124078222000062","https://scholar.google.com/scholar?cites=7710134463979080320&as_sdt=2005&sciodt=0,5&hl=en",274,"2021-07-17 18:35:28","","","","",,,,,6,0.75,3,2,8,"… 1 Similar trends have also been observed over the past 20 years in India, Mexico, Nigeria, and Tunisia while Brazil, China and India, as well as other developing countries, have also reported increasing rates of obesity in older children and adolescents. 1 … Waist Circumference …","","https://scholar.google.com/scholar?q=related:gEr453Hm_2oJ:scholar.google.com/&scioq=%22waist+circumference%22+nigeria&hl=en&as_sdt=0,5&as_ylo=2013&as_yhi=2013&as_vis=1"
3,"J Korte","South African anthropometric dimensions for the design of an ergonomic office chair",2013,"","core.ac.uk","https://core.ac.uk/download/pdf/145047188.pdf","https://scholar.google.com/scholar?cites=16530258689533935716&as_sdt=2005&sciodt=0,5&hl=en",275,"2021-07-17 18:35:28","PDF","","","",,,,,3,0.38,3,1,8,"… GENDER'. ... 50 FIGURE 17: WAIST CIRCUMFERENCE CONSIDERING 'ETHNIC GROUPS' AND 'GENDER' …","https://core.ac.uk/download/pdf/145047188.pdf","https://scholar.google.com/scholar?q=related:ZAD8crJGZ-UJ:scholar.google.com/&scioq=%22waist+circumference%22+nigeria&hl=en&as_sdt=0,5&as_ylo=2013&as_yhi=2013&as_vis=1"
14,"J Rojas, M Aguirre, M Velasco…","Obesity genetics: a monopoly game of genes",2013,"American journal of …","journals.lww.com","https://journals.lww.com/americantherapeutics/Fulltext/2013/07000/Obesity_Genetics__A_Monopoly_Game_of_Genes.14.aspx","https://scholar.google.com/scholar?cites=6817915776568022462&as_sdt=2005&sciodt=0,5&hl=en",276,"2021-07-17 18:35:28","","","","",,,,,14,1.75,4,4,8,"Obesity is a complex disease that affects all ethnic populations worldwide. The etiology of this dis.","https://www.researchgate.net/profile/Valmore-Bermudez/publication/231210876_Obesity_Genetics_A_Monopoly_Game_of_Genes/links/5ab8882aa6fdcc46d3b85b8e/Obesity-Genetics-A-Monopoly-Game-of-Genes.pdf","https://scholar.google.com/scholar?q=related:vlXeokYanl4J:scholar.google.com/&scioq=%22waist+circumference%22+nigeria&hl=en&as_sdt=0,5&as_ylo=2013&as_yhi=2013&as_vis=1"
199,"V Mohan, YK Seedat, R Pradeepa","The rising burden of diabetes and hypertension in southeast asian and african regions: need for effective strategies for prevention and control in primary …",2013,"International journal of …","hindawi.com","https://www.hindawi.com/journals/ijht/2013/409083/abs/","https://scholar.google.com/scholar?cites=337346792573565009&as_sdt=2005&sciodt=0,5&hl=en",277,"2021-07-17 18:35:28","HTML","","","",,,,,199,24.88,66,3,8,"<i>Aim</i>. To review the available literature on burden of diabetes mellitus (DM) and hypertension (HTN) and its coexistence in Southeast Asian (SEA) and the African (AFR) regions and to suggest strategies to improve DM and HTN prevention and control in primary health care …","https://www.hindawi.com/journals/ijht/2013/409083/abs/","https://scholar.google.com/scholar?q=related:Ufh22R5_rgQJ:scholar.google.com/&scioq=%22waist+circumference%22+nigeria&hl=en&as_sdt=0,5&as_ylo=2013&as_yhi=2013&as_vis=1"
8,"NM Al-Daghri, OS Al-Attas…","Thiamine and its phosphate esters in relation to cardiometabolic risk factors in Saudi Arabs",2013,"European journal …","eurjmedres.biomedcentral.com","https://eurjmedres.biomedcentral.com/articles/10.1186/2047-783X-18-32","https://scholar.google.com/scholar?cites=10121038140491684813&as_sdt=2005&sciodt=0,5&hl=en",278,"2021-07-17 18:35:28","HTML","10.1186/2047-783X-18-32","","",,,,,8,1.00,3,3,8,"Thiamine deficiency has suggested to be linked to several insulin-resistance complications. In this study, we aim to associate circulating thiamine levels among cardiometabolic parameters in an Arab cohort using a simple, sensitive, rapid and selective high-performance liquid …","https://eurjmedres.biomedcentral.com/articles/10.1186/2047-783X-18-32","https://scholar.google.com/scholar?q=related:zdsvspAmdYwJ:scholar.google.com/&scioq=%22waist+circumference%22+nigeria&hl=en&as_sdt=0,5&as_ylo=2013&as_yhi=2013&as_vis=1"
13,"J Hastuti, M Kagawa, NM Byrne…","Development and validation of anthropometric prediction equations for estimation of body fat in Indonesian men",2013,"Asia Pacific journal of …","search.informit.org","https://search.informit.org/doi/abs/10.3316/ielapa.731085815835950","https://scholar.google.com/scholar?cites=765170267997100245&as_sdt=2005&sciodt=0,5&hl=en",279,"2021-07-17 18:35:28","","10.3316/ielapa.731085815835950","","",,,,,13,1.63,3,4,8,"… Body mass index and waist circumference cutoffs to define obesity in indigenous New Zealanders. Am J Clin Nutr. 2010;92:390-7. doi: 10.3945/ajcn … Relation between BMI and body fat in black population samples from Nigeria, Jamaica, and United States. Am J Epidemiol …","https://apjcn.nhri.org.tw/server/APJCN/22/4/522.pdf","https://scholar.google.com/scholar?q=related:1VioAE5ungoJ:scholar.google.com/&scioq=%22waist+circumference%22+nigeria&hl=en&as_sdt=0,5&as_ylo=2013&as_yhi=2013&as_vis=1"
1,"SN Ali","Correlation between body mass index and cardiac parameters in obese and non obese critically ill patients at Cairo university hospitals",2013,"Journal of Education and Practice","scholar.cu.edu.eg","http://scholar.cu.edu.eg/sites/default/files/dr_nahla/files/cardiovasular_parameters_and_bmi.pdf","https://scholar.google.com/scholar?cites=13129205262338549931&as_sdt=2005&sciodt=0,5&hl=en",280,"2021-07-17 18:35:28","PDF","","","",,,,,1,0.13,1,1,8,"… between body mass index and blood glucose levels among some nigerian undergraduates which … The relationship of age, body mass index and waist circumference with blood pressure in … index and blood pressure among university students in, Enugu, South East, Nigeria …","http://scholar.cu.edu.eg/sites/default/files/dr_nahla/files/cardiovasular_parameters_and_bmi.pdf","https://scholar.google.com/scholar?q=related:q-jg5J9ONLYJ:scholar.google.com/&scioq=%22waist+circumference%22+nigeria&hl=en&as_sdt=0,5&as_ylo=2013&as_yhi=2013&as_vis=1"
0,"D Kažoka, J Vētra","Age specific relation in blood pressure with some anthropometrical variables of women in Latvia: a rural-urban comparison",2013,"Papers on Anthropology","ojs.utlib.ee","https://ojs.utlib.ee/index.php/PoA/article/view/1146","",281,"2021-07-17 18:35:28","","","","",,,,,0,0.00,0,2,8,"… 0.481 p<0.01 0.434 p<0.01 0.374 p<0.01 0.312 p<0.01 chest circumference 0.419 p<0.01 0.420 p<0.01 0.331 p<0.01 0.302 p<0.01 waist circumference 0.490 p … Relationship of anthropometric indicators with blood pressure levels and the risk of hypertension in Nigerian adults …","https://ojs.utlib.ee/index.php/PoA/article/download/poa.2013.22.09/1094/","https://scholar.google.com/scholar?q=related:GwiqC9Sxo_wJ:scholar.google.com/&scioq=%22waist+circumference%22+nigeria&hl=en&as_sdt=0,5&as_ylo=2013&as_yhi=2013&as_vis=1"
0,"M OGIATOR","THE PREVALENCE OF AND RISK FACTORS FOR CHRONIC KIDNEY DISEASE (CKD) IN SPOUSES OF PATIENTS WITH ADVANCED CHRONIC KIDNEY …",2013,"Faculty of INTERNAL MEDICINE","dissertation.npmcn.edu.ng","http://dissertation.npmcn.edu.ng/index.php/FMCP/article/download/622/579","",282,"2021-07-17 18:35:28","PDF","","","",,,,,0,0.00,0,1,8,"… 4.5.1 Anthropometric indices 4.5.2 Waist circumference 4.5.3 Waist hip ratio … Page 22. 9 a routine screening programme conducted in Abuja, Nigeria by the Nigerian Association of Nephrology (NAN) the prevalence of proteinuria was 19% of the study population30 …","http://dissertation.npmcn.edu.ng/index.php/FMCP/article/download/622/579","https://scholar.google.com/scholar?q=related:_nEcxfkSHxwJ:scholar.google.com/&scioq=%22waist+circumference%22+nigeria&hl=en&as_sdt=0,5&as_ylo=2013&as_yhi=2013&as_vis=1"
6,"GM Núñez-Rocha, KM Wall…","Nutritional care, time period since diagnosis, demographics and body mass index in HIV/AIDS patients",2013,"Revista de …","medigraphic.com","https://www.medigraphic.com/cgi-bin/new/resumenI.cgi?IDARTICULO=46245","https://scholar.google.com/scholar?cites=14912181906653158556&as_sdt=2005&sciodt=0,5&hl=en",283,"2021-07-17 18:35:28","","","","",,,,,6,0.75,2,3,8,"… The dietitian also measured waist and hip circumferences to the nearest 0.1 cm using a non-stretching tape (SELANUSAŪ); waist circumference was obtained by measuring the dis- tance around the smallest area below the rib cage just above the umbilicus, and hip …","https://www.medigraphic.com/pdfs/revinvcli/nn-2013/nn134d.pdf","https://scholar.google.com/scholar?q=related:nJwRnG-28s4J:scholar.google.com/&scioq=%22waist+circumference%22+nigeria&hl=en&as_sdt=0,5&as_ylo=2013&as_yhi=2013&as_vis=1"
0,"홍용, 김용권, 김동문","신체정보를 이용한 임피던스 체지방 추정식의 개발",2013,"운동학 학술지","scholar.archive.org","https://scholar.archive.org/work/deedqw5lvrdn3fzbf4n3boique/access/wayback/http://ajkinesiol.org/upload/pdf/ajk-15-4-23.pdf","",284,"2021-07-17 18:35:28","PDF","","","",,,,,0,0.00,0,3,8,"… Table 5. %Body fat prediction equation using Height, Weight, and Waist circumference by age … Relation between body mass index and body fat in black population samples from Nigeria, Jamaica, and the United States. American Journal of Epidemiology, 145: 620-628 …","https://scholar.archive.org/work/deedqw5lvrdn3fzbf4n3boique/access/wayback/http://ajkinesiol.org/upload/pdf/ajk-15-4-23.pdf","https://scholar.google.com/scholar?q=related:7pDBcNBtYcsJ:scholar.google.com/&scioq=%22waist+circumference%22+nigeria&hl=en&as_sdt=0,5&as_ylo=2013&as_yhi=2013&as_vis=1"
0,"TD Coker","Cardiovascular disease risk, fitness level and dietary intake in overweight and obese male college athletes versus sedentary to moderately active college …",2013,"","search.proquest.com","https://search.proquest.com/openview/a57b6b662c72e1d7e3157cb3a58a7525/1?pq-origsite=gscholar&cbl=18750","",285,"2021-07-17 18:35:28","BOOK","","","",,,,,0,0.00,0,1,8,"… total blood cholesterol (TC), high-density lipoprotein (HDL), TC/HDL, low-density lipoprotein, triglycerides, fasting blood glucose, resting blood pressure and waist circumference. Covariates … ̇O2 max Maximal oxygen uptake W Watts WC Waist circumference Page 10. 1 …","","https://scholar.google.com/scholar?q=related:r8Hogx47eH4J:scholar.google.com/&scioq=%22waist+circumference%22+nigeria&hl=en&as_sdt=0,5&as_ylo=2013&as_yhi=2013&as_vis=1"
28,"MG Hossain, AS Wee, M Ashaie…","Adult anthropometric measures and socio-demographic factors influencing age at menarche of university students in Malaysia",2013,"Journal of biosocial …","cambridge.org","https://www.cambridge.org/core/journals/journal-of-biosocial-science/article/adult-anthropometric-measures-and-sociodemographic-factors-influencing-age-at-menarche-of-university-students-in-malaysia/839E8D3861C12F7B8EF147B7F7D7C99D","https://scholar.google.com/scholar?cites=5578694660978644090&as_sdt=2005&sciodt=0,5&hl=en",286,"2021-07-17 18:35:28","","","","",,,,,28,3.50,7,4,8,"… al., 2010); in Bangladesh, 13.12 years (Hossain et al., 2011); in Nigeria, 12.9 years … activity, life- style factors and nutrition (Merzenich et al., 1993), waist circumference and maternal … 1997) The influence of socioeconomic and nutritional status on menarche in Nigerian school girls …","https://www.academia.edu/download/51037091/Age_at_Malasian_Menartche.pdf","https://scholar.google.com/scholar?q=related:ehQAqjyBa00J:scholar.google.com/&scioq=%22waist+circumference%22+nigeria&hl=en&as_sdt=0,5&as_ylo=2013&as_yhi=2013&as_vis=1"
75,"M Sami Khaza","Atherogenic index of plasma (AIP) as a parameter in predicting cardiovascular risk in males compared to the conventional dyslipidemic indices (cholesterol …",2013,"Kerbala journal of medicine","iasj.net","https://www.iasj.net/iasj/download/7f0758cdb78fc822","https://scholar.google.com/scholar?cites=6474743242118724806&as_sdt=2005&sciodt=0,5&hl=en",287,"2021-07-17 18:35:28","PDF","","","",,,,,75,9.38,75,1,8,"… eg, plasminogen activator inhibitor-1 and lipoprotein[a] levels), markers of inflammation (eg, C-reactive protein levels), and markers of insulin resistance (waist circumference and fasting insulin … Atherosclerosis during menopause in hypertensive females of South East Nigeria …","https://www.iasj.net/iasj/download/7f0758cdb78fc822","https://scholar.google.com/scholar?q=related:xvxYjqzo2lkJ:scholar.google.com/&scioq=%22waist+circumference%22+nigeria&hl=en&as_sdt=0,5&as_ylo=2013&as_yhi=2013&as_vis=1"
1,"T Ngcungcu","Exploring the role of genetic variation at the leptin and leptin receptor genes (LEP and LEPR) in obesity and hypertension in a black South African cohort",2013,"","wiredspace.wits.ac.za","http://wiredspace.wits.ac.za/bitstream/handle/10539/14497/Ngcungcu_Thandiswa_MSc_Dissertation_0710415E.pdf?sequence=1","https://scholar.google.com/scholar?cites=9245363294824139712&as_sdt=2005&sciodt=0,5&hl=en",288,"2021-07-17 18:35:28","PDF","","","",,,,,1,0.13,1,1,8,"… UK United Kingdom USA United States of America UTR Untranslated region V Volts VEP Variant Effect Predictor vs. Versus WC Waist circumference Page 20. xix WHO World Health Organisation WHR Waist-to-hip ratio YRI Yoruba in Ibadan, Nigeria Page 21. 1 1. Introduction …","http://wiredspace.wits.ac.za/bitstream/handle/10539/14497/Ngcungcu_Thandiswa_MSc_Dissertation_0710415E.pdf?sequence=1","https://scholar.google.com/scholar?q=related:wIttv-4gToAJ:scholar.google.com/&scioq=%22waist+circumference%22+nigeria&hl=en&as_sdt=0,5&as_ylo=2013&as_yhi=2013&as_vis=1"
14,"S Katuli, ZS Natto, L Beeson…","Nutritional status of highland and lowland children in Ecuador",2013,"Journal of tropical …","academic.oup.com","https://academic.oup.com/tropej/article-abstract/59/1/3/1733429","https://scholar.google.com/scholar?cites=6902017452237113249&as_sdt=2005&sciodt=0,5&hl=en",289,"2021-07-17 18:35:28","","","","",,,,,14,1.75,4,4,8,"Abstract. We assessed the nutritional status of children in Ecuador using anthropometric measurements and body composition.Objectives: To determine whether livi.","https://academic.oup.com/tropej/article/59/1/3/1733429","https://scholar.google.com/scholar?q=related:occj6k3kyF8J:scholar.google.com/&scioq=%22waist+circumference%22+nigeria&hl=en&as_sdt=0,5&as_ylo=2013&as_yhi=2013&as_vis=1"
14,"CM Champagne, GA Bray","Dietary management of the metabolic syndrome–one size fits all?",2013,"Proceedings of the Nutrition Society","cambridge.org","https://www.cambridge.org/core/journals/proceedings-of-the-nutrition-society/article/dietary-management-of-the-metabolic-syndrome-one-size-fits-all/715283B900191067B81092566D33CBA5","https://scholar.google.com/scholar?cites=14961492648847987614&as_sdt=2005&sciodt=0,5&hl=en",290,"2021-07-17 18:35:28","","","","",,,,,14,1.75,7,2,8,"… France published in 1947 and in English in 1956(1). Later, Bjorntorp and colleagues in Sweden(2) and Kissebah and his associates in the United States(3) showed that waist circumference divided by … The countries included Seychelles, Nigeria, Ethiopia, Congo and …","https://www.cambridge.org/core/services/aop-cambridge-core/content/view/715283B900191067B81092566D33CBA5/S0029665113001316a.pdf/dietary_management_of_the_metabolic_syndrome_one_size_fits_all.pdf","https://scholar.google.com/scholar?q=related:ntMzdEvmoc8J:scholar.google.com/&scioq=%22waist+circumference%22+nigeria&hl=en&as_sdt=0,5&as_ylo=2013&as_yhi=2013&as_vis=1"
0,"ID OSEGBE","BIOCHEMICAL RISK FACTORS FOR CARDIOVASCULAR DISEASE IN HIV-INFECTED PATIENTS WITH AND WITHOUT ANTIRETROVIRAL TREATMENT AT …",2013,"Faculty of Pathology","dissertation.npmcn.edu.ng","http://www.dissertation.npmcn.edu.ng/index.php/FMCPath/article/download/1183/1398","",291,"2021-07-17 18:35:28","PDF","","","",,,,,0,0.00,0,1,8,"… Immunodeficiency syndrome (AIDS). With an adult prevalence rate of HIV at 3.6% in Nigeria,4 and 4.7% in Lagos state,5 this enormity of HIV-infected patients in the productive age … Increased waist circumference, termed 'central obesity' is of cardiovascular importance when it …","http://www.dissertation.npmcn.edu.ng/index.php/FMCPath/article/download/1183/1398","https://scholar.google.com/scholar?q=related:JJp3NOg6tM8J:scholar.google.com/&scioq=%22waist+circumference%22+nigeria&hl=en&as_sdt=0,5&as_ylo=2013&as_yhi=2013&as_vis=1"
17,"HI Afridi, TG Kazi, FN Talpur, D Brabazon, S Naher","Estimation of toxic elements in the samples of different cigarettes and their impact on human health of Irish hypertensive consumers",2013,"Clinica chimica acta","Elsevier","https://www.sciencedirect.com/science/article/pii/S0009898113003331","https://scholar.google.com/scholar?cites=10743135378825281575&as_sdt=2005&sciodt=0,5&hl=en",292,"2021-07-17 18:35:28","","","","",,,,,17,2.13,3,5,8,"JavaScript is disabled on your browser. Please enable JavaScript to use all the features on this page. Skip to main content Skip to article …","http://doras.dcu.ie/20533/1/_Afridi_H_Clinica_Chima_Acta_2013_toxic_elements_cigaretts_hypertensive.pdf","https://scholar.google.com/scholar?q=related:JwDQHLVIF5UJ:scholar.google.com/&scioq=%22waist+circumference%22+nigeria&hl=en&as_sdt=0,5&as_ylo=2013&as_yhi=2013&as_vis=1"
1,"CB EJIKE","THE PREVALENCE AND RISK FACTORS FOR DIABETIC RETINOPATHY AMONG ADULT DIABETICS ATTENDING GENERAL OUT-PATIENT CLINICS OF …",2013,"Faculty of Family Medicine","dissertation.npmcn.edu.ng","http://dissertation.npmcn.edu.ng/index.php/FMCFM/article/download/288/1773","https://scholar.google.com/scholar?cites=2504280653824611416&as_sdt=2005&sciodt=0,5&hl=en",293,"2021-07-17 18:35:28","PDF","","","",,,,,1,0.13,1,1,8,"… indulgence in high calorie diet and refined sugars as well as sedentary lifestyle.32,33 Nigerians have recently been experiencing a change in lifestyle especially in terms of … Nigeria.8,34 It was also suggested that the higher prevalence of 7.7% of diabetes mellitus …","http://dissertation.npmcn.edu.ng/index.php/FMCFM/article/download/288/1773","https://scholar.google.com/scholar?q=related:WFQZhfz9wCIJ:scholar.google.com/&scioq=%22waist+circumference%22+nigeria&hl=en&as_sdt=0,5&as_ylo=2013&as_yhi=2013&as_vis=1"
1,"GM Nuñez-Rocha, KM Wall…","Atención nutricional, tiempo desde el diagnóstico, características demográficas e índice de masa corporal en pacientes con VIH/SIDA",2013,"Revista de …","medigraphic.com","https://www.medigraphic.com/cgi-bin/new/resumen.cgi?IDARTICULO=46245","https://scholar.google.com/scholar?cites=18001935049713327156&as_sdt=2005&sciodt=0,5&hl=en",294,"2021-07-17 18:35:28","","","","",,,,,1,0.13,0,3,8,"… Awah FM, Agughasi O. Effect highly active anti-retroviral therapy (HAART) on lipid profile in a human immunodeficiency virus (HIV) infected Nigerian population … Hypertriglyceridemia and waist circumference predict cardiovascular risk among HIV patients: a cross-sectional study …","","https://scholar.google.com/scholar?q=related:NBzRo4y40_kJ:scholar.google.com/&scioq=%22waist+circumference%22+nigeria&hl=en&as_sdt=0,5&as_ylo=2013&as_yhi=2013&as_vis=1"
0,"ЛВ Стклянина, АА Тюренков…","Компонентный состав тела и антропометрические особенности юношей долихоморфной конституции разных этногеографических регионов",2013,"Мир медицины и …","cyberleninka.ru","https://cyberleninka.ru/article/n/14410598","",295,"2021-07-17 18:35:28","HTML","","","",,,,,0,0.00,0,3,8,"… male the lean body mass was predicted by the thigh circumference and the body mass; body fat directly correlates with the waist circumference. In Indians muscular mass has reverse correlation, but fat mass - direct correlation with the body mass. In Nigerians muscular mass …","https://cyberleninka.ru/article/n/14410598","https://scholar.google.com/scholar?q=related:EJPV80vHaHwJ:scholar.google.com/&scioq=%22waist+circumference%22+nigeria&hl=en&as_sdt=0,5&as_ylo=2013&as_yhi=2013&as_vis=1"
46,"HI Afridi, TG Kazi, D Brabazon, S Naher, FN Talpur","Comparative metal distribution in scalp hair of Pakistani and Irish referents and diabetes mellitus patients",2013,"Clinica Chimica Acta","Elsevier","https://www.sciencedirect.com/science/article/pii/S0009898112004962","https://scholar.google.com/scholar?cites=6975147662486392172&as_sdt=2005&sciodt=0,5&hl=en",296,"2021-07-17 18:35:28","","","","",,,,,46,5.75,9,5,8,"JavaScript is disabled on your browser. Please enable JavaScript to use all the features on this page. Skip to main content Skip to article …","http://doras.dcu.ie/20496/1/_Afridi_H_Clinica_Chima_Acta_2012_Metal_distribution_hair_diabetes_Irish_Pakistan.pdf","https://scholar.google.com/scholar?q=related:bM1l1tezzGAJ:scholar.google.com/&scioq=%22waist+circumference%22+nigeria&hl=en&as_sdt=0,5&as_ylo=2013&as_yhi=2013&as_vis=1"
27,"J Bressler, JS Pankow, J Coresh, E Boerwinkle","Interaction between the NOS3 Gene and Obesity as a Determinant of Risk of Type 2 Diabetes: The Atherosclerosis Risk in Communities Study",2013,"PLoS One","journals.plos.org","https://journals.plos.org/plosone/article?id=10.1371/journal.pone.0079466","https://scholar.google.com/scholar?cites=3519141466330554679&as_sdt=2005&sciodt=0,5&hl=en",297,"2021-07-17 18:35:28","HTML","","","",,,,,27,3.38,7,4,8,"… for the NOS3 polymorphism were in accordance with Hardy-Weinberg equilibrium expectations for both African American (p = 0.62) and white (p = 0.95) individuals in the study, and are consistent with those previously reported for the Yoruba in Ibadan, Nigeria and CEPH (Utah …","https://journals.plos.org/plosone/article?id=10.1371/journal.pone.0079466","https://scholar.google.com/scholar?q=related:N-H6toSA1jAJ:scholar.google.com/&scioq=%22waist+circumference%22+nigeria&hl=en&as_sdt=0,5&as_ylo=2013&as_yhi=2013&as_vis=1"
1,"B Choo","Obesity among malaysian college students",2013,"","search.proquest.com","https://search.proquest.com/openview/9b6797d5cd22183c60a5c8d4ca88e543/1?pq-origsite=gscholar&cbl=18750","https://scholar.google.com/scholar?cites=9320126903178642223&as_sdt=2005&sciodt=0,5&hl=en",298,"2021-07-17 18:35:28","BOOK","","","",,,,,1,0.13,1,1,8,"… self-reported, paper- and pencil-based surveys to assess health behaviors and lifestyles and obtain subjective (self-reported) and objective (measured by researcher assistants) anthropometric measurements such as height, weight, BMI, and waist circumference among college …","","https://scholar.google.com/scholar?q=related:L0OGzQm-V4EJ:scholar.google.com/&scioq=%22waist+circumference%22+nigeria&hl=en&as_sdt=0,5&as_ylo=2013&as_yhi=2013&as_vis=1"
106,"H Lagström, P Rautava, A Kaljonen…","Cohort profile: steps to the healthy development and well-being of children (the STEPS Study)",2013,"International journal …","academic.oup.com","https://academic.oup.com/ije/article-abstract/42/5/1273/617579","https://scholar.google.com/scholar?cites=9804238111298190695&as_sdt=2005&sciodt=0,5&hl=en",299,"2021-07-17 18:35:28","","","","",,,,,106,13.25,27,4,8,"Abstract. The STEPS Study aims to search for the precursors and causes of problems in child health and well-being by using a multidisciplinary approach. The coh.","https://academic.oup.com/ije/article/42/5/1273/617579","https://scholar.google.com/scholar?q=related:Z31G_Z2mD4gJ:scholar.google.com/&scioq=%22waist+circumference%22+nigeria&hl=en&as_sdt=0,5&as_ylo=2013&as_yhi=2013&as_vis=1"
67,"GRM Barcelos, D Grotto, KC de Marco…","Polymorphisms in glutathione-related genes modify mercury concentrations and antioxidant status in subjects environmentally exposed to methylmercury",2013,"Science of the total …","Elsevier","https://www.sciencedirect.com/science/article/pii/S0048969713006815","https://scholar.google.com/scholar?cites=2489517705763165514&as_sdt=2005&sciodt=0,5&hl=en",300,"2021-07-17 18:35:28","","","","",,,,,67,8.38,17,4,8,"… For each day, participants indicated the number of meals containing fish as well as the fish species that were consumed. Anthropometric measurements (weight, height and waist circumference) were also taken by a trained technician …","https://www.academia.edu/download/46295960/Polymorphisms_in_glutathione-related_gen20160606-20531-17xd5ci.pdf","https://scholar.google.com/scholar?q=related:ShUP0imLjCIJ:scholar.google.com/&scioq=%22waist+circumference%22+nigeria&hl=en&as_sdt=0,5&as_ylo=2013&as_yhi=2013&as_vis=1"
0,"JL Bragg-Gresham","Genetic Insights into Aging and Age-Related Diseases among Varied Pedigree Structures.",2013,"","deepblue.lib.umich.edu","https://deepblue.lib.umich.edu/handle/2027.42/97920","",301,"2021-07-17 18:35:28","","","","",,,,,0,0.00,0,1,8,"… A: Serum Creatinine. B: Waist Circumference. C: Adjusted Systolic Blood Pressure . . . . . 38 S2.3 Example of Risk Age Trait for an Individual Aged 82, with S. Creatinine of 0.95 mg/dl, SPB of 135 mmHg, and Waist Circumference of 67 cm, from SardiNIA . . . 39 …","https://deepblue.lib.umich.edu/bitstream/handle/2027.42/97920/jennb_1.pdf?sequence=1","https://scholar.google.com/scholar?q=related:N3JA-TQtOWgJ:scholar.google.com/&scioq=%22waist+circumference%22+nigeria&hl=en&as_sdt=0,5&as_ylo=2013&as_yhi=2013&as_vis=1"
1,"G M&elanie, C Sophie","Polyphenol-rich beverages promote a sustainable and renewable generation of energy and prevent neurotoxicity",2013,"International Journal of Nutrition and …","academicjournals.org","https://academicjournals.org/journal/IJNAM/article-abstract/E463D2F4867","https://scholar.google.com/scholar?cites=134768982466415947&as_sdt=2005&sciodt=0,5&hl=en",302,"2021-07-17 18:35:28","","","","",,,,,1,0.13,1,2,8,"… LA sensitivity is inversely correlated with the body mass index and the waist circumference, and obesity biomarkers … Gender differences in factors associated with overweight and obesity among civil servants in Lagos, Nigeria. September 2015 …","https://academicjournals.org/journal/IJNAM/article-full-text-pdf/E463D2F4867.pdf","https://scholar.google.com/scholar?q=related:S82m7qzL3gEJ:scholar.google.com/&scioq=%22waist+circumference%22+nigeria&hl=en&as_sdt=0,5&as_ylo=2013&as_yhi=2013&as_vis=1"
18,"S Kingue, P Angandji, AP Menanga…","Efficiency of an intervention package for arterial hypertension comprising telemanagement in a Cameroonian rural setting: The TELEMED-CAM study",2013,"Pan African Medical …","ajol.info","https://www.ajol.info/index.php/pamj/article/view/100159","https://scholar.google.com/scholar?cites=9562364341072828126&as_sdt=2005&sciodt=0,5&hl=en",303,"2021-07-17 18:35:28","","","","",,,,,18,2.25,5,4,8,"… factor in the region, with prevalence rates ranging 15% to 30% among adults [3]. Extrapolations from studies in Nigeria and elsewhere … Waist circumference was measured midway between the iliac crest and the lower rib margin and the hip circumference was measured at the …","https://www.ajol.info/index.php/pamj/article/view/100159/89412","https://scholar.google.com/scholar?q=related:3haCYrRXtIQJ:scholar.google.com/&scioq=%22waist+circumference%22+nigeria&hl=en&as_sdt=0,5&as_ylo=2013&as_yhi=2013&as_vis=1"
0,"KO Awotedu","Functional changes of the vasculature in HIV/AIDS patients on Haart and Haart Naïve HIV participants",2013,"","core.ac.uk","https://core.ac.uk/download/pdf/327305482.pdf","",304,"2021-07-17 18:35:28","PDF","","","",,,,,0,0.00,0,1,8,"… LDL-C, haematologic data, haemodynamic data, cytokines, smoking and alcohol. Only MP and waist circumference were identified as the most important and … 163 4.1.10. Waist circumference ..... 164 Page 20. xix 4.1.11 …","https://core.ac.uk/download/pdf/327305482.pdf","https://scholar.google.com/scholar?q=related:TgUZVOeMAqcJ:scholar.google.com/&scioq=%22waist+circumference%22+nigeria&hl=en&as_sdt=0,5&as_ylo=2013&as_yhi=2013&as_vis=1"
5,"JK Chao, I Thomas, S Hwang","Contemporary management of erectile dysfunction",2013,"Urological Science","Elsevier","https://www.sciencedirect.com/science/article/pii/S1879522613000407","https://scholar.google.com/scholar?cites=10037332177683159377&as_sdt=2005&sciodt=0,5&hl=en",305,"2021-07-17 18:35:28","HTML","","","",,,,,5,0.63,2,3,8,"… Data such as weight, height, body mass index, and waist circumference should be recorded to identify metabolic syndrome … The blood pressure, heart rate, waist circumference, and weight should be measured. 37. 3.4. Laboratory examination …","https://www.sciencedirect.com/science/article/pii/S1879522613000407","https://scholar.google.com/scholar?q=related:URlnf2_ES4sJ:scholar.google.com/&scioq=%22waist+circumference%22+nigeria&hl=en&as_sdt=0,5&as_ylo=2013&as_yhi=2013&as_vis=1"
7,"RN Mondal, MA Haque, SMS Jahan…","Prevalence and risk factors of hypertension in Rangpur, Bangladesh",2013,"World Heart …","search.proquest.com","https://search.proquest.com/openview/2e6ea7ec3b07f28a91a2d95b3c4f58cc/1?pq-origsite=gscholar&cbl=2034815","https://scholar.google.com/scholar?cites=9381944924313114399&as_sdt=2005&sciodt=0,5&hl=en",306,"2021-07-17 18:35:28","","","","",,,,,7,0.88,2,4,8,"… Obesity: BMI level ≥30Kg/M2 (according to WHO); Central obesity: The absolute waist circumference >102 centimeters in men and >88 centi -meters in women … 2 DM ranging from 20.6% in India to 78.4% in Thailand in the SEA region and ranging from 9.7% in Nigeria to 70.4 …","","https://scholar.google.com/scholar?q=related:H1f2czNdM4IJ:scholar.google.com/&scioq=%22waist+circumference%22+nigeria&hl=en&as_sdt=0,5&as_ylo=2013&as_yhi=2013&as_vis=1"
320,"C Tudor-Locke, CL Craig, JP Thyfault…","A step-defined sedentary lifestyle index:< 5000 steps/day",2013,"Applied physiology …","cdnsciencepub.com","https://cdnsciencepub.com/doi/abs/10.1139/apnm-2012-0235","https://scholar.google.com/scholar?cites=13384346733197971788&as_sdt=2005&sciodt=0,5&hl=en",307,"2021-07-17 18:35:28","","10.1139/apnm-2012-0235","","",,,,,320,40.00,80,4,8,"… 2001) and waist circumference (Dwyer et al … (2012) reported that individuals with type 2 diabetes who took <5000 steps/day had higher BMI, waist circumference, C-reactive protein, interleukin–6, and pulse-wave velocity than did those who took ≥10 000 steps/day …","https://cdnsciencepub.com/doi/pdf/10.1139/apnm-2012-0235","https://scholar.google.com/scholar?q=related:TNHsxnDAvrkJ:scholar.google.com/&scioq=%22waist+circumference%22+nigeria&hl=en&as_sdt=0,5&as_ylo=2013&as_yhi=2013&as_vis=1"
22,"GB Gebregergs, ME Yesuf, TK Beyen","Overweight and obesity, and associated factors among high school students in Gondar town, north west Ethiopia",2013,"J Obes Wt Loss Ther","researchgate.net","https://www.researchgate.net/profile/Gebremedhin-Berhe-Gebregergs/publication/269548128_Overweight_and_Obesity_and_Associated_Factors_among_High_School_Students_in_Gondar_Town_North_West_Ethiopia/links/554a0ccf0cf2e859ce18b551/Overweight-and-Obesity-and-Associated-Factors-among-High-School-Students-in-Gondar-Town-North-West-Ethiopia.pdf","https://scholar.google.com/scholar?cites=6421888233118095787&as_sdt=2005&sciodt=0,5&hl=en",308,"2021-07-17 18:35:28","PDF","","","",,,,,22,2.75,7,3,8,"… The sex specific prevalence of overweight was similar with findings from Nigeria of which … K (2008) Overweight and Obesity: Does It Occur In Nigerian Adolescents in … (2010) Sugar-sweetened carbonated beverage consumption correlates with BMI, waist circumference, and poor …","https://www.researchgate.net/profile/Gebremedhin-Berhe-Gebregergs/publication/269548128_Overweight_and_Obesity_and_Associated_Factors_among_High_School_Students_in_Gondar_Town_North_West_Ethiopia/links/554a0ccf0cf2e859ce18b551/Overweight-and-Obesity-and-Associated-Factors-among-High-School-Students-in-Gondar-Town-North-West-Ethiopia.pdf","https://scholar.google.com/scholar?q=related:q9lDylIhH1kJ:scholar.google.com/&scioq=%22waist+circumference%22+nigeria&hl=en&as_sdt=0,5&as_ylo=2013&as_yhi=2013&as_vis=1"
28,"N Amidu, W Owiredu, M Saaka, L Quaye…","Determinants of childhood obesity among basic school children aged 6–12 years in Tamale Metropolis",2013,"Journal of Medical and …","ajol.info","https://www.ajol.info/index.php/jmbs/article/view/97404","https://scholar.google.com/scholar?cites=198087514490965653&as_sdt=2005&sciodt=0,5&hl=en",309,"2021-07-17 18:35:28","","","","",,,,,28,3.50,6,5,8,"… N, Ejekwu, A (2012) Prevalence of overweight, obesity, and thinness among urban school-aged children and adolescents in southern Nigeria … JS, Rao, DC, Wilmore, JH, Rankinen, T, Bouchard, C (2004) Fitness alters the associa- tions of BMI and waist circumference with total …","https://www.ajol.info/index.php/jmbs/article/download/97404/86715","https://scholar.google.com/scholar?q=related:lY6sf4u_vwIJ:scholar.google.com/&scioq=%22waist+circumference%22+nigeria&hl=en&as_sdt=0,5&as_ylo=2013&as_yhi=2013&as_vis=1"
35,"PM Piovesana, KL Sampaio…","Association between taste sensitivity and self-reported and objective measures of salt intake among hypertensive and normotensive individuals",2013,"International Scholarly …","downloads.hindawi.com","https://downloads.hindawi.com/archive/2013/301213.pdf","https://scholar.google.com/scholar?cites=10351106198296296049&as_sdt=2005&sciodt=0,5&hl=en",310,"2021-07-17 18:35:28","PDF","","","",,,,,35,4.38,12,3,8,"… BMI: body mass index = [weigh/height2]; ¶¶WC: waist circumference [16]; §§Chi … [27] SO Olayemi and AF Mabadeje, “Comparative study of salt taste threshold of hypertensives, their normotensive relatives and non-relatives,” e Nigerian Postgraduate Medical Journal, vol …","https://downloads.hindawi.com/archive/2013/301213.pdf","https://scholar.google.com/scholar?q=related:cXrLrT6Epo8J:scholar.google.com/&scioq=%22waist+circumference%22+nigeria&hl=en&as_sdt=0,5&as_ylo=2013&as_yhi=2013&as_vis=1"
1,"A van Onselen","Nutritional status and risk factors associated with women practicing geophagia in Qwaqwa, South Africa",2013,"","scholar.ufs.ac.za","https://scholar.ufs.ac.za/handle/11660/817","https://scholar.google.com/scholar?cites=9137339935434207800&as_sdt=2005&sciodt=0,5&hl=en",311,"2021-07-17 18:35:28","","","","",,,,,1,0.13,1,1,8,"Page 1. NUTRITIONAL STATUS AND RISK FACTORS ASSOCIATED WITH WOMEN PRACTICING GEOPHAGIA IN QWAQWA, SOUTH AFRICA ANNETTE VAN ONSELEN 2013 Page 2. i Nutritional status and risk factors associated with women practising geophagia …","https://scholar.ufs.ac.za/bitstream/handle/11660/817/VanOnselenA.pdf?sequence=1&isAllowed=y","https://scholar.google.com/scholar?q=related:OPKLc0Jazn4J:scholar.google.com/&scioq=%22waist+circumference%22+nigeria&hl=en&as_sdt=0,5&as_ylo=2013&as_yhi=2013&as_vis=1"
149,"EL Melanson, SK Keadle, JE Donnelly…","Resistance to exercise-induced weight loss: compensatory behavioral adaptations",2013,"Medicine and science …","ncbi.nlm.nih.gov","https://www.ncbi.nlm.nih.gov/pmc/articles/PMC3696411/","https://scholar.google.com/scholar?cites=10175580893962744442&as_sdt=2005&sciodt=0,5&hl=en",312,"2021-07-17 18:35:28","HTML","","","",,,,,149,18.63,37,4,8,"","https://www.ncbi.nlm.nih.gov/pmc/articles/PMC3696411/","https://scholar.google.com/scholar?q=related:erLmF-nsNo0J:scholar.google.com/&scioq=%22waist+circumference%22+nigeria&hl=en&as_sdt=0,5&as_ylo=2013&as_yhi=2013&as_vis=1"
0,"E ANYABOLU","QUANTITATIVE URINE PROTEIN ESTIMATION AND THE VALIDATION OF SPOT URINE PROTEIN/OSMOLALITY AND SPOT URINE PROTEIN/CREATININE …",2013,"Faculty of INTERNAL MEDICINE","dissertation.npmcn.edu.ng","http://dissertation.npmcn.edu.ng/index.php/FMCP/article/download/632/570","",313,"2021-07-17 18:35:28","PDF","","","",,,,,0,0.00,0,1,8,"… Low waist circumference (p<0.001), high serum creatinine … In Nigeria, prevalence of 20.5% and 25.3% respectively were reported for proteinuria in HIV- infected patients.25,26 A higher prevalence of 33.3% was reported in another Nigerian study.38 …","http://dissertation.npmcn.edu.ng/index.php/FMCP/article/download/632/570","https://scholar.google.com/scholar?q=related:RYPHoy4KibQJ:scholar.google.com/&scioq=%22waist+circumference%22+nigeria&hl=en&as_sdt=0,5&as_ylo=2013&as_yhi=2013&as_vis=1"
0,"اسایی, عصمت, سرشار, قهرمانی…","بررسی عوامل خطرزای بیماری های قلبی-عروقی در افراد بالای 20 سال گناباد‎",,"Journal of Research and …, 2013‎","iranjournals.nlai.ir","https://iranjournals.nlai.ir/handle/123456789/540806","",314,"2021-07-17 18:35:28","","","","",,,,,0,0.00,0,5,,"… Weight, height, waist circumference and hip circumference were measured in standing position and with a thin … of people which was lower than that in some countries such as Nigeria (31%) and … risk factors in the middle-aged and elderly Population of a Nigerian rural community …","https://iranjournals.nlai.ir/bitstream/handle/123456789/540806/33155C7A9B38AF82A1129C4C784CC79D.pdf?sequence=-1&isAllowed=y","https://scholar.google.com/scholar?q=related:3Lz1C-f2RLkJ:scholar.google.com/&scioq=%22waist+circumference%22+nigeria&hl=en&as_sdt=0,5&as_ylo=2013&as_yhi=2013&as_vis=1"
1,"A Rezazadeh","Common single nucleotide polymorphisms of the fat mass and obesity associated (FTO) gene and their association with obesity and lifestyle factors: a systematic …",2013,"Iranian Journal of Nutrition Sciences & Food …","nsft.sbmu.ac.ir","http://nsft.sbmu.ac.ir/article-1-1064-en.html","https://scholar.google.com/scholar?cites=4354195308114242956&as_sdt=2005&sciodt=0,5&hl=en",315,"2021-07-17 18:35:28","","","","",,,,,1,0.13,1,1,8,"Page 1. ناﺮﻳا ﻲﻳاﺬﻏ ﻊﻳﺎﻨﺻ و ﻪﻳﺬﻐﺗ مﻮﻠﻋ ﻪﻠﺠﻣ لﺎﺳ ﻢﺘﻔﻫ هرﺎﻤﺷ ، 5، هﮋﻳو ﻪﻣﺎﻧ نﺎﺘﺴﻣز 1391 تﺎﺤﻔﺻ ، 659-651 ﻢﺴﻴﻓرﻮﻣ ﻲﻠﭘ ﻲﻗﺎﭼ و ﻲﺑﺮﭼ هدﻮﺗ ﺎﺑ ﻂﺒﺗﺮﻣ نژ ﺞﻳار يﺪﻴﺗﻮﺌﻠﻛﻮﻧ ﻚﺗ يﺎﻫ ) Fat mass and obesity associated gene ( نآ طﺎﺒﺗرا و هﻮﻴﺷ ﺎﺑ ﻂﺒﺗﺮﻣ ﻞﻣاﻮﻋ و ﻲﻗﺎﭼ ﺎﺑ ﺎﻫ ﻲﮔﺪﻧز : ﺳ روﺮﻣ ﻚﻴﺗﺎﻤﺘﺴﻴ هدازﺎﺿر وزرآ 1 … ‎","http://nsft.sbmu.ac.ir/files/site1/user_files_44b4b4/admin-A-10-1-368-39df306.pdf","https://scholar.google.com/scholar?q=related:jG3SLpA1bTwJ:scholar.google.com/&scioq=%22waist+circumference%22+nigeria&hl=en&as_sdt=0,5&as_ylo=2013&as_yhi=2013&as_vis=1"
0,"OT Sanni","Risk Of Asthma Due To Obesity Among American Children: An Examination Of NHANES Data Regarding Childhood Obesity And Asthma",2013,"","scholarworks.gsu.edu","https://scholarworks.gsu.edu/iph_theses/296/","",316,"2021-07-17 18:35:28","","","","",,,,,0,0.00,0,1,8,"… GA Bachelor of Medicine, Bachelor of Surgery, September 1984 University of Ibadan, Ibadan, Nigeria EXPERIENCE Owner … for weight, height, BMI, race/ethnicity, gender and waist circumference. The demographic characteristics …","https://scholarworks.gsu.edu/cgi/viewcontent.cgi?article=1316&context=iph_theses","https://scholar.google.com/scholar?q=related:VV1Y37f2kKgJ:scholar.google.com/&scioq=%22waist+circumference%22+nigeria&hl=en&as_sdt=0,5&as_ylo=2013&as_yhi=2013&as_vis=1"
0,"L Puccetti","Doctoral School in Genetics, Oncology and Clinical Medicine (GenOMeC) Ph. D in Biomedicine and Immunological Sciences Experimental Medicine and …",,"unisi.it","","http://www3.unisi.it/ricerca/dottorationweb/genetica_medica/Tesi/Kimani%20PhD%20Thesis.pdf","",317,"2021-07-17 18:35:28","PDF","","","",,,,,0,0.00,0,1,,"… ICAM-1- intercellular adhesion molecule-1 WC-Waist Circumference BMI-Body Mass Index … From about 1975, high blood pressure became established in Cameroon, Côte d'Ivoire, Democratic Republic of Congo, Ghana, Kenya, Nigeria, and Uganda …","http://www3.unisi.it/ricerca/dottorationweb/genetica_medica/Tesi/Kimani%20PhD%20Thesis.pdf","https://scholar.google.com/scholar?q=related:ohnfpxeqO4AJ:scholar.google.com/&scioq=%22waist+circumference%22+nigeria&hl=en&as_sdt=0,5&as_ylo=2013&as_yhi=2013&as_vis=1"
0,"G Dear","Founder's Message",,"static.gnld.com.s3.amazonaws.com","","http://static.gnld.com.s3.amazonaws.com/za/page/common/pdflib/lifestyle/2014/West+Africa+Lifestyle+Q4+14+lr.pdf","",318,"2021-07-17 18:35:28","PDF","","","",,,,,0,0.00,0,1,,"… What they found was that regular meals diminished the “BMI-increasing” effect of these genetic variants. Furthermore, they observed that skipping breakfast was associated with excessive weight gain and waist circumference … OLADELE & ABIMBOLA AKINSUNLOLA, NIGERIA …","http://static.gnld.com.s3.amazonaws.com/za/page/common/pdflib/lifestyle/2014/West+Africa+Lifestyle+Q4+14+lr.pdf","https://scholar.google.com/scholar?q=related:GImIry9D1G8J:scholar.google.com/&scioq=%22waist+circumference%22+nigeria&hl=en&as_sdt=0,5&as_ylo=2013&as_yhi=2013&as_vis=1"
0,"AM IZANG","THE BIOSOCIAL PROFILE AND HEALTH RELATED QUALITY OF LIFE AMONGST HYPERTENSIVE WITH OVERWEIGHT AND OBESITY IN PLATEAU STATE …",2013,"Faculty of Family Medicine","dissertation.npmcn.edu.ng","http://dissertation.npmcn.edu.ng/index.php/FMCFM/article/download/290/1771","",319,"2021-07-17 18:35:28","PDF","","","",,,,,0,0.00,0,1,8,"… US - United States USA - United States of America WC - Waist circumference WHR - Waist hip ratio … overweight and obese hypertensive adult patients attending the General and Medical outpatient clinic of the Plateau State Specialist hospital Jos, Nigeria. Methods …","http://dissertation.npmcn.edu.ng/index.php/FMCFM/article/download/290/1771","https://scholar.google.com/scholar?q=related:LYTYPJLu_5IJ:scholar.google.com/&scioq=%22waist+circumference%22+nigeria&hl=en&as_sdt=0,5&as_ylo=2013&as_yhi=2013&as_vis=1"
0,"M Sok","The Effect of Age and Gender on the Prevalence and Severity of Hypertension in Rural Western Kenya",2013,"","beardocs.baylor.edu","http://beardocs.baylor.edu/xmlui/handle/2104/8675","",320,"2021-07-17 18:35:28","","","","",,,,,0,0.00,0,1,8,"… Fezeu stated that waist circumference (WC) is a better indicator of cardiovascular risk since it truly measures the adipose tissue than BMI or WHR does 17,22, 23. This finding was further reinforced by a Nigerian study by Oldapo. Oladapo found that abdominal …","https://beardocs.baylor.edu/xmlui/bitstream/handle/2104/8675/monica_sok_honorsthesis.pdf?sequence=4","https://scholar.google.com/scholar?q=related:Wgd0uuN2An0J:scholar.google.com/&scioq=%22waist+circumference%22+nigeria&hl=en&as_sdt=0,5&as_ylo=2013&as_yhi=2013&as_vis=1"
307,"M Bouchenak, M Lamri-Senhadji","Nutritional quality of legumes, and their role in cardiometabolic risk prevention: a review",2013,"Journal of medicinal food","liebertpub.com","https://www.liebertpub.com/doi/abs/10.1089/jmf.2011.0238","https://scholar.google.com/scholar?cites=8843208799588544193&as_sdt=2005&sciodt=0,5&hl=en",321,"2021-07-17 18:35:28","","10.1089/jmf.2011.0238","","",,,,,307,38.38,154,2,8,"… 94 have shown that incorporation of pulses and whole-grain foods into a weight loss program resulted in an important reduction in waist circumference, compared with the group consuming a control diet, although no difference in weight loss was noted between groups …","https://www.researchgate.net/profile/Myriem-Lamri-Senhadji/publication/235519730_Nutritional_Quality_of_Legumes_and_Their_Role_in_Cardiometabolic_Risk_Prevention_A_Review/links/5447efcb0cf2d62c30529c3c/Nutritional-Quality-of-Legumes-and-Their-Role-in-Cardiometabolic-Risk-Prevention-A-Review.pdf","https://scholar.google.com/scholar?q=related:wW4VxoxjuXoJ:scholar.google.com/&scioq=%22waist+circumference%22+nigeria&hl=en&as_sdt=0,5&as_ylo=2013&as_yhi=2013&as_vis=1"
149,"EH Hilawe, H Yatsuya, L Kawaguchi…","Differences by sex in the prevalence of diabetes mellitus, impaired fasting glycaemia and impaired glucose tolerance in sub-Saharan Africa: a systematic …",2013,"Bulletin of the World …","SciELO Public Health","https://www.scielosp.org/article/bwho/2013.v91n9/671-682D/","https://scholar.google.com/scholar?cites=334495761271270501&as_sdt=2005&sciodt=0,5&hl=en",322,"2021-07-17 18:35:28","HTML","","","",,,,,149,18.63,37,4,8,"… Nigeria, 12 12 Ejim EC, Okafor CI, Emehel A, Mbah AU, Onyia U, Egwuonwu T et al … of cardiovascular risk factors in the middle-aged and elderly population of a Nigerian rural community … Waist circumference predicts clustering of cardiovascular risk factors in older South Africans …","https://www.scielosp.org/article/bwho/2013.v91n9/671-682D/","https://scholar.google.com/scholar?q=related:ZaxyZR9epAQJ:scholar.google.com/&scioq=%22waist+circumference%22+nigeria&hl=en&as_sdt=0,5&as_ylo=2013&as_yhi=2013&as_vis=1"
3,"I Alam, A Larbi, G Pawelec, PI Paracha","Relationship between nutritional status and immune functions in elderly Pakistani men",2013,"","bibliographie.uni-tuebingen.de","https://bibliographie.uni-tuebingen.de/xmlui/bitstream/handle/10900/49919/pdf/THESIS_Iftikhar_Alam_20130708.pdf;sequence=1","https://scholar.google.com/scholar?cites=13185029985664111667&as_sdt=2005&sciodt=0,5&hl=en",323,"2021-07-17 18:35:28","PDF","","","",,,,,3,0.38,1,4,8,"… Age was negatively correlated with BMI (p= 0.028) and tended to be associated with energy intake (p= 0.054) and protein intake (p= 0.077), waist circumference (WC)(p= 0.312) and waist to hip ratio (WHR)(p= 0.122).% BF also significantly correlated with age (p= 0.0001) …","https://bibliographie.uni-tuebingen.de/xmlui/bitstream/handle/10900/49919/pdf/THESIS_Iftikhar_Alam_20130708.pdf;sequence=1","https://scholar.google.com/scholar?q=related:MxRiKOqi-rYJ:scholar.google.com/&scioq=%22waist+circumference%22+nigeria&hl=en&as_sdt=0,5&as_ylo=2013&as_yhi=2013&as_vis=1"
16,"T Liu, RF Tyndale, SP David, H Wang, XQ Yu…","Association between daily cigarette consumption and hypertension moderated by CYP2A6 genotypes in Chinese male current smokers",2013,"Journal of human …","nature.com","https://www.nature.com/articles/jhh2011111","https://scholar.google.com/scholar?cites=16846358502302470500&as_sdt=2005&sciodt=0,5&hl=en",324,"2021-07-17 18:35:28","HTML","","","",,,,,16,2.00,3,6,8,"The purpose of this study was to assess whether cytochrome P450 enzyme 2A6 (CYP2A6) genotypes moderate the association between smoking and hypertension. In this study, 954 Chinese male current smokers from a community-based chronic disease screening project in …","https://www.nature.com/articles/jhh2011111","https://scholar.google.com/scholar?q=related:ZNGeUM1JyukJ:scholar.google.com/&scioq=%22waist+circumference%22+nigeria&hl=en&as_sdt=0,5&as_ylo=2013&as_yhi=2013&as_vis=1"
0,"AG ADENIYI","CARDIOVASCULAR ABNORMALITIES IN HIV INFECTED PATIENTS AT THE JOS UNIVERSITY TEACHING HOSPITAL",2013,"Faculty of INTERNAL MEDICINE","dissertation.npmcn.edu.ng","http://dissertation.npmcn.edu.ng/index.php/FMCP/article/download/616/585","",325,"2021-07-17 18:35:28","PDF","","","",,,,,0,0.00,0,1,8,"… 122-126 Appendix C (Nigerian Social Classification) 127 … WC Waist circumference WHO … The incidence of non-communicable diseases including cardiovascular disease is on the rise in Africa5. Several studies on the prevalence of cardiovascular risk factors in Nigeria report a …","http://dissertation.npmcn.edu.ng/index.php/FMCP/article/download/616/585","https://scholar.google.com/scholar?q=related:txT6RDdxEcgJ:scholar.google.com/&scioq=%22waist+circumference%22+nigeria&hl=en&as_sdt=0,5&as_ylo=2013&as_yhi=2013&as_vis=1"
3,"A Karaman, Ş GÜRSOY, I SOYUER…","Effect of hepatic steatosis on virological response to nucleos (t) ide analogs therapy in patients with chronic hepatitis B",2013,"Turkish Journal of …","journals.tubitak.gov.tr","https://journals.tubitak.gov.tr/medical/abstract.htm?id=13356","https://scholar.google.com/scholar?cites=5058612406053991300&as_sdt=2005&sciodt=0,5&hl=en",326,"2021-07-17 18:35:28","","","","",,,,,3,0.38,1,4,8,"… The presence of steatosis correlates with body mass index (BMI), waist circumference, high blood pressure, and dyslipidemia, but not with viral … E, Momodu I, Umar I, Musa B, Adeleke S. Seroprevalence of major blood-borne infections among blood donors in Kano, Nigeria …","https://journals.tubitak.gov.tr/medical/issues/sag-13-43-1/sag-43-1-13-1202-96.pdf","https://scholar.google.com/scholar?q=related:hHM7fy7NM0YJ:scholar.google.com/&scioq=%22waist+circumference%22+nigeria&hl=en&as_sdt=0,5&as_ylo=2013&as_yhi=2013&as_vis=1"
0,"A Assounga","Abstracts of the 12th Congress of the African Association of Nephrology (Accra, Ghana, 20-23 February, 2013)",2013,"African Journal of Nephrology","146.232.21.13","https://146.232.21.13/index.php/ajn/article/download/746/164","",327,"2021-07-17 18:35:28","PDF","","","",,,,,0,0.00,0,1,8,"… CKD was associated with higher BMI, waist circumference, blood glucose, diabetes and metabolic … Eno Helen Ahmadu Bello University Teaching Hospital, Zaria, Nigeria Background: Haemodialysis … the commonest form of renal replacement therapy used in Nigerian adults but …","https://146.232.21.13/index.php/ajn/article/download/746/164",""
20,"R Gapert, S Black, J Last","Test of age-related variation in the craniometry of the adult human foramen magnum region: implications for sex determination methods",2013,"Forensic science, medicine, and pathology","Springer","https://link.springer.com/article/10.1007%252Fs12024-013-9437-3","https://scholar.google.com/scholar?cites=13616462150418651911&as_sdt=2005&sciodt=0,5&hl=en",328,"2021-07-17 18:35:28","","","","",,,,,20,2.50,7,3,8,"Sex differences in the foramen magnum region of the cranial base have been identified with varying rates of success. Recent publications demonstrate a cont.","https://www.academia.edu/download/36158965/2013AgeForMag.pdf","https://scholar.google.com/scholar?q=related:B1tBxS5k97wJ:scholar.google.com/&scioq=%22waist+circumference%22+nigeria&hl=en&as_sdt=0,5&as_ylo=2013&as_yhi=2013&as_vis=1"
1,"W Chalcarz, S Merkiel, JR Poortmans, G Szajek","Nutritional status in female basketball players at various levels of performance",2013,"Science & sports","Elsevier","https://www.sciencedirect.com/science/article/pii/S0765159712000986","https://scholar.google.com/scholar?cites=16738662782012448535&as_sdt=2005&sciodt=0,5&hl=en",329,"2021-07-17 18:35:28","","","","",,,,,1,0.13,0,4,8,"JavaScript is disabled on your browser. Please enable JavaScript to use all the features on this page. Skip to main content Skip to article …","","https://scholar.google.com/scholar?q=related:F1_ncB2tS-gJ:scholar.google.com/&scioq=%22waist+circumference%22+nigeria&hl=en&as_sdt=0,5&as_ylo=2013&as_yhi=2013&as_vis=1"
3,"M Salman, S Dasgupta, CJM D'Souza…","Impact of hypertension on type 2 diabetes in Mysore population of South India",2013,"International Journal of …","scirp.org","https://www.scirp.org/html/41390.html","https://scholar.google.com/scholar?cites=4452583818241876668&as_sdt=2005&sciodt=0,5&hl=en",330,"2021-07-17 18:35:28","HTML","","","",,,,,3,0.38,1,4,8,"… machine (Tanita Corporation, Tokyo, Japan) as per WHO. international manual [34]. Waist circumference (WC). was measured at the midpoint at the bottom of the rib. cage and the top of the lateral border of the iliac crest. during minimal respiration …","https://www.scirp.org/html/41390.html","https://scholar.google.com/scholar?q=related:vKL1UmTByj0J:scholar.google.com/&scioq=%22waist+circumference%22+nigeria&hl=en&as_sdt=0,5&as_ylo=2013&as_yhi=2013&as_vis=1"
0,"MU WIDHIANTI","HUBUNGAN ASUPAN SERAT DENGAN STATUS GIZI DAN PROFIL LIPID DARAH PADA ORANG DEWASA DISLIPIDEMIA",,"pdfs.semanticscholar.org","","https://pdfs.semanticscholar.org/6b89/f031efb9e795acb1bb45ec18210bc00e3dff.pdf","",331,"2021-07-17 18:35:28","PDF","","","",,,,,0,0.00,0,1,,"Page 1. HUBUNGAN ASUPAN SERAT DENGAN STATUS GIZI DAN PROFIL LIPID DARAH PADA ORANG DEWASA DISLIPIDEMIA MAYA UTAMI WIDHIANTI DEPARTEMEN GIZI MASYARAKAT FAKULTAS EKOLOGI MANUSIA INSTITUT PERTANIAN BOGOR BOGOR 2013 …","https://pdfs.semanticscholar.org/6b89/f031efb9e795acb1bb45ec18210bc00e3dff.pdf","https://scholar.google.com/scholar?q=related:gMHgy3uvLsAJ:scholar.google.com/&scioq=%22waist+circumference%22+nigeria&hl=en&as_sdt=0,5&as_ylo=2013&as_yhi=2013&as_vis=1"
0,"C Hugo-Hamman","Track 4: Adults with congenital heart disease, and the prevention of acquired heart disease starting in childhood",2013,"SA Heart Journal","journals.ac.za","http://www.journals.ac.za/index.php/SAHJ/article/view/1818/917","",332,"2021-07-17 18:35:28","PDF","","","",,,,,0,0.00,0,1,8,"… age (ß=0.262, 95%CI 0.170- 0.348) and height (ß=0.015, 95%CI 0.004-0.027) were positively associated with PWV, as were markers of adiposity; weight (ß=0.012, 95%CI 0.002-0.023), truncal skin-fold thickness (ß=0.006 95%CI 0.001-0.010), waist circumference (0.011 95%CI …","http://www.journals.ac.za/index.php/SAHJ/article/view/1818/917",""
0,"N Jeanne, M Bravo-valenzuela, C Braga","TRACK 4: ADULTS WITH CONGENITAL HEART DISEASE, AND THE PREVENTION OF ACQUIRED HEART DISEASE STARTING IN CHILDHOOD",,"core.ac.uk","","https://core.ac.uk/download/pdf/268426549.pdf","",333,"2021-07-17 18:35:28","PDF","","","",,,,,0,0.00,0,3,,"… age (ß=0.262, 95%CI 0.170- 0.348) and height (ß=0.015, 95%CI 0.004-0.027) were positively associated with PWV, as were markers of adiposity; weight (ß=0.012, 95%CI 0.002-0.023), truncal skin-fold thickness (ß=0.006 95%CI 0.001-0.010), waist circumference (0.011 95%CI …","https://core.ac.uk/download/pdf/268426549.pdf",""
0,"افضل پور محمداسماعيل, كشتي دار محمد, پيرگزي انسيه‎","رابطه بين ترکيب بدن و توزيع چربي مرکزي با عملکرد ريوي ايستا و پويا در زنان‎",,"sid.ir","","https://www.sid.ir/fa/JOURNAL/ViewPaper.aspx?id=180950","",334,"2021-07-17 18:35:28","","","","",,,,,0,0.00,0,3,,"Page 1. Archive of SID ﻲﺷزرو مﻮﻠﻋ رد ﺶﻫوﮋﭘ هرﺎﻤﺷ 9، . رﺎﻬﺑ 1390 ،. ﺺﺻ 116-105 ﻄﺑار ﺔ ﻦﻴﺑ ﺐﻴﻛﺮﺗ و نﺪﺑ ﻊﻳزﻮﺗ ﻲﺑﺮﭼ ﺎﺑ يﺰﻛﺮﻣ دﺮﻜﻠﻤﻋ يﻮﻳر نﺎﻧز رد ﺎﻳﻮﭘ و ﺎﺘﺴﻳا * ﻞﻀﻓا ﻞﻴﻋﺎﻤﺳاﺪﻤﺤﻣ ﺮﺘﻛد رﻮﭘ 1 ﻲﺘﺸﻛ ﺪﻤﺤﻣ ﺮﺘﻛد ، راد 1 يﺰﮔﺮﻴﭘ ﻪﻴﺴﻧا ، 2 ﻪﻟﺎﻘﻣ ﺖﻓﺎﻳرد ﺦﻳرﺎﺗ :12/2/89 ﻪﻟﺎﻘﻣ شﺮﻳﺬﭘ ﺦﻳرﺎﺗ :23/8/89 … ‎","https://www.sid.ir/fa/VEWSSID/J_PDF/4014313900907.pdf",""
0,"PM Chillo","Left ventricular geometry and function in Tanzanian patients with hypertension and diabetes",2013,"","bora.uib.no","https://bora.uib.no/bora-xmlui/handle/1956/6434","",335,"2021-07-17 18:35:28","","","","",,,,,0,0.00,0,1,8,"… funding of the project. Metabolic syndrome was defined as the presence of any 3 of the following: elevated waist circumference (≥102/88cm in men/women), elevated triglycerides … Patients also had higher body mass index, waist circumference, heart rate, serum creatinine and …","https://bora.uib.no/bora-xmlui/bitstream/handle/1956/6434/47330%20Chillo%20main_thesis.pdf?sequence=2&isAllowed=y","https://scholar.google.com/scholar?q=related:PcbNPF6dj0gJ:scholar.google.com/&scioq=%22waist+circumference%22+nigeria&hl=en&as_sdt=0,5&as_ylo=2013&as_yhi=2013&as_vis=1"
8,"OG Abioye-Akanji","An exploration of the barriers to diabetes management among West African immigrants in the United States",2013,"","digitalcommons.ric.edu","https://digitalcommons.ric.edu/etd/214/","https://scholar.google.com/scholar?cites=12922001471335513283&as_sdt=2005&sciodt=0,5&hl=en",336,"2021-07-17 18:35:28","","","","",,,,,8,1.00,8,1,8,"… Study Design and Methods: Semi-structured interviews with adults (N=5); men (n=2), women (n=3), Nigerian (n=3), Liberian (n=1), and Ghanaian (n=1) ages ≥18 with Type 1 … southeast Nigeria … (including elevated BMI and increased ratio of hip-waist circumference), and less …","https://digitalcommons.ric.edu/cgi/viewcontent.cgi?article=1216&context=etd","https://scholar.google.com/scholar?q=related:wzwH3t8rVLMJ:scholar.google.com/&scioq=%22waist+circumference%22+nigeria&hl=en&as_sdt=0,5&as_ylo=2013&as_yhi=2013&as_vis=1"
38,"SB Rafnsson, RS Bhopal, C Agyemang…","Sizable variations in circulatory disease mortality by region and country of birth in six European countries",2013,"… European Journal of …","academic.oup.com","https://academic.oup.com/eurpub/article-abstract/23/4/594/432034","https://scholar.google.com/scholar?cites=6844153181471412093&as_sdt=2005&sciodt=0,5&hl=en",337,"2021-07-17 18:35:28","","","","",,,,,38,4.75,10,4,8,"Abstract. Background: Circulatory disease mortality inequalities by country of birth (COB) have been demonstrated for some EU countries but pan-European analyse.","https://academic.oup.com/eurpub/article/23/4/594/432034","https://scholar.google.com/scholar?q=related:fY_2gQ5R-14J:scholar.google.com/&scioq=%22waist+circumference%22+nigeria&hl=en&as_sdt=0,5&as_ylo=2013&as_yhi=2013&as_vis=1"
14,"MNI Lokuruka","A literature review of role of obesity in adult health with reference to Africa",2013,"African Journal of Food, Agriculture, Nutrition and …","ajol.info","https://www.ajol.info/index.php/ajfand/article/view/85308","https://scholar.google.com/scholar?cites=8570657073088562675&as_sdt=2005&sciodt=0,5&hl=en",338,"2021-07-17 18:35:28","","","","",,,,,14,1.75,14,1,8,"… 68 years, abdominal visceral and subcutaneous fat, arm fat area (AFA), and waist circumference increased with … In Nigeria, it is estimated that about 6-8% of the population is obese [19] … RS Cooper Energy expenditure does not predict weight change in either Nigerian or African …","https://www.ajol.info/index.php/ajfand/article/view/85308/75244","https://scholar.google.com/scholar?q=related:8wUi3TIX8XYJ:scholar.google.com/&scioq=%22waist+circumference%22+nigeria&hl=en&as_sdt=0,5&as_ylo=2013&as_yhi=2013&as_vis=1"
53,"TY Wu, WC Chie, RS Yang, JP Liu, KL Kuo…","Factors associated with falls among community-dwelling older people in Taiwan",2013,"Ann Acad Med …","annals.edu.sg","https://www.annals.edu.sg/pdf/42VolNo7Jul2013/V42N7p320.pdf","https://scholar.google.com/scholar?cites=8406749763418146174&as_sdt=2005&sciodt=0,5&hl=en",339,"2021-07-17 18:35:28","PDF","","","",,,,,53,6.63,9,6,8,"… Lin et al proposed that waist circumference, as a measure of visceral adiposity, was associated with falls.4 Centrally obese elders may fall easier due to instability of centre of gravity of the body … Bekibele CO, Gureje O. Fall incidence in a population of elderly persons in Nigeria …","https://www.annals.edu.sg/pdf/42VolNo7Jul2013/V42N7p320.pdf","https://scholar.google.com/scholar?q=related:fkUjdF7GqnQJ:scholar.google.com/&scioq=%22waist+circumference%22+nigeria&hl=en&as_sdt=0,5&as_ylo=2013&as_yhi=2013&as_vis=1"
18,"F Landauer, G Huber, K Paulmichl, G O'Malley…","Timely diagnosis of malalignment of the distal extremities is crucial in morbidly obese juveniles",2013,"Obesity facts","karger.com","https://www.karger.com/Article/Abstract/357280","https://scholar.google.com/scholar?cites=10353399727758208207&as_sdt=2005&sciodt=0,5&hl=en",340,"2021-07-17 18:35:28","","","","",,,,,18,2.25,4,5,8,"… Waist circumference was measured in a standing position with a flexible tape midway between the lower costal margin and the superior border of the iliac crest. Clinical Orthopedic Examination. As described by Westhoff et al …","https://www.karger.com/article/FullText/357280","https://scholar.google.com/scholar?q=related:z2ynnjKqro8J:scholar.google.com/&scioq=%22waist+circumference%22+nigeria&hl=en&as_sdt=0,5&as_ylo=2013&as_yhi=2013&as_vis=1"
1,"BM Reinert","The Relationship between Home Mealtime Behavior and Availability and Accessibility of Healthful Foods in the Home and Adherence to a Blood Pressure Lowering …",2013,"","rave.ohiolink.edu","https://rave.ohiolink.edu/etdc/view?acc_num=ucin1377868846","https://scholar.google.com/scholar?cites=7544966818508963364&as_sdt=2005&sciodt=0,5&hl=en",341,"2021-07-17 18:35:28","","","","",,,,,1,0.13,1,1,8,"… 2011). A higher prevalence of elevated blood pressure has been reported among children with larger waist circumference, suggesting that visceral adipose mass may play a role in blood pressure regulation. In a cross-sectional study, Choy et al …","https://etd.ohiolink.edu/apexprod/rws_etd/send_file/send?accession=ucin1377868846&disposition=inline","https://scholar.google.com/scholar?q=related:JP5Vs1gbtWgJ:scholar.google.com/&scioq=%22waist+circumference%22+nigeria&hl=en&as_sdt=0,5&as_ylo=2013&as_yhi=2013&as_vis=1"
0,"D Pugsley","Kidney Disease in Disadvantaged Populations",,"downloads.hindawi.com","","https://downloads.hindawi.com/journals/specialissues/159037.pdf","",342,"2021-07-17 18:35:28","PDF","","","",,,,,0,0.00,0,1,,"… Prevalence and Correlates of Microalbuminuria in Children with Sickle Cell Anaemia: Experience in a Tertiary Health Facility in Enugu, Nigeria, Christopher Bismarck Eke, Henrietta Uche Okafor, and Bede Chidozie Ibe Volume 2012, Article ID 240173, 7 pages …","https://downloads.hindawi.com/journals/specialissues/159037.pdf","https://scholar.google.com/scholar?q=related:gDdz2qvNrMkJ:scholar.google.com/&scioq=%22waist+circumference%22+nigeria&hl=en&as_sdt=0,5&as_ylo=2013&as_yhi=2013&as_vis=1"
0,"A Aitsi-Selmi","Is the social gradient of female obesity in lower income settings reversing and why? An investigation into the association between wealth, education and obesity",2013,"","discovery.ucl.ac.uk","https://discovery.ucl.ac.uk/id/eprint/1403737/","",343,"2021-07-17 18:35:28","","","","",,,,,0,0.00,0,1,8,"… obesity. Then, Egypt is compared with countries of different levels of economic development: Benin, Nigeria, India, Jordan, Peru, Colombia (DHS data) and China (Four-Provinces survey data) … WC – Waist circumference 1 World Bank income classification (Atlas method) …","https://discovery.ucl.ac.uk/id/eprint/1403737/1/Amina_Aitsi-Selmi_Final_thesis_REDACTED_VERSION.pdf","https://scholar.google.com/scholar?q=related:gq1sLwxylRgJ:scholar.google.com/&scioq=%22waist+circumference%22+nigeria&hl=en&as_sdt=0,5&as_ylo=2013&as_yhi=2013&as_vis=1"
3,"BJ Miller","Type 2 diabetes mellitus in the Arumeru district of northern Tanzania: evaluation of the prevalence and associated risk factors in rural communities",2013,"","search.proquest.com","https://search.proquest.com/openview/35c4ec4efb5b6abf9779376998130aa2/1?pq-origsite=gscholar&cbl=18750","https://scholar.google.com/scholar?cites=14392736198330048753&as_sdt=2005&sciodt=0,5&hl=en",344,"2021-07-17 18:35:28","BOOK","","","",,,,,3,0.38,3,1,8,"Page 1. TYPE 2 DIABETES MELLITUS IN THE ARUMERU DISTRICT OF NORTHERN TANZANIA: EVALUATION OF THE PREVALENCE AND ASSOCIATED RISK FACTORS IN RURAL COMMUNITIES By BENJAMIN JOHN MILLER …","http://research.wsulibs.wsu.edu/xmlui/bitstream/handle/2376/4721/Miller_wsu_0251E_10658.pdf?sequence=1&isAllowed=y","https://scholar.google.com/scholar?q=related:8WBe_1BFvccJ:scholar.google.com/&scioq=%22waist+circumference%22+nigeria&hl=en&as_sdt=0,5&as_ylo=2013&as_yhi=2013&as_vis=1"
7,"N Jindal, G Singh, I Ali, G Sali…","Effect of cholelithiasis and cholecystectomy on serum lipids and blood glucose parameters",2013,"Archives of International …","jpgmonline.com","https://www.jpgmonline.com/article.asp?issn=2278-9596;year=2013;volume=3;issue=2;spage=97;epage=101;aulast=Jindal","https://scholar.google.com/scholar?cites=11003699108465367945&as_sdt=2005&sciodt=0,5&hl=en",345,"2021-07-17 18:35:28","HTML","","","",,,,,7,0.88,1,5,8,"… 30 kg/m 2 or more have at least twice the risk of GSD as women with a BMI of less than 25 kg/m 2 . [18] However, in our study, BMI was less than 30 kg/m 2 . BMI and waist circumference have a … Relationship between gallstone disease and serum lipids in normal adult Nigerians …","https://www.jpgmonline.com/article.asp?issn=2278-9596;year=2013;volume=3;issue=2;spage=97;epage=101;aulast=Jindal","https://scholar.google.com/scholar?q=related:iVtc_wn-tJgJ:scholar.google.com/&scioq=%22waist+circumference%22+nigeria&hl=en&as_sdt=0,5&as_ylo=2013&as_yhi=2013&as_vis=1"
0,"BJC ONWUBERE","HIGH BLOOD PRESSURE-THE SILENT KILLER ON THE PROWL: COMBATING THE ALBATROSS",,"unn.edu.ng","","https://www.unn.edu.ng/wp-content/uploads/2015/09/73RD-INAUGURAL-LECTURE_ONWUBERE.pdf","",346,"2021-07-17 18:35:28","PDF","","","",,,,,0,0.00,0,1,,"… There are probably hundreds of publications on hypertension in Nigeria published in local journals that cannot be retrieved online. Page 11. 11 The Nigerian Hypertension Society was inaugurated on April 27, 1993 at the first scientific meeting held in Lagos with the following …","https://www.unn.edu.ng/wp-content/uploads/2015/09/73RD-INAUGURAL-LECTURE_ONWUBERE.pdf","https://scholar.google.com/scholar?q=related:nojW_t14Ep0J:scholar.google.com/&scioq=%22waist+circumference%22+nigeria&hl=en&as_sdt=0,5&as_ylo=2013&as_yhi=2013&as_vis=1"
6,"B Doulougou, S Kouanda, A Bado…","Hypertension in the adult population of Kaya health and demographic surveillance system in Burkina Faso: prevalence and associated factors",2013,"… Journal of TROPICAL …","journalbank.org","https://journalbank.org/index.php/IJTDH/article/view/2369","https://scholar.google.com/scholar?cites=7426516751572462380&as_sdt=2005&sciodt=0,5&hl=en",347,"2021-07-17 18:35:28","","","","",,,,,6,0.75,2,4,8,"… and 60 years of age [12]. Most alarming reports came from a rural community in Nigeria and some urban areas in Senegal, where more than 45% over 40 years of age were hypertensive [13,14]. These recent studies show that …","https://journalbank.org/index.php/IJTDH/article/download/2369/4736","https://scholar.google.com/scholar?q=related:LOv2X6NJEGcJ:scholar.google.com/&scioq=%22waist+circumference%22+nigeria&hl=en&as_sdt=0,5&as_ylo=2013&as_yhi=2013&as_vis=1"
15,"HE Wang, M Lee, A Hart, AC Summers…","Process evaluation of Healthy Bodies, Healthy Souls: a church-based health intervention program in Baltimore City",2013,"Health education …","academic.oup.com","https://academic.oup.com/her/article-abstract/28/3/392/764280","https://scholar.google.com/scholar?cites=14959048341087872320&as_sdt=2005&sciodt=0,5&hl=en",348,"2021-07-17 18:35:28","","","","",,,,,15,1.88,3,5,8,"Abstract. Soaring obesity rates in the United States demand comprehensive health intervention strategies that simultaneously address dietary patterns, physical.","https://academic.oup.com/her/article/28/3/392/764280","https://scholar.google.com/scholar?q=related:QGVwtDU3mc8J:scholar.google.com/&scioq=%22waist+circumference%22+nigeria&hl=en&as_sdt=0,5&as_ylo=2013&as_yhi=2013&as_vis=1"
0,"VAI WOMEN","T5. Nutrients and Nutritional Assessment",2013,"Ann Nutr Metab","search.proquest.com","https://search.proquest.com/openview/1c26949eb5d8f7b0eae72115627990d3/1?pq-origsite=gscholar&cbl=32607","",349,"2021-07-17 18:35:28","","","","",,,,,0,0.00,0,1,8,"… Excess abdominal fat was deter- mined measuring the Waist Circumference (WC … In Nigeria, more than 50% of all childhood deaths have under-nutrition as an underlying factor … At the dawn of the 21st century, it is tragic that one in seven Nigerian children die before his or her fifth …","",""
0,"C Suárez, C Chávez, A David, M Aguirre, J Rojas","A Hyperglycemic, Obese and Fast-Weight Losing Adult: A Case Report on Latent Autoimmune Diabetes with Low Anti-Gad65 Titers",2013,"J Diabetes Metab","academia.edu","https://www.academia.edu/download/51369762/105._LADA_low-anti-gad65.pdf","",350,"2021-07-17 18:35:28","PDF","","","",,,,,0,0.00,0,5,8,"… Currently he is 1.88 mt tall, weighting 107 kg, with a Body Mass Index (BMI) of 30.31 kg/m2 and a waist circumference of 107 cm … reported that in a sample of 235 Nigerian patients, mean BMI was 27.05 ± 6.54, with 4% underweight, 30% normal weight, 42% overweight and 24 …","https://www.academia.edu/download/51369762/105._LADA_low-anti-gad65.pdf","https://scholar.google.com/scholar?q=related:3dvbmRZkLRYJ:scholar.google.com/&scioq=%22waist+circumference%22+nigeria&hl=en&as_sdt=0,5&as_ylo=2013&as_yhi=2013&as_vis=1"
101,"H Inadera","Developmental origins of obesity and type 2 diabetes: molecular aspects and role of chemicals",2013,"Environmental health and preventive medicine","Springer","https://link.springer.com/content/pdf/10.1007/s12199-013-0328-8.pdf","https://scholar.google.com/scholar?cites=6877157305571760259&as_sdt=2005&sciodt=0,5&hl=en",351,"2021-07-17 18:35:28","PDF","10.1007/s12199-013-0328-8","","",,,,,101,12.63,101,1,8,"… Individuals exposed in utero and infancy to the Nigerian civil war famine were at increased risk of obesity and T2D about 40 years later [36] … Ravelli et al. [28] Increase in body mass index and waist circumference in women Ravelli et al. [26] …","https://link.springer.com/content/pdf/10.1007/s12199-013-0328-8.pdf","https://scholar.google.com/scholar?q=related:g1gW9yGScF8J:scholar.google.com/&scioq=%22waist+circumference%22+nigeria&hl=en&as_sdt=0,5&as_ylo=2013&as_yhi=2013&as_vis=1"
5,"AM Vaiserman, MD Khalangot, I Strele…","Early-life exposure to the Ukraine famine of 1933 and type 2 diabetes in adulthood",2013,"Early Life Nutrition and …","researchgate.net","https://www.researchgate.net/profile/Alexander-Vaiserman/publication/287457245_Early-life_exposure_to_the_Ukraine_famine_of_1933_and_type_2_diabetes_in_adulthood/links/5680325908aebccc4e0750fb/Early-life-exposure-to-the-Ukraine-famine-of-1933-and-type-2-diabetes-in-adulthood.pdf","https://scholar.google.com/scholar?cites=1079725196884247651&as_sdt=2005&sciodt=0,5&hl=en",352,"2021-07-17 18:35:28","PDF","","","",,,,,5,0.63,1,4,8,"… In another, fetal and infant undernutrition during the Nigerian civil war 1967–1970 (Biafra Famine) was found to … with significantly increased risk of hypertension and impaired glucose tolerance in 40-year-old Nigerians [11] … [40] showed a higher BMI and waist circumference in 50 …","https://www.researchgate.net/profile/Alexander-Vaiserman/publication/287457245_Early-life_exposure_to_the_Ukraine_famine_of_1933_and_type_2_diabetes_in_adulthood/links/5680325908aebccc4e0750fb/Early-life-exposure-to-the-Ukraine-famine-of-1933-and-type-2-diabetes-in-adulthood.pdf","https://scholar.google.com/scholar?q=related:YwRTj1j0-w4J:scholar.google.com/&scioq=%22waist+circumference%22+nigeria&hl=en&as_sdt=0,5&as_ylo=2013&as_yhi=2013&as_vis=1"
1,"AA Uwadia","Evaluation of a Weight Management Strategy in a Private Hospital in Accra",2013,"","ugspace.ug.edu.gh","http://ugspace.ug.edu.gh/handle/123456789/5511","https://scholar.google.com/scholar?cites=15839175520766349819&as_sdt=2005&sciodt=0,5&hl=en",353,"2021-07-17 18:35:28","","","","",,,,,1,0.13,1,1,8,"… al., 2010). In Nigeria, a 2008 WHO report puts the prevalence of overweight and obesity at 26.8% and 6.5% respectively (WHO., 2010). Hermanus et al, (2012) reported that underweight … women (WHO., 2008). The waist circumference is measured at the midpoint between …","http://ugspace.ug.edu.gh/bitstream/handle/123456789/5511/Annie%20Anyaku%20Uwadia_Evaluation%20of%20a%20Weight%20Management%20Strategy%20in%20a%20Private%20Hospital%20in%20Accra_2013.pdf;sequence=1","https://scholar.google.com/scholar?q=related:-1FXcjcO0NsJ:scholar.google.com/&scioq=%22waist+circumference%22+nigeria&hl=en&as_sdt=0,5&as_ylo=2013&as_yhi=2013&as_vis=1"
2,"C Hayfron-Benjamin","The association between glycaemic state and spirometric indices in Ghanaian individuals with Type 2 diabetes mellitus",2013,"","ugspace.ug.edu.gh","http://ugspace.ug.edu.gh/handle/123456789/5534","https://scholar.google.com/scholar?cites=266118404277902057&as_sdt=2005&sciodt=0,5&hl=en",354,"2021-07-17 18:35:28","","","","",,,,,2,0.25,2,1,8,"Page 1. THE ASSOCIATION BETWEEN GLYCAEMIC STATE AND SPIROMETRIC INDICES IN GHANAIAN INDIVIDUALS WITH TYPE 2 DIABETES MELLITUS CHARLES HAYFRON-BENJAMIN (STUDENT'S NUMBER 10082838) …","http://ugspace.ug.edu.gh/bitstream/handle/123456789/5534/Charles%20Hayfron-Benjamin_Association%20Between%20Glycaemic%20State%20and%20Spirometric%20Indices%20in%20Ghanaian%20Individuals%20with%20Type%202%20Diabetes%20Mellitus_2013.pdf?sequence=1&isAllowed=y","https://scholar.google.com/scholar?q=related:6ZotW0dxsQMJ:scholar.google.com/&scioq=%22waist+circumference%22+nigeria&hl=en&as_sdt=0,5&as_ylo=2013&as_yhi=2013&as_vis=1"
12,"R Seyam","A systematic review of the correlates and management of nonpremature ejaculatory dysfunction in heterosexual men",2013,"Therapeutic advances in urology","journals.sagepub.com","https://journals.sagepub.com/doi/abs/10.1177/1756287213497231","https://scholar.google.com/scholar?cites=6777745262058321358&as_sdt=2005&sciodt=0,5&hl=en",355,"2021-07-17 18:35:28","","10.1177/1756287213497231","","",,,,,12,1.50,12,1,8,"Introduction:A better understanding of ejaculatory disorders has led to an increasing interest in nonpremature ejaculatory dysfunction (non-PE EjD). Current reviews on the subject use a symptom-bas...","https://journals.sagepub.com/doi/pdf/10.1177/1756287213497231","https://scholar.google.com/scholar?q=related:zrUS42djD14J:scholar.google.com/&scioq=%22waist+circumference%22+nigeria&hl=en&as_sdt=0,5&as_ylo=2013&as_yhi=2013&as_vis=1"
1,"K Devine, L Green, H Eltoukhi, A Armstrong","Fertility Differences Among Ethnic Groups",2013,"Ethnic Differences in Fertility …","Springer","https://link.springer.com/chapter/10.1007/978-1-4614-7548-4_4","https://scholar.google.com/scholar?cites=18406887479202242130&as_sdt=2005&sciodt=0,5&hl=en",356,"2021-07-17 18:35:28","","10.1007/978-1-4614-7548-4_4","","",,,,,1,0.13,0,4,8,"… Insulin resistance syndrome (IRS) commonly referred to as metabolic or dysmetabolic syndrome is defined as the presence of three or more of the following criteria [85]: 1. Abdominal obesity (waist circumference more than 102 cm in men and more than 88 cm in women). 2 …","","https://scholar.google.com/scholar?q=related:Ul5vcqNmcv8J:scholar.google.com/&scioq=%22waist+circumference%22+nigeria&hl=en&as_sdt=0,5&as_ylo=2013&as_yhi=2013&as_vis=1"
12,"D Faurholt-Jepsen","The Double Burden.",2013,"","ugeskriftet.dk","https://ugeskriftet.dk/files/scientific_article_files/2018-11/b4673.pdf","https://scholar.google.com/scholar?cites=18040559277905924560&as_sdt=2005&sciodt=0,5&hl=en",357,"2021-07-17 18:35:28","PDF","","","",,,,,12,1.50,12,1,8,"… Waist circumference was measured between the lower costae and the iliac crest, and an international sex-specific cut-off was used to identify high waist circumference (> 102 cm for men and > 88 cm for women) [69]. Also, triceps …","https://ugeskriftet.dk/files/scientific_article_files/2018-11/b4673.pdf","https://scholar.google.com/scholar?q=related:0NH1jBTxXPoJ:scholar.google.com/&scioq=%22waist+circumference%22+nigeria&hl=en&as_sdt=0,5&as_ylo=2013&as_yhi=2013&as_vis=1"
0,"AFC Putri","KORELASI LINGKAR PINGGANG DAN RASIO LINGKAR PINGGANG-PANGGUL TERHADAP KADAR GLUKOSA DARAH PUASA PADA MAHASISWA DAN …",,"repository.usd.ac.id","","https://repository.usd.ac.id/5236/2/098114005_Full.pdf","",358,"2021-07-17 18:35:28","PDF","","","",,,,,0,0.00,0,1,,"… Waist circumference and waist-hip ratio are anthropometric methods used to assess central obesity … The objective of this study is to determine the correlation between waist circumference and waist-hip ratio with fasting blood glucose levels in men and women …","https://repository.usd.ac.id/5236/2/098114005_Full.pdf","https://scholar.google.com/scholar?q=related:cVkYxDd_IBgJ:scholar.google.com/&scioq=%22waist+circumference%22+nigeria&hl=en&as_sdt=0,5&as_ylo=2013&as_yhi=2013&as_vis=1"
3,"L Vona-Davis, DP Rose","Adiposity and diabetes in breast and prostate cancer",2013,"Adipose tissue and cancer","Springer","https://link.springer.com/chapter/10.1007/978-1-4614-7660-3_3","https://scholar.google.com/scholar?cites=4740655169402222002&as_sdt=2005&sciodt=0,5&hl=en",359,"2021-07-17 18:35:28","","10.1007/978-1-4614-7660-3_3","","",,,,,3,0.38,2,2,8,"… A prospective study from Italy [59], which found an association between obesity and high-grade prostate cancer, also showed that the relationship was with upper body adiposity as judged by an elevated waist circumference …","","https://scholar.google.com/scholar?q=related:srXWbsIwykEJ:scholar.google.com/&scioq=%22waist+circumference%22+nigeria&hl=en&as_sdt=0,5&as_ylo=2013&as_yhi=2013&as_vis=1"
2,"I Anjani","Korelasi Lingkar Pinggang dan Rasio Lingkar Pinggang-Panggul terhadap Rasio Kadar LDL/HDL pada Diabetes Melitus Tipe 2 di RSUD Kabupaten …",2013,"","repository.usd.ac.id","https://repository.usd.ac.id/3456/2/108114164_full.pdf","https://scholar.google.com/scholar?cites=13468323513843257287&as_sdt=2005&sciodt=0,5&hl=en",360,"2021-07-17 18:35:28","PDF","","","",,,,,2,0.25,2,1,8,"… Keywords: type 2 diabetes mellitus, waist circumference, waist-to-hip ratio, LDL- c/HDL-c ratio. PLAGIAT MERUPAKAN TINDAKAN TIDAK TERPUJI PLAGIAT MERUPAKAN TINDAKAN TIDAK TERPUJI … (2005) di Nigeria pada 40 pasien diabetes melitus tipe 2, 95% diantaranya …","https://repository.usd.ac.id/3456/2/108114164_full.pdf","https://scholar.google.com/scholar?q=related:xw-rquAY6boJ:scholar.google.com/&scioq=%22waist+circumference%22+nigeria&hl=en&as_sdt=0,5&as_ylo=2013&as_yhi=2013&as_vis=1"
60,"A Correa, J Marcinkevage","Prepregnancy obesity and the risk of birth defects: an update",2013,"Nutrition reviews","academic.oup.com","https://academic.oup.com/nutritionreviews/article-abstract/71/suppl_1/S68/1835280","https://scholar.google.com/scholar?cites=6131892313744109934&as_sdt=2005&sciodt=0,5&hl=en",361,"2021-07-17 18:35:28","","","","",,,,,60,7.50,30,2,8,"… Mozambique, 2003, National (DHS), 10,239, 15–49, 10.3, 3.9. Namibia, 2006–2007, National (DHS), 8,803, 15–49, 16.4, 11.7. Niger, 2006, National (DHS), 3,765, 15–49, 9.8, 3.2. Nigeria, 2008, National (DHS), 28,200, 15–49, 16.1, 6. Rwanda, 2010, National (DHS), 12,034, 15 …","https://onlinelibrary.wiley.com/doi/pdf/10.1111/nure.12058","https://scholar.google.com/scholar?q=related:bnGqOZLbGFUJ:scholar.google.com/&scioq=%22waist+circumference%22+nigeria&hl=en&as_sdt=0,5&as_ylo=2013&as_yhi=2013&as_vis=1"
0,"BO Onwona","Dietary Habits and Risk of Cardiovascular Diseases Among Keep Fit Club Members in Dansoman",2013,"","ugspace.ug.edu.gh","http://ugspace.ug.edu.gh/handle/123456789/5524","",362,"2021-07-17 18:35:28","","","","",,,,,0,0.00,0,1,8,"… individuals (Lawlor, 2002). Furthermore, according to the Barker Hypothesis, poor fetal growth has been shown to be associated with hypertension, and CVD, in later life. However, a study carried out in Nigeria failed to demonstrate this effect (Law et al., 2001) …","http://ugspace.ug.edu.gh/bitstream/handle/123456789/5524/Belinda%20Osei%20Onwona_Dietary%20Habits%20and%20Risk%20of%20Cardiovascular%20Diseases%20Among%20Keep%20Fit%20Club%20Members%20in%20Dansoman_2013.pdf?sequence=1&isAllowed=y","https://scholar.google.com/scholar?q=related:G75RXTuMkQsJ:scholar.google.com/&scioq=%22waist+circumference%22+nigeria&hl=en&as_sdt=0,5&as_ylo=2013&as_yhi=2013&as_vis=1"
4,"EK Payne","Genetic Studies of Salivary Cortisol Profiles and their Influence on Chronic Disease Risk Factors.",2013,"","deepblue.lib.umich.edu","https://deepblue.lib.umich.edu/handle/2027.42/99825","https://scholar.google.com/scholar?cites=13837830229356900569&as_sdt=2005&sciodt=0,5&hl=en",363,"2021-07-17 18:35:28","","","","",,,,,4,0.50,4,1,8,"Page 1. Genetic studies of salivary cortisol profiles and their influence on chronic disease risk factors by Erin K. Payne A dissertation submitted in partial fulfillment of the requirements for the degree of Doctor of Philosophy (Epidemiological …","https://deepblue.lib.umich.edu/bitstream/handle/2027.42/99825/payneer_1.pdf;sequence=1","https://scholar.google.com/scholar?q=related:2fD6EkfZCcAJ:scholar.google.com/&scioq=%22waist+circumference%22+nigeria&hl=en&as_sdt=0,5&as_ylo=2013&as_yhi=2013&as_vis=1"
100,"OA Panagiotou, CJ Willer, JN Hirschhorn…","The power of meta-analysis in genome-wide association studies",2013,"Annual review of …","annualreviews.org","https://www.annualreviews.org/doi/abs/10.1146/annurev-genom-091212-153520","https://scholar.google.com/scholar?cites=1042692697558305793&as_sdt=2005&sciodt=0,5&hl=en",364,"2021-07-17 18:35:28","","10.1146/annurev-genom-091212-153520","","",,,,,100,12.50,25,4,8,"… blood pressure and hypertension, body mass index and being obese/overweight, urinary albumin excretion and microalbuminuria, common and internal carotid intima media thickness and plaque); using different definitions of the indexed trait [waist circumference and waist-to …","https://www.ncbi.nlm.nih.gov/pmc/articles/PMC4040957/","https://scholar.google.com/scholar?q=related:AUzb53tjeA4J:scholar.google.com/&scioq=%22waist+circumference%22+nigeria&hl=en&as_sdt=0,5&as_ylo=2013&as_yhi=2013&as_vis=1"
30,"C Sylvie Azandjeme, M Bouchard…","Growing burden of diabetes in sub-saharan Africa: contribution of pesticides?",2013,"Current diabetes …","ingentaconnect.com","https://www.ingentaconnect.com/content/ben/cdr/2013/00000009/00000006/art00002","https://scholar.google.com/scholar?cites=9232473368224555980&as_sdt=2005&sciodt=0,5&hl=en",365,"2021-07-17 18:35:28","","","","",,,,,30,3.75,10,3,8,"… The concentrations of POCs found in food and drinking water were often higher than regulated maximum residue levels (MRLs) [110, 117], al- though the levels of organophosphates and pyrethroids found in food samples in Cameroon and Nigeria were reportedly lower than …","https://bec.uac.bj/uploads/publication/07aa5d90e154b2159416b393805befe8.pdf","https://scholar.google.com/scholar?q=related:zGNH15xVIIAJ:scholar.google.com/&scioq=%22waist+circumference%22+nigeria&hl=en&as_sdt=0,5&as_ylo=2013&as_yhi=2013&as_vis=1"
0,"A Amro","Stroke rehabilitation outcomes in hebron-Palestine",2013,"","etd.uwc.ac.za","https://etd.uwc.ac.za/handle/11394/3950","",366,"2021-07-17 18:35:28","","","","",,,,,0,0.00,0,1,8,"Page 1. Stroke Rehabilitation outcomes in Hebron - Palestine Akram Amro A thesis Submitted in fulfilment of the requirement for the degree of PhD (Physiotherapy), in the Department of Physiotherapy, Faculty of Community and Health Sciences at the University of …","https://etd.uwc.ac.za/bitstream/handle/11394/3950/Amro_PHD_2013.pdf?sequence=1&isAllowed=y","https://scholar.google.com/scholar?q=related:sa2N2aQ63voJ:scholar.google.com/&scioq=%22waist+circumference%22+nigeria&hl=en&as_sdt=0,5&as_ylo=2013&as_yhi=2013&as_vis=1"
0,"C Gomez, CH Gonzalez-Correa","MANUAL PRESSURE FORCE AND CORRELATION WITH ANTHROPOMETRIC AND PHYSICAL CONDITION IN COLLEGE STUDENTS",,"researchgate.net","","https://www.researchgate.net/profile/Carlos-Gomez-Londono/publication/329799561_MANUAL_PRESSURE_FORCE_AND_CORRELATION_WITH_ANTHROPOMETRIC_AND_PHYSICAL_CONDITION_IN_COLLEGE_STUDENTS/links/5c1b2227299bf12be38c85a7/MANUAL-PRESSURE-FORCE-AND-CORRELATION-WITH-ANTHROPOMETRIC-AND-PHYSICAL-CONDITION-IN-COLLEGE-STUDENTS.pdf","",367,"2021-07-17 18:35:28","PDF","","","",,,,,0,0.00,0,2,,"… beneficiary of a food subsidy (46 men - 46 women), aged 17-37 years underwent a nutritional assessment by measuring weight, height, subcutaneous skin folds, waist circumference,Harvard bench step … Reference Values for Handgrip Strength Among Healthy Adults in Nigeria …","https://www.researchgate.net/profile/Carlos-Gomez-Londono/publication/329799561_MANUAL_PRESSURE_FORCE_AND_CORRELATION_WITH_ANTHROPOMETRIC_AND_PHYSICAL_CONDITION_IN_COLLEGE_STUDENTS/links/5c1b2227299bf12be38c85a7/MANUAL-PRESSURE-FORCE-AND-CORRELATION-WITH-ANTHROPOMETRIC-AND-PHYSICAL-CONDITION-IN-COLLEGE-STUDENTS.pdf","https://scholar.google.com/scholar?q=related:BjcbKK-vNF8J:scholar.google.com/&scioq=%22waist+circumference%22+nigeria&hl=en&as_sdt=0,5&as_ylo=2013&as_yhi=2013&as_vis=1"
8,"J Bressan, F de Carvalho Vidigal…","Social components of the obesity epidemic",2013,"Current Obesity …","Springer","https://link.springer.com/content/pdf/10.1007/s13679-012-0043-6.pdf","https://scholar.google.com/scholar?cites=5336951298508015459&as_sdt=2005&sciodt=0,5&hl=en",368,"2021-07-17 18:35:28","PDF","10.1007/s13679-012-0043-6","","",,,,,8,1.00,3,3,8,"… and women, respectively, with abdominal obesity (≥102 cm and ≥88 cm, respectively) com- pared to those with a normal waist circumference … In another study with 1,818 randomly assessed Nigerian adults living in high and low socioeconomic neighborhoods, low residential …","https://link.springer.com/content/pdf/10.1007/s13679-012-0043-6.pdf","https://scholar.google.com/scholar?q=related:Y0ch--2oEEoJ:scholar.google.com/&scioq=%22waist+circumference%22+nigeria&hl=en&as_sdt=0,5&as_ylo=2013&as_yhi=2013&as_vis=1"
7,"DT Goon, AL Toriola, BS Shaw, LO Amusa…","Body fat percentage of urban South African children: implications for health and fitness.",2013,"West Indian Medical …","academia.edu","https://www.academia.edu/download/50735880/Body_Fat_Percentage_of_Urban_South_Afric20161205-16409-4ovsmw.pdf","https://scholar.google.com/scholar?cites=9841304269147484977&as_sdt=2005&sciodt=0,5&hl=en",369,"2021-07-17 18:35:28","PDF","","","",,,,,7,0.88,1,5,8,"… in body fatness in Nigerian children. Afr J Phys Health Edu Recre Dance 2007; 13: 294−305. 17. Ochiai H, Shirasawa T, Nishimura R, Morimoto A, Shimada N, Ohtsu T et al. Relationship of body mass index to percent body fat and waist circumference among schoolchildren in …","https://www.academia.edu/download/50735880/Body_Fat_Percentage_of_Urban_South_Afric20161205-16409-4ovsmw.pdf","https://scholar.google.com/scholar?q=related:MTMSYRdWk4gJ:scholar.google.com/&scioq=%22waist+circumference%22+nigeria&hl=en&as_sdt=0,5&as_ylo=2013&as_yhi=2013&as_vis=1"
4,"A Drigas, M Karyotaki","E-learning and ICTs Applications in Nutrition Science",2013,"International Journal of Recent …","pdfs.semanticscholar.org","https://pdfs.semanticscholar.org/6f03/d2a8a18d0d7a05b2695b3e953606d37489f6.pdf","https://scholar.google.com/scholar?cites=15486952989508941935&as_sdt=2005&sciodt=0,5&hl=en",370,"2021-07-17 18:35:28","PDF","","","",,,,,4,0.50,2,2,8,"… found that Nigerian High school girls' per- centage of body fat and activity pattern are related signifi- cantly … More specifically, the set of diabetes-related variables was family history, age, race, ethnicity, weight, height, waist circumference, Body Mass Index, hypertension, gender …","https://pdfs.semanticscholar.org/6f03/d2a8a18d0d7a05b2695b3e953606d37489f6.pdf","https://scholar.google.com/scholar?q=related:b7jayLC17NYJ:scholar.google.com/&scioq=%22waist+circumference%22+nigeria&hl=en&as_sdt=0,5&as_ylo=2013&as_yhi=2013&as_vis=1"
10,"CC Gordon, CL Blackwell, B Bradtmiller, JL Parham…","2010 Anthropometric survey of US marine corps personnel: methods and summary statistics",2013,"","apps.dtic.mil","https://apps.dtic.mil/sti/citations/ADA581918","https://scholar.google.com/scholar?cites=5939693921488796901&as_sdt=2005&sciodt=0,5&hl=en",371,"2021-07-17 18:35:28","","","","",,,,,10,1.25,2,5,8,"… The design implications from the survey were seen primarily at the upper end of the body size distribution. The upper accommodation limit—typically the male 95th percentile—increased 2-3 cm for buttock circumference, chest circumference, and waist circumference …","https://apps.dtic.mil/sti/pdfs/ADA581918.pdf","https://scholar.google.com/scholar?q=related:5fzi2CYIblIJ:scholar.google.com/&scioq=%22waist+circumference%22+nigeria&hl=en&as_sdt=0,5&as_ylo=2013&as_yhi=2013&as_vis=1"
4,"A Abdullah, P Mannava, P Annear","Non-communicable diseases and health systems in the Asia-Pacific region: a review of the literature",2013,"Nossal institute for global health …","academia.edu","https://www.academia.edu/download/31279956/NCD3.pdf","https://scholar.google.com/scholar?cites=6566249731038274179&as_sdt=2005&sciodt=0,5&hl=en",372,"2021-07-17 18:35:28","PDF","","","",,,,,4,0.50,1,3,8,"… LMICs or developing countries. Three were set specifically within the APR, while three looked at a specific group of countries of which a few were from the APR. One study was set in China and Nigeria. Of the 33 single-country …","https://www.academia.edu/download/31279956/NCD3.pdf","https://scholar.google.com/scholar?q=related:g2IKRVcBIFsJ:scholar.google.com/&scioq=%22waist+circumference%22+nigeria&hl=en&as_sdt=0,5&as_ylo=2013&as_yhi=2013&as_vis=1"
24,"P López-Jaramillo, C Velandia-Carrillo…","Inflammation and hypertension: are there regional differences?",2013,"International Journal of …","hindawi.com","https://www.hindawi.com/journals/ijhy/2013/492094/","https://scholar.google.com/scholar?cites=1067686252805953&as_sdt=2005&sciodt=0,5&hl=en",373,"2021-07-17 18:35:28","HTML","","","",,,,,24,3.00,8,3,8,"… Data are odds ratio (99% CI). ∧ Mozambique, Nigeria, South Africa, Sudan, and Uganda. ‡ China, Malaysia, and Philippines. † Argentina, Brazil, Chile, Colombia, Ecuador, and Peru. ∗ Australia, Canada, Croatia, Denmark, Germany, Iran, and Poland …","https://www.hindawi.com/journals/ijhy/2013/492094/","https://scholar.google.com/scholar?q=related:QX_UEw7LAwAJ:scholar.google.com/&scioq=%22waist+circumference%22+nigeria&hl=en&as_sdt=0,5&as_ylo=2013&as_yhi=2013&as_vis=1"
2,"F Bajunirwe","Quality of Life among Patients Living with HIV AIDS in Sub-Saharan Africa",2013,"Antiretroviral Treatment in Sub-Saharan Africa","books.google.com","https://books.google.com/books?hl=en&lr=&id=XE9ZCzYayrYC&oi=fnd&pg=PA39&dq=%22waist+circumference%22+nigeria&ots=PAA5b9l9zy&sig=9vYOD7Onl028dops2ITbk2s1aHI","https://scholar.google.com/scholar?cites=2128778724733727145&as_sdt=2005&sciodt=0,5&hl=en",374,"2021-07-17 18:35:28","","","","",,,,,2,0.25,2,1,8,"… In Nigeria, a study measured stress usually manifesting as anxiety and depression among caregivers of … burden, much lower than the levels of burden among the Nigerian caregivers … respiratory exercise training (CET) also resulted in a reduction in waist circumference, skin fold …","http://www.ossrea.net/publications/images/stories/ossrea/arv_treatment.pdf#page=47","https://scholar.google.com/scholar?q=related:qbEprfjwih0J:scholar.google.com/&scioq=%22waist+circumference%22+nigeria&hl=en&as_sdt=0,5&as_ylo=2013&as_yhi=2013&as_vis=1"
1,"L Purbarini","Korelasi Lingkar Pinggang dan Rasio Lingkar Pinggang Panggul terhadap Rasio Kadar LDL/HDL pada Mahasiswa dan Mahasiswi Kampus III Universitas …",2013,"","core.ac.uk","https://core.ac.uk/download/pdf/45364804.pdf","https://scholar.google.com/scholar?cites=3895677880242121079&as_sdt=2005&sciodt=0,5&hl=en",375,"2021-07-17 18:35:28","PDF","","","",,,,,1,0.13,1,1,8,"… xxv ABSTRACT The waist circumference and waist-to-hip ratio is an inexpensive and simple anthropometric technique to assess the distribution of body fat and is used to describe the condition of obese individuals who are characterized by an increase in LDL/HDL ratio …","https://core.ac.uk/download/pdf/45364804.pdf","https://scholar.google.com/scholar?q=related:d6ktU2Q6EDYJ:scholar.google.com/&scioq=%22waist+circumference%22+nigeria&hl=en&as_sdt=0,5&as_ylo=2013&as_yhi=2013&as_vis=1"
23,"E Murphy, FJ McMahon","Pharmacogenetics of antidepressants, mood stabilizers, and antipsychotics in diverse human populations",2013,"Discovery medicine","ncbi.nlm.nih.gov","https://www.ncbi.nlm.nih.gov/pmc/articles/pmc6011657/","https://scholar.google.com/scholar?cites=11961934935280471699&as_sdt=2005&sciodt=0,5&hl=en",376,"2021-07-17 18:35:28","HTML","","","",,,,,23,2.88,12,2,8,"… polymorphisms (SNPS) that met genome-wide significance. These SNPs mediated the effects of risperdone and ziprasidone on weight gain by incrEAing hip and waist circumference. There were no reported differences between …","https://www.ncbi.nlm.nih.gov/pmc/articles/pmc6011657/","https://scholar.google.com/scholar?q=related:k066U3JUAaYJ:scholar.google.com/&scioq=%22waist+circumference%22+nigeria&hl=en&as_sdt=0,5&as_ylo=2013&as_yhi=2013&as_vis=1"
0,"RO KAREEM","EFFECTS OF A 12-WEEK ENDURANCE EXERCISE PROGRAMME ON SELECTED CLINICAL ATTRIBUTES AND QUALITY OF LIFE IN PATIENTS WITH MAJOR …",2013,"","adhlui.com.ui.edu.ng","http://adhlui.com.ui.edu.ng/handle/123456789/223","",377,"2021-07-17 18:35:28","","","","",,,,,0,0.00,0,1,8,"… Psychiatry, College of Medicine University of Lagos, Nigeria. AFRICA DIGITAL HEALTH REPOSITORY PROJECT … recent cross-sectional study reported an inverse relationship between depression and physical activity in a sample of Nigerian adolescents (Adeniyi et al, 2011) …","http://adhlui.com.ui.edu.ng/bitstream/123456789/223/1/Kareem%2C%20R.%20O..pdf","https://scholar.google.com/scholar?q=related:6FKVA1fJev0J:scholar.google.com/&scioq=%22waist+circumference%22+nigeria&hl=en&as_sdt=0,5&as_ylo=2013&as_yhi=2013&as_vis=1"
0,"PA de Oliveira Morais, MGB Dantas…","Indirect methods for measuring body fat in adolescent students",2013,"… em Promocao da …","search.proquest.com","https://search.proquest.com/openview/84583b435461dfdd23c58c853f5144f3/1?pq-origsite=gscholar&cbl=2046042","",378,"2021-07-17 18:35:28","","","","",,,,,0,0.00,0,3,8,"… Obesity in young-adult Nigerians: variations in prevalence determined by anthropometry and bioelectrical impedance analysis, and the development … Relationship of body mass index to percent body fat and waist circumference among schoolchildren in Japan – the influence of …","","https://scholar.google.com/scholar?q=related:5hAJ4Ieh62UJ:scholar.google.com/&scioq=%22waist+circumference%22+nigeria&hl=en&as_sdt=0,5&as_ylo=2013&as_yhi=2013&as_vis=1"
0,"DJ Soita","Cardiovascular disease risk profile of the South-African mixed ancestry population with high incidence of diabetes mellitus: baseline and three year follow-up",2013,"","ir.cput.ac.za","http://ir.cput.ac.za/handle/20.500.11838/1519","",379,"2021-07-17 18:35:28","","","","",,,,,0,0.00,0,1,8,"… RT 2013. Derivation and validation of a waist circumference optimal cutoff for diagnosing metabolic … 2.8.1.2 Height……………36 2.8.1.3 Waist circumference……………36 …","http://ir.cput.ac.za/bitstream/20.500.11838/1519/1/soita_dj_dtech_biomed_2013.pdf","https://scholar.google.com/scholar?q=related:h4YOCdquCKEJ:scholar.google.com/&scioq=%22waist+circumference%22+nigeria&hl=en&as_sdt=0,5&as_ylo=2013&as_yhi=2013&as_vis=1"
0,"SN Agu","Training the trainers to help increase awareness in the barriers to healthy weight in low-income women of reproductive age in Los Angeles",2013,"","search.proquest.com","https://search.proquest.com/openview/b343319eb96a05575325173bd5f06fb5/1?pq-origsite=gscholar&cbl=18750","",380,"2021-07-17 18:35:28","BOOK","","","",,,,,0,0.00,0,1,8,"… I also want to acknowledge and thank my wonderful family here in the United States and in Nigeria for their moral support during this trying period … of 150 mg/dl or greater;(d) low HDL of less than 40 mg/dl in men or less than 50 mg/dl in women; and (e) waist circumference of 102 …","https://search.proquest.com/openview/b343319eb96a05575325173bd5f06fb5/1?pq-origsite=gscholar&cbl=18750","https://scholar.google.com/scholar?q=related:aNPlY472TZcJ:scholar.google.com/&scioq=%22waist+circumference%22+nigeria&hl=en&as_sdt=0,5&as_ylo=2013&as_yhi=2013&as_vis=1"
0,"E Kristjansson, D Francis, S Liberato…","T2. Nutrition through life course",2013,"Ann Nutr …","search.proquest.com","https://search.proquest.com/openview/7c19c0b239e25dd70d232b2964899051/1?pq-origsite=gscholar&cbl=32607","",381,"2021-07-17 18:35:28","","","","",,,,,0,0.00,0,4,8,"… PO595 COLOSTRUM AND MATURE MILK COMPOSITION OF LACTATING WOMEN IN UMUAHIA, URBAN NI- GERIA P. Ukegbu1, A. Uwaegbute1, I. Ijeh1 1Dept of Human Nutrition and Dietetics, Michael Okpara University of Agriculture, Umudike, Abia State, Nigeria …","","https://scholar.google.com/scholar?q=related:UAlZMnammowJ:scholar.google.com/&scioq=%22waist+circumference%22+nigeria&hl=en&as_sdt=0,5&as_ylo=2013&as_yhi=2013&as_vis=1"
0,"WT Donahoo, E Stephens, RH Eckel","11 The Evaluation of Dyslipidemia and Obesity",,"HANDBOOK OF DIAGNOSTIC","Springer","https://link.springer.com/content/pdf/10.1007/978-1-59259-293-7.pdf#page=215","",382,"2021-07-17 18:35:28","","10.1007/978-1-59259-293-7.pdf#page=215","","",,,,,0,0.00,0,3,,"… Thus, other measures have been developed as markers for VAT, notably waist circumference (WC) and sagital diameter. WAIST CIRCUMFERENCE WC is performed with the patient standing at the level half way between the top of the iliac crests and the bottom of the ribs …","","https://scholar.google.com/scholar?q=related:_0MbVd4jvEsJ:scholar.google.com/&scioq=%22waist+circumference%22+nigeria&hl=en&as_sdt=0,5&as_ylo=2013&as_yhi=2013&as_vis=1"
27,"DJ Millward","Energy balance and obesity: a UK perspective on the gluttony v. sloth debate",2013,"Nutrition research reviews","cambridge.org","https://www.cambridge.org/core/journals/nutrition-research-reviews/article/energy-balance-and-obesity-a-uk-perspective-on-the-gluttony-v-sloth-debate/05CDE3FE5ADF769B28E06E59D62329B1","https://scholar.google.com/scholar?cites=7491063621681284658&as_sdt=2005&sciodt=0,5&hl=en",383,"2021-07-17 18:35:28","","","","",,,,,27,3.38,27,1,8,"… for whom BMI may overestimate adiposity if height falls with age, it has been clearly shown that increased waist circumference increases risk of … large cohorts of women from sociocultural environments that give rise to the extremes of obesity prevalence, rural Nigeria and African …","https://www.cambridge.org/core/services/aop-cambridge-core/content/view/05CDE3FE5ADF769B28E06E59D62329B1/S095442241300005Xa.pdf/energy-balance-and-obesity-a-uk-perspective-on-the-gluttony-v-sloth-debate.pdf","https://scholar.google.com/scholar?q=related:MgYqsKya9WcJ:scholar.google.com/&scioq=%22waist+circumference%22+nigeria&hl=en&as_sdt=0,5&as_ylo=2013&as_yhi=2013&as_vis=1"
0,"E Malo","The Role of Low Birth Weight and Resistin in Metabolic Syndrome",2013,"","jultika.oulu.fi","http://jultika.oulu.fi/files/isbn9789526202686.pdf","",384,"2021-07-17 18:35:28","BOOK","","","",,,,,0,0.00,0,1,8,"… NCEP ATP III, IDF and other organizations joined and published a harmonized definition (HD) of MS in 2009 in order to unify the definition (Alberti et al. 2009). The agreement was that no obligatory component is needed and waist circumference cut points are national- Page 24 …","http://jultika.oulu.fi/files/isbn9789526202686.pdf","https://scholar.google.com/scholar?q=related:bls1QzbsKrQJ:scholar.google.com/&scioq=%22waist+circumference%22+nigeria&hl=en&as_sdt=0,5&as_ylo=2013&as_yhi=2013&as_vis=1"
91,"V Srinivasan, Y Ohta, J Espino…","Metabolic syndrome, its pathophysiology and the role of melatonin",2013,"Recent Patents on …","ingentaconnect.com","https://www.ingentaconnect.com/content/ben/emi/2013/00000007/00000001/art00002","https://scholar.google.com/scholar?cites=1933171149475524369&as_sdt=2005&sciodt=0,5&hl=en",385,"2021-07-17 18:35:28","","","","",,,,,91,11.38,23,4,8,"… that the prevalence of MetS is higher in women than in men [9]. In a study conducted on Nigerian population, the … based on if three of the five risk factors, ie, hypertriglyceridemia, hy- perglycaemia, hypertension, increased HDL-C, and abnor- mal waist circumference are present …","https://tahomaclinic.com/Private/Articles1/Melatonin/Srinivasan%202013%20-%20Metabolic%20syndrome%20and%20the%20role%20of%20melatonin.pdf","https://scholar.google.com/scholar?q=related:Ea-FBusA1BoJ:scholar.google.com/&scioq=%22waist+circumference%22+nigeria&hl=en&as_sdt=0,5&as_ylo=2013&as_yhi=2013&as_vis=1"
0,"J Lubsen","The Role Of Family Functioning In A Family-Based Diabetes Prevention Program",2013,"","elischolar.library.yale.edu","https://elischolar.library.yale.edu/ymtdl/1818/","",386,"2021-07-17 18:35:28","","","","",,,,,0,0.00,0,1,8,"Page 1. Yale University EliScholar – A Digital Platform for Scholarly Publishing at Yale Yale Medicine Thesis Digital Library School of Medicine January 2013 The Role Of Family Functioning In A Family-Based Diabetes Prevention Program Julia Lubsen …","https://elischolar.library.yale.edu/cgi/viewcontent.cgi?article=1818&context=ymtdl","https://scholar.google.com/scholar?q=related:YlYH-OvmXk0J:scholar.google.com/&scioq=%22waist+circumference%22+nigeria&hl=en&as_sdt=0,5&as_ylo=2013&as_yhi=2013&as_vis=1"
0,"B Oyeledun, PS Sow, M Vitoria","HIV Infection and Cardiovascular",,"downloads.hindawi.com","","https://downloads.hindawi.com/journals/specialissues/784796.pdf","",387,"2021-07-17 18:35:28","PDF","","","",,,,,0,0.00,0,3,,"… Avenue, Boston, MA 02115, USA 4 Harvard Medical School, New Research Building, Avenue Louis Pasteur, Room 724, Boston, MA 02115, USA 5 Centre for Integrated Health Programs (CIHP), Plot 1129 Kikuyu Close, Off Nariobi Street, Wuse II Abuja, FCT, Nigeria 6 ICAP …","https://downloads.hindawi.com/journals/specialissues/784796.pdf","https://scholar.google.com/scholar?q=related:odWWK_23yAYJ:scholar.google.com/&scioq=%22waist+circumference%22+nigeria&hl=en&as_sdt=0,5&as_ylo=2013&as_yhi=2013&as_vis=1"
2,"GA Frempong","Perceived body weight and actual Body Mass Index (BMI) among urban poor communities in Accra, Ghana",2013,"","197.255.68.205","http://197.255.68.205/handle/123456789/5316","https://scholar.google.com/scholar?cites=4688015418180115037&as_sdt=2005&sciodt=0,5&hl=en",388,"2021-07-17 18:35:28","","","","",,,,,2,0.25,2,1,8,"… Some ethnic groups in SSA embrace cultural practices that encourage female obesity such as pre-marital “fattening rooms” of Nigeria (Iloh et al., 2010) … These include measures such as BMI, waist circumference (WC), waist-to-hip ratio (WHR), and waist-to …","http://197.255.68.205/bitstream/handle/123456789/5316/Grace%20Agyemang%20Frempong_Perceived%20Body%20Weight%20and%20Actual%20Body%20Mass%20Index%20%28BMI%29%20among%20Urban%20Poor%20Communities%20in%20Accra%2C%20Ghana_2013.pdf?sequence=1&isAllowed=y","https://scholar.google.com/scholar?q=related:XRouRi8tD0EJ:scholar.google.com/&scioq=%22waist+circumference%22+nigeria&hl=en&as_sdt=0,5&as_ylo=2013&as_yhi=2013&as_vis=1"
0,"OW Kasmini Handayani","The Cultur of School Environment Associated with Overweight in Urban Adolescent",2013,"International Journal of Public Health …","media.neliti.com","https://media.neliti.com/media/publications/7160-EN-the-cultur-of-school-environment-associated-with-overweight-in-urban-adolescent.pdf","",389,"2021-07-17 18:35:28","PDF","","","",,,,,0,0.00,0,1,8,"… [9] Oninla, JA, Owa, AA, Onayade and Taiwo, O., “Comparative Study of Nutritional Status of Urban and Rural Nigerian School Children … K, Pietilainen K, Rissanen A, Kaprio J. “Physical Activity Reduces the Influence of Genetic Effects on BMI and Waist Circumference: A Study in …","https://media.neliti.com/media/publications/7160-EN-the-cultur-of-school-environment-associated-with-overweight-in-urban-adolescent.pdf","https://scholar.google.com/scholar?q=related:c5vr3D9rVxAJ:scholar.google.com/&scioq=%22waist+circumference%22+nigeria&hl=en&as_sdt=0,5&as_ylo=2013&as_yhi=2013&as_vis=1"
2,"KS Rahmini","Korelasi Lingkar Pinggang Dan Rasio Lingkar Pinggang Panggul Terhadap Rasio Kadar Kolesterol Total/HDL Pada Mahasiswa Dan Mahasiswi Kampus III …",2013,"","library.usd.ac.id","http://www.library.usd.ac.id/Data%20PDF/F.%20Farmasi/Farmasi/098114002_Full.pdf","https://scholar.google.com/scholar?cites=16984322625227911639&as_sdt=2005&sciodt=0,5&hl=en",390,"2021-07-17 18:35:28","PDF","","","",,,,,2,0.25,2,1,8,"… Waist circumference and waist to hip ratio are used to measure obesity, especially central obesity … This study aimed to determine the correlation between waist circumference and waist to hip ratio to the total cholesterol / HDL ratio in the students …","http://www.library.usd.ac.id/Data%20PDF/F.%20Farmasi/Farmasi/098114002_Full.pdf","https://scholar.google.com/scholar?q=related:1_FW23BvtOsJ:scholar.google.com/&scioq=%22waist+circumference%22+nigeria&hl=en&as_sdt=0,5&as_ylo=2013&as_yhi=2013&as_vis=1"
66,"YC Chang, YH Yu, JY Shew, WJ Lee…","Deficiency of NPGP x, an oxidative stress sensor, leads to obesity in mice and human",2013,"EMBO molecular …","embopress.org","https://www.embopress.org/doi/abs/10.1002/emmm.201302679","https://scholar.google.com/scholar?cites=8467399565375551606&as_sdt=2005&sciodt=0,5&hl=en",391,"2021-07-17 18:35:28","","10.1002/emmm.201302679","","",,,,,66,8.25,13,5,8,"Elevated oxidative stress is closely associated with obesity. Emerging evidence shows that instead of being a consequence of obesity, oxidative stress may also contribute to fat formation. Nonselen...","https://www.embopress.org/doi/pdf/10.1002/emmm.201302679","https://scholar.google.com/scholar?q=related:driB4Qo_gnUJ:scholar.google.com/&scioq=%22waist+circumference%22+nigeria&hl=en&as_sdt=0,5&as_ylo=2013&as_yhi=2013&as_vis=1"
0,"BG CHACKO","RENAL AND RETINAL MICROVASCULAR RELATIONSHIPS AND INCIDENT CHRONIC KIDNEY DISEASE: THE MULTI-ETHNIC STUDY OF ATHEROSCLEROSIS",2013,"","wakespace.lib.wfu.edu","https://wakespace.lib.wfu.edu/handle/10339/39027","",392,"2021-07-17 18:35:28","","","","",,,,,0,0.00,0,1,8,"Page 1. i RENAL AND RETINAL MICROVASCULAR RELATIONSHIPS AND INCIDENT CHRONIC KIDNEY DISEASE: THE MULTI-ETHNIC STUDY OF ATHEROSCLEROSIS BY BILLY G CHACKO A Thesis Submitted to the Graduate Faculty of …","https://wakespace.lib.wfu.edu/bitstream/handle/10339/39027/CHACKO_wfu_0248M_10479.pdf","https://scholar.google.com/scholar?q=related:WxqTsBR05zkJ:scholar.google.com/&scioq=%22waist+circumference%22+nigeria&hl=en&as_sdt=0,5&as_ylo=2013&as_yhi=2013&as_vis=1"
0,"AB Adjei","Levels of Adipokines in Ghanaian Women in Jamestown, Accra",2013,"","197.255.68.205","http://197.255.68.205/handle/123456789/5488","",393,"2021-07-17 18:35:28","","","","",,,,,0,0.00,0,1,8,"… also on the increase. Ghana is among seven Sub-Saharan African countries (Congo Brazzaville, Liberia, Nigeria, Niger, Senegal and Sierra Leone) with the largest number … mmHg (Timpson et al., 2009). Yet, waist circumference and waist-hip ratio, both …","http://197.255.68.205/bitstream/handle/123456789/5488/Afua%20Bontu%20Adjei_Levels%20of%20Adipokines%20in%20Ghanaian%20Women%20in%20Jamestown%2C%20Accra_2013.pdf?sequence=1&isAllowed=y","https://scholar.google.com/scholar?q=related:_qdiEMCou-4J:scholar.google.com/&scioq=%22waist+circumference%22+nigeria&hl=en&as_sdt=0,5&as_ylo=2013&as_yhi=2013&as_vis=1"
0,"J YARNELL","7 Circulatory diseases",2013,"Epidemiology and Disease Prevention: A Global …","books.google.com","https://books.google.com/books?hl=en&lr=&id=Ia0eAAAAQBAJ&oi=fnd&pg=PA87&dq=%22waist+circumference%22+nigeria&ots=EBYhTYGXxv&sig=kBuGaN7kXFL3uiiQ2PBJ6UhEank","",394,"2021-07-17 18:35:28","","","","",,,,,0,0.00,0,1,8,"… Table 7.1 Age-standardized ischaemic heart disease (IH D) and stroke rates in selected countries in world regions (2008) 1| IHD Stroke Africa Ghana 120 126 Nigeria 122 149 South Africa 71 83 Americas Argentina 71 44 Cuba 113 59 United States 81 25 Europe France 29 22 …","",""
4,"HR Suleria, MS Butt, FM Anjum, M Arshad…","Aqueous garlic extract mitigate hypercholesterolemia and hyperglycemia; rabbit experimental modelling",2013,"Annals of Nutrition and …","academia.edu","https://www.academia.edu/download/52576592/AQUEOUS_GARLIC_EXTRACT_MITIGATE_HYPERCHO20170410-21318-1swg2f1.pdf","https://scholar.google.com/scholar?cites=6125058404723900214&as_sdt=2005&sciodt=0,5&hl=en",395,"2021-07-17 18:35:28","PDF","","","",,,,,4,0.50,1,5,8,"… 185 O058 INFLUENCE OF PROXIMATE VALUES ON VITAMIN A STABILITY OF NIGERIAN WHEAT FLOUR … ON SOME PROCESSED LESSER KNOWN GREEN LEAFY VEGETABLES IN SOUTH EAST NIGERIA …","https://www.academia.edu/download/52576592/AQUEOUS_GARLIC_EXTRACT_MITIGATE_HYPERCHO20170410-21318-1swg2f1.pdf","https://scholar.google.com/scholar?q=related:Nr8WyiqUAFUJ:scholar.google.com/&scioq=%22waist+circumference%22+nigeria&hl=en&as_sdt=0,5&as_ylo=2013&as_yhi=2013&as_vis=1"
0,"JA Lindgren","The association between measures of diet quality and breast density and body composition in premenopausal women",2013,"","search.proquest.com","https://search.proquest.com/openview/47c134644eff9d64ca4a20a64eb944c2/1?pq-origsite=gscholar&cbl=18750","",396,"2021-07-17 18:35:28","BOOK","","","",,,,,0,0.00,0,1,8,"… beverages), BMI, waist circumference, total body fat, android fat, gynoid fat, and the android:gynoid fat ratio … Obes Rev 2003, 4(3):157-173. 35. Okobia MN, Bunker CH, Zmuda JM et al: Anthropometry and breast cancer risk in Nigerian women. Breast J 2006, 12(5):462-466. 36 …","https://etda.libraries.psu.edu/files/final_submissions/8703","https://scholar.google.com/scholar?q=related:VSOF1cnqzR8J:scholar.google.com/&scioq=%22waist+circumference%22+nigeria&hl=en&as_sdt=0,5&as_ylo=2013&as_yhi=2013&as_vis=1"
0,"VDDOIN TROPICAL","T7. Food culture practices and Nutritional Education",2013,"Ann Nutr Metab","search.proquest.com","https://search.proquest.com/openview/1c26949eb5d8f7b0d0a4bb6a1d0d0050/1?pq-origsite=gscholar&cbl=32607","",397,"2021-07-17 18:35:28","","","","",,,,,0,0.00,0,1,8,"… We included other parameters such systolic and diastolic pressure, Body Mass In- dex (BMI), waist circumference, fat distribution, 25-hydroxy- vitamin D, and calcium serum. Results: There are no different between two group …","",""
0,"S Lopez-Arana, A Burdorf, M Avendano","in overweight by educational level in 33 low-and middle-income countries: The role of parity, age at first birth and breastfeeding. Obes Rev. 2013; 10: 806–817",2013,"… Inequalities in Overweight …","repub.eur.nl","https://repub.eur.nl/pub/93847/161101_Lopez_Arana_Sandra_Liliana.pdf#page=25","",398,"2021-07-17 18:35:28","PDF","","","",,,,,0,0.00,0,3,8,"… countries included (Bangladesh, Cambodia, India, Nepal) c Sub-Saharan Africa countries included (Benin, Burkina Faso, Cameroon, Chad, Cote D'Ivoire, Ethio- pia, Ghana, Guinea, Kenya, Madagascar, Malawi, Mali, Mozambique, Namibia, Niger, Nigeria, Rwanda, Tanzania …","https://repub.eur.nl/pub/93847/161101_Lopez_Arana_Sandra_Liliana.pdf#page=25","https://scholar.google.com/scholar?q=related:u4R7IaAlwewJ:scholar.google.com/&scioq=%22waist+circumference%22+nigeria&hl=en&as_sdt=0,5&as_ylo=2013&as_yhi=2013&as_vis=1"
0,"U Elewa, B Fernandez, J Egido, A Ortiz…","Diabetes-clinical studies",2013,"Nephrology Dialysis …","academic.oup.com","https://academic.oup.com/ndt/article-abstract/28/suppl_1/i166/1838473","",399,"2021-07-17 18:35:28","","","","",,,,,0,0.00,0,5,8,"Introduction and Aims:Cardiovascular disease is common in CKD patients and is the most frequent cause of death. Diabetic CKD patients are at especially high ris.","https://academic.oup.com/ndt/article/28/suppl_1/i166/1838473",""
4,"A Wasiluk, J Saczuk","BODY COMPOSITION OF FEMALE SENIOR INHABITANTS OF BIA£ A PODLASKA VS THEIR PHYSICAL ACTIVITY",2013,"Polish Journal of Sport and Tourism","pjst.awf-bp.edu.pl","https://pjst.awf-bp.edu.pl/download/Pol_J_Sport_Tourism_20_pp68-78.pdf","https://scholar.google.com/scholar?cites=9458538380424351553&as_sdt=2005&sciodt=0,5&hl=en",400,"2021-07-17 18:35:28","PDF","","","",,,,,4,0.50,2,2,8,"… (2004). Physical activity and changes in weight and waist circumference in midlife women: findings from the Study of Women's Health Across the Nation … The effect of mari- tal status and self-reported physical exercise on the adipos- ity and blood pressure of the Igbos of Nigeria …","https://pjst.awf-bp.edu.pl/download/Pol_J_Sport_Tourism_20_pp68-78.pdf","https://scholar.google.com/scholar?q=related:QY-XI4t6Q4MJ:scholar.google.com/&scioq=%22waist+circumference%22+nigeria&hl=en&as_sdt=0,5&as_ylo=2013&as_yhi=2013&as_vis=1"
1,"EK Genga","Assessment of the perceived health related quality of life of non-insulin dependent type 2 diabetic patients attending The diabetes clinic in Kenyatta national hospital",2013,"","erepository.uonbi.ac.ke","http://erepository.uonbi.ac.ke/handle/11295/58587","https://scholar.google.com/scholar?cites=1974423588322113339&as_sdt=2005&sciodt=0,5&hl=en",401,"2021-07-17 18:35:28","","","","",,,,,1,0.13,1,1,8,"… complications thus also worsening the quality of life. Research done in Nigeria, South Africa and … as demonstrated by DCCT Trial 16. Body mass index and waist circumference are commonly used as nutritional markers since they …","http://erepository.uonbi.ac.ke/bitstream/handle/11295/58587/Genga_Assessment%20of%20the%20Perceived%20Health%20Related%20Quality%20of%20Life%20of%20Non-insulin%20Dependent%20Type%202%20Diabetic%20Patients%20Attending%20the%20Diabetes%20Clinic%20in%20Kenyatta%20National%20Hospital.pdf?sequence=3","https://scholar.google.com/scholar?q=related:O3cX6sqPZhsJ:scholar.google.com/&scioq=%22waist+circumference%22+nigeria&hl=en&as_sdt=0,5&as_ylo=2013&as_yhi=2013&as_vis=1"
42,"J Fernandes, A Wang, W Su…","Age, dietary fiber, breath methane, and fecal short chain fatty acids are interrelated in Archaea-positive humans",2013,"The Journal of …","academic.oup.com","https://academic.oup.com/jn/article-abstract/143/8/1269/4571605","https://scholar.google.com/scholar?cites=11326079878922461284&as_sdt=2005&sciodt=0,5&hl=en",402,"2021-07-17 18:35:28","","","","",,,,,42,5.25,11,4,8,"Abstract. Recent attention has focused on the significance of colonic Archaea in human health and energy metabolism. The main objectives of this study were to d.","https://academic.oup.com/jn/article/143/8/1269/4571605","https://scholar.google.com/scholar?q=related:ZGDfSKRRLp0J:scholar.google.com/&scioq=%22waist+circumference%22+nigeria&hl=en&as_sdt=0,5&as_ylo=2013&as_yhi=2013&as_vis=1"
1,"N Hlambelo","Determining the contribution of lunchbox content to the dietary intake of girls (13-18 years old) in a high school in Lindelani",2013,"","openscholar.dut.ac.za","https://openscholar.dut.ac.za/bitstream/10321/877/5/Hlambelo_2012_1.pdf","https://scholar.google.com/scholar?cites=12666345846248286083&as_sdt=2005&sciodt=0,5&hl=en",403,"2021-07-17 18:35:28","PDF","","","",,,,,1,0.13,1,1,8,"… Page 10. X USDA United States of Department of Agriculture WC Waist Circumference WHO World Health Organisation WHtR Waist- Height Ratio WRI World Resource Institute … 61 2.17.3.4. Underweight (BMI-for-age) 61 2.17.3.5. Waist circumference-for-height 62 Page 15. XV …","https://openscholar.dut.ac.za/bitstream/10321/877/5/Hlambelo_2012_1.pdf","https://scholar.google.com/scholar?q=related:g6ffH3Dmx68J:scholar.google.com/&scioq=%22waist+circumference%22+nigeria&hl=en&as_sdt=0,5&as_ylo=2013&as_yhi=2013&as_vis=1"
7,"SL Averett, LM Argys, JL Kohn","Immigrants, wages and obesity: The weight of the evidence",2013,"International Handbook on the …","elgaronline.com","https://www.elgaronline.com/downloadpdf/edcoll/9781845426293/9781845426293.00021.pdf","https://scholar.google.com/scholar?cites=7271140677422399665&as_sdt=2005&sciodt=0,5&hl=en",404,"2021-07-17 18:35:28","","","","",,,,,7,0.88,2,3,8,"… These immigrants originate from China, Cuba, Dominican Republic, El Salvador, Ethiopia, Guatemala, Haiti, India, Jamaica, Mexico, Nigeria, Philippines and … measures of fatness such as total body fat, percentage body fat, fat- free mass and waist circumference, and they …","http://213.230.96.51:8090/files/ebooks/Iqtisodiyot/Constant%20A.F.,%20Zimmermann%20K.F.%20(eds.)%20International%20Handbook%20on%20the%20Economics%20of%20Migration%20(Elgar,%202013)(ISBN%209781845426293)(584s)%20GU%20.pdf#page=253","https://scholar.google.com/scholar?q=related:scCnBexH6GQJ:scholar.google.com/&scioq=%22waist+circumference%22+nigeria&hl=en&as_sdt=0,5&as_ylo=2013&as_yhi=2013&as_vis=1"
1,"A Gil, JA Martínez","20th International Congress of Nutrition",2013,"Ann Nutr Metab","researchgate.net","https://www.researchgate.net/profile/Hamid-El-Bilali/publication/262103438_Food_diversity_in_relation_to_schoolchildren's_growth_in_Morocco/links/00463536a3a9587524000000/Food-diversity-in-relation-to-schoolchildrens-growth-in-Morocco.pdf","https://scholar.google.com/scholar?cites=3486388105391290648&as_sdt=2005&sciodt=0,5&hl=en",405,"2021-07-17 18:35:28","PDF","","","",,,,,1,0.13,1,2,8,"… AND NUTRIENT DENSITY OF SOME TRADITIONAL DISHES AS CONSUMED IN NIGERIAN URBAN POPULATION IN … AND THEIR IMPORTANCE IN A RURAL FARMING COMMUNITY IN SOUTHWESTERN NIGERIA …","https://www.researchgate.net/profile/Hamid-El-Bilali/publication/262103438_Food_diversity_in_relation_to_schoolchildren's_growth_in_Morocco/links/00463536a3a9587524000000/Food-diversity-in-relation-to-schoolchildrens-growth-in-Morocco.pdf","https://scholar.google.com/scholar?q=related:GLn-moIjYjAJ:scholar.google.com/&scioq=%22waist+circumference%22+nigeria&hl=en&as_sdt=0,5&as_ylo=2013&as_yhi=2013&as_vis=1"
0,"O Chadyuk","A Test of an Evolutionary Theory of Adiposity Gain Induced by Long Sleep in Descendants of European Hunter-Gatherers",2013,"","search.proquest.com","https://search.proquest.com/openview/e828c88af0d4a5f948f49ea3994ac239/1?pq-origsite=gscholar&cbl=18750","",406,"2021-07-17 18:35:28","HTML","","","",,,,,0,0.00,0,1,8,"Page 1. Walden University College of Social and Behavioral Sciences This is to certify that the doctoral dissertation by Oleksiy Chadyuk has been found to be complete and satisfactory in all respects, and that any and all revisions …","https://search.proquest.com/openview/e828c88af0d4a5f948f49ea3994ac239/1?pq-origsite=gscholar&cbl=18750","https://scholar.google.com/scholar?q=related:yfaMmOEEKUIJ:scholar.google.com/&scioq=%22waist+circumference%22+nigeria&hl=en&as_sdt=0,5&as_ylo=2013&as_yhi=2013&as_vis=1"
1,"EM Craig","Child and adolescent obesity: prevalence and risk factors in a rural South Africa population",2013,"","theses.gla.ac.uk","http://theses.gla.ac.uk/5176/","https://scholar.google.com/scholar?cites=18249877466511554338&as_sdt=2005&sciodt=0,5&hl=en",407,"2021-07-17 18:35:28","","","","",,,,,1,0.13,1,1,8,"Page 1. Glasgow Theses Service http://theses.gla.ac.uk/ theses@gla.ac.uk Craig, Eva M. (2013) Child and adolescent obesity: prevalence and risk factors in a rural South Africa population. PhD thesis http://theses.gla.ac.uk/5176 …","http://theses.gla.ac.uk/5176/13/2013craigphd.pdf","https://scholar.google.com/scholar?q=related:IrfTId2WRP0J:scholar.google.com/&scioq=%22waist+circumference%22+nigeria&hl=en&as_sdt=0,5&as_ylo=2013&as_yhi=2013&as_vis=1"
0,"Y Aboussaleh, R Capone, H El Bilali…","Exploring environmental, health and nutrition implications of Mediterranean dietary patterns",2013,"Annals of Nutrition and …","academia.edu","https://www.academia.edu/download/42370090/Exploring_environmental_health_and_nutri20160208-14055-1x9ky5z.pdf","",408,"2021-07-17 18:35:28","PDF","","","",,,,,0,0.00,0,4,8,"… 185 O058 INFLUENCE OF PROXIMATE VALUES ON VITAMIN A STABILITY OF NIGERIAN WHEAT FLOUR … ON SOME PROCESSED LESSER KNOWN GREEN LEAFY VEGETABLES IN SOUTH EAST NIGERIA …","https://www.academia.edu/download/42370090/Exploring_environmental_health_and_nutri20160208-14055-1x9ky5z.pdf","https://scholar.google.com/scholar?q=related:ys1gZ5sp8OUJ:scholar.google.com/&scioq=%22waist+circumference%22+nigeria&hl=en&as_sdt=0,5&as_ylo=2013&as_yhi=2013&as_vis=1"
0,"C Lacirignola, R Capone, H El Bilali, P Debs…","Food-natural resources nexus in the Mediterranean region: exploring the environmental footprints of the current dietary patterns",2013,"Annals of Nutrition and …","academia.edu","https://www.academia.edu/download/41547092/Food-natural_resources_nexus_in_the_Medi20160125-18905-rbxdte.pdf","",409,"2021-07-17 18:35:28","PDF","","","",,,,,0,0.00,0,5,8,"… 185 O058 INFLUENCE OF PROXIMATE VALUES ON VITAMIN A STABILITY OF NIGERIAN WHEAT FLOUR … ON SOME PROCESSED LESSER KNOWN GREEN LEAFY VEGETABLES IN SOUTH EAST NIGERIA …","https://www.academia.edu/download/41547092/Food-natural_resources_nexus_in_the_Medi20160125-18905-rbxdte.pdf","https://scholar.google.com/scholar?q=related:0Rm1ZRCWb3EJ:scholar.google.com/&scioq=%22waist+circumference%22+nigeria&hl=en&as_sdt=0,5&as_ylo=2013&as_yhi=2013&as_vis=1"
0,"I Marzuki","Employee assistance programme: A workplace intervention for psychological health and sickness absence/Marzuki Isahak",2013,"","studentsrepo.um.edu.my","http://studentsrepo.um.edu.my/id/eprint/5633","",410,"2021-07-17 18:35:28","","","","",,,,,0,0.00,0,1,8,"… HRD Human Resource Department SBP Systolic blood pressure DBP Diastolic blood pressure BMI Body mass index WC Waist circumference CD Compact disc WHO World Health Organisation UMMC University Malaya Medical Centre SD Standard Deviation …","http://studentsrepo.um.edu.my/5633/1/MHC090019.pdf","https://scholar.google.com/scholar?q=related:hdVzG3oMuNwJ:scholar.google.com/&scioq=%22waist+circumference%22+nigeria&hl=en&as_sdt=0,5&as_ylo=2013&as_yhi=2013&as_vis=1"
4,"BN Silangwe","Nutritional status and dietary intake of adolescent girls in Mandlenkosi High School, Lindelani",2013,"","openscholar.dut.ac.za","https://openscholar.dut.ac.za/bitstream/10321/875/1/Silangwe_2012_1.pdf","https://scholar.google.com/scholar?cites=14269141905013181924&as_sdt=2005&sciodt=0,5&hl=en",411,"2021-07-17 18:35:28","PDF","","","",,,,,4,0.50,4,1,8,"… USDA United States Department of Agriculture USAID United States Agency for International Development WC Waist circumference WHO World Health Organisation WHtR Waist-to Height ratio Zn Zinc … 67 2.9.1.8 Waist circumference 67 2.9.1.9 Mid-Upper-Arm circumference 68 …","https://openscholar.dut.ac.za/bitstream/10321/875/1/Silangwe_2012_1.pdf","https://scholar.google.com/scholar?q=related:5I3zIfYsBsYJ:scholar.google.com/&scioq=%22waist+circumference%22+nigeria&hl=en&as_sdt=0,5&as_ylo=2013&as_yhi=2013&as_vis=1"
0,"KO Inaku","THE RELATIONSHIP BETWEEN THE DURATION OF TYPE 2 DIABETES MELLITUS AND SMALL DENSE LOW DENSITY LIPOPROTEIN CHOLESTEROL …",2013,"Faculty of Pathology","dissertation.npmcn.edu.ng","http://dissertation.npmcn.edu.ng/index.php/FMCPath/article/download/1168/1411","",412,"2021-07-17 18:35:28","PDF","","","",,,,,0,0.00,0,1,8,"… In individuals with both parents having type 2 DM, the risk approaches 40%.34 In Nigeria, a National survey reported that subjects with diabetic parents were at increased … evidenced by the high waist circumference), is very common in type 2 DM. In the early stages of the …","http://dissertation.npmcn.edu.ng/index.php/FMCPath/article/download/1168/1411","https://scholar.google.com/scholar?q=related:Yt2xR3E5uhIJ:scholar.google.com/&scioq=%22waist+circumference%22+nigeria&hl=en&as_sdt=0,5&as_ylo=2013&as_yhi=2013&as_vis=1"
0,"F Maunganidze","Left ventricular hypertrophy and its detection in an African community",2013,"","Citeseer","http://citeseerx.ist.psu.edu/viewdoc/download?doi=10.1.1.968.9472&rep=rep1&type=pdf","",413,"2021-07-17 18:35:28","PDF","","","",,,,,0,0.00,0,1,8,"… (p<0.0001). With adjustments for a number of potential confounders including age, systolic BP, waist circumference (or BMI), and glucose control (glycated haemoglobin) … VALIANT The VALsartan In Acute myocardial iNfarcTion WC Waist Circumference Page 18. xviii …","http://citeseerx.ist.psu.edu/viewdoc/download?doi=10.1.1.968.9472&rep=rep1&type=pdf","https://scholar.google.com/scholar?q=related:z-t56TF_M9gJ:scholar.google.com/&scioq=%22waist+circumference%22+nigeria&hl=en&as_sdt=0,5&as_ylo=2013&as_yhi=2013&as_vis=1"
0,"A Buelah","Effectiveness of breast crawl technique upon initiation and establishment of breast feeding in newborns",2013,"","repository-tnmgrmu.ac.in","http://repository-tnmgrmu.ac.in/id/eprint/10311","",414,"2021-07-17 18:35:28","","","","",,,,,0,0.00,0,1,8,"… Studies related to breast crawl technique Studies related to Breast Feeding Agunbiade in the year 2012 conducted aconcurrent mixed study on constraints to exclusive breast feeding practices among breast feeding mothers in Nigeria. 200 …","http://repository-tnmgrmu.ac.in/10311/1/300312813buelah.pdf",""
0,"FB Subhan","Gestational Weight Gain and Body Composition Changes during Pregnancy and Early Postpartum",2013,"","search.proquest.com","https://search.proquest.com/openview/60eb889d67cc8f8a512fa0a6de86b243/1?pq-origsite=gscholar&cbl=18750","",415,"2021-07-17 18:35:28","BOOK","","","",,,,,0,0.00,0,1,8,"… 114 4.3.4 Fat Mass Distribution ..... 115 4.3.4.1 Skinfold thickness ..... 115 4.3.4.2 Waist circumference ..... 117 4.3.4.3 Waist:Hip Ratio ..... 118 …","https://era.library.ualberta.ca/items/1bc325b2-1e5b-4cfb-b0c2-5b5780926e9b/view/8cd18e02-2de8-46b7-8f33-87dc436d4a35/Fatheema-20Thesis.pdf","https://scholar.google.com/scholar?q=related:hIz7DViSPB4J:scholar.google.com/&scioq=%22waist+circumference%22+nigeria&hl=en&as_sdt=0,5&as_ylo=2013&as_yhi=2013&as_vis=1"
0,"OO Toriola","Health-related physical fitness, physical activity and body composition status of adolescent learners residing within the Tlokwe Municipality: PAHL study",2013,"","repository.nwu.ac.za","http://repository.nwu.ac.za/handle/10394/12051","",416,"2021-07-17 18:35:28","","","","",,,,,0,0.00,0,1,8,"… PI – Physical inactivity SAR – Sit and reach SBJ – Standing broad jump SUP – Sit-ups WHtR – Waist-to-hip ratio WC – Waist circumference WHO – World Health Organisation SPSS - Statistical Package for the Social Sciences Page 19. xix List of symbols Cm Centimeter …","https://repository.nwu.ac.za/bitstream/handle/10394/12051/Toriola_OM.pdf?sequence=1","https://scholar.google.com/scholar?q=related:b7i8b5OwltkJ:scholar.google.com/&scioq=%22waist+circumference%22+nigeria&hl=en&as_sdt=0,5&as_ylo=2013&as_yhi=2013&as_vis=1"
17,"A Fraser, W McNally, N Sattar…","Prenatal exposures and anti-müllerian hormone in female adolescents: the Avon Longitudinal Study of Parents and Children",2013,"American journal of …","academic.oup.com","https://academic.oup.com/aje/article-abstract/178/9/1414/89505","https://scholar.google.com/scholar?cites=4155323887585335047&as_sdt=2005&sciodt=0,5&hl=en",417,"2021-07-17 18:35:28","","","","",,,,,17,2.13,4,4,8,"Abstract. Given that the primordial ovarian follicular pool is established in utero, it may be influenced by parental characteristics and the intrauterine envir.","https://academic.oup.com/aje/article/178/9/1414/89505","https://scholar.google.com/scholar?q=related:Bxc4Vg-tqjkJ:scholar.google.com/&scioq=%22waist+circumference%22+nigeria&hl=en&as_sdt=0,5&as_ylo=2013&as_yhi=2013&as_vis=1"
0,"N Peer","Cardiovascular disease risk factors in the urban black population in Cape Town",2013,"","open.uct.ac.za","https://open.uct.ac.za/bitstream/handle/11427/3449/thesis_hsf_2013_peer_n.pdf?sequence=1","",418,"2021-07-17 18:35:28","PDF","","","",,,,,0,0.00,0,1,8,"… (BMI) and waist circumference were significantly associated with diabetes in both men … 112 Table 4.14b: Multiple logistic regression models for associations with diabetes in women and men (models with waist circumference) ………… 123 …","https://open.uct.ac.za/bitstream/handle/11427/3449/thesis_hsf_2013_peer_n.pdf?sequence=1","https://scholar.google.com/scholar?q=related:aZYgFvSRO5wJ:scholar.google.com/&scioq=%22waist+circumference%22+nigeria&hl=en&as_sdt=0,5&as_ylo=2013&as_yhi=2013&as_vis=1"
1,"D Cao","Human metrology for person classification and recognition",2013,"","search.proquest.com","https://search.proquest.com/openview/36c5eaa759a2d1f9c81b01e6b7ecf983/1?pq-origsite=gscholar&cbl=18750","https://scholar.google.com/scholar?cites=14201390031984173208&as_sdt=2005&sciodt=0,5&hl=en",419,"2021-07-17 18:35:28","BOOK","","","",,,,,1,0.13,1,1,8,"… Top (A): Scatter plots and probability density for the 10 selected measurements; Bottom (B): Ratio plots: Distribution of the number of head lengths contained in other mea- surements, namely stature, shoulder breadth, and waist circumference. 16 …","https://researchrepository.wvu.edu/cgi/viewcontent.cgi?article=1339&context=etd","https://scholar.google.com/scholar?q=related:mKAw7f14FcUJ:scholar.google.com/&scioq=%22waist+circumference%22+nigeria&hl=en&as_sdt=0,5&as_ylo=2013&as_yhi=2013&as_vis=1"
0,"S Yusuf","Hypertension and Diabetes: Entry Points for Prevention and Control of the Global Cardiovascular Epidemic",,"downloads.hindawi.com","","https://downloads.hindawi.com/journals/specialissues/632423.pdf","",420,"2021-07-17 18:35:28","PDF","","","",,,,,0,0.00,0,1,,"… regions. Studies from both regions have shown that DM and HTN coexist in type 2 DM ranging from 20.6% in India to 78.4% in Thailand in the SEA region and ranging from 9.7% in Nigeria to 70.4% in Morocco in the AFR region …","https://downloads.hindawi.com/journals/specialissues/632423.pdf","https://scholar.google.com/scholar?q=related:aTMTXXTUT_QJ:scholar.google.com/&scioq=%22waist+circumference%22+nigeria&hl=en&as_sdt=0,5&as_ylo=2013&as_yhi=2013&as_vis=1"
0,"E Carrion Jaramillo, P Sanchez Gomez","Concordancia entre índice de masa corporal, perímetro abdominal y porcentaje de grasa corporal para determinar sobrepeso u obesidad en pacientes con diabetes …",2013,"","repositorio.puce.edu.ec","http://repositorio.puce.edu.ec/handle/22000/5509","",421,"2021-07-17 18:35:28","","","","",,,,,0,0.00,0,2,8,"… Page 11. 11 ABSTRACT OBJECTIVE: To assess if there is agreement between BMI, waist circumference and body fat percentage to determine overweight or obesity in diabetic subjects that … We determined BMI, waist circumference, and body fat percentage by a caliper skin test …","http://repositorio.puce.edu.ec/bitstream/handle/22000/5509/T-PUCE-5737.pdf?sequence=1","https://scholar.google.com/scholar?q=related:r0ds_LGKPzYJ:scholar.google.com/&scioq=%22waist+circumference%22+nigeria&hl=en&as_sdt=0,5&as_ylo=2013&as_yhi=2013&as_vis=1"
3,"MA Tuller","The healthy migrant hypothesis and internal migration in Accra, Ghana",2013,"","search.proquest.com","https://search.proquest.com/openview/af98bbd1c0ab6a5ef7031ae938823fa3/1?pq-origsite=gscholar&cbl=18750","https://scholar.google.com/scholar?cites=7815470678410211630&as_sdt=2005&sciodt=0,5&hl=en",422,"2021-07-17 18:35:28","","","","",,,,,3,0.38,3,1,8,"… migrants. Declining political and economic conditions of the 1970s and 1980s led to widespread international emigration, most often to Nigeria, the United States, Canada, Germany, Italy, and the United Kingdom (Black et al. 2004). International migrants …","","https://scholar.google.com/scholar?q=related:LjEfgywhdmwJ:scholar.google.com/&scioq=%22waist+circumference%22+nigeria&hl=en&as_sdt=0,5&as_ylo=2013&as_yhi=2013&as_vis=1"
0,"EJ Reverri","Nutritional Modulation of Inflammation and Other Cardiovascular Disease Risk Factors in At Risk Adults",2013,"","search.proquest.com","https://search.proquest.com/openview/947c25acad9d47c12c4eb1f865ec19da/1?pq-origsite=gscholar&cbl=18750","",423,"2021-07-17 18:35:28","BOOK","","","",,,,,0,0.00,0,1,8,"… interim statement from several professional organizations defines metabolic syndrome by at least three of the following risk factors: elevated waist circumference by population definition … and lower weight, BMI, and waist circumference as well as systolic blood pressure [127] …","","https://scholar.google.com/scholar?q=related:O9ICByWqJasJ:scholar.google.com/&scioq=%22waist+circumference%22+nigeria&hl=en&as_sdt=0,5&as_ylo=2013&as_yhi=2013&as_vis=1"
0,"MP Jiménez-Tejada, F González-García…","HEALTH HABITS AND PERCEPTION OF NOISE BY SPANISH SECONDARY-SCHOOL STUDENTS: NEGATIVE INFLUENCE ON ACADEMIC PERFORMANCE",,"PARENTAL AND …","academia.edu","https://www.academia.edu/download/35413729/Chapter__Book-FGM.pdf#page=185","",424,"2021-07-17 18:35:28","PDF","","","",,,,,0,0.00,0,3,,"Page 185. In: Health Education ISBN: 978-1-62948-206-4 Editors: YB Larock and DC Gustave© 2014 Nova Science Publishers, Inc. Chapter 5 HEALTH HABITS AND PERCEPTION OF NOISE BY SPANISH SECONDARY-SCHOOL …","https://www.academia.edu/download/35413729/Chapter__Book-FGM.pdf#page=185","https://scholar.google.com/scholar?q=related:8uM1c8NBL1UJ:scholar.google.com/&scioq=%22waist+circumference%22+nigeria&hl=en&as_sdt=0,5&as_ylo=2013&as_yhi=2013&as_vis=1"
1,"KM O'Brien","Race and subtype differences in the replication of previously identified breast cancer susceptibility loci: A Bayesian approach",2013,"","cdr.lib.unc.edu","https://cdr.lib.unc.edu/concern/dissertations/9s161699w","https://scholar.google.com/scholar?cites=3797939332570224378&as_sdt=2005&sciodt=0,5&hl=en",425,"2021-07-17 18:35:28","","","","",,,,,1,0.13,1,1,8,"… UNC = University of North Carolina US = United States WHR = Waist to Hip Ratio YRI = HapMap population of Yorubans from Ibadan, Nigeria Page 18. 1. Specific Aims Although advances in breast cancer detection, prevention and treatment have helped …","https://cdr.lib.unc.edu/downloads/3x816n261","https://scholar.google.com/scholar?q=related:-hZVXLP9tDQJ:scholar.google.com/&scioq=%22waist+circumference%22+nigeria&hl=en&as_sdt=0,5&as_ylo=2013&as_yhi=2013&as_vis=1"
0,"SS WAKDOK","THE EFFECT OF MOBILE PHONE SHORT MESSAGE SERVICE (SMS) ON DRUG ADHERENCE AMONG ADULT HYPERTENSIVE PATIENTS ATTENDING …",2013,"Faculty of Family Medicine","dissertation.npmcn.edu.ng","http://dissertation.npmcn.edu.ng/index.php/FMCFM/article/download/285/1776","",426,"2021-07-17 18:35:28","PDF","","","",,,,,0,0.00,0,1,8,"… resource-poor developing countries like Nigeria.27 Studies have shown that in Nigeria and many sub Saharan countries, professional adherence to approved guidelines for diabetes care is poor. It also showed that Nigerians are at substantial risk of premature death and …","http://dissertation.npmcn.edu.ng/index.php/FMCFM/article/download/285/1776","https://scholar.google.com/scholar?q=related:H4ytB2MELwUJ:scholar.google.com/&scioq=%22waist+circumference%22+nigeria&hl=en&as_sdt=0,5&as_ylo=2013&as_yhi=2013&as_vis=1"
0,"E Tikkanen","Genetic risk profiles for coronary heart disease",2013,"","helda.helsinki.fi","https://helda.helsinki.fi/handle/10138/41578","",427,"2021-07-17 18:35:28","","","","",,,,,0,0.00,0,1,8,"… YFS The Cardiovascular Risk in Young Finns Study YRI Yoruba in Ibadan, Nigeria (HapMap population) Page 13. 13 … Abdominal obesity, measured by waist circumference or waist-to-hip ratio, has been found to increase the risk of diabetes and CHD over and above BMI …","https://helda.helsinki.fi/bitstream/handle/10138/41578/tikkanen_dissertation.pdf;sequence=1","https://scholar.google.com/scholar?q=related:yhK7kcr8OWkJ:scholar.google.com/&scioq=%22waist+circumference%22+nigeria&hl=en&as_sdt=0,5&as_ylo=2013&as_yhi=2013&as_vis=1"
0,"C Medina Garcia","Validity and Reliability of the International Physical Activity Questionnaire Among Mexican Adults",,"qspace.library.queensu.ca","","https://qspace.library.queensu.ca/handle/1974/7887","",428,"2021-07-17 18:35:28","","","","",,,,,0,0.00,0,1,,"… 2009;50(4):283-94. 15 . Oyeyemi AL, Oyeyemi AY, Adegoke BO, et al. The Short International Physical Activity Questionnaire: cross-cultural adaptation, validation and reliability of the Hausa language version in Nigeria. BMC Med Res Methodol. 2011;11:156. 16 …","https://qspace.library.queensu.ca/bitstream/handle/1974/7887/Medina_Catalina_201304_MSC.pdf?sequence=3","https://scholar.google.com/scholar?q=related:NqwrvZ99nGIJ:scholar.google.com/&scioq=%22waist+circumference%22+nigeria&hl=en&as_sdt=0,5&as_ylo=2013&as_yhi=2013&as_vis=1"
0,"حاجیان, کریم اله, قلی زاده پاشا،, عبدالرحیم…","رابطه بین چاقی و چاقی مرکزی با خطر بروز سرطان پستان در زنان قبل و بعد از یائسگی‎",,"مجله علمی دانشگاه علوم …, 2013‎","jbums.org","http://jbums.org/browse.php?a_code=A-10-1370-878&slc_lang=fa&sid=fa","",429,"2021-07-17 18:35:28","","","","",,,,,0,0.00,0,5,,"Page 1. Ë Í î É ‚'w Ÿ 'zwz ËŒ©†~ ◊‡Ω ·w“™›vô Ê÷åŸ ·ùflô ÿ„ô†›w~ Âùw⁄© I . Iv Ç™‰{Èôù ,.4- ‚î∆≠ I ,0(2 Ë“¶twÈ üv öæz fl '{… ¤w›ü ùô ¤wÑ¶~ ¤wµû• üflûz û∂ó wz Á†ÕûŸ Ë…wè fl Ë…wè ‹Íz ‚∂zvù ¤wÍãwì ‚'v ÿÈûÕ (PhD) ,% I …","http://jbums.org/files/site1/user_files_a248ba/aaarchive-A-10-1370-878-fc67240.pdf","https://scholar.google.com/scholar?q=related:7jGADBBY6PMJ:scholar.google.com/&scioq=%22waist+circumference%22+nigeria&hl=en&as_sdt=0,5&as_ylo=2013&as_yhi=2013&as_vis=1"
0,"CM Garcia","Validity and reliability of the international physical activity questionnaire among Mexican adults",2013,"","search.proquest.com","https://search.proquest.com/openview/1d09f3eb4f9c19701d7317d3415d91ad/1?pq-origsite=gscholar&cbl=18750","",430,"2021-07-17 18:35:28","","","","",,,,,0,0.00,0,1,8,"… 2009;50(4):283-94. 15 . Oyeyemi AL, Oyeyemi AY, Adegoke BO, et al. The Short International Physical Activity Questionnaire: cross-cultural adaptation, validation and reliability of the Hausa language version in Nigeria. BMC Med Res Methodol. 2011;11:156. 16 …","","https://scholar.google.com/scholar?q=related:fFsEQG8V81UJ:scholar.google.com/&scioq=%22waist+circumference%22+nigeria&hl=en&as_sdt=0,5&as_ylo=2013&as_yhi=2013&as_vis=1"
1,"PT Chimberengwa","Hypertension awareness, treatment and control at Vubachikwe Mine, Gwanda, Zimbabwe, 2013",2013,"","41.175.146.201","http://41.175.146.201/bitstream/handle/10646/1321/Chimberengwa.pdf?sequence=1&isAllowed=y","https://scholar.google.com/scholar?cites=3827102917926763727&as_sdt=2005&sciodt=0,5&hl=en",431,"2021-07-17 18:35:28","PDF","","","",,,,,1,0.13,1,1,8,"Page 1. Hypertension Awareness, Treatment and Control at Vubachikwe Mine, Gwanda, Zimbabwe, 2013 Pugie Tawanda Chimberengwa Dissertation Submitted in Partial Fulfillment of Master in Public Health Degree University of Zimbabwe Faculty of Health Sciences …","http://41.175.146.201/bitstream/handle/10646/1321/Chimberengwa.pdf?sequence=1&isAllowed=y","https://scholar.google.com/scholar?q=related:z7zitdOZHDUJ:scholar.google.com/&scioq=%22waist+circumference%22+nigeria&hl=en&as_sdt=0,5&as_ylo=2013&as_yhi=2013&as_vis=1"
2,"MB Yakass","Possible Causes of Infertility in Patients Visiting an IVF Clinic and the Use of Basal Gonadotrophins as Predictive Markers of Ovarian Response in IVF Clients",2013,"","ir.knust.edu.gh","http://ir.knust.edu.gh/handle/123456789/5365","https://scholar.google.com/scholar?cites=13291367896155507286&as_sdt=2005&sciodt=0,5&hl=en",432,"2021-07-17 18:35:28","","","","",,,,,2,0.25,2,1,8,"… (Larsen et al., 2006). In Nigeria, secondary infertility predominated (78.3%) according to one report (Olatunji and Sule-Odu., 2003) and primary infertility (65.0%) in another … (Larsen et al., 2006). Olatunji and Sule-Odu reported that in Nigeria, the male factor …","http://ir.knust.edu.gh/bitstream/123456789/5365/1/MICHAEL%20BRIGHT%20YAKASS.pdf","https://scholar.google.com/scholar?q=related:VkphTa5sdLgJ:scholar.google.com/&scioq=%22waist+circumference%22+nigeria&hl=en&as_sdt=0,5&as_ylo=2013&as_yhi=2013&as_vis=1"
219,"L Ellis, S Hershberger, E Field, S Wersinger, S Pellis…","Sex differences: Summarizing more than a century of scientific research",2013,"","taylorfrancis.com","https://www.taylorfrancis.com/books/mono/10.4324/9780203838051/sex-differences-lee-ellis-scott-hershberger-evelyn-field-scott-wersinger-sergio-pellis-david-geary-craig-palmer-katherine-hoyenga-amir-hetsroni-kazmer-karadi","https://scholar.google.com/scholar?cites=3994539715829967404&as_sdt=2005&sciodt=0,5&hl=en",433,"2021-07-17 18:35:28","BOOK","","","",,,,,219,27.38,37,6,8,"Page 1. SEX DIFFERENCES SUMMARIZING MORE THAN A CENTURY OF SCIENTIFIC RESEARCH Lee Ellis ♦ Scott Hershberger ♦ Evelyn Field ♦ Scott Wersinger Sergio Pellis ♦ David Geary ♦ Craig Palmer Katherine Hoyenga ♦ Amir Hetsroni ♦ Kazmer Karadi Page 2 …","https://beel.la.psu.edu/documents/wolff_09_sexdiff.pdf","https://scholar.google.com/scholar?q=related:LCo8I7V0bzcJ:scholar.google.com/&scioq=%22waist+circumference%22+nigeria&hl=en&as_sdt=0,5&as_ylo=2013&as_yhi=2013&as_vis=1"
0,"D Jaiganesh","A Cross Sectional study on the Prevalence of Health Problems Among Inmates of Old Age Homes in North Zone of Chennai, 2012.",2013,"","repository-tnmgrmu.ac.in","http://repository-tnmgrmu.ac.in/id/eprint/1041","",434,"2021-07-17 18:35:28","","","","",,,,,0,0.00,0,1,8,"Page 1. A CROSS-SECTIONAL STUDY ON THE PREVALENCE OF HEALTH PROBLEMS AMONG INMATES OF OLD AGE HOMES IN NORTH ZONE OF CHENNAI - 2012. Dissertation submitted to THE TAMILNADU DR. MGR MEDICAL UNIVERSITY …","http://repository-tnmgrmu.ac.in/1041/1/201500113jaiganesh.pdf","https://scholar.google.com/scholar?q=related:-uXEMuJLEtIJ:scholar.google.com/&scioq=%22waist+circumference%22+nigeria&hl=en&as_sdt=0,5&as_ylo=2013&as_yhi=2013&as_vis=1"
0,"SA Carson","Statures, BMIs, and Weight: A Reassessment",2013,"","papers.ssrn.com","https://papers.ssrn.com/sol3/papers.cfm?abstract_id=2378291","",435,"2021-07-17 18:35:28","","","","",,,,,0,0.00,0,1,8,"Page 1. Statures, BMIs, and Weight: A Reassessment Scott Alan Carson CESIFO WORKING PAPER NO. 4540 CATEGORY 4: LABOUR MARKETS DECEMBER 2013 An electronic version of the paper may be downloaded • from …","https://www.econstor.eu/bitstream/10419/89654/1/cesifo_wp4540.pdf","https://scholar.google.com/scholar?q=related:2J8Pqu2p8qUJ:scholar.google.com/&scioq=%22waist+circumference%22+nigeria&hl=en&as_sdt=0,5&as_ylo=2013&as_yhi=2013&as_vis=1"
2,"ME Castillo Retamal","Teachers' workplace: physical activity and sedentary behaviour",2013,"","orapp.aut.ac.nz","http://orapp.aut.ac.nz/handle/10292/6142","https://scholar.google.com/scholar?cites=10960389911465574205&as_sdt=2005&sciodt=0,5&hl=en",436,"2021-07-17 18:35:28","","","","",,,,,2,0.25,2,1,8,"Page 1. TEACHERS' WORKPLACE: PHYSICAL ACTIVITY AND SEDENTARY BEHAVIOUR Marcelo E. Castillo Retamal A thesis submitted to the Auckland University of Technology in fulfilment of the degree of Doctor of Philosophy School of Sport and Recreation …","http://orapp.aut.ac.nz/bitstream/handle/10292/6142/RetamalC.pdf?sequence=3&isAllowed=y","https://scholar.google.com/scholar?q=related:PT-uyI0gG5gJ:scholar.google.com/&scioq=%22waist+circumference%22+nigeria&hl=en&as_sdt=0,5&as_ylo=2013&as_yhi=2013&as_vis=1"
18,"JR Speakman","Sex-and age-related mortality profiles during famine: testing the 'body fat'hypothesis",2013,"Journal of biosocial science","cambridge.org","https://www.cambridge.org/core/journals/journal-of-biosocial-science/article/sex-and-agerelated-mortality-profiles-during-famine-testing-the-body-fat-hypothesis/A409DECD25516115F91DCF7115ADDE62","https://scholar.google.com/scholar?cites=17600012771860646910&as_sdt=2005&sciodt=0,5&hl=en",437,"2021-07-17 18:35:28","","","","",,,,,18,2.25,18,1,8,"… Mali 171.30 160.40 1.068 Mexico 167.00 155.00 1.077 Netherlands 184.80 168.70 1.095 New Zealand 177.00 165.00 1.073 Nigeria 163.80 157.80 1.038 Norway 179.90 167.20 1.076 Philippines 163.50 151.80 1.077 Singapore 170.60 160.00 1.066 …","https://www.abdn.ac.uk/energetics-research/publications/pdf_docs/359.pdf","https://scholar.google.com/scholar?q=related:_osX_V3OP_QJ:scholar.google.com/&scioq=%22waist+circumference%22+nigeria&hl=en&as_sdt=0,5&as_ylo=2013&as_yhi=2013&as_vis=1"
0,"OO ADEKO","PROFILE OF ANKLE BRACHIAL INDEX AMONG ADULT PATIENTS ATTENDING GENERAL OUT-PATIENTS'CLINIC OF OLABISI ONABANJO UNIVERSITY …",2013,"Faculty of Family Medicine","dissertation.npmcn.edu.ng","http://dissertation.npmcn.edu.ng/index.php/FMCFM/article/download/262/1799","",438,"2021-07-17 18:35:28","PDF","","","",,,,,0,0.00,0,1,8,"… A DISSERTATION SUBMITTED TO THE NATIONAL POSTGRADUATE MEDICAL COLLEGE OF NIGERIA IN PARTIAL … Despite these enormous benefits of ABI, there is paucity of data regarding its use in clinical practice in Nigeria hence the need for this study …","http://dissertation.npmcn.edu.ng/index.php/FMCFM/article/download/262/1799","https://scholar.google.com/scholar?q=related:WvyGFYJrXqIJ:scholar.google.com/&scioq=%22waist+circumference%22+nigeria&hl=en&as_sdt=0,5&as_ylo=2013&as_yhi=2013&as_vis=1"
4,"PA de Oliveira Morais, MGB Dantas…","Métodos indiretos para mensuração da gordura corporal em adolescentes escolares",2013,"Revista Brasileira em …","redalyc.org","https://www.redalyc.org/pdf/408/40829885015.pdf","https://scholar.google.com/scholar?cites=8575986995873529085&as_sdt=2005&sciodt=0,5&hl=en",439,"2021-07-17 18:35:28","PDF","","","",,,,,4,0.50,1,3,8,"… Obesity in young-adult Nigerians: variations in prevalence determined by anthropometry and bioelectrical impedance analysis, and the development … Relationship of body mass index to percent body fat and waist circumference among schoolchildren in Japan – the influence of …","https://www.redalyc.org/pdf/408/40829885015.pdf","https://scholar.google.com/scholar?q=related:_TxpN7wGBHcJ:scholar.google.com/&scioq=%22waist+circumference%22+nigeria&hl=en&as_sdt=0,5&as_ylo=2013&as_yhi=2013&as_vis=1"
17,"ML Corrigan","Handbook of clinical nutrition and stroke.",2013,"","Springer","https://link.springer.com/content/pdf/10.1007/978-1-62703-380-0.pdf","https://scholar.google.com/scholar?cites=13325139426041874942&as_sdt=2005&sciodt=0,5&hl=en",440,"2021-07-17 18:35:28","BOOK","10.1007/978-1-62703-380-0","","",,,,,17,2.13,17,1,8,"… diabetes, hypertension, and dyslipidemia. Thus assessment of abdominal obesity by means of waist circumference and body mass index (BMI) should be used to describe the type of obesity seen in the patient. This important chapter …","https://media.hugendubel.de/shop/coverscans/207PDF/20777994_lprob_1.pdf","https://scholar.google.com/scholar?q=related:_knHV7Vn7LgJ:scholar.google.com/&scioq=%22waist+circumference%22+nigeria&hl=en&as_sdt=0,5&as_ylo=2013&as_yhi=2013&as_vis=1"
6,"RP Anjani, A Kartini","Perbedaan Pengetahuan Gizi, Sikap dan Asupan Zat Gizi pada Dewasa Awal (Mahasiswi LPP Graha Wisata dan Sastra Inggris Universitas Diponegoro Semarang)",2013,"","eprints.undip.ac.id","http://eprints.undip.ac.id/41457/","https://scholar.google.com/scholar?cites=11347662505312576370&as_sdt=2005&sciodt=0,5&hl=en",441,"2021-07-17 18:35:28","","","","",,,,,6,0.75,3,2,8,"Page 1. PERBEDAAN PENGETAH ZAT ( Studi Kasus pada mahasiswi Lem mahasiswi Program Studi Sas disusun s studi pada Progra PROGRAM STUDI ILMU RBEDAAN PENGETAHUAN GIZI, SIKAP DAN ASUPAN ZAT GIZI PADA DEWASA AWAL …","http://eprints.undip.ac.id/41457/1/522_RIZKI_PUTRI_ANJANI_G2C006051.pdf","https://scholar.google.com/scholar?q=related:cuMsFO3-ep0J:scholar.google.com/&scioq=%22waist+circumference%22+nigeria&hl=en&as_sdt=0,5&as_ylo=2013&as_yhi=2013&as_vis=1"
0,"SAC Kock","Physical Activity and Other Selected Health Promoting Behaviours of University Students Living with HIV",2013,"","core.ac.uk","https://core.ac.uk/download/pdf/145053306.pdf","",442,"2021-07-17 18:35:28","PDF","","","",,,,,0,0.00,0,1,8,"Page 1. PHYSICAL ACTIVITY AND OTHER SELECTED HEALTH PROMOTING BEHAVIOURS OF UNIVERSITY STUDENTS LIVING WITH HIV By Sue-Anne Claire Kock Submitted in fulfilment of the requirements for the degree of Magister Artium …","https://core.ac.uk/download/pdf/145053306.pdf","https://scholar.google.com/scholar?q=related:KZpMICuLb-kJ:scholar.google.com/&scioq=%22waist+circumference%22+nigeria&hl=en&as_sdt=0,5&as_ylo=2013&as_yhi=2013&as_vis=1"
0,"O AGOFURE","HEALTH SEEKING BEHAVIOUR AND PATTERN OF ADHERENCE TO TREATMENT AMONG PATIENTS WITH TYPE-2 DIABETES MELLITUS IN CENTRAL …",2013,"","ir.library.ui.edu.ng","http://ir.library.ui.edu.ng/handle/123456789/760","",443,"2021-07-17 18:35:28","","","","",,,,,0,0.00,0,1,8,"… Promotion and Education, Faculty of Public Health, College of Medicine, University of Ibadan, Ibadan, Nigeria. ---- SUPERVISOR … Faculty of Public Health, College of Medicine University of Ibadan, Ibadan, Nigeria Page 7. vii …","http://ir.library.ui.edu.ng/bitstream/123456789/760/1/AGOFURE%20OTOVWE.pdf","https://scholar.google.com/scholar?q=related:b-hy7Nd3OZ4J:scholar.google.com/&scioq=%22waist+circumference%22+nigeria&hl=en&as_sdt=0,5&as_ylo=2013&as_yhi=2013&as_vis=1"
29,"CM Smuts, P Wolmarans","The importance of the quality or type of fat in the diet: a food-based dietary guideline for South Africa",2013,"South African journal of clinical nutrition","ajol.info","https://www.ajol.info/index.php/sajcn/article/view/97820","https://scholar.google.com/scholar?cites=3945729891471188340&as_sdt=2005&sciodt=0,5&hl=en",444,"2021-07-17 18:35:28","","","","",,,,,29,3.63,15,2,8,"Page 1. Food-Based Dietary Guidelines for South Africa: The new food-based dietary guideline for fat intake S87 2013;26(3)(Supplement) S Afr J Clin Nutr Introduction The original South African food-based dietary guideline (FBDG) for fat intake reads: “Eat fats sparingly” …","https://www.ajol.info/index.php/sajcn/article/view/97820/87120","https://scholar.google.com/scholar?q=related:dOHHUG4MwjYJ:scholar.google.com/&scioq=%22waist+circumference%22+nigeria&hl=en&as_sdt=0,5&as_ylo=2013&as_yhi=2013&as_vis=1"
0,"YG Herawati","KORELASI BODY MASS INDEX TERHADAP RASIO KADAR KOLESTEROL TOTAL/HDL PADA MAHASISWA MAHASISWI KAMPUS III UNIVERSITAS SANATA …",,"repository.usd.ac.id","","https://repository.usd.ac.id/5239/2/098114024_Full.pdf","",445,"2021-07-17 18:35:28","PDF","","","",,,,,0,0.00,0,1,,"… 0,455; p=0,000). b. “Relation of Body Mass Index with Lipid Profile and Blood Pressure in Healthy Female of Lower Socioeconomic Group in Kaduna Northern Nigeria” … Penelitian yang dilakukan di Nigeria pada 52 wanita mendapatkan hasil bahwa …","https://repository.usd.ac.id/5239/2/098114024_Full.pdf","https://scholar.google.com/scholar?q=related:iyWfyvex-jAJ:scholar.google.com/&scioq=%22waist+circumference%22+nigeria&hl=en&as_sdt=0,5&as_ylo=2013&as_yhi=2013&as_vis=1"
0,"JA Omand","Predictors of 25-hydroxyvitamin D Serum Concentrations among Non-western Immigrant Preschool Children",2013,"","tspace.library.utoronto.ca","https://tspace.library.utoronto.ca/handle/1807/35132","",446,"2021-07-17 18:35:28","","","","",,,,,0,0.00,0,1,8,"Page 1. PREDICTORS OF 25-HYDROXYVITAMIN D SERUM CONCENTRATIONS AMONG NON-WESTERN IMMIGRANT PRESCHOOL CHILDREN by Jessica Ann Omand A thesis submitted in conformity with the requirements for the degree of Master of Science …","https://tspace.library.utoronto.ca/bitstream/1807/35132/3/Omand_Jessica_A_201303_MSc_Thesis.pdf","https://scholar.google.com/scholar?q=related:YanwFCa6nS8J:scholar.google.com/&scioq=%22waist+circumference%22+nigeria&hl=en&as_sdt=0,5&as_ylo=2013&as_yhi=2013&as_vis=1"
0,"DNM Osakunor","Haemato-Biochemical Parameters of Women Presenting With Primary Postpartum Haemorrhage (PPH) at the Komfo Anokye Teaching Hospital",2013,"","ir.knust.edu.gh","http://ir.knust.edu.gh/handle/123456789/5342","",447,"2021-07-17 18:35:28","","","","",,,,,0,0.00,0,1,8,"Page 1. i HAEMATO-BIOCHEMICAL PARAMETERS OF WOMEN PRESENTING WITH PRIMARY POSTPARTUM HAEMORRHAGE (PPH) AT THE KOMFO ANOKYE TEACHING HOSPITAL A THESIS SUBMITTED IN FULFILLMENT …","http://ir.knust.edu.gh/bitstream/123456789/5342/1/DERICK%20NII%20MENSAH%20OSAKUNOR.pdf","https://scholar.google.com/scholar?q=related:hWcBcC2vweIJ:scholar.google.com/&scioq=%22waist+circumference%22+nigeria&hl=en&as_sdt=0,5&as_ylo=2013&as_yhi=2013&as_vis=1"
0,"ALV Menna Barreto","Sintomas vasomotores e associação entre adipocinas séricas (adiponectina e PAI-1), moléculas de adesão (ICAM-1 E VCAM-1) e estado nutricional de mulheres peri …",2013,"","lume.ufrgs.br","https://www.lume.ufrgs.br/handle/10183/88430","",448,"2021-07-17 18:35:28","","","","",,,,,0,0.00,0,1,8,"Page 1. UNIVERSIDADE FEDERAL DO RIO GRANDE DO SUL FACULDADE DE MEDICINA PROGRAMA DE PÓS GRADUAÇÃO EM MEDICINA: CIÊNCIAS MÉDICAS SINTOMAS VASOMOTORES E ASSOCIAÇÃO ENTRE ADIPOCINAS SÉRICAS …","https://www.lume.ufrgs.br/bitstream/handle/10183/88430/000912532.pdf?sequence=1","https://scholar.google.com/scholar?q=related:w-wnp1vChAsJ:scholar.google.com/&scioq=%22waist+circumference%22+nigeria&hl=en&as_sdt=0,5&as_ylo=2013&as_yhi=2013&as_vis=1"
0,"C Van Dorsten","A training program for care givers of underweight children in South African schools",2013,"","repository.up.ac.za","https://repository.up.ac.za/handle/2263/24418","",449,"2021-07-17 18:35:28","","","","",,,,,0,0.00,0,1,8,"Page 1. i A TRAINING PROGRAM FOR CARE GIVERS OF UNDERWEIGHT CHILDREN IN SOUTH AFRICAN SCHOOLS by Carin van Dorsten (87349842) Submitted in fulfillment of the requirements for the degree MAGISTER ARTIUM (Human Movement Sciences) …","https://repository.up.ac.za/bitstream/handle/2263/24418/dissertation.pdf?sequence=2",""
0,"AR Adedeji, JD Tumbo","The adherence of doctors to clinical management guidelines of Hypertension in district hospitals in Bojanala district of Northwest Province of South Africa",2013,"","repository.smu.ac.za","https://repository.smu.ac.za/handle/20.500.12308/89","",450,"2021-07-17 18:35:28","","","","",,,,,0,0.00,0,2,8,"Page 1. The Adherence of Doctors to Clinical Management Guidelines of Hypertension in District Hospitals in Bojanala District of Northwest Province of South Africa Final dissertation submitted as part of the conditions for the …","https://repository.smu.ac.za/xmlui/bitstream/handle/20.500.12308/89/ARAdedejiDissertation.pdf?sequence=1",""
0,"KK Barth","The effects of media messages on body image satisfaction in introverted and extroverted women",2013,"","search.proquest.com","https://search.proquest.com/openview/555684ecc5c8ef6110cfa3252c10c2de/1?pq-origsite=gscholar&cbl=18750","",451,"2021-07-17 18:35:28","","","","",,,,,0,0.00,0,1,8,"… populations ranging from maladjustment in college students to premenstrual dysmorphic disorder in Nigerian women (Adewuya, Loto, & Adewumi, 2008; Arogundade, & Akpa, 2009) … Height 5' 3” 5'9” Waist Circumference 37” 23-25” US Clothing Size 14 Size 2-4 …","","https://scholar.google.com/scholar?q=related:TqHpmPxa6iAJ:scholar.google.com/&scioq=%22waist+circumference%22+nigeria&hl=en&as_sdt=0,5&as_ylo=2013&as_yhi=2013&as_vis=1"
20,"K Yayehd, F Damorou, R Akakpo, T Tchérou…","Prévalence de l'hypertension artérielle et description de ses facteurs de risque à Lomé (Togo): résultats d'un dépistage réalisé dans la population générale en mai …",2013,"Annales de Cardiologie …","Elsevier","https://www.sciencedirect.com/science/article/pii/S0003392812001412","https://scholar.google.com/scholar?cites=4299435252973123208&as_sdt=2005&sciodt=0,5&hl=en",452,"2021-07-17 18:35:28","","","","",,,,,20,2.50,4,5,8,"… Blood pressure was positively correlated to the age (SBP: r = +0.46; P = 0.001; DBP: r = +0.36; P < 0.001), the body mass index (SBP: r = +0.7; P < 0.001; DBP: r = +0.89; P < 0.001) and waist circumference (SBP: r = +0.28; P < 0.001; DBP: r = +0.3; P < 0.001) …","","https://scholar.google.com/scholar?q=related:iDZBTJWpqjsJ:scholar.google.com/&scioq=%22waist+circumference%22+nigeria&hl=en&as_sdt=0,5&as_ylo=2013&as_yhi=2013&as_vis=1"
0,"BL Rayner","Investigation of the ethnic differences and genetics of salt sensivity and salt-sensitive hypertension in South Africa",2013,"","open.uct.ac.za","https://open.uct.ac.za/bitstream/handle/11427/3102/thesis_hsf_2013_rayner_bl.pdf?sequence=1","",453,"2021-07-17 18:35:28","PDF","","","",,,,,0,0.00,0,1,8,"… polymorphisms in candidate genes comprising the RAAS. Polymorphisms in angiotensinogen (AGT) have been associated with angiotensinogen expression in Nigerians, but not hypertension (Rotimi et al. 1994). Tiago et al. (2002) …","https://open.uct.ac.za/bitstream/handle/11427/3102/thesis_hsf_2013_rayner_bl.pdf?sequence=1","https://scholar.google.com/scholar?q=related:mAvlZtKfyfAJ:scholar.google.com/&scioq=%22waist+circumference%22+nigeria&hl=en&as_sdt=0,5&as_ylo=2013&as_yhi=2013&as_vis=1"
0,"ML de Oliveira Bezerra, C Soares…","HIPERTENSÃO EM CRIANÇAS E ADOLESCENTES: REVISÃO SISTEMÁTICA SOBRE PREVALÊNCIA E FATORES DE RISCO.",2013,"Journal of Nursing …","search.ebscohost.com","http://search.ebscohost.com/login.aspx?direct=true&profile=ehost&scope=site&authtype=crawler&jrnl=19818963&AN=90535724&h=JeWXvOznJTUA0qXm7tBTHUezVLpvcjZ%2F53W6wAOD9k9G99jvkY7Q3n4q3bJCRBMUxjF%2FBuoQ5IwRKk1RNAjZxQ%3D%3D&crl=c","",454,"2021-07-17 18:35:28","","","","",,,,,0,0.00,0,3,8,"Page 1. Bezerra MLO, Soares PFC, Leite ES et al. Hipertensão em crianças e adolescentes: revisão... Português/Inglês Rev enferm UFPE on line., Recife, 7(8):5313-22, ago., 2013 5313 DOI: 10.5205/reuol.3452-28790-4-ED.0708201332 ISSN: 1981-8963 …","https://periodicos.ufpe.br/revistas/revistaenfermagem/article/viewFile/11808/14195","https://scholar.google.com/scholar?q=related:ZBOCww_52hUJ:scholar.google.com/&scioq=%22waist+circumference%22+nigeria&hl=en&as_sdt=0,5&as_ylo=2013&as_yhi=2013&as_vis=1"
0,"NJ Taylor","Common genetic variation in cell cycle regulatory genes and etiology of intrinsic breast cancer subtype: A candidate gene approach",2013,"","search.proquest.com","https://search.proquest.com/openview/4775c2cd777ac3f856e78720ec1f6fb8/1?pq-origsite=gscholar&cbl=18750","",455,"2021-07-17 18:35:28","","","","",,,,,0,0.00,0,1,8,"… UNC – University of North Carolina at Chapel Hill YRI – Individuals of Yoruban descent from Idaban, Nigeria, genotyped in the International HapMap Project Page 18. 1 … quintiles of both waist circumference and hip circumference after adjusting for BMI …","https://cdr.lib.unc.edu/downloads/1c18dh447","https://scholar.google.com/scholar?q=related:QSZJycMecsAJ:scholar.google.com/&scioq=%22waist+circumference%22+nigeria&hl=en&as_sdt=0,5&as_ylo=2013&as_yhi=2013&as_vis=1"
0,"B Gelaye","Diagnostic Validity of Patient Health Questionnaire-9 and Composite International Diagnostic Interview Assessment Scales for Depression in East Africa",2013,"","digital.lib.washington.edu","https://digital.lib.washington.edu/researchworks/handle/1773/22822","",456,"2021-07-17 18:35:28","","","","",,,,,0,0.00,0,1,8,"… Saharan African context [26]. Okulate et al in their study among Nigerian military personnel evaluated somatic symptoms with diagnosis of depression using PHQ-9 applying a principal component analysis [26]. The authors noted that somatic symptoms were ubiquitous among …","https://digital.lib.washington.edu/researchworks/bitstream/handle/1773/22822/Gelaye_washington_0250E_11417.pdf?sequence=1&isAllowed=n","https://scholar.google.com/scholar?q=related:Ansg22iugaEJ:scholar.google.com/&scioq=%22waist+circumference%22+nigeria&hl=en&as_sdt=0,5&as_ylo=2013&as_yhi=2013&as_vis=1"
0,"DV Zhernakova, E de Klerk, HJ Westra, A Mastrokolias…","DeepSAGE Reveals Genetic Variants Associated with Alternative",2013,"","academia.edu","https://www.academia.edu/download/48722641/DeepSAGE_Reveals_Genetic_Variants_Associ20160910-3591-ru1n3c.pdf","",457,"2021-07-17 18:35:28","PDF","","","",,,,,0,0.00,0,5,8,"Page 1. DeepSAGE Reveals Genetic Variants Associated with Alternative Polyadenylation and Expression of Coding and Non-coding Transcripts Daria V. Zhernakova1, Eleonora de Klerk2., Harm-Jan Westra1., Anastasios …","https://www.academia.edu/download/48722641/DeepSAGE_Reveals_Genetic_Variants_Associ20160910-3591-ru1n3c.pdf","https://scholar.google.com/scholar?q=related:L3Wzayxc14sJ:scholar.google.com/&scioq=%22waist+circumference%22+nigeria&hl=en&as_sdt=0,5&as_ylo=2013&as_yhi=2013&as_vis=1"
0,"Academy of Science of South Africa","Proceedings report Changing patterns of Non-Communicable Diseases",2013,"","research.assaf.org.za","https://research.assaf.org.za/handle/20.500.11911/53","",458,"2021-07-17 18:35:28","","","","",,,,,0,0.00,0,1,8,"… 91 Session Eight: Response of Health Systems to NCDs: Challenges and the RSA Nutrition Survey Results (Facilitator: Dr Oladoyin Odubanjo, Nigerian Academy of Science, Nigeria) ....94 Integrating Prevention and Treatment for NCDs …","https://research.assaf.org.za/bitstream/handle/20.500.11911/53/2013_ASSAf_ProceedingsreportChangingPatternsofNon-CommunicableDiseases..pdf?sequence=1&isAllowed=y",""
1,"WŞ Babakus","A mixed-methods examination of physical activity and sedentary time among South Asian women in the United Kingdom",2013,"","etheses.bham.ac.uk","http://etheses.bham.ac.uk/id/eprint/4612/","https://scholar.google.com/scholar?cites=10780397791193999836&as_sdt=2005&sciodt=0,5&hl=en",459,"2021-07-17 18:35:28","","","","",,,,,1,0.13,1,1,8,"… Table 5.2: Comparisons of physical activity and sedentary time by age, language ability, BMI category, and waist circumference……………126 Table 5.3: Multiple regression models for sedentary time……………129 …","http://etheses.bham.ac.uk/id/eprint/4612/1/Babakus13PhD.pdf","https://scholar.google.com/scholar?q=related:3CmGkayqm5UJ:scholar.google.com/&scioq=%22waist+circumference%22+nigeria&hl=en&as_sdt=0,5&as_ylo=2013&as_yhi=2013&as_vis=1"
6,"AD Anggraini, EA Murbawani","Pengaruh Konsumsi Minuman Madu Terhadap Kadar Glukosa Darah Atlet Sepak Bola Remaja Selama Simulasi Pertandingan",2013,"","eprints.undip.ac.id","http://eprints.undip.ac.id/41536/","https://scholar.google.com/scholar?cites=7260088207756327613&as_sdt=2005&sciodt=0,5&hl=en",460,"2021-07-17 18:35:28","","","","",,,,,6,0.75,3,2,8,"Page 1. 1 PENGARUH KONSUMSI MINUMAN MADU TERHADAP KADAR GLUKOSA DARAH ATLET SEPAK BOLA REMAJA SELAMA SIMULASI PERTANDINGAN Artikel Penelitian disusun sebagai salah satu syarat untuk menyelesaikan …","http://eprints.undip.ac.id/41536/1/525_AGUSTYA_DEWI_ANGGRAINI_G2C007002.pdf","https://scholar.google.com/scholar?q=related:vXpRZcIDwWQJ:scholar.google.com/&scioq=%22waist+circumference%22+nigeria&hl=en&as_sdt=0,5&as_ylo=2013&as_yhi=2013&as_vis=1"
0,"EY Ayesu","Prevalence, Perception And Sociodemographic Determinants Of Overweight And Obesity Among Ghanaian Women",2013,"","ugspace.ug.edu.gh","http://ugspace.ug.edu.gh/handle/123456789/23707","",461,"2021-07-17 18:35:28","","","","",,,,,0,0.00,0,1,8,"… increase in overweight and obesity per year between 1992 and 2005 (Ziraba et al., 2009). Also, abdominal obesity was almost six times higher among female than male adults in Nigeria (Amole et al., 2011). Combined prevalence of overweight and obesity was 43.3 …","http://ugspace.ug.edu.gh/bitstream/handle/123456789/23707/Prevalence%2C%20Perception%20and%20Sociodemographic%20Determinants%20of%20Overweight%20and%20Obesity%20Among%20Ghanaian%20Women.pdf?sequence=1&isAllowed=y","https://scholar.google.com/scholar?q=related:WlSHM65RdCIJ:scholar.google.com/&scioq=%22waist+circumference%22+nigeria&hl=en&as_sdt=0,5&as_ylo=2013&as_yhi=2013&as_vis=1"
0,"C ORGANISERS","7th Congress of the African League of Associations for Rheumatology (AFLAR) & 23rd Congress of the South African Rheumatism and Arthritis Association (SARAA)",2013,"Clin Rheumatol","Springer","https://link.springer.com/content/pdf/10.1007/s10067-013-2314-3.pdf","",462,"2021-07-17 18:35:28","","10.1007/s10067-013-2314-3","","",,,,,0,0.00,0,1,8,"Page 1. Proceedings of the AFLAR & SARAA CONGRESS 2013 7th Congress of the African League of Associations for Rheumatology (AFLAR) & 23rd Congress of the South African Rheumatism and Arthritis Association (SARAA) …","https://www.researchgate.net/profile/Courage-Uhunmwangho/publication/296371448_Soft_Tissue_Rheumatism_STR_in_a_Nigerian_Clinic/links/60a56094a6fdcc3f30eed93c/Soft-Tissue-Rheumatism-STR-in-a-Nigerian-Clinic.pdf",""
0,"DH Farboua","Evaluating the Role of Diet, Life Style, and Leptin Receptor (LEPR) Gln223Arg Gene Polymorphism as Risk Factors for Obesity among Secondary School Girls in …",2013,"","iugspace.iugaza.edu.ps","https://iugspace.iugaza.edu.ps/handle/20.500.12358/21687","",463,"2021-07-17 18:35:28","","","","",,,,,0,0.00,0,1,8,"Page 1. تيهلاسلإا تعهاجلا – ةزغ Islamic university-Gaza ايلعلا ثاسارذلا ةداوع Deanery oh higher education تيتايحلا مولعلا ريتسجاه Master of biological sciences ىاويحلا نلع Zoolog Evaluating the role of Diet ,Life style , and Leptin receptor (LEPR) …","https://iugspace.iugaza.edu.ps/bitstream/handle/20.500.12358/21687/file_1.pdf?sequence=1&isAllowed=y","https://scholar.google.com/scholar?q=related:04O2Ka-kb_8J:scholar.google.com/&scioq=%22waist+circumference%22+nigeria&hl=en&as_sdt=0,5&as_ylo=2013&as_yhi=2013&as_vis=1"
0,"VLAD da Silva","Contributo para o estudo do consumo alimentar de adultos de Maputo com enfoque nos teores de sódio",2013,"","repositorio-aberto.up.pt","https://repositorio-aberto.up.pt/bitstream/10216/71169/2/24473.pdf","",464,"2021-07-17 18:35:28","PDF","","","",,,,,0,0.00,0,1,8,"Page 1. Contributo para o estudo do consumo alimentar de adultos de Maputo com enfoque nos teores de sódio Vânia Silva Dissertação de Mestrado apresentada à Faculdade de Ciências da Universidade do Porto e Faculdade …","https://repositorio-aberto.up.pt/bitstream/10216/71169/2/24473.pdf","https://scholar.google.com/scholar?q=related:QpPWNZad2S0J:scholar.google.com/&scioq=%22waist+circumference%22+nigeria&hl=en&as_sdt=0,5&as_ylo=2013&as_yhi=2013&as_vis=1"
4,"I Shemilt, GJ Hollands, TM Marteau, SA Jebb, MP Kelly…","Effects of changes in the economic environment on diet-and physical activity related behaviours and corollary outcomes: a large-scale scoping review.",2013,"","repository.cam.ac.uk","https://www.repository.cam.ac.uk/handle/1810/245109","https://scholar.google.com/scholar?cites=9396265102215258460&as_sdt=2005&sciodt=0,5&hl=en",465,"2021-07-17 18:35:28","","","","",,,,,4,0.50,1,6,8,"Page 1. April 2013 *Contact author: theresa.marteau@medschl.cam.ac.uk Effects of changes in the economic environment on diet- and physical activity- related behaviours and corollary outcomes: a large-scale scoping review …","https://www.repository.cam.ac.uk/bitstream/handle/1810/245109/BHRU%20Economic%20Environment%20Scoping%20Review%20Report_FINAL_04-2013.pdf;sequence=1","https://scholar.google.com/scholar?q=related:XKHwsFM9ZoIJ:scholar.google.com/&scioq=%22waist+circumference%22+nigeria&hl=en&as_sdt=0,5&as_ylo=2013&as_yhi=2013&as_vis=1"
0,"AM Altaher","ميحرلا نمحرلا للها مسب‎",2013,"","cst-kh.edu.ps","http://cst-kh.edu.ps/fsc1/images/file/4/02.pdf","",466,"2021-07-17 18:35:28","PDF","","","",,,,,0,0.00,0,1,8,"Page 1. ميحرلا نمحرلا للها مسب Variations in Lipid Profile Levels during Ramadan Fasting among Type2 Diabetes Mellitus Patients in Gaza City ىدل ناضمر رهش مايص ءانثأ مدلا نوهد تايوتسم يف تاريغتلا ةزغ ةنيدم يف يناثلا عونلا ركسلا ىضرم Akram M . Altaher … ‎","http://cst-kh.edu.ps/fsc1/images/file/4/02.pdf","https://scholar.google.com/scholar?q=related:kTxYlH71qa8J:scholar.google.com/&scioq=%22waist+circumference%22+nigeria&hl=en&as_sdt=0,5&as_ylo=2013&as_yhi=2013&as_vis=1"
0,"L Pagani","Through the layers of the Ethiopian genome: A survey of human genetic variation based on genome-wide genotyping and re-sequencing data",2013,"","aspace.repository.cam.ac.uk","https://aspace.repository.cam.ac.uk/handle/1810/251330","",467,"2021-07-17 18:35:28","","","","",,,,,0,0.00,0,1,8,"Page 1. “Through the layers of the Ethiopian genome: A survey of human genetic variation based on genome-wide genotyping and re-sequencing data” Luca Pagani Emmanuel College This dissertation is submitted for the degree of Doctor of Philosophy …","https://aspace.repository.cam.ac.uk/bitstream/handle/1810/251330/Pagani_PhDThesis_FINAL_withGapsForPDFs_afterViva.pdf?sequence=1&isAllowed=y","https://scholar.google.com/scholar?q=related:rJC5eATlPfIJ:scholar.google.com/&scioq=%22waist+circumference%22+nigeria&hl=en&as_sdt=0,5&as_ylo=2013&as_yhi=2013&as_vis=1"
6,"E Kayitesi","Micronisation of cowpeas: The effects on sensory quality, phenolic compounds and bioactive properties",2013,"","repository.up.ac.za","https://repository.up.ac.za/handle/2263/32972","https://scholar.google.com/scholar?cites=2535823212351119316&as_sdt=2005&sciodt=0,5&hl=en",468,"2021-07-17 18:35:28","","","","",,,,,6,0.75,6,1,8,"… important crop in many developing parts of the world where irrigation is still a problem. Nigeria is the world's largest producer with 2.1 million tonnes, followed by Niger with 650 000 tonnes and Mali with 110 000 tonnes. The total production area of cowpeas is estimated …","https://repository.up.ac.za/bitstream/handle/2263/32972/Kayitesi_Micronisation_2013.pdf?sequence=1","https://scholar.google.com/scholar?q=related:1N9gucYNMSMJ:scholar.google.com/&scioq=%22waist+circumference%22+nigeria&hl=en&as_sdt=0,5&as_ylo=2013&as_yhi=2013&as_vis=1"
3,"PK Masibo","Effects of initial nutritional status on the responses to a school feeding programme among school children aged 6 to 13 years in the Millennium Villages Project, Siaya …",2013,"","scholar.sun.ac.za","http://scholar.sun.ac.za/handle/10019.1/85693","https://scholar.google.com/scholar?cites=16180037730217672977&as_sdt=2005&sciodt=0,5&hl=en",469,"2021-07-17 18:35:28","","","","",,,,,3,0.38,3,1,8,"Page 1. Effects of Initial Nutritional Status on the Responses to a School Feeding Programme among School Children Aged 6 to 13 Years in the Millennium Villages Project, Siaya, Kenya by Peninah Kinya Masibo December 2013 Supervisor: Prof …","https://scholar.sun.ac.za/bitstream/handle/10019.1/85693/masibo_effects_2013.pdf?sequence=2&isAllowed=y","https://scholar.google.com/scholar?q=related:EcEKEpcKi-AJ:scholar.google.com/&scioq=%22waist+circumference%22+nigeria&hl=en&as_sdt=0,5&as_ylo=2013&as_yhi=2013&as_vis=1"
0,"B Ghosh","Mechanistic Understanding of the Effect of Obesity on Asthma and Allergy",,"downloads.hindawi.com","","https://downloads.hindawi.com/journals/specialissues/436820.pdf","",470,"2021-07-17 18:35:28","PDF","","","",,,,,0,0.00,0,1,,"Page 1. Journal of Allergy Mechanistic Understanding of the Effect of Obesity on Asthma and Allergy Guest Editors: Anurag Agrawal, Akshay Sood, Allan Linneberg, and Balaram Ghosh Page 2. Mechanistic Understanding of the Effect of Obesity on Asthma and Allergy Page 3 …","https://downloads.hindawi.com/journals/specialissues/436820.pdf","https://scholar.google.com/scholar?q=related:ZnrSNG1uRJEJ:scholar.google.com/&scioq=%22waist+circumference%22+nigeria&hl=en&as_sdt=0,5&as_ylo=2013&as_yhi=2013&as_vis=1"
10,"F Erdemir","Relationship Between Obesity and Male Infertility",2013,"J Clin Anal Med","researchgate.net","https://www.researchgate.net/profile/Fikret-Erdemir/publication/285967294_The_Evaluation_of_the_Relationship_Between_Obesity_and_Male_Infertility/links/56efdcca08ae52f8ad7f7d0d/The-Evaluation-of-the-Relationship-Between-Obesity-and-Male-Infertility.pdf","https://scholar.google.com/scholar?cites=16300282816845176584&as_sdt=2005&sciodt=0,5&hl=en",471,"2021-07-17 18:35:28","PDF","","","",,,,,10,1.25,10,1,8,"Page 1. Journal of Clinical and Analytical Medicine | 1 DOI: 10.4328/JCAM.747 Received: 08.07.2011 Accepted: 04.08.2011 Printed: 01.01.2013 J Clin Anal Med 2013;4(1): 76-82 Corresponding Author: Karşıyaka Mah. Geksi Cad., 4. Sok. No:3, Altınışık Apt., A blok …","https://www.researchgate.net/profile/Fikret-Erdemir/publication/285967294_The_Evaluation_of_the_Relationship_Between_Obesity_and_Male_Infertility/links/56efdcca08ae52f8ad7f7d0d/The-Evaluation-of-the-Relationship-Between-Obesity-and-Male-Infertility.pdf","https://scholar.google.com/scholar?q=related:CN91_Ns8NuIJ:scholar.google.com/&scioq=%22waist+circumference%22+nigeria&hl=en&as_sdt=0,5&as_ylo=2013&as_yhi=2013&as_vis=1"
0,"MA Loschenko, RV Uchakina, VK Kozlov, ON Ivanova…","Original researches",,"ymj.mednauka.com","","http://ymj.mednauka.com/files/YMJ-4-2012-en.pdf","",472,"2021-07-17 18:35:28","PDF","","","",,,,,0,0.00,0,5,,"4 40 ()2012 http://www. ymj. ykt. ru Page 2. «YMJ», № 4 (40) 2012 Contents Leading article Ivanov PM, Tomskiy MI, Leznev VN, Ivanova MM Epidemiological aspects of thyroid cancer Original researches Loschenko MA, Uchakina …","http://ymj.mednauka.com/files/YMJ-4-2012-en.pdf","https://scholar.google.com/scholar?q=related:rYL3TRw5iFkJ:scholar.google.com/&scioq=%22waist+circumference%22+nigeria&hl=en&as_sdt=0,5&as_ylo=2013&as_yhi=2013&as_vis=1"
0,"S Prenner","Selektive Partnerwahl (Assortative Mating) für Größe, Symmetrie und weitere physische Aspekte",2013,"","othes.univie.ac.at","http://othes.univie.ac.at/30973","",473,"2021-07-17 18:35:28","","","","",,,,,0,0.00,0,1,8,"… of interest. The results indicate assortative mating for physical attractiveness (k = 49, r = .36, p < .0001), waist circumference (k = 22, r = .16, p < .0001), hip circumference (k = 12, r = .13, p < .0001) and waist-hip ratio (k = 17, r = .11, p < .0001) …","http://othes.univie.ac.at/30973/1/2013-12-06_0601965.pdf","https://scholar.google.com/scholar?q=related:KQtTfKAnfTcJ:scholar.google.com/&scioq=%22waist+circumference%22+nigeria&hl=en&as_sdt=0,5&as_ylo=2013&as_yhi=2013&as_vis=1"
0,"JO Guerrero Santiago","Prevalencia de riesgo para Síndrome de APNEA Obstructiva del Sueno en personal del Hospital General de Cuautitlan Gral. José Vicente Villada",2013,"","ri.uaemex.mx","http://ri.uaemex.mx/oca/view/20.500.11799/13779/1/409917.pdf","",474,"2021-07-17 18:35:28","PDF","","","",,,,,0,0.00,0,1,8,"… in patients at risk. Methods. Berlin questionnaire was applied, Epworth sleepiness scale and SACS. were measured neck circumference, Mallampati, waist circumference, weight and height Results. We surveyed 401 workers …","http://ri.uaemex.mx/oca/view/20.500.11799/13779/1/409917.pdf","https://scholar.google.com/scholar?q=related:6ouj4Doq8mwJ:scholar.google.com/&scioq=%22waist+circumference%22+nigeria&hl=en&as_sdt=0,5&as_ylo=2013&as_yhi=2013&as_vis=1"
0,"R Bhandari","Association of Individual and Combined Metabolic Risk Factors with Cancer",2013,"","researchrepository.wvu.edu","https://researchrepository.wvu.edu/etd/378/","",475,"2021-07-17 18:35:28","","","","",,,,,0,0.00,0,1,8,"Page 1. Graduate Theses, Dissertations, and Problem Reports 2013 Association of Individual and Combined Metabolic Risk Factors with Cancer Ruchi Bhandari West Virginia University Follow this and additional works at: https://researchrepository.wvu.edu/etd …","https://researchrepository.wvu.edu/cgi/viewcontent.cgi?article=1381&context=etd","https://scholar.google.com/scholar?q=related:-7rOVlyT4K4J:scholar.google.com/&scioq=%22waist+circumference%22+nigeria&hl=en&as_sdt=0,5&as_ylo=2013&as_yhi=2013&as_vis=1"
1,"FNJ Ghartey","Descriptive epidemiology of neoplastic breast lesions and molecular characteristics of breast cancer in Ghana",2013,"","dspace.knust.edu.gh","http://dspace.knust.edu.gh/handle/123456789/6342","https://scholar.google.com/scholar?cites=16004163755136340834&as_sdt=2005&sciodt=0,5&hl=en",476,"2021-07-17 18:35:28","","","","",,,,,1,0.13,1,1,8,"Page 1. i KWAME NKRUMAH UNIVERSITY OF SCIENCE AND TECHNOLOGY. COLLEGE OF HEALTH SCIENCES DEPARTMENT OF MOLECULAR MEDICINE DESCRIPTIVE EPIDEMIOLOGY OF NEOPLASTIC BREAST LESIONS AND …","http://dspace.knust.edu.gh/bitstream/123456789/6342/1/FRANK%20NAKU%20GHARTEY%20JNR.pdf","https://scholar.google.com/scholar?q=related:YlMVQCQ2Gt4J:scholar.google.com/&scioq=%22waist+circumference%22+nigeria&hl=en&as_sdt=0,5&as_ylo=2013&as_yhi=2013&as_vis=1"
3,"FK Wefuan","The escalating diabetes epidemic: determinants of prevalence disparity between country income groups",2013,"","munin.uit.no","https://munin.uit.no/handle/10037/5201","https://scholar.google.com/scholar?cites=302863637257387309&as_sdt=2005&sciodt=0,5&hl=en",477,"2021-07-17 18:35:28","","","","",,,,,3,0.38,3,1,8,"Page 1. Page | i The escalating diabetes epidemic: determinants of prevalence disparity between country income groups FACULTY OF HEALTH SCIENCES DEPARTMENT OF COMMUNITY MEDICINE Fatimatou Kuhmbou Wefuan HEL-3950 Master's thesis in Public Health …","https://munin.uit.no/bitstream/handle/10037/5201/thesis.pdf?sequence=2","https://scholar.google.com/scholar?q=related:Lf0bmt_8MwQJ:scholar.google.com/&scioq=%22waist+circumference%22+nigeria&hl=en&as_sdt=0,5&as_ylo=2013&as_yhi=2013&as_vis=1"
0,"ÁD Tárnoki","Cardiovascular and anthropometric twin studies",2013,"","repo.lib.semmelweis.hu","http://repo.lib.semmelweis.hu/bitstream/handle/123456789/637/tarnokiadam.e_t%C3%A9zis.pdf?sequence=6","",478,"2021-07-17 18:35:28","PDF","","","",,,,,0,0.00,0,1,8,"Page 1. CARDIOVASCULAR AND ANTHROPOMETRIC TWIN STUDIES PhD thesis Ádám Domonkos Tárnoki Basic Medicine Doctoral School Semmelweis University Supervisor: Viktor Bérczi MD, D.Sc Official reviewers: Attila Cziráki MD, Ph.D Zsuzsanna Putz MD, Ph.D …","http://repo.lib.semmelweis.hu/bitstream/handle/123456789/637/tarnokiadam.e_t%C3%A9zis.pdf?sequence=6","https://scholar.google.com/scholar?q=related:GFyKzKZwLx0J:scholar.google.com/&scioq=%22waist+circumference%22+nigeria&hl=en&as_sdt=0,5&as_ylo=2013&as_yhi=2013&as_vis=1"
1,"E Al-Eisa, C Tse, MLA Thomas, B Cox…","Abstracts fromWomen's Health 2013: The 21st Annual CongressMarch 22–24, 2013Washington, DC",2013,"Journal of Women's …","liebertpub.com","https://www.liebertpub.com/doi/full/10.1089/jwh.2013.Ab01","https://scholar.google.com/scholar?cites=4484530434022137284&as_sdt=2005&sciodt=0,5&hl=en",479,"2021-07-17 18:35:28","HTML","10.1089/jwh.2013.Ab01","","",,,,,1,0.13,0,5,8,"Page 1. Abstracts from Women's Health 2013: The 21 st Annual Congress March 22–24, 2013 Washington, DC JOURNAL OF WOMEN'S HEALTH Volume 22, Number 3, 2013 ª Mary Ann Liebert, Inc. DOI: 10.1089/jwh.2013.Ab01 Page 2. Clinical and Translational Research P1 …","https://www.liebertpub.com/doi/full/10.1089/jwh.2013.Ab01","https://scholar.google.com/scholar?q=related:xF1RcKtAPD4J:scholar.google.com/&scioq=%22waist+circumference%22+nigeria&hl=en&as_sdt=0,5&as_ylo=2013&as_yhi=2013&as_vis=1"
0,"R BHOITE","GROWTH DYNAMICS OF RURAL SCHOOL CHILDREN OF VADODARA & IMPACT OF DEWORMING ALONE AND DEWORMING ALONGWITH ONCE …",2013,"","okgw.hmlibrary.ac.in","http://okgw.hmlibrary.ac.in:8080/jspui/bitstream/1/226/1/1%20GROWTH%20DYNAMICS%20OF%20RURAL%20SCHOOL%20CHILDREN%20OF%20VADODARA%20%26%20IMPACT%20OF%20DEWORMING%20ALONE%20AND%20DEWORMING%20ALONGWITH%20ONCE%20WEEKLY%20IRON%20FOLIC%20ACID%20SUPPLIMENTATION%20ON%20GROWTH%20%26%20HEMOGLOBIN%20STATUS%20OF%20RURAL%20SCHOOL%20CHILDREN.pdf","",480,"2021-07-17 18:35:28","PDF","","","",,,,,0,0.00,0,1,8,"… children in the world (%) Cumulative total (%) India 47 39.0 39.0 Bangladesh 48 5.7 44.7 Pakistan 38 5.5 50.2 China 8 4.8 54.9 Nigeria 29 4.4 59.3 Ethiopia 47 4.2 63.5 Indonesia 28 4.2 67.7 Philippines 28 1.9 71.9 Vietnam 28 1.5 73.4 Source: UNICEF 2009 Page 19 …","http://okgw.hmlibrary.ac.in:8080/jspui/bitstream/1/226/1/1%20GROWTH%20DYNAMICS%20OF%20RURAL%20SCHOOL%20CHILDREN%20OF%20VADODARA%20%26%20IMPACT%20OF%20DEWORMING%20ALONE%20AND%20DEWORMING%20ALONGWITH%20ONCE%20WEEKLY%20IRON%20FOLIC%20ACID%20SUPPLIMENTATION%20ON%20GROWTH%20%26%20HEMOGLOBIN%20STATUS%20OF%20RURAL%20SCHOOL%20CHILDREN.pdf","https://scholar.google.com/scholar?q=related:y2bW0YwHGckJ:scholar.google.com/&scioq=%22waist+circumference%22+nigeria&hl=en&as_sdt=0,5&as_ylo=2013&as_yhi=2013&as_vis=1"
0,"E Vermaak","The influence of a nutritional supplement on lung function and immune status of hiv-positive patients in the Mangaung metropolitan",2013,"","ezproxy.cut.ac.za","https://ezproxy.cut.ac.za/handle/11462/252","",481,"2021-07-17 18:35:28","","","","",,,,,0,0.00,0,1,8,"Page 1. THE INFLUENCE OF A NUTRITIONAL SUPPLEMENT ON LUNG FUNCTION AND IMMUNE STATUS OF HIV-POSITIVE PATIENTS IN THE MANGAUNG METROPOLITAN Ernst Vermaak Thesis submitted in fulfillment of the requirements for the Degree …","https://ezproxy.cut.ac.za/bitstream/handle/11462/252/Ernst%20Vermaak.pdf?sequence=1&isAllowed=y","https://scholar.google.com/scholar?q=related:-DV9aHzU5lgJ:scholar.google.com/&scioq=%22waist+circumference%22+nigeria&hl=en&as_sdt=0,5&as_ylo=2013&as_yhi=2013&as_vis=1"
0,"N Hamdan","Dietary intake differences between patients wearing two-implant mandibular overdentures and conventional dentures: a randomized controlled parallel trial",2013,"","escholarship.mcgill.ca","https://escholarship.mcgill.ca/concern/theses/1v53k1455","",482,"2021-07-17 18:35:28","","","","",,,,,0,0.00,0,1,8,"… of edentulism (58%), while France had the lowest (16.3%). In developing countries, the prevalence of edentulism ranged from 1.3% in Nigeria to 78% in Bosnia- Herzegovina. Within the more developed nations, Switzerland has the …","https://escholarship.mcgill.ca/downloads/0p096b43h","https://scholar.google.com/scholar?q=related:Oo1GGyCxAjUJ:scholar.google.com/&scioq=%22waist+circumference%22+nigeria&hl=en&as_sdt=0,5&as_ylo=2013&as_yhi=2013&as_vis=1"
0,"D Chacón Jaimes, R Gastelbondo Amaya…","Presión arterial en preescolares de la localidad de Usaquén en Bogotá",2013,"","repository.urosario.edu.co","https://repository.urosario.edu.co/handle/10336/4902","",483,"2021-07-17 18:35:28","","","","",,,,,0,0.00,0,3,8,"Page 1. PRESIÓN ARTERIAL EN PREESCOLARES DE LA LOCALIDAD DE USAQUÉN EN BOGOTÁ Diana Carolina Chacón Jaimes Residente de Pediatría Fundación Cardioinfantil – Instituto de Cardiología Departamento de Pediatría Universidad del Rosario …","https://repository.urosario.edu.co/bitstream/handle/10336/4902/ChaconJaimes-Diana-2013.pdf?sequence=1","https://scholar.google.com/scholar?q=related:c0p_jBzYK2gJ:scholar.google.com/&scioq=%22waist+circumference%22+nigeria&hl=en&as_sdt=0,5&as_ylo=2013&as_yhi=2013&as_vis=1"
1,"CF Moraes","Associação de marcadores imunogenômicos com a ocorrência da demência de Alzheimer",2013,"","repositorio.unb.br","http://repositorio.unb.br/handle/10482/13563","https://scholar.google.com/scholar?cites=3033539481028570640&as_sdt=2005&sciodt=0,5&hl=en",484,"2021-07-17 18:35:28","","","","",,,,,1,0.13,1,1,8,"Page 1. UNIVERSIDADE DE BRASÍLIA FACULDADE DE MEDICINA CLAYTON FRANCO MORAES Associação de marcadores imunogenômicos com a ocorrência da demência de Alzheimer BRASÍLIA-DF 2013 Page 2. CLAYTON FRANCO MORAES …","http://repositorio.unb.br/bitstream/10482/13563/1/2013_ClaytonFrancoMoraes.pdf","https://scholar.google.com/scholar?q=related:EK7U6hVMGSoJ:scholar.google.com/&scioq=%22waist+circumference%22+nigeria&hl=en&as_sdt=0,5&as_ylo=2013&as_yhi=2013&as_vis=1"
0,"F Ades, C Senterre, E De Azambuja, R Sullivan…","Public Health and Epidemiology",,"researchgate.net","","https://www.researchgate.net/profile/Hemad-Yasaei/publication/259672036_mRNA_expression_of_p14_ARF_and_hTERT_in_human_breast_cancer_evidence_suggestive_of_an_antagonistic_relationship/links/02e7e52dab9f5d08c1000000/mRNA-expression-of-p14-ARF-and-hTERT-in-human-breast-cancer-evidence-suggestive-of-an-antagonistic-relationship.pdf","",485,"2021-07-17 18:35:28","PDF","","","",,,,,0,0.00,0,5,,"Page 1. S298 Proffered Papers Proffered Papers Session (Sun, 29 Sep) Public Health and Epidemiology 1400 ORAL Discrepancies in cancer incidence and mortality and its relation to health expenditure among the 27 European …","https://www.researchgate.net/profile/Hemad-Yasaei/publication/259672036_mRNA_expression_of_p14_ARF_and_hTERT_in_human_breast_cancer_evidence_suggestive_of_an_antagonistic_relationship/links/02e7e52dab9f5d08c1000000/mRNA-expression-of-p14-ARF-and-hTERT-in-human-breast-cancer-evidence-suggestive-of-an-antagonistic-relationship.pdf",""
0,"N Alahmad, A Kaczmarek, R Van Deun, VO Kollath…","Rewiring a state: the techno-politics of CPA's Iraq",2013,"Adv. Eng …","biblio.ugent.be","https://biblio.ugent.be/embed?limit=50&start=96000","",486,"2021-07-17 18:35:28","HTML","","","",,,,,0,0.00,0,5,8,"295482 Publications. Search / Filter …","https://biblio.ugent.be/embed?limit=50&start=96000",""
0,"APDP Ferreira","Risk factors for non-communicable diseases in Mozambique",2013,"","search.proquest.com","https://search.proquest.com/openview/10c09ae4ce1b2c0000352e35558f8c63/1?pq-origsite=gscholar&cbl=2026366","",487,"2021-07-17 18:35:28","","","","",,,,,0,0.00,0,1,8,"Page 1. Risk factors for non-communicable diseases in Mozambique Patrícia Padrão Porto | 2013 Page 2. ProQuest Number: All rights reserved INFORMATION TO ALL USERS The quality of this reproduction is dependent upon the quality of the copy submitted …","https://repositorio-aberto.up.pt/bitstream/10216/71680/2/24018.pdf","https://scholar.google.com/scholar?q=related:1OSVTRiBpYQJ:scholar.google.com/&scioq=%22waist+circumference%22+nigeria&hl=en&as_sdt=0,5&as_ylo=2013&as_yhi=2013&as_vis=1"
0,"LAT Fialho","Efeito de um programa de atividade física aeróbio na composição corporal e condição física em crianças com excesso de peso e obesidade",2013,"","dspace.uevora.pt","https://dspace.uevora.pt/rdpc/handle/10174/16026","",488,"2021-07-17 18:35:28","","","","",,,,,0,0.00,0,1,8,"Page 1. I UNIVERSIDADE DE ÉVORA Escola de Ciências e Tecnologia Mestrado em Exercício e Saúde EFEITO DE UM PROGRAMA DE ATIVIDADE FÍSICA AERÓBIO NA COMPOSIÇÃO CORPORAL E CONDIÇÃO FÍSICA EM CRIANÇAS COM …","https://dspace.uevora.pt/rdpc/bitstream/10174/16026/1/Disserta%C3%A7%C3%A3o_Luis_Fialho2012.pdf","https://scholar.google.com/scholar?q=related:zqxxcHeLMBIJ:scholar.google.com/&scioq=%22waist+circumference%22+nigeria&hl=en&as_sdt=0,5&as_ylo=2013&as_yhi=2013&as_vis=1"
2,"MJ Kropff, JAM van Arendonk, HJM Löffler","Food for all: sustainable nutrition security: 95 years Wageningen University",2013,"","library.wur.nl","https://library.wur.nl/WebQuery/wurpubs/437844","https://scholar.google.com/scholar?cites=12574974277376671205&as_sdt=2005&sciodt=0,5&hl=en",489,"2021-07-17 18:35:28","","","","",,,,,2,0.25,1,3,8,"Page 1. 95 years Wageningen University Sustainable nutrition security Food for all Food for all W ageningen UR Page 2. Page 3. 95 years Wageningen University Sustainable nutrition security Food for all Editors Martin J. Kropff Johan AM van Arendonk Huub JM Löffler Page 4 …","https://library.wur.nl/WebQuery/wurpubs/fulltext/320714","https://scholar.google.com/scholar?q=related:5f217npIg64J:scholar.google.com/&scioq=%22waist+circumference%22+nigeria&hl=en&as_sdt=0,5&as_ylo=2013&as_yhi=2013&as_vis=1"
0,"L Brown","ila Abstract PL-1 Foods as medicines for chronic human diseases",,"academia.edu","","https://www.academia.edu/download/48729672/immunohistochemical_evaluation_of_Zerumb20160910-17575-15l2d1i.pdf","",490,"2021-07-17 18:35:28","PDF","","","",,,,,0,0.00,0,1,,"… as subjects. Their weight, height, body mass index (BMI), body fat percentage (BF%) and waist circumference (WC) were determined and their blood was collected for serum osteocalcin and lipid measurements. Multiple regression …","https://www.academia.edu/download/48729672/immunohistochemical_evaluation_of_Zerumb20160910-17575-15l2d1i.pdf",""
0,"O Sessions","The 22nd International Conference on Health Promoting Hospitals & Health Services",,"clinhp.org","","http://www.clinhp.org/ifile/Vol4_Suppl1_Abstract%20book%202014.pdf","",491,"2021-07-17 18:35:28","PDF","","","",,,,,0,0.00,0,1,,"Page 1. April | 2014 Volume 4 | Supplement 1 Research & Best Practice for patients, staff and community TH • PR O M O TION • R esearchandbestpractic eforpatients , staffandcommunity tp re fe ren ces www.clinhp.org CLINICA L • HEAL T H • PRO M O TION • R esearc …","http://www.clinhp.org/ifile/Vol4_Suppl1_Abstract%20book%202014.pdf",""
0,"E Gadéa, M Viala, MRK Bahadoor, E Thivat…","Prospective study of the energy balance disruption during adjuvant chemotherapy in post-menopausal early-stage breast cancer patient",2013,"… Conference of the …","hal.inrae.fr","https://hal.inrae.fr/hal-02750294/document","",492,"2021-07-17 18:35:28","PDF","","","",,,,,0,0.00,0,5,8,"Page 1. HAL Id: hal-02750294 https://hal.inrae.fr/hal-02750294 Submitted on 3 Jun 2020 HAL is a multi-disciplinary open access archive for the deposit and dissemination of sci- entific research documents, whether they are pub- lished or not …","https://hal.inrae.fr/hal-02750294/document","https://scholar.google.com/scholar?q=related:RspMIp5iH2cJ:scholar.google.com/&scioq=%22waist+circumference%22+nigeria&hl=en&as_sdt=0,5&as_ylo=2013&as_yhi=2013&as_vis=1"
0,"H Lelieveld, I Odriozola-Serrano, G Oms-Oliu…","Paralleled Symposia",2013,"Ann Nutr …","search.proquest.com","https://search.proquest.com/openview/0f98bb157a4d9beaa41de6e483d162bc/1?pq-origsite=gscholar&cbl=32607","",493,"2021-07-17 18:35:28","","","","",,,,,0,0.00,0,4,8,"… In young adults, for whom prevention is particularly impor- tant, abdominal obesity (waist circumference >90 cm in males, >80 cm in females) was already highly prevalent and strongly associated with all CM risk factors [eg, odds ratios ranging from 1.5 (1.3-2.8) for high LDL to …","",""
1,"Z Yilmaz","Genetic Factors Contributing to Body Weight in Anorexia Nervosa and Bulimia Nervosa",2013,"","tspace.library.utoronto.ca","https://tspace.library.utoronto.ca/handle/1807/70162","https://scholar.google.com/scholar?cites=14983127606453905908&as_sdt=2005&sciodt=0,5&hl=en",494,"2021-07-17 18:35:28","","","","",,,,,1,0.13,1,1,8,"… Tyrosine UTR Untranslated region VGLL4 Vestigial like 4 (Drosophila) VNTR Variable number tandem repeat WTCCC Wellcome Trust Case-Control Consortium WTCCC3 Wellcome Trust Case-Control Consortium, Third Wave YRI Yoruba in Ibadan, Nigeria ancestry ZNF804A …","https://tspace.library.utoronto.ca/bitstream/1807/70162/1/Yilmaz_Zeynep_201311_PhD_thesis.pdf","https://scholar.google.com/scholar?q=related:9KkIjyzD7s8J:scholar.google.com/&scioq=%22waist+circumference%22+nigeria&hl=en&as_sdt=0,5&as_ylo=2013&as_yhi=2013&as_vis=1"
15,"ANT Kong","Inflammation, oxidative stress, and cancer: dietary approaches for cancer prevention",2013,"","books.google.com","https://books.google.com/books?hl=en&lr=&id=ERsbAAAAQBAJ&oi=fnd&pg=PP1&dq=%22waist+circumference%22+nigeria&ots=rNEPMUk7md&sig=l6VlbEZjhfpNP5yH7ttnaUCU3qA","https://scholar.google.com/scholar?cites=2893680384632609344&as_sdt=2005&sciodt=0,5&hl=en",495,"2021-07-17 18:35:28","BOOK","","","",,,,,15,1.88,15,1,8,"Page 1. Inflammation, Oxidative Stress, and Cancer Dietary Approaches for Cancer Prevention Edited by Ah-Ng Tony Kong Taylor&Francis Group Page 2. Page 3. Inflammation, Oxidative Stress, and Cancer Dietary Approaches for Cancer Prevention Page 4. Page 5 …","","https://scholar.google.com/scholar?q=related:QNqKe_pqKCgJ:scholar.google.com/&scioq=%22waist+circumference%22+nigeria&hl=en&as_sdt=0,5&as_ylo=2013&as_yhi=2013&as_vis=1"
4,"GG Zanetti","O uso do suporte telefônico como estratégia para incremento do nível de atividade física de pacientes com diabetes mellitus",2013,"","teses.usp.br","https://www.teses.usp.br/teses/disponiveis/22/22132/tde-26092013-195816/en.php","https://scholar.google.com/scholar?cites=10400952881177526812&as_sdt=2005&sciodt=0,5&hl=en",496,"2021-07-17 18:35:28","","","","",,,,,4,0.50,4,1,8,"… glycated hemoglobin and higher values of high density lipoprotein and body mass index.For the variables waist circumference, diastolic blood pressure and … In the G2 there were lower values of waist circumference, diastolic blood pressure, fasting …","https://www.teses.usp.br/teses/disponiveis/22/22132/tde-26092013-195816/publico/GABRIELGUIDORIZZIZANETTI.pdf","https://scholar.google.com/scholar?q=related:HIIp8ImbV5AJ:scholar.google.com/&scioq=%22waist+circumference%22+nigeria&hl=en&as_sdt=0,5&as_ylo=2013&as_yhi=2013&as_vis=1"
0,"NB Almandil","Factors Influencing Weight Gain in Young People Treated with Antipsychotics",2013,"","search.proquest.com","https://search.proquest.com/openview/68f4a201354a1a180aaae8bbb3be6246/1?pq-origsite=gscholar&cbl=2026366","",497,"2021-07-17 18:35:28","BOOK","","","",,,,,0,0.00,0,1,8,"Page 1. Factors Influencing Weight Gain in Young People Treated with Antipsychotics Noor Barak Almandil Department of Practice and Policy The UCL School of Pharmacy University College London Submitted In part fulfilment …","","https://scholar.google.com/scholar?q=related:HV90blfXR7sJ:scholar.google.com/&scioq=%22waist+circumference%22+nigeria&hl=en&as_sdt=0,5&as_ylo=2013&as_yhi=2013&as_vis=1"
3,"LDS Bloomer","The Y chromosome in cardiovascular disease",2013,"","leicester.figshare.com","https://leicester.figshare.com/articles/thesis/The_Y_chromosome_in_cardiovascular_disease/10162235","https://scholar.google.com/scholar?cites=1216311687421369776&as_sdt=2005&sciodt=0,5&hl=en",498,"2021-07-17 18:35:28","","","","",,,,,3,0.38,3,1,8,"Page 1. - 1 - THE Y CHROMOSOME IN CARDIOVASCULAR DISEASE Thesis submitted for the degree of Doctor of Philosophy at the University of Leicester by Lisa Danielle Susan Bloomer, BSc MSc Department of Cardiovascular Sciences University of Leicester January 2013 …","https://leicester.figshare.com/articles/thesis/The_Y_chromosome_in_cardiovascular_disease/10162235/files/18314369.pdf","https://scholar.google.com/scholar?q=related:sB3oEAk14RAJ:scholar.google.com/&scioq=%22waist+circumference%22+nigeria&hl=en&as_sdt=0,5&as_ylo=2013&as_yhi=2013&as_vis=1"
0,"DRS Pereira","Osteoarthritis Case Ascertainment: To Understand Characteristics That Influence This Process",2013,"","search.proquest.com","https://search.proquest.com/openview/0b9a2fd5cee81702b9c07c12ac94d115/1?pq-origsite=gscholar&cbl=2026366","",499,"2021-07-17 18:35:28","","","","",,,,,0,0.00,0,1,8,"Page 1. I Duarte Rafael Sampaio Pereira Osteoarthritis Case Ascertainment: To Understand Characteristics That Influence This Process Dissertação de candidatura ao grau de Doutor em Saúde Pública, apresentada à Faculdade de Medicina da Universidade do Porto …","https://repositorio-aberto.up.pt/bitstream/10216/70859/2/29218.pdf","https://scholar.google.com/scholar?q=related:tlD7UjJ-euMJ:scholar.google.com/&scioq=%22waist+circumference%22+nigeria&hl=en&as_sdt=0,5&as_ylo=2013&as_yhi=2013&as_vis=1"
0,"Ε Ζαφειροπούλου","Αξιολόγηση της διατροφικής πρόσληψης θρεπτικών συστατικών ως παράγοντας κινδύνου υγειας στην εμμηνόπαυση.",2013,"","apothesis.lib.hmu.gr","https://apothesis.lib.hmu.gr/handle/20.500.12688/314?locale-attribute=en","",500,"2021-07-17 18:35:28","","","","",,,,,0,0.00,0,1,8,"Page 1. 1 ΑΝΩΤΑΤΟ ΤΕΧΝΟΛΟΓΙΚΟ ΕΚΠΑΙ∆ΕΥΤΙΚΟ Ι∆ΡΥΜΑ ΚΡΗΤΗΣ ΣΧΟΛΗ ΕΠΑΓΕΛΜΑΤΩΝ ΥΓΕΙΑΣ ΚΑΙ ΠΡΟΝΟΙΑΣ ΤΜΗΜΑ ∆ΙΑΤΡΟΦΗΣ ΚΑΙ ∆ΙΑΙΤΟΛΟΓΙΑΣ ΑΞΙΟΛΟΓΗΣΗ ΤΗΣ ∆ΙΑΤΡΟΦΙΚΗΣ ΠΡΟΣΛΗΨΗΣ ΘΡΕΠΤΙΚΩΝ ΣΥΣΤΑΤΙΚΩΝ ΩΣ ΠΑΡΑΓΟΝΤΑΣ …","https://apothesis.lib.hmu.gr/bitstream/handle/20.500.12688/314/ZafeiropoulouEfthaleia2013.pdf?sequence=1&isAllowed=y",""
0,"EFE Skrastins","Determinants of Cervical Cancer Screening in the Kilimanjaro Region of Tanzania",2013,"","search.proquest.com","https://search.proquest.com/openview/7f961b683ef5338e0cd26cbb7d7afbbc/1?pq-origsite=gscholar&cbl=18750&diss=y","",501,"2021-07-17 18:35:28","","","","",,,,,0,0.00,0,1,8,"Page 1. DETERMINANTS OF CERVICAL CANCER SCREENING IN THE KILIMANJARO REGION OF TANZANIA by Emily Frances Elizabete Skrastins A thesis submitted to the Department of Public Health Sciences In conformity with the requirements for …","https://qspace.library.queensu.ca/bitstream/handle/1974/8378/Skrastins_Emily_F_E_201309_MSc.pdf?sequence=1","https://scholar.google.com/scholar?q=related:ehmROWhiAUAJ:scholar.google.com/&scioq=%22waist+circumference%22+nigeria&hl=en&as_sdt=0,5&as_ylo=2013&as_yhi=2013&as_vis=1"
0,"N Kösecik","Kolesistit/Kolelitiazis Hastalarında Diyabet ve İlişkili Faktörlerin Değerlendirilmesi",2013,"","openaccess.acibadem.edu.tr","http://openaccess.acibadem.edu.tr:8080/xmlui/handle/11443/866","",502,"2021-07-17 18:35:28","","","","",,,,,0,0.00,0,1,8,"Page 1. Page 2. Page 3. Page 4. BEYAN Bu tez çalışmasının kendi çalışmam olduğunu, tezin planlanmasından yazımına kadar bütün aşamalarda etik dışı davranışımın olmadığını, bu tezdeki bütün bilgileri akademik ve etik kurallar …","http://openaccess.acibadem.edu.tr:8080/xmlui/bitstream/handle/11443/866/7.%20Nurcan%20K%C3%B6secik.pdf?sequence=1","https://scholar.google.com/scholar?q=related:j1hs5oKx-k8J:scholar.google.com/&scioq=%22waist+circumference%22+nigeria&hl=en&as_sdt=0,5&as_ylo=2013&as_yhi=2013&as_vis=1"
3,"DES Frainer, FAG Vasconcelos, LCF Costa…","Distribuição da gordura corporal em escolares: um estudo usando o método LMS",2013,"Revista Brasileira de …","SciELO Brasil","https://www.scielo.br/j/rbme/a/zLMGyByXXFLcXLrgBTGxbdx/abstract/?format=html&lang=pt","https://scholar.google.com/scholar?cites=5977452512541536663&as_sdt=2005&sciodt=0,5&hl=en",503,"2021-07-17 18:35:28","","","","",,,,,3,0.38,1,4,8,"Page 1. 317 Rev Bras Med Esporte – Vol. 19, No 5 – Set/Out, 2013 dIStRIBuIÇÃo dA GoRduRA coRPoRAl EM EScolARES: uM EStudo uSANdo o MÉtodo lMS BODY FAT DISTRIBUTION IN SCHOOLCHILDREN: A STUDY USING THE LMS METHOD artigo original …","https://www.scielo.br/j/rbme/a/zLMGyByXXFLcXLrgBTGxbdx/?lang=pt&format=pdf","https://scholar.google.com/scholar?q=related:l_HN52Mt9FIJ:scholar.google.com/&scioq=%22waist+circumference%22+nigeria&hl=en&as_sdt=0,5&as_ylo=2013&as_yhi=2013&as_vis=1"
1,"DP Oliveira","Biomarcadores fisiológicos do periparto de cabras",2013,"","locus.ufv.br","https://www.locus.ufv.br/handle/123456789/5152","https://scholar.google.com/scholar?cites=15045410449947777571&as_sdt=2005&sciodt=0,5&hl=en",504,"2021-07-17 18:35:28","","","","",,,,,1,0.13,1,1,8,"… (heart and respiratory rate, ruminal movements, rectal temperature, capillary refill time, mucous membrane color, waist circumference) and laboratorial evaluations in which haematological (erythrocyte count, hematocrit, hemoglobin …","https://www.locus.ufv.br/bitstream/123456789/5152/1/texto%20completo.pdf","https://scholar.google.com/scholar?q=related:I1oWGRcJzNAJ:scholar.google.com/&scioq=%22waist+circumference%22+nigeria&hl=en&as_sdt=0,5&as_ylo=2013&as_yhi=2013&as_vis=1"
2,"FA Kusumasari","Korelasi Body Mass Index (BMI) dan Percent Body Fat (% BF) Terhadap Kadar Glukosa Darah Puasa Pada Mahasiswa dan Mahasiswi di Kampus III …",2013,"","repository.usd.ac.id","https://repository.usd.ac.id/5237/2/098114013_Full.pdf","https://scholar.google.com/scholar?cites=2667727877475756109&as_sdt=2005&sciodt=0,5&hl=en",505,"2021-07-17 18:35:28","PDF","","","",,,,,2,0.25,2,1,8,"… dewasa akan mengalami overweight dan 700 juta diantaranya obesitas (WHO, 2004). Menurut penelitian penelitian Chukwunonso and Ifeoma (2012) di Nigeria, usia berpengaruh pada terjadinya obesitas, dimana dewasa muda dilaporkan …","https://repository.usd.ac.id/5237/2/098114013_Full.pdf","https://scholar.google.com/scholar?q=related:TWhZzl6sBSUJ:scholar.google.com/&scioq=%22waist+circumference%22+nigeria&hl=en&as_sdt=0,5&as_ylo=2013&as_yhi=2013&as_vis=1"
0,"P Padrão","Risk factors for non-communicable diseases in Mozambique",,"core.ac.uk","","https://core.ac.uk/download/pdf/302947607.pdf","",506,"2021-07-17 18:35:28","PDF","","","",,,,,0,0.00,0,1,,"Page 1. Risk factors for non-communicable diseases in Mozambique Patrícia Padrão Porto | 2013 Page 2. II Page 3. III Risk factors for non-communicable diseases in Mozambique Patrícia Padrão Porto | 2013 Dissertação de candidatura ao grau de Doutor apresentada à …","https://core.ac.uk/download/pdf/302947607.pdf","https://scholar.google.com/scholar?q=related:W3hjdGSlWk0J:scholar.google.com/&scioq=%22waist+circumference%22+nigeria&hl=en&as_sdt=0,5&as_ylo=2013&as_yhi=2013&as_vis=1"
4,"JS Amelio","Predictors of breast and cervical cancer screening uptake prior to the introduction of centralised nationwide screening in Poland",2013,"","search.proquest.com","https://search.proquest.com/openview/4f78c3cb0c197312060789932aca68b2/1?pq-origsite=gscholar&cbl=2026366&diss=y","https://scholar.google.com/scholar?cites=14478690839753809253&as_sdt=2005&sciodt=0,5&hl=en",507,"2021-07-17 18:35:28","","","","",,,,,4,0.50,4,1,8,"Page 1. PREDICTORS OF BREAST AND CERVICAL CANCER SCREENING UPTAKE PRIOR TO THE INTRODUCTION OF CENTRALISED NATIONWIDE SCREENING IN POLAND Justyna Starczewska Amelio School of Health Sciences College of Health and Social Care …","https://core.ac.uk/download/pdf/20327550.pdf","https://scholar.google.com/scholar?q=related:ZV06fJuk7sgJ:scholar.google.com/&scioq=%22waist+circumference%22+nigeria&hl=en&as_sdt=0,5&as_ylo=2013&as_yhi=2013&as_vis=1"
0,"LK Mohohlo, M Ncube, A Pablos-Mendez, KS Reddy…","Dean T Jamison*, Lawrence H Summers*, George Alleyne, Kenneth J Arrow, Seth Berkley, Agnes Binagwaho, Flavia Bustreo, David Evans, Richard GA …",2013,"","jliflc.com","https://jliflc.com/wp-content/uploads/2014/09/Global-health-2035-a-world-converging-within-a-generation.pdf","",508,"2021-07-17 18:35:28","PDF","","","",,,,,0,0.00,0,5,8,"Page 1. The Lancet Commissions www.thelancet.com Published online December 3, 2013 http://dx.doi.org/10.1016/S0140-6736(13)62105-4 1 Global health 2035: a world converging within a generation Dean T Jamison*, Lawrence …","https://jliflc.com/wp-content/uploads/2014/09/Global-health-2035-a-world-converging-within-a-generation.pdf","https://scholar.google.com/scholar?q=related:F960fbhG2xwJ:scholar.google.com/&scioq=%22waist+circumference%22+nigeria&hl=en&as_sdt=0,5&as_ylo=2013&as_yhi=2013&as_vis=1"
0,"RM Nembhard","Workplace consciousness: Enabling obesity voices of the workers (VOW)",2013,"","search.proquest.com","https://search.proquest.com/openview/42a9f6e51a03cbdc442c51e09a29a7a6/1?pq-origsite=gscholar&cbl=18750","",509,"2021-07-17 18:35:28","HTML","","","",,,,,0,0.00,0,1,8,"Page 1. WORKPLACE CONSCIOUSNESS: ENABLING OBESITY VOICES OF THE WORKERS (VOW) by Richon M. Nembhard A Dissertation Presented in Partial Fulfillment of the Requirements for the Degree of Doctor of Management in Organizational Leadership …","https://search.proquest.com/openview/42a9f6e51a03cbdc442c51e09a29a7a6/1?pq-origsite=gscholar&cbl=18750","https://scholar.google.com/scholar?q=related:uRXemSbFiW0J:scholar.google.com/&scioq=%22waist+circumference%22+nigeria&hl=en&as_sdt=0,5&as_ylo=2013&as_yhi=2013&as_vis=1"
0,"M Napol, F Cerruti, G Garrido, C Capozzoli…","18658-“CANELONES CRECE CONTIGO”: A HOME VISITING PROGRAMME WHICH PROMOTES BETTER NUTRITION IN EARLY CHILDHOOD",,"cambridge.org","","https://www.cambridge.org/core/journals/public-health-nutrition/article/abstracts/29D8D7A8C10A9E613BE755436174F754","",510,"2021-07-17 18:35:28","","","","",,,,,0,0.00,0,5,,"… for women, considered normal weight. As for waist circumference, the average was 92 cm for men and 93 cm for women, which is considered a higher risk of cardiovascular diseases. The educational lectures comprehended …","https://www.cambridge.org/core/services/aop-cambridge-core/content/view/29D8D7A8C10A9E613BE755436174F754/S1368980013000827a.pdf/div-class-title-abstracts-div.pdf",""
0,"JM Starczewska","Predictors of breast and cervical cancer screening uptake prior to the introduction of centralised nationwide screening in Poland",2013,"","usir.salford.ac.uk","http://usir.salford.ac.uk/id/eprint/30863/","",511,"2021-07-17 18:35:28","","","","",,,,,0,0.00,0,1,8,"Page 1. PREDICTORS OF BREAST AND CERVICAL CANCER SCREENING UPTAKE PRIOR TO THE INTRODUCTION OF CENTRALISED NATIONWIDE SCREENING IN POLAND Justyna Starczewska Amelio School of Health Sciences College of Health and Social Care …","http://usir.salford.ac.uk/id/eprint/30863/1/PhD_Thesis_Justyna_Starczewska_Amelio_FINAL_Amendments_after_Viva_23Feb2014.pdf","https://scholar.google.com/scholar?q=related:Eg6tuf7MxU4J:scholar.google.com/&scioq=%22waist+circumference%22+nigeria&hl=en&as_sdt=0,5&as_ylo=2013&as_yhi=2013&as_vis=1"
1,"M Negahbani","Self-esteem and body mass index of obese and normal weight African American girls",2013,"","search.proquest.com","https://search.proquest.com/openview/82a409a4b238e74319763918df19c369/1?pq-origsite=gscholar&cbl=18750","https://scholar.google.com/scholar?cites=9279060041403585523&as_sdt=2005&sciodt=0,5&hl=en",512,"2021-07-17 18:35:28","","","","",,,,,1,0.13,1,1,8,"Page 1. Walden University College of Health Sciences This is to certify that the doctoral dissertation by Maria Negahbani has been found to be complete and satisfactory in all respects, and that any and all revisions required by the review committee have been made …","","https://scholar.google.com/scholar?q=related:89Nh8fHXxYAJ:scholar.google.com/&scioq=%22waist+circumference%22+nigeria&hl=en&as_sdt=0,5&as_ylo=2013&as_yhi=2013&as_vis=1"
0,"DSG MJ, K Anastos","EINSTEIN-MONTEFIORE CFAR INVESTIGATOR PUBLICATIONS FOR THE PAST FOUR YEARS",2013,"development","einsteinmed.org","https://einsteinmed.org/uploadedFiles/Centers/cfar/2013%20Publications%20FINAL-hg%20b(1).pdf","",513,"2021-07-17 18:35:28","PDF","","","",,,,,0,0.00,0,2,8,"… 163. Gage JC, Ajenifuja KO, Wentzensen N, Adepiti AC, Stoler M, Eder PS, Bell L, Shrestha N, Eklund C, Reilly M, Hutchinson M, Wacholder S, Castle PE, Burk RD, Schiffman M. Effectiveness of a simple rapid human papillomavirus DNA test in rural Nigeria . Int J Cancer …","https://einsteinmed.org/uploadedFiles/Centers/cfar/2013%20Publications%20FINAL-hg%20b(1).pdf",""
0,"D Freitas","Risco cardiovascular na hipertensão do avental branco: avaliação do Índice Tornozelo Braquial",,"teses.usp.br","","https://www.teses.usp.br/teses/disponiveis/22/22132/tde-14012013-155532/en.php","",514,"2021-07-17 18:35:28","","","","",,,,,0,0.00,0,1,,"… Monitoring (ABPM). The variables investigated were: age, color of skin, marital family situation, nationality, level of education, occupation, weight, height, waist circumference, ankle-brachial blood pressure and ABI. The calculation …","https://www.teses.usp.br/teses/disponiveis/22/22132/tde-14012013-155532/publico/DayanaFreitas.pdf",""
3,"LB Vieira","Avaliação da adesão à terapêutica medicamentosa de pacientes idosos hipertensos antes e após o desenvolvimento e uso de um Sistema Eletrônico de Uso …",2013,"","teses.usp.br","https://www.teses.usp.br/teses/disponiveis/22/22132/tde-17012014-110238/en.php","https://scholar.google.com/scholar?cites=7618983563176438088&as_sdt=2005&sciodt=0,5&hl=en",515,"2021-07-17 18:35:28","","","","",,,,,3,0.38,3,1,8,"… The adherence was evaluated by the Morisky and Green Test, applied before and after the use of SUPERMED. During all the monitoring, the arterial pressure and the postprandial glycemia were controlled from the body mass index and the waist circumference …","https://www.teses.usp.br/teses/disponiveis/22/22132/tde-17012014-110238/publico/LILIANABATISTAVIEIRA.pdf","https://scholar.google.com/scholar?q=related:SOmrAC8RvGkJ:scholar.google.com/&scioq=%22waist+circumference%22+nigeria&hl=en&as_sdt=0,5&as_ylo=2013&as_yhi=2013&as_vis=1"
0,"JM Granka","Adaptive and Neutral Evolutionary Insights from Statistical Analyses of Population Genetic Data",2013,"","search.proquest.com","https://search.proquest.com/openview/d1c4c8d7b444c2ed9bd94f19a2451aff/1?pq-origsite=gscholar&cbl=44156","",516,"2021-07-17 18:35:28","BOOK","","","",,,,,0,0.00,0,1,8,"Adaptive and Neutral Evolutionary Insights from Statistical Analyses of Population Genetic Data. Abstract. Organismic evolution involves both selective and neutral forces, although their relative contributions are often unknown …","","https://scholar.google.com/scholar?q=related:oE3Pu7Dt4y0J:scholar.google.com/&scioq=%22waist+circumference%22+nigeria&hl=en&as_sdt=0,5&as_ylo=2013&as_yhi=2013&as_vis=1"
