Cites,Authors,Title,Year,Source,Publisher,ArticleURL,CitesURL,GSRank,QueryDate,Type,DOI,ISSN,CitationURL,Volume,Issue,StartPage,EndPage,ECC,CitesPerYear,CitesPerAuthor,AuthorCount,Age,Abstract,FullTextURL,RelatedURL
68,"IM Siminialayi, PC Emem-Chioma…","The prevalence of obesity as indicated by BMI and waist circumference among Nigerian adults attending family medicine clinics as outpatients in Rivers State",2008,"Nigerian Journal of …","ajol.info","https://www.ajol.info/index.php/njm/article/view/37407","https://scholar.google.com/scholar?cites=8359702655485417078&as_sdt=2005&sciodt=0,5&hl=en",1,"2021-07-17 17:21:18","","","","",,,,,68,5.23,23,3,13,"Background: The prevalence of overweight and obesity in most developed countries and in urban areas of many less developed countries has been increasing markedly over the past twenty years. This study\'s aims were to determine the prevalence of obesity using BMI and …","","https://scholar.google.com/scholar?q=related:dhYZCEahA3QJ:scholar.google.com/&scioq=%22waist+circumference%22+nigeria&hl=en&as_sdt=0,5&as_ylo=2006&as_yhi=2010&as_vis=1"
22,"SM Ghazali, RA Sanusi","Waist circumference, waist to hip ratio, and body mass index in the diagnosis of metabolic syndrome in Nigerian subjects",2010,"Nigerian Journal of Physiological Sciences","ajol.info","https://www.ajol.info/index.php/njps/article/view/84650","https://scholar.google.com/scholar?cites=780190431507130979&as_sdt=2005&sciodt=0,5&hl=en",2,"2021-07-17 17:21:18","","","","",,,,,22,2.00,11,2,11,"Metabolic syndrome is the commonest controllable precursor of cardiovascular and end stage renal diseases. While central obesity is recognized universally as its strongest component, there is the need for an accurate and affordable tool to screen for the presence …","https://www.ajol.info/index.php/njps/article/view/84650/74641","https://scholar.google.com/scholar?q=related:YyokVxDL0woJ:scholar.google.com/&scioq=%22waist+circumference%22+nigeria&hl=en&as_sdt=0,5&as_ylo=2006&as_yhi=2010&as_vis=1"
16,"IO Senbanjo, OF Njokanma, KA Oshikoya","Waist circumference values of Nigerian children and adolescents",2009,"Annals of Nutrition and …","karger.com","https://www.karger.com/Article/Abstract/214833","https://scholar.google.com/scholar?cites=5419299721055072976&as_sdt=2005&sciodt=0,5&hl=en",3,"2021-07-17 17:21:18","","","","",,,,,16,1.33,5,3,12,"Aims: This study aimed to determine the waist circumference (WC) of apparently healthy Nigerian children and adolescents and to compare the obtained values with available data for children from other parts of the world. Methods: A representative sample of children from …","https://www.researchgate.net/profile/Kazeem-Oshikoya/publication/24355644_Waist_Circumference_Values_of_Nigerian_Children_and_Adolescents/links/56fe676708aee995dde72db1/Waist-Circumference-Values-of-Nigerian-Children-and-Adolescents.pdf","https://scholar.google.com/scholar?q=related:0HLcNGI4NUsJ:scholar.google.com/&scioq=%22waist+circumference%22+nigeria&hl=en&as_sdt=0,5&as_ylo=2006&as_yhi=2010&as_vis=1"
23,"B Danborno, SS Adebisi, AB Adelaiye…","Sexual dimorphism and relationship between chest, hip and waist circumference with 2D, 4D and 2D: 4D in Nigerians",2008,"The Internet Journal of …","researchgate.net","https://www.researchgate.net/profile/Barnabas-Danborno/publication/267750290_Sexual_Dimorphism_and_Relationship_between_Chest_Hip_and_Waist_Circumference_with_2D_4D_and_2D_4D_in_Nigerians/links/56e16d7b08ae40dc0abf02f7/Sexual-Dimorphism-and-Relationship-between-Chest-Hip-and-Waist-Circumference-with-2D-4D-and-2D-4D-in-Nigerians.pdf","https://scholar.google.com/scholar?cites=8370000556147359226&as_sdt=2005&sciodt=0,5&hl=en",4,"2021-07-17 17:21:18","PDF","","","",,,,,23,1.77,6,4,13,"Rescently the subject of 2D: 4D ratio has received great attention because reports have linked to traits that are influenced by testosterone and estrogen. The present paper reports the study of 2D, 4D and 2D: 4D and their relationship to some anthropometric traits in …","https://www.researchgate.net/profile/Barnabas-Danborno/publication/267750290_Sexual_Dimorphism_and_Relationship_between_Chest_Hip_and_Waist_Circumference_with_2D_4D_and_2D_4D_in_Nigerians/links/56e16d7b08ae40dc0abf02f7/Sexual-Dimorphism-and-Relationship-between-Chest-Hip-and-Waist-Circumference-with-2D-4D-and-2D-4D-in-Nigerians.pdf","https://scholar.google.com/scholar?q=related:-j383ig3KHQJ:scholar.google.com/&scioq=%22waist+circumference%22+nigeria&hl=en&as_sdt=0,5&as_ylo=2006&as_yhi=2010&as_vis=1"
8,"DO Adeyemi, OA Komolafe, AI Abioye","Variations in body mass indices among post-pubertal Nigerian subjects with correlation to cormic indices, mid-arm circumferences and waist circumferences.",2009,"Internet Journal of …","cabdirect.org","https://www.cabdirect.org/cabdirect/abstract/20093055463","https://scholar.google.com/scholar?cites=7822334937640703334&as_sdt=2005&sciodt=0,5&hl=en",5,"2021-07-17 17:21:18","","","","",,,,,8,0.67,3,3,12,"Overweight and obesity are the leading nutrition-related disorders of clinical and public health concern. Assessment and classification of these conditions are dependent on specific body mass index (BMI) cut-off points. A study of BMI with correlation to Cormic index (CI, sitting height …","","https://scholar.google.com/scholar?q=related:ZpUzaC6EjmwJ:scholar.google.com/&scioq=%22waist+circumference%22+nigeria&hl=en&as_sdt=0,5&as_ylo=2006&as_yhi=2010&as_vis=1"
12,"OE Essien, EJ Peters, AE Udoh, JU Ekott…","Prevalence and pattern of abnormal glucose tolerance in adult Nigerians with primary hypertension",2007,"Nigerian Journal of …","ajol.info","https://www.ajol.info/index.php/njm/article/view/37281","https://scholar.google.com/scholar?cites=16223532803064461946&as_sdt=2005&sciodt=0,5&hl=en",6,"2021-07-17 17:21:18","","","","",,,,,12,0.86,2,5,14,"… The hypertensives with abnormal glucose tolerance had higher body mass index and waist circumference, than hypertensives with … Nigerian Journal of Medicine Vol … 29) Lesotho (1) Libya (2) Madagascar (1) Malawi (4) Mauritius (3) Mozambique (1) Nigeria (222) Rwanda (7 …","","https://scholar.google.com/scholar?q=related:evqN4CCRJeEJ:scholar.google.com/&scioq=%22waist+circumference%22+nigeria&hl=en&as_sdt=0,5&as_ylo=2006&as_yhi=2010&as_vis=1"
285,"OO Oladapo, L Salako, O Sodiq, K Shoyinka…","A prevalence of cardiometabolic risk factors among a rural Yoruba south-western Nigerian population: a population-based survey: cardiovascular topics",2010,"… journal of Africa","journals.co.za","https://journals.co.za/doi/abs/10.10520/EJC23323","https://scholar.google.com/scholar?cites=3622257566142375370&as_sdt=2005&sciodt=0,5&hl=en",7,"2021-07-17 17:21:18","","10.10520/EJC23323","","",,,,,285,25.91,57,5,11,"… to determine the prevalence of cardiometabolic risk factors in a western Nigerian rural adult … to 6.4 and 1.6%, respectively, as recorded in a previous study in Nigeria.36 This … Previous studies have shown that waist circumference was positively correlated with blood pressure and …","https://www.ncbi.nlm.nih.gov/pmc/articles/PMC3721297/","https://scholar.google.com/scholar?q=related:yiXjmhDYRDIJ:scholar.google.com/&scioq=%22waist+circumference%22+nigeria&hl=en&as_sdt=0,5&as_ylo=2006&as_yhi=2010&as_vis=1"
62,"CI Okafor, OA Fasanmade, DA Oke","Pattern of dyslipidaemia among Nigerians with type 2 diabetes mellitus",2008,"Nigerian journal of clinical practice","ajol.info","https://www.ajol.info/index.php/njcp/article/view/11367","https://scholar.google.com/scholar?cites=11526516848003336783&as_sdt=2005&sciodt=0,5&hl=en",8,"2021-07-17 17:21:18","","","","",,,,,62,4.77,21,3,13,"… BMI (kg/m2) 28.7 ± 5.2 28.3 ± 5.3 29.1 ± 5.1 27.2 ± 3.8 < 0.05 Waist circumference (cm) 97.6±12.5 95.4±12.4 99.6 ± 12.2 91.8 ± 13.0 < 0.01 … Lipid Profile of Healthy Adult Nigerians in Port Harcourt, Nigeria. Nigerian Journal of Medicine 2006; 15(2): 137 140. 23 …","https://www.ajol.info/index.php/njcp/article/view/11367/63546","https://scholar.google.com/scholar?q=related:T0rLzgBq9p8J:scholar.google.com/&scioq=%22waist+circumference%22+nigeria&hl=en&as_sdt=0,5&as_ylo=2006&as_yhi=2010&as_vis=1"
11,"AA Famodu, OA Awodu","Anthropometric indices as determinants of haemorheological cardiovascular disease risk factors in Nigerian adults living in a semi-urban community",2009,"Clinical hemorheology and …","content.iospress.com","https://content.iospress.com/articles/clinical-hemorheology-and-microcirculation/ch1244","https://scholar.google.com/scholar?cites=14790324635414901991&as_sdt=2005&sciodt=0,5&hl=en",9,"2021-07-17 17:21:18","","","","",,,,,11,0.92,6,2,12,"… indices as determinants of haemorheological cardiovascular disease risk factors in Nigerian adults living in … of Medicine, College of Medical Sciences, University of Benin, Benin City, Nigeria … HCT) with measures of obesity (body mass index (BMI), waist circumference (WC) and …","","https://scholar.google.com/scholar?q=related:5zSdtuTJQc0J:scholar.google.com/&scioq=%22waist+circumference%22+nigeria&hl=en&as_sdt=0,5&as_ylo=2006&as_yhi=2010&as_vis=1"
27,"FB Sani, FEO Anumah","Electrocardiographic abnormalities in persons with type 2 diabetes in Kaduna, Northern Nigeria",2009,"Int J Diabetes Metabol","vlibrary.emro.who.int","https://vlibrary.emro.who.int/imemr/electrocardiographic-abnormalities-in-persons-with-type-2-diabetes-in-kaduna-northern-nigeria-2/","https://scholar.google.com/scholar?cites=5551664294228575833&as_sdt=2005&sciodt=0,5&hl=en",10,"2021-07-17 17:21:18","","","","",,,,,27,2.25,14,2,12,"… BMI and waist circumference were significantly [p<0.05] higher in diabetics [BMI 27.89 +/- 1.78 kg/M [2], WC 96 +/- 10.2 cm] compared to … Ischaemic heart disease is emerging fast, in a developing, poverty-stricken environment like Nigeria and should be routinely examined …","","https://scholar.google.com/scholar?q=related:Wca2-UJ5C00J:scholar.google.com/&scioq=%22waist+circumference%22+nigeria&hl=en&as_sdt=0,5&as_ylo=2006&as_yhi=2010&as_vis=1"
1,"DT Goon, AL Toriola, BS Shaw, I Shaw…","Gender differences in waist circumference in Nigerian Children: kinanthropometry",2009,"African Journal for …","journals.co.za","https://journals.co.za/doi/abs/10.10520/EJC19565","https://scholar.google.com/scholar?cites=8917130378858356695&as_sdt=2005&sciodt=0,5&hl=en",11,"2021-07-17 17:21:18","","10.10520/EJC19565","","",,,,,1,0.08,0,5,12,"The aim of this study was to develop age-and sex-specific reference values for waist circumference (WC) based on a sample of 2015 primary school children (ie 979 boys and 1036 girls aged 9-12 years) who were randomly selected from 19 primary schools in …","","https://scholar.google.com/scholar?q=related:11-yp9UCwHsJ:scholar.google.com/&scioq=%22waist+circumference%22+nigeria&hl=en&as_sdt=0,5&as_ylo=2006&as_yhi=2010&as_vis=1"
25,"OA Fasanmade, NU Okubadejo","Magnitude and gender distribution of obesity and abdominal adiiposity in Nigerians with type 2 diabetes mellitus",2007,"Nigerian journal of clinical practice","ajol.info","https://www.ajol.info/index.php/njcp/article/view/11308","https://scholar.google.com/scholar?cites=17388838683368750216&as_sdt=2005&sciodt=0,5&hl=en",12,"2021-07-17 17:21:18","","","","",,,,,25,1.79,13,2,14,"Nigerian Journal of Clinical Practice March 2007 Vol 10(1): 52-57 MAGNITUDE … Department of Medicine, College of Medicine, University of Lagos PMB 12003, Lagos, Nigeria … Base line characteristics (gender, age, duration of DM), weight, height, waist circumference (WC), and …","https://www.ajol.info/index.php/njcp/article/download/11308/2397","https://scholar.google.com/scholar?q=related:iPzDCqeQUfEJ:scholar.google.com/&scioq=%22waist+circumference%22+nigeria&hl=en&as_sdt=0,5&as_ylo=2006&as_yhi=2010&as_vis=1"
74,"OA Adegoke, RA Adedoyin, MO Balogun…","Prevalence of metabolic syndrome in a rural community in Nigeria",2010,"… syndrome and related …","liebertpub.com","https://www.liebertpub.com/doi/abs/10.1089/met.2009.0037","https://scholar.google.com/scholar?cites=14559154169360835853&as_sdt=2005&sciodt=0,5&hl=en",13,"2021-07-17 17:21:18","","10.1089/met.2009.0037","","",,,,,74,6.73,19,4,11,"… Conclusions: These results from a representative sample of the Nigerian rural population … Abbreviations: WC, waist circumference; HDL-C, high-density lipoprotein cholesterol; SBP, systolic blood … is one of the earliest population-based studies of metabolic syndrome in Nigeria …","https://ir.oauife.edu.ng/bitstream/handle/123456789/4161/MetabolicSyndromepaper.pdf?sequence=1","https://scholar.google.com/scholar?q=related:DWXmTpSBDMoJ:scholar.google.com/&scioq=%22waist+circumference%22+nigeria&hl=en&as_sdt=0,5&as_ylo=2006&as_yhi=2010&as_vis=1"
5,"DT Goon","Abdominal body fatness among Nigerian women: a study on the anthropometric index of waist-to-stature ratio",2010,"Pak J Med Sci","pjms.com.pk","http://pjms.com.pk/issues/julsep2010/pdf/article14.pdf","https://scholar.google.com/scholar?cites=10291425478935328127&as_sdt=2005&sciodt=0,5&hl=en",14,"2021-07-17 17:21:18","PDF","","","",,,,,5,0.45,5,1,11,"… KEY WORDS: Waist circumference, Waist-to-stature ratio, Central fatness, Nigeria. Pak J Med Sci July - September 2010 Vol. 26 No. 3 577-580 How to cite this article: Goon DT. Abdominal body fatness among Nigerian women: A study on the anthropometric index of waist-to …","http://pjms.com.pk/issues/julsep2010/pdf/article14.pdf","https://scholar.google.com/scholar?q=related:fzVYYPJ80o4J:scholar.google.com/&scioq=%22waist+circumference%22+nigeria&hl=en&as_sdt=0,5&as_ylo=2006&as_yhi=2010&as_vis=1"
15,"SA Olaitan, H Shmaila, L Sikiru, IU Lawal","Correlates of selected indices of physical fitness and duration of incarceration among inmates in some selected Nigeria prisons",2010,"Ethiopian journal of health …","ajol.info","https://www.ajol.info/index.php/ejhs/article/view/69430","https://scholar.google.com/scholar?cites=10836976570632703547&as_sdt=2005&sciodt=0,5&hl=en",15,"2021-07-17 17:21:18","","","","",,,,,15,1.36,4,4,11,"… stature, body weight, measure of overall obesity (body mass index [BMI]), measure of abdominal obesity (waist circumference [WC]) (17 … seems to have an effect on the physical fitness level of prison inmates in Kano- Nigeria … Physical fitness status of 7- 12yrs old Nigerian girls …","https://www.ajol.info/index.php/ejhs/article/download/69430/57452","https://scholar.google.com/scholar?q=related:Ow7LM8asZJYJ:scholar.google.com/&scioq=%22waist+circumference%22+nigeria&hl=en&as_sdt=0,5&as_ylo=2006&as_yhi=2010&as_vis=1"
16,"AO Akinpelu, OT Akinola, CA Gbiri","Adiposity and quality of life: a case study from an urban center in Nigeria",2009,"Journal of nutrition education and …","Elsevier","https://www.sciencedirect.com/science/article/pii/S1499404609000141","https://scholar.google.com/scholar?cites=2499796281707365629&as_sdt=2005&sciodt=0,5&hl=en",16,"2021-07-17 17:21:18","","","","",,,,,16,1.33,5,3,12,"… This study involved 900 randomly selected residents of Abesan Housing Estate, Lagos, Nigeria … Body mass index (BMI); waist circumference (WC); waist-to-hip ratio (WHR); triceps skin-fold … This finding suggests the need to further educate the Nigerian public on the association …","","https://scholar.google.com/scholar?q=related:_YQCRnkPsSIJ:scholar.google.com/&scioq=%22waist+circumference%22+nigeria&hl=en&as_sdt=0,5&as_ylo=2006&as_yhi=2010&as_vis=1"
25,"JM Oli, AA Adeyemo, GO Okafor…","Basal insulin resistance and secretion in Nigerians with type 2 diabetes mellitus",2009,"… syndrome and related …","liebertpub.com","https://www.liebertpub.com/doi/abs/10.1089/met.2009.0002","https://scholar.google.com/scholar?cites=16957697479351041547&as_sdt=2005&sciodt=0,5&hl=en",17,"2021-07-17 17:21:18","","10.1089/met.2009.0002","","",,,,,25,2.08,6,4,12,"… subjects who had been attending the Diabetes Clinic of the UNTH, Enugu, Nigeria, and who … assessment; IS, log HOMA insulin sensitivity index; T2DM, type 2 diabetes mellitus; WC, waist circumference … 13 Unfortunately we do not have such a value for Nigerian or black African …","https://www.ncbi.nlm.nih.gov/pmc/articles/pmc3139521/","https://scholar.google.com/scholar?q=related:C35BAQPYVesJ:scholar.google.com/&scioq=%22waist+circumference%22+nigeria&hl=en&as_sdt=0,5&as_ylo=2006&as_yhi=2010&as_vis=1"
15,"GE Anyanwu, J Ekezie, B Danborno…","Impact of education on obesity and blood pressure in developing countries: A study on the Ibos of Nigeria",2010,"… American journal of …","ncbi.nlm.nih.gov","https://www.ncbi.nlm.nih.gov/pmc/articles/PMC3341639/","https://scholar.google.com/scholar?cites=15305115242624874956&as_sdt=2005&sciodt=0,5&hl=en",18,"2021-07-17 17:21:18","HTML","","","",,,,,15,1.36,4,4,11,"… Department of Anatomy, Faculty of Medical Sciences, University of Nigeria, Enugu Campus, Enugu, Nigeria … 325 male and 254 female Nigerians of ages 20-80 years of the Ibo … mass index (BMI), waist hip ratio (WHR), waist height ratio (WHtR), waist circumference (WC),various …","https://www.ncbi.nlm.nih.gov/pmc/articles/PMC3341639/","https://scholar.google.com/scholar?q=related:zHkSIzmxZtQJ:scholar.google.com/&scioq=%22waist+circumference%22+nigeria&hl=en&as_sdt=0,5&as_ylo=2006&as_yhi=2010&as_vis=1"
260,"JC Seidell","Waist circumference and waist/hip ratio in relation to all-cause mortality, cancer and sleep apnea",2010,"European journal of clinical nutrition","nature.com","https://www.nature.com/articles/ejcn200971","https://scholar.google.com/scholar?cites=4069514516354462199&as_sdt=2005&sciodt=0,5&hl=en",19,"2021-07-17 17:21:18","HTML","","","",,,,,260,23.64,260,1,11,"… apnea. Download PDF. Published: 29 July 2009. Waist circumference and waist/hip ratio in relation to all-cause mortality, cancer and sleep apnea … Download PDF. Waist circumference, waist–hip ratio and all-cause mortality. What …","https://www.nature.com/articles/ejcn200971","https://scholar.google.com/scholar?q=related:93GaM-TReTgJ:scholar.google.com/&scioq=%22waist+circumference%22+nigeria&hl=en&as_sdt=0,5&as_ylo=2006&as_yhi=2010&as_vis=1"
8,"SP Ayodeji, SB Adejuyigbe…","Anthropometry survey of Nigeria paraplegics",2008,"Journal of Science and …","ajol.info","https://www.ajol.info/index.php/just/article/view/33109","https://scholar.google.com/scholar?cites=10181854429282122693&as_sdt=2005&sciodt=0,5&hl=en",20,"2021-07-17 17:21:18","","","","",,,,,8,0.62,3,3,13,"… Inter pupilliary breadth 7 8.8 10.275 Waist circumference 57 70 82.55 Waist depth 16 18 22.55 … 22(2): 145-153 Igboanugo, AC, Egharevba, F. and Ibhadode, AOA (2002). Anthropometric survey of Nigeria Adult Working Class. Nigerian Journal of Engineering Management …","https://www.ajol.info/index.php/just/article/download/33109/37298","https://scholar.google.com/scholar?q=related:xTsZXKg2TY0J:scholar.google.com/&scioq=%22waist+circumference%22+nigeria&hl=en&as_sdt=0,5&as_ylo=2006&as_yhi=2010&as_vis=1"
37,"RI Ekore, IO Ajayi, A Arije","Case finding for hypertension in young adult patients attending a missionary hospital in Nigeria",2009,"African health sciences","ajol.info","https://www.ajol.info/index.php/ahs/article/view/49014","https://scholar.google.com/scholar?cites=7341347233620245157&as_sdt=2005&sciodt=0,5&hl=en",21,"2021-07-17 17:21:18","","","","",,,,,37,3.08,12,3,12,"… pressure (p >0.05), corroborating findings from a study that said waist circumference is a … 7. Akinkugbe OO (ed). Hypertension in Non- Communicable Diseases in Nigeria (Series1) … Akinkugbe FM, Akinwolere AO, Kayode CM, Blood Pressure Patterns in Nigerian Adolescents …","https://www.ajol.info/index.php/ahs/article/view/49014/35362","https://scholar.google.com/scholar?q=related:pTq7sGm04WUJ:scholar.google.com/&scioq=%22waist+circumference%22+nigeria&hl=en&as_sdt=0,5&as_ylo=2006&as_yhi=2010&as_vis=1"
225,"II Ulasi, CK Ijoma, OD Onodugo","A community-based study of hypertension and cardio-metabolic syndrome in semi-urban and rural communities in Nigeria",2010,"BMC health …","bmchealthservres.biomedcentral …","https://bmchealthservres.biomedcentral.com/articles/10.1186/1472-6963-10-71","https://scholar.google.com/scholar?cites=536186948109582487&as_sdt=2005&sciodt=0,5&hl=en",22,"2021-07-17 17:21:18","HTML","10.1186/1472-6963-10-71","","",,,,,225,20.45,75,3,11,"The prevalence of cardio-metabolic syndrome (CMS) is increasing worldwide. In people of African descent, there is higher prevalence of hypertension and complications than other races. Bearing in mind these facts, we looked at the CMS in the general population and the population …","https://bmchealthservres.biomedcentral.com/articles/10.1186/1472-6963-10-71","https://scholar.google.com/scholar?q=related:l8BFPzDrcAcJ:scholar.google.com/&scioq=%22waist+circumference%22+nigeria&hl=en&as_sdt=0,5&as_ylo=2006&as_yhi=2010&as_vis=1"
13,"OB Ozoh, NU Okubadejo, EO Bandele, CC Chukwu","Ventiliatory function in Nigerians with type 2 diabetes",2010,"","196.45.48.59","http://196.45.48.59/handle/123456789/6719","https://scholar.google.com/scholar?cites=2239739863145405409&as_sdt=2005&sciodt=0,5&hl=en",23,"2021-07-17 17:21:18","","","","",,,,,13,1.18,3,4,11,"… B Ozoh, Department of Medicine, College of Medicine, University of Lagos, PMB 12003, Lagos, Nigeria … of the diaphragm to displace abdominal fat as well as the role of waist circumference in the … JM, Femi-Pearse D. Reference values for FEV1 and FVC in Nigerian men and …","http://196.45.48.59/bitstream/handle/123456789/6719/Ozoh%20OB%20et%20al.%20Ventilatory%20function%20in%20diabetes%20AJRM%202010.pdf?sequence=1&isAllowed=y","https://scholar.google.com/scholar?q=related:4VsQ9IknFR8J:scholar.google.com/&scioq=%22waist+circumference%22+nigeria&hl=en&as_sdt=0,5&as_ylo=2006&as_yhi=2010&as_vis=1"
307,"SA Lear, PT James, GT Ko, S Kumanyika","Appropriateness of waist circumference and waist-to-hip ratio cutoffs for different ethnic groups",2010,"European journal of clinical …","nature.com","https://www.nature.com/articles/ejcn200970","https://scholar.google.com/scholar?cites=7688372858873729015&as_sdt=2005&sciodt=0,5&hl=en",24,"2021-07-17 17:21:18","HTML","","","",,,,,307,27.91,77,4,11,"Current waist circumference (WC) and waist-to-hip ratio (WHR) cutoffs have been identified from studies of predominantly European-derived populations. However, these cutoffs may not be appropriate for other ethnic groups. This paper reviews the literature regarding ethnic differences …","https://www.nature.com/articles/ejcn200970","https://scholar.google.com/scholar?q=related:90_sYWGWsmoJ:scholar.google.com/&scioq=%22waist+circumference%22+nigeria&hl=en&as_sdt=0,5&as_ylo=2006&as_yhi=2010&as_vis=1"
14,"IM Siminialayi, PC Emem-Chioma…","Prevalence of metabolic syndrome in urban and suburban Rivers State, Nigeria: International Diabetes Federation and Adult Treatment Panel III definitions.",2010,"The Nigerian …","europepmc.org","https://europepmc.org/article/med/20539331","https://scholar.google.com/scholar?cites=1870818105041154875&as_sdt=2005&sciodt=0,5&hl=en",25,"2021-07-17 17:21:18","","","","",,,,,14,1.27,5,3,11,"… The Nigerian Postgraduate Medical Journal, 01 Jun 2010, 17(2):147-153 PMID: 20539331 … medicine clinics at an urban and a sub-urban hospital in Rivers State, Nigeria were bled … Measurements were made to determine height, weight, waist circumference and blood pressure …","","https://scholar.google.com/scholar?q=related:O_NYjid79hkJ:scholar.google.com/&scioq=%22waist+circumference%22+nigeria&hl=en&as_sdt=0,5&as_ylo=2006&as_yhi=2010&as_vis=1"
0,"E ANIEKWENSI","… CIRCUMFERENCE AND WAIST-TO-HIP RATIO AS CORRELATES OF GLUCOSE INTOLERANCE AMONG URBAN ADULTS IN JOS METROPOLIS, NIGERIA",2010,"Faculty of INTERNAL MEDICINE","dissertation.npmcn.edu.ng","http://www.dissertation.npmcn.edu.ng/index.php/FMCP/article/download/554/645","",26,"2021-07-17 17:21:18","PDF","","","",,,,,0,0.00,0,1,11,"… AMONG URBAN ADULTS IN JOS METROPOLIS, NIGERIA A DISSERTATION SUBMITTED TO THE NATIONAL POSTGRADUATE MEDICAL COLLEGE OF NIGERIA IN PART FULFILLMENT OF THE REQUIREMENTS FOR THE AWARD OF THE FMCP IN INTERNAL MEDICINE …","http://www.dissertation.npmcn.edu.ng/index.php/FMCP/article/download/554/645","https://scholar.google.com/scholar?q=related:fu6fyImueqcJ:scholar.google.com/&scioq=%22waist+circumference%22+nigeria&hl=en&as_sdt=0,5&as_ylo=2006&as_yhi=2010&as_vis=1"
28,"KW Wahab, M Sani, M Gbadamosi…","Frequency and determinants of the metabolic syndrome in apparently healthy adult Nigerians",2008,"Tropical …","journals.sagepub.com","https://journals.sagepub.com/doi/abs/10.1258/td.2007.070335","https://scholar.google.com/scholar?cites=17464672362376058379&as_sdt=2005&sciodt=0,5&hl=en",27,"2021-07-17 17:21:18","","10.1258/td.2007.070335","","",,,,,28,2.15,7,4,13,"… Download article citation data for: Frequency and determinants of the metabolic syndrome in apparently healthy adult Nigerians. Kolawole Wasiu Wahab, MBBS FMCP , Mahmoud Sani, MBBS FWACP , Maruf Gbadamosi, MBBS , and Mahmoud Yandutse, BSc …","https://www.researchgate.net/profile/Mahmoud-Sani/publication/23285868_Frequency_and_determinants_of_the_metabolic_syndrome_in_apparently_healthy_adult_Nigerians/links/0deec5297bcca46f59000000/Frequency-and-determinants-of-the-metabolic-syndrome-in-apparently-healthy-adult-Nigerians.pdf","https://scholar.google.com/scholar?q=related:C9YBVvv6XvIJ:scholar.google.com/&scioq=%22waist+circumference%22+nigeria&hl=en&as_sdt=0,5&as_ylo=2006&as_yhi=2010&as_vis=1"
128,"MU Sani, KW Wahab, BO Yusuf, M Gbadamosi…","Modifiable cardiovascular risk factors among apparently healthy adult Nigerian population-a cross sectional study",2010,"BMC research …","Springer","https://link.springer.com/article/10.1186/1756-0500-3-11","https://scholar.google.com/scholar?cites=17309084706708195780&as_sdt=2005&sciodt=0,5&hl=en",28,"2021-07-17 17:21:18","HTML","10.1186/1756-0500-3-11","","",,,,,128,11.64,26,5,11,"… cross-sectional study carried out in Katsina city, in the north western region of Nigeria between March … of 1:1.05, is composed majorly of Hausa and Fulani tribes while other Nigerian tribes are … syndrome if he or she has three or more of the following: waist circumference >102 cm …","https://link.springer.com/article/10.1186/1756-0500-3-11","https://scholar.google.com/scholar?q=related:xAl9UtU4NvAJ:scholar.google.com/&scioq=%22waist+circumference%22+nigeria&hl=en&as_sdt=0,5&as_ylo=2006&as_yhi=2010&as_vis=1"
16,"BC Unadike, A Eregie…","Prevalence and types of sexual dysfunction among males with diabetes in Nigeria",2008,"Mera …","africanjournalofdiabetesmedicine …","https://www.africanjournalofdiabetesmedicine.com/articles/DI%20Nov%2008%2018-20.pdf","https://scholar.google.com/scholar?cites=3768569736877307068&as_sdt=2005&sciodt=0,5&hl=en",29,"2021-07-17 17:21:18","PDF","","","",,,,,16,1.23,5,3,13,"… were recruited from the diabetes clinics of the University of Benin Teaching Hospital and Central Hospital, both in Benin City in Nigeria … Height, weight, body mass index (BMI) and waist circumference, and the type and duration of diabetes were also documented in the study …","https://www.africanjournalofdiabetesmedicine.com/articles/DI%20Nov%2008%2018-20.pdf","https://scholar.google.com/scholar?q=related:vPTbfTWmTDQJ:scholar.google.com/&scioq=%22waist+circumference%22+nigeria&hl=en&as_sdt=0,5&as_ylo=2006&as_yhi=2010&as_vis=1"
6,"DT Goon, AL Toriola, BS Shaw, I Shaw…","Centripetal fat patterning in Nigerian children",2009,"African Journal for …","journals.co.za","https://journals.co.za/doi/abs/10.10520/EJC19600","https://scholar.google.com/scholar?cites=9291042274777927103&as_sdt=2005&sciodt=0,5&hl=en",30,"2021-07-17 17:21:18","","10.10520/EJC19600","","",,,,,6,0.50,1,5,12,"… of centripetal fat patterning in Nigerian children. A cross-sectional study of 2015 children, aged 9-12 years of age who were attending primary schools in Makurdi, Nigeria was undertaken. Anthropometric measurements included body mass, stature and waist circumference …","https://www.researchgate.net/profile/Brandon-Shaw-3/publication/235733755_Centripetal_fat_patterning_in_Nigerian_children/links/5515158a0cf260a7cb2e7f65/Centripetal-fat-patterning-in-Nigerian-children.pdf","https://scholar.google.com/scholar?q=related:v41GDblp8IAJ:scholar.google.com/&scioq=%22waist+circumference%22+nigeria&hl=en&as_sdt=0,5&as_ylo=2006&as_yhi=2010&as_vis=1"
20,"RT Ikem, BA Kolawole, EO Ojofeitimi, A Salawu…","A controlled comparison of the effect of a high fiber diet on the glycemic and lipid profile of Nigerian clinic patients with type 2 diabetes",2007,"Pakistan J Nutr","Citeseer","http://citeseerx.ist.psu.edu/viewdoc/download?doi=10.1.1.488.844&rep=rep1&type=pdf","https://scholar.google.com/scholar?cites=8221275471677130217&as_sdt=2005&sciodt=0,5&hl=en",31,"2021-07-17 17:21:18","PDF","","","",,,,,20,1.43,4,5,14,"… fibre diet on the glycemic and lipid profile of tablet treated type 2 Nigerian diabetics … analysis of variance for the follow up period showed a significant lowering of waist circumference p = 0.002 … also witnessed the emergence of T2D as a major health problem in Nigeria and other …","http://citeseerx.ist.psu.edu/viewdoc/download?doi=10.1.1.488.844&rep=rep1&type=pdf","https://scholar.google.com/scholar?q=related:6YXyuXvWF3IJ:scholar.google.com/&scioq=%22waist+circumference%22+nigeria&hl=en&as_sdt=0,5&as_ylo=2006&as_yhi=2010&as_vis=1"
46,"OHI Majane, GR Norton, MJ Maseko…","The association of waist circumference with ambulatory blood pressure is independent of alternative adiposity indices",2007,"Journal of …","journals.lww.com","https://journals.lww.com/jhypertension/fulltext/2007/09000/the_association_of_waist_circumference_with.9.aspx","https://scholar.google.com/scholar?cites=18288929073846653171&as_sdt=2005&sciodt=0,5&hl=en",32,"2021-07-17 17:21:18","","","","",,,,,46,3.29,12,4,14,"Aim The relationship between waist circumference (WC) and conventional blood pressure (BP) is inde.","https://www.academia.edu/download/41496152/The_association_of_waist_circumference_w20160123-17324-125vrb3.pdf","https://scholar.google.com/scholar?q=related:85DxABhUz_0J:scholar.google.com/&scioq=%22waist+circumference%22+nigeria&hl=en&as_sdt=0,5&as_ylo=2006&as_yhi=2010&as_vis=1"
11,"B Danborno, JE Oyibo","Anthropometric and menstrual characteristics of girls from Nigeria and Niger Republic",2008,"The Internet Journal of Biological …","researchgate.net","https://www.researchgate.net/profile/Barnabas-Danborno/publication/267750514_Anthropometric_and_Menstrual_Characteristics_of_Girls_from_Nigeria_and_Niger_Republic/links/56e7ec4e08aea51e7f3af20c/Anthropometric-and-Menstrual-Characteristics-of-Girls-from-Nigeria-and-Niger-Republic.pdf","https://scholar.google.com/scholar?cites=13831887120004782072&as_sdt=2005&sciodt=0,5&hl=en",33,"2021-07-17 17:21:18","PDF","","","",,,,,11,0.85,6,2,13,"… The waist-hip-ratio was calculated as WHR= waist circumference (cm) /hip circumference `cm) Menstrual Characteristics … Table 2: Menstrual characteristics of girls from Nigeria and Niger Republic Table 3: Menstrual disorders in Nigerian and Nigerien girls …","https://www.researchgate.net/profile/Barnabas-Danborno/publication/267750514_Anthropometric_and_Menstrual_Characteristics_of_Girls_from_Nigeria_and_Niger_Republic/links/56e7ec4e08aea51e7f3af20c/Anthropometric-and-Menstrual-Characteristics-of-Girls-from-Nigeria-and-Niger-Republic.pdf","https://scholar.google.com/scholar?q=related:-JcvGQ289L8J:scholar.google.com/&scioq=%22waist+circumference%22+nigeria&hl=en&as_sdt=0,5&as_ylo=2006&as_yhi=2010&as_vis=1"
0,"TH Raimi, OO Odusan, OA Fasanmade, AO Odewabi…","Insulin Resistance In Semi-Urban South Western Nigeria.",2010,"","ir.unilag.edu.ng","https://ir.unilag.edu.ng/handle/123456789/8630","",34,"2021-07-17 17:21:18","","","","",,,,,0,0.00,0,5,11,"… and its relationship with indices of obesity in a semi urban Nigeria SUBJECTS, MATERIALS … Of the three indices of obesity, waist circumference contributed most to HOMA-IR. CONCLUSION Insulin resistance is common in the South Western Nigerian population studied, and the …","",""
37,"MN Okobia, CH Bunker, JM Zmuda, U Osime…","Anthropometry and breast cancer risk in Nigerian women",2006,"The breast …","Wiley Online Library","https://onlinelibrary.wiley.com/doi/abs/10.1111/j.1075-122X.2006.00304.x","https://scholar.google.com/scholar?cites=5457239838787289759&as_sdt=2005&sciodt=0,5&hl=en",35,"2021-07-17 17:21:18","","10.1111/j.1075-122X.2006.00304.x","","",,,,,37,2.47,7,5,15,"… Benin City; Nnamdi Azikiwe University Teaching Hospital, Nnewi; University of Nigeria Teaching Hospital … of Pittsburgh and the research/ethics committees of the four Nigerian institutions … kg/m 2 ) and WHR was calculated by dividing the waist circumference (in centimeters) by …","https://www.academia.edu/download/48095910/j.1075-122x.2006.00304.x20160816-3083-19pfv7e.pdf","https://scholar.google.com/scholar?q=related:n8IGPbgCvEsJ:scholar.google.com/&scioq=%22waist+circumference%22+nigeria&hl=en&as_sdt=0,5&as_ylo=2006&as_yhi=2010&as_vis=1"
14,"JA Kayode, AO Sola, AS Matthew…","Lipid profile of type 2 diabetic patients at a rural tertiary hospital in Nigeria",2010,"Journal of Diabetes …","academicjournals.org","https://academicjournals.org/journal/JDE/article-abstract/D68F295862","https://scholar.google.com/scholar?cites=1880262773359394060&as_sdt=2005&sciodt=0,5&hl=en",36,"2021-07-17 17:21:18","","","","",,,,,14,1.27,4,4,11,"… J., 38: 1-5. Akinkugbe OO (2000). Non-communicable diseases in Nigeria: The Next Epidemics … Waist circumference as a measure for indicating need for weight management. BMJ, 311: 158 - 161 … Characterization of lipid parameters in diabetes mellitus – a Nigerian report. Int …","https://academicjournals.org/journal/JDE/article-full-text-pdf/D68F295862.pdf","https://scholar.google.com/scholar?q=related:DD16wgcJGBoJ:scholar.google.com/&scioq=%22waist+circumference%22+nigeria&hl=en&as_sdt=0,5&as_ylo=2006&as_yhi=2010&as_vis=1"
8,"IM Siminialayi, PC Emem-chioma","Metabolic syndrome in a rural Nigerian community: Is central obesity always the key determinant?",2008,"Nigerian Health Journal","ajol.info","https://www.ajol.info/index.php/nhj/article/view/90804","https://scholar.google.com/scholar?cites=14539039268592232929&as_sdt=2005&sciodt=0,5&hl=en",37,"2021-07-17 17:21:18","","","","",,,,,8,0.62,4,2,13,"… Measurements were made to determine height, weight, waist circumference and blood pressure … always the key Determinant? The Nigerian Health Journal, Vol. 8, No 3 -4, July - December 2008 Page 2. Page 49 community of Odufor Etche, Rivers State, Nigeria …","https://www.ajol.info/index.php/nhj/article/download/90804/80234","https://scholar.google.com/scholar?q=related:4SnlAy8LxckJ:scholar.google.com/&scioq=%22waist+circumference%22+nigeria&hl=en&as_sdt=0,5&as_ylo=2006&as_yhi=2010&as_vis=1"
4,"OS Adediran, AK Jimoh, AE Edo…","Correlation of various anthropometric indices among Nigerians with type 2 diabetes mellitus",2007,"… Medical Research Journal","ajol.info","https://www.ajol.info/index.php/hmrj/article/view/33921","https://scholar.google.com/scholar?cites=15071240154097803233&as_sdt=2005&sciodt=0,5&hl=en",38,"2021-07-17 17:21:18","","","","",,,,,4,0.29,1,4,14,"… the correlations, if any, of the various anthropometric variables among Nigerians with type … Results: Body mass index (BMI) correlated well with waist circumference (WC) and subscapular … Libya (2) Madagascar (1) Malawi (4) Mauritius (3) Mozambique (1) Nigeria (222) Rwanda …","","https://scholar.google.com/scholar?q=related:4V-avRHNJ9EJ:scholar.google.com/&scioq=%22waist+circumference%22+nigeria&hl=en&as_sdt=0,5&as_ylo=2006&as_yhi=2010&as_vis=1"
27,"BC Unadike, NA Akpan, EJ Peters, IO Essien…","Prevalence of the metabolic syndrome among patients with type 2 diabetes mellitus in Uyo, Nigeria",2009,"African Journal of …","ajol.info","https://www.ajol.info/index.php/ajem/article/view/57575","https://scholar.google.com/scholar?cites=8796118329573466809&as_sdt=2005&sciodt=0,5&hl=en",39,"2021-07-17 17:21:18","","","","",,,,,27,2.25,5,5,12,"… with metabolic syndrome had generalized obesity, while 102 (72%) were centrally obese using waist circumference, and 1.6 (84 … The higher ratio of females may be due to the fact that Nigerian women seek medical … This is similarly reported from the study in Lagos, Nigeria (15) …","https://www.ajol.info/index.php/ajem/article/view/57575/45955","https://scholar.google.com/scholar?q=related:uWKHVAQXEnoJ:scholar.google.com/&scioq=%22waist+circumference%22+nigeria&hl=en&as_sdt=0,5&as_ylo=2006&as_yhi=2010&as_vis=1"
13,"IK Akhuemokhan, FO Ehusani-Anumah, AO Ogbera…","Hypertension in Nigerians with type 2 diabetes: a multicentre survey",2008,"","196.45.48.59","http://196.45.48.59/handle/123456789/7243","https://scholar.google.com/scholar?cites=15125037289870702194&as_sdt=2005&sciodt=0,5&hl=en",40,"2021-07-17 17:21:18","","","","",,,,,13,1.00,3,4,13,"… was to define the prevalence and characteristics of hypertension in Nigerian patients with … Patients and methods A register of different diabetes clinics across Nigeria was assessed … as history of hypertension, blood pressure (BP), body mass index (BMI), and waist circumference …","http://196.45.48.59/bitstream/handle/123456789/7243/DI%20May%2008%2017-18.pdf?sequence=1&isAllowed=y","https://scholar.google.com/scholar?q=related:crZHfUft5tEJ:scholar.google.com/&scioq=%22waist+circumference%22+nigeria&hl=en&as_sdt=0,5&as_ylo=2006&as_yhi=2010&as_vis=1"
9,"J Ekezie, SS Adebisi…","The Effect of Marital Status and Self-Reported Physical Exercise on the Adiposity and Blood Pressure of the Igbos of Nigeria.",2009,"Internet Journal of Medical …","search.ebscohost.com","http://search.ebscohost.com/login.aspx?direct=true&profile=ehost&scope=site&authtype=crawler&jrnl=16940423&AN=36619186&h=gvr%2FVsObnVVd0UimCtnV4ZUupjcD5dsLQaEPmkXCjuW7fIf%2Fo6oy4oAa3zYgWiUHGlZ8FnfIaRXryYXp0Ul4Mg%3D%3D&crl=c","https://scholar.google.com/scholar?cites=11542624304447971130&as_sdt=2005&sciodt=0,5&hl=en",41,"2021-07-17 17:21:18","","","","",,,,,9,0.75,3,3,12,"… on a cross- sectional sample of 534 subjects (309 male and 235 female) from 18 to 78 years of the Igbo ethnic group of Nigeria … Waist circumference was measured at the level of the natural waist, which is the narrowest part of the torso below the ribcage and above the hips …","","https://scholar.google.com/scholar?q=related:Ol9pQqajL6AJ:scholar.google.com/&scioq=%22waist+circumference%22+nigeria&hl=en&as_sdt=0,5&as_ylo=2006&as_yhi=2010&as_vis=1"
0,"G DT","Abdominal body fatness among Nigerian women: a study on the anthropometric index of waist-to-stature ratio",2010,"","pesquisa.bvsalud.org","https://pesquisa.bvsalud.org/portal/resource/pt/emr-97717","",42,"2021-07-17 17:21:18","","","","",,,,,0,0.00,0,1,11,"… anthropometric index has hardly been studied in Nigerian women, therefore it was aimed to screen Nigerian women for central fatness. A total of 403 women aged 20 - 51 [42.4 +/- 1.6] years were studied. Anthropometric measurements of height, waist circumference [WC] and …","",""
6,"J Ekezie, B Danborno","Spousal similarities and differences in physical and cultural traits among the Igbo ethnic group in Nigeria",2008,"The Internet Journal of Biological …","researchgate.net","https://www.researchgate.net/profile/Barnabas-Danborno/publication/288469049_Spousal_similarities_and_differences_in_physical_and_cultural_traits_among_the_Igbo_ethnic_group_in_Nigeria/links/56e16d3308ae235240906110/Spousal-similarities-and-differences-in-physical-and-cultural-traits-among-the-Igbo-ethnic-group-in-Nigeria.pdf","https://scholar.google.com/scholar?cites=9866524479586546772&as_sdt=2005&sciodt=0,5&hl=en",43,"2021-07-17 17:21:18","PDF","","","",,,,,6,0.46,3,2,13,"… couples and according to length of marriage would also be established, since such date are lacking in Nigeria, and thus … The study involved an assessment of weight, height, waist circumference, hip circumference, mid arm circumference, mid fore arm circumference, mid thigh …","https://www.researchgate.net/profile/Barnabas-Danborno/publication/288469049_Spousal_similarities_and_differences_in_physical_and_cultural_traits_among_the_Igbo_ethnic_group_in_Nigeria/links/56e16d3308ae235240906110/Spousal-similarities-and-differences-in-physical-and-cultural-traits-among-the-Igbo-ethnic-group-in-Nigeria.pdf","https://scholar.google.com/scholar?q=related:VLRzNb3v7IgJ:scholar.google.com/&scioq=%22waist+circumference%22+nigeria&hl=en&as_sdt=0,5&as_ylo=2006&as_yhi=2010&as_vis=1"
128,"MO Afolabi, AE Abioye-Kuteyi, FA Arogundade…","Prevalence of chronic kidney disease in a Nigerian family practice population",2009,"South African Family …","ajol.info","https://www.ajol.info/index.php/safp/article/view/43663","https://scholar.google.com/scholar?cites=5010988427335494884&as_sdt=2005&sciodt=0,5&hl=en",44,"2021-07-17 17:21:18","","","","",,,,,128,10.67,32,4,12,"… hip ratio is a measure of the relative accumulation of abdominal fat, while waist circumference is a … for the emerging trend of obesity in developing countries like Nigeria, and obesity … Original Research: Prevalence of chronic kidney disease in a Nigerian family practice population …","https://www.ajol.info/index.php/safp/article/download/43663/27186","https://scholar.google.com/scholar?q=related:5Ozs4GybikUJ:scholar.google.com/&scioq=%22waist+circumference%22+nigeria&hl=en&as_sdt=0,5&as_ylo=2006&as_yhi=2010&as_vis=1"
3,"IM Siminalayi, PC Emem-Chioma, OJ Odia","relative risk of metabolic syndrome components in Nigerians: The adult treatment panel III definition",2009,"Port Harcourt Medical Journal","ajol.info","https://www.ajol.info/index.php/phmedj/article/view/45265","https://scholar.google.com/scholar?cites=7262429550820917464&as_sdt=2005&sciodt=0,5&hl=en",45,"2021-07-17 17:21:18","","","","",,,,,3,0.25,1,3,12,"… Aim: To determine the prevalence of metabolic syndrome among adult Nigerians attending Family Medicine Clinics at two health facilities in Rivers State, Nigeria and to … Measurements were made to determine height, weight, waist circumference and blood pressure …","","https://scholar.google.com/scholar?q=related:2AD7zjJVyWQJ:scholar.google.com/&scioq=%22waist+circumference%22+nigeria&hl=en&as_sdt=0,5&as_ylo=2006&as_yhi=2010&as_vis=1"
19,"AF Adeniyi, AE Uloko, I Sani-Suleiman","Relationship Between the 6-minute Walk Test and Correlates of Type 2 Diabetes: Indication for caution in exercise prescription",2010,"African Journal of Physiotherapy …","ajol.info","https://www.ajol.info/index.php/ajprs/article/view/62602","https://scholar.google.com/scholar?cites=14745177417011399948&as_sdt=2005&sciodt=0,5&hl=en",46,"2021-07-17 17:21:18","","","","",,,,,19,1.73,6,3,11,"… patients with T2D was conducted at the diabetes clinic of a secondary health centre in Kano, Nigeria. The measurements included the 6-Minute Walk Distance (6MWD) for exercise capacity and the T2D correlates including age, body mass index, waist circumference and waist …","https://www.ajol.info/index.php/ajprs/article/download/62602/50533","https://scholar.google.com/scholar?q=related:DI0Ty7xkocwJ:scholar.google.com/&scioq=%22waist+circumference%22+nigeria&hl=en&as_sdt=0,5&as_ylo=2006&as_yhi=2010&as_vis=1"
110,"DK Francis, J Van den Broeck, N Younger…","Fast-food and sweetened beverage consumption: association with overweight and high waist circumference in adolescents",2009,"Public health …","cambridge.org","https://www.cambridge.org/core/journals/public-health-nutrition/article/fastfood-and-sweetened-beverage-consumption-association-with-overweight-and-high-waist-circumference-in-adolescents/8F2DD62C9C831C313909B0A2AAD2B647","https://scholar.google.com/scholar?cites=14767376775824310351&as_sdt=2005&sciodt=0,5&hl=en",47,"2021-07-17 17:21:18","","","","",,,,,110,9.17,28,4,12,"… Fast-food and sweetened beverage consumption: association with overweight and high waist circumference in adolescents … Some epidemiological studies have shown an effect of sweetened beverages or fast-food consumption on BMI and waist circumference (WC)(26–28) …","https://www.cambridge.org/core/services/aop-cambridge-core/content/view/8F2DD62C9C831C313909B0A2AAD2B647/S1368980009004960a.pdf/div-class-title-fast-food-and-sweetened-beverage-consumption-association-with-overweight-and-high-waist-circumference-in-adolescents-div.pdf","https://scholar.google.com/scholar?q=related:T4Bcy-9C8MwJ:scholar.google.com/&scioq=%22waist+circumference%22+nigeria&hl=en&as_sdt=0,5&as_ylo=2006&as_yhi=2010&as_vis=1"
120,"NM Baldé, I Diallo, MD Baldé, IS Barry, L Kaba…","Diabetes and impaired fasting glucose in rural and urban populations in Futa Jallon (Guinea): prevalence and associated risk factors",2007,"Diabetes & …","Elsevier","https://www.sciencedirect.com/science/article/pii/S1262363606000024","https://scholar.google.com/scholar?cites=1136047649467064036&as_sdt=2005&sciodt=0,5&hl=en",48,"2021-07-17 17:21:18","","","","",,,,,120,8.57,20,6,14,"… Furthermore, data collected in Nigeria [8] and Mali [9] suggested that a Fulani ethnic group would be exposed to greater risk … The cutoffs used for selected variables were defined according to the latest IDF recommendations: waist circumference according to gender (≥ 94 cm for …","https://www.academia.edu/download/46612881/Diabetes_and_impaired_fasting_glucose_in20160619-12341-7mx1zw.pdf","https://scholar.google.com/scholar?q=related:5N5mclENxA8J:scholar.google.com/&scioq=%22waist+circumference%22+nigeria&hl=en&as_sdt=0,5&as_ylo=2006&as_yhi=2010&as_vis=1"
44,"BL Salako, OS Ogah, AA Adebiyi…","Unexpectedly high prevalence of target-organ damage in newly diagnosed Nigerians with hypertension",2007,"… Journal of South …","academia.edu","https://www.academia.edu/download/42282416/Unexpectedly_high_prevalence_of_target-o20160207-22903-1icpe1t.pdf","https://scholar.google.com/scholar?cites=8566365414488996366&as_sdt=2005&sciodt=0,5&hl=en",49,"2021-07-17 17:21:18","PDF","","","",,,,,44,3.14,11,4,14,"… in the positive direction, were statistically insignificant: age (r 5 0.046, p 5 0.694), waist circumference (r 5 … of 1 723 patients seen at a tertiary centre eye clinic in Nigeria, the prevalence … This may suggests that in Nigerian populations, severe TOD is occur- ring at relatively modest …","https://www.academia.edu/download/42282416/Unexpectedly_high_prevalence_of_target-o20160207-22903-1icpe1t.pdf","https://scholar.google.com/scholar?q=related:DvrOOvXX4XYJ:scholar.google.com/&scioq=%22waist+circumference%22+nigeria&hl=en&as_sdt=0,5&as_ylo=2006&as_yhi=2010&as_vis=1"
1,"IO Amole, DA OlaOlorun","Lipid profile of adult Nigerians attending medical outpatient clinic of Baptist medical center Ogbomoso",2010,"Benin Journal of Postgraduate Medicine","ajol.info","https://www.ajol.info/index.php/bjpm/article/view/63502","https://scholar.google.com/scholar?cites=3370449826377674469&as_sdt=2005&sciodt=0,5&hl=en",50,"2021-07-17 17:21:18","","","","",,,,,1,0.09,1,2,11,"… There are two degree- awarding institutions in Ogbomoso –Ladoke Akintola University of Technology and The Nigerian Baptist Theological Seminary which attract people from other ethnic groups into the … circumference found in Okrika, Rivers State, Nigeria by Siminialayi …","https://www.ajol.info/index.php/bjpm/article/download/63502/51346","https://scholar.google.com/scholar?q=related:5a6EekI-xi4J:scholar.google.com/&scioq=%22waist+circumference%22+nigeria&hl=en&as_sdt=0,5&as_ylo=2006&as_yhi=2010&as_vis=1"
3,"IA Iwot","A comparison of coronary heart disease risk factor prevalence among offshore and onshore workers in the petroleum industry in Nigeria",2009,"","scholar.sun.ac.za","http://scholar.sun.ac.za/handle/10019.1/98214","https://scholar.google.com/scholar?cites=2284984448835489293&as_sdt=2005&sciodt=0,5&hl=en",51,"2021-07-17 17:21:18","","","","",,,,,3,0.25,3,1,12,"… One such subpopulation is workers in the Nigerian petroleum industry and this study examines their risk … in two groups of male workers of the petroleum industry in Nigeria; the onshore … Anthropometric indices included body mass index, waist circumference and waist to hip ratio …","https://scholar.sun.ac.za/bitstream/handle/10019.1/98214/Thesispostexam.pdf?sequence=1&isAllowed=y","https://scholar.google.com/scholar?q=related:DY4h9j_ltR8J:scholar.google.com/&scioq=%22waist+circumference%22+nigeria&hl=en&as_sdt=0,5&as_ylo=2006&as_yhi=2010&as_vis=1"
0,"CD DOLAPO","… BETWEEN BODY MASS INDEX AND HEALTH RELATED QUALITY OF LIFE AMONG ADULTS IN MUSHIN LOCAL GOVERNMENT, LAGOS STATE, NIGERIA",2009,"PUBLIC HEALTH","dissertation.npmcn.edu.ng","http://dissertation.npmcn.edu.ng/index.php/FMCPH/article/view/2451","",52,"2021-07-17 17:21:18","HTML","","","",,,,,0,0.00,0,1,12,"… and the relationship between anthropometrics and associated factors, and Health Related Quality of Life among adults in Mushin Local Government Area of Lagos state, Nigeria … The individuals' weight, height, waist circumference and blood pressure were also measured …","http://dissertation.npmcn.edu.ng/index.php/FMCPH/article/view/2451","https://scholar.google.com/scholar?q=related:TmbyqMP0O0YJ:scholar.google.com/&scioq=%22waist+circumference%22+nigeria&hl=en&as_sdt=0,5&as_ylo=2006&as_yhi=2010&as_vis=1"
47,"RA Adedoyin, CE Mbada, LA Bisiriyu…","Relationship of anthropometric indicators with blood pressure levels and the risk of hypertension in Nigerian adults",2008,"… journal of general …","ncbi.nlm.nih.gov","https://www.ncbi.nlm.nih.gov/pmc/articles/PMC2840543/","https://scholar.google.com/scholar?cites=11176336470734108226&as_sdt=2005&sciodt=0,5&hl=en",53,"2021-07-17 17:21:18","HTML","","","",,,,,47,3.62,12,4,13,"… Little is known about the anthropometry–blood pressure relationship in indigent Nigerian adult population, while … range of underweight and obesity as a primary risk factor of hypertension in adult Nigerians … in the ancient Yoruba town of Ile-Ife, in the south-western part of Nigeria …","https://www.ncbi.nlm.nih.gov/pmc/articles/PMC2840543/","https://scholar.google.com/scholar?q=related:QnZZLM5SGpsJ:scholar.google.com/&scioq=%22waist+circumference%22+nigeria&hl=en&as_sdt=0,5&as_ylo=2006&as_yhi=2010&as_vis=1"
0,"J De Ridder, DT Goon, AL Toriola, BS Shaw, I Shaw…","Centripetal fat patterning in Nigeria children",2009,"","repository.nwu.ac.za","http://repository.nwu.ac.za/handle/10394/3318","",54,"2021-07-17 17:21:18","","","","",,,,,0,0.00,0,6,12,"… of centripetal fat patterning in Nigerian children. A cross-sectional study of 2015 children, aged 9-12 years of age who were attending primary schools in Makurdi, Nigeria was undertaken. Anthropometric measurements included body mass, stature and waist circumference …","",""
382,"A Misra, NK Vikram, R Gupta, RM Pandey…","Waist circumference cutoff points and action levels for Asian Indians for identification of abdominal obesity",2006,"International journal of …","nature.com","https://www.nature.com/articles/0803111","https://scholar.google.com/scholar?cites=7051174198907705287&as_sdt=2005&sciodt=0,5&hl=en",55,"2021-07-17 17:21:18","","","","",,,,,382,25.47,76,5,15,"Waist circumference cutoff points and action levels for Asian Indians for identification of abdominal obesity. Download PDF. Published: 27 September 2005. Waist circumference cutoff points and action levels for Asian Indians for identification of abdominal obesity …","https://www.academia.edu/download/50229398/Waist_circumference_cutoff_points_and_ac20161110-30220-f33wl.pdf","https://scholar.google.com/scholar?q=related:xxdLP5PN2mEJ:scholar.google.com/&scioq=%22waist+circumference%22+nigeria&hl=en&as_sdt=0,5&as_ylo=2006&as_yhi=2010&as_vis=1"
271,"M Hult, P Tornhammar, P Ueda, C Chima…","Hypertension, diabetes and overweight: looming legacies of the Biafran famine",2010,"PloS one","journals.plos.org","https://journals.plos.org/plosone/article?id=10.1371/journal.pone.0013582","https://scholar.google.com/scholar?cites=5838069810721394913&as_sdt=2005&sciodt=0,5&hl=en",56,"2021-07-17 17:21:18","HTML","","","",,,,,271,24.64,54,5,11,"… and overweight forty years after fetal exposure to famine afflicted Biafra during the Nigerian civil war (1967 … Cohort study performed in June 27–July 31, 2009 in Enugu, Nigeria … 5 mmHg; p<0.001) BP, increased p-glucose (+0.3 mmol/L; p<0.05) and waist circumference (+3cm, p …","https://journals.plos.org/plosone/article?id=10.1371/journal.pone.0013582","https://scholar.google.com/scholar?q=related:4RD7uY_9BFEJ:scholar.google.com/&scioq=%22waist+circumference%22+nigeria&hl=en&as_sdt=0,5&as_ylo=2006&as_yhi=2010&as_vis=1"
3,"AO Lawani, BO James, O Marakinyo","Prevalence of metabolic syndrome in schizophrenic on antipsychotics in a Nigerian Psychiatric Hospital",2009,"Nigerian Journal …","researchgate.net","https://www.researchgate.net/profile/Bawo-James/publication/233419679_Prevalence_of_Metabolic_Syndrome_in_Schizophrenics_on_Antipsychotics_in_a_Nigerian_Psychiatric_Hospital/links/0912f50a73f6f0d5a6000000/Prevalence-of-Metabolic-Syndrome-in-Schizophrenics-on-Antipsychotics-in-a-Nigerian-Psychiatric-Hospital.pdf","https://scholar.google.com/scholar?cites=10529851814734751373&as_sdt=2005&sciodt=0,5&hl=en",57,"2021-07-17 17:21:18","PDF","","","",,,,,3,0.25,1,3,12,"… the female may not be unrelated to the life-style of women in Nigeria and the … In addition, because of the Nigerian men's preference for fat women, the women are not … There is as yet no study on appropriate cutoff measure for waist circumference for epidemiological purposes for …","https://www.researchgate.net/profile/Bawo-James/publication/233419679_Prevalence_of_Metabolic_Syndrome_in_Schizophrenics_on_Antipsychotics_in_a_Nigerian_Psychiatric_Hospital/links/0912f50a73f6f0d5a6000000/Prevalence-of-Metabolic-Syndrome-in-Schizophrenics-on-Antipsychotics-in-a-Nigerian-Psychiatric-Hospital.pdf","https://scholar.google.com/scholar?q=related:jWbEmm-MIZIJ:scholar.google.com/&scioq=%22waist+circumference%22+nigeria&hl=en&as_sdt=0,5&as_ylo=2006&as_yhi=2010&as_vis=1"
253,"Q Qiao, R Nyamdorj","Is the association of type II diabetes with waist circumference or waist-to-hip ratio stronger than that with body mass index?",2010,"European journal of clinical nutrition","nature.com","https://www.nature.com/articles/ejcn200993","https://scholar.google.com/scholar?cites=15410304542251987072&as_sdt=2005&sciodt=0,5&hl=en",58,"2021-07-17 17:21:18","HTML","","","",,,,,253,23.00,127,2,11,"… II diabetes with waist circumference or waist-to-hip ratio stronger than that with body mass index? Download PDF. Published: 02 September 2009. Is the association of type II diabetes with waist circumference or waist-to-hip ratio stronger than that with body mass index …","https://www.nature.com/articles/ejcn200993","https://scholar.google.com/scholar?q=related:gLCEeVVm3NUJ:scholar.google.com/&scioq=%22waist+circumference%22+nigeria&hl=en&as_sdt=0,5&as_ylo=2006&as_yhi=2010&as_vis=1"
0,"J Jiang, J Mi, Y Sung, F Xiong…","Optimal waist circumference references for screening cardiovascular risk factors in Chinese children and adolescents",2009,"International …","internationaljournalofcardiology.com","https://www.internationaljournalofcardiology.com/article/S0167-5273(09)01326-6/abstract","",59,"2021-07-17 17:21:18","","","","",,,,,0,0.00,0,5,12,"… Objectives: To develop waist circumference (WC) percentile curves for Chinese children and … urinary sediments and comparison with dipstick urinalysis in hypertensive Nigerians TIMOTHY OLANREWAJU, ADEMOLA ADERIBIGBE University of Ilorin Teaching Hospital, Nigeria …","https://www.internationaljournalofcardiology.com/article/S0167-5273(09)01326-6/pdf",""
4,"RA Umar, SW Hassan, OF Ndukwe","Butyrylcholinesterase activity in Nigerian type 2 diabetics with and without metabolic syndrome",2010,"African Journal of Biotechnology","ajol.info","https://www.ajol.info/index.php/ajb/article/view/82582","https://scholar.google.com/scholar?cites=1405312747170433713&as_sdt=2005&sciodt=0,5&hl=en",60,"2021-07-17 17:21:18","","","","",,,,,4,0.36,1,3,11,"… Key words: Type 2 diabetes, metabolic syndrome, butyrylcholinesterase, Nigerian, diabetics … The prevalence of diabetes mellitus in Nigeria is reported to be one to four … of subjects; M = male; F = female; BMI = body mass index, WC = waist circumference; *, significantly different …","https://www.ajol.info/index.php/ajb/article/view/82582/72745","https://scholar.google.com/scholar?q=related:sQpsdX-sgBMJ:scholar.google.com/&scioq=%22waist+circumference%22+nigeria&hl=en&as_sdt=0,5&as_ylo=2006&as_yhi=2010&as_vis=1"
0,"PC Emem-Chioma, OJ Odia…","Relative Risk of Metabolic Syndrome Components in Nigerians: the Adult Treatment Panel III Definition",2009,"Port Harcourt Medical …","pesquisa.bvsalud.org","https://pesquisa.bvsalud.org/portal/resource/pt/afr-193312","",61,"2021-07-17 17:21:18","","","","",,,,,0,0.00,0,3,12,"… Aim: To determine the prevalence of metabolic syndrome among adult Nigerians attending Family Medicine Clinics at two health facilities in Rivers State; Nigeria and to … Measurements were made to determine height; weight; waist circumference and blood pressure …","",""
0,"AE ETIOBONG","THE PREVALENCE OF DIABETES MELLITUS AMONG ADULTS IN A RURAL COMMUNITY IN NORTH CENTRAL NIGERIA",2006,"Faculty of Family Medicine","dissertation.npmcn.edu.ng","http://www.dissertation.npmcn.edu.ng/index.php/FMCFM/article/view/339","",62,"2021-07-17 17:21:18","","","","",,,,,0,0.00,0,1,15,"… studies on the prevalence of diabetes have been carried out.20, 21, 23,24Most of these Nigerian studies were done more than ten years ago before the … Nigeria. Specific objectives: (a) To identify risk factors associated with … Index (BMI), waist circumference, hip …","http://www.dissertation.npmcn.edu.ng/index.php/FMCFM/article/download/339/1724","https://scholar.google.com/scholar?q=related:tHEUKpUmwDoJ:scholar.google.com/&scioq=%22waist+circumference%22+nigeria&hl=en&as_sdt=0,5&as_ylo=2006&as_yhi=2010&as_vis=1"
9,"GO Otinwa","Prevalence of Obesity and Predisposition to Metabolic Syndrome among School-Based Adolescents inBotswana andNigeria",2009,"","ir.unilag.edu.ng","https://ir.unilag.edu.ng/bitstream/handle/123456789/5492/69f9f4c650decdae4911da272885dfee96ab(1).pdf?sequence=1","https://scholar.google.com/scholar?cites=13347698805088012463&as_sdt=2005&sciodt=0,5&hl=en",63,"2021-07-17 17:21:18","PDF","","","",,,,,9,0.75,9,1,12,"… even though it is now an important part of the new and modern life in Nigeria … Although the Nigerian adolescents have more access to recreation opportunities, it is … differences in age, height, body weight, BMI, hip circumference and waist/hip ratio except in waist circumference …","https://ir.unilag.edu.ng/bitstream/handle/123456789/5492/69f9f4c650decdae4911da272885dfee96ab(1).pdf?sequence=1","https://scholar.google.com/scholar?q=related:r0gtFliNPLkJ:scholar.google.com/&scioq=%22waist+circumference%22+nigeria&hl=en&as_sdt=0,5&as_ylo=2006&as_yhi=2010&as_vis=1"
0,"S Wuam, JH De Ridder, LO Amusa…","Centripetal fat patterning in Nigerian children: growth and development",2009,"African Journal for …","ingentaconnect.com","https://www.ingentaconnect.com/content/sabinet/ajpherd/2009/00000015/00000004/art00015","",64,"2021-07-17 17:21:18","","","","",,,,,0,0.00,0,4,12,"… of centripetal fat patterning in Nigerian children. A cross-sectional study of 2015 children, aged 9-12 years of age who were attending primary schools in Makurdi, Nigeria was undertaken. Anthropometric measurements included body mass, stature and waist circumference …","",""
24,"UA Onyechi, AC Okolo","Prevalence of obesity among undergraduate students, living in halls of residence, University of Nigeria, Nsukka Campus, Enugu State",2008,"Animal Research International","ajol.info","https://www.ajol.info/index.php/ari/article/view/48764","https://scholar.google.com/scholar?cites=1169407930264178713&as_sdt=2005&sciodt=0,5&hl=en",65,"2021-07-17 17:21:18","","","","",,,,,24,1.85,12,2,13,"… Abdominal adiposity is defined as a waist circumference of ≥ 102cm for men and ≥88 cm for women … Okosun et al., (1999) showed in their study of six population of West African descent of which Nigeria is one, that the prevalence of hypertension was closely linked to …","https://www.ajol.info/index.php/ari/article/view/48764/35115","https://scholar.google.com/scholar?q=related:GdDrGFGSOhAJ:scholar.google.com/&scioq=%22waist+circumference%22+nigeria&hl=en&as_sdt=0,5&as_ylo=2006&as_yhi=2010&as_vis=1"
0,"SI Onung, AA Adigun, AO Okunromade…","Peripheral arterial disease burden among persons living with diabetes mellitus in Lagos, Nigeria",2010,"","ir.unilag.edu.ng","https://ir.unilag.edu.ng/handle/123456789/8486","",66,"2021-07-17 17:21:18","","","","",,,,,0,0.00,0,4,11,"… METHODS: This is a randomized cross- sectional pilot study involving diabetic patients currently attending the diabetic clinic of LUTH, Nigeria … 67.5% of the patients had an abnormal waist circumference while 57.0% of the hypertensive patients were found to have an abnormal …","",""
1,"AO Ogbera, OA Fasanmade, S Chinenye…","Characterization of newly registered patients with diabetes mellitus in an out patient facility in Nigeria",2007,"","ir.unilag.edu.ng","https://ir.unilag.edu.ng/bitstream/handle/123456789/7514/REGISTERED%20PATIENT%20WITH%20DIABETES.pdf?sequence=1","https://scholar.google.com/scholar?cites=7938572326340712626&as_sdt=2005&sciodt=0,5&hl=en",67,"2021-07-17 17:21:18","PDF","","","",,,,,1,0.07,0,4,14,"… Table 1 : Anthropometric and glycaemicindices in the study subjects ""Waist circumference, §Duration of diabetes mellitus … CO, Udeh NJ, Ludvigsson J. Prevalence and clinical picture of IDDM in Nigeria Igbo schoolchildren … Prevalence ofdiabetes mellitus ina Nigerian population …","https://ir.unilag.edu.ng/bitstream/handle/123456789/7514/REGISTERED%20PATIENT%20WITH%20DIABETES.pdf?sequence=1","https://scholar.google.com/scholar?q=related:sthIb3h5K24J:scholar.google.com/&scioq=%22waist+circumference%22+nigeria&hl=en&as_sdt=0,5&as_ylo=2006&as_yhi=2010&as_vis=1"
3,"IDMD GEZAWA","NORMATIVE ANTHROPOMETRIC VALUES AND GLUCOSE INTOLERANCE AMONG ADULTS IN MAIDUGURI NORTH-EASTERN NIGERIA",2010,"Faculty of INTERNAL MEDICINE","dissertation.npmcn.edu.ng","http://dissertation.npmcn.edu.ng/index.php/FMCP/article/view/557","https://scholar.google.com/scholar?cites=12257056768113992566&as_sdt=2005&sciodt=0,5&hl=en",68,"2021-07-17 17:21:18","","","","",,,,,3,0.27,3,1,11,"… Africa. However, in a study of obesity among Nigerian adults living with diabetes … women 25-74years of age from Nigeria, Jamaica and Americans of African origin, also showed a strong correlation of waist circumference with the risk of hypertension and type 2 diabetes mellitus …","https://dissertation.npmcn.edu.ng/index.php/FMCP/article/download/557/642","https://scholar.google.com/scholar?q=related:dmM7nzDQGaoJ:scholar.google.com/&scioq=%22waist+circumference%22+nigeria&hl=en&as_sdt=0,5&as_ylo=2006&as_yhi=2010&as_vis=1"
20,"ISI Ogbu, CI Neboh","The prevalence of prediabetes among hypertensive patients in Enugu, southeast Nigeria",2009,"Nigerian Medical Journal","nigeriamedj.com","https://nigeriamedj.com/article.asp?issn=0300-1652;year=2009;volume=50;issue=1;spage=14;epage=17;aulast=Ogbu","https://scholar.google.com/scholar?cites=9069784736348128231&as_sdt=2005&sciodt=0,5&hl=en",69,"2021-07-17 17:21:18","HTML","","","",,,,,20,1.67,10,2,12,"… of Nigeria Teaching Hospital (UNTH), Ituku-Ozalla, in Enugu State of Southeastern Nigeria, were consecutively … in millimole/l divided by 22.5 and waist-hip ratio (WHR) as waist circumference divided by hip … Nigerian Medical Journal | Published by Wolters Kluwer - Medknow …","https://nigeriamedj.com/article.asp?issn=0300-1652;year=2009;volume=50;issue=1;spage=14;epage=17;aulast=Ogbu","https://scholar.google.com/scholar?q=related:50NK9ylZ3n0J:scholar.google.com/&scioq=%22waist+circumference%22+nigeria&hl=en&as_sdt=0,5&as_ylo=2006&as_yhi=2010&as_vis=1"
6,"OA Busari, OG Opadijo…","Risk of developing diabetes amonghealthcare workers in a Nigerian tertiary hospital",2008,"Mera …","africanjournalofdiabetesmedicine …","https://www.africanjournalofdiabetesmedicine.com/articles/DI%20Nov%2008%2021-22.pdf","https://scholar.google.com/scholar?cites=6278106957925941513&as_sdt=2005&sciodt=0,5&hl=en",70,"2021-07-17 17:21:18","PDF","","","",,,,,6,0.46,2,3,13,"… the risk of developing type 2 diabetes among healthcare workers in a Nigerian tertiary hospital … was done at the Federal Medical Centre, Ido-Ekiti, southwest Nigeria, which is … others were age and anthropometric measurements, such as body mass index and waist circumference …","https://www.africanjournalofdiabetesmedicine.com/articles/DI%20Nov%2008%2021-22.pdf","https://scholar.google.com/scholar?q=related:CYEV8QNRIFcJ:scholar.google.com/&scioq=%22waist+circumference%22+nigeria&hl=en&as_sdt=0,5&as_ylo=2006&as_yhi=2010&as_vis=1"
0,"UA Okon, NE Udokang","Correlation between body mass index, gender, age, family history and the prevalence of diabetes mellitus in Akwa Ibom State, Nigeria",2010,"Journal of Coastal Life Medicine","ir.uniuyo.edu.ng","https://ir.uniuyo.edu.ng/id/eprint/179/","",71,"2021-07-17 17:21:18","","","","",,,,,0,0.00,0,2,11,"… The University of Uyo Teaching Hospital, Uyo, Akwa Ibom State, Nigeria was the major … 2.5.4. Measurement of waist circumference Subjects were asked to stand erect and a … 253 subjects, BMI and blood glucose level were positively correlated among Nigerian undergraduates[2 …","https://ir.uniuyo.edu.ng/id/eprint/179/1/Correlation%20between%20body%20mass%20index%2C%20gender%2C%20age%2C%20family.pdf","https://scholar.google.com/scholar?q=related:lyV0zCu7LLgJ:scholar.google.com/&scioq=%22waist+circumference%22+nigeria&hl=en&as_sdt=0,5&as_ylo=2006&as_yhi=2010&as_vis=1"
0,"TO OLUNUGA","CARDIOVASCULAR RISK FACTORS IN NEWLY DIAGNOSED HYPERTENSIVE PATIENTS IN A TEACHING HOSPITAL IN SAGAMU, NIGERIA",2008,"Faculty of INTERNAL MEDICINE","dissertation.npmcn.edu.ng","http://dissertation.npmcn.edu.ng/index.php/FMCP/article/view/539","",72,"2021-07-17 17:21:18","","","","",,,,,0,0.00,0,1,13,"… WC = Waist Circumference WHR = Waist-Hip-Ratio. Page 15 … Sagamu, Nigeria. MATERIALS AND METHOD … The findings of this study indicate that cardiovascular risk factors are common in healthy and hypertensive Nigerian subjects but more prevalent in hypertensive subjects …","https://dissertation.npmcn.edu.ng/index.php/FMCP/article/download/539/659",""
260,"J Stevens, EG Katz, RR Huxley","Associations between gender, age and waist circumference",2010,"European journal of clinical nutrition","nature.com","https://www.nature.com/articles/ejcn2009101","https://scholar.google.com/scholar?cites=2782001579005255713&as_sdt=2005&sciodt=0,5&hl=en",73,"2021-07-17 17:21:18","HTML","","","",,,,,260,23.64,87,3,11,"Associations between gender, age and waist circumference. Download PDF. Published: 09 September 2009. Associations between gender, age and waist circumference …","https://www.nature.com/articles/ejcn2009101","https://scholar.google.com/scholar?q=related:ISAvSbKnmyYJ:scholar.google.com/&scioq=%22waist+circumference%22+nigeria&hl=en&as_sdt=0,5&as_ylo=2006&as_yhi=2010&as_vis=1"
0,"S Avallone, C Guillotin, E Letessier…","P360 SHORT-TERM PROTEIN-CALORIE INTAKE AND WEIGHT LOSS AFTER BARIATRIC RESTRICTIVE AND/OR MALABSORPTIVE SURGERY IN …",2008,"Clinical Nutrition …","academia.edu","https://www.academia.edu/download/49921241/s1744-1161_2808_2970422-820161027-29119-6ihg0q.pdf","",74,"2021-07-17 17:21:18","PDF","","","",,,,,0,0.00,0,4,13,"… 181 P358 WAIST CIRCUMFERENCE VALUES OF NIGERIAN CHILDREN AND ADOLESCENTS IO Senbanjo1, OF Njokanma1, KA Oshikoya1. 1Department of Paediatrics and Child Health, Lagos State University College of Medicine, Ikeja, Lagos, Nigeria …","https://www.academia.edu/download/49921241/s1744-1161_2808_2970422-820161027-29119-6ihg0q.pdf","https://scholar.google.com/scholar?q=related:gAnwnLqp_GoJ:scholar.google.com/&scioq=%22waist+circumference%22+nigeria&hl=en&as_sdt=0,5&as_ylo=2006&as_yhi=2010&as_vis=1"
0,"O Sodiq, AO Falase, K Shoyinka…","A prevalence of cardiometabolic risk factors among a rural Yoruba south-western Nigerian population: a population-based survey: cardiovascular topics",2010,"… Journal of Africa","ingentaconnect.com","https://www.ingentaconnect.com/content/sabinet/cardio1/2010/00000021/00000001/art00011","",75,"2021-07-17 17:21:18","","","","",,,,,0,0.00,0,4,11,"… to determine the prevalence of cardiometabolic risk factors in a western Nigerian rural adult … to 6.4 and 1.6%, respectively, as recorded in a previous study in Nigeria.36 This … Previous studies have shown that waist circumference was positively correlated with blood pressure and …","","https://scholar.google.com/scholar?q=related:hcdWtdRyaIgJ:scholar.google.com/&scioq=%22waist+circumference%22+nigeria&hl=en&as_sdt=0,5&as_ylo=2006&as_yhi=2010&as_vis=1"
0,"T Olanrewaju, A Aderibigbe","Prevalence of abnormal urinary sediments and comparison with dipstick urinalysis in hypertensive Nigerians",2009,"International …","internationaljournalofcardiology.com","https://www.internationaljournalofcardiology.com/article/S0167-5273(09)01328-X/abstract","",76,"2021-07-17 17:21:18","","","","",,,,,0,0.00,0,2,12,"… Objectives: To develop waist circumference (WC) percentile curves for Chinese children and … urinary sediments and comparison with dipstick urinalysis in hypertensive Nigerians TIMOTHY OLANREWAJU, ADEMOLA ADERIBIGBE University of Ilorin Teaching Hospital, Nigeria …","https://www.internationaljournalofcardiology.com/article/S0167-5273(09)01328-X/pdf",""
0,"OA Fasanmade, NU Okubadejo","Endocrinology Unit Department of Medicine, College of Medicine, University of Lagos PMB. 12003",2007,"Nigerian Journal of Clinical Practice","ajol.info","https://www.ajol.info/index.php/njcp/article/download/11308/2397/0","",77,"2021-07-17 17:21:18","PDF","","","",,,,,0,0.00,0,2,14,"Nigerian Journal of Clinical Practice March 2007Vol 10(1):52-57 MAGNITUDE AND GENDER DISTRIBUTION OF OBESITY … 12003, Lagos, Nigeria … Base line characteristics (gender, age, duration of DM), weight, height, waist circumference (WC), and hip circumference were …","https://www.ajol.info/index.php/njcp/article/download/11308/2397/0","https://scholar.google.com/scholar?q=related:rJind4e2NjcJ:scholar.google.com/&scioq=%22waist+circumference%22+nigeria&hl=en&as_sdt=0,5&as_ylo=2006&as_yhi=2010&as_vis=1"
30,"OS Adediran, AE Edo, AK Jimoh, AE Ohwovoriole","Prevalence of the metabolic syndrome among Nigerians with type 2 diabetes",2007,"Diabetes Int","researchgate.net","https://www.researchgate.net/profile/Andrew-Edo/publication/285311473_Prevalence_of_the_metabolic_syndrome_among_Nigerians_with_type_2_diabetes/links/578cc7d608ae7a588ef3cc75/Prevalence-of-the-metabolic-syndrome-among-Nigerians-with-type-2-diabetes.pdf","https://scholar.google.com/scholar?cites=11161269868439882276&as_sdt=2005&sciodt=0,5&hl=en",78,"2021-07-17 17:21:18","PDF","","","",,,,,30,2.14,8,4,14,"… of the whole group were centrally obese using WHR, and 42% were obese using waist circumference (WC) only … have led to an increase in the prevalence of type 2 diabetes in Nigeria.8 About … proportion of females to males (6:4) may be due to the nature of Nigerian women …","https://www.researchgate.net/profile/Andrew-Edo/publication/285311473_Prevalence_of_the_metabolic_syndrome_among_Nigerians_with_type_2_diabetes/links/578cc7d608ae7a588ef3cc75/Prevalence-of-the-metabolic-syndrome-among-Nigerians-with-type-2-diabetes.pdf","https://scholar.google.com/scholar?q=related:JEqhds_L5JoJ:scholar.google.com/&scioq=%22waist+circumference%22+nigeria&hl=en&as_sdt=0,5&as_ylo=2006&as_yhi=2010&as_vis=1"
1,"SA Adeniran, LO Amusa, AL Toriola…","Anatomical fat patterning in male Nigerian soccer players: anthropometry",2009,"African Journal for …","journals.co.za","https://journals.co.za/doi/abs/10.10520/EJC19575","https://scholar.google.com/scholar?cites=15086619471335646333&as_sdt=2005&sciodt=0,5&hl=en",79,"2021-07-17 17:21:18","","10.10520/EJC19575","","",,,,,1,0.08,0,4,12,"… major national sports competition, the Nigerian Universities Games Association (NUGA), when level of fitness is usually … athletes in Nigeria. Table 1 shows … forearm and wrist. Page 4. 288 ADENIRAN, AMUSA, TORIOLA AND ADEYANJU Waist circumference was measured …","","https://scholar.google.com/scholar?q=related:feRzEnpwXtEJ:scholar.google.com/&scioq=%22waist+circumference%22+nigeria&hl=en&as_sdt=0,5&as_ylo=2006&as_yhi=2010&as_vis=1"
4,"AA Akintunde, OE Ayodele, PO Akinwusi…","Metabolic syndrome among newly diagnosed non-diabetic hypertensive Nigerians: prevalence and clinical correlates",2010,"South African Journal …","journals.co.za","https://journals.co.za/doi/abs/10.10520/EJC95294","https://scholar.google.com/scholar?cites=1051694498866051083&as_sdt=2005&sciodt=0,5&hl=en",80,"2021-07-17 17:21:18","","10.10520/EJC95294","","",,,,,4,0.36,1,4,11,"… The presence of the metabolic syndrome in Nigerian hypertensive subjects is closely related to … 1 It is the commonest non-communicable disease in Nigeria with prevalence … the core components of the syndrome, which include increased waist circumference, impaired glucose …","http://diabetesjournal.co.za/onlinejournal/vol7/vol7_issue3/files/assets/common/downloads/publication.pdf#page=21","https://scholar.google.com/scholar?q=related:C7gkGZNemA4J:scholar.google.com/&scioq=%22waist+circumference%22+nigeria&hl=en&as_sdt=0,5&as_ylo=2006&as_yhi=2010&as_vis=1"
0,"KB Sada, FH Puepet, SA Isezuo, BB Mijinyawa…","Effect of ramadan fasting on glycaemic control and anthropometrics indices in patients with type 2 diabetes mellitus",2009,"Sahel Medical …","smjonline.org","https://www.smjonline.org/article.asp?issn=1118-8561;year=2009;volume=12;issue=3;spage=113;epage=117;aulast=Sada;type=0","",81,"2021-07-17 17:21:18","","","","",,,,,0,0.00,0,5,12,"… Correspondence Address: KB Sada Department of Medicine, Federal Medical Centre, Gusau, Zamfara State Nigeria Login to access the … However, there were significant decreases in mean weight and waist circumference during Ramadan compared to pre and post Ramadan …","",""
3,"M Hult, P Tornhammar, P Ueda, C Chima…","12 Hypertension, Diabetes and Overweight: Looming Legacies of the Biafran Famine",2010,"Pediatric …","nature.com","https://www.nature.com/articles/pr2010221","https://scholar.google.com/scholar?cites=13515127660033038484&as_sdt=2005&sciodt=0,5&hl=en",82,"2021-07-17 17:21:18","","","","",,,,,3,0.27,1,5,11,"… after fetal or childhood exposure to famine afflicting Biafra during the Nigerian civil war … Setting: Enugu, Nigeria.Participants: Adults (n=1,339) born before (1965-67), during (1968-January … 0.001) BP, increased p-glucose (+0.3 mmol/L; p < 0.04) and waist circumference (+ 3cm, p …","https://www.nature.com/articles/pr2010221.pdf?origin=ppub","https://scholar.google.com/scholar?q=related:lFhTJgBhj7sJ:scholar.google.com/&scioq=%22waist+circumference%22+nigeria&hl=en&as_sdt=0,5&as_ylo=2006&as_yhi=2010&as_vis=1"
1,"BS Motswagole","Comparison of waist circumference distribution of South African black children from different study populations",2010,"","repository.nwu.ac.za","http://repository.nwu.ac.za/handle/10394/4722","https://scholar.google.com/scholar?cites=16918442877302512874&as_sdt=2005&sciodt=0,5&hl=en",83,"2021-07-17 17:21:18","","","","",,,,,1,0.09,1,1,11,"Page 1. Comparison of waist circumference distribution of South African black children from different study populations BOITUMELO STOKIE MOTSWAGOLE … Page 6. iii SUMMARY Studies in both children and adults indicate that waist circumference (WC), a measure of …","http://repository.nwu.ac.za/bitstream/handle/10394/4722/Motswagole_BS.pdf?sequence=2","https://scholar.google.com/scholar?q=related:6pxavihiyuoJ:scholar.google.com/&scioq=%22waist+circumference%22+nigeria&hl=en&as_sdt=0,5&as_ylo=2006&as_yhi=2010&as_vis=1"
40,"AO Sanya, OO Ogwumike, AP Ige…","Relationship of waist-hip ratio and body mass index to blood pressure of individuals in Ibadan North local government",2009,"African Journal of …","ajol.info","https://www.ajol.info/index.php/ajprs/article/view/51306","https://scholar.google.com/scholar?cites=3201642659939065240&as_sdt=2005&sciodt=0,5&hl=en",84,"2021-07-17 17:21:18","","","","",,,,,40,3.33,10,4,12,"… Waist circumference has been recommended as a simple and practical measure for identifying overweight and obese … is a dearth of literature on this type of study on Africans, particularly in Nigeria … BMI to blood pressure in individuals aged 15-85 years in a Nigerian population …","https://www.ajol.info/index.php/ajprs/article/view/51306/39968","https://scholar.google.com/scholar?q=related:mJ1nQwmFbiwJ:scholar.google.com/&scioq=%22waist+circumference%22+nigeria&hl=en&as_sdt=0,5&as_ylo=2006&as_yhi=2010&as_vis=1"
0,"JJ Mu, FQ Liu, BL Wang…","The endothelial dysfunction changes in salt-sensitive subjects and the effects of potassium supplement",2009,"International …","internationaljournalofcardiology.com","https://www.internationaljournalofcardiology.com/article/S0167-5273(09)01329-1/abstract","",85,"2021-07-17 17:21:18","","","","",,,,,0,0.00,0,4,12,"… Objectives: To develop waist circumference (WC) percentile curves for Chinese children and … urinary sediments and comparison with dipstick urinalysis in hypertensive Nigerians TIMOTHY OLANREWAJU, ADEMOLA ADERIBIGBE University of Ilorin Teaching Hospital, Nigeria …","https://www.internationaljournalofcardiology.com/article/S0167-5273(09)01329-1/pdf",""
13,"DT Goon, AL Toriola, BS Shaw, LO Amusa…","Sex differences in anthropometric characteristics of Nigerian school children aged 9-12 years: anthropometry",2008,"African Journal for …","journals.co.za","https://journals.co.za/doi/abs/10.10520/EJC19529","https://scholar.google.com/scholar?cites=5836038768817663928&as_sdt=2005&sciodt=0,5&hl=en",86,"2021-07-17 17:21:18","","10.10520/EJC19529","","",,,,,13,1.00,3,5,13,"… capital town of Benue State, Nigeria. The schools within each geographical … Products, MI, USA). 132 SEX DIFFERENCES IN ANTHROPOMETRIC CHARACTERISTICS OF NIGERIAN CHILDREN Page 4. The waist circumference was taken with …","","https://scholar.google.com/scholar?q=related:uO_I7lbG_VAJ:scholar.google.com/&scioq=%22waist+circumference%22+nigeria&hl=en&as_sdt=0,5&as_ylo=2006&as_yhi=2010&as_vis=1"
38,"F Sarno, CA Monteiro","Relative importance of body mass index and waist circumference for hypertension in adults",2007,"Revista de saude publica","SciELO Brasil","https://www.scielo.br/j/rsp/a/j4cZKXgjFwCR6Tq5gn8Yzdj/abstract/?lang=en","https://scholar.google.com/scholar?cites=4628242293992703193&as_sdt=2005&sciodt=0,5&hl=en",87,"2021-07-17 17:21:18","","","","",,,,,38,2.71,19,2,14,"… BMJ. 2001;322(7285): 531-6. 14. Okosun IS, Cooper RS, Rotimi CN, Osotimehin B, Forrester T. Association of waist circumference with risk of hypertension and type 2 diabetes in Nigerians, Jamaicans, and African Americans. Diabetes Care. 1998;21(11):1836-42. 15 …","https://www.scielo.br/j/rsp/a/j4cZKXgjFwCR6Tq5gn8Yzdj/?lang=en&format=pdf","https://scholar.google.com/scholar?q=related:2cTfS9jROkAJ:scholar.google.com/&scioq=%22waist+circumference%22+nigeria&hl=en&as_sdt=0,5&as_ylo=2006&as_yhi=2010&as_vis=1"
2,"J Akinlotan, S Nupo, O Olorode","Assessment of nutritional status of inmates in oyo state, Nigeria",2010,"Journal of Sciences and …","cenresinjournals.com","https://www.cenresinjournals.com/wp-content/uploads/2020/03/page-68-75-168.pdf","https://scholar.google.com/scholar?cites=13503209249080221318&as_sdt=2005&sciodt=0,5&hl=en",88,"2021-07-17 17:21:18","PDF","","","",,,,,2,0.18,1,3,11,"… WAIST/HIP RATIO Waist Circumference Subjects were made to stand erect with the abdomen relaxed; at the sides and at the feet together … Olatunji, O. 2010 A Nigerian penal chronicle … Assessment of Nutritional Status of Inmates in Oyo State, Nigeria","https://www.cenresinjournals.com/wp-content/uploads/2020/03/page-68-75-168.pdf","https://scholar.google.com/scholar?q=related:hh4y20QJZbsJ:scholar.google.com/&scioq=%22waist+circumference%22+nigeria&hl=en&as_sdt=0,5&as_ylo=2006&as_yhi=2010&as_vis=1"
13,"MK Tulloch-Reid, TS Ferguson…","Appropriate waist circumference cut points for identifying insulin resistance in black youth: a cross sectional analysis of the 1986 Jamaica birth cohort",2010,"Diabetology & …","dmsjournal.biomedcentral.com","https://dmsjournal.biomedcentral.com/articles/10.1186/1758-5996-2-68","https://scholar.google.com/scholar?cites=13129590439038867493&as_sdt=2005&sciodt=0,5&hl=en",89,"2021-07-17 17:21:18","HTML","10.1186/1758-5996-2-68","","",,,,,13,1.18,4,3,11,"While the International Diabetes Federation (IDF) has ethnic specific waist circumference (WC) cut-points for the metabolic syndrome for Asian populations it is not known whether the cut-points for black populations should differ from those for European populations. We examined …","https://dmsjournal.biomedcentral.com/articles/10.1186/1758-5996-2-68","https://scholar.google.com/scholar?q=related:JdhG1fCsNbYJ:scholar.google.com/&scioq=%22waist+circumference%22+nigeria&hl=en&as_sdt=0,5&as_ylo=2006&as_yhi=2010&as_vis=1"
0,"AN Adamu, AE Ohwovoriole, OA Fasanmade…","Comparison of urinalysis and fasting plasma sugar as a screening test for diabetes in Nigerians with essential hypertension",2010,"","196.45.48.59","http://196.45.48.59:8080/handle/123456789/7486","",90,"2021-07-17 17:21:18","","","","",,,,,0,0.00,0,4,11,"… fDepartment of Medicine, University of Lagos, Nigeria … were height of 1.630.68m, wight of 81.31= 1778kg, BMI of 30.43 + 6.66kg/m"", waist circumference of Table 2 … O 79 , Means Fasting Plasma Glucose (mg/dl) 267.91-184 105.25-52.07 0.00 92010 AACE Nigerian Chanter 19 …","http://196.45.48.59:8080/bitstream/handle/123456789/7486/Comparison%20of%20urinalysis.pdf?sequence=1&isAllowed=y","https://scholar.google.com/scholar?q=related:Spt6dRyFhmAJ:scholar.google.com/&scioq=%22waist+circumference%22+nigeria&hl=en&as_sdt=0,5&as_ylo=2006&as_yhi=2010&as_vis=1"
3,"I Okpechi, TS Oluleye, CO Bekibele…","Unexpectedly high prevalence of target-organ damage in newly diagnosed Nigerians with hypertension: cardiovascular topic",2007,"… Journal of South …","journals.co.za","https://journals.co.za/doi/abs/10.10520/EJC24182","https://scholar.google.com/scholar?cites=698101275733141984&as_sdt=2005&sciodt=0,5&hl=en",91,"2021-07-17 17:21:18","","10.10520/EJC24182","","",,,,,3,0.21,1,4,14,"… in the positive direction, were statistically insignificant: age (r 5 0.046, p 5 0.694), waist circumference (r 5 … of 1 723 patients seen at a tertiary-centre eye clinic in Nigeria, the prevalence of … This may suggest that in Nigerian populations, severe TOD is occurring at relatively modest …","","https://scholar.google.com/scholar?q=related:4ClSXWknsAkJ:scholar.google.com/&scioq=%22waist+circumference%22+nigeria&hl=en&as_sdt=0,5&as_ylo=2006&as_yhi=2010&as_vis=1"
54,"KG Meilleur, A Doumatey, H Huang…","Circulating adiponectin is associated with obesity and serum lipids in West Africans",2010,"The Journal of …","academic.oup.com","https://academic.oup.com/jcem/article-abstract/95/7/3517/2596801","https://scholar.google.com/scholar?cites=15684115445098411995&as_sdt=2005&sciodt=0,5&hl=en",92,"2021-07-17 17:21:18","","","","",,,,,54,4.91,14,4,11,"… medical centers in Nigeria and Ghana (Accra and Kumasi in Ghana and Enugu, Ibadan, and Lagos in Nigeria) over 10 … correlation between log-transformed circulating adiponectin levels and age, gender, measures of obesity (body mass index, waist circumference, and percent …","https://academic.oup.com/jcem/article/95/7/3517/2596801","https://scholar.google.com/scholar?q=related:2_dOOeYrqdkJ:scholar.google.com/&scioq=%22waist+circumference%22+nigeria&hl=en&as_sdt=0,5&as_ylo=2006&as_yhi=2010&as_vis=1"
16,"KA Jimoh, OS Adediran, SM Agboola…","A study of correlation between derived and basic anthropometric indices in type 2 diabetes mellitus",2009,"Eur J Sci …","researchgate.net","https://www.researchgate.net/profile/Jimoh-Kayode/publication/272459249_Correlation_Of_Various_Anthropometric_Indices_Among_Nigerians_With_Type_2_Diabetes_Mellitus/links/5a3bd3daaca272dd65e4ad1e/Correlation-Of-Various-Anthropometric-Indices-Among-Nigerians-With-Type-2-Diabetes-Mellitus.pdf","https://scholar.google.com/scholar?cites=17561705335609921902&as_sdt=2005&sciodt=0,5&hl=en",93,"2021-07-17 17:21:18","PDF","","","",,,,,16,1.33,4,4,12,"… of chemical pathology Federal Medical Centre, Ido-Ekiti, Ekiti State in the western region of Nigeria … The mean age (66.1±11.3 v 59.4±11.5, p= 0.014), waist circumference (120±7.06 v 93.4 … Discussion This study describes a cohort of adult Nigerian with type 2 DM attending the …","https://www.researchgate.net/profile/Jimoh-Kayode/publication/272459249_Correlation_Of_Various_Anthropometric_Indices_Among_Nigerians_With_Type_2_Diabetes_Mellitus/links/5a3bd3daaca272dd65e4ad1e/Correlation-Of-Various-Anthropometric-Indices-Among-Nigerians-With-Type-2-Diabetes-Mellitus.pdf","https://scholar.google.com/scholar?q=related:bpEc8_S1t_MJ:scholar.google.com/&scioq=%22waist+circumference%22+nigeria&hl=en&as_sdt=0,5&as_ylo=2006&as_yhi=2010&as_vis=1"
6,"V Kankanala, EA Gunen, AS Igah","Anthropometric characteristics of selected combat athletic groups",2010,"British Journal of Sports Medicine","bjsm.bmj.com","https://bjsm.bmj.com/content/44/Suppl_1/i38.3.short","https://scholar.google.com/scholar?cites=687572418114836184&as_sdt=2005&sciodt=0,5&hl=en",94,"2021-07-17 17:21:18","","","","",,,,,6,0.55,2,3,11,"… Health Education, Ahmadu Bello University, Zaria, Nigeria; 2 Department of Nutrition and Dietetics, Kaduna Polytechnic, Kaduna, Nigeria … The anthropometric measures include body mass, standing height, abdominal circumference, waist circumference and hip circumference …","","https://scholar.google.com/scholar?q=related:2FYXq3i_igkJ:scholar.google.com/&scioq=%22waist+circumference%22+nigeria&hl=en&as_sdt=0,5&as_ylo=2006&as_yhi=2010&as_vis=1"
36,"RM Parikh, SR Joshi, K Pandia","Index of central obesity is better than waist circumference in defining metabolic syndrome",2009,"Metabolic Syndrome and Related …","liebertpub.com","https://www.liebertpub.com/doi/abs/10.1089/met.2008.0102","https://scholar.google.com/scholar?cites=16966329215035908585&as_sdt=2005&sciodt=0,5&hl=en",95,"2021-07-17 17:21:18","","10.1089/met.2008.0102","","",,,,,36,3.00,12,3,12,"… 11. Central Obesity in Africans: Anthropometric Assessment of Abdominal Adiposity and its Predictors in Urban Nigerians. Journal of the National … 13, No. 1. Index of central obesity as a parameter to replace waist circumference for the definition of metabolic syndrome in predicting …","","https://scholar.google.com/scholar?q=related:6SGMlIeCdOsJ:scholar.google.com/&scioq=%22waist+circumference%22+nigeria&hl=en&as_sdt=0,5&as_ylo=2006&as_yhi=2010&as_vis=1"
3,"S Dube, T Msonza, J Gwamuri, C Dube","A survey on the association between Blood glucose levels, lipidemia and selected Type 2 diabetes predisposing risk factors in Bulawayo district Zimbabwe.",2010,"Plenary Paper Session I …","academia.edu","https://www.academia.edu/download/9761148/4thicat_part2_proceedings.pdf#page=167","https://scholar.google.com/scholar?cites=3828918033074075378&as_sdt=2005&sciodt=0,5&hl=en",96,"2021-07-17 17:21:18","PDF","","","",,,,,3,0.27,1,4,11,"… age categories blood glucose has significant correlation with mid-upper arm circumference, waist circumference over hip … 1985 [11] Nzeh DA Pancreatic calcification in diabetes mellitus at Ilorin, Nigeria … ACJ and Oli JM Use of portable glucose meter in a Nigerian diabetic clinic …","https://www.academia.edu/download/9761148/4thicat_part2_proceedings.pdf#page=167","https://scholar.google.com/scholar?q=related:8rZ3I6oMIzUJ:scholar.google.com/&scioq=%22waist+circumference%22+nigeria&hl=en&as_sdt=0,5&as_ylo=2006&as_yhi=2010&as_vis=1"
35,"AA Akintunde","Epidemiology of conventional cardiovascular risk factors among hypertensive subjects with normal and impaired fasting glucose",2010,"South African Medical Journal","ajol.info","https://www.ajol.info/index.php/samj/article/view/69704","https://scholar.google.com/scholar?cites=13626764167482871667&as_sdt=2005&sciodt=0,5&hl=en",97,"2021-07-17 17:21:18","","","","",,,,,35,3.18,35,1,11,"… Waist circumference (cm) 94.29±11.95 96.45±12.41 0.011 … Abnormal glucose tolerance in 'early' hypertension in Nigeria … 25. Kesteloot H, Oviasu VO, Obasohan AO, Olomu A, Cobbaert C, Lissens W. Serum lipid and apolipoprotein levels in a Nigerian population sample …","https://www.ajol.info/index.php/samj/article/view/69704/57714","https://scholar.google.com/scholar?q=related:c4_WCND9G70J:scholar.google.com/&scioq=%22waist+circumference%22+nigeria&hl=en&as_sdt=0,5&as_ylo=2006&as_yhi=2010&as_vis=1"
4,"TO Ogundiran, ER Ezeome","Epidemiology, clinical presentation, and management of advance Breast Cancer in Nigeria",2008,"… Oncology and Cancer Research of Nigeria …","socron.net","http://www.socron.net/socron/downloads/CONFERENCE_PAPERS/Breast_Cancer/Advanced_Breast_Cancer_in_Nigeria.pdf","https://scholar.google.com/scholar?cites=5902684607347732773&as_sdt=2005&sciodt=0,5&hl=en",98,"2021-07-17 17:21:18","PDF","","","",,,,,4,0.31,2,2,13,"… Breast cancer presents a typical picture of the enormity of cancer burden on the Nigerian nation (Adebamowo and Ajayi, 2000) … correlation with body weight and BMI • Waist circumference and waist-to-hip ratio … Page 34. Breast Cancer in Nigeria – Hormonal Manipulation …","http://www.socron.net/socron/downloads/CONFERENCE_PAPERS/Breast_Cancer/Advanced_Breast_Cancer_in_Nigeria.pdf","https://scholar.google.com/scholar?q=related:JbEgamCM6lEJ:scholar.google.com/&scioq=%22waist+circumference%22+nigeria&hl=en&as_sdt=0,5&as_ylo=2006&as_yhi=2010&as_vis=1"
63,"IO Senbanjo, EA Adejuyigbe","Prevalence of overweight and obesity in Nigerian preschool children",2007,"Nutrition and health","journals.sagepub.com","https://journals.sagepub.com/doi/abs/10.1177/026010600701800408","https://scholar.google.com/scholar?cites=7888954868316758737&as_sdt=2005&sciodt=0,5&hl=en",99,"2021-07-17 17:21:18","","10.1177/026010600701800408","","",,,,,63,4.50,32,2,14,"… The waist circumference or Waist/Hip ratios are better tools to measure the health impact of … It was partly sponsored by Obafemi Awolowo University Teaching Hospital, Ile-Ife, Nigeria … Akesode, FA and Ajibode, HA (1983) Prevalence of obesity among Nigerian school children …","","https://scholar.google.com/scholar?q=related:0eIbv6cye20J:scholar.google.com/&scioq=%22waist+circumference%22+nigeria&hl=en&as_sdt=0,5&as_ylo=2006&as_yhi=2010&as_vis=1"
3,"OE Ayodele, OO Akanbi, PO Akinwusi…","Urinary abnormalities, blood pressure and anthropometric profiles among students in a Nigerian University",2009,"Tropical Journal of …","tjn-online.com","http://www.tjn-online.com/index.php/tjn/article/view/91","https://scholar.google.com/scholar?cites=12728669337382299561&as_sdt=2005&sciodt=0,5&hl=en",100,"2021-07-17 17:21:18","","","","",,,,,3,0.25,1,4,12,"… in our cohort were less than 14.8% and 7.4% respectively obtained in urban Nigerian women aged 25 to … MAP – mean arterial pressure, PP – pulse pressure, BMI – body mass index, WC – waist circumference, HC – hip … 10. Salako BL: Managing chronic renal disease in Nigeria …","http://www.tjn-online.com/index.php/tjn/article/download/91/73","https://scholar.google.com/scholar?q=related:qScUrlJRpbAJ:scholar.google.com/&scioq=%22waist+circumference%22+nigeria&hl=en&as_sdt=0,5&as_ylo=2006&as_yhi=2010&as_vis=1"
2,"AF Adeniyi, AO Sanya, AA Fasanmade…","Association Between Pulse Index and Metabolic syndrome in Individuals with Type 2 Diabetes Mellitus: Outcome of a Twelve-Weeks Therapeutic Exercise",2007,"Nigerian Journal of …","njmr.org.ng","https://www.njmr.org.ng/index.php/njmr/article/view/27","https://scholar.google.com/scholar?cites=17545169604312788178&as_sdt=2005&sciodt=0,5&hl=en",101,"2021-07-17 17:21:18","","","","",,,,,2,0.14,1,4,14,"… for PI and each ofFBG (r=-0.45), HBAlc (r=-0.52), TRIG (r=-0.26), BP (r=-0.43/-0.32), Waist Circumference (r=-0.53 … In Nigeria the prevalence ranges from 1.6% to 5%, depending on the locality, and up to 10% for the adult … 10 Nigerian Journal ofMedical Rehabilitation (NJMR); Vol …","https://www.njmr.org.ng/index.php/njmr/article/download/27/24","https://scholar.google.com/scholar?q=related:0mwL_cv2fPMJ:scholar.google.com/&scioq=%22waist+circumference%22+nigeria&hl=en&as_sdt=0,5&as_ylo=2006&as_yhi=2010&as_vis=1"
0,"DI Musa, LO Amusa, BS Shaw…","Sex differences in anthropometric characteristics of Nigerian school children aged 9-12 years: anthropometry",2008,"African Journal for …","ingentaconnect.com","https://www.ingentaconnect.com/content/sabinet/ajpherd/2008/00000014/00000002/art00003","",102,"2021-07-17 17:21:18","","","","",,,,,0,0.00,0,4,13,"… capital town of Benue State, Nigeria. The schools within each geographical … Products, MI, USA). 132 SEX DIFFERENCES IN ANTHROPOMETRIC CHARACTERISTICS OF NIGERIAN CHILDREN Page 4. The waist circumference was taken with …","",""
0,"ME Aziken, AAE Orhue, WO Odunvbum","The prevalence and risk factors of abnormal glucose tolerance amongst Nigerian women with polycystic ovary syndrome",2010,"Tropical Journal of Obstetrics and …","ajol.info","https://www.ajol.info/index.php/tjog/article/view/85174","",103,"2021-07-17 17:21:18","","","","",,,,,0,0.00,0,3,11,"… Correspondence Address: Professor AAE Orhue Programme Director Human Reproduction Research Program Unit Department Of Obstetrics And Gynaecology, University Of Benin Teaching Hospital, Benin City EDO STATE, NIGERIA E-mail: Phone no: +2348023396744 …","https://www.ajol.info/index.php/tjog/article/view/85174/75133","https://scholar.google.com/scholar?q=related:_YE3cf9POO0J:scholar.google.com/&scioq=%22waist+circumference%22+nigeria&hl=en&as_sdt=0,5&as_ylo=2006&as_yhi=2010&as_vis=1"
0,"PAT IENTS","PLASMA FIBRONECTIN LEVEL S IN",2010,"","oer.unn.edu.ng","https://oer.unn.edu.ng/read/plasma-fibronectin-levels-in-patients-with-leprosy/file.pdf","",104,"2021-07-17 17:21:18","","","","",,,,,0,0.00,0,1,11,"… THIS DISSERTATION IS SUBMITTED TO THE SCHOOL OF POST GRADUATE STUDIES, UNIVERSITY OF NIGERIA, ENUGU CAlVIPUS, IN PARTIAL FULFILMENT OF THE REQUIREl\1ENT FOR THE A\VARD OF M.Se … waist circumference and waist - hip ratio showed …","",""
114,"RM Parikh, SR Joshi, PS Menon, NS Shah","Index of central obesity–A novel parameter",2007,"Medical hypotheses","Elsevier","https://www.sciencedirect.com/science/article/pii/S0306987706007602","https://scholar.google.com/scholar?cites=14011420938404184240&as_sdt=2005&sciodt=0,5&hl=en",105,"2021-07-17 17:21:18","","","","",,,,,114,8.14,29,4,14,"… Diabetes Care, 22 (1999), pp. 1077-1083. Google Scholar. [6] S. Ike, S. Richard, N. Charles, O. Babatunde, F. Terrence Association of waist circumference with risk of hypertension and type 2 diabetes in Nigerians. Jamaicans, and Afr Am Diabetes Care, 21 (1998), pp …","","https://scholar.google.com/scholar?q=related:sEANmBuRcsIJ:scholar.google.com/&scioq=%22waist+circumference%22+nigeria&hl=en&as_sdt=0,5&as_ylo=2006&as_yhi=2010&as_vis=1"
2,"GO Otinwa, E Owolabi","Cross Cultural Analysis of Anthropometric and Adiposity Characteristics of School based Adolescents in Africa: Implication for Healthy Living",2008,"","196.45.48.59","http://196.45.48.59/handle/123456789/6150","https://scholar.google.com/scholar?cites=16283749745016222173&as_sdt=2005&sciodt=0,5&hl=en",106,"2021-07-17 17:21:18","","","","",,,,,2,0.15,1,2,13,"… anthropometric, central adiposity and hip adiposity of adolescents who are in Junior and High schools in Nigeria and Botswana … Results indicated that significant differences existed in the BMI, waist circumference and Body Fat Percent between adolescents from the two countries …","","https://scholar.google.com/scholar?q=related:3bEMOx6A--EJ:scholar.google.com/&scioq=%22waist+circumference%22+nigeria&hl=en&as_sdt=0,5&as_ylo=2006&as_yhi=2010&as_vis=1"
33,"AA Akintunde, EO Ayodele, OP Akinwusi…","Dyslipidemia among newly diagnosed hypertensives: pattern and clinical correlates",2010,"Journal of the National …","Elsevier","https://www.sciencedirect.com/science/article/pii/S0027968415305757","https://scholar.google.com/scholar?cites=10086189005201837878&as_sdt=2005&sciodt=0,5&hl=en",107,"2021-07-17 17:21:18","","","","",,,,,33,3.00,8,4,11,"… Age, y 54.1 ± 10.0 55.5 ± 11.2 53.5 ± 11.8 .747 Waist circumference, cm … 10. Kesteloot H, Oviasu VO, Obasohan AO et al. Serum lipid and apolipopro- tein levels in a Nigerian population sample … Lipid profile of healthy adult Nigeri- ans in Port Harcourt, Nigeria. Nig J Med …","","https://scholar.google.com/scholar?q=related:No-BGHZX-YsJ:scholar.google.com/&scioq=%22waist+circumference%22+nigeria&hl=en&as_sdt=0,5&as_ylo=2006&as_yhi=2010&as_vis=1"
1,"EG Omejua, SN Chukwudebe","The Peculiarities and Challenges of the Metabolic Syndrome in Sub-Saharan Africans",2010,"Afrimedic Journal","ajol.info","https://www.ajol.info/index.php/afrij/article/view/86206","https://scholar.google.com/scholar?cites=13956293413036970417&as_sdt=2005&sciodt=0,5&hl=en",108,"2021-07-17 17:21:18","","","","",,,,,1,0.09,1,2,11,"… Its main draw back is that there is no real ethnicity-based waist circumference cut-off point for Africans, rather European values … Similarly, Wahab and his colleagues reported a rate of 22% among a small number of apparently healthy Nigerians in 9 Katsina, North West Nigeria …","https://www.ajol.info/index.php/afrij/article/view/86206/76046","https://scholar.google.com/scholar?q=related:sVExYeq2rsEJ:scholar.google.com/&scioq=%22waist+circumference%22+nigeria&hl=en&as_sdt=0,5&as_ylo=2006&as_yhi=2010&as_vis=1"
196,"MA Njelekela, R Mpembeni, A Muhihi…","Gender-related differences in the prevalence of cardiovascular disease risk factors and their correlates in urban Tanzania",2009,"BMC cardiovascular …","Springer","https://link.springer.com/article/10.1186/1471-2261-9-30","https://scholar.google.com/scholar?cites=13119172278132312939&as_sdt=2005&sciodt=0,5&hl=en",109,"2021-07-17 17:21:18","HTML","10.1186/1471-2261-9-30","","",,,,,196,16.33,49,4,12,"… Among men, BMI and waist circumference were significantly correlated with blood pressure, triglycerides, total, LDL-, and HDL-cholesterol (BMI only), and fasting glucose; in contrast, only blood pressure was positively associated with BMI and waist circumference in women …","https://link.springer.com/article/10.1186/1471-2261-9-30","https://scholar.google.com/scholar?q=related:a4s6ua2pELYJ:scholar.google.com/&scioq=%22waist+circumference%22+nigeria&hl=en&as_sdt=0,5&as_ylo=2006&as_yhi=2010&as_vis=1"
0,"AK ABIOLA-OGEDENGBE","ANTHROPOMETRIC SURVEY OF NIGERIAN PARAPLEGICS",2006,"","researchgate.net","https://www.researchgate.net/profile/Aa-Abiola-2/publication/285596909_Anthropometry_Survey_of_Nigerian_Paraplegics/links/5661a8ec08ae418a7866f407/Anthropometry-Survey-of-Nigerian-Paraplegics.pdf","",110,"2021-07-17 17:21:18","PDF","","","",,,,,0,0.00,0,1,15,"… 49 FIGURE 4.1.21: OGIVE FOR WAIST CIRCUMFERENCE (MALE) 49 … i Obtain anthropometric measurements of paraplegics in Nigeria ii Develop appropriate anthropometric database that relates to Nigerian paraplegic for the purpose of designing to suite their needs Page 24 …","https://www.researchgate.net/profile/Aa-Abiola-2/publication/285596909_Anthropometry_Survey_of_Nigerian_Paraplegics/links/5661a8ec08ae418a7866f407/Anthropometry-Survey-of-Nigerian-Paraplegics.pdf","https://scholar.google.com/scholar?q=related:N5bufXIJfBkJ:scholar.google.com/&scioq=%22waist+circumference%22+nigeria&hl=en&as_sdt=0,5&as_ylo=2006&as_yhi=2010&as_vis=1"
206,"L Fezeu, E Minkoulou, B Balkau…","Association between socioeconomic status and adiposity in urban Cameroon",2006,"International journal …","academic.oup.com","https://academic.oup.com/ije/article-abstract/35/1/105/849798","https://scholar.google.com/scholar?cites=5838927779612033321&as_sdt=2005&sciodt=0,5&hl=en",111,"2021-07-17 17:21:18","","","","",,,,,206,13.73,52,4,15,"… Weight, height, and waist circumference were measured and subjects were classified as obese if their BMI ≥ 30 kg/m 2 or overweight if BMI was between 25.0 and 29.9 kg/m 2 . Abdominal obesity was defined by a waist circumference ≥80 cm in women and ≥94 cm in men …","https://academic.oup.com/ije/article/35/1/105/849798?view=extract","https://scholar.google.com/scholar?q=related:KYHvLOEJCFEJ:scholar.google.com/&scioq=%22waist+circumference%22+nigeria&hl=en&as_sdt=0,5&as_ylo=2006&as_yhi=2010&as_vis=1"
0,"E Anyabolu","Prevalence of chronic kidney disease in a Nigerian family practice population",2009,"","academia.edu","https://www.academia.edu/download/66818964/20786204.2009.pdf","",112,"2021-07-17 17:21:18","PDF","","","",,,,,0,0.00,0,1,12,"… hip ratio is a measure of the relative accumulation of abdominal fat, while waist circumference is a … for the emerging trend of obesity in developing countries like Nigeria, and obesity … Original Research: Prevalence of chronic kidney disease in a Nigerian family practice population …","https://www.academia.edu/download/66818964/20786204.2009.pdf","https://scholar.google.com/scholar?q=related:zUM701gu6BcJ:scholar.google.com/&scioq=%22waist+circumference%22+nigeria&hl=en&as_sdt=0,5&as_ylo=2006&as_yhi=2010&as_vis=1"
23,"KI Akhuemokhan, A Eregie, OA Fasanmade","Trace mineral status and glycaemic control in Nigerians with type 2 diabetes",2010,"","ir.unilag.edu.ng","https://ir.unilag.edu.ng/handle/123456789/7293","https://scholar.google.com/scholar?cites=7736505462252019597&as_sdt=2005&sciodt=0,5&hl=en",113,"2021-07-17 17:21:18","","","","",,,,,23,2.09,8,3,11,"… patients with type 2 diabetes and correlate this with glycaemic control in a Nigerian population … Diabetes Clinic of the University of Benin Teaching Hospital (UBTH), Benin City, Nigeria over a … The mean waist circumference was 94.3± 11.1 cm while the mean waist to hip ratio was …","https://ir.unilag.edu.ng/bitstream/handle/123456789/7293/Trace%20mineral%20status.pdf?sequence=1&isAllowed=y","https://scholar.google.com/scholar?q=related:jZ9maLqWXWsJ:scholar.google.com/&scioq=%22waist+circumference%22+nigeria&hl=en&as_sdt=0,5&as_ylo=2006&as_yhi=2010&as_vis=1"
103,"NA West, MN Haan","Body adiposity in late life and risk of dementia or cognitive impairment in a longitudinal community-based study",2009,"Journals of Gerontology Series A …","academic.oup.com","https://academic.oup.com/biomedgerontology/article-abstract/64A/1/103/576059","https://scholar.google.com/scholar?cites=13361049573680250834&as_sdt=2005&sciodt=0,5&hl=en",114,"2021-07-17 17:21:18","","","","",,,,,103,8.58,52,2,12,"… Methods. The association of body mass index (BMI) and waist circumference in late life with incidence of cognitive impairment was prospectively examined in a cohort study of 1,351 Latinos, aged 60–101 and residents of the Sacramento, CA, area at study baseline …","https://academic.oup.com/biomedgerontology/article/64A/1/103/576059?cited-by=yeslgln006v1","https://scholar.google.com/scholar?q=related:0n-YIcz7a7kJ:scholar.google.com/&scioq=%22waist+circumference%22+nigeria&hl=en&as_sdt=0,5&as_ylo=2006&as_yhi=2010&as_vis=1"
13,"MO Ebesunun, EO Agbedana…","Plasma lipoprotein (a), homocysteine, and other cardiovascular disease (CVD) risk factors in Nigerians with CVD",2008,"Applied Physiology …","cdnsciencepub.com","https://cdnsciencepub.com/doi/abs/10.1139/H07-186","https://scholar.google.com/scholar?cites=150010148760335780&as_sdt=2005&sciodt=0,5&hl=en",115,"2021-07-17 17:21:18","","10.1139/H07-186","","",,,,,13,1.00,4,3,13,"… other in a well-defined group of hospital-based CVD patients in a Nigerian African community … of the sample was estimated based on the 10% prevalence rate of CVD in Nigeria … The waist circumference was taken at the level of the umbilicus, whereas the hip circumference was …","","https://scholar.google.com/scholar?q=related:pDWQfW_xFAIJ:scholar.google.com/&scioq=%22waist+circumference%22+nigeria&hl=en&as_sdt=0,5&as_ylo=2006&as_yhi=2010&as_vis=1"
3,"AF Adeniyi, AE Uloko, NH Musa","Prevalence of _on-invasive risk factors of type 2 diabetes among higher education teachers in _orth-western _Igeria",2010,"Sudan Journal of Medical Sciences","ajol.info","https://www.ajol.info/index.php/sjms/article/view/57811","https://scholar.google.com/scholar?cites=1151066234011388449&as_sdt=2005&sciodt=0,5&hl=en",116,"2021-07-17 17:21:18","","","","",,,,,3,0.27,1,3,11,"… Methods: Higher education teachers numbering 876 from three tertiary institutions in Kano, North- Western Nigeria were assessed on selected non-invasive risk factors of T2D including Body Mass Index (BMI), Waist Circumference (WC), Waist-Hip-ratio (WHR), Percent Body …","https://www.ajol.info/index.php/sjms/article/view/57811/46179","https://scholar.google.com/scholar?q=related:IQoyJ6Ro-Q8J:scholar.google.com/&scioq=%22waist+circumference%22+nigeria&hl=en&as_sdt=0,5&as_ylo=2006&as_yhi=2010&as_vis=1"
23,"SA Isezuo, BA Ekele","Comparison of metabolic syndrome variables among pregnant women with and without eclampsia",2008,"Journal of the National Medical Association","Elsevier","https://www.sciencedirect.com/science/article/pii/S0027968415314449","https://scholar.google.com/scholar?cites=1961977923703074779&as_sdt=2005&sciodt=0,5&hl=en",117,"2021-07-17 17:21:18","","","","",,,,,23,1.77,12,2,13,"… central Nigeria: a seventeen year review Afr J Reprod Health 9: (2005) 27-40 13. BA Ekele, SO Bello, AN Adamu, Clusters of eclampsia in a Nigerian teaching hospital Int J Gynaecol Obstet 96: (2007) 62-66 14. N. Sattar, P. Clark, Holmes A, et al Antenatal waist circumference …","","https://scholar.google.com/scholar?q=related:2-96z4ZYOhsJ:scholar.google.com/&scioq=%22waist+circumference%22+nigeria&hl=en&as_sdt=0,5&as_ylo=2006&as_yhi=2010&as_vis=1"
14,"S Kumar, MPS Negi, VP Sharma…","The spinal column and abdominal pressure changes and their relationship with pain severity in patients with low back pain",2008,"Nigerian Journal of Medical …","njmr.org.ng","https://www.njmr.org.ng/index.php/njmr/article/view/33","https://scholar.google.com/scholar?cites=16842357072354489781&as_sdt=2005&sciodt=0,5&hl=en",118,"2021-07-17 17:21:18","","","","",,,,,14,1.08,4,4,13,"… circumference, HC - Hip circumference, WHR - Waist hip ratio, BMI - Body mass index, SBF - Systolic blood pressure, DBP - Diastolic blood pressure, PR - Pulse rate, DUR - Duration ofpain, SCPC - Spinal column pressure changes, APC - Abdominal pressure changes Nigerian …","https://www.njmr.org.ng/index.php/njmr/article/download/33/30","https://scholar.google.com/scholar?q=related:tTX6zYUSvOkJ:scholar.google.com/&scioq=%22waist+circumference%22+nigeria&hl=en&as_sdt=0,5&as_ylo=2006&as_yhi=2010&as_vis=1"
63,"R OLUYOMBO","… STUDY OF THE PREVALENCE, RISK FACTORS AND PATTERN OF CHRONIC KIDNEY DISEASE IN ILIE, OSUN STATE, SOUTH-WEST NIGERIA",2010,"Faculty of INTERNAL MEDICINE","dissertation.npmcn.edu.ng","http://www.dissertation.npmcn.edu.ng/index.php/FMCP/article/download/563/636","https://scholar.google.com/scholar?cites=14695467434531056805&as_sdt=2005&sciodt=0,5&hl=en",119,"2021-07-17 17:21:18","PDF","","","",,,,,63,5.73,63,1,11,"… male was 1.0 ± 0.04. Mean waist circumference was 79.1 ± 9.6 cm and 78.0 ± 7.8 cm in … costs in 199311. In Nigeria, the estimated cost of haemodialysis is about $8000 / patient / year12. This is definitely beyond the reach of many Nigerians where the per capita …","http://www.dissertation.npmcn.edu.ng/index.php/FMCP/article/download/563/636","https://scholar.google.com/scholar?q=related:pWyLk8XJ8MsJ:scholar.google.com/&scioq=%22waist+circumference%22+nigeria&hl=en&as_sdt=0,5&as_ylo=2006&as_yhi=2010&as_vis=1"
3,"BC Unadike, A NA","Clinical profile of newly presenting diabetic patients at the University of Uyo Teaching Hospital, Nigeria.",2010,"Pakistan Journal of Medical Sciences","Citeseer","https://citeseerx.ist.psu.edu/viewdoc/download?doi=10.1.1.1050.4056&rep=rep1&type=pdf","https://scholar.google.com/scholar?cites=2390387994855915292&as_sdt=2005&sciodt=0,5&hl=en",120,"2021-07-17 17:21:18","PDF","","","",,,,,3,0.27,2,2,11,"… BMI = Body mass index, WC = Waist circumference, FPG = Fasting Plasma Glucose, DM = Diabetes Mellitus … The prevalence of Hypertension amongst Nigerian diabetics have been put at 20-60 … NJ, Ludvigsson J. Prevalence and clinical picture of IDDM in Nigeria Igbo school …","https://citeseerx.ist.psu.edu/viewdoc/download?doi=10.1.1.1050.4056&rep=rep1&type=pdf","https://scholar.google.com/scholar?q=related:HL--bDddLCEJ:scholar.google.com/&scioq=%22waist+circumference%22+nigeria&hl=en&as_sdt=0,5&as_ylo=2006&as_yhi=2010&as_vis=1"
0,"EO IBENEGBU","PREVALENCE OF HIGH BLOOD PRESSURE AND ITS COMPLICATIONS AMONG THE INMATES OF KIRIKIRI PRISON IN LAGOS, NIGERIA",2006,"Faculty of INTERNAL MEDICINE","dissertation.npmcn.edu.ng","http://dissertation.npmcn.edu.ng/index.php/FMCP/article/download/453/743","",121,"2021-07-17 17:21:18","PDF","","","",,,,,0,0.00,0,1,15,"… The mean Body Mass Index (BMI), and Waist Circumference (WC) were … 16 140/90 mmHg benchmark, an overall 16.8% of the Nigerian population aged 15 years and … The deplorable state of our prison environment in Nigeria is a well-established and publicly debated fact …","http://dissertation.npmcn.edu.ng/index.php/FMCP/article/download/453/743","https://scholar.google.com/scholar?q=related:Ln3f-6wxqv4J:scholar.google.com/&scioq=%22waist+circumference%22+nigeria&hl=en&as_sdt=0,5&as_ylo=2006&as_yhi=2010&as_vis=1"
9,"AO Ogbera, A Akinlade, O Ajose…","Prevalence of acanthosis nigricans and its correlates in a cross-section of Nigerians with type 2 diabetes mellitus",2009,"Tropical …","journals.sagepub.com","https://journals.sagepub.com/doi/abs/10.1258/td.2009.080255","https://scholar.google.com/scholar?cites=17010374488466550029&as_sdt=2005&sciodt=0,5&hl=en",122,"2021-07-17 17:21:18","","10.1258/td.2009.080255","","",,,,,9,0.75,2,4,12,"… Download Citation. Download article citation data for: Prevalence of acanthosis nigricans and its correlates in a cross-section of Nigerians with type 2 diabetes mellitus. AO Ogbera, FMCP FACP , A Akinlade, MBBS , O Ajose, MBBS FRCP , and J Awobusuyi, MBBS FMCP …","","https://scholar.google.com/scholar?q=related:DW1q8Xj9EOwJ:scholar.google.com/&scioq=%22waist+circumference%22+nigeria&hl=en&as_sdt=0,5&as_ylo=2006&as_yhi=2010&as_vis=1"
8,"FA Ukoli, E Egbagbe, BB Zhao, E Iyamu…","Anthropometric predictors of elevated prostate specific antigen among rural and urban Nigerians",2007,"West African journal of …","ajol.info","https://www.ajol.info/index.php/wajm/article/view/28294/5061","https://scholar.google.com/scholar?cites=7056410532473465419&as_sdt=2005&sciodt=0,5&hl=en",123,"2021-07-17 17:21:18","PDF","","","",,,,,8,0.57,2,5,14,"… “iSpeeialist Hospital, Warri, Delta State, Nigeria; ëHoward University … computed as weight (kg) divided by height (m2), and WHR was waist circumference divided by … Table 2: Mean and MedianAnthropometric Measurment of Rural and Urban Nigerian Men Measurement Mean …","https://www.ajol.info/index.php/wajm/article/view/28294/5061","https://scholar.google.com/scholar?q=related:S-pnKf5n7WEJ:scholar.google.com/&scioq=%22waist+circumference%22+nigeria&hl=en&as_sdt=0,5&as_ylo=2006&as_yhi=2010&as_vis=1"
2,"AO Akinpelu, OO Oyewole, KS Oritogun","Graded association between cardiorespiratory fitness and skin folds thickness in adolescents",2008,"Nigerian Journal of Medical …","njmr.org.ng","https://www.njmr.org.ng/index.php/njmr/article/view/39","https://scholar.google.com/scholar?cites=9960650107171693330&as_sdt=2005&sciodt=0,5&hl=en",124,"2021-07-17 17:21:18","","","","",,,,,2,0.15,1,3,13,"… activity has been reported to be an effective means of improving CRF and reducing waist circumference, visceral fat … survey of secondary school students in Sagamu local government area of Ogun state, Nigeria was carried … Nigerian Journal ofMedical Rehabilitation (NJMR); Vol …","https://www.njmr.org.ng/index.php/njmr/article/download/39/36","https://scholar.google.com/scholar?q=related:EuPsqX9WO4oJ:scholar.google.com/&scioq=%22waist+circumference%22+nigeria&hl=en&as_sdt=0,5&as_ylo=2006&as_yhi=2010&as_vis=1"
88,"AO Ogbera, AO Azenabor","Hyperuricaemia and the metabolic syndrome in type 2 DM",2010,"Diabetology & metabolic syndrome","Springer","https://link.springer.com/article/10.1186/1758-5996-2-24","https://scholar.google.com/scholar?cites=15008129649628703489&as_sdt=2005&sciodt=0,5&hl=en",125,"2021-07-17 17:21:18","HTML","10.1186/1758-5996-2-24","","",,,,,88,8.00,44,2,11,"… Western region of Nigeria and thus the study subjects were deemed to be representative of subjects with DM from Nigeria … The anthropometric measurements comprised of waist circumference, height and body weight, and the body mass index (BMI) was calculated as weight …","https://link.springer.com/article/10.1186/1758-5996-2-24","https://scholar.google.com/scholar?q=related:AWsgXWaWR9AJ:scholar.google.com/&scioq=%22waist+circumference%22+nigeria&hl=en&as_sdt=0,5&as_ylo=2006&as_yhi=2010&as_vis=1"
14,"BK Lee, JH Lee","Evaluation of dietary variety by body mass index, waist circumference, and exercise habits in female university students",2010,"The Korean Journal of Food And Nutrition","koreascience.or.kr","https://www.koreascience.or.kr/article/JAKO201016450095261.page","https://scholar.google.com/scholar?cites=8419664787595947834&as_sdt=2005&sciodt=0,5&hl=en",126,"2021-07-17 17:21:18","","","","",,,,,14,1.27,7,2,11,"… 이 보 경․이 종 현* 유한대학 식품영양과,*동남보건대학 식품영양과 Evaluation of Dietary Variety by Body Mass Index, Waist Circumference, and Exercise Habits in Female University Students … Key words: body mass index, waist circumference, exercise habits, DDS, MBS, DVS …","https://www.koreascience.or.kr/article/JAKO201016450095261.pdf","https://scholar.google.com/scholar?q=related:Om-F2IOo2HQJ:scholar.google.com/&scioq=%22waist+circumference%22+nigeria&hl=en&as_sdt=0,5&as_ylo=2006&as_yhi=2010&as_vis=1"
84,"AO Ogbera, OA Fasanmade, S Chinenye…","Characterization of lipid parameters in diabetes mellitus–a Nigerian report",2009,"International archives of …","Springer","https://link.springer.com/article/10.1186/1755-7682-2-19","https://scholar.google.com/scholar?cites=10684603017443437817&as_sdt=2005&sciodt=0,5&hl=en",127,"2021-07-17 17:21:18","HTML","10.1186/1755-7682-2-19","","",,,,,84,7.00,21,4,12,"… owned hospitals that serve the large majority of people in the South Western region of Nigeria … Similar findings have been noted in a recent Nigerian report [21] and that carried out … We found that clinical parameters like age, sex, duration of DM, waist circumference, BMI type of …","https://link.springer.com/article/10.1186/1755-7682-2-19","https://scholar.google.com/scholar?q=related:-WzIvNVVR5QJ:scholar.google.com/&scioq=%22waist+circumference%22+nigeria&hl=en&as_sdt=0,5&as_ylo=2006&as_yhi=2010&as_vis=1"
77,"FP Cappuccio, SM Kerry, A Adeyemo…","Body size and blood pressure: an analysis of Africans and the African diaspora",2008,"Epidemiology …","ncbi.nlm.nih.gov","https://www.ncbi.nlm.nih.gov/pmc/articles/PMC2830114/","https://scholar.google.com/scholar?cites=7505399772216918569&as_sdt=2005&sciodt=0,5&hl=en",128,"2021-07-17 17:21:18","HTML","","","",,,,,77,5.92,19,4,13,"… Adebowale Adeyemo. 3 Department of Paediatrics, University College Hospital, Ibadan, Nigeria … 2 Division of Community Health Sciences, St George's, University of London, UK. 3 Department of Paediatrics, University College Hospital, Ibadan, Nigeria …","https://www.ncbi.nlm.nih.gov/pmc/articles/PMC2830114/","https://scholar.google.com/scholar?q=related:KYJJ2FOJKGgJ:scholar.google.com/&scioq=%22waist+circumference%22+nigeria&hl=en&as_sdt=0,5&as_ylo=2006&as_yhi=2010&as_vis=1"
0,"AF Adeniyi, AE Uloko, NH Musa","bÜ| z| ÇtÄ TÜà| vÄx",2010,"","Citeseer","https://citeseerx.ist.psu.edu/viewdoc/download?doi=10.1.1.1083.9720&rep=rep1&type=pdf","",129,"2021-07-17 17:21:18","PDF","","","",,,,,0,0.00,0,3,11,"… Methods: Higher education teachers numbering 876 from three tertiary institutions in Kano, North- Western Nigeria were assessed on selected non-invasive risk factors of T2D including Body Mass Index (BMI), Waist Circumference (WC), Waist-Hip-ratio (WHR), Percent Body …","https://citeseerx.ist.psu.edu/viewdoc/download?doi=10.1.1.1083.9720&rep=rep1&type=pdf","https://scholar.google.com/scholar?q=related:zULq_ww59d8J:scholar.google.com/&scioq=%22waist+circumference%22+nigeria&hl=en&as_sdt=0,5&as_ylo=2006&as_yhi=2010&as_vis=1"
526,"M Dehghan, AT Merchant","Is bioelectrical impedance accurate for use in large epidemiological studies?",2008,"Nutrition journal","nutritionj.biomedcentral.com","https://nutritionj.biomedcentral.com/articles/10.1186/1475-2891-7-26","https://scholar.google.com/scholar?cites=18135577917268350862&as_sdt=2005&sciodt=0,5&hl=en",130,"2021-07-17 17:21:18","HTML","10.1186/1475-2891-7-26","","",,,,,526,40.46,263,2,13,"Percentage of body fat is strongly associated with the risk of several chronic diseases but its accurate measurement is difficult. Bioelectrical impedance analysis (BIA) is a relatively simple, quick and non-invasive technique, to measure body composition. It measures body fat accurately …","https://nutritionj.biomedcentral.com/articles/10.1186/1475-2891-7-26","https://scholar.google.com/scholar?q=related:jtcygweErvsJ:scholar.google.com/&scioq=%22waist+circumference%22+nigeria&hl=en&as_sdt=0,5&as_ylo=2006&as_yhi=2010&as_vis=1"
24,"U Umoh, MA Charles-Davies…","Serum testosterone and lipids in relation to sexual dysfunction in males with metabolic syndrome and type 2 diabetes mellitus",2010,"International Journal of …","academicjournals.org","https://academicjournals.org/journal/IJMMS/article-abstract/57E3408375","https://scholar.google.com/scholar?cites=15142728673136987476&as_sdt=2005&sciodt=0,5&hl=en",131,"2021-07-17 17:21:18","","","","",,,,,24,2.18,8,3,11,"… et al., 2007), with a prevalence rate of 2.7% of DM among Nigerians (Akinkugbe, 1997 … In Nigeria, studies on sexual and reproductive functions … These were subjects recruited using International Diabetic Federation (IDF) criteria (abdominal obesity: waist circumference >94 cm …","https://academicjournals.org/journal/IJMMS/article-full-text-pdf/57E3408375.pdf","https://scholar.google.com/scholar?q=related:VM1zpH_HJdIJ:scholar.google.com/&scioq=%22waist+circumference%22+nigeria&hl=en&as_sdt=0,5&as_ylo=2006&as_yhi=2010&as_vis=1"
0,"MD Bilchik, P Director","Global prevention news update",2007,"Prevention and Control","globalheartjournal.com","https://globalheartjournal.com/articles/10.1016/j.precon.2007.09.004/galley/599/download/","",132,"2021-07-17 17:21:18","PDF","","","",,,,,0,0.00,0,2,14,"… Nigeria: Gender disparity in obesity and diabetes … In a Nigerian ter- tiary care clinic, 258 consecutive patients with type 2 DM were evaluated … The prevalence of elevated waist circumference and waist-hip ratio were also significantly higher in women who were obese or …","https://globalheartjournal.com/articles/10.1016/j.precon.2007.09.004/galley/599/download/",""
50,"OE Johnson, CE Mbada, CO Akosile…","Isometric endurance of the back extensors in school-aged adolescents with and without low back pain",2009,"Journal of Back and …","content.iospress.com","https://content.iospress.com/articles/journal-of-back-and-musculoskeletal-rehabilitation/bmr00235","https://scholar.google.com/scholar?cites=1804947093383363119&as_sdt=2005&sciodt=0,5&hl=en",133,"2021-07-17 17:21:18","","","","",,,,,50,4.17,13,4,12,"… reference data and pattern of back extensor endurance in school-aged Nigerian adolescents … stu- dents from eight randomly selected secondary schools from Ile-Ife, Osun state, Nigeria … Wkg/Hm 2 ). Waist- to-hip ratios (WHR) were obtained by dividing waist circumference by hip …","","https://scholar.google.com/scholar?q=related:Lzp9g9F1DBkJ:scholar.google.com/&scioq=%22waist+circumference%22+nigeria&hl=en&as_sdt=0,5&as_ylo=2006&as_yhi=2010&as_vis=1"
54,"EO Ojofeitimi, AO Adeyeye, AO Fadiora…","Awareness of obesity and its health hazard among women in a university community",2007,"Pakistan Journal of …","Citeseer","https://citeseerx.ist.psu.edu/viewdoc/download?doi=10.1.1.510.3439&rep=rep1&type=pdf","https://scholar.google.com/scholar?cites=10733702828734302210&as_sdt=2005&sciodt=0,5&hl=en",134,"2021-07-17 17:21:18","PDF","","","",,,,,54,3.86,14,4,14,"… among the females at Obafemi Awolowo University (OAU) and Teaching Hospital complex (OAUTHC) Ile-Ife, Nigeria … Waist circumference was measured at the level of the umbilicus, while hip circumference was measured at the … obesity may be common among Nigerian women …","https://citeseerx.ist.psu.edu/viewdoc/download?doi=10.1.1.510.3439&rep=rep1&type=pdf","https://scholar.google.com/scholar?q=related:AkhQZ9rF9ZQJ:scholar.google.com/&scioq=%22waist+circumference%22+nigeria&hl=en&as_sdt=0,5&as_ylo=2006&as_yhi=2010&as_vis=1"
29,"L Sanni, FO Akinyemi","Determinants of households' residential districts' preferences within metropolitan city of Ibadan, Nigeria",2009,"Journal of human ecology","Taylor & Francis","https://www.tandfonline.com/doi/abs/10.1080/09709274.2009.11906147","https://scholar.google.com/scholar?cites=2922267089552204161&as_sdt=2005&sciodt=0,5&hl=en",135,"2021-07-17 17:21:18","","10.1080/09709274.2009.11906147","","",,,,,29,2.42,15,2,12,"… lekansanni@37.com> **Department of Geography, Obafemi Awolowo University, Ile-Ife, Nigeria … for the determinants of households' residential districts preferences in Nigerian cities … Socio economic deprivation and waist circumference in men and women: The Scottish MONICA …","http://citeseerx.ist.psu.edu/viewdoc/download?doi=10.1.1.553.8138&rep=rep1&type=pdf","https://scholar.google.com/scholar?q=related:geGSY2_6jSgJ:scholar.google.com/&scioq=%22waist+circumference%22+nigeria&hl=en&as_sdt=0,5&as_ylo=2006&as_yhi=2010&as_vis=1"
406,"R BeLue, TA Okoror, J Iwelunmor, KD Taylor…","An overview of cardiovascular risk factor burden in sub-Saharan African countries: a socio-cultural perspective",2009,"Globalization and …","Springer","https://link.springer.com/article/10.1186/1744-8603-5-10","https://scholar.google.com/scholar?cites=18163194184760934543&as_sdt=2005&sciodt=0,5&hl=en",136,"2021-07-17 17:21:18","HTML","10.1186/1744-8603-5-10","","",,,,,406,33.83,81,5,12,"… Methodology. We conducted a search on African Journals On-Line, Medline, PubMed, and PsycINFO databases using combinations of the key country/geographic terms, disease and risk factor specific terms such as ""diabetes and Congo"" and ""hypertension and Nigeria"" …","https://link.springer.com/article/10.1186/1744-8603-5-10","https://scholar.google.com/scholar?q=related:j8Ad2eCgEPwJ:scholar.google.com/&scioq=%22waist+circumference%22+nigeria&hl=en&as_sdt=0,5&as_ylo=2006&as_yhi=2010&as_vis=1"
20,"II Ijeh, U Okorie, C Ejike","Obesity, metabolic syndrome and BMI-metabolic-risk sub-phenotypes: a study of an adult Nigerian population",2010,"J Med Med Sci","researchgate.net","https://www.researchgate.net/profile/Chukwunonso-Ejike/publication/228482078_Obesity_metabolic_syndrome_and_BMI-metabolic-risk_sub-phenotypes_A_study_of_an_adult_Nigerian_population/links/00b49517128a935bd3000000/Obesity-metabolic-syndrome-and-BMI-metabolic-risk-sub-phenotypes-A-study-of-an-adult-Nigerian-population.pdf","https://scholar.google.com/scholar?cites=8118174201694194467&as_sdt=2005&sciodt=0,5&hl=en",137,"2021-07-17 17:21:18","PDF","","","",,,,,20,1.82,7,3,11,"… 26.5 for males and BMI ≥ 25.8 for females) in place of waist circumference as a … 2004) however reported only 15% and 5% overweight and obesity respectively among Nigerian women … The modernization of cultures in Nigeria, and in sub-Saharan Africa, the improving standards …","https://www.researchgate.net/profile/Chukwunonso-Ejike/publication/228482078_Obesity_metabolic_syndrome_and_BMI-metabolic-risk_sub-phenotypes_A_study_of_an_adult_Nigerian_population/links/00b49517128a935bd3000000/Obesity-metabolic-syndrome-and-BMI-metabolic-risk-sub-phenotypes-A-study-of-an-adult-Nigerian-population.pdf","https://scholar.google.com/scholar?q=related:Iwu5rGyMqXAJ:scholar.google.com/&scioq=%22waist+circumference%22+nigeria&hl=en&as_sdt=0,5&as_ylo=2006&as_yhi=2010&as_vis=1"
0,"A Berrah, N Ouadahi, D Hakem…","Hypertension in patients with peripheral arterial disease",2009,"International …","internationaljournalofcardiology.com","https://www.internationaljournalofcardiology.com/article/S0167-5273(09)01327-8/abstract","",138,"2021-07-17 17:21:18","","","","",,,,,0,0.00,0,4,12,"… Objectives: To develop waist circumference (WC) percentile curves for Chinese children and … urinary sediments and comparison with dipstick urinalysis in hypertensive Nigerians TIMOTHY OLANREWAJU, ADEMOLA ADERIBIGBE University of Ilorin Teaching Hospital, Nigeria …","https://www.internationaljournalofcardiology.com/article/S0167-5273(09)01327-8/pdf",""
55,"MR Chhetri, RS Chapman","Prevalence and determinants of diabetes among the elderly population in the Kathmandu Valley of Nepal",2009,"Nepal Med Coll J","nmcth.edu","https://www.nmcth.edu/images/gallery/Editorial/f9mDcmr_chhetri.pdf","https://scholar.google.com/scholar?cites=5626635161147194181&as_sdt=2005&sciodt=0,5&hl=en",139,"2021-07-17 17:21:18","PDF","","","",,,,,55,4.58,28,2,12,"… Diabetes Care 2004; 27: 282-3. 18. Okosun IKE, Richard S, Cooper S, Rotimt CN, Ostomehin B, Forrester T. Associated waist circumference with risk of hypertension and type 2 diabetes in Nigerians, Jamaicans and African – Americans. Diabetes Care 1998; 21: 1836-42. 19 …","https://www.nmcth.edu/images/gallery/Editorial/f9mDcmr_chhetri.pdf","https://scholar.google.com/scholar?q=related:RbvmLN7SFU4J:scholar.google.com/&scioq=%22waist+circumference%22+nigeria&hl=en&as_sdt=0,5&as_ylo=2006&as_yhi=2010&as_vis=1"
186,"WD Lassek, SJC Gaulin","Changes in body fat distribution in relation to parity in American women: a covert form of maternal depletion",2006,"American Journal of Physical …","Wiley Online Library","https://onlinelibrary.wiley.com/doi/abs/10.1002/ajpa.20394","https://scholar.google.com/scholar?cites=8301726668255542152&as_sdt=2005&sciodt=0,5&hl=en",140,"2021-07-17 17:21:18","","10.1002/ajpa.20394","","",,,,,186,12.40,93,2,15,"… Note that with the same controls, each live birth was associated with a 0.5-cm increase in waist circumference … Figure 3 compares the suprailiac skinfold, thigh circum- ference, and waist circumference in nulligravidas and parous women for different BMI levels …","https://anth.ucsb.edu/sites/secure.lsit.ucsb.edu.anth.d7/files/sitefiles/people/gaulin/AJPA%20Mat%20Dep.pdf","https://scholar.google.com/scholar?q=related:iDvCm2uoNXMJ:scholar.google.com/&scioq=%22waist+circumference%22+nigeria&hl=en&as_sdt=0,5&as_ylo=2006&as_yhi=2010&as_vis=1"
129,"AO Ogbera","Prevalence and gender distribution of the metabolic syndrome",2010,"Diabetology & Metabolic Syndrome","Springer","https://link.springer.com/article/10.1186/1758-5996-2-1","https://scholar.google.com/scholar?cites=1126105203729604835&as_sdt=2005&sciodt=0,5&hl=en",141,"2021-07-17 17:21:18","HTML","10.1186/1758-5996-2-1","","",,,,,129,11.73,129,1,11,"… In Nigeria, DM is an emerging non-communicable health problem as its prevalence is on the … waist circumference (WC) greater than 102 cm in men and 88 cm in women; serum triglycerides (TG) level … This pattern of lipid abnormality was documented in a recent Nigerian study [7 …","https://link.springer.com/article/10.1186/1758-5996-2-1","https://scholar.google.com/scholar?q=related:46AFaLe6oA8J:scholar.google.com/&scioq=%22waist+circumference%22+nigeria&hl=en&as_sdt=0,5&as_ylo=2006&as_yhi=2010&as_vis=1"
14,"A Luke","Ethnicity and the BMI–body fat relationship",2009,"British journal of nutrition","cambridge.org","https://www.cambridge.org/core/journals/british-journal-of-nutrition/article/ethnicity-and-the-bmibody-fat-relationship/F2560755F7C6D551BB2C76523008DBCA","https://scholar.google.com/scholar?cites=16394056769054565443&as_sdt=2005&sciodt=0,5&hl=en",142,"2021-07-17 17:21:18","","","","",,,,,14,1.17,14,1,12,"… at any given BMI than did Jamaicans, and both had higher levels than rural Nigerians … dual X-ray absorptiometry and its relation to body mass index and waist circumference in Hong … between body mass index and body fat in black population samples from Nigeria, Jamaica and …","https://www.cambridge.org/core/services/aop-cambridge-core/content/view/F2560755F7C6D551BB2C76523008DBCA/S0007114508207233a.pdf/ethnicity_and_the_bmibody_fat_relationship.pdf","https://scholar.google.com/scholar?q=related:Q-QVo8Vjg-MJ:scholar.google.com/&scioq=%22waist+circumference%22+nigeria&hl=en&as_sdt=0,5&as_ylo=2006&as_yhi=2010&as_vis=1"
1,"AA SABIR","Glucose tolerance among rural and urban Fulani of northern Nigeria",2008,"Faculty of INTERNAL MEDICINE","dissertation.npmcn.edu.ng","http://www.dissertation.npmcn.edu.ng/index.php/FMCP/article/download/520/677","https://scholar.google.com/scholar?cites=7638073202752915534&as_sdt=2005&sciodt=0,5&hl=en",143,"2021-07-17 17:21:18","PDF","","","",,,,,1,0.08,1,1,13,"… TG – Triglyceride WC – Waist Circumference WHO – World Health Organization … The national survey on non-communicable diseases in Nigeria reported the prevalence of diabetes mellitus in Nigeria to be 2.2% with … suburban Northern Nigerian population …","http://www.dissertation.npmcn.edu.ng/index.php/FMCP/article/download/520/677","https://scholar.google.com/scholar?q=related:ToiEEhzj_2kJ:scholar.google.com/&scioq=%22waist+circumference%22+nigeria&hl=en&as_sdt=0,5&as_ylo=2006&as_yhi=2010&as_vis=1"
0,"OG Igharo, K Ikeke, AE Ubhenin","Insulin Resistance: Causes And Metabolic Implications",2009,"Benin Journal of Postgraduate Medicine","ajol.info","https://www.ajol.info/index.php/bjpm/article/view/48832","",144,"2021-07-17 17:21:18","","","","",,,,,0,0.00,0,3,12,"… that various fruit juices and sugar containing beverages are introduced into Nigerian market daily … and Onyemelukwe reported that about 40% of type-2 diabetic Nigerians exhibit insulin … is greater than 30Kg/m3, central obesity can be assumed and waist circumference does not …","https://www.ajol.info/index.php/bjpm/article/download/48832/35182","https://scholar.google.com/scholar?q=related:fwDXsvb-beMJ:scholar.google.com/&scioq=%22waist+circumference%22+nigeria&hl=en&as_sdt=0,5&as_ylo=2006&as_yhi=2010&as_vis=1"
2,"S Nigam, S Koley, JS Sandhu, VS Yadav…","A Study on Body Composition Components in Vegetarian and Non-Vegetarian Patients with Diabetes Mellitus",2007,"Journal of Human …","Taylor & Francis","https://www.tandfonline.com/doi/abs/10.1080/09709274.2007.11905999","https://scholar.google.com/scholar?cites=9048929371069480660&as_sdt=2005&sciodt=0,5&hl=en",145,"2021-07-17 17:21:18","","10.1080/09709274.2007.11905999","","",,,,,2,0.14,0,5,14,"… Okosun S., Richard, ICS, Richard, BO, Cooper, S. and Forrester,T. : Association of waist circumference with risk of hypertension and type 2 Diabetes in Nigerians, Jamaicans and African-Americans: Diabetes Care, 21: 1836-1842, (2000) …","https://www.researchgate.net/profile/Shyamal-Koley/publication/259621754_A_Study_on_Body_Composition_Components_in_Vegetarian_and_Non-Vegetarian_Patients_with_Diabetes_Mellitus/links/54bdf0730cf218da9391d172/A-Study-on-Body-Composition-Components-in-Vegetarian-and-Non-Vegetarian-Patients-with-Diabetes-Mellitus.pdf","https://scholar.google.com/scholar?q=related:1P4x2FFBlH0J:scholar.google.com/&scioq=%22waist+circumference%22+nigeria&hl=en&as_sdt=0,5&as_ylo=2006&as_yhi=2010&as_vis=1"
140,"C Milanese, O Bortolami, M Bertucco…","Anthropometry and motor fitness in children aged 6-12 years",2010,"Journal of human sport …","redalyc.org","https://www.redalyc.org/pdf/3010/301023512014.pdf","https://scholar.google.com/scholar?cites=14660379128159614886&as_sdt=2005&sciodt=0,5&hl=en",146,"2021-07-17 17:21:18","PDF","","","",,,,,140,12.73,35,4,11,"… One hundred fifty-two children underwent standard anthropometry (BMI, waist circumference, waist-to-hip ratio, sum of five skinfolds) and motor fitness tests (standing long jump and 30m dash) … No significant correlation was found between waist circumference and motor tests …","https://www.redalyc.org/pdf/3010/301023512014.pdf","https://scholar.google.com/scholar?q=related:pjeBniQhdMsJ:scholar.google.com/&scioq=%22waist+circumference%22+nigeria&hl=en&as_sdt=0,5&as_ylo=2006&as_yhi=2010&as_vis=1"
0,"MA MUHAMMAD","THE RELATIONSHIP BETWEEN RENAL ULTRASONIC PARAMETERS AND DEGREE OF KIDNEY FUNCTION IN NIGERIANS",2010,"Faculty of INTERNAL MEDICINE","dissertation.npmcn.edu.ng","http://www.dissertation.npmcn.edu.ng/index.php/FMCP/article/download/564/635","",147,"2021-07-17 17:21:18","PDF","","","",,,,,0,0.00,0,1,11,"… microglobulin and N-acetyl-beta-glucosaminidase are not readily available2. Even where available, the cost is a limiting factor and Nigerians are not too well … Ilorin, in the North- Central zone of Nigeria. It has 577-bed out of which 120 … The waist circumference (measured in …","http://www.dissertation.npmcn.edu.ng/index.php/FMCP/article/download/564/635","https://scholar.google.com/scholar?q=related:gnX5Un-6sEUJ:scholar.google.com/&scioq=%22waist+circumference%22+nigeria&hl=en&as_sdt=0,5&as_ylo=2006&as_yhi=2010&as_vis=1"
3,"H Chanda, P Kelly, B Andrews, S Siziya…","Predictive value of Metabolic Syndrome components in detecting the syndrome in patients with type 2 Diabetes Mellitus",2010,"Medical Journal of Zambia","ajol.info","https://www.ajol.info/index.php/mjz/article/view/76379","https://scholar.google.com/scholar?cites=10859637534484343310&as_sdt=2005&sciodt=0,5&hl=en",148,"2021-07-17 17:21:18","","","","",,,,,3,0.27,1,5,11,"… Therefore, simple waist circumference measurement can be used alone as an alternative cheaper surrogate test to detect MetS in patients with type … 6. Adediran, OS, Edo, AE, Jimoh, AK, Ohwovoriole, AE Prevalence of metabolic syndrome among Nigerians with type 2 diabetes …","https://www.ajol.info/index.php/mjz/article/view/76379/66836","https://scholar.google.com/scholar?q=related:DipwAM0utZYJ:scholar.google.com/&scioq=%22waist+circumference%22+nigeria&hl=en&as_sdt=0,5&as_ylo=2006&as_yhi=2010&as_vis=1"
41,"U Dimkpa, JO Oji","Association of heart rate recovery after exercise with indices of obesity in healthy, non-obese adults",2010,"European journal of applied physiology","Springer","https://link.springer.com/article/10.1007/s00421-009-1276-2","https://scholar.google.com/scholar?cites=9586074511415750591&as_sdt=2005&sciodt=0,5&hl=en",149,"2021-07-17 17:21:18","","10.1007/s00421-009-1276-2","","",,,,,41,3.73,21,2,11,"… 18–66 years, selected from students and members of staff of Igbinedion University, Okada, and residents of Okada town in Edo State, Nigeria … Waist circumference was measured half way between the top of the iliac crest and the lower rib margin while the hip circumference was …","https://www.researchgate.net/profile/Uchechukwu-Dimkpa/publication/38081106_Association_of_heart_rate_recovery_after_exercise_with_indices_of_obesity_in_healthy_non-obese_adults/links/559c5f4108ae7f3eb4d024c3/Association-of-heart-rate-recovery-after-exercise-with-indices-of-obesity-in-healthy-non-obese-adults","https://scholar.google.com/scholar?q=related:v69cm_qTCIUJ:scholar.google.com/&scioq=%22waist+circumference%22+nigeria&hl=en&as_sdt=0,5&as_ylo=2006&as_yhi=2010&as_vis=1"
5,"BC Unadike, A Eregie, AE Ohwovoriole","Prevalence and types of sexual dysfunction amongst female with diabetes mellitus",2009,"Pakistan Journal of Medical …","pjms.com.pk","https://www.pjms.com.pk/issues/aprjun109/article/article18.html","https://scholar.google.com/scholar?cites=8030469086786393321&as_sdt=2005&sciodt=0,5&hl=en",150,"2021-07-17 17:21:18","HTML","","","",,,,,5,0.42,2,3,12,"… in this area and this is partly due to the fact that in the Nigerian society most … of Benin Teaching Hospital and Central Hospital, both in Benin City in the south zone of Nigeria … and duration of DM, history of, and type of SD, height, weight, body mass index, waist circumference …","https://www.pjms.com.pk/issues/aprjun109/article/article18.html","https://scholar.google.com/scholar?q=related:6ZSoURb1cW8J:scholar.google.com/&scioq=%22waist+circumference%22+nigeria&hl=en&as_sdt=0,5&as_ylo=2006&as_yhi=2010&as_vis=1"
81,"HA Elnasri, AM Ahmed","Patterns of lipid changes among type 2 diabetes patients in Sudan",2008,"… -Eastern Mediterranean Health Journal, 14 (2) …","apps.who.int","https://apps.who.int/iris/handle/10665/117441","https://scholar.google.com/scholar?cites=13190186908573611443&as_sdt=2005&sciodt=0,5&hl=en",151,"2021-07-17 17:21:18","","","","",,,,,81,6.23,41,2,13,"… Overweight 5.53 (0.27) 1.81 (0.45) 0.99 (0.31) 3.71 (0.53) 0.94 (0.44) 5.58 (0.87) Obese 5.98 (0.73) 1.92 (0.21) 0.83 (0.15) 3.84 (0.31) 1.11 (0.35) 7.20 (0.48) Waist circumference* No abdominal … reported a high level of triglycerides and low HDL-C in diabetic women in Nigeria …","https://apps.who.int/iris/bitstream/handle/10665/117441/14_2_2008_0314_0324.pdf","https://scholar.google.com/scholar?q=related:s7WJ1hv1DLcJ:scholar.google.com/&scioq=%22waist+circumference%22+nigeria&hl=en&as_sdt=0,5&as_ylo=2006&as_yhi=2010&as_vis=1"
58,"B Longo-Mbenza, EL Luila…","Nutritional status, socio-economic status, heart rate, and blood pressure in African school children and adolescents",2007,"International journal of …","Elsevier","https://www.sciencedirect.com/science/article/pii/S016752730601401X","https://scholar.google.com/scholar?cites=8746474419193550939&as_sdt=2005&sciodt=0,5&hl=en",152,"2021-07-17 17:21:18","","","","",,,,,58,4.14,19,3,14,"… 1535 school children and adolescents. Outcome measure. Height, weight, waist circumference, hip circumferences, blood pressure and heart rate were measured … Children with pooled types of malnutrition had higher waist circumference, waist–hip ratio and heart rate values …","https://www.academia.edu/download/57185458/j.ijcard.2006.11.00420180814-24252-33815y.pdf","https://scholar.google.com/scholar?q=related:W5gSuSS4YXkJ:scholar.google.com/&scioq=%22waist+circumference%22+nigeria&hl=en&as_sdt=0,5&as_ylo=2006&as_yhi=2010&as_vis=1"
70,"IP Chudi","Healthcare problems in developing countries",2010,"Medical Practice and Reviews","academicjournals.org","https://academicjournals.org/journal/MPR/article-abstract/AA31FD2472","https://scholar.google.com/scholar?cites=2693388204803931924&as_sdt=2005&sciodt=0,5&hl=en",153,"2021-07-17 17:21:18","","","","",,,,,70,6.36,70,1,11,"… Prevalence of low back pain among pregnant women in Ilorin, Nigeria … Adult Nigerian with untreated tetralogy of fallot: A case report … Three physical markers of insulin resistance (body mass index, waist circumference and acanthosis nigricans): A cross-sectional study among …","https://academicjournals.org/journal/MPR/article-full-text-pdf/AA31FD2472.pdf","https://scholar.google.com/scholar?q=related:FL-QVU3WYCUJ:scholar.google.com/&scioq=%22waist+circumference%22+nigeria&hl=en&as_sdt=0,5&as_ylo=2006&as_yhi=2010&as_vis=1"
30,"HS Sandhu, S Koley, KS Sandhu","A study of correlation between lipid profile and waist to hip ratios in patients with diabetes mellitus",2008,"The Anthropologist","Taylor & Francis","https://www.tandfonline.com/doi/abs/10.1080/09720073.2008.11891050","https://scholar.google.com/scholar?cites=2890101793770200344&as_sdt=2005&sciodt=0,5&hl=en",154,"2021-07-17 17:21:18","","10.1080/09720073.2008.11891050","","",,,,,30,2.31,10,3,13,"… Med., 188:189-202 (1999). Okosun, S., Richard, ICS, Richard, BO, Cooper, S. and Forrester, T.: Association of waist circumference with risk of hypertension and type 2 Diabetes in Nigerians, Jamaicans and African-Americans. Diabetes Care, 21: 1836-1842, (2000) …","","https://scholar.google.com/scholar?q=related:GF1k3kS0GygJ:scholar.google.com/&scioq=%22waist+circumference%22+nigeria&hl=en&as_sdt=0,5&as_ylo=2006&as_yhi=2010&as_vis=1"
28,"FH Puepet, A Uloko, IY Akogu, E Aniekwensi","Prevalence of the metabolic syndrome among patients with type 2 diabetes mellitus in urban North-Central Nigeria.",2009,"African Journal of …","ajol.info","https://www.ajol.info/index.php/ajem/article/view/57576","https://scholar.google.com/scholar?cites=12673577186572731874&as_sdt=2005&sciodt=0,5&hl=en",155,"2021-07-17 17:21:18","","","","",,,,,28,2.33,7,4,12,"… of the MS was made based on the new IDF definition (6,7), Central obesity (waist circumference, [WC] e … In this study, we found a high prevalence of the MS (63.6%) in North-Central Nigeria … In the south western Nigerian study, the ratio of females to males with MS was 6:4 which …","https://www.ajol.info/index.php/ajem/article/view/57576/45956","https://scholar.google.com/scholar?q=related:4oUpv02X4a8J:scholar.google.com/&scioq=%22waist+circumference%22+nigeria&hl=en&as_sdt=0,5&as_ylo=2006&as_yhi=2010&as_vis=1"
1242,"LM Browning, SD Hsieh, M Ashwell","A systematic review of waist-to-height ratio as a screening tool for the prediction of cardiovascular disease and diabetes: 0· 5 could be a suitable global boundary …",2010,"Nutrition research reviews","cambridge.org","https://www.cambridge.org/core/journals/nutrition-research-reviews/article/systematic-review-of-waisttoheight-ratio-as-a-screening-tool-for-the-prediction-of-cardiovascular-disease-and-diabetes-05-could-be-a-suitable-global-boundary-value/A65EC8CCE2A120C247F82C5074C24C7D","https://scholar.google.com/scholar?cites=15604249232495875558&as_sdt=2005&sciodt=0,5&hl=en",156,"2021-07-17 17:21:18","","","","",,,,,1242,112.91,414,3,11,"… This systematic review collated seventy-eight studies exploring waist-to-height ratio (WHtR) and waist circumference (WC) or BMI as predictors of diabetes and CVD, published in English between 1950 and 2008 … WC, waist circumference; WHtR, waist-to-height ratio …","https://www.cambridge.org/core/services/aop-cambridge-core/content/view/A65EC8CCE2A120C247F82C5074C24C7D/S0954422410000144a.pdf/a-systematic-review-of-waist-to-height-ratio-as-a-screening-tool-for-the-prediction-of-cardiovascular-disease-and-diabetes-05-could-be-a-suitable-global-boundary-value.pdf","https://scholar.google.com/scholar?q=related:5hWUiQBujdgJ:scholar.google.com/&scioq=%22waist+circumference%22+nigeria&hl=en&as_sdt=0,5&as_ylo=2006&as_yhi=2010&as_vis=1"
363,"S Carnell, J Wardle","Appetite and adiposity in children: evidence for a behavioral susceptibility theory of obesity",2008,"The American journal of clinical nutrition","academic.oup.com","https://academic.oup.com/ajcn/article-abstract/88/1/22/4648918","https://scholar.google.com/scholar?cites=7892530676483270164&as_sdt=2005&sciodt=0,5&hl=en",157,"2021-07-17 17:21:18","","","","",,,,,363,27.92,182,2,13,"… For the 8–11-y-olds, waist circumference was also recorded and used to derive waist SD scores … They were asked to use the tape measure to measure the child's waist circumference directly over the skin at 4 cm above the navel, after a gentle exhalation (22) …","https://academic.oup.com/ajcn/article/88/1/22/4648918","https://scholar.google.com/scholar?q=related:FKaodtXmh20J:scholar.google.com/&scioq=%22waist+circumference%22+nigeria&hl=en&as_sdt=0,5&as_ylo=2006&as_yhi=2010&as_vis=1"
31,"A Mohsin, J Zafar, YB Nisar, SM Imran…","Frequency of the metabolic syndrome in adult type2 diabetics presenting to Pakistan Institute of Medical Sciences",2007,"JOURNAL-PAKISTAN …","academia.edu","https://www.academia.edu/download/54032865/Frequency_of_the_metabolic_syndrome_in_a20170801-28614-1sl9iaj.pdf","https://scholar.google.com/scholar?cites=8768828929902013529&as_sdt=2005&sciodt=0,5&hl=en",158,"2021-07-17 17:21:18","PDF","","","",,,,,31,2.21,6,5,14,"… almost similar to that found in the Nigerian diabetic popu- lation.21 Finally, the prevalence of different risk factors in patients of both … syndrome in Greece.25 In Kinmen, the most common abnormalities were high blood pressure in men and large waist circumference in women.17 …","https://www.academia.edu/download/54032865/Frequency_of_the_metabolic_syndrome_in_a20170801-28614-1sl9iaj.pdf","https://scholar.google.com/scholar?q=related:WWz61nMjsXkJ:scholar.google.com/&scioq=%22waist+circumference%22+nigeria&hl=en&as_sdt=0,5&as_ylo=2006&as_yhi=2010&as_vis=1"
77,"K Silventoinen, AL Hasselbalch…","Modification effects of physical activity and protein intake on heritability of body size and composition",2009,"… American journal of …","academic.oup.com","https://academic.oup.com/ajcn/article-abstract/90/4/1096/4597004","https://scholar.google.com/scholar?cites=11702389606343615291&as_sdt=2005&sciodt=0,5&hl=en",159,"2021-07-17 17:21:18","","","","",,,,,77,6.42,26,3,12,"ABSTRACT. Background: The development of obesity is still a poorly understood process that is dependent on both genetic and environmental factors.Objective: The.","https://academic.oup.com/ajcn/article/90/4/1096/4597004","https://scholar.google.com/scholar?q=related:O6NVVVg9Z6IJ:scholar.google.com/&scioq=%22waist+circumference%22+nigeria&hl=en&as_sdt=0,5&as_ylo=2006&as_yhi=2010&as_vis=1"
14,"GS Oladipo, EO Afolabi, C Esomonu","Dermatoglyphic Patterns of Obese versus Normal-Weight Nigerian Individuals",2010,"Biomedicine International","genetic-test.ru","http://genetic-test.ru/pub/litres/6_Oladipo.pdf","https://scholar.google.com/scholar?cites=15893721054387751003&as_sdt=2005&sciodt=0,5&hl=en",160,"2021-07-17 17:21:18","PDF","","","",,,,,14,1.27,5,3,11,"… the BMI is taken by measuring his/her weight (kg), height (m) and waist circumference (cm … Prevalence of obesity and risk factors in Ibibio ethnic group, Nigeria, 2006;18-25 … Gwunireama IU, Ichegbo Y. Dermatoglyphic patterns of schizophrenics in south-south Nigerian popula- tion …","http://genetic-test.ru/pub/litres/6_Oladipo.pdf","https://scholar.google.com/scholar?q=related:W8jtJRfXkdwJ:scholar.google.com/&scioq=%22waist+circumference%22+nigeria&hl=en&as_sdt=0,5&as_ylo=2006&as_yhi=2010&as_vis=1"
21,"AO Ogbera, AO Azenabor","Lipoprotein (a), C-reactive protein and some metabolic cardiovascular risk factors in type 2 DM",2010,"Diabetology & …","dmsjournal.biomedcentral.com","https://dmsjournal.biomedcentral.com/articles/10.1186/1758-5996-2-51","https://scholar.google.com/scholar?cites=18088769173643132222&as_sdt=2005&sciodt=0,5&hl=en",161,"2021-07-17 17:21:18","HTML","10.1186/1758-5996-2-51","","",,,,,21,1.91,11,2,11,"Lipoprotein (a) (LP (a) is an independent cardiovascular risk factor that is not widely studied in people of sub-Saharan African origin. The aim of this report is to determine the frequency of occurrence of elevated Lp (a) and possible relationship with total cholesterol (TCHOL), high …","https://dmsjournal.biomedcentral.com/articles/10.1186/1758-5996-2-51","https://scholar.google.com/scholar?q=related:Pv0Im7k3CPsJ:scholar.google.com/&scioq=%22waist+circumference%22+nigeria&hl=en&as_sdt=0,5&as_ylo=2006&as_yhi=2010&as_vis=1"
0,"OE Enang, MY Olamoyegun, AT Akinlade…","Anthropometric indices of the elderly attending a diabetes clinic in Lagos",2009,"","196.45.48.59","http://196.45.48.59:8080/handle/123456789/8649","",162,"2021-07-17 17:21:18","","","","",,,,,0,0.00,0,4,12,"… The aim of the present study to assess the prevalence of overweight, obesity and an increased and high waist circumference in the elderly attending the diabetes clinic in a tertiary institution in Lagos and to describe the associations of both measures …","",""
17,"U Dimkpa, AC Ugwu","Determination of systolic blood pressure recovery time after exercise in apparently healthy, normotensive, non-athletic adults and the effects of age, gender, and …",2009,"International journal of exercise …","digitalcommons.wku.edu","https://digitalcommons.wku.edu/ijes/vol2/iss2/5/","https://scholar.google.com/scholar?cites=12199909878877067365&as_sdt=2005&sciodt=0,5&hl=en",163,"2021-07-17 17:21:18","","","","",,,,,17,1.42,9,2,12,"… 68 years, selected from students and staff of Igbinedion University, Okada and residents of Okada town in Edo state Nigeria, participated in … in Table 1. Young males indicated significantly higher resting DBP (p<0.05); lower HR (p<0.001) and higher waist circumference (p<0.001 …","https://digitalcommons.wku.edu/cgi/viewcontent.cgi?article=1169&context=ijes","https://scholar.google.com/scholar?q=related:ZRg_nmXJTqkJ:scholar.google.com/&scioq=%22waist+circumference%22+nigeria&hl=en&as_sdt=0,5&as_ylo=2006&as_yhi=2010&as_vis=1"
1,"AF Adeniyi, AO Sanya, AA Fasanmade…","Increase in adiposity of type 2 diabetes patients following withdrawal from therapeutic exercise",2009,"African Journal of …","ajol.info","https://www.ajol.info/index.php/ajprs/article/view/51308","https://scholar.google.com/scholar?cites=18105540736309557873&as_sdt=2005&sciodt=0,5&hl=en",164,"2021-07-17 17:21:18","","","","",,,,,1,0.08,0,4,12,"… AF Adeniyi, Department of Physiotherapy, Faculty of Clinical Sciences, College of Medicine, University of Ibadan, Ibadan, Nigeria • Email: adeniyifatai … The adiposity variables measured in both phases of the study include: body mass index (BMI), waist circumference (WC), waist …","https://www.ajol.info/index.php/ajprs/article/download/51308/39969","https://scholar.google.com/scholar?q=related:cXoYVl_NQ_sJ:scholar.google.com/&scioq=%22waist+circumference%22+nigeria&hl=en&as_sdt=0,5&as_ylo=2006&as_yhi=2010&as_vis=1"
0,"AI UJOMOTI","LEFT VENTRICULAR FUNCTION IN ADULT NIGERIANS WITH CENTRAL OBESITY",2009,"Faculty of INTERNAL MEDICINE","dissertation.npmcn.edu.ng","http://dissertation.npmcn.edu.ng/index.php/FMCP/article/download/544/655","",165,"2021-07-17 17:21:18","PDF","","","",,,,,0,0.00,0,1,12,"… kgs= kilogram's, sq= square, ht= height, meast/mead= measurements/measured, WC= waist circumference, cms= centimeters … In Nigeria, the mean BMI for men and women is 21.7 and 22.6 respectively; in the United States, the average BMI for Nigerian men and women is 27.1 …","http://dissertation.npmcn.edu.ng/index.php/FMCP/article/download/544/655","https://scholar.google.com/scholar?q=related:X4pXgBsloS0J:scholar.google.com/&scioq=%22waist+circumference%22+nigeria&hl=en&as_sdt=0,5&as_ylo=2006&as_yhi=2010&as_vis=1"
24,"BC Unadike, A Eregie, AE Ohwovoriole","Glycaemic control amongst persons with diabetes mellitus in Benin City",2010,"Nigerian Medical …","nigeriamedj.com","https://nigeriamedj.com/article.asp?issn=0300-1652;year=2010;volume=51;issue=4;spage=164;epage=166;aulast=Unadike","https://scholar.google.com/scholar?cites=5308749974656883355&as_sdt=2005&sciodt=0,5&hl=en",166,"2021-07-17 17:21:18","HTML","","","",,,,,24,2.18,8,3,11,"… The waist circumference was measured at the midpoint between the ribcage and iliac crest, while hip … Adebisi et al in Ilorin, Nigeria also documented this poor glycaemic control in 500 … All these studies show that poor glycaemic control is common in Nigerian persons with …","https://nigeriamedj.com/article.asp?issn=0300-1652;year=2010;volume=51;issue=4;spage=164;epage=166;aulast=Unadike","https://scholar.google.com/scholar?q=related:m5rJmPl3rEkJ:scholar.google.com/&scioq=%22waist+circumference%22+nigeria&hl=en&as_sdt=0,5&as_ylo=2006&as_yhi=2010&as_vis=1"
121,"SE Litwin","Which measures of obesity best predict cardiovascular risk?",2008,"","jacc.org","https://www.jacc.org/doi/full/10.1016/j.jacc.2008.05.017","https://scholar.google.com/scholar?cites=11500700615683309911&as_sdt=2005&sciodt=0,5&hl=en",167,"2021-07-17 17:21:18","HTML","10.1016/j.jacc.2008.05.017","","",,,,,121,9.31,121,1,13,"… The extent to which such misclassification occurs in large populations is unclear because waist circumference and BMI correlate closely (26,27) … They found correlation coefficients of 0.81 and 0.96 between waist circumference and BMI or waist/height, respectively …","https://www.jacc.org/doi/full/10.1016/j.jacc.2008.05.017","https://scholar.google.com/scholar?q=related:V4Hr0Uaymp8J:scholar.google.com/&scioq=%22waist+circumference%22+nigeria&hl=en&as_sdt=0,5&as_ylo=2006&as_yhi=2010&as_vis=1"
5,"OC Oguejoifor, JM Oli, CU Odenigbo","Evaluation of"" care of the foot"" as a risk factor for diabetic foot ulceration: the role of internal physicians",2009,"Nigerian journal of clinical practice","ajol.info","https://www.ajol.info/index.php/njcp/article/view/45359/28842","https://scholar.google.com/scholar?cites=17685738119918849518&as_sdt=2005&sciodt=0,5&hl=en",168,"2021-07-17 17:21:18","PDF","","","",,,,,5,0.42,2,3,12,"… The waist circumference was measured from halfway (mid point) between the superior iliac crest and the lower margin of the rib cage in the mid- axillary … Pattern of diabetes foot ulcer in Port Harcourt Nigeria … The pattern of presentation of foot lesions in Nigerian diabetic patients …","https://www.ajol.info/index.php/njcp/article/view/45359/28842","https://scholar.google.com/scholar?q=related:7g1Z9B1dcPUJ:scholar.google.com/&scioq=%22waist+circumference%22+nigeria&hl=en&as_sdt=0,5&as_ylo=2006&as_yhi=2010&as_vis=1"
9,"SO Ugoya, MO Owolabi, TA Ugoya…","The association between body mass index and diabetic peripheral neuropathy",2008,"Hungarian Medical …","akjournals.com","https://akjournals.com/abstract/journals/686/2/1/article-p63.xml","https://scholar.google.com/scholar?cites=10117473016096986522&as_sdt=2005&sciodt=0,5&hl=en",169,"2021-07-17 17:21:18","","","","",,,,,9,0.69,2,4,13,"… between BMI and DPN seen in Jos University Teaching Hospital (JUTH), a referral centre for the state and North Central Nigeria including the … 3. Waist circumference was measured with a dressmaker's tape as the horizontal level at the mid-point between the iliac crest and the …","","https://scholar.google.com/scholar?q=related:mpUPfRp8aIwJ:scholar.google.com/&scioq=%22waist+circumference%22+nigeria&hl=en&as_sdt=0,5&as_ylo=2006&as_yhi=2010&as_vis=1"
11,"AA Onyeaghala, JI Anetor…","High urinary iodine content (UIC) among primary school children in Ibadan, Nigeria, a public health concern",2010,"… of Toxicology and …","academicjournals.org","https://academicjournals.org/journal/JTEHS/article-abstract/CDB75A6940","https://scholar.google.com/scholar?cites=14647196493535802992&as_sdt=2005&sciodt=0,5&hl=en",170,"2021-07-17 17:21:18","","","","",,,,,11,1.00,4,3,11,"… In Nigeria, the National Agency for Food and Drug Administration and Control (NAFDAC) has greatly promoted salt iodization using public … Variable Mean ± SD Age (yrs) 9.45 ± 1.26 Height (m) 1.31 ± 0.11 Weight (kg) 23.71 ± 5.28 Waist circumference (m) 0.48 ± 0.17 Body mass …","https://academicjournals.org/journal/JTEHS/article-full-text-pdf/CDB75A6940","https://scholar.google.com/scholar?q=related:cHaMUJtLRcsJ:scholar.google.com/&scioq=%22waist+circumference%22+nigeria&hl=en&as_sdt=0,5&as_ylo=2006&as_yhi=2010&as_vis=1"
202,"L Fuentes, AL Brown, SJ Mathews…","Metabolic syndrome is associated with abnormal left ventricular diastolic function independent of left ventricular mass",2007,"European heart …","academic.oup.com","https://academic.oup.com/eurheartj/article-abstract/28/5/553/2887691","https://scholar.google.com/scholar?cites=4554666668815538818&as_sdt=2005&sciodt=0,5&hl=en",171,"2021-07-17 17:21:18","","","","",,,,,202,14.43,51,4,14,"… Multiple variable analyses showed that diastolic blood pressure, waist circumference, and triglyceride levels were independent predictors of Ve after adjustment for LV mass. Conclusion Patients with metabolic syndrome have LV diastolic dysfunction independent of LV mass …","https://academic.oup.com/eurheartj/article/28/5/553/2887691","https://scholar.google.com/scholar?q=related:gtoPITRtNT8J:scholar.google.com/&scioq=%22waist+circumference%22+nigeria&hl=en&as_sdt=0,5&as_ylo=2006&as_yhi=2010&as_vis=1"
30,"N Dwimartutie, S Setiati, M Oemardi","The correlation between body fat distribution and insulin resistance in elderly",2010,"Acta Med Indones","inaactamedica.org","http://www.inaactamedica.org/archives/2010/20513929.pdf","https://scholar.google.com/scholar?cites=6114599233874378784&as_sdt=2005&sciodt=0,5&hl=en",172,"2021-07-17 17:21:18","PDF","","","",,,,,30,2.73,10,3,11,"… The prevalence of insulin resistance and other cardiovascular disease risk factor in healthy elderly southwestern Nigerians. Atherosclerosis. 1997;128:201-11. 21 … 23. Witjaksono F. Body mass index and waist circumference among Indonesian adult from urban commodities …","http://www.inaactamedica.org/archives/2010/20513929.pdf","https://scholar.google.com/scholar?q=related:IED1Tptr21QJ:scholar.google.com/&scioq=%22waist+circumference%22+nigeria&hl=en&as_sdt=0,5&as_ylo=2006&as_yhi=2010&as_vis=1"
0,"KI AKHUEMOKHAN","TRACE MINERAL STATUS OF NIGERIANS WITH TYPE 2 DIABETES",2008,"Faculty of INTERNAL MEDICINE","dissertation.npmcn.edu.ng","http://dissertation.npmcn.edu.ng/index.php/FMCP/article/download/519/678","",173,"2021-07-17 17:21:18","PDF","","","",,,,,0,0.00,0,1,13,"… (BMI), waist circumference (WC), hip circumference (HC), waist hip ratio Page 16. 16 … of abnormalities of these trace minerals in this group of Nigerian patients and … 1.6 JUSTIFICATION OF THE STUDY. The practice of internal medicine in Nigeria is fraught with problems such as …","http://dissertation.npmcn.edu.ng/index.php/FMCP/article/download/519/678","https://scholar.google.com/scholar?q=related:FXNKCaxWBaAJ:scholar.google.com/&scioq=%22waist+circumference%22+nigeria&hl=en&as_sdt=0,5&as_ylo=2006&as_yhi=2010&as_vis=1"
114,"JE Oben, JL Ngondi, CN Momo…","The use of a Cissus quadrangularis/Irvingia gabonensis combination in the management of weight loss: a double-blind placebo-controlled study",2008,"Lipids in Health …","lipidworld.biomedcentral.com","https://lipidworld.biomedcentral.com/articles/10.1186/1476-511X-7-12","https://scholar.google.com/scholar?cites=11939694231674409464&as_sdt=2005&sciodt=0,5&hl=en",174,"2021-07-17 17:21:18","HTML","10.1186/1476-511X-7-12","","",,,,,114,8.77,29,4,13,"To evaluate the effects of two formulations, Cissus quadrangularis-only and a Cissus quadrangularis/Irvingia gabonensis combination, on weight loss in overweight and obese human subjects. The study was a 10 week randomized, double-blind, placebo-controlled design involving …","https://lipidworld.biomedcentral.com/articles/10.1186/1476-511X-7-12","https://scholar.google.com/scholar?q=related:-NG7_aRQsqUJ:scholar.google.com/&scioq=%22waist+circumference%22+nigeria&hl=en&as_sdt=0,5&as_ylo=2006&as_yhi=2010&as_vis=1"
54,"GR Norton, OHI Majane, E Libhaber…","The relationship between blood pressure and left ventricular mass index depends on an excess adiposity",2009,"Journal of …","journals.lww.com","https://journals.lww.com/jhypertension/Fulltext/2009/09000/The_relationship_between_blood_pressure_and_left.21.aspx","https://scholar.google.com/scholar?cites=4632037995086234732&as_sdt=2005&sciodt=0,5&hl=en",175,"2021-07-17 17:21:18","","","","",,,,,54,4.50,14,4,12,"Aim To determine whether blood pressure (BP)–LVM relationships depend in-part on the influence of.","","https://scholar.google.com/scholar?q=related:bEQ60wNOSEAJ:scholar.google.com/&scioq=%22waist+circumference%22+nigeria&hl=en&as_sdt=0,5&as_ylo=2006&as_yhi=2010&as_vis=1"
128,"AK Gupta, M McGlone, FL Greenway…","Prehypertension in disease-free adults: a marker for an adverse cardiometabolic risk profile",2010,"Hypertension …","nature.com","https://www.nature.com/articles/hr201091","https://scholar.google.com/scholar?cites=918231814879086549&as_sdt=2005&sciodt=0,5&hl=en",176,"2021-07-17 17:21:18","HTML","","","",,,,,128,11.64,32,4,11,"… Prevalence was higher in men (P<0.001) increasing with age up to 70 years (P<0.001). Prevalence correlated strongly with indicators of adverse cardiometabolic risk profile: it was higher with increasing body mass index (BMI) and waist circumference (WC) (P<0.001 for both) …","https://www.nature.com/articles/hr201091","https://scholar.google.com/scholar?q=related:1YdUe_g2vgwJ:scholar.google.com/&scioq=%22waist+circumference%22+nigeria&hl=en&as_sdt=0,5&as_ylo=2006&as_yhi=2010&as_vis=1"
12,"NP Steyn, D Labadarios","Understanding the determinants of obesity",2008,"South African Journal of Clinical …","sajcn.redbricklibrary.com","http://sajcn.redbricklibrary.com/index.php/SAJCN/article/view/295","https://scholar.google.com/scholar?cites=13766573113514821666&as_sdt=2005&sciodt=0,5&hl=en",177,"2021-07-17 17:21:18","","","","",,,,,12,0.92,6,2,13,"… Interestingly, the level of physical activity was not associated with BMI or waist circumference … Nigerian and Chicago African women showed that in neither cohort was there a meaningful association between measures of active energy expenditure and adiposity …","http://sajcn.redbricklibrary.com/index.php/SAJCN/article/view/295/300","https://scholar.google.com/scholar?q=related:Ioh-7U6xDL8J:scholar.google.com/&scioq=%22waist+circumference%22+nigeria&hl=en&as_sdt=0,5&as_ylo=2006&as_yhi=2010&as_vis=1"
0,"OB OZOH","VENTILATORY FUNCTION TESTS IN TYPE 2 DIABETES MELLITUS AT THE LAGOS UNIVERSITY TEACHING HOSPITAL, IDI-ARABA, LAGOS, NIGERIA",2008,"Faculty of INTERNAL MEDICINE","dissertation.npmcn.edu.ng","http://www.dissertation.npmcn.edu.ng/index.php/FMCP/article/download/536/662","",178,"2021-07-17 17:21:18","PDF","","","",,,,,0,0.00,0,1,13,"… Onadeko et al in a study of pulmonary function tests in Nigerian sports men … predicted for normal Nigerians of similar age, sex, height and weight45. Among Page 29. 29 … dwellings46. Ahuja et al working in Jos a notable high land in Northern Nigeria …","http://www.dissertation.npmcn.edu.ng/index.php/FMCP/article/download/536/662","https://scholar.google.com/scholar?q=related:OnhrH4-hpvMJ:scholar.google.com/&scioq=%22waist+circumference%22+nigeria&hl=en&as_sdt=0,5&as_ylo=2006&as_yhi=2010&as_vis=1"
99,"JL Ngondi, BC Etoundi…","IGOB131, a novel seed extract of the West African plant Irvingia gabonensis, significantly reduces body weight and improves metabolic parameters in …",2009,"Lipids in Health …","lipidworld.biomedcentral.com","https://lipidworld.biomedcentral.com/articles/10.1186/1476-511x-8-7","https://scholar.google.com/scholar?cites=1765846838511856384&as_sdt=2005&sciodt=0,5&hl=en",179,"2021-07-17 17:21:18","HTML","10.1186/1476-511x-8-7","","",,,,,99,8.25,33,3,12,"A recent in vitro study indicates that IGOB131, a novel seed extract of the traditional West African food plant Irvingia gabonensis, favorably impacts adipogenesis through a variety of critical metabolic pathways including PPAR gamma, leptin, adiponectin, and glycerol-3 phosphate …","https://lipidworld.biomedcentral.com/articles/10.1186/1476-511x-8-7","https://scholar.google.com/scholar?q=related:AOs-AViMgRgJ:scholar.google.com/&scioq=%22waist+circumference%22+nigeria&hl=en&as_sdt=0,5&as_ylo=2006&as_yhi=2010&as_vis=1"
801,"JCN Mbanya, AA Motala, E Sobngwi, FK Assah…","Diabetes in sub-saharan africa",2010,"The lancet","Elsevier","https://www.sciencedirect.com/science/article/pii/S0140673610605508","https://scholar.google.com/scholar?cites=17469382547689240799&as_sdt=2005&sciodt=0,5&hl=en",180,"2021-07-17 17:21:18","","","","",,,,,801,72.82,160,5,11,"","https://www.academia.edu/download/42377300/Diabetes_in_sub-Saharan_Africa20160208-14055-1f8iqy.pdf","https://scholar.google.com/scholar?q=related:3_hs0N62b_IJ:scholar.google.com/&scioq=%22waist+circumference%22+nigeria&hl=en&as_sdt=0,5&as_ylo=2006&as_yhi=2010&as_vis=1"
0,"U Dimkpa, AC Ugwu","Original Research Independent Multiple Correlates of Post-Exercise Systolic Blood Pressure Recovery in Healthy Adults",,"Citeseer","","http://citeseerx.ist.psu.edu/viewdoc/download?doi=10.1.1.538.6016&rep=rep1&type=pdf","",181,"2021-07-17 17:21:18","PDF","","","",,,,,0,0.00,0,2,,"… In the present study, we demonstrated whether age, sex, BMI, waist circumference, resting HR, physical … smoking are independently related to postexercise SBPR or not, in Nigerian adults who … University, Okada and residents of Okada town in Edo state Nigeria, participated in …","http://citeseerx.ist.psu.edu/viewdoc/download?doi=10.1.1.538.6016&rep=rep1&type=pdf","https://scholar.google.com/scholar?q=related:JQ_aw_wz3zwJ:scholar.google.com/&scioq=%22waist+circumference%22+nigeria&hl=en&as_sdt=0,5&as_ylo=2006&as_yhi=2010&as_vis=1"
53,"J Addo, L Smeeth, DA Leon","Obesity in urban civil servants in Ghana: association with pre-adult wealth and adult socio-economic status",2009,"Public health","Elsevier","https://www.sciencedirect.com/science/article/pii/S0033350609000377","https://scholar.google.com/scholar?cites=2471786401473548633&as_sdt=2005&sciodt=0,5&hl=en",182,"2021-07-17 17:21:18","","","","",,,,,53,4.42,18,3,12,"… Men of higher pre-adult or current socio-economic position generally had higher mean BMI and waist circumference … Table 2 shows the mean waist circumference and mean BMI distribution in men and women by different categories of socio-economic position …","","https://scholar.google.com/scholar?q=related:WdF41KKMTSIJ:scholar.google.com/&scioq=%22waist+circumference%22+nigeria&hl=en&as_sdt=0,5&as_ylo=2006&as_yhi=2010&as_vis=1"
69,"CV Iannucci, D Capoccia, M Calabria…","Metabolic syndrome and adipose tissue: new clinical aspects and therapeutic targets",2007,"Current …","ingentaconnect.com","https://www.ingentaconnect.com/content/ben/cpd/2007/00000013/00000021/art00004","https://scholar.google.com/scholar?cites=5880710103751215866&as_sdt=2005&sciodt=0,5&hl=en",183,"2021-07-17 17:21:18","","","","",,,,,69,4.93,17,4,14,"… Key Words: Metabolic syndrome, insulin resistance, visceral adipose tissue, waist circumference, adipocytokines … Nevertheless, waist circumference positively relates with insulin resistance as appears even with RMN abdominal measurements …","","https://scholar.google.com/scholar?q=related:-kokma56nFEJ:scholar.google.com/&scioq=%22waist+circumference%22+nigeria&hl=en&as_sdt=0,5&as_ylo=2006&as_yhi=2010&as_vis=1"
11,"LJ Dominguez, A Galioto, A Pineo, A Ferlisi…","Blood pressure and cardiovascular risk profiles of Africans who migrate to a Western country",2008,"Ethn Dis","Citeseer","http://citeseerx.ist.psu.edu/viewdoc/download?doi=10.1.1.557.7665&rep=rep1&type=pdf","https://scholar.google.com/scholar?cites=18001576762774696530&as_sdt=2005&sciodt=0,5&hl=en",184,"2021-07-17 17:21:18","PDF","","","",,,,,11,0.85,2,5,13,"… between the length of time in Italy and body weight (r5.47, P,.001), body mass index (r5.59, P,.0001), waist circumference (r5.54, P … sponsored by the Italian National Health Service) if they came from sub-Saharan coun- tries (Côte d'Ivoire [n559], Ghana [n517], Nigeria [n53], Mali …","http://citeseerx.ist.psu.edu/viewdoc/download?doi=10.1.1.557.7665&rep=rep1&type=pdf","https://scholar.google.com/scholar?q=related:UrIcdrBy0vkJ:scholar.google.com/&scioq=%22waist+circumference%22+nigeria&hl=en&as_sdt=0,5&as_ylo=2006&as_yhi=2010&as_vis=1"
36,"AA Akintunde, PO Akinwusi, RA Adebayo…","Burden of obesity in essential hypertension: pattern and prevalence",2010,"Nigerian journal of …","ajol.info","https://www.ajol.info/index.php/njcp/article/view/64145","https://scholar.google.com/scholar?cites=10064662012438650986&as_sdt=2005&sciodt=0,5&hl=en",185,"2021-07-17 17:21:18","","","","",,,,,36,3.27,9,4,11,"… Waist circumference and waist hip ratio are also used … The prevalence of overweight and obesity among patients with hypertension in Nigeria is presently high … Presented at the Nigerian Cardiac Society 36 Annual General Meeting and Scientific Conference Abuja 2007 held 26 …","https://www.ajol.info/index.php/njcp/article/download/64145/51941","https://scholar.google.com/scholar?q=related:aiDGg8bcrIsJ:scholar.google.com/&scioq=%22waist+circumference%22+nigeria&hl=en&as_sdt=0,5&as_ylo=2006&as_yhi=2010&as_vis=1"
15,"OC Oguejiofor, JM Oli, CN Ajaero, CU Odenigbo…","Are athe symptoms of diabetic peripheral neuropathy in Nigerian patients objective? An evaluation using the United Kingdom screening test (UKST) and bio …",2009,"Nigerian journal of …","ajol.info","https://www.ajol.info/index.php/njcp/article/view/45373/28858","https://scholar.google.com/scholar?cites=12794334177072970386&as_sdt=2005&sciodt=0,5&hl=en",186,"2021-07-17 17:21:18","PDF","","","",,,,,15,1.25,3,5,12,"… of about three million people, it subserves referrals from other neighbouring states in South-Eastern Nigeria … 11 8 Nigerian Journal of Clinical Practice June 2009, Vol.12(2) … by the square of the height (meters)], waist hip ratio WHR (calculated from the waist circumference WC …","https://www.ajol.info/index.php/njcp/article/view/45373/28858","https://scholar.google.com/scholar?q=related:kvoSkiWbjrEJ:scholar.google.com/&scioq=%22waist+circumference%22+nigeria&hl=en&as_sdt=0,5&as_ylo=2006&as_yhi=2010&as_vis=1"
241,"L Fezeu, B Balkau, AP Kengne, E Sobngwi, JC Mbanya","Metabolic syndrome in a sub-Saharan African setting: central obesity may be the key determinant",2007,"Atherosclerosis","Elsevier","https://www.sciencedirect.com/science/article/pii/S0021915006004886","https://scholar.google.com/scholar?cites=7936693220761862850&as_sdt=2005&sciodt=0,5&hl=en",187,"2021-07-17 17:21:18","","","","",,,,,241,17.21,48,5,14,"… NCEP-ATP III definition [14], three or more of any of the following: ∘ waist circumference >88 cm (women) 102 cm (men); ∘ … IDF 2005 definition [2], waist circumference ≥80 cm (women) ≥94 cm (men) plus two or more of any of the following: ∘ …","https://www.ncbi.nlm.nih.gov/pmc/articles/PMC1961628/","https://scholar.google.com/scholar?q=related:wgLDEm_MJG4J:scholar.google.com/&scioq=%22waist+circumference%22+nigeria&hl=en&as_sdt=0,5&as_ylo=2006&as_yhi=2010&as_vis=1"
211,"A Kokkinos, CW le Roux, K Alexiadou…","Eating slowly increases the postprandial response of the anorexigenic gut hormones, peptide YY and glucagon-like peptide-1",2010,"The Journal of …","academic.oup.com","https://academic.oup.com/jcem/article-abstract/95/1/333/2835331","https://scholar.google.com/scholar?cites=6668478370667836975&as_sdt=2005&sciodt=0,5&hl=en",188,"2021-07-17 17:21:18","","","","",,,,,211,19.18,53,4,11,"… Characteristic . Value . Age, 29.7 ± 1.2 yr. Weight, 82.4 ± 3.0 kg. Height, 1.77 ± 0.02 m. BMI, 26.1 ± 0.9 kg/m 2. Waist circumference, 88.5 ± 2.5 cm. Hip circumference, 103.4 ± 2.2 cm. WHR, 0.85 ± 0.01. Fasting glucose 5-min session a, 96.2 ± 1.5 mg/dl (5.34 ± 0.08 mmol/liter).","https://academic.oup.com/jcem/article/95/1/333/2835331","https://scholar.google.com/scholar?q=related:LzYIPL8xi1wJ:scholar.google.com/&scioq=%22waist+circumference%22+nigeria&hl=en&as_sdt=0,5&as_ylo=2006&as_yhi=2010&as_vis=1"
96,"MM Al-Nozha, MR Arafah, MA Al-Maatouq…","Hyperlipidemia in Saudi Arabia",2008,"Saudi medical …","researchgate.net","https://www.researchgate.net/profile/Nazeer-Khan/publication/5606443_Hyperlipidemia_in_Saudi_Arabia/links/09e415091311866d32000000/Hyperlipidemia-in-Saudi-Arabia.pdf","https://scholar.google.com/scholar?cites=15456616439105588511&as_sdt=2005&sciodt=0,5&hl=en",189,"2021-07-17 17:21:18","PDF","","","",,,,,96,7.38,24,4,13,"… HL prevalence varies among our population, and we can clearly see the effect of factors such as obesity and waist circumference in increasing … County, Korea (TC ≥6.2 mmol/l).30 Alternatively, the overall prevalence rate of HC was 62.5% among adult Nigerians with systemic …","https://www.researchgate.net/profile/Nazeer-Khan/publication/5606443_Hyperlipidemia_in_Saudi_Arabia/links/09e415091311866d32000000/Hyperlipidemia-in-Saudi-Arabia.pdf","https://scholar.google.com/scholar?q=related:Hw1aOsLugNYJ:scholar.google.com/&scioq=%22waist+circumference%22+nigeria&hl=en&as_sdt=0,5&as_ylo=2006&as_yhi=2010&as_vis=1"
76,"CL Wassel, JS Pankow, CA Peralta…","Genetic ancestry is associated with subclinical cardiovascular disease in African-Americans and Hispanics from the multi-ethnic study of atherosclerosis",2009,"Circulation …","Am Heart Assoc","https://www.ahajournals.org/doi/abs/10.1161/circgenetics.109.876243","https://scholar.google.com/scholar?cites=2855866426421711323&as_sdt=2005&sciodt=0,5&hl=en",190,"2021-07-17 17:21:18","","10.1161/circgenetics.109.876243","","",,,,,76,6.33,19,4,12,"… Waist circumference, systolic and diastolic blood pressures, triglycerides, high-density lipoprotein cholesterol, low-density lipoprotein cholesterol, fasting … 25 Pseudoancestral population genotype data were obtained from HapMap (60 Yoruban Nigerians), and previous genotype …","https://www.ahajournals.org/doi/full/10.1161/circgenetics.109.876243","https://scholar.google.com/scholar?q=related:25HUQGIToicJ:scholar.google.com/&scioq=%22waist+circumference%22+nigeria&hl=en&as_sdt=0,5&as_ylo=2006&as_yhi=2010&as_vis=1"
23,"N Ahmed, T Ahmad, SJ Hussain…","Frequency of metabolic syndrome in patients with type-2 diabetes",2010,"Journal of Ayub Medical …","ayubmed.edu.pk","https://www.ayubmed.edu.pk/JAMC/PAST/22-1/Ahmed.pdf","https://scholar.google.com/scholar?cites=2093157522714129233&as_sdt=2005&sciodt=0,5&hl=en",191,"2021-07-17 17:21:18","PDF","","","",,,,,23,2.09,6,4,11,"… syndrome (n=76) with those without the syndrome (n=24) Metabolic Syndrome Mean±SD p Yes 101.26±16.36 Waist Circumference (in cm … Americans, Korea, Kinmen, Iran, India and Oman, women had higher prevalence of the syndrome than men.16–19 Nigerian women also …","https://www.ayubmed.edu.pk/JAMC/PAST/22-1/Ahmed.pdf","https://scholar.google.com/scholar?q=related:UfNPSK1jDB0J:scholar.google.com/&scioq=%22waist+circumference%22+nigeria&hl=en&as_sdt=0,5&as_ylo=2006&as_yhi=2010&as_vis=1"
0,"OQ Bakare","… INDICES AND CARDIOVASCULAR RISK FACTORS AMONG ADULTS IN URBAN AND RURAL LOCAL GOVERNMENT AREAS OF LAGOS STATE, NIGERIA",2008,"PUBLIC HEALTH","dissertation.npmcn.edu.ng","http://dissertation.npmcn.edu.ng/index.php/FMCPH/article/view/2434","",192,"2021-07-17 17:21:18","","","","",,,,,0,0.00,0,1,13,"… TO THE NATIONAL POSTGRADUATE MEDICAL COLLEGE OF NIGERIA IN PARTIAL FULFILMENT OF THE REQUIREMENTS Page 2. 2 … value = 0.0134). The mean waist circumference, WHR and WHtR of respondents in Surulere LGA were lower than that of Ibeju-Lekki LGA …","https://dissertation.npmcn.edu.ng/index.php/FMCPH/article/download/2434/2471","https://scholar.google.com/scholar?q=related:46w-whNs_O8J:scholar.google.com/&scioq=%22waist+circumference%22+nigeria&hl=en&as_sdt=0,5&as_ylo=2006&as_yhi=2010&as_vis=1"
50,"KE Ebersole, LR Dugas, RA Durazo‐Arvizu…","Energy expenditure and adiposity in Nigerian and African‐American women",2008,"…","Wiley Online Library","https://onlinelibrary.wiley.com/doi/abs/10.1038/oby.2008.330","https://scholar.google.com/scholar?cites=1874710392153850906&as_sdt=2005&sciodt=0,5&hl=en",193,"2021-07-17 17:21:18","","10.1038/oby.2008.330","","",,,,,50,3.85,13,4,13,"… Otherwise sampling procedures were similar for both the Nigerian and US sites … In Nigeria, a midpoint spot urine sample was collected on day 5 and an endpoint sample was … were used to calculate BMI as weight (in kg)/height 2 (in m). Waist circumference was measured to the …","https://onlinelibrary.wiley.com/doi/pdf/10.1038/oby.2008.330","https://scholar.google.com/scholar?q=related:GkQQRStPBBoJ:scholar.google.com/&scioq=%22waist+circumference%22+nigeria&hl=en&as_sdt=0,5&as_ylo=2006&as_yhi=2010&as_vis=1"
19,"CE Ejike, C Ugwu","Hyperbolic relationship between blood pressure and body mass index in a Nigerian adolescent population",2010,"","webmedcentral.com","http://www.webmedcentral.com/article_view/797","https://scholar.google.com/scholar?cites=2637192537513889871&as_sdt=2005&sciodt=0,5&hl=en",194,"2021-07-17 17:21:18","HTML","","","",,,,,19,1.73,10,2,11,"… geographic area of residence: a cross-sectional study of adolescents in Kogi state, Nigeria … disease and BMI-metabolic-risk sub-phenotypes in an adult Nigerian population … Body mass index, waist circumference, and clustering of cardiovascular disease risk factors in a biracial …","http://www.webmedcentral.com/article_view/797","https://scholar.google.com/scholar?q=related:T5DT8qMwmSQJ:scholar.google.com/&scioq=%22waist+circumference%22+nigeria&hl=en&as_sdt=0,5&as_ylo=2006&as_yhi=2010&as_vis=1"
39,"MM Al-Nozha, HM Al-Hazzaa, MR Arafah, A Al-Khadra…","Prevalence of physical activity and inactivity among Saudis aged 30-70 years",2007,"Saudi Med J","academia.edu","https://www.academia.edu/download/40392878/Prevalence_of_physical_activity_and_inac20151126-2489-d0v94w.pdf","https://scholar.google.com/scholar?cites=4414999512670018862&as_sdt=2005&sciodt=0,5&hl=en",195,"2021-07-17 17:21:18","PDF","","","",,,,,39,2.79,8,5,14,"… a b Figure 2 - Mean values of waist circumference (WC) across age groups for active and inactive Saudi a) males and b)females *Significant … age was associated with higher odds of being sedentary in men and women.32 However, a study conducted on Nigerian civil servants …","https://www.academia.edu/download/40392878/Prevalence_of_physical_activity_and_inac20151126-2489-d0v94w.pdf","https://scholar.google.com/scholar?q=related:Lh04RKo6RT0J:scholar.google.com/&scioq=%22waist+circumference%22+nigeria&hl=en&as_sdt=0,5&as_ylo=2006&as_yhi=2010&as_vis=1"
17,"W Komal, K Jaipanesh, M Seemal","Association of leisure time physical activity, watching television, obesity & lipid profile among sedentary low-income south Indian population",2010,"East African journal of public health","ajol.info","https://www.ajol.info/index.php/eajph/article/view/64732","https://scholar.google.com/scholar?cites=13091620234108396191&as_sdt=2005&sciodt=0,5&hl=en",196,"2021-07-17 17:21:18","","","","",,,,,17,1.55,6,3,11,"… Leisure time physical activity had a significant negative relation with waist circumference (ß=-0.002), Body Mass Index (ß=-0.008), cholesterol (ß … 30) Ghana (27) Kenya (29) Lesotho (1) Libya (2) Madagascar (1) Malawi (4) Mauritius (3) Mozambique (1) Nigeria (222) Rwanda (7 …","","https://scholar.google.com/scholar?q=related:n-JYlD3HrrUJ:scholar.google.com/&scioq=%22waist+circumference%22+nigeria&hl=en&as_sdt=0,5&as_ylo=2006&as_yhi=2010&as_vis=1"
31,"DP Jensen, SA Urhammer, H Eiberg…","Variation in CAPN10 in relation to type 2 diabetes, obesity and quantitative metabolic traits: studies in 6018 whites",2006,"Molecular genetics and …","Elsevier","https://www.sciencedirect.com/science/article/pii/S1096719206002150","https://scholar.google.com/scholar?cites=1672354297324850086&as_sdt=2005&sciodt=0,5&hl=en",197,"2021-07-17 17:21:18","","","","",,,,,31,2.07,8,4,15,"… Case-control studies of obesity (defined by BMI or waist circumference) were performed in the Inter99 cohort … T2D; or normal weight vs. obesity defined by BMI, waist circumference, or a combination of BMI and waist circumference …","","https://scholar.google.com/scholar?q=related:pkuldl9lNRcJ:scholar.google.com/&scioq=%22waist+circumference%22+nigeria&hl=en&as_sdt=0,5&as_ylo=2006&as_yhi=2010&as_vis=1"
15,"HT Minhas, D Anis, A Jawaid, H Naeem, M Naz…","Estimation of body mass index in students of a public sector medical college in Pakistan",2010,"Pak J Med Sci","pjms.com.pk","http://pjms.com.pk/issues/octdec2010/pdf/article38.pdf","https://scholar.google.com/scholar?cites=10657921211433366087&as_sdt=2005&sciodt=0,5&hl=en",198,"2021-07-17 17:21:18","PDF","","","",,,,,15,1.36,3,6,11,"… 15. Siminialayi IM, Emem-Chioma PC, Dapper DV. The prevalence of obesity as indicated by BMI and waist circumference among Nigerian adults attending family medicine clinics as outpatients in Rivers State. Niger J Med 2008;17:340-345 …","http://pjms.com.pk/issues/octdec2010/pdf/article38.pdf","https://scholar.google.com/scholar?q=related:RzKWq9-K6JMJ:scholar.google.com/&scioq=%22waist+circumference%22+nigeria&hl=en&as_sdt=0,5&as_ylo=2006&as_yhi=2010&as_vis=1"
120,"S Moore, M Daniel, C Paquet, L Dubé…","Association of individual network social capital with abdominal adiposity, overweight and obesity",2009,"Journal of Public …","academic.oup.com","https://academic.oup.com/jpubhealth/article-abstract/31/1/175/1588743","https://scholar.google.com/scholar?cites=10748833621798782599&as_sdt=2005&sciodt=0,5&hl=en",199,"2021-07-17 17:21:18","","","","",,,,,120,10.00,24,5,12,"… Abstract. Background. Limited research has examined the association of individual trust, participation and social capital with obesity using objective measures of waist circumference (WC), body mass index (BMI) and network measures of social capital. Methods …","https://academic.oup.com/jpubhealth/article/31/1/175/1588743","https://scholar.google.com/scholar?q=related:h4YXsTqHK5UJ:scholar.google.com/&scioq=%22waist+circumference%22+nigeria&hl=en&as_sdt=0,5&as_ylo=2006&as_yhi=2010&as_vis=1"
0,"GI AHANEKU","… RISK FACTORS: ABDOMINAL OBESITY, LIPID AND LIPOPROTEIN INDICES AND BLOOD PRESSURE IN A TYPICAL RURAL COMMUNITY IN ENUGU, NIGERIA",2007,"Faculty of INTERNAL MEDICINE","dissertation.npmcn.edu.ng","http://www.dissertation.npmcn.edu.ng/index.php/FMCP/article/view/492","",200,"2021-07-17 17:21:18","","","","",,,,,0,0.00,0,1,14,"… TG Triglycerides VLDL Very Low Density Lipoprotein WC Waist Circumference WHO World Health Organisation Page 9. ix … evaluated. A recent report from a sub-urban commercial community in Nigeria showed … lipid profile19. Previous studies in Nigerian diabetics reported …","http://www.dissertation.npmcn.edu.ng/index.php/FMCP/article/download/492/702","https://scholar.google.com/scholar?q=related:yXjbrBcZvsQJ:scholar.google.com/&scioq=%22waist+circumference%22+nigeria&hl=en&as_sdt=0,5&as_ylo=2006&as_yhi=2010&as_vis=1"
57,"M Siavash, M Sadeghi, F Salarifar, M Amini…","Comparison of body mass index and waist/height ratio in predicting definite coronary artery disease",2008,"Annals of Nutrition and …","karger.com","https://www.karger.com/Article/Abstract/172977","https://scholar.google.com/scholar?cites=1894622733364980421&as_sdt=2005&sciodt=0,5&hl=en",201,"2021-07-17 17:21:18","","","","",,,,,57,4.38,11,5,13,"… 23 Fasanmade OA, Okubadejo NU: Magnitude and gender distribution of obesity and ab- dominal adiposity in Nigerians with type 2 diabetes … 33 Turcato E, Bosello O, Di Francesco V, Harris TB, Zoico E, Bissoli L, Fracassi E, Zamboni M: Waist circumference and abdominal sag …","http://doc.mui.ac.ir/images/folder%2021/ghalb.pdf.346.pdf","https://scholar.google.com/scholar?q=related:xWqZfVYNSxoJ:scholar.google.com/&scioq=%22waist+circumference%22+nigeria&hl=en&as_sdt=0,5&as_ylo=2006&as_yhi=2010&as_vis=1"
1,"C Ezenwaka, R Kalloo, N Offiah…","Development of impaired glucose tolerance and diabetes in follow-up offspring of Caribbean patients with type 2 diabetes: Analysis of 5-year follow-up study",2006,"Archives of physiology …","Taylor & Francis","https://www.tandfonline.com/doi/abs/10.1080/13813450600935222","https://scholar.google.com/scholar?cites=9041440276066295738&as_sdt=2005&sciodt=0,5&hl=en",202,"2021-07-17 17:21:18","","10.1080/13813450600935222","","",,,,,1,0.07,0,4,15,"… The present study shows that offspring that developed IGT had a more systematic increase in body mass index and waist circumference (indices of generalized and … 21.0 kg/m 2 ) were shown to have higher insulin resistance than their Nigerian counterparts (Osei et al., 1993) …","https://www.researchgate.net/profile/Chidum-Ezenwaka/publication/6665227_Development_of_impaired_glucose_tolerance_and_diabetes_in_follow-up_offspring_of_Caribbean_patients_with_type_2_diabetes_Analysis_of_5-year_follow-up_study/links/5bb6391e299bf1049b6f5977/Development-of-impaired-glucose-tolerance-and-diabetes-in-follow-up-offspring-of-Caribbean-patients-with-type-2-diabetes-Analysis-of-5-year-follow-up-study.pdf","https://scholar.google.com/scholar?q=related:ul_XCAemeX0J:scholar.google.com/&scioq=%22waist+circumference%22+nigeria&hl=en&as_sdt=0,5&as_ylo=2006&as_yhi=2010&as_vis=1"
11,"OE Imoisili, AE Sumner","Preventing diabetes and atherosclerosis in sub-Saharan Africa: Should the metabolic syndrome have a role?",2009,"Current cardiovascular risk reports","Springer","https://link.springer.com/article/10.1007/s12170-009-0026-7","https://scholar.google.com/scholar?cites=789841562998433314&as_sdt=2005&sciodt=0,5&hl=en",203,"2021-07-17 17:21:18","","10.1007/s12170-009-0026-7","","",,,,,11,0.92,6,2,12,"… This investigation effectively challenges current waist circumference thresholds used to diagnose central obesity in African … CH, Ukoli FA, Kuller LH: Lipoprotein (a) distribution in a Nigerian population … DI, Alasia DD: Lipid profile of healthy adult Nigerians in Port Harcourt, Nigeria …","https://www.ncbi.nlm.nih.gov/pmc/articles/pmc3285388/","https://scholar.google.com/scholar?q=related:ImZcf7cU9goJ:scholar.google.com/&scioq=%22waist+circumference%22+nigeria&hl=en&as_sdt=0,5&as_ylo=2006&as_yhi=2010&as_vis=1"
49,"O Adeyemi, K Rezai, M Bahk, S Badri…","Metabolic syndrome in older HIV-infected patients: data from the CORE50 cohort",2008,"AIDS Patient Care …","liebertpub.com","https://www.liebertpub.com/doi/abs/10.1089/apc.2008.0119","https://scholar.google.com/scholar?cites=15773502993700582175&as_sdt=2005&sciodt=0,5&hl=en",204,"2021-07-17 17:21:18","","10.1089/apc.2008.0119","","",,,,,49,3.77,10,5,13,"… cohort and ours was the much higher prevalence of elevated waist circumference in our … among HIV infected patients: A comparative cross sectional study in northwestern Nigeria … 2012. Prevalence and Clinical Correlates of Metabolic Syndrome in Nigerians Living with Human …","","https://scholar.google.com/scholar?q=related:H3MVs2a95toJ:scholar.google.com/&scioq=%22waist+circumference%22+nigeria&hl=en&as_sdt=0,5&as_ylo=2006&as_yhi=2010&as_vis=1"
109,"A Adeyemo, G Chen, J Zhou, D Shriner, A Doumatey…","FTO genetic variation and association with obesity in West Africans and African Americans",2010,"Diabetes","Am Diabetes Assoc","https://diabetes.diabetesjournals.org/content/59/6/1549.short","https://scholar.google.com/scholar?cites=9551735495927116308&as_sdt=2005&sciodt=0,5&hl=en",205,"2021-07-17 17:21:18","","","","",,,,,109,9.91,18,6,11,"","https://diabetes.diabetesjournals.org/content/diabetes/59/6/1549.full.pdf","https://scholar.google.com/scholar?q=related:FLI5h9OUjoQJ:scholar.google.com/&scioq=%22waist+circumference%22+nigeria&hl=en&as_sdt=0,5&as_ylo=2006&as_yhi=2010&as_vis=1"
131,"M Bulló, MR Peeraully, P Trayhurn…","Circulating nerve growth factor levels in relation to obesity and the metabolic syndrome in women",2007,"European Journal …","eje.bioscientifica.com","https://eje.bioscientifica.com/view/journals/eje/157/3/1570303.xml","https://scholar.google.com/scholar?cites=17211459276837818461&as_sdt=2005&sciodt=0,5&hl=en",206,"2021-07-17 17:21:18","HTML","","","",,,,,131,9.36,33,4,14,"Jump to Content Jump to Main Navigation. European Society of Endocrinology logo. ESE Members Sign in Create account. Home Browse Content COVID19 collection Impact Factor Collection Accepted manuscripts Current issue …","https://eje.bioscientifica.com/view/journals/eje/157/3/1570303.xml","https://scholar.google.com/scholar?q=related:XRAFpgVj2-4J:scholar.google.com/&scioq=%22waist+circumference%22+nigeria&hl=en&as_sdt=0,5&as_ylo=2006&as_yhi=2010&as_vis=1"
59,"Y Ruixing, L Weixiong, Y Hanjun…","Diet, lifestyle, and blood pressure of the middle-aged and elderly in the Guangxi Bai Ku Yao and Han populations",2008,"American journal of …","academic.oup.com","https://academic.oup.com/ajh/article-abstract/21/4/382/152154","https://scholar.google.com/scholar?cites=5826204562288872216&as_sdt=2005&sciodt=0,5&hl=en",207,"2021-07-17 17:21:18","","","","",,,,,59,4.54,15,4,13,"… Physical activity levels, carbohydrate, vegetal protein, and dietary fiber intake were higher in Bai Ku Yao than in Han, whereas educational level, height, weight, body mass index (BMI), waist circumference, and total energy, fat, protein, dietary cholesterol, and salt intake were …","https://academic.oup.com/ajh/article-pdf/21/4/382/356516/21_4_382.pdf","https://scholar.google.com/scholar?q=related:GAv9Sy7W2lAJ:scholar.google.com/&scioq=%22waist+circumference%22+nigeria&hl=en&as_sdt=0,5&as_ylo=2006&as_yhi=2010&as_vis=1"
12,"U Dimkpa, AC Ugwu","Independent multiple correlates of post-exercise systolic blood pressure recovery in healthy adults",2010,"International journal of exercise science","ncbi.nlm.nih.gov","https://www.ncbi.nlm.nih.gov/pmc/articles/pmc4738943/","https://scholar.google.com/scholar?cites=2642130605705998195&as_sdt=2005&sciodt=0,5&hl=en",208,"2021-07-17 17:21:18","HTML","","","",,,,,12,1.09,6,2,11,"… In the present study, we demonstrated whether age, sex, BMI, waist circumference, resting HR, physical … smoking are independently related to postexercise SBPR or not, in Nigerian adults who … University, Okada and residents of Okada town in Edo state Nigeria, participated in …","https://www.ncbi.nlm.nih.gov/pmc/articles/pmc4738943/","https://scholar.google.com/scholar?q=related:cy9Li8m7qiQJ:scholar.google.com/&scioq=%22waist+circumference%22+nigeria&hl=en&as_sdt=0,5&as_ylo=2006&as_yhi=2010&as_vis=1"
15,"U Dimkpa, AC Ugwu","Age-related differences in systolic blood pressure recovery after a maximal-effort exercise test in non-athletic adults",2008,"International journal of exercise science","ncbi.nlm.nih.gov","https://www.ncbi.nlm.nih.gov/pmc/articles/PMC4739283/","https://scholar.google.com/scholar?cites=17100620638629103083&as_sdt=2005&sciodt=0,5&hl=en",209,"2021-07-17 17:21:18","HTML","","","",,,,,15,1.15,8,2,13,"… Ninety-six, apparently healthy, non-athletic, Nigerian adult males participated in the … of Igbinedion University, Okada, and residents of Okada town in Edo State, Nigeria … screening questionnaire; body mass index, Ponderal index, and waist circumference measurements; resting …","https://www.ncbi.nlm.nih.gov/pmc/articles/PMC4739283/","https://scholar.google.com/scholar?q=related:64UzLN6bUe0J:scholar.google.com/&scioq=%22waist+circumference%22+nigeria&hl=en&as_sdt=0,5&as_ylo=2006&as_yhi=2010&as_vis=1"
89,"V Mohan, M Deepa, S Farooq, KMV Narayan, M Datta…","Anthropometric cut points for identification of cardiometabolic risk factors in an urban Asian Indian population",2007,"Metabolism","Elsevier","https://www.sciencedirect.com/science/article/pii/S0026049507000935","https://scholar.google.com/scholar?cites=12326074987211716916&as_sdt=2005&sciodt=0,5&hl=en",210,"2021-07-17 17:21:18","","","","",,,,,89,6.36,15,6,14,"… Anthropometric measurements such as body mass index (BMI) and waist circumference (WC) were obtained and serum lipid estimations were done in all subjects … Waist circumference was measured by using a nonstretchable measuring tape …","https://www.academia.edu/download/55283524/j.metabol.2007.02.00920171213-18657-19pwl9o.pdf","https://scholar.google.com/scholar?q=related:NPmU_-QDD6sJ:scholar.google.com/&scioq=%22waist+circumference%22+nigeria&hl=en&as_sdt=0,5&as_ylo=2006&as_yhi=2010&as_vis=1"
0,"NN JISIEIKE","THE PREVALENCE OF DYSLIPIDEMIA AND OBESITY AMONG ADULT DIABETIC PATIENTS WITH OVERT NEPHROPATHY IN SOUTH-EASTERN NIGERIA.",2008,"Faculty of Pathology","dissertation.npmcn.edu.ng","http://dissertation.npmcn.edu.ng/index.php/FMCPath/article/download/1301/1289","",211,"2021-07-17 17:21:18","PDF","","","",,,,,0,0.00,0,1,13,"… This study therefore aims to determine the prevalence of dyslipidemia and obesity among Nigerian diabetic patients with overt DN … In Nigeria, data is scanty on the association between dyslipidemia … assessed using waist circumference, hip circumference and waist/hip ratio has …","http://dissertation.npmcn.edu.ng/index.php/FMCPath/article/download/1301/1289","https://scholar.google.com/scholar?q=related:TeyON2Bw2e8J:scholar.google.com/&scioq=%22waist+circumference%22+nigeria&hl=en&as_sdt=0,5&as_ylo=2006&as_yhi=2010&as_vis=1"
59,"B Kasapoglu, C Turkay, Y Bayram…","Role of GGT in diagnosis of metabolic syndrome: a clinic-based cross-sectional survey.",2010,"Indian Journal of …","search.ebscohost.com","http://search.ebscohost.com/login.aspx?direct=true&profile=ehost&scope=site&authtype=crawler&jrnl=09715916&asa=Y&AN=52286461&h=58YKZQ6rbz7ZEoAhTr5xVhJGzFpZpRfacuPgUJHZ6kbDbCm99hff6Gce%2B7B5RNYOfncqLD4dBCJJ82b4ZLBzyA%3D%3D&crl=c","https://scholar.google.com/scholar?cites=16385892469175453584&as_sdt=2005&sciodt=0,5&hl=en",212,"2021-07-17 17:21:18","","","","",,,,,59,5.36,15,4,11,"… of MS, increased systolic blood pressure showed highest predictive ability to diagnose MS in men and increased waist circumference in women … KS, Kuti M. Frequent occurrence of high gamma-glutamyl transferase and alanine amino transferase among Nigerian patients with …","https://www.researchgate.net/profile/Cemile-Bicer/publication/45538199_Role_of_GGT_in_diagnosis_of_metabolic_syndrome_A_clinic-based_cross-sectional_survey/links/5628f9d508ae22b1702edc0c/Role-of-GGT-in-diagnosis-of-metabolic-syndrome-A-clinic-based-cross-sectional-survey.pdf","https://scholar.google.com/scholar?q=related:kIfzcGJiZuMJ:scholar.google.com/&scioq=%22waist+circumference%22+nigeria&hl=en&as_sdt=0,5&as_ylo=2006&as_yhi=2010&as_vis=1"
18,"A Vayá, R Cámara, A Hernadez-Mijares…","Erythrocyte deformability in morbid obesity before bariatric surgery. Influence of abdominal obesity",2010,"Clinical …","content.iospress.com","https://content.iospress.com/articles/clinical-hemorheology-and-microcirculation/ch1357","https://scholar.google.com/scholar?cites=12558475332643696347&as_sdt=2005&sciodt=0,5&hl=en",213,"2021-07-17 17:21:18","","","","",,,,,18,1.64,5,4,11,"… Waist circumference, which reflects abdominal fat, is from all the variables analyzed, the one that shows the highest association … AA Famodu and OA Awodu, Anthropometric indices as determinants of haemorheological cardiovascular disease risk factors in Nigerian adults living …","","https://scholar.google.com/scholar?q=related:2667AseqSK4J:scholar.google.com/&scioq=%22waist+circumference%22+nigeria&hl=en&as_sdt=0,5&as_ylo=2006&as_yhi=2010&as_vis=1"
4,"DT Goon, AL Toriola, BS Shaw","Gender differences in aerobic fitness of pre-adolescent school children in Makurdi, Nigeria promotion, fitness and wellness",2006,"African Journal for Physical Health …","journals.co.za","https://journals.co.za/doi/abs/10.10520/EJC19466","https://scholar.google.com/scholar?cites=10434035282389656849&as_sdt=2005&sciodt=0,5&hl=en",214,"2021-07-17 17:21:18","","10.10520/EJC19466","","",,,,,4,0.27,1,3,15,"… Page 3. 358 AEROBIC FITNESS IN NIGERIAN SCHOOL CHILDREN This study was therefore carried out to … public schools in Makurdi, Nigeria. Based on their medical history, none of … Products, MI, USA) to the nearest 0.2mm..Waist circumference was taken …","","https://scholar.google.com/scholar?q=related:EWW6tM4jzZAJ:scholar.google.com/&scioq=%22waist+circumference%22+nigeria&hl=en&as_sdt=0,5&as_ylo=2006&as_yhi=2010&as_vis=1"
37,"BC Campbell, PB Gray, DTA Eisenberg…","Androgen receptor CAG repeats and body composition among Ariaal men",2009,"… journal of andrology","Wiley Online Library","https://onlinelibrary.wiley.com/doi/abs/10.1111/j.1365-2605.2007.00825.x","https://scholar.google.com/scholar?cites=13885635185974598225&as_sdt=2005&sciodt=0,5&hl=en",215,"2021-07-17 17:21:18","","10.1111/j.1365-2605.2007.00825.x","","",,,,,37,3.08,9,4,12,"… AR CAG repeat length was a significant positive predictor of height, FFM, %BF, SISF and waist circumference … FFM was calculated as weight (kg) * (100 −%BF). Waist‐to‐hip ratio (WHR) was calculated as waist circumference/hip circumference …","https://onlinelibrary.wiley.com/doi/pdfdirect/10.1111/j.1365-2605.2007.00825.x","https://scholar.google.com/scholar?q=related:UVqu5KGvs8AJ:scholar.google.com/&scioq=%22waist+circumference%22+nigeria&hl=en&as_sdt=0,5&as_ylo=2006&as_yhi=2010&as_vis=1"
17,"B Nemesure, SY Wu, A Hennis, MC Leske","Body size and breast cancer in a black population—the Barbados National Cancer Study",2009,"Cancer Causes & Control","Springer","https://link.springer.com/article/10.1007/s10552-008-9253-3","https://scholar.google.com/scholar?cites=6844065740878333172&as_sdt=2005&sciodt=0,5&hl=en",216,"2021-07-17 17:21:18","","10.1007/s10552-008-9253-3","","",,,,,17,1.42,4,4,12,"… Health Study reported an inverse association of current BMI among premenopausal women, with no association among those who were postmenopausal [9], whereas a hospital-based case–control study of 234 cases and 273 controls in Nigeria found no … Waist circumference …","https://www.ncbi.nlm.nih.gov/pmc/articles/PMC2659612/","https://scholar.google.com/scholar?q=related:9ER5qIcB-14J:scholar.google.com/&scioq=%22waist+circumference%22+nigeria&hl=en&as_sdt=0,5&as_ylo=2006&as_yhi=2010&as_vis=1"
106,"ER Bertone-Johnson, SE Hankinson…","Adiposity and the development of premenstrual syndrome",2010,"Journal of women's …","liebertpub.com","https://www.liebertpub.com/doi/abs/10.1089/jwh.2010.2128","https://scholar.google.com/scholar?cites=7751072012935985777&as_sdt=2005&sciodt=0,5&hl=en",217,"2021-07-17 17:21:18","","10.1089/jwh.2010.2128","","",,,,,106,9.64,35,3,11,"… We divided waist circumference by hip circumference to calculate waist/hip ratio … Analyses of waist circumference, waist/hip ratio, and weight cycling were limited to cases and controls with reference years after 1993, the year when these exposure variables were assessed …","https://www.ncbi.nlm.nih.gov/pmc/articles/pmc2971655/","https://scholar.google.com/scholar?q=related:cXqFx-1WkWsJ:scholar.google.com/&scioq=%22waist+circumference%22+nigeria&hl=en&as_sdt=0,5&as_ylo=2006&as_yhi=2010&as_vis=1"
115,"HM Salihu, SM Bonnema, AP Alio","Obesity: what is an elderly population growing into?",2009,"Maturitas","Elsevier","https://www.sciencedirect.com/science/article/pii/S037851220900070X","https://scholar.google.com/scholar?cites=13417870156741772654&as_sdt=2005&sciodt=0,5&hl=en",218,"2021-07-17 17:21:18","","","","",,,,,115,9.58,38,3,12,"JavaScript is disabled on your browser. Please enable JavaScript to use all the features on this page. Skip to main content Skip to article …","","https://scholar.google.com/scholar?q=related:boXoDtHZNboJ:scholar.google.com/&scioq=%22waist+circumference%22+nigeria&hl=en&as_sdt=0,5&as_ylo=2006&as_yhi=2010&as_vis=1"
464,"SR Preis, JM Massaro, U Hoffmann…","Neck circumference as a novel measure of cardiometabolic risk: the Framingham Heart study",2010,"The journal of …","academic.oup.com","https://academic.oup.com/jcem/article-abstract/95/8/3701/2596672","https://scholar.google.com/scholar?cites=9682402845724498313&as_sdt=2005&sciodt=0,5&hl=en",219,"2021-07-17 17:21:18","","","","",,,,,464,42.18,116,4,11,"Background: Neck circumference, a proxy for upper-body sc fat, may be a unique fat depot that confers additional cardiovascular risk above and beyond central bo.","https://academic.oup.com/jcem/article/95/8/3701/2596672","https://scholar.google.com/scholar?q=related:idmjrxbOXoYJ:scholar.google.com/&scioq=%22waist+circumference%22+nigeria&hl=en&as_sdt=0,5&as_ylo=2006&as_yhi=2010&as_vis=1"
412,"S Sanna, AU Jackson, R Nagaraja, CJ Willer…","Common variants in the GDF5-UQCC region are associated with variation in human height",2008,"Nature …","nature.com","https://www.nature.com/articles/ng.74","https://scholar.google.com/scholar?cites=373401202416225117&as_sdt=2005&sciodt=0,5&hl=en",220,"2021-07-17 17:21:18","","","","",,,,,412,31.69,82,5,13,"Identifying genetic variants that influence human height will advance our understanding of skeletal growth and development. Several rare genetic variants have been convincingly and reproducibly associated with height in mendelian syndromes, and common variants in the transcription …","https://www.ncbi.nlm.nih.gov/pmc/articles/PMC2914680/","https://scholar.google.com/scholar?q=related:XQu5TGqWLgUJ:scholar.google.com/&scioq=%22waist+circumference%22+nigeria&hl=en&as_sdt=0,5&as_ylo=2006&as_yhi=2010&as_vis=1"
54,"F Giugliano, MI Maiorino, C Di Palo, R Autorino…","WOMEN'S SEXUAL HEALTH: Adherence to Mediterranean Diet and Sexual Function in Women with Type 2 Diabetes",2010,"The journal of sexual …","Elsevier","https://www.sciencedirect.com/science/article/pii/S1743609515330307","https://scholar.google.com/scholar?cites=7150201077260831688&as_sdt=2005&sciodt=0,5&hl=en",221,"2021-07-17 17:21:18","","","","",,,,,54,4.91,11,5,11,"… Diabetic women with the highest scores (6–9) had lower BMI, waist circumference, and waist-to-hip ratio, a lower prevalence of depression, obesity and metabolic syndrome, a higher level of physical activity, and better glucose and lipid profiles than the diabetic women who …","","https://scholar.google.com/scholar?q=related:yEu_Ev-dOmMJ:scholar.google.com/&scioq=%22waist+circumference%22+nigeria&hl=en&as_sdt=0,5&as_ylo=2006&as_yhi=2010&as_vis=1"
4,"MA Rahman, MA Moni, K Ahmed, MS Islam…","Anthropometric profile of the urban senior citizens",2010,"Ibrahim Medical …","banglajol.info","https://www.banglajol.info/index.php/IMCJ/article/view/6497","https://scholar.google.com/scholar?cites=15405480181491468515&as_sdt=2005&sciodt=0,5&hl=en",222,"2021-07-17 17:21:18","","","","",,,,,4,0.36,1,5,11,"… Weight (kg) 29 - 95 49.8 ± 11.1 54.2 ± 10.7 46.7 ± 10.3 <0.001 Waist Circumference (cm) 43 -120 75.5 ± 12.5 80.4 (±10.5) 72.2 (±12.8) <0.001 … 6. Ukoli-FA, et al. Body fat distribution and other anthropometrics blood pressure correlates in a Nigerian urban elderly population …","https://www.banglajol.info/index.php/IMCJ/article/download/6497/4983","https://scholar.google.com/scholar?q=related:44gedJpCy9UJ:scholar.google.com/&scioq=%22waist+circumference%22+nigeria&hl=en&as_sdt=0,5&as_ylo=2006&as_yhi=2010&as_vis=1"
156,"DL Christensen, J Eis, AW Hansen…","Obesity and regional fat distribution in Kenyan populations: impact of ethnicity and urbanization",2008,"Annals of human …","Taylor & Francis","https://www.tandfonline.com/doi/abs/10.1080/03014460801949870","https://scholar.google.com/scholar?cites=2213723563305102987&as_sdt=2005&sciodt=0,5&hl=en",223,"2021-07-17 17:21:18","","10.1080/03014460801949870","","",,,,,156,12.00,39,4,13,"… Results: Among 1430 individuals (58.3% females) aged 17–68 years, abdominal visceral and subcutaneous fat, BMI, AFA and waist circumference (WC) increased with age, and were highest in the Maasai and in the urban population …","https://www.ucviden.dk/ws/files/103174641/Christensen_m.fl._2008_Obesity_and_regional_fat_distribution_in_Kenyan_po.pdf","https://scholar.google.com/scholar?q=related:i262Hdq5uB4J:scholar.google.com/&scioq=%22waist+circumference%22+nigeria&hl=en&as_sdt=0,5&as_ylo=2006&as_yhi=2010&as_vis=1"
0,"O Soyinka, O Taylor, SS Way","… or by any means, electronic, mechanical, photocopying, recording and/or otherwise, without prior written permission of the Federal Ministry of Health, Nigeria.",2008,"","health.gov.ng","https://health.gov.ng/doc/StandardTreatmentGuidelines.pdf","",224,"2021-07-17 17:21:18","PDF","","","",,,,,0,0.00,0,3,13,"… Standard Treatment Guidelines for Nigeria 2008 i PREFACE This first edition of Standard Treatment Guidelines (STG) for the Nigerian health practitioner is coming relatively later than those of many other countries. It is indeed a welcome development …","https://health.gov.ng/doc/StandardTreatmentGuidelines.pdf",""
76,"AO Ogbera, S Chinenye, A Akinlade, A Eregie…","Frequency and correlates of sexual dysfunction in women with diabetes mellitus",2009,"The journal of sexual …","Elsevier","https://www.sciencedirect.com/science/article/pii/S1743609515323596","https://scholar.google.com/scholar?cites=6262638822315470186&as_sdt=2005&sciodt=0,5&hl=en",225,"2021-07-17 17:21:18","","","","",,,,,76,6.33,15,5,12,"… BMI = body mass index; DM = diabetes mellitus; HbA1c = glycosylated hemoglobin; SD, sexual dysfunction; WC = waist circumference … Discussion. The findings of this report have shown that SD is a common problem in Nigerian women with diabetes and those without diabetes …","","https://scholar.google.com/scholar?q=related:ai2v-NNc6VYJ:scholar.google.com/&scioq=%22waist+circumference%22+nigeria&hl=en&as_sdt=0,5&as_ylo=2006&as_yhi=2010&as_vis=1"
6,"M Tariq, A Hadi, S Rahman","Metabolic syndrome in type-2 diabetics: an update on the silent epidemic",2010,"RMJ","rmj.org.pk","https://www.rmj.org.pk/fulltext/27-1294074570.pdf","https://scholar.google.com/scholar?cites=9924400700885479227&as_sdt=2005&sciodt=0,5&hl=en",226,"2021-07-17 17:21:18","PDF","","","",,,,,6,0.55,2,3,11,"… using the patient's right arm and two readings were taken and the mean was calculated. Waist circumference was measured at the level of the navel with the person lightly clothed … type-2 DM. The higher percentage was also reported in Nigerian women with type-2 DM …","https://www.rmj.org.pk/fulltext/27-1294074570.pdf","https://scholar.google.com/scholar?q=related:O6_qENuNuokJ:scholar.google.com/&scioq=%22waist+circumference%22+nigeria&hl=en&as_sdt=0,5&as_ylo=2006&as_yhi=2010&as_vis=1"
0,"AL Toriola, DT Goon, BS Shaw","Gender differences in aerobic fitness of pre-adolescent school children in Makurdi, Nigeria: health promotion, fitness and wellness",2006,"African Journal for Physical …","ingentaconnect.com","https://www.ingentaconnect.com/content/sabinet/ajpherd/2006/00000012/00000004/art00003","",227,"2021-07-17 17:21:18","","","","",,,,,0,0.00,0,3,15,"… Page 3. 358 AEROBIC FITNESS IN NIGERIAN SCHOOL CHILDREN This study was therefore carried out to … public schools in Makurdi, Nigeria. Based on their medical history, none of … Products, MI, USA) to the nearest 0.2mm..Waist circumference was taken …","",""
9,"M Rguibi, R Belahsen","High blood pressure in urban Moroccan Sahraoui women",2007,"Journal of hypertension","journals.lww.com","https://journals.lww.com/jhypertension/Fulltext/2007/07000/High_blood_pressure_in_urban_Moroccan_Sahraoui.00010.aspx","https://scholar.google.com/scholar?cites=8006088742521348289&as_sdt=2005&sciodt=0,5&hl=en",228,"2021-07-17 17:21:18","","","","",,,,,9,0.64,5,2,14,"Objective To examine the associated risk factors of hypertension and the relationship between blo.","","https://scholar.google.com/scholar?q=related:wSA9EktXG28J:scholar.google.com/&scioq=%22waist+circumference%22+nigeria&hl=en&as_sdt=0,5&as_ylo=2006&as_yhi=2010&as_vis=1"
179,"DL Christensen, H Friis, DL Mwaniki, B Kilonzo…","Prevalence of glucose intolerance and associated risk factors in rural and urban populations of different ethnic groups in Kenya",2009,"Diabetes research and …","Elsevier","https://www.sciencedirect.com/science/article/pii/S0168822709001223","https://scholar.google.com/scholar?cites=3047944602348900558&as_sdt=2005&sciodt=0,5&hl=en",229,"2021-07-17 17:21:18","","","","",,,,,179,14.92,36,5,12,"… 7] using oral glucose tolerance test (OGTT) was reported, and recently a prevalence of 6.8% was found among urban Nigerians [8]. The … Body mass index (BMI) was calculated as weight/height 2 (kg/m 2 ). On the standing participant, waist circumference (WC) was measured …","https://www.academia.edu/download/45696168/j.diabres.2009.03.00720160517-4041-1vc8kn9.pdf","https://scholar.google.com/scholar?q=related:zlATlnd5TCoJ:scholar.google.com/&scioq=%22waist+circumference%22+nigeria&hl=en&as_sdt=0,5&as_ylo=2006&as_yhi=2010&as_vis=1"
9,"BY Cao, J Mi, CX Gong, H Cheng, C Yan…","Blood glucose profile in children and adolescents in Beijing area",2008,"Zhonghua er ke za zhi …","europepmc.org","https://europepmc.org/article/med/19099734","https://scholar.google.com/scholar?cites=4416875494861837290&as_sdt=2005&sciodt=0,5&hl=en",230,"2021-07-17 17:21:18","","","","",,,,,9,0.69,2,6,13,"… Prevalence of childhood and adolescent overweight and obesity in Benue State, Nigeria … Trop Med Int Health, 17(11):1369-1375, 14 Sep 2012. Cited by: 10 articles | PMID: 22974459. [Waist circumference reference values in Beijing versus the national values in detecting …","","https://scholar.google.com/scholar?q=related:6hNeaNzkSz0J:scholar.google.com/&scioq=%22waist+circumference%22+nigeria&hl=en&as_sdt=0,5&as_ylo=2006&as_yhi=2010&as_vis=1"
4,"AO Akinpelu, OO Oyewole, KS Oritogun","Reference growth values for adolescents aged 12-18 years in a Nigerian community",2009,"African Journal of Biomedical …","ajol.info","https://www.ajol.info/index.php/ajbr/article/view/95124","https://scholar.google.com/scholar?cites=16473648258873478361&as_sdt=2005&sciodt=0,5&hl=en",231,"2021-07-17 17:21:18","","","","",,,,,4,0.33,1,3,12,"… Reference growth values in young Nigerians … A similar comparison for the 95th percentile is shown in figures 2A and B. As is obvious from figures 1 and 2, boys and girls in Nigeria (Sagamu) compare more … Both 85th and 95th percentiles are lesser in Nigerian adolescents …","https://www.ajol.info/index.php/ajbr/article/view/95124/84473","https://scholar.google.com/scholar?q=related:2czicM8nnuQJ:scholar.google.com/&scioq=%22waist+circumference%22+nigeria&hl=en&as_sdt=0,5&as_ylo=2006&as_yhi=2010&as_vis=1"
152,"M Thorogood, M Connor, S Tollman, GL Hundt…","A cross-sectional study of vascular risk factors in a rural South African population: data from the Southern African Stroke Prevention Initiative (SASPI)",2007,"BMC public health","Springer","https://link.springer.com/article/10.1186/1471-2458-7-326","https://scholar.google.com/scholar?cites=1116381211139456152&as_sdt=2005&sciodt=0,5&hl=en",232,"2021-07-17 17:21:18","HTML","10.1186/1471-2458-7-326","","",,,,,152,10.86,30,5,14,"… From this we assessed participants' history of vascular risk, blood pressure using an OMRON 705 CP monitor, waist circumference, body mass index (BMI … Two studies in rural Cameroon and one in a mixed rural and urban population in Nigeria, all published in the late 1990s …","https://link.springer.com/article/10.1186/1471-2458-7-326","https://scholar.google.com/scholar?q=related:mDzj88sufg8J:scholar.google.com/&scioq=%22waist+circumference%22+nigeria&hl=en&as_sdt=0,5&as_ylo=2006&as_yhi=2010&as_vis=1"
0,"J Hebebrand","Contents of This Issue",2009,"Obesity facts","ncbi.nlm.nih.gov","https://www.ncbi.nlm.nih.gov/pmc/articles/pmc6515792/","",233,"2021-07-17 17:21:18","HTML","","","",,,,,0,0.00,0,1,12,"… Whereas the effects of the FTO risk allele on childhood and adolescent BMI, waist circumference and fat mass are well … (Nigeria) [8] now report an inverse relationship between SES and obesity in 1,067 adults aged 30–60 years from a semiurban Nigerian population …","https://www.ncbi.nlm.nih.gov/pmc/articles/pmc6515792/","https://scholar.google.com/scholar?q=related:pJeFn76Uy5YJ:scholar.google.com/&scioq=%22waist+circumference%22+nigeria&hl=en&as_sdt=0,5&as_ylo=2006&as_yhi=2010&as_vis=1"
102,"I Capasso, E Esposito, F Pentimalli…","Metabolic syndrome affects breast cancer risk in postmenopausal women: National Cancer Institute of Naples experience",2010,"Cancer biology & …","Taylor & Francis","https://www.tandfonline.com/doi/abs/10.4161/cbt.10.12.13473","https://scholar.google.com/scholar?cites=9972618277263096017&as_sdt=2005&sciodt=0,5&hl=en",234,"2021-07-17 17:21:18","","10.4161/cbt.10.12.13473","","",,,,,102,9.27,26,4,11,"… controls). Waist circumference >88 cm was measured in 62% of cases (OR 2.66 95% CI 2.06 to 3.49) and 38% of controls … al. Waist- hip ratio and breast cancer risk in urbanized Nigerian women. Breast Cancer Res 2003; 5:18-24. 23 …","https://www.tandfonline.com/doi/pdf/10.4161/cbt.10.12.13473","https://scholar.google.com/scholar?q=related:0bjVaHzbZYoJ:scholar.google.com/&scioq=%22waist+circumference%22+nigeria&hl=en&as_sdt=0,5&as_ylo=2006&as_yhi=2010&as_vis=1"
309,"BJ Arsenault, JS Rana, ESG Stroes, JP Després…","Beyond low-density lipoprotein cholesterol: respective contributions of non–high-density lipoprotein cholesterol levels, triglycerides, and the total cholesterol/high …",2009,"Journal of the American …","jacc.org","https://www.jacc.org/doi/abs/10.1016/j.jacc.2009.07.057","https://scholar.google.com/scholar?cites=14132820912503272876&as_sdt=2005&sciodt=0,5&hl=en",235,"2021-07-17 17:21:18","","10.1016/j.jacc.2009.07.057","","",,,,,309,25.75,62,5,12,"… Among individuals with low LDL-C levels (<100 mg/dl), after adjustment for age, sex, smoking, systolic blood pressure, waist circumference, physical activity, and hormone replacement therapy (in women), those with non–HDL-C >130 mg/dl had a hazard ratio (HR) for future …","https://www.sciencedirect.com/science/article/pii/S073510970903321X/pdf?md5=98a80fb52c9fc251f29887c9c07a55f7&pid=1-s2.0-S073510970903321X-main.pdf&_valck=1","https://scholar.google.com/scholar?q=related:rDX4s73dIcQJ:scholar.google.com/&scioq=%22waist+circumference%22+nigeria&hl=en&as_sdt=0,5&as_ylo=2006&as_yhi=2010&as_vis=1"
25,"S Hoebel, JH De Ridder, L Malan","The association between anthropometric parameters, the metabolic syndrome and microalbuminuria in black Africans: the SABPA study: cardiovascular topics",2010,"Cardiovascular Journal of Africa","journals.co.za","https://journals.co.za/doi/abs/10.10520/EJC23363","https://scholar.google.com/scholar?cites=15764633834014759283&as_sdt=2005&sciodt=0,5&hl=en",236,"2021-07-17 17:21:18","","10.10520/EJC23363","","",,,,,25,2.27,8,3,11,"… 14. Screening for diabetes mellitus in a Nigerian family practice population … urinary albumin excretion rate than waist circumference or waist-to-hip ratio in Chinese adult type 2 diabetic women but not men. Diabetes Care 2005; 28(9): 2249–2251 …","https://www.ncbi.nlm.nih.gov/pmc/articles/pmc3734740/","https://scholar.google.com/scholar?q=related:c9mNivI6x9oJ:scholar.google.com/&scioq=%22waist+circumference%22+nigeria&hl=en&as_sdt=0,5&as_ylo=2006&as_yhi=2010&as_vis=1"
47,"S Kunutsor, J Powles","Descriptive epidemiology of blood pressure in a rural adult population in Northern Ghana",2009,"","rrh.org.au","https://www.rrh.org.au/Articles/subviewnew.asp?ArticleID=1095","https://scholar.google.com/scholar?cites=18368392983364817768&as_sdt=2005&sciodt=0,5&hl=en",237,"2021-07-17 17:21:18","HTML","","","",,,,,47,3.92,24,2,12,"… These included age, BMI and waist circumference. Blood pressure increased with age, BMI and waist circumference … Two short-term clinical trials conducted in Nigeria and Jamaica recently showed the effectiveness of a reduction in salt in lowering BP levels 23,29 …","https://www.rrh.org.au/Articles/subviewnew.asp?ArticleID=1095","https://scholar.google.com/scholar?q=related:aNM8NBmk6f4J:scholar.google.com/&scioq=%22waist+circumference%22+nigeria&hl=en&as_sdt=0,5&as_ylo=2006&as_yhi=2010&as_vis=1"
17,"JJK Lutale, H Thordarson, Z Gulam-Abbas…","Prevalence and covariates of electrocardiographic left ventricular hypertrophy in diabetic patients in Tanzania: cardiovascular topics",2008,"… journal of Africa","journals.co.za","https://journals.co.za/doi/abs/10.10520/EJC23092","https://scholar.google.com/scholar?cites=6882795149479685444&as_sdt=2005&sciodt=0,5&hl=en",238,"2021-07-17 17:21:18","","10.10520/EJC23092","","",,,,,17,1.31,4,4,13,"… regression model, including gender, diabetes type, age, diabetes duration, waist circumference, serum cholesterol … by five criteria among civil servants in Benin City, Nigeria: prevalence and … electrocardiographic crite- ria for left ventricular hypertrophy in Nigerian hypertensives …","https://journals.co.za/doi/pdf/10.10520/EJC23092","https://scholar.google.com/scholar?q=related:RK2EyriZhF8J:scholar.google.com/&scioq=%22waist+circumference%22+nigeria&hl=en&as_sdt=0,5&as_ylo=2006&as_yhi=2010&as_vis=1"
18,"A Iqbal, U Iftikhar, FA Ali, S Memon…","Comparison of gamma glutamyltransferase in normal and in type 2 diabetics",2010,"JPMA-Journal of the …","academia.edu","https://www.academia.edu/download/30607060/2394.pdf","https://scholar.google.com/scholar?cites=8539116705918217497&as_sdt=2005&sciodt=0,5&hl=en",239,"2021-07-17 17:21:18","PDF","","","",,,,,18,1.64,4,5,11,"… GGT was also correlated with insulin resistance-markers, waist- circumference, Triglycerides, Fasting plasma glucose, HbA1c, systolic and diastolic … Kuti M.Frequent occurrence of high gamma-glutamyl transferase and alanine amino transferase among Nigerian patients with …","https://www.academia.edu/download/30607060/2394.pdf","https://scholar.google.com/scholar?q=related:Ge3b32YJgXYJ:scholar.google.com/&scioq=%22waist+circumference%22+nigeria&hl=en&as_sdt=0,5&as_ylo=2006&as_yhi=2010&as_vis=1"
11,"LMP Pereira, A Hinds, I Ali, R Gooding, M Ragbir…","Do current standards of primary care of diabetes meet with guideline recommendations in Trinidad, West Indies?",2009,"Primary care …","Elsevier","https://www.sciencedirect.com/science/article/pii/S1751991809000291","https://scholar.google.com/scholar?cites=4106600605528418896&as_sdt=2005&sciodt=0,5&hl=en",240,"2021-07-17 17:21:18","","","","",,,,,11,0.92,2,6,12,"… were 9%, 11% and 2% for blacks from the Caribbean, the UK and the USA, and from Nigeria respectively [5]. In … Physical examination was studied for weight, Body Mass Index (BMI), waist circumference, blood pressure, examination of skin, eyes, mouth, feet, cardiovascular and …","https://www.academia.edu/download/41252058/Do_current_standards_of_primary_care_of_20160114-3111-zgqkai.pdf20160115-19908-1s950ut.pdf","https://scholar.google.com/scholar?q=related:UOrsNn6T_TgJ:scholar.google.com/&scioq=%22waist+circumference%22+nigeria&hl=en&as_sdt=0,5&as_ylo=2006&as_yhi=2010&as_vis=1"
136,"G Ntandou, H Delisle, V Agueh, B Fayomi","Abdominal obesity explains the positive rural-urban gradient in the prevalence of the metabolic syndrome in Benin, West Africa",2009,"Nutrition research","Elsevier","https://www.sciencedirect.com/science/article/pii/S0271531709000232","https://scholar.google.com/scholar?cites=3462004762358128649&as_sdt=2005&sciodt=0,5&hl=en",241,"2021-07-17 17:21:18","","","","",,,,,136,11.33,34,4,12,"… Details of sample size determination and sampling process were published elsewhere [13], [20], [22]. 2.2. Biological and biochemical parameters. Waist circumference and blood pressure (BP) were measured using standard methods as described previously [13], [20] …","https://www.researchgate.net/profile/Helene-Delisle/publication/24270539_Abdominal_obesity_explains_the_positive_rural-urban_gradient_in_the_prevalence_of_the_metabolic_syndrome_in_Benin_West_Africa/links/5a46a393458515f6b0559397/Abdominal-obesity-explains-the-positive-rural-urban-gradient-in-the-prevalence-of-the-metabolic-syndrome-in-Benin-West-Africa.pdf","https://scholar.google.com/scholar?q=related:CSARJ_2CCzAJ:scholar.google.com/&scioq=%22waist+circumference%22+nigeria&hl=en&as_sdt=0,5&as_ylo=2006&as_yhi=2010&as_vis=1"
26,"A Bhansali, G Nagaprasad, A Agarwal…","Does body mass index predict overweight in native Asian Indians? A study from a North Indian population",2006,"Annals of nutrition and …","karger.com","https://www.karger.com/Article/Abstract/89673","https://scholar.google.com/scholar?cites=2218999852802033205&as_sdt=2005&sciodt=0,5&hl=en",242,"2021-07-17 17:21:18","","","","",,,,,26,1.73,7,4,15,"… For males and females the cut-off values used were: waist circumference 6 102 and 6 88 cm re- spectively … Luke et al., 1997 [24] Nigerians 161 23.6 5.0 <0.034 25.1 10.4 <0.001 … 3] . Black immigrants women to the USA strikingly had a high BMI and %BF while, Nigerian women in …","","https://scholar.google.com/scholar?q=related:Ncbo_pt4yx4J:scholar.google.com/&scioq=%22waist+circumference%22+nigeria&hl=en&as_sdt=0,5&as_ylo=2006&as_yhi=2010&as_vis=1"
7,"S Chineye, CN Unachukwu, A Hart","Diet and diabetes: theory and practice for care providers",2007,"Diabetes Int","researchgate.net","https://www.researchgate.net/profile/Sunday-Chinenye-2/publication/228471413_Diet_and_diabetes_theory_and_practice_for_care_providers/links/5a4653ce458515f6b055683a/Diet-and-diabetes-theory-and-practice-for-care-providers.pdf","https://scholar.google.com/scholar?cites=10311220028652861788&as_sdt=2005&sciodt=0,5&hl=en",243,"2021-07-17 17:21:18","PDF","","","",,,,,7,0.50,2,3,14,"… WHO also favours the use of waist circumference (WC) alone rather than waist:hip ratio (WHR) to assess … risk.2 A recent evaluation of the pattern of diabetes in Rivers State, Nigeria, under the … Illiteracy rates can be as high as 75–85% among Nigerian diabetic patients,4,5 hence …","https://www.researchgate.net/profile/Sunday-Chinenye-2/publication/228471413_Diet_and_diabetes_theory_and_practice_for_care_providers/links/5a4653ce458515f6b055683a/Diet-and-diabetes-theory-and-practice-for-care-providers.pdf","https://scholar.google.com/scholar?q=related:XDm_IPzPGI8J:scholar.google.com/&scioq=%22waist+circumference%22+nigeria&hl=en&as_sdt=0,5&as_ylo=2006&as_yhi=2010&as_vis=1"
162,"A Adeyemo, C Rotimi","Genetic variants associated with complex human diseases show wide variation across multiple populations",2010,"Public health genomics","karger.com","https://www.karger.com/Article/Abstract/218711","https://scholar.google.com/scholar?cites=3593003363530874786&as_sdt=2005&sciodt=0,5&hl=en",244,"2021-07-17 17:21:18","","","","",,,,,162,14.73,81,2,11,"… phenotypes were grouped together (for example, 'obesity' included any entry with obesity as well as body mass index, waist circumference, and similar … ancestry in Los Angeles, Calif.), MKK (Maasai in Kinyawa, Kenya), TSI (Tuscans in Italy), and YRI (Yoruba in Ibadan, Nigeria) …","https://www.karger.com/article/pdf/218711","https://scholar.google.com/scholar?q=related:op8KyIXp3DEJ:scholar.google.com/&scioq=%22waist+circumference%22+nigeria&hl=en&as_sdt=0,5&as_ylo=2006&as_yhi=2010&as_vis=1"
159,"JR Palmer, LL Adams-Campbell, DA Boggs…","A prospective study of body size and breast cancer in black women",2007,"Cancer Epidemiology …","AACR","https://cebp.aacrjournals.org/content/16/9/1795.short","https://scholar.google.com/scholar?cites=18394933841114713873&as_sdt=2005&sciodt=0,5&hl=en",245,"2021-07-17 17:21:18","","","","",,,,,159,11.36,40,4,14,"Skip to main content.","https://cebp.aacrjournals.org/content/cebp/16/9/1795.full.pdf","https://scholar.google.com/scholar?q=related:EU90Mt7uR_8J:scholar.google.com/&scioq=%22waist+circumference%22+nigeria&hl=en&as_sdt=0,5&as_ylo=2006&as_yhi=2010&as_vis=1"
12,"AA Motala, MAK Omar, FJ Pirie","Epidemiology of diabetes in Africa",2008,"The epidemiology of diabetes …","books.google.com","https://books.google.com/books?hl=en&lr=&id=sZODtZoWvlEC&oi=fnd&pg=PA133&dq=%22waist+circumference%22+nigeria&ots=m6fwfGenbX&sig=7WzBZ7HoQiQ68MRZZhu4vWuAIvQ","https://scholar.google.com/scholar?cites=4569299830969155252&as_sdt=2005&sciodt=0,5&hl=en",246,"2021-07-17 17:21:18","","","","",,,,,12,0.92,4,3,13,"… rural Egypt [25], and the prevalence of TGI ranges from 3.0% in urban Nigerians [20] to … U+ R Ducorps et al.[18] 14 28.6 (4) 71.4 (10) Nigeria U Olatunbosun … 11.9 MEASURES OF ADIPOSITY: BODY MASS INDEX (BMI) AND WAIST CIRCUMFERENCE; WAIST: HIP RATIO (WHR …","","https://scholar.google.com/scholar?q=related:tD4rsfxpaT8J:scholar.google.com/&scioq=%22waist+circumference%22+nigeria&hl=en&as_sdt=0,5&as_ylo=2006&as_yhi=2010&as_vis=1"
15,"IR Nasution, S Setiati, HB Trisnohadi…","Insulin resistance and metabolic syndrome in elderly women living in nursing homes",2006,"Acta Med …","inaactamedica.org","http://www.inaactamedica.org/archives/2006/16479027.pdf","https://scholar.google.com/scholar?cites=4869711311587534615&as_sdt=2005&sciodt=0,5&hl=en",247,"2021-07-17 17:21:18","PDF","","","",,,,,15,1.00,4,4,15,"… A study in Nigeria showed 35% prevalence of insulin resistance and 20 … Age (years) Systolic blood pressure (mmHg) Diastolic blood pressure (mmHg) Waist circumference (cm) Height (cm … and other cardiovascu- lar disease risk factors in healthy elderly southwestern nigerians …","http://www.inaactamedica.org/archives/2006/16479027.pdf","https://scholar.google.com/scholar?q=related:F2fgFaOwlEMJ:scholar.google.com/&scioq=%22waist+circumference%22+nigeria&hl=en&as_sdt=0,5&as_ylo=2006&as_yhi=2010&as_vis=1"
715,"J Addo, L Smeeth, DA Leon","Hypertension in sub-saharan Africa: a systematic review",2007,"Hypertension","Am Heart Assoc","https://www.ahajournals.org/doi/abs/10.1161/hypertensionaha.107.093336","https://scholar.google.com/scholar?cites=12074663799495918376&as_sdt=2005&sciodt=0,5&hl=en",248,"2021-07-17 17:21:18","","10.1161/hypertensionaha.107.093336","","",,,,,715,51.07,238,3,14,"Hypertension is an important public health challenge worldwide. Information on the burden of disease from hypertension is essential in developing effective prevention and control strategies. An up-...","https://www.ahajournals.org/doi/full/10.1161/hypertensionaha.107.093336","https://scholar.google.com/scholar?q=related:KAM5V8DSkacJ:scholar.google.com/&scioq=%22waist+circumference%22+nigeria&hl=en&as_sdt=0,5&as_ylo=2006&as_yhi=2010&as_vis=1"
117,"M Cruz, A Valladares‐Salgado…","Candidate gene association study conditioning on individual ancestry in patients with type 2 diabetes and metabolic syndrome from Mexico City",2010,"Diabetes/metabolism …","Wiley Online Library","https://onlinelibrary.wiley.com/doi/abs/10.1002/dmrr.1082","https://scholar.google.com/scholar?cites=536994673654620294&as_sdt=2005&sciodt=0,5&hl=en",249,"2021-07-17 17:21:18","","10.1002/dmrr.1082","","",,,,,117,10.64,39,3,11,"Abstract Background Type 2 diabetes (T2D) is influenced by diverse environmental and genetic risk factors. Metabolic syndrome (MS) increases the risk of cardiovascular disease and diabetes. We anal...","https://onlinelibrary.wiley.com/doi/pdf/10.1002/dmrr.1082","https://scholar.google.com/scholar?q=related:huB1gc_JcwcJ:scholar.google.com/&scioq=%22waist+circumference%22+nigeria&hl=en&as_sdt=0,5&as_ylo=2006&as_yhi=2010&as_vis=1"
349,"A Onat, H Uyarel, G Hergenç…","Serum uric acid is a determinant of metabolic syndrome in a population-based study",2006,"American journal of …","academic.oup.com","https://academic.oup.com/ajh/article-abstract/19/10/1055/524421","https://scholar.google.com/scholar?cites=1598802925282676954&as_sdt=2005&sciodt=0,5&hl=en",250,"2021-07-17 17:21:18","","","","",,,,,349,23.27,87,4,15,"… min apart was recorded. Waist circumference was measured to the nearest 1 cm, with the subject standing and wearing only underwear, at the level midway between the lower rib margin and the iliac crest. With regard to cigarette …","https://academic.oup.com/ajh/article/19/10/1055/524421","https://scholar.google.com/scholar?q=related:2lBUK8oWMBYJ:scholar.google.com/&scioq=%22waist+circumference%22+nigeria&hl=en&as_sdt=0,5&as_ylo=2006&as_yhi=2010&as_vis=1"
118,"VC Tuei, GK Maiyoh, CE Ha","Type 2 diabetes mellitus and obesity in sub‐Saharan Africa",2010,"Diabetes/metabolism research …","Wiley Online Library","https://onlinelibrary.wiley.com/doi/abs/10.1002/dmrr.1106","https://scholar.google.com/scholar?cites=2737785668841331611&as_sdt=2005&sciodt=0,5&hl=en",251,"2021-07-17 17:21:18","","10.1002/dmrr.1106","","",,,,,118,10.73,39,3,11,"… These include reports from several different countries in SSA: Western Africa (Cameroon, Ghana, Mauritania, Nigeria, Mali, Guinea, and Togo) 12, 17-27, Eastern Africa (Sudan, Tanzania, and Kenya) 12, 15, 16, 28-31, and Southern Africa (South Africa, Zimbabwe, Réunion …","https://www.academia.edu/download/62897182/dmrr.1106.pdf","https://scholar.google.com/scholar?q=related:m1txdo-R_iUJ:scholar.google.com/&scioq=%22waist+circumference%22+nigeria&hl=en&as_sdt=0,5&as_ylo=2006&as_yhi=2010&as_vis=1"
98,"AE Sumner, J Zhou, A Doumatey, OE Imoisili…","Low HDL-cholesterol with normal triglyceride levels is the most common lipid pattern in West Africans and African Americans with metabolic syndrome: implications for …",2010,"CVD prevention and …","Elsevier","https://www.sciencedirect.com/science/article/pii/S187545701000080X","https://scholar.google.com/scholar?cites=479029590720452613&as_sdt=2005&sciodt=0,5&hl=en",252,"2021-07-17 17:21:18","","","","",,,,,98,8.91,20,5,11,"… The AADM recruited West Africans from three urban centers in Nigeria: Enugu, Ibadan and … Three-hundred and sixty-four non-diabetic, unrelated Nigerian and Ghanaian participants who … Waist circumference (WC) was measured to the nearest 0.1 cm at the narrowest part of the …","https://www.ncbi.nlm.nih.gov/pmc/articles/PMC2989612/","https://scholar.google.com/scholar?q=related:BRjL79_apQYJ:scholar.google.com/&scioq=%22waist+circumference%22+nigeria&hl=en&as_sdt=0,5&as_ylo=2006&as_yhi=2010&as_vis=1"
17,"AAM Stellinga-Boelen, PA Wiegersma…","Obesity in asylum seekers' children in The Netherlands—the use of national reference charts",2007,"European journal of …","academic.oup.com","https://academic.oup.com/eurpub/article-abstract/17/6/555/472213","https://scholar.google.com/scholar?cites=9829740489792316476&as_sdt=2005&sciodt=0,5&hl=en",253,"2021-07-17 17:21:18","","","","",,,,,17,1.21,6,3,14,"… accepted. 20 , 21 Other anthropometric measurement such as mid-upper-arm circumference, triceps skin fold thickness, waist circumference, hip circumference and the waist-hip ratio are used to asses body fat distribution. 22 …","https://academic.oup.com/eurpub/article/17/6/555/472213","https://scholar.google.com/scholar?q=related:PGRYMOVAaogJ:scholar.google.com/&scioq=%22waist+circumference%22+nigeria&hl=en&as_sdt=0,5&as_ylo=2006&as_yhi=2010&as_vis=1"
3,"GC Onyemelukwe, D Ogoina, AG Bakari","Serum leptin levels in antiretroviral therapy naive HIV-1 infected patients in Zaria, Nigeria",2009,"","sid.ir","https://www.sid.ir/en/journal/ViewPaper.aspx?ID=185024","https://scholar.google.com/scholar?cites=14498020802971150504&as_sdt=2005&sciodt=0,5&hl=en",254,"2021-07-17 17:21:18","","","","",,,,,3,0.25,1,3,12,"… in wasted HIV infected patients when compared to normal weight HIV infected patients from Zaria, Nigeria … This hypo- thesis requires confirmatory prospective studies in Nigerians … Waist circumference measure- ment is equally a simple and reliable marker of abdominal fat that …","https://www.sid.ir/en/vewssid/j_pdf/101120090302.pdf","https://scholar.google.com/scholar?q=related:qKhRQxtRM8kJ:scholar.google.com/&scioq=%22waist+circumference%22+nigeria&hl=en&as_sdt=0,5&as_ylo=2006&as_yhi=2010&as_vis=1"
57,"PM Lizarelli, WP Martins, CS Vieira, GM Soares…","Both a combined oral contraceptive and depot medroxyprogesterone acetate impair endothelial function in young women",2009,"Contraception","Elsevier","https://www.sciencedirect.com/science/article/pii/S0010782408004289","https://scholar.google.com/scholar?cites=5084524579281260785&as_sdt=2005&sciodt=0,5&hl=en",255,"2021-07-17 17:21:18","","","","",,,,,57,4.75,11,5,12,"… All women were evaluated for brachial flow-mediated dilation (FMD), intima-media thickness, carotid distensibility and stiffness index, arterial pressure, body mass index, waist circumference, heart rate and lipid profile. Results …","","https://scholar.google.com/scholar?q=related:8VDNdyrcj0YJ:scholar.google.com/&scioq=%22waist+circumference%22+nigeria&hl=en&as_sdt=0,5&as_ylo=2006&as_yhi=2010&as_vis=1"
11,"BO Tayo, R Harders, A Luke, X Zhu…","Latent common genetic components of obesity traits",2008,"International journal of …","nature.com","https://www.nature.com/articles/ijo2008194","https://scholar.google.com/scholar?cites=1256762534434897818&as_sdt=2005&sciodt=0,5&hl=en",256,"2021-07-17 17:21:18","","","","",,,,,11,0.85,2,5,13,"Obesity is rapidly becoming a global epidemic. Unlike many complex human diseases, obesity is defined not just by a single trait or phenotype, but jointly by measures of anthropometry and metabolic status. We applied maximum likelihood factor analysis to identify common latent …","https://www.ncbi.nlm.nih.gov/pmc/articles/pmc2830146/","https://scholar.google.com/scholar?q=related:mv8C0N3qcBEJ:scholar.google.com/&scioq=%22waist+circumference%22+nigeria&hl=en&as_sdt=0,5&as_ylo=2006&as_yhi=2010&as_vis=1"
37,"LN Dapi, U Janlert, C Nouedoui, H Stenlund, L Håglin","Socioeconomic and gender differences in adolescents' nutritional status in urban Cameroon, Africa",2009,"Nutrition Research","Elsevier","https://www.sciencedirect.com/science/article/pii/S0271531709000803","https://scholar.google.com/scholar?cites=4737831444546214558&as_sdt=2005&sciodt=0,5&hl=en",257,"2021-07-17 17:21:18","","","","",,,,,37,3.08,7,5,12,"… [1]. Waist circumference (cm) was measured between the lowest rib and the iliac crest, and hip circumference (cm) at the level of the greater trochanters between the waist and the knees; the measurements were made to the nearest centimeter using a flexible tape …","https://www.diva-portal.org/smash/record.jsf?pid=diva2:287673","https://scholar.google.com/scholar?q=related:nlrawZgowEEJ:scholar.google.com/&scioq=%22waist+circumference%22+nigeria&hl=en&as_sdt=0,5&as_ylo=2006&as_yhi=2010&as_vis=1"
28,"V Eapen, AA Mabrouk, S Yousef","Metabolic syndrome among the young obese in the United Arab Emirates",2010,"Journal of tropical pediatrics","academic.oup.com","https://academic.oup.com/tropej/article-abstract/56/5/325/1628709","https://scholar.google.com/scholar?cites=3366718217431203437&as_sdt=2005&sciodt=0,5&hl=en",258,"2021-07-17 17:21:18","","","","",,,,,28,2.55,9,3,11,"… by Cook for use in young people [5]. MS as defined by this criteria includes having at least three features among: (i) triglyceride level of ≥110 mg dl −1 ; (ii) high-density lipoprotein (HDL) level of <40 mg dl −1 ; (iii) abdominal obesity as indicated by waist circumference of ≥90th …","https://academic.oup.com/tropej/article/56/5/325/1628709","https://scholar.google.com/scholar?q=related:bb7SkGH8uC4J:scholar.google.com/&scioq=%22waist+circumference%22+nigeria&hl=en&as_sdt=0,5&as_ylo=2006&as_yhi=2010&as_vis=1"
169,"K Fujioka, F Greenway, J Sheard, Y Ying","The effects of grapefruit on weight and insulin resistance: relationship to the metabolic syndrome",2006,"Journal of medicinal food","liebertpub.com","https://www.liebertpub.com/doi/abs/10.1089/jmf.2006.9.49","https://scholar.google.com/scholar?cites=11092900405479187398&as_sdt=2005&sciodt=0,5&hl=en",259,"2021-07-17 17:21:18","","10.1089/jmf.2006.9.49","","",,,,,169,11.27,42,4,15,"… Comparative effects of peel extract from Nigerian grown citrus on body weight, liver weight and serum lipids in rats fed a high … A 12-week randomized double-blind parallel pilot trial of Sinetrol XPur on body weight, abdominal fat, waist circumference, and muscle metabolism in …","","https://scholar.google.com/scholar?q=related:xqNfZSXm8ZkJ:scholar.google.com/&scioq=%22waist+circumference%22+nigeria&hl=en&as_sdt=0,5&as_ylo=2006&as_yhi=2010&as_vis=1"
299,"Y He, B Jiang, J Wang, K Feng, Q Chang, L Fan…","Prevalence of the metabolic syndrome and its relation to cardiovascular disease in an elderly Chinese population",2006,"Journal of the American …","jacc.org","https://www.jacc.org/doi/abs/10.1016/j.jacc.2005.11.074","https://scholar.google.com/scholar?cites=18276627377544474065&as_sdt=2005&sciodt=0,5&hl=en",260,"2021-07-17 17:21:18","","10.1016/j.jacc.2005.11.074","","",,,,,299,19.93,43,7,15,"… Health Organization (WHO) (7,8). In April 2005, the International Diabetes Federation (IDF) proposed a new definition of MetS that includes central obesity as a prerequisite and gender- and ethnicity-specific cutoff points for central obesity as measured by waist circumference (9 …","https://www.sciencedirect.com/science/article/pii/S0735109706002993/pdf?md5=5e1452a4c37ccf0069206a10088b52d5&pid=1-s2.0-S0735109706002993-main.pdf&_valck=1","https://scholar.google.com/scholar?q=related:0a23IsSfo_0J:scholar.google.com/&scioq=%22waist+circumference%22+nigeria&hl=en&as_sdt=0,5&as_ylo=2006&as_yhi=2010&as_vis=1"
0,"U Dimkpa, AC Ugwu","Post-exercise systolic blood pressure recovery and adiposity in adults",2010,"Comparative Exercise Physiology","cambridge.org","https://www.cambridge.org/core/journals/comparative-exercise-physiology/article/postexercise-systolic-blood-pressure-recovery-and-adiposity-in-adults/1F6076153D5FA1D9B3B7CD89056DA4AB","",261,"2021-07-17 17:21:18","","","","",,,,,0,0.00,0,2,11,"… Nigeria 2Department of Physiology, School of Basic Medical Sciences, University of Benin, Benin City, Edo State, Nigeria * Corresponding author … blood pressure (SBP) ratio and delayed SBPR among four obesity indices – body mass index (BMI), waist circumference, waist-to …","https://www.researchgate.net/profile/Uchechukwu-Dimkpa/publication/259403441_Post-exercise_systolic_blood_pressure_recovery_and_adiposity_in_adults/links/559c5e9f08ae0035df247f0c/Post-exercise-systolic-blood-pressure-recovery-and-adiposity-in-adults.pdf","https://scholar.google.com/scholar?q=related:8_P14py1dGIJ:scholar.google.com/&scioq=%22waist+circumference%22+nigeria&hl=en&as_sdt=0,5&as_ylo=2006&as_yhi=2010&as_vis=1"
352,"M Prince, CP Ferri, D Acosta, E Albanese, R Arizaga…","The protocols for the 10/66 dementia research group population-based research programme",2007,"BMC public health","Springer","https://link.springer.com/article/10.1186/1471-2458-7-165","https://scholar.google.com/scholar?cites=5176208632101177489&as_sdt=2005&sciodt=0,5&hl=en",262,"2021-07-17 17:21:18","HTML","10.1186/1471-2458-7-165","","",,,,,352,25.14,59,6,14,"… Cross-sectional comprehensive one phase surveys have been conducted of all residents aged 65 and over of geographically defined catchment areas in ten low and middle income countries (India, China, Nigeria, Cuba, Dominican Republic, Brazil, Venezuela, Mexico, Peru …","https://link.springer.com/article/10.1186/1471-2458-7-165","https://scholar.google.com/scholar?q=related:kYizf1OW1UcJ:scholar.google.com/&scioq=%22waist+circumference%22+nigeria&hl=en&as_sdt=0,5&as_ylo=2006&as_yhi=2010&as_vis=1"
3,"N Jain, S Koley, JS Sandhu","A Study of Correlation between Intra-abdominal Fat and Lipid Profiles and Some Anthropometric Parameters in Vegetarian and Non-vegetarian Middle Aged Women …",2009,"The Anthropologist","Taylor & Francis","https://www.tandfonline.com/doi/abs/10.1080/09720073.2009.11891086","https://scholar.google.com/scholar?cites=6416836983834397616&as_sdt=2005&sciodt=0,5&hl=en",263,"2021-07-17 17:21:18","","10.1080/09720073.2009.11891086","","",,,,,3,0.25,1,3,12,"… Okosun S, Richard ICS, Richard BO, Cooper S, Forrester T 2000. Association of waist circumference with risk of hypertension and type 2 Diabetes in Nigerians, Jamaicans and African-Americans. Diabetes Care, 21: 1836-1842. Pascot A, Despres JP, Lemieux I 2000 …","https://www.researchgate.net/profile/Shyamal-Koley/publication/237272922_A_Study_of_Correlation_between_Intra-abdominal_Fat_and_Lipid_Profiles_and_Some_Anthropometric_Parameters_in_Vegetarian_and_Non-vegetarian_Middle_Aged_Women_of_Jabalpur_Madhya_Pradesh/links/53eb2e330cf2fb1b9b6af9bf/A-Study-of-Correlation-between-Intra-abdominal-Fat-and-Lipid-Profiles-and-Some-Anthropometric-Parameters-in-Vegetarian-and-Non-vegetarian-Middle-Aged-Women-of-Jabalpur-Madhya-Pradesh.pdf","https://scholar.google.com/scholar?q=related:sMsJKz0vDVkJ:scholar.google.com/&scioq=%22waist+circumference%22+nigeria&hl=en&as_sdt=0,5&as_ylo=2006&as_yhi=2010&as_vis=1"
49,"E Gualdi‐Russo, A Zironi, GV Dallari…","Migration and health in Italy: a multiethnic adult sample",2009,"Journal of Travel …","academic.oup.com","https://academic.oup.com/jtm/article-abstract/16/2/88/1800650","https://scholar.google.com/scholar?cites=2023300302439028290&as_sdt=2005&sciodt=0,5&hl=en",264,"2021-07-17 17:21:18","","","","",,,,,49,4.08,12,4,12,"… Moroccans, Tunisians, and Pakistanis). Ethnic ancestry was self‐reported. Anthropometric (height, weight, and waist circumference) and blood pressure data were collected during the survey. Results. The prevalence of overweight …","https://academic.oup.com/jtm/article/16/2/88/1800650","https://scholar.google.com/scholar?q=related:QpbRuOc0FBwJ:scholar.google.com/&scioq=%22waist+circumference%22+nigeria&hl=en&as_sdt=0,5&as_ylo=2006&as_yhi=2010&as_vis=1"
280,"A Damasceno, A Azevedo, C Silva-Matos, A Prista…","Hypertension prevalence, awareness, treatment, and control in Mozambique: urban/rural gap during epidemiological transition",2009,"…","Am Heart Assoc","https://www.ahajournals.org/doi/abs/10.1161/hypertensionaha.109.132423","https://scholar.google.com/scholar?cites=4065565682465892621&as_sdt=2005&sciodt=0,5&hl=en",265,"2021-07-17 17:21:18","","10.1161/hypertensionaha.109.132423","","",,,,,280,23.33,56,5,12,"… STEPS), which included a questionnaire on sociodemographic and behavioral factors (including smoking and drinking habits), medical and health history, and physical measurements (including blood pressure, weight, height, and waist circumference), using standardized …","https://www.ahajournals.org/doi/full/10.1161/hypertensionaha.109.132423","https://scholar.google.com/scholar?q=related:DellqnLKazgJ:scholar.google.com/&scioq=%22waist+circumference%22+nigeria&hl=en&as_sdt=0,5&as_ylo=2006&as_yhi=2010&as_vis=1"
110,"D Hu, P Fu, J Xie, CS Chen, D Yu, PK Whelton…","Increasing prevalence and low awareness, treatment and control of diabetes mellitus among Chinese adults: the InterASIA study",2008,"Diabetes research and …","Elsevier","https://www.sciencedirect.com/science/article/pii/S0168822708001897","https://scholar.google.com/scholar?cites=18072590724813917531&as_sdt=2005&sciodt=0,5&hl=en",266,"2021-07-17 17:21:18","","","","",,,,,110,8.46,16,7,13,"… The mean values of body mass index (BMI), waist-to-height ratio (WHR), waist circumference (WC) and fasting glucose were higher in the IFG and DM groups than in the NFG group. Table 1. Study participants characteristics by diabetic status …","","https://scholar.google.com/scholar?q=related:W42N84K9zvoJ:scholar.google.com/&scioq=%22waist+circumference%22+nigeria&hl=en&as_sdt=0,5&as_ylo=2006&as_yhi=2010&as_vis=1"
63,"SB Meis, D Schuster, T Gaillard, K Osei","Metabolic syndrome in nondiabetic, obese, first-degree relatives of African American patients with type 2 diabetes: African American triglycerides-HDL-C and …",2006,"Ethnicity & disease","ethndis.org","https://ethndis.org/priorarchives/ethn-16-04-830.pdf","https://scholar.google.com/scholar?cites=8471384518435988498&as_sdt=2005&sciodt=0,5&hl=en",267,"2021-07-17 17:21:18","PDF","","","",,,,,63,4.20,16,4,15,"… A simple, readily and clinically available parameter, waist circumference, appears to be the single most important parameter to meet the MetS criteria in African Americans … 7. Adeleye JO, Abbiyesuku FM. Glucose and insulin responses in offspring of Nigerian type 2 diabetics …","https://ethndis.org/priorarchives/ethn-16-04-830.pdf","https://scholar.google.com/scholar?q=related:EuQeEVZnkHUJ:scholar.google.com/&scioq=%22waist+circumference%22+nigeria&hl=en&as_sdt=0,5&as_ylo=2006&as_yhi=2010&as_vis=1"
42,"SL Brennan, MJ Henry, GC Nicholson…","Socioeconomic status, obesity and lifestyle in men: the Geelong Osteoporosis Study",2010,"Journal of men's …","liebertpub.com","https://www.liebertpub.com/doi/abs/10.1016/j.jomh.2009.10.004","https://scholar.google.com/scholar?cites=17854987024788712936&as_sdt=2005&sciodt=0,5&hl=en",268,"2021-07-17 17:21:18","","10.1016/j.jomh.2009.10.004","","",,,,,42,3.82,11,4,11,"… Results: Age-adjusted BMI, waist circumference, % fat and lean mass and blood pressure were inversely associated with SES, with differences between low and upper SES (P for difference <0.05), independent of country of birth …","https://dro.deakin.edu.au/eserv/DU:30042761/pasco-socioeconomicstatus-2010.pdf","https://scholar.google.com/scholar?q=related:6G29aRmoyfcJ:scholar.google.com/&scioq=%22waist+circumference%22+nigeria&hl=en&as_sdt=0,5&as_ylo=2006&as_yhi=2010&as_vis=1"
3,"EI Ugwuja, NC Ugwu","Plasma lipids in Helicobacter pylori infected pregnant women",2009,"International Journal of Medicine and …","academicjournals.org","https://academicjournals.org/journal/IJMMS/article-abstract/8BC7A14401","https://scholar.google.com/scholar?cites=365287915010608221&as_sdt=2005&sciodt=0,5&hl=en",269,"2021-07-17 17:21:18","","","","",,,,,3,0.25,2,2,12,"… the Department of Obstetrics and Gynaecology of the Federal Medical Centre Abakaliki, Nigeria for logistic … Serum lipids and lipoprotein cholesterol profiles in pregnant Nigerian women … Association of waist circumference with risk of hypertension and type 2 diabetes in Nigerians …","https://academicjournals.org/journal/IJMMS/article-full-text-pdf/8BC7A14401","https://scholar.google.com/scholar?q=related:XUzzXmzDEQUJ:scholar.google.com/&scioq=%22waist+circumference%22+nigeria&hl=en&as_sdt=0,5&as_ylo=2006&as_yhi=2010&as_vis=1"
5,"CB dos Santos Cavalcanti, MVG de Barros…","Abdominal obesity in adolescents: prevalence and association with physical activity and eating habits",2010,"Arq. Bras …","SciELO Brasil","https://www.scielo.br/j/abc/a/n3z9YwkPgHmBzZ99nRJtm7w/?format=pdf&lang=en","https://scholar.google.com/scholar?cites=18005911001020890099&as_sdt=2005&sciodt=0,5&hl=en",270,"2021-07-17 17:21:18","PDF","","","",,,,,5,0.45,2,3,11,"… of variables, the results of this study are convergent with the evidence reported by Klein-Platat et al20 that there is an inverse association between physical activity and waist circumference … Rapid increases in obesity in Jamaica, compared to Nigeria and the United States …","https://www.scielo.br/j/abc/a/n3z9YwkPgHmBzZ99nRJtm7w/?format=pdf&lang=en","https://scholar.google.com/scholar?q=related:8_sl8afY4fkJ:scholar.google.com/&scioq=%22waist+circumference%22+nigeria&hl=en&as_sdt=0,5&as_ylo=2006&as_yhi=2010&as_vis=1"
1348,"A Misra, L Khurana","Obesity and the metabolic syndrome in developing countries",2008,"The Journal of Clinical Endocrinology & …","academic.oup.com","https://academic.oup.com/jcem/article-abstract/93/11_supplement_1/s9/2627212","https://scholar.google.com/scholar?cites=17106816432554674059&as_sdt=2005&sciodt=0,5&hl=en",271,"2021-07-17 17:21:18","","","","",,,,,1348,103.69,674,2,13,"","https://academic.oup.com/jcem/article/93/11_supplement_1/s9/2627212","https://scholar.google.com/scholar?q=related:i4c83OieZ-0J:scholar.google.com/&scioq=%22waist+circumference%22+nigeria&hl=en&as_sdt=0,5&as_ylo=2006&as_yhi=2010&as_vis=1"
22,"LCK Low","Childhood obesity in developing countries",2010,"","core.ac.uk","https://core.ac.uk/download/pdf/190369525.pdf","https://scholar.google.com/scholar?cites=11193594200437354986&as_sdt=2005&sciodt=0,5&hl=en",272,"2021-07-17 17:21:18","PDF","","","",,,,,22,2.00,22,1,11,"… Physical activity and body mass index of school children and adolescents in Abeokuta, Southwest Nigeria. World J Pediatr 2010;6:217-222 … Waist circumference and body mass index in Chinese children: cutoff values for predicting cardiovascular risk factors …","https://core.ac.uk/download/pdf/190369525.pdf","https://scholar.google.com/scholar?q=related:6vHwfJ6iV5sJ:scholar.google.com/&scioq=%22waist+circumference%22+nigeria&hl=en&as_sdt=0,5&as_ylo=2006&as_yhi=2010&as_vis=1"
12,"JW Kent Jr, MC Mahaney, AG Comuzzie, HHH Göring…","Quantitative trait locus on Chromosome 19 for circulating levels of intercellular adhesion molecule-1 in Mexican Americans",2007,"Atherosclerosis","Elsevier","https://www.sciencedirect.com/science/article/pii/S0021915006006113","https://scholar.google.com/scholar?cites=11686733162227531888&as_sdt=2005&sciodt=0,5&hl=en",273,"2021-07-17 17:21:18","","","","",,,,,12,0.86,2,5,14,"… BMI (kg/m 2 ), 27.4 (24.0–31.3), 29.0 (24.8–33.4). Waist circumference (mm), 940 (850–1041), 916 (800–1044). Systolic BP (mm Hg), 120 (112–129), 114 (106–128) … Degree, Model, BIC. 0, [No covariates], 0.00. 1, log e (waist circumference) (=WC), −96.58. 2, WC, smoking, −145.10 …","https://www.ncbi.nlm.nih.gov/pmc/articles/PMC2719976/","https://scholar.google.com/scholar?q=related:cIBZX-SdL6IJ:scholar.google.com/&scioq=%22waist+circumference%22+nigeria&hl=en&as_sdt=0,5&as_ylo=2006&as_yhi=2010&as_vis=1"
16,"MO El Fadil, I Suleiman, AG Alzubair","Clinico-epidemiological features of hypertensive subjects in kassala town, Eastern Sudan",2007,"Journal of family & …","ncbi.nlm.nih.gov","https://www.ncbi.nlm.nih.gov/pmc/articles/PMC3410150/","https://scholar.google.com/scholar?cites=3575003539574418112&as_sdt=2005&sciodt=0,5&hl=en",274,"2021-07-17 17:21:18","HTML","","","",,,,,16,1.14,5,3,14,"… The W/H ratio was calculated as the waist circumference divided by the hip circumference … MU, Omene JA, Currier GW, Holifield-Kennedy L. Factors associated with hypertension in Nigerian civil servants … Non-communicable diseases in Nigeria: final report of a national survey …","https://www.ncbi.nlm.nih.gov/pmc/articles/PMC3410150/","https://scholar.google.com/scholar?q=related:wOoYL8f2nDEJ:scholar.google.com/&scioq=%22waist+circumference%22+nigeria&hl=en&as_sdt=0,5&as_ylo=2006&as_yhi=2010&as_vis=1"
49,"Í Lessa, L Magalhães, MJ Araújo…","Arterial hypertension in the adult population of Salvador (BA)-Brazil",2006,"Arquivos brasileiros de …","SciELO Brasil","https://www.scielo.br/pdf/abc/v87n6/en_11.pdf","https://scholar.google.com/scholar?cites=14300802477908236485&as_sdt=2005&sciodt=0,5&hl=en",275,"2021-07-17 17:21:18","PDF","","","",,,,,49,3.27,12,4,15,"… The cut-off points for waist circumference recommended internationally are controversial20 and do not adapt to many populations, including that of Salvador … vs. 43.1% and 31.8% vs. 23.4%, respectively), but it was lower and similar among Nigerian men and women (13.9% vs …","https://www.scielo.br/pdf/abc/v87n6/en_11.pdf","https://scholar.google.com/scholar?q=related:xRi_shWodsYJ:scholar.google.com/&scioq=%22waist+circumference%22+nigeria&hl=en&as_sdt=0,5&as_ylo=2006&as_yhi=2010&as_vis=1"
11,"T Nelson, A Perez, J Alcaraz, G Talavera…","Family history of diabetes, acculturation, and the metabolic syndrome among Mexican Americans: proyecto SALSA",2007,"… syndrome and related …","liebertpub.com","https://www.liebertpub.com/doi/abs/10.1089/met.2006.0035","https://scholar.google.com/scholar?cites=13159172580529844979&as_sdt=2005&sciodt=0,5&hl=en",276,"2021-07-17 17:21:18","","10.1089/met.2006.0035","","",,,,,11,0.79,2,5,14,"… NCEP cutoffs were used to define categorical HDL-C, triglycerides, waist circumference and fasting … duced a three and a half-fold increased risk of developing MetS, defined as having two or more of the NCEP-ATPIII traits.12 Additional studies among Nigerians, Koreans, US …","https://www.academia.edu/download/46217810/Family_History_of_Diabetes_Acculturation20160604-9605-w77k8t.pdf","https://scholar.google.com/scholar?q=related:87KK4L3FnrYJ:scholar.google.com/&scioq=%22waist+circumference%22+nigeria&hl=en&as_sdt=0,5&as_ylo=2006&as_yhi=2010&as_vis=1"
54,"AP Doumatey, KS Lashley, H Huang, J Zhou, G Chen…","Relationships among obesity, inflammation, and insulin resistance in African Americans and West Africans",2010,"…","Wiley Online Library","https://onlinelibrary.wiley.com/doi/abs/10.1038/oby.2009.322","https://scholar.google.com/scholar?cites=3968002905435263928&as_sdt=2005&sciodt=0,5&hl=en",277,"2021-07-17 17:21:18","","10.1038/oby.2009.322","","",,,,,54,4.91,9,6,11,"… Briefly, The Africa America Diabetes Mellitus study enrolled and examined T2D cases and controls in three urban centers in Nigeria (Lagos, Ibadan … BMI was calculated as weight in kilogram divided by height in meters square (kg/m 2 ). Waist circumference was measured to the …","https://onlinelibrary.wiley.com/doi/pdf/10.1038/oby.2009.322","https://scholar.google.com/scholar?q=related:uNMvfp4tETcJ:scholar.google.com/&scioq=%22waist+circumference%22+nigeria&hl=en&as_sdt=0,5&as_ylo=2006&as_yhi=2010&as_vis=1"
31,"S Zhang, X Liu, WJ Brickman…","Association of plasma leptin concentrations with adiposity measurements in rural Chinese adolescents",2009,"The Journal of …","academic.oup.com","https://academic.oup.com/jcem/article-abstract/94/9/3497/2597251","https://scholar.google.com/scholar?cites=16255969374213771787&as_sdt=2005&sciodt=0,5&hl=en",278,"2021-07-17 17:21:18","","","","",,,,,31,2.58,8,4,12,"Context: There is evidence that leptin is involved in the etiology of obesity-related cardiovascular disease in adults. This raises the question of whether lept.","https://academic.oup.com/jcem/article/94/9/3497/2597251","https://scholar.google.com/scholar?q=related:CxKknQTOmOEJ:scholar.google.com/&scioq=%22waist+circumference%22+nigeria&hl=en&as_sdt=0,5&as_ylo=2006&as_yhi=2010&as_vis=1"
0,"JO Komolafe, AS Adeyemi, TO Odejide…","Common vulcanized rubber devices adapted as pessaries for pelvic prolapse treatment in resource‐poor settings",2008,"International Journal of …","academia.edu","https://www.academia.edu/download/49319258/j.ijgo.2007.08.01420161003-11292-bykc70.pdf","",279,"2021-07-17 17:21:18","PDF","","","",,,,,0,0.00,0,4,13,"… Department of Obstetrics and Gynecology, College of Health Sciences, Isale-Osun, PMB 4400, Osogbo, Nigeria … Examina- tion revealed morbid central obesity (body mass index 46.2 kg/m2; waist circumference 120 cm), acanthosis nigricans and multiple skin tags indicative of …","https://www.academia.edu/download/49319258/j.ijgo.2007.08.01420161003-11292-bykc70.pdf","https://scholar.google.com/scholar?q=related:_qUqVRRQfScJ:scholar.google.com/&scioq=%22waist+circumference%22+nigeria&hl=en&as_sdt=0,5&as_ylo=2006&as_yhi=2010&as_vis=1"
156,"AJG Hanley, D Bowden…","Associations of adiponectin with body fat distribution and insulin sensitivity in nondiabetic Hispanics and African-Americans",2007,"The Journal of …","academic.oup.com","https://academic.oup.com/jcem/article-abstract/92/7/2665/2598688","https://scholar.google.com/scholar?cites=926080100370889677&as_sdt=2005&sciodt=0,5&hl=en",280,"2021-07-17 17:21:18","","","","",,,,,156,11.14,52,3,14,"Abstract. Context: Hypoadiponectinemia has emerged as an independent risk factor for type 2 diabetes and cardiovascular disease. Although associations of adipon.","https://academic.oup.com/jcem/article/92/7/2665/2598688","https://scholar.google.com/scholar?q=related:zTsq2PEY2gwJ:scholar.google.com/&scioq=%22waist+circumference%22+nigeria&hl=en&as_sdt=0,5&as_ylo=2006&as_yhi=2010&as_vis=1"
98,"G Paré, D Serre, D Brisson, SS Anand…","Genetic analysis of 103 candidate genes for coronary artery disease and associated phenotypes in a founder population reveals a new association between …",2007,"The American journal of …","Elsevier","https://www.sciencedirect.com/science/article/pii/S0002929707610994","https://scholar.google.com/scholar?cites=4953955777893432556&as_sdt=2005&sciodt=0,5&hl=en",281,"2021-07-17 17:21:18","HTML","","","",,,,,98,7.00,20,5,14,"… extensively phenotyped with a clinical history, a pharmacological report, biometric measurements (height, weight, blood pressure, and waist circumference), and biochemical … 0.05) with a r 2 >0.8 in each of the HapMap population panels (Yoruba of Ibadan, Nigeria; US residents …","https://www.sciencedirect.com/science/article/pii/S0002929707610994","https://scholar.google.com/scholar?q=related:7PxUZoj8v0QJ:scholar.google.com/&scioq=%22waist+circumference%22+nigeria&hl=en&as_sdt=0,5&as_ylo=2006&as_yhi=2010&as_vis=1"
61,"Y Ruixing, W Jinzhen, L Weixiong, C Yuming…","The environmental and genetic evidence for the association of hyperlipidemia and hypertension",2009,"Journal of …","journals.lww.com","https://journals.lww.com/jhypertension/Fulltext/2009/02000/Success_in_control_of_hypertension_in_a.11.aspx","https://scholar.google.com/scholar?cites=5222565214093486110&as_sdt=2005&sciodt=0,5&hl=en",282,"2021-07-17 17:21:18","","","","",,,,,61,5.08,12,5,12,"Objective Both hyperlipidemia and hypertension are the risk factors for coronary heart disease. Al.","https://scholar.archive.org/work/owbolknkfbfdpilg6utkii3ss4/access/wayback/http://www.gnmhealthcare.com/pdf/01-2009/26/1705636_Theenvironmentalandgeneti.pdf","https://scholar.google.com/scholar?q=related:HqhaUmRHekgJ:scholar.google.com/&scioq=%22waist+circumference%22+nigeria&hl=en&as_sdt=0,5&as_ylo=2006&as_yhi=2010&as_vis=1"
0,"EN OHIHOIN","… TIME OF DAY OF ADMINISTRATION OF ANTIHYPERTENSIVE MEDICATION TO CARDIOVASCULAR COMPLICATION IN HYPERTENSIVE ADULT NIGERIAN …",2009,"Faculty of INTERNAL MEDICINE","dissertation.npmcn.edu.ng","http://dissertation.npmcn.edu.ng/index.php/FMCP/article/download/550/649","",283,"2021-07-17 17:21:18","PDF","","","",,,,,0,0.00,0,1,12,"… cardiovascular complications among Nigerian hypertensive patients in tertiary care based … south-western Nigeria has demonstrated that microalbuminuria was significantly higher … iv. Waist circumference taken around the narrowest point between the ribs and hips …","http://dissertation.npmcn.edu.ng/index.php/FMCP/article/download/550/649","https://scholar.google.com/scholar?q=related:TrO3WBHjP5oJ:scholar.google.com/&scioq=%22waist+circumference%22+nigeria&hl=en&as_sdt=0,5&as_ylo=2006&as_yhi=2010&as_vis=1"
37,"JR M'Buyamba-Kabangu, RT Biswika…","In-hospital mortality among black patients admitted for hypertension-related disorders in Mbuji Mayi, Congo",2009,"American journal of …","academic.oup.com","https://academic.oup.com/ajh/article-abstract/22/6/643/242267","https://scholar.google.com/scholar?cites=14584947475309117821&as_sdt=2005&sciodt=0,5&hl=en",284,"2021-07-17 17:21:18","","","","",,,,,37,3.08,12,3,12,"AbstractBackground. As a consequence of hypertension, sub-Saharan Africa faces an epidemic of cardiovascular disease.Methods. We assessed in-hospital mortalit.","https://academic.oup.com/ajh/article-pdf/22/6/643/11198868/22_6_643.pdf","https://scholar.google.com/scholar?q=related:fcGHVXQkaMoJ:scholar.google.com/&scioq=%22waist+circumference%22+nigeria&hl=en&as_sdt=0,5&as_ylo=2006&as_yhi=2010&as_vis=1"
27,"S Sarkar, B Mukhopadhyay","Perceived psychosocial stress and cardiovascular risk: Observations among the Bhutias of Sikkim, India",2008,"Stress and Health: Journal of the …","Wiley Online Library","https://onlinelibrary.wiley.com/doi/abs/10.1002/smi.1159","https://scholar.google.com/scholar?cites=3299106273121402333&as_sdt=2005&sciodt=0,5&hl=en",285,"2021-07-17 17:21:18","","10.1002/smi.1159","","",,,,,27,2.08,14,2,13,"… in females, although significant effect of stress does not exist on blood pressures, significant effects of stress are discernible on Low-density lipoprotein (LDL) cholesterol, TC/HDL as well as adiposity/obesity measures such as body mass index, waist circumference and waist …","https://www.academia.edu/download/31641614/S_H-full_length.pdf","https://scholar.google.com/scholar?q=related:3f2pDa3HyC0J:scholar.google.com/&scioq=%22waist+circumference%22+nigeria&hl=en&as_sdt=0,5&as_ylo=2006&as_yhi=2010&as_vis=1"
186,"K Esposito, MI Maiorino, G Bellastella…","Determinants of female sexual dysfunction in type 2 diabetes",2010,"International journal of …","nature.com","https://www.nature.com/articles/ijir20106","https://scholar.google.com/scholar?cites=22174814384418291&as_sdt=2005&sciodt=0,5&hl=en",286,"2021-07-17 17:21:18","HTML","","","",,,,,186,16.91,47,4,11,"Studies assessing sexual dysfunction in type 2 diabetic women are scanty. This study was designed to evaluate the prevalence and correlates of female sexual function in a quite large population of diabetic women. A total of 595 women with type 2 diabetes completed a …","https://www.nature.com/articles/ijir20106","https://scholar.google.com/scholar?q=related:8-1XTuDHTgAJ:scholar.google.com/&scioq=%22waist+circumference%22+nigeria&hl=en&as_sdt=0,5&as_ylo=2006&as_yhi=2010&as_vis=1"
179,"K Steyn, A Damasceno","Lifestyle and related risk factors for chronic diseases",2006,"Disease and mortality in sub-Saharan …","books.google.com","https://books.google.com/books?hl=en&lr=&id=2u8m7pPQ_WwC&oi=fnd&pg=PA247&dq=%22waist+circumference%22+nigeria&ots=pKYNIu9944&sig=_5pWMRqsceU2NTNaTCZREJ9Ho_4","https://scholar.google.com/scholar?cites=274394609775582474&as_sdt=2005&sciodt=0,5&hl=en",287,"2021-07-17 17:21:18","HTML","","","",,,,,179,11.93,90,2,15,"… The physical activity of the Nigerian civil servants studied by Forrest and colleagues (2001) was … The physi- cal activity index correlated negatively with BMI and waist circumference … Studies carried out in Nigeria that compared urban and rural people's sodium and potassium …","https://books.google.com/books?hl=en&lr=&id=2u8m7pPQ_WwC&oi=fnd&pg=PA247&dq=%22waist+circumference%22+nigeria&ots=pKYNIu9944&sig=_5pWMRqsceU2NTNaTCZREJ9Ho_4","https://scholar.google.com/scholar?q=related:Cp30m3HYzgMJ:scholar.google.com/&scioq=%22waist+circumference%22+nigeria&hl=en&as_sdt=0,5&as_ylo=2006&as_yhi=2010&as_vis=1"
26,"MM Sale, L Lu, IJ Spruill, JK Fernandes, KH Lok…","Genome-wide linkage scan in Gullah-speaking African American families with type 2 diabetes: the Sea Islands Genetic African American Registry (project SuGAR)",2009,"Diabetes","Am Diabetes Assoc","https://diabetes.diabetesjournals.org/content/58/1/260.short","https://scholar.google.com/scholar?cites=14136638644408228599&as_sdt=2005&sciodt=0,5&hl=en",288,"2021-07-17 17:21:18","","","","",,,,,26,2.17,4,6,12,"","https://diabetes.diabetesjournals.org/content/diabetes/58/1/260.full.pdf","https://scholar.google.com/scholar?q=related:9xoDrvJtL8QJ:scholar.google.com/&scioq=%22waist+circumference%22+nigeria&hl=en&as_sdt=0,5&as_ylo=2006&as_yhi=2010&as_vis=1"
0,"K Vetvik, H Thordarson, E Gerdts…","Prevalence and covariates of electrocardiographic left ventricular hypertrophy in diabetic patients in Tanzania: cardiovascular topics",2008,"… Journal of Africa","ingentaconnect.com","https://www.ingentaconnect.com/content/sabinet/cardio1/2008/00000019/00000001/art00002","",289,"2021-07-17 17:21:18","","","","",,,,,0,0.00,0,4,13,"… regression model, including gender, diabetes type, age, diabetes duration, waist circumference, serum cholesterol … by five criteria among civil servants in Benin City, Nigeria: prevalence and … electrocardiographic crite- ria for left ventricular hypertrophy in Nigerian hypertensives …","","https://scholar.google.com/scholar?q=related:dnm6RJrk2A0J:scholar.google.com/&scioq=%22waist+circumference%22+nigeria&hl=en&as_sdt=0,5&as_ylo=2006&as_yhi=2010&as_vis=1"
910,"DO Okorodudu, MF Jumean, VM Montori…","Diagnostic performance of body mass index to identify obesity as defined by body adiposity: a systematic review and meta-analysis",2010,"International journal of …","nature.com","https://www.nature.com/articles/ijo20105","https://scholar.google.com/scholar?cites=10447322081344204222&as_sdt=2005&sciodt=0,5&hl=en",290,"2021-07-17 17:21:18","","","","",,,,,910,82.73,228,4,11,"We performed a systematic review and meta-analysis of studies that assessed the performance of body mass index (BMI) to detect body adiposity. Data sources were MEDLINE, EMBASE, Cochrane, Database of Systematic Reviews, Cochrane CENTRAL, Web of Science, and SCOPUS …","https://www.ncbi.nlm.nih.gov/books/NBK80420/","https://scholar.google.com/scholar?q=related:vq2dqBRY_JAJ:scholar.google.com/&scioq=%22waist+circumference%22+nigeria&hl=en&as_sdt=0,5&as_ylo=2006&as_yhi=2010&as_vis=1"
3,"WP Lee, J Lingard, M Bermingham","Insulin, lipid profiles and measures of fatness in Taiwanese women in relation to duration of residence in Australia.",2007,"Asia Pacific journal of clinical …","apjcn.nhri.org.tw","http://apjcn.nhri.org.tw/server/APJCN/16/2/254.pdf","https://scholar.google.com/scholar?cites=7787254621863302147&as_sdt=2005&sciodt=0,5&hl=en",291,"2021-07-17 17:21:18","PDF","","","",,,,,3,0.21,1,3,14,"… 16. Okosun IS, Cooper RS, Rotimi CN, Osotimehin B, For- rester T. Association of waist circumference with risk of hypertension and type 2 diabetes in Nigerians, Jamaicans, and African-Americans. Diabetes Care 1998; 21:1836- 1842. 17. Bermudez OI, Tucker KL …","http://apjcn.nhri.org.tw/server/APJCN/16/2/254.pdf","https://scholar.google.com/scholar?q=related:A1Su59HiEWwJ:scholar.google.com/&scioq=%22waist+circumference%22+nigeria&hl=en&as_sdt=0,5&as_ylo=2006&as_yhi=2010&as_vis=1"
824,"R Kelishadi","Childhood overweight, obesity, and the metabolic syndrome in developing countries",2007,"Epidemiologic reviews","academic.oup.com","https://academic.oup.com/epirev/article-abstract/29/1/62/436110","https://scholar.google.com/scholar?cites=10461470789060807157&as_sdt=2005&sciodt=0,5&hl=en",292,"2021-07-17 17:21:18","","","","",,,,,824,58.86,824,1,14,"Abstract. The incidence of chronic disease is escalating much more rapidly in developing countries than in industrialized countries. A potential emerging public.","https://academic.oup.com/epirev/article/29/1/62/436110","https://scholar.google.com/scholar?q=related:9UkYYkGcLpEJ:scholar.google.com/&scioq=%22waist+circumference%22+nigeria&hl=en&as_sdt=0,5&as_ylo=2006&as_yhi=2010&as_vis=1"
0,"FI AIGBE","… OF LEFT VENTRICULAR FUNCTION IN TYPE 2 DIABETES MELLITUS PATIENTS IN UNIVERSITY OF ILORIN TEACHING HOSPITAL ILORIN, NIGERIA",2009,"Faculty of INTERNAL MEDICINE","dissertation.npmcn.edu.ng","http://www.dissertation.npmcn.edu.ng/index.php/FMCP/article/download/545/654","",293,"2021-07-17 17:21:18","PDF","","","",,,,,0,0.00,0,1,12,"… diabetes mellitus in Nigeria and it is expected to almost triple by 2030.7 However a recent study in Port Harcourt, Nigeria found a prevalence rate of about 7.9%.8 … However, Osunkwo et al have reported that heart failure in Nigerians secondary to uncomplicated DM is relatively …","http://www.dissertation.npmcn.edu.ng/index.php/FMCP/article/download/545/654","https://scholar.google.com/scholar?q=related:GOrRwXY1LL0J:scholar.google.com/&scioq=%22waist+circumference%22+nigeria&hl=en&as_sdt=0,5&as_ylo=2006&as_yhi=2010&as_vis=1"
28,"R Yin, H Li, J Wu, W Lin, D Yang, S Pan, J Huang…","Effects of alcohol consumption and other lifestyle behaviors on blood pressure for the middle-aged and elderly in the Guangxi Hei Yi Zhuang and Han populations",2007,"Alcohol","Elsevier","https://www.sciencedirect.com/science/article/pii/S074183290700184X","https://scholar.google.com/scholar?cites=18320494901832161277&as_sdt=2005&sciodt=0,5&hl=en",294,"2021-07-17 17:21:18","","","","",,,,,28,2.00,4,8,14,"… levels, and total energy, total fat, and salt intakes, and negatively associated with educational level in Hei Yi Zhuang (P < .05–.001), whereas positively correlated with sex (male), age, physical activity, alcohol consumption, body mass index, waist circumference, serum total …","","https://scholar.google.com/scholar?q=related:_ZcPDQx5P_4J:scholar.google.com/&scioq=%22waist+circumference%22+nigeria&hl=en&as_sdt=0,5&as_ylo=2006&as_yhi=2010&as_vis=1"
5,"Z Hattingh, CN Walsh, FJ Veldman, CJ Bester…","Anthropometric and biochemical profiles of black South African women",2008,"African Journal of …","ajol.info","https://www.ajol.info/index.php/ajbr/article/view/50702","https://scholar.google.com/scholar?cites=17633515770514108985&as_sdt=2005&sciodt=0,5&hl=en",295,"2021-07-17 17:21:18","","","","",,,,,5,0.38,1,5,13,"… No significant association was found between waist circumference and elevated glucose levels in both age groups … The association between waist circumference and glucose levels was determined as described by Newcombe (1998) …","https://www.ajol.info/index.php/ajbr/article/view/50702/39393","https://scholar.google.com/scholar?q=related:OfK9uirVtvQJ:scholar.google.com/&scioq=%22waist+circumference%22+nigeria&hl=en&as_sdt=0,5&as_ylo=2006&as_yhi=2010&as_vis=1"
51,"S Culp, M Porter","The effect of obesity and lower serum prostate‐specific antigen levels on prostate‐cancer screening results in American men",2009,"BJU international","Wiley Online Library","https://bjui-journals.onlinelibrary.wiley.com/doi/abs/10.1111/j.1464-410X.2009.08646.x","https://scholar.google.com/scholar?cites=14740426756522823272&as_sdt=2005&sciodt=0,5&hl=en",296,"2021-07-17 17:21:18","","10.1111/j.1464-410X.2009.08646.x","","",,,,,51,4.25,26,2,12,"… of having serum level of PSA of ≥4.0 ng/mL and ≥10.0 ng/mL in non-obese and obese Nigerian men with … Larcher, Audrey Blanc-Lapierre, Jonas Schiffmann, Markus Graefen, José Sosa, Fred Saad, Marie-Élise Parent, Pierre I. Karakiewicz, Waist circumference, waist-hip ratio …","","https://scholar.google.com/scholar?q=related:aM40dAmEkMwJ:scholar.google.com/&scioq=%22waist+circumference%22+nigeria&hl=en&as_sdt=0,5&as_ylo=2006&as_yhi=2010&as_vis=1"
0,"OW ODUNVBUN","PREVALENCE AND PREDICTORS OF ABNORMAL GLUCOSE TOLERANCE AMONGST WOMEN WITH POLYCYSTIC OVARY SYNDROME IN BENIN CITY",2010,"FACULTY of OBSTETRICS AND …","dissertation.npmcn.edu.ng","http://dissertation.npmcn.edu.ng/index.php/FMCOG/article/view/1962","",297,"2021-07-17 17:21:18","","","","",,,,,0,0.00,0,1,11,"… A DISSERTATION SUBMITTED TO THE NATIONAL POSTGRADUATE MEDICAL COLLEGE OF NIGERIA IN PARTIAL FULFILMENT OF THE REQUIREMENT FOR … Women with PCOS had significantly higher waist circumference and higher waist/hip ratio with P …","http://dissertation.npmcn.edu.ng/index.php/FMCOG/article/download/1962/960","https://scholar.google.com/scholar?q=related:-4xJFMrkCTMJ:scholar.google.com/&scioq=%22waist+circumference%22+nigeria&hl=en&as_sdt=0,5&as_ylo=2006&as_yhi=2010&as_vis=1"
15,"JI Mann, DC Tipene-Leach, HLR Pahau…","Insulin resistance and impaired glucose metabolism in a predominantly Maori community",2006,"Diabetes research and …","Elsevier","https://www.sciencedirect.com/science/article/pii/S0168822705003311","https://scholar.google.com/scholar?cites=17533710629469493007&as_sdt=2005&sciodt=0,5&hl=en",298,"2021-07-17 17:21:18","","","","",,,,,15,1.00,4,4,15,"… 2.3. Clinical examination and biochemistry. Height, weight and waist circumference (midpoint between the anterior superior iliac crest and the lowest rib) were measured, BMI calculated and blood pressure recorded (after 10 min of rest using random zero sphygmomanometers) …","https://www.academia.edu/download/48938878/Insulin_resistance_and_impaired_glucose_20160918-6209-1masbyf.pdf","https://scholar.google.com/scholar?q=related:DxcFgOtAVPMJ:scholar.google.com/&scioq=%22waist+circumference%22+nigeria&hl=en&as_sdt=0,5&as_ylo=2006&as_yhi=2010&as_vis=1"
27,"Y Ruixing, P Shangling, L Shuquan, Y Dezhai…","Comparison of hypertension and its risk factors between the Guangxi Bai Ku Yao and Han populations",2008,"Blood …","Taylor & Francis","https://www.tandfonline.com/doi/abs/10.1080/08037050802589593","https://scholar.google.com/scholar?cites=15775412822628605245&as_sdt=2005&sciodt=0,5&hl=en",299,"2021-07-17 17:21:18","","10.1080/08037050802589593","","",,,,,27,2.08,5,5,13,"… Hypertension was positively correlated with male, age, physical activity, body mass index, waist circumference, total energy, total fat and sodium intakes, and negatively associated with education level and total dietary fibre intake in both ethnic groups (p<0.05–0.001) …","","https://scholar.google.com/scholar?q=related:PZ3rZWGG7doJ:scholar.google.com/&scioq=%22waist+circumference%22+nigeria&hl=en&as_sdt=0,5&as_ylo=2006&as_yhi=2010&as_vis=1"
0,"IS Al-Zakwani, K Al-Rasadi, K Sulaiman…","PCV29 PREVALENCE, CHARACTERISTICS, AND IN-HOSPITAL OUTCOMES OF METABOLIC SYNDROME IN ACUTE CORONARY DISEASE PATIENTS IN …",2010,"Value in Health","core.ac.uk","https://core.ac.uk/download/pdf/82455841.pdf","",300,"2021-07-17 17:21:18","PDF","","","",,,,,0,0.00,0,4,11,"… There is a need to develop strategies to prevent, treat, and control hypertension effectively in Nigeria … MS was defined, as stipulated by the recent ATP-III guidelines, as having 3 or more of the following abnormalities: waist circumference of ≥94 cm for men and ≥80 cm for …","https://core.ac.uk/download/pdf/82455841.pdf",""
28,"M Bhagat, S Mukherjee, P De, R Goswami, S Pal…","Clustering of cardiometabolic risk factors in Asian Indian women: Santiniketan women study",2010,"Menopause","journals.lww.com","https://journals.lww.com/menopausejournal/Fulltext/2010/17020/Clustering_of_cardiometabolic_risk_factors_in.25.aspx","https://scholar.google.com/scholar?cites=7499959545198704907&as_sdt=2005&sciodt=0,5&hl=en",301,"2021-07-17 17:21:18","","","","",,,,,28,2.55,5,6,11,"Objective: The aim of the present cross-sectional study was to investigate the clustering of cardi.","","https://scholar.google.com/scholar?q=related:C3leSXg1FWgJ:scholar.google.com/&scioq=%22waist+circumference%22+nigeria&hl=en&as_sdt=0,5&as_ylo=2006&as_yhi=2010&as_vis=1"
0,"JO OGUNMOLA","… OF THE ELDERLY SEEN IN THE CARDIAC UNIT OF THE OBAFEMI AWOLOWO UNIVERSITY TEACHING HOSPITALS COMPLEX, ILE-IFE, NIGERIA",2006,"Faculty of INTERNAL MEDICINE","dissertation.npmcn.edu.ng","http://dissertation.npmcn.edu.ng/index.php/FMCP/article/download/693/511","",302,"2021-07-17 17:21:18","PDF","","","",,,,,0,0.00,0,1,15,"… stated that the national prevalence of hypertension ranged between 15-30% in adults in Nigeria. Page 18. 18 … rising level of atherogenic plasma lipids and other risk factors in Nigerians. Opadijo et al28 reported a high prevalence of CAD risk in newly diagnosed hypertensives …","http://dissertation.npmcn.edu.ng/index.php/FMCP/article/download/693/511","https://scholar.google.com/scholar?q=related:YHle0qwufYAJ:scholar.google.com/&scioq=%22waist+circumference%22+nigeria&hl=en&as_sdt=0,5&as_ylo=2006&as_yhi=2010&as_vis=1"
0,"N Suresh","Dyslipidemia and Hypertension in Obese Patients with Correlation to Body Mass Index",2009,"","repository-tnmgrmu.ac.in","http://repository-tnmgrmu.ac.in/6275/","",303,"2021-07-17 17:21:18","","","","",,,,,0,0.00,0,1,12,"… estimating obesity in clinical practice: body mass index, waist-to-hip ratio and waist circumference and fat distribution4. Body Mass Index … Extreme obesity III ≥38 Waist-to-Hip Ratio (WHR) and Waist Circumference The waist-to-hip ratio provides information about the distribution …","http://repository-tnmgrmu.ac.in/6275/1/200100309suresh.pdf","https://scholar.google.com/scholar?q=related:79nPnAN20zIJ:scholar.google.com/&scioq=%22waist+circumference%22+nigeria&hl=en&as_sdt=0,5&as_ylo=2006&as_yhi=2010&as_vis=1"
33,"K Kotani, N Sakane, K Saiga, H Mu, Y Kurozawa","Clustered components of the metabolic syndrome and platelet counts in Japanese females",2007,"","degruyter.com","https://www.degruyter.com/document/doi/10.1515/CCLM.2007.063/html","https://scholar.google.com/scholar?cites=17281862689456799214&as_sdt=2005&sciodt=0,5&hl=en",304,"2021-07-17 17:21:18","","10.1515/CCLM.2007.063","","",,,,,33,2.36,7,5,14,"… investigators accept BMI as a satisfactory substitute for waist circumference, as it predicts diabetes devel- opment and other metabolic disturbances, as well as waist circumference (20 … The relationship of white blood cell and platelet counts to cigarette smoking in adult Nigerians …","","https://scholar.google.com/scholar?q=related:7j0mho2C1e8J:scholar.google.com/&scioq=%22waist+circumference%22+nigeria&hl=en&as_sdt=0,5&as_ylo=2006&as_yhi=2010&as_vis=1"
236,"X Ye, Z Yu, H Li, OH Franco, Y Liu, X Lin","Distributions of C-reactive protein and its association with metabolic syndrome in middle-aged and older Chinese people",2007,"Journal of the American College …","jacc.org","https://www.jacc.org/doi/abs/10.1016/j.jacc.2007.01.065","https://scholar.google.com/scholar?cites=12598653658754068961&as_sdt=2005&sciodt=0,5&hl=en",305,"2021-07-17 17:21:18","","10.1016/j.jacc.2007.01.065","","",,,,,236,16.86,39,6,14,"… Waist circumference was obtained at the mid-point between the lowest rib and the iliac crest to the nearest 0.1 cm, after inhalation and exhalation … BMI (kg/m 2 ), 24.5(3.6), 24.1(3.3), 24.7(3.8), <0.0001. Waist circumference (cm), 83.7(10.5), 85.6(10.5), 82.2(10.4), <0.0001 …","https://www.sciencedirect.com/science/article/pii/S0735109707006377/pdf?md5=ce786f03bf08770dc8807a98b42de911&pid=1-s2.0-S0735109707006377-main.pdf&_valck=1","https://scholar.google.com/scholar?q=related:4TE2isBo164J:scholar.google.com/&scioq=%22waist+circumference%22+nigeria&hl=en&as_sdt=0,5&as_ylo=2006&as_yhi=2010&as_vis=1"
0,"IO AMEEEN","… AND ITS RELATIONSHIP TO SOME CLINICAL VARIABLES AMONG PATIENTS WITH TYPE 2 DIABETES MELLITUS IN IBADAN, SOUTHWESTERN NIGERIA",2008,"Faculty of INTERNAL MEDICINE","dissertation.npmcn.edu.ng","http://www.dissertation.npmcn.edu.ng/index.php/FMCP/article/download/362/827","",306,"2021-07-17 17:21:18","PDF","","","",,,,,0,0.00,0,1,13,"… 80 3.12.3: Waist Circumference 80 3.12.4: Hip Circumference 80 … Diabetes is the commonest endocrine-metabolic disorder in Nigeria, as with the rest of the world. 7 Available reports on the prevalence of diabetes mellitus in Nigerian populations have utilized Page 28. 28 …","http://www.dissertation.npmcn.edu.ng/index.php/FMCP/article/download/362/827","https://scholar.google.com/scholar?q=related:nM68RN0_fIkJ:scholar.google.com/&scioq=%22waist+circumference%22+nigeria&hl=en&as_sdt=0,5&as_ylo=2006&as_yhi=2010&as_vis=1"
22,"CE Ezenwaka, E Nwagbara, D Seales…","A comparative study of the prevalence of the metabolic syndrome and its components in type 2 diabetic patients in two Caribbean islands using the new International …",2007,"… of physiology and …","Taylor & Francis","https://www.tandfonline.com/doi/abs/10.1080/13813450701475201","https://scholar.google.com/scholar?cites=12386488316479184274&as_sdt=2005&sciodt=0,5&hl=en",307,"2021-07-17 17:21:18","","10.1080/13813450701475201","","",,,,,22,1.57,6,4,14,"… lifestyle disease clinics were studied. Blood pressure, anthropometric parameters (height, weight, body mass index and waist circumference) and overnight fasting blood samples were taken. Plasma glucose and serum triglycerides …","https://www.researchgate.net/profile/Henrike-Sell/publication/5988651_A_comparative_study_of_the_prevalence_of_components_of_the_metabolic_syndrome_in_type_2_diabetic_patients_in_two_Caribbean_Islands_using_the_New_International_Diabetes_Federation_definition/links/02e7e521617dca6de8000000/A-comparative-study-of-the-prevalence-of-components-of-the-metabolic-syndrome-in-type-2-diabetic-patients-in-two-Caribbean-Islands-using-the-New-International-Diabetes-Federation-definition.pdf","https://scholar.google.com/scholar?q=related:kp1EVn-l5asJ:scholar.google.com/&scioq=%22waist+circumference%22+nigeria&hl=en&as_sdt=0,5&as_ylo=2006&as_yhi=2010&as_vis=1"
0,"EP ODUM","VITAMINS C AND E AND TOTAL ANTIOXIDANT STATUS IN SUBJECTS WITH METABOLIC SYNDROME AT THE UNIVERSITY OF PORTHARCOURT …",2008,"Faculty of Pathology","dissertation.npmcn.edu.ng","http://dissertation.npmcn.edu.ng/index.php/FMCPath/article/download/1283/1305","",308,"2021-07-17 17:21:18","PDF","","","",,,,,0,0.00,0,1,13,"… BEING A DISSERTATION SUBMITTED TO THE NATIONAL POSTGRADUATE MEDICAL COLLEGE OF NIGERIA IN PART FULFILLMENT OF THE REQUIREMENTS FOR THE AWARD OF … 33. BP Blood pressure 34. WC Waist circumference 35. BMI Body mass index 36 …","http://dissertation.npmcn.edu.ng/index.php/FMCPath/article/download/1283/1305","https://scholar.google.com/scholar?q=related:lVhcuyhs6yQJ:scholar.google.com/&scioq=%22waist+circumference%22+nigeria&hl=en&as_sdt=0,5&as_ylo=2006&as_yhi=2010&as_vis=1"
70,"N Şanlier, N Yabanci, Ö Alyakut","An evaluation of eating disorders among a group of Turkish university students",2008,"Appetite","Elsevier","https://www.sciencedirect.com/science/article/pii/S0195666308004893","https://scholar.google.com/scholar?cites=1781261143704091991&as_sdt=2005&sciodt=0,5&hl=en",309,"2021-07-17 17:21:18","","","","",,,,,70,5.38,23,3,13,"… WHO, 1987). The waist circumference was measured at the middle point between the lowest rib and the costoiliac space, and the hip circumference was measured at the highest point determined at the side of the individual. Mid …","","https://scholar.google.com/scholar?q=related:Vz2wmpJPuBgJ:scholar.google.com/&scioq=%22waist+circumference%22+nigeria&hl=en&as_sdt=0,5&as_ylo=2006&as_yhi=2010&as_vis=1"
0,"D Hansen, S Thineshkumar, L Brandi…","P2. 06 EFFECT OF PARICALCITOL AND ALFACALCIDOL ON ARTERIAL STIFFNESS IN CHRONIC HEMODIALYSIS PATIENTS",2010,"Artery …","atlantis-press.com","https://www.atlantis-press.com/journals/artres/articles?page=22","",310,"2021-07-17 17:21:18","HTML","","","",,,,,0,0.00,0,4,11,"… S. Holewijn, M. den Heijer, LJ van Tits, DW Swinkels, AFH Stalenhoef, J. de Graaf. Pages: 158 - 158. Objective: Waist circumference is clinical marker of obesity … P10.7 CHARACTERISTICS OF CENTRAL HAEMODYNAMICS AMONG NIGERIANS: RESULT OF A PILOT STUDY …","https://www.atlantis-press.com/journals/artres/articles?page=22",""
0,"S Shah, U Kella, M Soomro, H Shah","EFFECT OF INJECTABLE CONTRACEPTIVES ON BODY MASS INDEX (BMI) IN WOMEN ATTENDING FAMILY PLANNING CLINIC AT HYDERABAD",2009,"PAFMJ","pafmj.org","http://www.pafmj.org/index.php/PAFMJ/article/view/1593","",311,"2021-07-17 17:21:18","","","","",,,,,0,0.00,0,4,12,"… Women having >35” waist circumference are at disease risk … Study conducted by Sule Shuittu at Zaria hospital Nigeria, found no significant weight change in clients receiving hormonal contraceptives compared with IUCD receivers …","http://www.pafmj.org/index.php/PAFMJ/article/download/1593/1369","https://scholar.google.com/scholar?q=related:sfU7uYmdGr8J:scholar.google.com/&scioq=%22waist+circumference%22+nigeria&hl=en&as_sdt=0,5&as_ylo=2006&as_yhi=2010&as_vis=1"
132,"A Veronelli, C Mauri, B Zecchini, MG Peca…","Sexual dysfunction is frequent in premenopausal women with diabetes, obesity, and hypothyroidism, and correlates with markers of increased cardiovascular risk. A …",2009,"The journal of sexual …","Elsevier","https://www.sciencedirect.com/science/article/pii/S1743609515325261","https://scholar.google.com/scholar?cites=12333714137591648641&as_sdt=2005&sciodt=0,5&hl=en",312,"2021-07-17 17:21:18","","","","",,,,,132,11.00,26,5,12,"… Body mass index (BMI) and waist circumference are independent risk factors for cardiovascular events [12], and endothelial activation markers such as ICAM-1, E-selectin, P-selectin, and PAI-1 also correlate with increased atherosclerotic risk [13] …","https://www.academia.edu/download/45978565/j.1743-6109.2009.01242.x20160526-923-je7te1.pdf","https://scholar.google.com/scholar?q=related:gRFdTKknKqsJ:scholar.google.com/&scioq=%22waist+circumference%22+nigeria&hl=en&as_sdt=0,5&as_ylo=2006&as_yhi=2010&as_vis=1"
0,"JM Martínez-Jabaloyas, O Cardeñosa…","Comorbidities in Men with Erectile Dysfunction, with and without Hypogonadism: ISMH World Congress 2010 Abstract 072",2010,"Journal of Men's …","liebertpub.com","https://www.liebertpub.com/doi/pdfplus/10.1016/j.jomh.2010.09.073","",313,"2021-07-17 17:21:18","","10.1016/j.jomh.2010.09.073","","",,,,,0,0.00,0,3,11,"… Waist circumference was inversely corre- lated with IIEF score (linear regression: p < 0, 05) … ISMH World Congress 2010 Abstract 073 SEXUAL HISTORY, CONDOM USE AND STDS AMONG REFUGEE MEN IN ORU REFUGEE CAMP, NIGERIA K. Okanlawona,∗, O. Aneneb, M …","",""
0,"S Awasthi, NM Srivastava, GG Agarwal, S Pant…","Urban Health Bulletin: A Compendium of Resources",2009,"Trop Med Int …","ehproject.org","http://ehproject.org/PDF/ehkm/urban_health-jul_aug09.pdf","",314,"2021-07-17 17:21:18","PDF","","","",,,,,0,0.00,0,5,12,"… This study involved 900 randomly selected residents of Abesan Housing Estate, Lagos, Nigeria … MAIN OUTCOME MEASURES: Body mass index (BMI); waist circumference (WC); waist-to-hip ratio … This finding suggests the need to further educate the Nigerian public on the …","http://ehproject.org/PDF/ehkm/urban_health-jul_aug09.pdf",""
159,"M Voracek, LM Loibl","Scientometric analysis and bibliography of digit ratio (2D: 4D) research, 1998–2008",2009,"Psychological reports","journals.sagepub.com","https://journals.sagepub.com/doi/abs/10.2466/pr0.104.3.922-956","https://scholar.google.com/scholar?cites=17175981334732708535&as_sdt=2005&sciodt=0,5&hl=en",315,"2021-07-17 17:21:18","","10.2466/pr0.104.3.922-956","","",,,,,159,13.25,80,2,12,"A scientometric analysis of modern research on the second-to-fourth digit ratio (2D:4D), a widely studied putative marker for prenatal androgen action, is presented. In early 2009, this literature ...","","https://scholar.google.com/scholar?q=related:t5p7jQVYXe4J:scholar.google.com/&scioq=%22waist+circumference%22+nigeria&hl=en&as_sdt=0,5&as_ylo=2006&as_yhi=2010&as_vis=1"
8,"CD Petersen, SA Norris, JM Pettifor…","Eating attitudes in a group of 11-year-old urban South African girls",2006,"South African Journal of …","ajol.info","https://www.ajol.info/index.php/sajcn/article/view/34764/91018","https://scholar.google.com/scholar?cites=15837405712450365936&as_sdt=2005&sciodt=0,5&hl=en",316,"2021-07-17 17:21:18","PDF","","","",,,,,8,0.53,2,4,15,"… of community-based samples conducted in South Africa, Zimbabwe, Egypt and Nigeria during the … was associated with increased body size such as weight, hip and waist circumference (p < 0.05) … Abnormal eating attitudes among a group of Nigerian youths: I bulimic behaviour …","https://www.ajol.info/index.php/sajcn/article/view/34764/91018","https://scholar.google.com/scholar?q=related:8KlY1pXEydsJ:scholar.google.com/&scioq=%22waist+circumference%22+nigeria&hl=en&as_sdt=0,5&as_ylo=2006&as_yhi=2010&as_vis=1"
143,"F Sarno, CA Monteiro","Importância relativa do Índice de Massa Corporal e da circunferência abdominal na predição da hipertensão arterial",2007,"Revista de Saúde Pública","SciELO Brasil","https://www.scielo.br/j/rsp/a/j4cZKXgjFwCR6Tq5gn8Yzdj/?format=pdf&lang=pt","https://scholar.google.com/scholar?cites=5605993942809085001&as_sdt=2005&sciodt=0,5&hl=en",317,"2021-07-17 17:21:18","PDF","","","",,,,,143,10.21,72,2,14,"… Relative importance of body mass index and waist circumference for hypertension in adults RESUMO … INTRODUÇÃO ABSTRACT OBJECTIVE: To assess the relative importance of Body Mass Index (BMI) and waist circumference for the determination of hypertension in adults …","https://www.scielo.br/j/rsp/a/j4cZKXgjFwCR6Tq5gn8Yzdj/?format=pdf&lang=pt","https://scholar.google.com/scholar?q=related:SYQgBsp9zE0J:scholar.google.com/&scioq=%22waist+circumference%22+nigeria&hl=en&as_sdt=0,5&as_ylo=2006&as_yhi=2010&as_vis=1"
5,"BK De, S Mani, SK Mandal, SS Mondal…","Cryptogenic cirrhosis: metabolic liver disease due to insulin resistance.",2010,"Indian journal of …","search.ebscohost.com","http://search.ebscohost.com/login.aspx?direct=true&profile=ehost&scope=site&authtype=crawler&jrnl=00195359&asa=Y&AN=83538498&h=zSeh85iynFoow%2BRG8t4WAAxmI8vd2hA2tBBRH%2FXi1pKNUH4GjtfyVG5%2BR4ootqCbLancZh0%2BSVtWlu1mkNHJ4w%3D%3D&crl=c","https://scholar.google.com/scholar?cites=9468180011199805935&as_sdt=2005&sciodt=0,5&hl=en",318,"2021-07-17 17:21:18","","","","",,,,,5,0.45,1,5,11,"… P = 0.0022). Differences were observed in subcutaneous fat (P = 0.0022), intra-abdominal fat (P = 0.0055), waist circumference (P = 0.014), and percentage body fat (P = 0.047) between the two groups. Significant differences …","","https://scholar.google.com/scholar?q=related:77kEPY67ZYMJ:scholar.google.com/&scioq=%22waist+circumference%22+nigeria&hl=en&as_sdt=0,5&as_ylo=2006&as_yhi=2010&as_vis=1"
0,"خالد المرزوقي","Hyperlipidemia in Saudi Arabia",,"المجلة الطبية السعودية, 2008‎","kau.edu.sa","http://www.kau.edu.sa/Show_Res.aspx?Site_ID=140&LNG=AR&RN=49777","",319,"2021-07-17 17:21:18","","","","",,,,,0,0.00,0,1,,"… HL prevalence varies among our population, and we can clearly see the effect of factors such as obesity and waist circumference in increasing … County, Korea (TC ≥6.2 mmol/l).30 Alternatively, the overall prevalence rate of HC was 62.5% among adult Nigerians with systemic …","http://www.kau.edu.sa/Files/140/Researches/49777_29360.pdf","https://scholar.google.com/scholar?q=related:W4mqfVMA8ZUJ:scholar.google.com/&scioq=%22waist+circumference%22+nigeria&hl=en&as_sdt=0,5&as_ylo=2006&as_yhi=2010&as_vis=1"
14,"BS Shaw, I Shaw, GA Brown","Effect of resistance training on total, central and abdominal adiposity",2009,"South African Journal for Research in …","journals.co.za","https://journals.co.za/doi/abs/10.10520/EJC108901","https://scholar.google.com/scholar?cites=8491217983283982339&as_sdt=2005&sciodt=0,5&hl=en",320,"2021-07-17 17:21:18","","10.10520/EJC108901","","",,,,,14,1.17,5,3,12,"… 102 skinfolds (SS/∑4SF) Conicity index (CI) 1.51 ± 0.11 1.53 ± 0.12 1.16 ± 0.09** 1.13 ± 0.05 Waist circumference (WC) (centimetres) 82.43 ± 9.07 82.79 ± 9.24 79.20 ± 9.64 77.94 ± 7.20 … Sex differences in anthropometric characteristics of Nigerian school children …","","https://scholar.google.com/scholar?q=related:A_AMdMTd1nUJ:scholar.google.com/&scioq=%22waist+circumference%22+nigeria&hl=en&as_sdt=0,5&as_ylo=2006&as_yhi=2010&as_vis=1"
23,"CE Mbada, RA Adedoyin, O Ayanniyi","Socioeconomic status and obesity among semi-urban Nigerians",2009,"Obesity facts","karger.com","https://www.karger.com/Article/Abstract/241984","https://scholar.google.com/scholar?cites=8859914543813373373&as_sdt=2005&sciodt=0,5&hl=en",321,"2021-07-17 17:21:18","","","","",,,,,23,1.92,8,3,12,"… trends in rural and urban populations and on a national scale in Nigeria is warranted … of parental socio-economic status on casual blood pres- sures of Nigerian school children … S, Moorjani S, Bouchard C, Tremblay A, Nadeau A, Lupien PJ: Waist circumference and abdominal …","https://www.karger.com/Article/PDF/241984","https://scholar.google.com/scholar?q=related:vS1Q9FW99HoJ:scholar.google.com/&scioq=%22waist+circumference%22+nigeria&hl=en&as_sdt=0,5&as_ylo=2006&as_yhi=2010&as_vis=1"
20,"Z Sun, L Zheng, R Detrano, D Zhang…","The accelerating epidemic of hypertension among rural Chinese women: results from Liaoning Province",2008,"American journal of …","academic.oup.com","https://academic.oup.com/ajh/article-abstract/21/7/784/84289","https://scholar.google.com/scholar?cites=11024731558829268826&as_sdt=2005&sciodt=0,5&hl=en",322,"2021-07-17 17:21:18","","","","",,,,,20,1.54,4,5,13,"… Multivariate analysis revealed that higher age, Mongolian ethnicity, higher body mass index (BMI), higher waist circumference (WC), excessive salt intake, smoking, alcohol consumption, lipid disorder, diabetes, and family history of hypertension were associated with the …","https://academic.oup.com/ajh/article-pdf/21/7/784/190737/21_7_784.pdf","https://scholar.google.com/scholar?q=related:Wp8O9PC2_5gJ:scholar.google.com/&scioq=%22waist+circumference%22+nigeria&hl=en&as_sdt=0,5&as_ylo=2006&as_yhi=2010&as_vis=1"
10,"MO Ajala, PS Ogunro, SE Idogun, O Osundeko","Relationship between plasma antioxidant status and leptin in controlled and non-controlled type 2 diabetic non-obese women",2009,"","sid.ir","https://www.sid.ir/en/Journal/ViewPaper.aspx?ID=206584","https://scholar.google.com/scholar?cites=1829432309605228089&as_sdt=2005&sciodt=0,5&hl=en",323,"2021-07-17 17:21:18","","","","",,,,,10,0.83,3,4,12,"… Materials and Methods: The case-control study was conducted on 65 T2DM Nigerian women between the ages of 25-55 years, attending the medical out- patient department of the Lagos General Hospital, Lagos in South Western Nigeria … Waist Circumference (cm) …","https://www.sid.ir/EN/VEWSSID/J_pdf/101120090403.pdf","https://scholar.google.com/scholar?q=related:OV6kKv5yYxkJ:scholar.google.com/&scioq=%22waist+circumference%22+nigeria&hl=en&as_sdt=0,5&as_ylo=2006&as_yhi=2010&as_vis=1"
180,"L Love-Gregory, R Sherva, L Sun…","Variants in the CD36 gene associate with the metabolic syndrome and high-density lipoprotein cholesterol",2008,"Human molecular …","academic.oup.com","https://academic.oup.com/hmg/article-abstract/17/11/1695/599714","https://scholar.google.com/scholar?cites=14609601809740248226&as_sdt=2005&sciodt=0,5&hl=en",324,"2021-07-17 17:21:18","","","","",,,,,180,13.85,45,4,13,"Abstract. A region along chromosome 7q was recently linked to components of the metabolic syndrome (MetS) in several genome-wide linkage studies. Within this re.","https://academic.oup.com/hmg/article/17/11/1695/599714","https://scholar.google.com/scholar?q=related:orR443C7v8oJ:scholar.google.com/&scioq=%22waist+circumference%22+nigeria&hl=en&as_sdt=0,5&as_ylo=2006&as_yhi=2010&as_vis=1"
139,"World Health Organization","Prevention of Cardiovascular Disease. Pocket Guidelines for Assessment and Management of Cardiovascular Risk. Africa: Who/Ish Cardiovascular Risk …",2007,"","books.google.com","https://books.google.com/books?hl=en&lr=&id=AS2RmtQVuLwC&oi=fnd&pg=PT5&dq=%22waist+circumference%22+nigeria&ots=AKKle4-9NG&sig=9KBV78tJCxlm-_1p_g9OzL3wqMc","https://scholar.google.com/scholar?cites=1300040224595425914&as_sdt=2005&sciodt=0,5&hl=en",325,"2021-07-17 17:21:18","BOOK","","","",,,,,139,9.93,139,1,14,"… Equatorial Guinea, Gabon, Gambia, Ghana, Guinea, Guinea-Bissau, Liberia, Madagascar, Mali, Mauritania, Mauritius, Niger, Nigeria, Sao Tome … make healthy food choices ■ be physically active ■ reduce body mass index, waist–hip ratio/waist circumference ■ lower blood …","https://books.google.com/books?hl=en&lr=&id=AS2RmtQVuLwC&oi=fnd&pg=PT5&dq=%22waist+circumference%22+nigeria&ots=AKKle4-9NG&sig=9KBV78tJCxlm-_1p_g9OzL3wqMc","https://scholar.google.com/scholar?q=related:erq6RLKrChIJ:scholar.google.com/&scioq=%22waist+circumference%22+nigeria&hl=en&as_sdt=0,5&as_ylo=2006&as_yhi=2010&as_vis=1"
10,"WDW Nudri, WMWA Manan…","Body mass index and body fat status of men involved in sports, exercise, and sedentary activites",2009,"The Malaysian journal of …","ncbi.nlm.nih.gov","https://www.ncbi.nlm.nih.gov/pmc/articles/PMC3336165/","https://scholar.google.com/scholar?cites=9909084408445192488&as_sdt=2005&sciodt=0,5&hl=en",326,"2021-07-17 17:21:18","HTML","","","",,,,,10,0.83,3,3,12,"… Waist circumference, 77.06 9.09 a, 80.71 ± 9.28 ab, 83.15 ±11.90 b … A study in Nigeria among national athletes and the general population reported that the mean percentage body fat among the athletes was 15.8 0.02 … Body composition of successful Nigerian female athletes …","https://www.ncbi.nlm.nih.gov/pmc/articles/PMC3336165/","https://scholar.google.com/scholar?q=related:KMm81sQjhIkJ:scholar.google.com/&scioq=%22waist+circumference%22+nigeria&hl=en&as_sdt=0,5&as_ylo=2006&as_yhi=2010&as_vis=1"
1,"AM Assiri, KS Ramadan…","SOME BIOCHEMICAL CHANGES IN POSTMENOPAUSAL WOMEN WITH AND WITHOUT METABOLIC SYNDROME.",2008,"Egyptian Journal of …","search.ebscohost.com","http://search.ebscohost.com/login.aspx?direct=true&profile=ehost&scope=site&authtype=crawler&jrnl=16871502&AN=35812240&h=pfKRWPsh%2BPnGuqeQGFZbFW30Alg6I9aqfl4Zj47wF48vXGaqChsHzP%2BZhktVXdG%2BB4%2BIktb%2BMZ651PuFS5l%2FFA%3D%3D&crl=c","https://scholar.google.com/scholar?cites=230096498336555323&as_sdt=2005&sciodt=0,5&hl=en",327,"2021-07-17 17:21:18","","","","",,,,,1,0.08,0,3,13,"… In the present study, plasma ALT showed positive correlation with plasma ferritin level, waist circumference, body mass index, iron and AST in postmenopausai women with MS … Usoro IN & Nsonwu AC (2006): Lipid profile of postmenopausal women in Calabar, Nigeria …","","https://scholar.google.com/scholar?q=related:O2Fpz4t3MQMJ:scholar.google.com/&scioq=%22waist+circumference%22+nigeria&hl=en&as_sdt=0,5&as_ylo=2006&as_yhi=2010&as_vis=1"
20,"BS Sutton, CD Langefeld, JK Campbell…","Genetic mapping of a 17q chromosomal region linked to obesity phenotypes in the IRAS family study",2006,"International journal of …","nature.com","https://www.nature.com/articles/0803298","https://scholar.google.com/scholar?cites=1023525444424159595&as_sdt=2005&sciodt=0,5&hl=en",328,"2021-07-17 17:21:18","","","","",,,,,20,1.33,5,4,15,"… When data from both scans was combined, a region on chromosome 17q was identified with evidence of linkage to visceral adipose tissue (VAT; LOD 3.11), waist circumference (WAIST) (LOD 2.5) and body mass index (BMI) (LOD 2.81) …","https://www.researchgate.net/profile/Jill-Norris/publication/7256924_Genetic_mapping_of_a_17q_chromosomal_region_linked_to_obesity_phenotypes_in_the_IRAS_family_study/links/53d8d7ed0cf2631430c364e8/Genetic-mapping-of-a-17q-chromosomal-region-linked-to-obesity-phenotypes-in-the-IRAS-family-study.pdf","https://scholar.google.com/scholar?q=related:a9F5BfhKNA4J:scholar.google.com/&scioq=%22waist+circumference%22+nigeria&hl=en&as_sdt=0,5&as_ylo=2006&as_yhi=2010&as_vis=1"
15,"J Takezawa, K Yamada, A Morita, N Aiba…","Preproghrelin gene polymorphisms in obese Japanese: association with diabetes mellitus in men and with metabolic syndrome parameters in women",2009,"Obesity research & …","Elsevier","https://www.sciencedirect.com/science/article/pii/S1871403X09000362","https://scholar.google.com/scholar?cites=11461834740921167446&as_sdt=2005&sciodt=0,5&hl=en",329,"2021-07-17 17:21:18","","","","",,,,,15,1.25,3,5,12,"… on more than 1 million SNPs obtained in 269 DNA samples from 4 populations: Yoruba in Ibadan, Nigeria; Utah, USA … SNPs) [1], [2]. The participants underwent an anthropometric and clinical examination (height, weight, body fat percentage, waist circumference, visceral fat area …","https://www.academia.edu/download/49350231/j.orcp.2009.04.00320161004-25087-bg1ucx.pdf","https://scholar.google.com/scholar?q=related:Vm7WLvidEJ8J:scholar.google.com/&scioq=%22waist+circumference%22+nigeria&hl=en&as_sdt=0,5&as_ylo=2006&as_yhi=2010&as_vis=1"
31,"NC Møller, A Grøntved…","Cardiovascular disease risk factors and blood pressure response during exercise in healthy children and adolescents: the European Youth Heart Study",2010,"Journal of Applied …","journals.physiology.org","https://journals.physiology.org/doi/abs/10.1152/japplphysiol.00316.2010","https://scholar.google.com/scholar?cites=13236995676221635006&as_sdt=2005&sciodt=0,5&hl=en",330,"2021-07-17 17:21:18","","10.1152/japplphysiol.00316.2010","","",,,,,31,2.82,10,3,11,"Login to your account. Institutional Login. Sign In / Register. PHYSIOLOGY.ORG Skip main navigation Close Drawer MenuOpen Drawer Menu Home: Journals: AJP-Cell; AJP-Endo; AJP-GI; AJP-Heart; AJP-Lung; AJP-Regu; AJP-Renal; …","https://journals.physiology.org/doi/full/10.1152/japplphysiol.00316.2010","https://scholar.google.com/scholar?q=related:vnmSVm9Bs7cJ:scholar.google.com/&scioq=%22waist+circumference%22+nigeria&hl=en&as_sdt=0,5&as_ylo=2006&as_yhi=2010&as_vis=1"
74,"KJ Lancaster, SO Watts, LB Dixon","Dietary intake and risk of coronary heart disease differ among ethnic subgroups of black Americans",2006,"The Journal of nutrition","academic.oup.com","https://academic.oup.com/jn/article-abstract/136/2/446/4743761","https://scholar.google.com/scholar?cites=6120927963642915494&as_sdt=2005&sciodt=0,5&hl=en",331,"2021-07-17 17:21:18","","","","",,,,,74,4.93,25,3,15,"Abstract. Coronary heart disease (CHD) morbidity and mortality are more prevalent in Blacks than Whites in the United States. Most studies evaluate the dietary.","https://academic.oup.com/jn/article/136/2/446/4743761?related-urls=yesc136/2","https://scholar.google.com/scholar?q=related:puqwiI3n8VQJ:scholar.google.com/&scioq=%22waist+circumference%22+nigeria&hl=en&as_sdt=0,5&as_ylo=2006&as_yhi=2010&as_vis=1"
15,"Y Ruixing, L Hui, W Jinzhen, L Weixiong…","Association of diet and lifestyle with blood pressure in the Guangxi Hei Yi Zhuang and Han populations",2009,"Public health …","cambridge.org","https://www.cambridge.org/core/journals/public-health-nutrition/article/association-of-diet-and-lifestyle-with-blood-pressure-in-the-guangxi-hei-yi-zhuang-and-han-populations/B709997F1A53CF98B531C5568EEF7BF7","https://scholar.google.com/scholar?cites=10767760495112612834&as_sdt=2005&sciodt=0,5&hl=en",332,"2021-07-17 17:21:18","","","","",,,,,15,1.25,3,5,12,"… smoking, total energy, total fat and salt intakes, and negatively associated with education level and total dietary fibre intake in Hei Yi Zhuang (P,0?05–0?001), whereas it was positively associated with gender, age, physical activity, BMI, waist circumference, total cholesterol …","https://www.cambridge.org/core/services/aop-cambridge-core/content/view/B709997F1A53CF98B531C5568EEF7BF7/S1368980008002437a.pdf/association_of_diet_and_lifestyle_with_blood_pressure_in_the_guangxi_hei_yi_zhuang_and_han_populations.pdf","https://scholar.google.com/scholar?q=related:4uuryR7FbpUJ:scholar.google.com/&scioq=%22waist+circumference%22+nigeria&hl=en&as_sdt=0,5&as_ylo=2006&as_yhi=2010&as_vis=1"
23,"KU Dhungel, D Parthasarathy, S Dipali","Peak expiratory flow rate of Nepalese children and young adults",2008,"Kathmandu University Medical …","nepjol.info","https://www.nepjol.info/index.php/KUMJ/article/view/1710","https://scholar.google.com/scholar?cites=2258412593608523750&as_sdt=2005&sciodt=0,5&hl=en",333,"2021-07-17 17:21:18","","","","",,,,,23,1.77,8,3,13,"… The anthropometric measurements such as height, weight, waist circumference, hip circumference, thigh circumference were … females PEFR values were found to be lesser than those of Nigerian females17 … One study in Nigeria showed that PEFR was similar in both males and …","https://www.nepjol.info/index.php/KUMJ/article/view/1710/1677","https://scholar.google.com/scholar?q=related:5v9Nzkl-Vx8J:scholar.google.com/&scioq=%22waist+circumference%22+nigeria&hl=en&as_sdt=0,5&as_ylo=2006&as_yhi=2010&as_vis=1"
8,"JA Morren, N Baboolal, GK Davis…","Assessment of treatment goals attained by patients according to guidelines for diabetes management in primary care centres in North Trinidad",2010,"Quality in primary …","researchgate.net","https://www.researchgate.net/profile/Nelleen-Baboolal/publication/49642648_Assessment_of_treatment_goals_attained_by_patients_according_to_guidelines_for_diabetes_management_in_primary_care_centres_in_North_Trinidad/links/58adf26f92851cf7ae85b147/Assessment-of-treatment-goals-attained-by-patients-according-to-guidelines-for-diabetes-management-in-primary-care-centres-in-North-Trinidad.pdf","https://scholar.google.com/scholar?cites=4164003968845655691&as_sdt=2005&sciodt=0,5&hl=en",334,"2021-07-17 17:21:18","PDF","","","",,,,,8,0.73,2,4,11,"… For waist circumference measurements, 40.8% of males and 2.1% of females were within recom- mended limits … However, the recommendations on exercise, BMI and waist circumference were pertinent to obes- ity as it impacts type 2 diabetes …","https://www.researchgate.net/profile/Nelleen-Baboolal/publication/49642648_Assessment_of_treatment_goals_attained_by_patients_according_to_guidelines_for_diabetes_management_in_primary_care_centres_in_North_Trinidad/links/58adf26f92851cf7ae85b147/Assessment-of-treatment-goals-attained-by-patients-according-to-guidelines-for-diabetes-management-in-primary-care-centres-in-North-Trinidad.pdf","https://scholar.google.com/scholar?q=related:i65cPoyDyTkJ:scholar.google.com/&scioq=%22waist+circumference%22+nigeria&hl=en&as_sdt=0,5&as_ylo=2006&as_yhi=2010&as_vis=1"
3,"AN IZUORA","Skinfold thickness, body mass index and the prevalence of obesity in school children aged 5 to 18 years in Lagos state, Nigeria",2007,"Faculty of PAEDIATRICS","dissertation.npmcn.edu.ng","http://dissertation.npmcn.edu.ng/index.php/FMCPaed/article/download/983/228","https://scholar.google.com/scholar?cites=17656212153674711800&as_sdt=2005&sciodt=0,5&hl=en",335,"2021-07-17 17:21:18","PDF","","","",,,,,3,0.21,3,1,14,"… worldwide11, 34, 35 there have been very few reports from Nigeria. The few available studies32,36 have adopted different definitions and techniques, thus making it difficult to compare figures. Also, most of the Nigerian studies specifically dedicated to childhood and/or …","http://dissertation.npmcn.edu.ng/index.php/FMCPaed/article/download/983/228","https://scholar.google.com/scholar?q=related:-EK3Omh3B_UJ:scholar.google.com/&scioq=%22waist+circumference%22+nigeria&hl=en&as_sdt=0,5&as_ylo=2006&as_yhi=2010&as_vis=1"
3,"S Kumar, VP Sharma, A Aggarwal","Correlation and regression among pain, physical strength, functional ability, quality of life and sexual frequency in low back pain",2010,"Journal of Musculoskeletal …","World Scientific","https://www.worldscientific.com/doi/abs/10.1142/S0218957710002648","https://scholar.google.com/scholar?cites=1149444611026147251&as_sdt=2005&sciodt=0,5&hl=en",336,"2021-07-17 17:21:18","","10.1142/S0218957710002648","","",,,,,3,0.27,1,3,11,"… association among outcome variables [pain severity, physical strengths, functional ability, quality of life (QOL) and sexual frequency (SF)] and physical characteristics [age, height, waist circumference (WC), systolic … Nigerian Journal of Medical Rehabilitation 13(21): 1Ā6, 2008 …","https://www.researchgate.net/profile/Suraj-Kumar-30/publication/259762188_Correlation_and_regression_among_pain_physical_strength_functional_ability_quality_of_life_and_sexual_frequency_in_low_back_pain/links/0f31752ece2900ba9a000000/Correlation-and-regression-among-pain-physical-strength-functional-ability-quality-of-life-and-sexual-frequency-in-low-back-pain.pdf","https://scholar.google.com/scholar?q=related:s1czocil8w8J:scholar.google.com/&scioq=%22waist+circumference%22+nigeria&hl=en&as_sdt=0,5&as_ylo=2006&as_yhi=2010&as_vis=1"
33,"MA Allison, CA Peralta, CL Wassel…","Genetic ancestry and lower extremity peripheral artery disease in the Multi-Ethnic Study of Atherosclerosis",2010,"Vascular …","journals.sagepub.com","https://journals.sagepub.com/doi/abs/10.1177/1358863X10375586","https://scholar.google.com/scholar?cites=12693782988906662469&as_sdt=2005&sciodt=0,5&hl=en",337,"2021-07-17 17:21:18","","10.1177/1358863X10375586","","",,,,,33,3.00,8,4,11,"… Ancestral population genotype data was obtained from HapMap (60 Yoruban Nigerians) and pre- vious genotype data collected on 345 participants from Native American populations.15 … African Americans with PAD also had lower BMI, waist circumference and education levels …","https://journals.sagepub.com/doi/pdf/10.1177/1358863x10375586","https://scholar.google.com/scholar?q=related:RYqttV9gKbAJ:scholar.google.com/&scioq=%22waist+circumference%22+nigeria&hl=en&as_sdt=0,5&as_ylo=2006&as_yhi=2010&as_vis=1"
15,"KSN Reddy, KK Reddy, G Sudha","Overall and abdominal adiposity on blood pressure: Consistency and evaluation of their association in an adult Indian population",2010,"Journal of Life Sciences","Taylor & Francis","https://www.tandfonline.com/doi/abs/10.1080/09751270.2010.11885161","https://scholar.google.com/scholar?cites=13332569133390193535&as_sdt=2005&sciodt=0,5&hl=en",338,"2021-07-17 17:21:18","","10.1080/09751270.2010.11885161","","",,,,,15,1.36,5,3,11,"… Male gender are found to have higher waist circumference than female gender (p<0.05), while no significant difference in hip circumference … Significant correlation of BMI to SBP and DBP, in men and women, was reported by studies in Tanzania and Nigeria (Kadiri et al …","","https://scholar.google.com/scholar?q=related:f2MP4_zMBrkJ:scholar.google.com/&scioq=%22waist+circumference%22+nigeria&hl=en&as_sdt=0,5&as_ylo=2006&as_yhi=2010&as_vis=1"
3,"S Koley","Association Of Subcutaneous Fat With Some Anthropometric Characteristics And Lipid Profile In Vegetarian And Non-vegetarian Middle Aged Menopausal …",2010,"","webmedcentral.com","https://www.webmedcentral.com/article_view/941","https://scholar.google.com/scholar?cites=2184331458362974268&as_sdt=2005&sciodt=0,5&hl=en",339,"2021-07-17 17:21:18","HTML","","","",,,,,3,0.27,3,1,11,"… Acta Diabetol 2003; 40: S130- 3. 22. Okosun S, Richard ICS, Richard BO, Cooper S, Forrester T. Association of waist circumference with risk of hypertension and type 2 Diabetes in Nigerians, Jamaicans and African-Americans. Diabetes Care 2000; 21: 1836- 42. 23 …","https://www.webmedcentral.com/article_view/941","https://scholar.google.com/scholar?q=related:PKBvZ-NNUB4J:scholar.google.com/&scioq=%22waist+circumference%22+nigeria&hl=en&as_sdt=0,5&as_ylo=2006&as_yhi=2010&as_vis=1"
311,"GD Kolovou, KK Anagnostopoulou, KD Salpea…","The prevalence of metabolic syndrome in various populations",2007,"The American journal of …","Elsevier","https://www.sciencedirect.com/science/article/pii/S0002962915325532","https://scholar.google.com/scholar?cites=15027062985190351339&as_sdt=2005&sciodt=0,5&hl=en",340,"2021-07-17 17:21:18","","","","",,,,,311,22.21,78,4,14,"","","https://scholar.google.com/scholar?q=related:6yGxESvaitAJ:scholar.google.com/&scioq=%22waist+circumference%22+nigeria&hl=en&as_sdt=0,5&as_ylo=2006&as_yhi=2010&as_vis=1"
83,"K Nowosielski, A Drosdzol, A Sipiński…","Diabetes mellitus and sexuality—Does it really matter?",2010,"The journal of sexual …","Elsevier","https://www.sciencedirect.com/science/article/pii/S1743609515328836","https://scholar.google.com/scholar?cites=1782381351615986364&as_sdt=2005&sciodt=0,5&hl=en",341,"2021-07-17 17:21:18","","","","",,,,,83,7.55,21,4,11,"JavaScript is disabled on your browser. Please enable JavaScript to use all the features on this page. Skip to main content Skip to article …","https://www.academia.edu/download/48503649/j.1743-6109.2009.01561.x20160901-23504-1xqrw08.pdf","https://scholar.google.com/scholar?q=related:vPpZVWVKvBgJ:scholar.google.com/&scioq=%22waist+circumference%22+nigeria&hl=en&as_sdt=0,5&as_ylo=2006&as_yhi=2010&as_vis=1"
2,"CG Metonnou-Adanhoume, V Agueh","Optimal Threshold of the Finnish Diabetes Risk Score",2006,"Alcohol","bec.uac.bj","https://bec.uac.bj/uploads/publication/2dd115137ba9f2f67b1a600ffabafcf2.pdf","https://scholar.google.com/scholar?cites=1093561275016445227&as_sdt=2005&sciodt=0,5&hl=en",342,"2021-07-17 17:21:18","PDF","","","",,,,,2,0.13,1,2,15,"… The FINDRISC questionnaire score was calculated using seven components: age, body mass index, waist circumference, regular practice of 30 minutes of physical activity, regular consumption of five portions of fruits and vegetables, the family history of diabetes and the …","https://bec.uac.bj/uploads/publication/2dd115137ba9f2f67b1a600ffabafcf2.pdf","https://scholar.google.com/scholar?q=related:K316iS8cLQ8J:scholar.google.com/&scioq=%22waist+circumference%22+nigeria&hl=en&as_sdt=0,5&as_ylo=2006&as_yhi=2010&as_vis=1"
1,"M Kapitan","The prevalence of obesity and related risk factors amongst nurses in a public health hospital in KwaZulu-Natal.",2010,"","ukzn-dspace.ukzn.ac.za","http://ukzn-dspace.ukzn.ac.za/handle/10413/9105","https://scholar.google.com/scholar?cites=7087888244274577433&as_sdt=2005&sciodt=0,5&hl=en",343,"2021-07-17 17:21:18","","","","",,,,,1,0.09,1,1,11,"… 32.60± 6.34 kg/m2, respectively with 76.10% of the sample being overweight or obese (64.80%; BMI~30). The mean waist circumference (93.01±12.73 cm) fell into the high risk category … in Three Studies 8 Table 3.1 Classification of Waist Circumference 17 …","https://ukzn-dspace.ukzn.ac.za/bitstream/handle/10413/9105/Kapitan_Meenal_2010.pdf?sequence=1&isAllowed=y","https://scholar.google.com/scholar?q=related:GUCnD848XWIJ:scholar.google.com/&scioq=%22waist+circumference%22+nigeria&hl=en&as_sdt=0,5&as_ylo=2006&as_yhi=2010&as_vis=1"
1,"R Aarthy","PREVALENCE AND FACTORS RELATED TO OVERWEIGHT AMONG URBAN WOMEN (19-49 YEARS) IN SALEM, TAMIL NADU.",2010,"","dspace.sctimst.ac.in","http://dspace.sctimst.ac.in/jspui/bitstream/123456789/2154/1/MPH_5914.pdf","https://scholar.google.com/scholar?cites=2351260086876570851&as_sdt=2005&sciodt=0,5&hl=en",344,"2021-07-17 17:21:18","PDF","","","",,,,,1,0.09,1,1,11,"… WHO World Health Organisation WC Waist Circumference Page 6. TABLE OF CONTENTS LIST OF TABLES … 1.2.2. Prevalence of overweight globally and in the Asia-Pacific region.....6 1.2.3. The prevalence of Waist Circumference globally and India.....7 …","http://dspace.sctimst.ac.in/jspui/bitstream/123456789/2154/1/MPH_5914.pdf","https://scholar.google.com/scholar?q=related:4wTVbJdaoSAJ:scholar.google.com/&scioq=%22waist+circumference%22+nigeria&hl=en&as_sdt=0,5&as_ylo=2006&as_yhi=2010&as_vis=1"
23,"Y Ruixing, D Jiaqiang, Y Dezhai, L Weixiong…","Effects of demographic characteristics, health-related behaviors and lifestyle factors on the prevalence of hypertension for the middle-aged and elderly in the Guangxi …",2006,"Kidney and Blood …","karger.com","https://www.karger.com/Article/Abstract/97019","https://scholar.google.com/scholar?cites=14465797742559092775&as_sdt=2005&sciodt=0,5&hl=en",345,"2021-07-17 17:21:18","","","","",,,,,23,1.53,5,5,15,"… Blood pressure, height, weight, waist circumference, serum lipid and apoli- poprotein levels were measured, and body mass index (BMI) was calculated as a measure of weight relative to height. The … Waist circumference, cm 73.986.6 75.186.2 3.37 0.001 …","","https://scholar.google.com/scholar?q=related:J-DhXWfWwMgJ:scholar.google.com/&scioq=%22waist+circumference%22+nigeria&hl=en&as_sdt=0,5&as_ylo=2006&as_yhi=2010&as_vis=1"
60,"L Gordon, D Ragoobirsingh…","Lipid profile of type 2 diabetic and hypertensive patients in the Jamaican population",2010,"Journal of laboratory …","thieme-connect.com","https://www.thieme-connect.com/products/ejournals/abstract/10.4103/0974-2727.66709","https://scholar.google.com/scholar?cites=8758535114634301693&as_sdt=2005&sciodt=0,5&hl=en",346,"2021-07-17 17:21:18","","10.4103/0974-2727.66709","","",,,,,60,5.45,20,3,11,"… Other variables such as body mass index (BMI) and waist circumference could have been investigated; the … Noncommunicable diseases in Nigeria: the next epidemics Abayomi Memorial Lecture … A. What does the presence of hypertension portend in the Nigerian with noninsulin …","https://www.thieme-connect.com/products/ejournals/pdf/10.4103/0974-2727.66709.pdf","https://scholar.google.com/scholar?q=related:_RCQNEiRjHkJ:scholar.google.com/&scioq=%22waist+circumference%22+nigeria&hl=en&as_sdt=0,5&as_ylo=2006&as_yhi=2010&as_vis=1"
71,"A Bosy-Westphal, A Wolf, F Bührens…","Familial influences and obesity-associated metabolic risk factors contribute to the variation in resting energy expenditure: the Kiel Obesity Prevention Study",2008,"… American journal of …","academic.oup.com","https://academic.oup.com/ajcn/article-abstract/87/6/1695/4633359","https://scholar.google.com/scholar?cites=8279691636082414799&as_sdt=2005&sciodt=0,5&hl=en",347,"2021-07-17 17:21:18","","","","",,,,,71,5.46,18,4,13,"ABSTRACT. Background: A low metabolic rate may be inherited and predispose to obesity, whereas a higher metabolic rate in obesity may be acquired by obesity-ass.","https://academic.oup.com/ajcn/article/87/6/1695/4633359","https://scholar.google.com/scholar?q=related:zxR34qxf53IJ:scholar.google.com/&scioq=%22waist+circumference%22+nigeria&hl=en&as_sdt=0,5&as_ylo=2006&as_yhi=2010&as_vis=1"
6,"MP Krause, T Hallage, CP Miculis…","Prevalência de obesidade, hipertensão e diabetes mellitus tipo II em mulheres idosas",2009,"Journal of Physical …","periodicos.uem.br","http://periodicos.uem.br/ojs/index.php/RevEducFis/article/view/4232","https://scholar.google.com/scholar?cites=8499374315729293493&as_sdt=2005&sciodt=0,5&hl=en",348,"2021-07-17 17:21:18","","","","",,,,,6,0.50,2,4,12,"… OKOSUN, IS; COOPER, RS; ROTIMI, CN; OSOTIMEHIN, B.; FORRESTER, T. Association of waist circumference with risk of hypertension and type 2 diabetes in Nigerians, Jamaicans and African-American. Diabetes Care, New York, v. 21, p.1836-1842, 1998 …","https://periodicos.uem.br/ojs/index.php/RevEducFis/article/download/4232/3999","https://scholar.google.com/scholar?q=related:tZAflujX83UJ:scholar.google.com/&scioq=%22waist+circumference%22+nigeria&hl=en&as_sdt=0,5&as_ylo=2006&as_yhi=2010&as_vis=1"
7,"D Mathews","Assessing sleep quality in young adult college students, aged 18-24 in relation to quality of life and anthropometrics",2010,"","digitalcommons.library.umaine.edu","https://digitalcommons.library.umaine.edu/etd/1265/","https://scholar.google.com/scholar?cites=18123102902255299238&as_sdt=2005&sciodt=0,5&hl=en",349,"2021-07-17 17:21:18","","","","",,,,,7,0.64,7,1,11,"… 25 Table 9. Factors Affecting Waist Circumference in Males 26 Table 10 … In 2006 Aloba and colleagues (30) researched the validity of the PSQI using university students in Nigeria. This study included 520 university students with an average age of 23.24 years …","https://digitalcommons.library.umaine.edu/cgi/viewcontent.cgi?article=2311&context=etd","https://scholar.google.com/scholar?q=related:pirHvBEygvsJ:scholar.google.com/&scioq=%22waist+circumference%22+nigeria&hl=en&as_sdt=0,5&as_ylo=2006&as_yhi=2010&as_vis=1"
44,"AL Hasselbalch","Genetics of dietary habits and obesity",2010,"Dan Med Bull","ugeskriftet.dk","https://ugeskriftet.dk/files/scientific_article_files/2018-11/b4182.pdf","https://scholar.google.com/scholar?cites=1330127334589298754&as_sdt=2005&sciodt=0,5&hl=en",350,"2021-07-17 17:21:18","PDF","","","",,,,,44,4.00,44,1,11,"… Waist circumference is becoming more and more common in population-based studies because of the increasing evidence of the association between waist circumference and especially waist for given BMI and increased risk of co-morbidity and mortality (5). Waist …","https://ugeskriftet.dk/files/scientific_article_files/2018-11/b4182.pdf","https://scholar.google.com/scholar?q=related:Qng7dMOPdRIJ:scholar.google.com/&scioq=%22waist+circumference%22+nigeria&hl=en&as_sdt=0,5&as_ylo=2006&as_yhi=2010&as_vis=1"
427,"W Yang, T Kelly, J He","Genetic epidemiology of obesity",2007,"Epidemiologic reviews","academic.oup.com","https://academic.oup.com/epirev/article-abstract/29/1/49/437222","https://scholar.google.com/scholar?cites=14543771053701473506&as_sdt=2005&sciodt=0,5&hl=en",351,"2021-07-17 17:21:18","","","","",,,,,427,30.50,142,3,14,"Abstract. Obesity has become a global epidemic and contributes to the increasing burden of type 2 diabetes, cardiovascular disease, stroke, some types of cancer.","https://academic.oup.com/epirev/article/29/1/49/437222","https://scholar.google.com/scholar?q=related:4iR8lrfa1ckJ:scholar.google.com/&scioq=%22waist+circumference%22+nigeria&hl=en&as_sdt=0,5&as_ylo=2006&as_yhi=2010&as_vis=1"
42,"K Osei","Metabolic syndrome in blacks: are the criteria right?",2010,"Current diabetes reports","Springer","https://link.springer.com/content/pdf/10.1007/s11892-010-0116-4.pdf","https://scholar.google.com/scholar?cites=3281561770144245630&as_sdt=2005&sciodt=0,5&hl=en",352,"2021-07-17 17:21:18","","10.1007/s11892-010-0116-4","","",,,,,42,3.82,42,1,11,"… IDF International Diabetes Federation; IFG Impaired fasting glucose; IGT Impaired glucose tolerance; T2D Type 2 diabetes; WC Waist circumference; WHO World … This has also been found in South Africans [5•, 24, 31, 44, 45] and native Ghanaians [42, 53], Nigerians [54], urban …","","https://scholar.google.com/scholar?q=related:fifzIQtzii0J:scholar.google.com/&scioq=%22waist+circumference%22+nigeria&hl=en&as_sdt=0,5&as_ylo=2006&as_yhi=2010&as_vis=1"
67,"A Biyasheva, RS Legro, A Dunaif…","Evidence for Association between Polycystic Ovary Syndrome (PCOS) and TCF7L2 and Glucose Intolerance in Women with PCOS and TCF7L2",2009,"The Journal of Clinical …","academic.oup.com","https://academic.oup.com/jcem/article-abstract/94/7/2617/2597437","https://scholar.google.com/scholar?cites=11977925937489050812&as_sdt=2005&sciodt=0,5&hl=en",353,"2021-07-17 17:21:18","","","","",,,,,67,5.58,17,4,12,"Context and Objective: Of the recently identified type 2 diabetes mellitus (T2D) susceptibility loci, transcription factor 7-like 2 (TCF7L2) confers the greates.","https://academic.oup.com/jcem/article/94/7/2617/2597437","https://scholar.google.com/scholar?q=related:vPz4qS0kOqYJ:scholar.google.com/&scioq=%22waist+circumference%22+nigeria&hl=en&as_sdt=0,5&as_ylo=2006&as_yhi=2010&as_vis=1"
66,"ES Nago, CK Lachat, L Huybregts…","Food, energy and macronutrient contribution of out-of-home foods in school-going adolescents in Cotonou, Benin",2010,"British Journal of …","cambridge.org","https://www.cambridge.org/core/journals/british-journal-of-nutrition/article/food-energy-and-macronutrient-contribution-of-outofhome-foods-in-schoolgoing-adolescents-in-cotonou-benin/6CC332F9B21D29B76BF6F23567EE907D","https://scholar.google.com/scholar?cites=17643003225637835859&as_sdt=2005&sciodt=0,5&hl=en",354,"2021-07-17 17:21:18","","","","",,,,,66,6.00,17,4,11,"… It was used as the index of thinness, normal status, overweight and obesity with the sex- and age-specific cut-offs of the International Obesity Task Force(14,15). Waist circumference was also measured … (17) were used for waist circumference …","https://www.cambridge.org/core/services/aop-cambridge-core/content/view/6CC332F9B21D29B76BF6F23567EE907D/S0007114509991668a.pdf/div-class-title-food-energy-and-macronutrient-contribution-of-out-of-home-foods-in-school-going-adolescents-in-cotonou-benin-div.pdf","https://scholar.google.com/scholar?q=related:U9Q2A_WJ2PQJ:scholar.google.com/&scioq=%22waist+circumference%22+nigeria&hl=en&as_sdt=0,5&as_ylo=2006&as_yhi=2010&as_vis=1"
0,"MR Hernández, VJ Stepenka, JC Rincón, OA Hevia…","Relación entre circunferencia abdominal e hipertensión arterial",2008,"Medicina …","svmi.web.ve","https://www.svmi.web.ve/ojs/index.php/medint/article/view/240","",355,"2021-07-17 17:21:18","","","","",,,,,0,0.00,0,5,13,"… 2000; 85 (7): 2378–84, 12. Okosun I, Cooper R, Rotimi Ch, Osotimehin B, Forrester T. Association of Waist Circumference whit Risk of Hypertension and type 2 Diabetes in Nigerians, Jamaicans and African-Americans. Diabetes Care. 1998; 21 (11): 1836-42. 13 …","https://www.svmi.web.ve/ojs/index.php/medint/article/download/240/234","https://scholar.google.com/scholar?q=related:yDNZnIIzuS4J:scholar.google.com/&scioq=%22waist+circumference%22+nigeria&hl=en&as_sdt=0,5&as_ylo=2006&as_yhi=2010&as_vis=1"
5,"이영훈","일부 지역사회의 정상 체질량지수 여성에서 허리둘레, 허리둘레/신장비와 대사성 위험요인과의 연관성",2009,"한국모자보건학회지","e-mch.org","http://www.e-mch.org/upload/pdf/001313792.pdf","https://scholar.google.com/scholar?cites=7010252410900126165&as_sdt=2005&sciodt=0,5&hl=en",356,"2021-07-17 17:21:18","PDF","","","",,,,,5,0.42,5,1,12,"… Abstract = The Relationship between Waist Circumference, Waist-to-Height Ratio and Metabolic Risks in Community-Dwelling Women with Normal Body Mass Index Young-Hoon Lee … metabolic risks, body mass index, waist circumference, waist-to-height ratio Page 2. 서 론 …","http://www.e-mch.org/upload/pdf/001313792.pdf","https://scholar.google.com/scholar?q=related:1RmHAW1rSWEJ:scholar.google.com/&scioq=%22waist+circumference%22+nigeria&hl=en&as_sdt=0,5&as_ylo=2006&as_yhi=2010&as_vis=1"
30,"AP Kengne, PK Awah","Classical cardiovascular risk factors and all-cause mortality in rural Cameroon",2009,"QJM: An International Journal of …","academic.oup.com","https://academic.oup.com/qjmed/article-abstract/102/3/209/1609638","https://scholar.google.com/scholar?cites=443617117746532041&as_sdt=2005&sciodt=0,5&hl=en",357,"2021-07-17 17:21:18","","","","",,,,,30,2.50,15,2,12,"… Body mass index (BMI) was derived as weight (kg) divided by height squared (m 2 ). Waist circumference was measured at mid-point between the lowest rib margin and iliac crest, and hip circumference at the level of the greater trochanters. The waist-to-hip ratio was derived …","https://academic.oup.com/qjmed/article/102/3/209/1609638","https://scholar.google.com/scholar?q=related:yY6QD2sLKAYJ:scholar.google.com/&scioq=%22waist+circumference%22+nigeria&hl=en&as_sdt=0,5&as_ylo=2006&as_yhi=2010&as_vis=1"
3,"MM Du Toit, TI Siebert","Polycystic ovary syndrome (PCOS)-the long-term implications",2009,"South African Journal of Obstetrics and …","journals.co.za","https://journals.co.za/doi/pdf/10.10520/EJC65904","https://scholar.google.com/scholar?cites=6755020331783095945&as_sdt=2005&sciodt=0,5&hl=en",358,"2021-07-17 17:21:18","PDF","10.10520/EJC65904","","",,,,,3,0.25,2,2,12,"… Women ≥80cm ≥88cm Table II. Waist circumference predicts risk of metabolic complications associated with obesity (adapted from Seidell13) Page 3 … F 19.9 21.1 20.6 20 19.5 20.8 Nigeria M 19.8 20.9 21.5 F 21 21.8 20.3 Senegal M 18.2 19.9 21 20.7 19.8 19.2 …","https://journals.co.za/doi/pdf/10.10520/EJC65904","https://scholar.google.com/scholar?q=related:iQZ5vjOnvl0J:scholar.google.com/&scioq=%22waist+circumference%22+nigeria&hl=en&as_sdt=0,5&as_ylo=2006&as_yhi=2010&as_vis=1"
80,"D Prabhakaran, P Jeemon, S Goenka, R Lakshmy…","Impact of a worksite intervention program on cardiovascular risk factors: a demonstration project in an Indian industrial population",2009,"","jacc.org","https://www.jacc.org/doi/full/10.1016/j.jacc.2008.12.062","https://scholar.google.com/scholar?cites=16743370759392090490&as_sdt=2005&sciodt=0,5&hl=en",359,"2021-07-17 17:21:18","HTML","10.1016/j.jacc.2008.12.062","","",,,,,80,6.67,16,5,12,"… SBP). Similarly, in the control group the highest increase of 13.2% (95% CI: 11.8% to 14.6%) was observed for blood glucose and the lowest increase of 3.6% (95% CI: 3.1% to 4.1%) was observed for waist circumference. The …","https://www.jacc.org/doi/full/10.1016/j.jacc.2008.12.062","https://scholar.google.com/scholar?q=related:elk62P5mXOgJ:scholar.google.com/&scioq=%22waist+circumference%22+nigeria&hl=en&as_sdt=0,5&as_ylo=2006&as_yhi=2010&as_vis=1"
4,"K Yamada, J Takezawa, A Morita, Y Matsumura…","DNA polymorphism of obese people in Saku Control Obesity Program (SCOP)",2007,"Anti-Aging …","jstage.jst.go.jp","https://www.jstage.jst.go.jp/article/jaam/4/2/4_2_63/_article/-char/ja/","https://scholar.google.com/scholar?cites=2323928373289476483&as_sdt=2005&sciodt=0,5&hl=en",360,"2021-07-17 17:21:18","","","","",,,,,4,0.29,1,5,14,"… and fasting serum glucose, and also, the genotype showed a trend of higher values of HbA1c, BMI, body fat mass and waist circumference … information about more than one million SNPs obtained in 269 DNA samples from four populations; Yoruba in Ibadan, Nigeria; Utah, USA …","https://www.jstage.jst.go.jp/article/jaam/4/2/4_2_63/_pdf","https://scholar.google.com/scholar?q=related:g-Fe9YpAQCAJ:scholar.google.com/&scioq=%22waist+circumference%22+nigeria&hl=en&as_sdt=0,5&as_ylo=2006&as_yhi=2010&as_vis=1"
32,"M Mlay, M Bakari","The prevalence of HIV among patients admitted with stroke at the Muhimbili National Hospital, Dar es Salaam, Tanzania",2010,"Tanzania Journal of Health Research","ajol.info","https://www.ajol.info/index.php/thrb/article/view/56397","https://scholar.google.com/scholar?cites=4560165120049034566&as_sdt=2005&sciodt=0,5&hl=en",361,"2021-07-17 17:21:18","","","","",,,,,32,2.91,16,2,11,"… Obesity was defined as waist circumference ≥ 88cms in women, ≥ 102 cm in men (Erem et al., 2004) … Nyandaiti, YW & Bwala, SA (2008) Validation study of the Siriraj stroke score in North- east Nigeria. Nigerian Journal of Clinical Practice 11, 176-180 …","https://www.ajol.info/index.php/thrb/article/download/56397/44832","https://scholar.google.com/scholar?q=related:RjWmEQT2SD8J:scholar.google.com/&scioq=%22waist+circumference%22+nigeria&hl=en&as_sdt=0,5&as_ylo=2006&as_yhi=2010&as_vis=1"
6,"C Agyemang, I Van Valkengoed…","Prevalence of microalbuminuria and its association with pulse pressure in a multi-ethnic population in Amsterdam, the Netherlands",2008,"Kidney and Blood …","karger.com","https://www.karger.com/Article/Abstract/112923","https://scholar.google.com/scholar?cites=13833646349320552899&as_sdt=2005&sciodt=0,5&hl=en",362,"2021-07-17 17:21:18","","","","",,,,,6,0.46,2,3,13,"… Waist circumference, cm 91.7 (14.3) 93.4 (14.5) 94.2 (12.6) 0.03 … However, the recent report on ethnic differences in malignant hypertension found a higher prevalence of end-stage renal failure in African descent populations (mainly Ghanaians and Nigerians) than in their White …","","https://scholar.google.com/scholar?q=related:w4Ghlw_8-r8J:scholar.google.com/&scioq=%22waist+circumference%22+nigeria&hl=en&as_sdt=0,5&as_ylo=2006&as_yhi=2010&as_vis=1"
118,"P Sharma, S Wani, Y Romero, D Johnson…","Racial and geographic issues in gastroesophageal reflux disease",2008,"Official journal of the …","journals.lww.com","https://journals.lww.com/ajg/Fulltext/2008/11000/Racial_and_Geographic_Issues_in_Gastroesophageal.1.aspx","https://scholar.google.com/scholar?cites=17769535428564167476&as_sdt=2005&sciodt=0,5&hl=en",363,"2021-07-17 17:21:18","","","","",,,,,118,9.08,24,5,13,"Gastroesophageal reflux disease (GERD) is a common chronic disorder that is associated with a huge e.","","https://scholar.google.com/scholar?q=related:NCtJQ1MSmvYJ:scholar.google.com/&scioq=%22waist+circumference%22+nigeria&hl=en&as_sdt=0,5&as_ylo=2006&as_yhi=2010&as_vis=1"
0,"KS Ramadan, KZ El-karmouty","EVALUATION OF OXIDATIVE STRESS AND CARDIOVASCULAR DISEASE RISK FACTORS IN TYPE II DIABETIC POSTMENOPAUSAL WOMEN",,"Citeseer","","https://citeseerx.ist.psu.edu/viewdoc/download?doi=10.1.1.580.3177&rep=rep1&type=pdf","",364,"2021-07-17 17:21:18","PDF","","","",,,,,0,0.00,0,2,,"… On other hand, plasma NO level was positively correlated with body mass index, Waist circumference, total cholesterol, triglyceride, glucose and HbA1c and negatively correlated with HDL-c, uric acid and total antioxidant capacity (TAC) …","https://citeseerx.ist.psu.edu/viewdoc/download?doi=10.1.1.580.3177&rep=rep1&type=pdf","https://scholar.google.com/scholar?q=related:iA2bThOX5N8J:scholar.google.com/&scioq=%22waist+circumference%22+nigeria&hl=en&as_sdt=0,5&as_ylo=2006&as_yhi=2010&as_vis=1"
43,"G Dolley, S Bertrais, V Frochot, JF Bebel…","Promoter adiponectin polymorphisms and waist/hip ratio variation in a prospective French adults study",2008,"International journal of …","nature.com","https://www.nature.com/articles/0803773","https://scholar.google.com/scholar?cites=18404598919470466722&as_sdt=2005&sciodt=0,5&hl=en",365,"2021-07-17 17:21:18","","","","",,,,,43,3.31,9,5,13,"Adiponectin expression and plasma concentrations are decreased in human and animal models of obesity. Several single nucleotide polymorphisms (SNPs) in the adiponectin gene are known to influence the plasmatic concentration of the encoded protein. Some of these adiponectin …","https://www.researchgate.net/profile/Frederic-Tores/publication/5777726_Promoter_adiponectin_polymorphisms_and_waisthip_ratio_variation_in_a_prospective_French_adult_study/links/54004c2e0cf29dd7cb524fa4/Promoter-adiponectin-polymorphisms-and-waist-hip-ratio-variation-in-a-prospective-French-adult-study.pdf","https://scholar.google.com/scholar?q=related:okaTnDRFav8J:scholar.google.com/&scioq=%22waist+circumference%22+nigeria&hl=en&as_sdt=0,5&as_ylo=2006&as_yhi=2010&as_vis=1"
0,"G Gopinath","A Study on Body Fat Distribution and Cardiovascular Risk Factors",2009,"","repository-tnmgrmu.ac.in","http://repository-tnmgrmu.ac.in/6679/","",366,"2021-07-17 17:21:18","","","","",,,,,0,0.00,0,1,12,"… profile associated with obesity. Indeed Waist circumference and Waist Hip ratio as indicators of Abdominal obesity have been shown to be … It is plausible that Body mass index may be less sensitive than Waist circumference or Waist Hip ratio at capturing the underlying and …","http://repository-tnmgrmu.ac.in/6679/1/200100109gopinath.pdf","https://scholar.google.com/scholar?q=related:30HLncem6pgJ:scholar.google.com/&scioq=%22waist+circumference%22+nigeria&hl=en&as_sdt=0,5&as_ylo=2006&as_yhi=2010&as_vis=1"
15,"DP Schuster, T Gaillard, K Osei","The cardiometabolic syndrome in persons of the African diaspora: challenges and opportunities",2007,"Journal of the cardiometabolic …","Wiley Online Library","https://onlinelibrary.wiley.com/doi/abs/10.1111/j.1559-4564.2007.07484.x","https://scholar.google.com/scholar?cites=9668466143271120853&as_sdt=2005&sciodt=0,5&hl=en",367,"2021-07-17 17:21:18","","10.1111/j.1559-4564.2007.07484.x","","",,,,,15,1.07,5,3,14,"… Studies in Nigeria have suggested that effective treatment of HTN could avert 2 out of 5 deaths caused by that disorder … Deterioration of glucose was not associated with traditional CVD risk factors, including weight, lipid profiles, waist circumference, and BP levels …","","https://scholar.google.com/scholar?q=related:1e-QSLtKLYYJ:scholar.google.com/&scioq=%22waist+circumference%22+nigeria&hl=en&as_sdt=0,5&as_ylo=2006&as_yhi=2010&as_vis=1"
16,"HC Onyegbutulem, PI H-Onyegbutulem…","Metabolic syndrome in Africa: an emerging perspective",2009,"Hormone and …","thieme-connect.com","https://www.thieme-connect.com/products/ejournals/html/10.1055/s-0028-1082038","https://scholar.google.com/scholar?cites=778352402575350370&as_sdt=2005&sciodt=0,5&hl=en",368,"2021-07-17 17:21:18","","10.1055/s-0028-1082038","","",,,,,16,1.33,5,3,12,"… Interestingly, there were cases with waist circumference within the accepted range, but their waist to hip ratio (WHR) was in keeping … Prevalence of risk factors for diabetes mellitus in a non-diabetic population in Jos, Nigeria … Anti-retroviral therapy induced diabetes in a Nigerian …","https://www.researchgate.net/profile/Peter-Schwarz-5/publication/23666572_Metabolic_Syndrome_in_Africa_An_Emerging_Perspective/links/57b1ea4108ae95f9d8f4c395/Metabolic-Syndrome-in-Africa-An-Emerging-Perspective.pdf","https://scholar.google.com/scholar?q=related:YlqT4WJDzQoJ:scholar.google.com/&scioq=%22waist+circumference%22+nigeria&hl=en&as_sdt=0,5&as_ylo=2006&as_yhi=2010&as_vis=1"
225,"F Tesfaye, P Byass, S Wall","Population based prevalence of high blood pressure among adults in Addis Ababa: uncovering a silent epidemic",2009,"BMC …","bmccardiovascdisord.biomedcentral …","https://bmccardiovascdisord.biomedcentral.com/articles/10.1186/1471-2261-9-39","https://scholar.google.com/scholar?cites=17801500411960273718&as_sdt=2005&sciodt=0,5&hl=en",369,"2021-07-17 17:21:18","HTML","10.1186/1471-2261-9-39","","",,,,,225,18.75,75,3,12,"The prevention and control of high blood pressure or other cardiovascular diseases has not received due attention in many developing countries. This study aims to describe the epidemiology of high blood pressure among adults in Addis Ababa, so as to inform policy and lay the …","https://bmccardiovascdisord.biomedcentral.com/articles/10.1186/1471-2261-9-39","https://scholar.google.com/scholar?q=related:Nqvc606iC_cJ:scholar.google.com/&scioq=%22waist+circumference%22+nigeria&hl=en&as_sdt=0,5&as_ylo=2006&as_yhi=2010&as_vis=1"
251,"WK Bosu","Epidemic of hypertension in Ghana: a systematic review",2010,"BMC public health","bmcpublichealth.biomedcentral.com","https://bmcpublichealth.biomedcentral.com/articles/10.1186/1471-2458-10-418","https://scholar.google.com/scholar?cites=12662488191601046622&as_sdt=2005&sciodt=0,5&hl=en",370,"2021-07-17 17:21:18","HTML","10.1186/1471-2458-10-418","","",,,,,251,22.82,251,1,11,"Hypertension is a major risk factor for many cardiovascular diseases in developing countries. A comprehensive review of the prevalence of hypertension provides crucial information for the evaluation and implementation of appropriate programmes. The PubMed and Google Scholar …","https://bmcpublichealth.biomedcentral.com/articles/10.1186/1471-2458-10-418","https://scholar.google.com/scholar?q=related:XnT16Osxuq8J:scholar.google.com/&scioq=%22waist+circumference%22+nigeria&hl=en&as_sdt=0,5&as_ylo=2006&as_yhi=2010&as_vis=1"
332,"F Tesfaye, NG Nawi, H Van Minh, P Byass…","Association between body mass index and blood pressure across three populations in Africa and Asia",2007,"Journal of human …","nature.com","https://www.nature.com/articles/1002104","https://scholar.google.com/scholar?cites=11479473231087578238&as_sdt=2005&sciodt=0,5&hl=en",371,"2021-07-17 17:21:18","HTML","","","",,,,,332,23.71,66,5,14,"Despite a growing burden of obesity and hypertension in developing countries, there is limited information on the contribution of body mass index (BMI) to blood pressure (BP) in these populations. This study examines the association between BMI and BP in three populations across …","https://www.nature.com/articles/1002104","https://scholar.google.com/scholar?q=related:fqyUMxVIT58J:scholar.google.com/&scioq=%22waist+circumference%22+nigeria&hl=en&as_sdt=0,5&as_ylo=2006&as_yhi=2010&as_vis=1"
0,"H Bohlman","The obesity epidemic: a new role for ODs? Obesity has serious ocular and systemic implications. That means you need to do more to educate this group of patients",2006,"Review of Optometry","go.gale.com","https://go.gale.com/ps/i.do?id=GALE%7CA152576753&sid=googleScholar&v=2.1&it=r&linkaccess=abs&issn=1930160X&p=AONE&sw=w","",372,"2021-07-17 17:21:18","","","","",,,,,0,0.00,0,1,15,"… 50. Seddon JM, Cote J, Davis N, et al. Progression of age-related macular degeneration: association with body mass index, waist circumference, and waist-hip ratio … A 14-year-old Nigerian female with idiopathic intracranial hypertension Afr Health Sci 2002 Dec;2(3):124-6. 71 …","",""
15,"MA Newell","Knowledge, perceptions, beliefs and behaviors related to the prevention of hypertension among Black Seventh-day Adventists living in London",2008,"","search.proquest.com","https://search.proquest.com/openview/295df6846a5ec0feefa120e38b04850e/1?pq-origsite=gscholar&cbl=18750","https://scholar.google.com/scholar?cites=9239656380213301067&as_sdt=2005&sciodt=0,5&hl=en",373,"2021-07-17 17:21:18","BOOK","","","",,,,,15,1.15,15,1,13,"… 50 3. Waist Circumference (WC) .... 50 … Blacks increasing as they move from the less developed countries of Africa to the developed countries in the west: The rates, among Blacks, in Nigeria, Jamaica and the …","","https://scholar.google.com/scholar?q=related:Sw9JJYbaOYAJ:scholar.google.com/&scioq=%22waist+circumference%22+nigeria&hl=en&as_sdt=0,5&as_ylo=2006&as_yhi=2010&as_vis=1"
3,"AS Al Dhaheri, CJK Henry, HJ Lightowler…","Role of Body Composition in the Glycaemic Response to Foods Fed to Three Different Ethnic Groups: A Pilot Study",2010,"Annals of Nutrition and …","karger.com","https://www.karger.com/Article/Abstract/276598","https://scholar.google.com/scholar?cites=4247187082836577040&as_sdt=2005&sciodt=0,5&hl=en",374,"2021-07-17 17:21:18","","","","",,,,,3,0.27,1,4,11,"… Waist circumference appears to be a good marker for abdominal obesity … healthy volunteers: 9 Caucasian (7 from UK, 1 from France and 1 from New Zealand), 9 Asian (3 from India, 3 from Bangladesh, 2 from Sri Lanka and 1 from Pakistan), and 9 African (6 from Nigeria, 2 from …","","https://scholar.google.com/scholar?q=related:EAsaNyYK8ToJ:scholar.google.com/&scioq=%22waist+circumference%22+nigeria&hl=en&as_sdt=0,5&as_ylo=2006&as_yhi=2010&as_vis=1"
83,"CBS Cavalcanti, MVG Barros, AL Menêses…","Obesidade abdominal em adolescentes: prevalência e associação com atividade física e hábitos alimentares",2010,"Arquivos Brasileiros …","SciELO Brasil","https://www.scielo.br/j/abc/a/n3z9YwkPgHmBzZ99nRJtm7w/abstract/?lang=pt&format=html","https://scholar.google.com/scholar?cites=13128200389449159210&as_sdt=2005&sciodt=0,5&hl=en",375,"2021-07-17 17:21:18","","","","",,,,,83,7.55,21,4,11,"… Logistic regression was used for analysis of behavioral factors associated with the occurrence of abdominal obesity. The identification of cases of abdominal obesity was performed by waist circumference analysis, using age- and gender-related cutoff points as reference …","https://www.scielo.br/j/abc/a/n3z9YwkPgHmBzZ99nRJtm7w/?lang=pt&format=pdf","https://scholar.google.com/scholar?q=related:KhJDsbK8MLYJ:scholar.google.com/&scioq=%22waist+circumference%22+nigeria&hl=en&as_sdt=0,5&as_ylo=2006&as_yhi=2010&as_vis=1"
4,"I Ustun, Y Aydin, AA Arduç, D Berker…","EVALUATION OF ATHEROSCLEROTIC RISK FACTORS AND CAROTID INTIMA MEDIA THICKNESS IN HEALTHY OFFSPRING OF TYPE 2 DIABETIC …",2010,"Acta Endocrinologica …","academia.edu","https://www.academia.edu/download/45495996/EVALUATION_OF_ATHEROSCLEROTIC_RISK_FACTO20160509-15332-la9c69.pdf","https://scholar.google.com/scholar?cites=6392678352383173406&as_sdt=2005&sciodt=0,5&hl=en",376,"2021-07-17 17:21:18","PDF","","","",,,,,4,0.36,1,5,11,"… Mean systolic and diastolic BP values (p<0.001) and waist circumference measurements (p=0.045) were detected to be significantly higher in the study group … BMI (kg/m2) <25 24.1ą4.63 22.8ą3.80 0.08 Waist circumference (cm) 89.2ą12.55 84.4ą11.20 0.046 …","https://www.academia.edu/download/45495996/EVALUATION_OF_ATHEROSCLEROTIC_RISK_FACTO20160509-15332-la9c69.pdf","https://scholar.google.com/scholar?q=related:HuMgdRdbt1gJ:scholar.google.com/&scioq=%22waist+circumference%22+nigeria&hl=en&as_sdt=0,5&as_ylo=2006&as_yhi=2010&as_vis=1"
10,"OY Gorlova, L Lei, D Zhu, SF Weng, S Shete, Y Zhang…","Imprinting detection by extending a regression-based QTL analysis method",2007,"Human genetics","Springer","https://link.springer.com/article/10.1007/s00439-007-0387-2","https://scholar.google.com/scholar?cites=12432479596687519612&as_sdt=2005&sciodt=0,5&hl=en",377,"2021-07-17 17:21:18","","10.1007/s00439-007-0387-2","","",,,,,10,0.71,1,7,14,"… program. A parent-of-origin effect consistent with maternal imprinting was suggested at 99.67–111.26 Mb for body mass index, bioelectrical impedance analysis, waist circumference, and leptin concentration. Introduction. The …","https://www.researchgate.net/profile/Christopher-Amos-3/publication/6275062_Imprinting_detection_by_extending_a_regression-based_QTL_analysis_method/links/0912f50fdb9c5b619c000000/Imprinting-detection-by-extending-a-regression-based-QTL-analysis-method.pdf","https://scholar.google.com/scholar?q=related:fO_ZtVIKiawJ:scholar.google.com/&scioq=%22waist+circumference%22+nigeria&hl=en&as_sdt=0,5&as_ylo=2006&as_yhi=2010&as_vis=1"
22,"I Miljkovic, LM Yerges, H Li, CL Gordon…","Association of the CPT1B Gene with Skeletal Muscle Fat Infiltration in Afro‐Caribbean Men",2009,"…","Wiley Online Library","https://onlinelibrary.wiley.com/doi/abs/10.1038/oby.2008.677","https://scholar.google.com/scholar?cites=5450255612451200717&as_sdt=2005&sciodt=0,5&hl=en",378,"2021-07-17 17:21:18","","10.1038/oby.2008.677","","",,,,,22,1.83,4,5,12,"Skeletal muscle fat is greater in African ancestry individuals compared with whites, is associated with diabetes, and is a heritable polygenic trait. However, specific genetic factors contributing ...","https://onlinelibrary.wiley.com/doi/pdf/10.1038/oby.2008.677","https://scholar.google.com/scholar?q=related:zZ47U5oyo0sJ:scholar.google.com/&scioq=%22waist+circumference%22+nigeria&hl=en&as_sdt=0,5&as_ylo=2006&as_yhi=2010&as_vis=1"
0,"WA Women, R Woodman","Monday 18 September",2006,"Australasian Epidemiologist","search.informit.org","https://search.informit.org/doi/pdf/10.3316/informit.850631810626850","",379,"2021-07-17 17:21:18","","10.3316/informit.850631810626850","","",,,,,0,0.00,0,2,15,"… Melanie Matheson Social Epidemiology 62 The Urban Poor and Environmental Health Policy in Nigeria Geoffrey Nwaka … Steven Bowe 41 Can dentists accurately measure height, weight and waist circumference? Margo Eyeson-Annan …","",""
11,"A Jelenkovic, A Poveda, E Rebato","A statistical investigation into the sharing of common genetic factors between blood pressure and obesity phenotypes in nuclear families from the Greater Bilbao …",2010,"Journal of hypertension","journals.lww.com","https://journals.lww.com/jhypertension/Fulltext/2010/04000/Validation_of_two_automatic_devices_for.00017.aspx","https://scholar.google.com/scholar?cites=10191986183205356486&as_sdt=2005&sciodt=0,5&hl=en",380,"2021-07-17 17:21:18","","","","",,,,,11,1.00,4,3,11,"Objectives Several obesity phenotypes (eg body mass and fat, fat distribution) have been sugges.","","https://scholar.google.com/scholar?q=related:xgOlJW81cY0J:scholar.google.com/&scioq=%22waist+circumference%22+nigeria&hl=en&as_sdt=0,5&as_ylo=2006&as_yhi=2010&as_vis=1"
0,"FA Arogundade, EC Pedro, AA Sanusi, FS Wokoma…","MP208 HIV ASSOCIATED NEPHROPATHY (HIVAN) IN NIGERIANS: PREVALENCE, CLINICAL FEATURES AND HISTOPATHOLOGY",,"academia.edu","","https://www.academia.edu/download/42925433/DIASTOLIC_FUNCTION_IN_CHRONIC_RENAL_INSU20160221-2557-1l6rp39.pdf","",381,"2021-07-17 17:21:18","PDF","","","",,,,,0,0.00,0,5,,"… MP208 HIV ASSOCIATED NEPHROPATHY (HIVAN) IN NIGERIANS: PREVALENCE, CLINICAL FEATURES AND HISTOPATHOLOGY Fatiu A. Arogundade1, Emem … of Medicine, Obafemi Awolowo University Teaching Hospitals Complex, Ile-Ife, Osun, Nigeria; 2Department of …","https://www.academia.edu/download/42925433/DIASTOLIC_FUNCTION_IN_CHRONIC_RENAL_INSU20160221-2557-1l6rp39.pdf",""
48,"R Sicree, J Shaw","Type 2 diabetes: An epidemic or not, and why it is happening",2007,"Diabetes & Metabolic Syndrome: Clinical Research & …","Elsevier","https://www.sciencedirect.com/science/article/pii/S1871402106000130","https://scholar.google.com/scholar?cites=7429369089288774861&as_sdt=2005&sciodt=0,5&hl=en",382,"2021-07-17 17:21:18","","","","",,,,,48,3.43,24,2,14,"… The anticipated changes in the proportion of the population living in urban settings for the seven developing countries with the highest total populations (China, India, Indonesia, Brazil, Pakistan, Bangladesh and Nigeria) are shown in Fig …","","https://scholar.google.com/scholar?q=related:zSRTANNrGmcJ:scholar.google.com/&scioq=%22waist+circumference%22+nigeria&hl=en&as_sdt=0,5&as_ylo=2006&as_yhi=2010&as_vis=1"
45,"C Li, ES Ford","Definition of the metabolic syndrome: what's new and what predicts risk?",2006,"Metabolic syndrome and related disorders","liebertpub.com","https://www.liebertpub.com/doi/abs/10.1089/met.2006.4.237","https://scholar.google.com/scholar?cites=12700445925253146722&as_sdt=2005&sciodt=0,5&hl=en",383,"2021-07-17 17:21:18","","10.1089/met.2006.4.237","","",,,,,45,3.00,23,2,15,"… Metabolic syndrome Not specified Any three or more of the following five factors: • Abdominal obesity: waist circumference >102 cm (>40 in.) in men; >88 cm (>35 in.) in women • Hypertriglyceridemia: TG 150 mg/dl ( 1.7 … 30 kg/m 2 was used instead of waist circumference …","","https://scholar.google.com/scholar?q=related:YmjFd0cMQbAJ:scholar.google.com/&scioq=%22waist+circumference%22+nigeria&hl=en&as_sdt=0,5&as_ylo=2006&as_yhi=2010&as_vis=1"
55,"TD Adams, EM Heath, MJ LaMonte…","The relationship between body mass index and per cent body fat in the severely obese",2007,"Diabetes, Obesity …","Wiley Online Library","https://dom-pubs.onlinelibrary.wiley.com/doi/abs/10.1111/j.1463-1326.2006.00631.x","https://scholar.google.com/scholar?cites=3480975098276324015&as_sdt=2005&sciodt=0,5&hl=en",384,"2021-07-17 17:21:18","","10.1111/j.1463-1326.2006.00631.x","","",,,,,55,3.93,14,4,14,"… previously described 27. In addition to height, weight and body impedance, waist circumference measurements were obtained at the level of the umbilicus using an anthropometric tape. Statistical methods. Gender differences were …","","https://scholar.google.com/scholar?q=related:r6K9rGjoTjAJ:scholar.google.com/&scioq=%22waist+circumference%22+nigeria&hl=en&as_sdt=0,5&as_ylo=2006&as_yhi=2010&as_vis=1"
0,"ASA Dhaheri, CJK Henry, HJ Lightowler…","Role of Body Composition in the Glycaemic Response to Foods Fed to Three Different Ethnic Groups",2010,"Annals of Nutrition & …","JSTOR","https://www.jstor.org/stable/48507089","",385,"2021-07-17 17:21:18","","","","",,,,,0,0.00,0,4,11,"… Waist circumference appears to be a good marker for abdominal obesity … healthy volunteers: 9 Caucasian (7 from UK, 1 from France and 1 from New Zealand), 9 Asian (3 from India, 3 from Bangladesh, 2 from Sri Lanka and 1 from Pakistan), and 9 African (6 from Nigeria, 2 from …","","https://scholar.google.com/scholar?q=related:d7Su8TvlmRIJ:scholar.google.com/&scioq=%22waist+circumference%22+nigeria&hl=en&as_sdt=0,5&as_ylo=2006&as_yhi=2010&as_vis=1"
843,"SM Grundy","Metabolic syndrome: connecting and reconciling cardiovascular and diabetes worlds",2006,"Journal of the American College of Cardiology","jacc.org","https://www.jacc.org/doi/abs/10.1016/j.jacc.2005.11.046","https://scholar.google.com/scholar?cites=17252584120255589600&as_sdt=2005&sciodt=0,5&hl=en",386,"2021-07-17 17:21:18","","10.1016/j.jacc.2005.11.046","","",,,,,843,56.20,843,1,15,"… resistance. Risk associated with obesity is best identified by increased waist circumference (abdominal obesity) … III. Waist circumference thresholds were made ethnic-specific, and abdominal obesity was required for diagnosis …","https://www.sciencedirect.com/science/article/pii/S0735109705031098/pdf?md5=65c8c5f187d39c9d1b90dacadab990eb&pid=1-s2.0-S0735109705031098-main.pdf","https://scholar.google.com/scholar?q=related:4Cxhadl9be8J:scholar.google.com/&scioq=%22waist+circumference%22+nigeria&hl=en&as_sdt=0,5&as_ylo=2006&as_yhi=2010&as_vis=1"
64,"NM Al-Daghri, OS Al-Attas, MS Alokail, KM Alkharfy…","Decreasing prevalence of the full metabolic syndrome but a persistently high prevalence of dyslipidemia among adult Arabs",2010,"PLoS …","journals.plos.org","https://journals.plos.org/plosone/article?id=10.1371/journal.pone.0012159","https://scholar.google.com/scholar?cites=13583179662483187986&as_sdt=2005&sciodt=0,5&hl=en",387,"2021-07-17 17:21:18","HTML","","","",,,,,64,5.82,13,5,11,"… 85 mm Hg; triglycerides ≥1.7 mmol/l; HDL cholesterol <1.03 mmol/l for men and <1.29 mmol/l for women; and waist circumference >102 cm … High prevalence of low HDL-cholesterol was also noted among the elderly in Spain [10] and adults in Nigeria [11], but the prevalence …","https://journals.plos.org/plosone/article?id=10.1371/journal.pone.0012159","https://scholar.google.com/scholar?q=related:Eumeru8lgbwJ:scholar.google.com/&scioq=%22waist+circumference%22+nigeria&hl=en&as_sdt=0,5&as_ylo=2006&as_yhi=2010&as_vis=1"
50,"MM Rahman, MA Rahim, Q Nahar","Prevalence and risk factors of type 2 diabetes in an urbanizing rural community of Bangladesh",2007,"Bangladesh Medical Research …","banglajol.info","https://www.banglajol.info/index.php/BMRCB/article/view/1204","https://scholar.google.com/scholar?cites=13501312708156213798&as_sdt=2005&sciodt=0,5&hl=en",388,"2021-07-17 17:21:18","","","","",,,,,50,3.57,17,3,14,"… Female (n=615) Mean (SD) P value Anthropometric variables Height in cm 161.74 (6.89) 150.74 (6.24) 0.00 Weight in kg 53.74 (9.90) 46.58 (8.57) 0.00 Waist circumference in cm 74.81 (9.35) 71.88 (9.52) 0.00 … 54 tolerance in a group of urban adults in Nigeria. J Nat Med Assoc …","https://www.banglajol.info/index.php/BMRCB/article/download/1204/1205","https://scholar.google.com/scholar?q=related:JkoeA2BMXrsJ:scholar.google.com/&scioq=%22waist+circumference%22+nigeria&hl=en&as_sdt=0,5&as_ylo=2006&as_yhi=2010&as_vis=1"
17,"H VATANSEV, E Cakmakci","THE EFFECTS OF 8-WEEK AEROBIC EXERCISES ON THE BLOOD LIPID AND BODY COMPOSITION OF THE OWERWEIGHT AND OBESE FEMALES.",2010,"… & Sport/Science, Movement & Health","researchgate.net","https://www.researchgate.net/profile/Husamettin-Vatansev/publication/228474558_The_effects_of_8-week_aerobic_exercises_on_the_blood_lipid_and_body_composition_of_the_owerweight_and_obese_females/links/02e7e51536b9722948000000/The-effects-of-8-week-aerobic-exercises-on-the-blood-lipid-and-body-composition-of-the-owerweight-and-obese-females.pdf","https://scholar.google.com/scholar?cites=2961711093158721195&as_sdt=2005&sciodt=0,5&hl=en",389,"2021-07-17 17:21:18","PDF","","","",,,,,17,1.55,9,2,11,"… 25:1612-1618, MAFFEİS, C., 2001, Waist circumference and cardiovascular risk faktors in prepubertal children … OYELOLA, OO, RUFAİ, MA, 1993, Plasma Lipid Liporotein And Apolipoprotein Profiles İn Nigerian University Atletes And Nonatletes Br J Sports Med ;27 :271-4 ÖZBEY …","https://www.researchgate.net/profile/Husamettin-Vatansev/publication/228474558_The_effects_of_8-week_aerobic_exercises_on_the_blood_lipid_and_body_composition_of_the_owerweight_and_obese_females/links/02e7e51536b9722948000000/The-effects-of-8-week-aerobic-exercises-on-the-blood-lipid-and-body-composition-of-the-owerweight-and-obese-females.pdf","https://scholar.google.com/scholar?q=related:qzYPI4wcGikJ:scholar.google.com/&scioq=%22waist+circumference%22+nigeria&hl=en&as_sdt=0,5&as_ylo=2006&as_yhi=2010&as_vis=1"
1,"MR Mwenda","Prevalence of some cardiovascular disease risk factors among patients admitted at Mathari hospital",2008,"","erepository.uonbi.ac.ke","http://erepository.uonbi.ac.ke/handle/11295/25266","https://scholar.google.com/scholar?cites=1155960997071682341&as_sdt=2005&sciodt=0,5&hl=en",390,"2021-07-17 17:21:18","","","","",,,,,1,0.08,1,1,13,"… as per WHO criteria, overweight/obesity defined as BMJ>= 25kg/m2 Waist Hip Ratio (WHR) >= 0.80 females and >=0.95 males, Waist circumference (WC) of … aged Nigerians found low overall prevalence of less than 5% cardiovascular risk factors in a Nigerian population study …","http://erepository.uonbi.ac.ke/bitstream/handle/11295/25266/Mwenda_Prevalence%20of%20some%20cardiovascular%20disease%20risk%20factors%20among%20patients%20admitted%20at%20Mathari%20Hospital.pdf?sequence=3","https://scholar.google.com/scholar?q=related:Jfup_GbMChAJ:scholar.google.com/&scioq=%22waist+circumference%22+nigeria&hl=en&as_sdt=0,5&as_ylo=2006&as_yhi=2010&as_vis=1"
144,"JL Del Prado-Lu","Anthropometric measurement of Filipino manufacturing workers",2007,"International Journal of Industrial Ergonomics","Elsevier","https://www.sciencedirect.com/science/article/pii/S016981410700039X","https://scholar.google.com/scholar?cites=4894152895263286676&as_sdt=2005&sciodt=0,5&hl=en",391,"2021-07-17 17:21:18","","","","",,,,,144,10.29,144,1,14,"JavaScript is disabled on your browser. Please enable JavaScript to use all the features on this page. Skip to main content Skip to article …","","https://scholar.google.com/scholar?q=related:lCWeviCG60MJ:scholar.google.com/&scioq=%22waist+circumference%22+nigeria&hl=en&as_sdt=0,5&as_ylo=2006&as_yhi=2010&as_vis=1"
101,"S Salmela, M Poskiparta, K Kasila…","Transtheoretical model-based dietary interventions in primary care: a review of the evidence in diabetes",2009,"Health education …","academic.oup.com","https://academic.oup.com/her/article-abstract/24/2/237/571459","https://scholar.google.com/scholar?cites=4592699590564527909&as_sdt=2005&sciodt=0,5&hl=en",392,"2021-07-17 17:21:18","","","","",,,,,101,8.42,25,4,12,"Abstract. The objective of this study was to review the evidence concerning stage-based dietary interventions in primary care among persons with diabetes or an.","https://academic.oup.com/her/article/24/2/237/571459","https://scholar.google.com/scholar?q=related:JT-ux_GLvD8J:scholar.google.com/&scioq=%22waist+circumference%22+nigeria&hl=en&as_sdt=0,5&as_ylo=2006&as_yhi=2010&as_vis=1"
21,"A Ghosh, T Liu, MJ Khoury, R Valdez","Family history of diabetes and prevalence of the metabolic syndrome in US adults without diabetes: 6-year results from the National Health and Nutrition Examination …",2010,"Public health genomics","karger.com","https://www.karger.com/Article/Abstract/262330","https://scholar.google.com/scholar?cites=1017906743779509323&as_sdt=2005&sciodt=0,5&hl=en",393,"2021-07-17 17:21:18","","","","",,,,,21,1.91,5,4,11,"… be similar but there are some key differences: the IDF definition requires the assessment of waist circumference before considering … Studies among Nigerians, Koreans, US Caucasians, African-Americans, and other populations have all demonstrated an association between a …","","https://scholar.google.com/scholar?q=related:S8RzVcpUIA4J:scholar.google.com/&scioq=%22waist+circumference%22+nigeria&hl=en&as_sdt=0,5&as_ylo=2006&as_yhi=2010&as_vis=1"
19,"AK Akpalu, PK Nyame","Plasma homocysteine as a risk factor for strokes in Ghanaian adults",2009,"Ghana medical journal","ncbi.nlm.nih.gov","https://www.ncbi.nlm.nih.gov/pmc/articles/pmc2956365/","https://scholar.google.com/scholar?cites=3931737137004096260&as_sdt=2005&sciodt=0,5&hl=en",394,"2021-07-17 17:21:18","HTML","","","",,,,,19,1.58,10,2,12,"… the initial clinical evaluation, anthropometric measurements (weight, height and waist circumference) and written … include 15.9 ± 5.0µmol/l in adolescent girls in northern Nigeria 27 and … Risk factors associated with cerebrovascular accidents in Nigerians (A case-control study) …","https://www.ncbi.nlm.nih.gov/pmc/articles/pmc2956365/","https://scholar.google.com/scholar?q=related:BCtXSRhWkDYJ:scholar.google.com/&scioq=%22waist+circumference%22+nigeria&hl=en&as_sdt=0,5&as_ylo=2006&as_yhi=2010&as_vis=1"
0,"WL Adeyemo, BO Bamgbose, TA Adeyemo","Obesity: a review of its implications and considerations in oral and maxillofacial surgery",2007,"","ir.unilag.edu.ng","https://ir.unilag.edu.ng/handle/123456789/6507","",395,"2021-07-17 17:21:18","","","","",,,,,0,0.00,0,3,14,"… there is presently no established figure for the prevalence of obesity in Nigeria,"" anecdotal evidence … obese."" Other established screening parameters for obesity and overweight are Waist Circumference (WC) and … Obesity and its implications in thirty Nigerian patients in Lagos …","https://ir.unilag.edu.ng/bitstream/handle/123456789/6507/Adeyemo%20et%20al.obesity.NQJHM.pdf?sequence=1&isAllowed=y","https://scholar.google.com/scholar?q=related:GZLymKA_IbsJ:scholar.google.com/&scioq=%22waist+circumference%22+nigeria&hl=en&as_sdt=0,5&as_ylo=2006&as_yhi=2010&as_vis=1"
0,"HH TRIAL","ISHIB2007 ABSTRACT PRESENTATIONS AS PRESENTED AT THE 22ND ANNUAL INTERNATIONAL INTERDISCIPLINARY CONFERENCE ON …",2008,"Ethnicity & Disease","ethndis.org","https://ethndis.org/priorsuparchives/ethn-18-03-s3-7.pdf","",396,"2021-07-17 17:21:18","PDF","","","",,,,,0,0.00,0,1,13,"… low or suppressed in the two groups as observed in Nigerian (West Africa … Nigeria 2Department of Medicine, University of Benin Teaching Hospital, Benin City, Nigeria … 012 LEPTIN AND WAIST CIRCUMFERENCE ARE ASSOCIATED WITH SYSTOLIC BLOOD PRESSURE IN …","https://ethndis.org/priorsuparchives/ethn-18-03-s3-7.pdf",""
0,"TL Crume","The impact of in utero exposure to maternal diabetes on childhood growth trajectories and obesity patterns",2010,"","search.proquest.com","https://search.proquest.com/openview/b309d1bfd99f69699623a45aea2557ce/1?pq-origsite=gscholar&cbl=18750","",397,"2021-07-17 17:21:18","BOOK","","","",,,,,0,0.00,0,1,11,"… body size (BMI) and a more centrally distributed adipose tissue (increased visceral fat, subcutaneous abdominal fat, waist circumference and sub-scapular … Nigeria, Uzbekistan, Peru, Qatar and Jamaica, the prevalence of child overweight exceeds that of the United States [13] …","","https://scholar.google.com/scholar?q=related:QGTIPZANpsYJ:scholar.google.com/&scioq=%22waist+circumference%22+nigeria&hl=en&as_sdt=0,5&as_ylo=2006&as_yhi=2010&as_vis=1"
336,"BV Mittal, AK Singh","Hypertension in the developing world: challenges and opportunities",2010,"American Journal of Kidney Diseases","Elsevier","https://www.sciencedirect.com/science/article/pii/S0272638609010828","https://scholar.google.com/scholar?cites=12702344369307717317&as_sdt=2005&sciodt=0,5&hl=en",398,"2021-07-17 17:21:18","","","","",,,,,336,30.55,168,2,11,"… Studies dating back to the 1970s to 1990s from Ghana 14 and Nigeria 15 in West Africa and Lesotho 16 and rural Zulu in South Africa 17 had suggested a low prevalence of hypertension (4%-9%), whereas more recent studies show much higher rates of hypertension (15%-50 …","https://www.ajkd.org/article/S0272-6386%2809%2901082-8/fulltext","https://scholar.google.com/scholar?q=related:xQ5Fa-fKR7AJ:scholar.google.com/&scioq=%22waist+circumference%22+nigeria&hl=en&as_sdt=0,5&as_ylo=2006&as_yhi=2010&as_vis=1"
4,"TA Hartley, CM Burchfiel…","Police and stress",2008,"National Institute for …","blogs-origin.cdc.gov","https://blogs-origin.cdc.gov/niosh-science-blog/2008/06/30/police/","https://scholar.google.com/scholar?cites=12458001229728696702&as_sdt=2005&sciodt=0,5&hl=en",399,"2021-07-17 17:21:18","HTML","","","",,,,,4,0.31,1,3,13,"CDC - Blogs - NIOSH Science Blog – Police and Stress -.","https://blogs-origin.cdc.gov/niosh-science-blog/2008/06/30/police/","https://scholar.google.com/scholar?q=related:fslb9Ry246wJ:scholar.google.com/&scioq=%22waist+circumference%22+nigeria&hl=en&as_sdt=0,5&as_ylo=2006&as_yhi=2010&as_vis=1"
8,"T Gaillard","Insulin resistance and cardiovascular disease risk in black people of the African Diaspora",2010,"Current Cardiovascular Risk Reports","Springer","https://link.springer.com/article/10.1007/s12170-010-0092-x","https://scholar.google.com/scholar?cites=982841962996567815&as_sdt=2005&sciodt=0,5&hl=en",400,"2021-07-17 17:21:18","","10.1007/s12170-010-0092-x","","",,,,,8,0.73,8,1,11,"… highly correlates with fasting glucose, and measures of body composition (waist circumference, waist to … have been seen in various African countries, such as Ghana [26] Nigeria [27], Cameroon [28 … South Africans [12, 13••, 14, 25], native Ghanaians [21, 26], Nigerians [31], urban …","","https://scholar.google.com/scholar?q=related:Bw_C2o7Bow0J:scholar.google.com/&scioq=%22waist+circumference%22+nigeria&hl=en&as_sdt=0,5&as_ylo=2006&as_yhi=2010&as_vis=1"
248,"K Ritchie, I Carrière, CW Ritchie, C Berr, S Artero…","Designing prevention programmes to reduce incidence of dementia: prospective cohort study of modifiable risk factors",2010,"Bmj","bmj.com","https://www.bmj.com/content/341/bmj.c3885","https://scholar.google.com/scholar?cites=12351866718284090631&as_sdt=2005&sciodt=0,5&hl=en",401,"2021-07-17 17:21:18","HTML","","","",,,,,248,22.55,41,6,11,"… risk for dementia that have been identified are due to methodological differences, with the exception of a study of Africans in Nigeria and the … high systolic (>130 mm Hg) or diastolic blood pressure (>85 mm Hg) or use of antihypertensive drugs; large waist circumference (>88 cm …","https://www.bmj.com/content/341/bmj.c3885","https://scholar.google.com/scholar?q=related:Bw1LWFalaqsJ:scholar.google.com/&scioq=%22waist+circumference%22+nigeria&hl=en&as_sdt=0,5&as_ylo=2006&as_yhi=2010&as_vis=1"
136,"S Harding, A Teyhan, MJ Maynard…","Ethnic differences in overweight and obesity in early adolescence in the MRC DASH study: the role of adolescent and parental lifestyle",2008,"International journal …","academic.oup.com","https://academic.oup.com/ije/article-abstract/37/1/162/768889","https://scholar.google.com/scholar?cites=9938788142281508428&as_sdt=2005&sciodt=0,5&hl=en",402,"2021-07-17 17:21:18","","","","",,,,,136,10.46,34,4,13,"… 15 Waist circumference (cm) was measured midway between the 10th rib and the top of the iliac crest, and 0.5 cm subtracted to correct for measurement over T-shirt or vest. The mean of two duplicate measures was derived …","https://academic.oup.com/ije/article/37/1/162/768889","https://scholar.google.com/scholar?q=related:TMaNTiir7YkJ:scholar.google.com/&scioq=%22waist+circumference%22+nigeria&hl=en&as_sdt=0,5&as_ylo=2006&as_yhi=2010&as_vis=1"
30,"Y Zhou, JH Flaherty, CQ Huang, ZC Lu…","Association between body mass index and cognitive function among Chinese nonagenarians/centenarians",2010,"Dementia and geriatric …","karger.com","https://www.karger.com/Article/Abstract/322110","https://scholar.google.com/scholar?cites=16646667641988538430&as_sdt=2005&sciodt=0,5&hl=en",403,"2021-07-17 17:21:18","","","","",,,,,30,2.73,6,5,11,"<i>Aims:</i> We examined the individual association between body mass index (BMI) and cognitive function among the very elderly. <i>Methods:</i> The present study analyzed data from a survey that was.","https://www.karger.com/article/pdf/322110","https://scholar.google.com/scholar?q=related:PmC3xgXYBOcJ:scholar.google.com/&scioq=%22waist+circumference%22+nigeria&hl=en&as_sdt=0,5&as_ylo=2006&as_yhi=2010&as_vis=1"
350,"NS Levitt","Diabetes in Africa: epidemiology, management and healthcare challenges",2008,"Heart","heart.bmj.com","https://heart.bmj.com/content/94/11/1376.short","https://scholar.google.com/scholar?cites=13059397441525535327&as_sdt=2005&sciodt=0,5&hl=en",404,"2021-07-17 17:21:18","","","","",,,,,350,26.92,350,1,13,"Skip to main content. Viewing from: Google Indexer. BMJ Journals. Subscribe; Log In More …","http://citeseerx.ist.psu.edu/viewdoc/download?doi=10.1.1.931.1760&rep=rep1&type=pdf","https://scholar.google.com/scholar?q=related:X1LGCshMPLUJ:scholar.google.com/&scioq=%22waist+circumference%22+nigeria&hl=en&as_sdt=0,5&as_ylo=2006&as_yhi=2010&as_vis=1"
0,"Y Cuptapun, D Hengsawadi, W Mesomya","P51-15 NUTRITIONAL QUALITY EVALUATION OF LENTINUS POLYCHROUS LEV",,"PREVALENCE","search.proquest.com","https://search.proquest.com/openview/183c7081ed93b8b115e8c672b6aac5ba/1?pq-origsite=gscholar&cbl=32607","",405,"2021-07-17 17:21:18","","","","",,,,,0,0.00,0,3,,"… 1; Ehiemere, Ijeoma O.2; Ezenduka, Pauline O.3 1University Of Nigeria, Enugu, Enugu … aim of this study was to evaluate the effect of a Nigerian vegetable, Solanum … adiponectin concentrations were inversely correlated with body mass index, waist circumference, diastolic blood …","https://www.karger.com/Article/PDF/248293",""
149,"VL Feigin, S Barker-Collo, R Krishnamurthi…","Epidemiology of ischaemic stroke and traumatic brain injury",2010,"Best Practice & …","Elsevier","https://www.sciencedirect.com/science/article/pii/S1521689610000728","https://scholar.google.com/scholar?cites=15954722648639650112&as_sdt=2005&sciodt=0,5&hl=en",406,"2021-07-17 17:21:18","","","","",,,,,149,13.55,37,4,11,"","","https://scholar.google.com/scholar?q=related:QLkLmrePat0J:scholar.google.com/&scioq=%22waist+circumference%22+nigeria&hl=en&as_sdt=0,5&as_ylo=2006&as_yhi=2010&as_vis=1"
40,"AT Jotheeswaran, JD Williams, MJ Prince","Predictors of mortality among elderly people living in a south Indian urban community; a 10/66 Dementia Research Group prospective population-based …",2010,"BMC Public Health","Springer","https://link.springer.com/article/10.1186/1471-2458-10-366","https://scholar.google.com/scholar?cites=1106416635855934048&as_sdt=2005&sciodt=0,5&hl=en",407,"2021-07-17 17:21:18","HTML","10.1186/1471-2458-10-366","","",,,,,40,3.64,13,3,11,"… 22]. The effect sizes seem to be larger in LMIC; 5.16 in Brazil [23] and 2.83 in Nigeria [24] … tobacco. c) Nutrition - reported current consumption of meat and fish; mid-upper arm circumference and waist circumference in centimetres …","https://link.springer.com/article/10.1186/1471-2458-10-366","https://scholar.google.com/scholar?q=related:YJLGeRHIWg8J:scholar.google.com/&scioq=%22waist+circumference%22+nigeria&hl=en&as_sdt=0,5&as_ylo=2006&as_yhi=2010&as_vis=1"
26,"CN Unachukwu, DI Uchenna, EE Young","Endocrine and metabolic disorders associated with human immune deficiency virus infection",2009,"West African journal of medicine","ajol.info","https://www.ajol.info/index.php/wajm/article/view/48415","https://scholar.google.com/scholar?cites=14816566926870291521&as_sdt=2005&sciodt=0,5&hl=en",408,"2021-07-17 17:21:18","","","","",,,,,26,2.17,9,3,12,"… Department of Medicine, University of Port Harcourt Teaching Hospital, Rivers State, Nigeria … and colleagues also reported a case of DM in a 48 year old Nigerian male six … has been associated with fat loss in the extremities, as well as increased waist circumference and WHR …","https://www.ajol.info/index.php/wajm/article/download/48415/34769","https://scholar.google.com/scholar?q=related:QaTnUh4Fn80J:scholar.google.com/&scioq=%22waist+circumference%22+nigeria&hl=en&as_sdt=0,5&as_ylo=2006&as_yhi=2010&as_vis=1"
92,"Z Liu, E Albanese, S Li, Y Huang, CP Ferri, F Yan…","Chronic disease prevalence and care among the elderly in urban and rural Beijing, China-a 10/66 Dementia Research Group cross-sectional survey",2009,"BMC Public Health","Springer","https://link.springer.com/article/10.1186/1471-2458-9-394","https://scholar.google.com/scholar?cites=15714142819892797663&as_sdt=2005&sciodt=0,5&hl=en",409,"2021-07-17 17:21:18","HTML","10.1186/1471-2458-9-394","","",,,,,92,7.67,13,7,12,"… 60), physical activity (""have you walked at least 0.5 Km in the last month?""), obesity (direct waist circumference in cm and meets waist circumference criteria for … The ZBI has been widely used in the USA and Europe, but also in Nigeria and Taiwan [29, 30] and in Japan, where it …","https://link.springer.com/article/10.1186/1471-2458-9-394","https://scholar.google.com/scholar?q=related:3yB3OaPZE9oJ:scholar.google.com/&scioq=%22waist+circumference%22+nigeria&hl=en&as_sdt=0,5&as_ylo=2006&as_yhi=2010&as_vis=1"
11,"I Aboderin","Ageing in West Africa",2009,"International handbook of population aging","Springer","https://link.springer.com/chapter/10.1007/978-1-4020-8356-3_12","https://scholar.google.com/scholar?cites=6032724184445647461&as_sdt=2005&sciodt=0,5&hl=en",410,"2021-07-17 17:21:18","","10.1007/978-1-4020-8356-3_12","","",,,,,11,0.92,11,1,12,"… Google Scholar. Aboderin I (2005c) Migration rationales and impacts among Nigerian nurses working … A (2004) Nutritional assessment and health status of the elderly in Southwestern Nigeria … Vishwanatha JK, Bae S, Cardarelli R (2008) Visceral fat, waist circumference and BMI …","http://ndl.ethernet.edu.et/bitstream/123456789/49989/1/66.pdf#page=258","https://scholar.google.com/scholar?q=related:ZXrK2a6KuFMJ:scholar.google.com/&scioq=%22waist+circumference%22+nigeria&hl=en&as_sdt=0,5&as_ylo=2006&as_yhi=2010&as_vis=1"
0,"KP Manma, EO Sanya, ABO Omotoso","The role of echocardiography in the management of stroke",2009,"Cardiovascular Journal of …","journals.co.za","https://journals.co.za/doi/pdf/10.10520/EJC22820","",411,"2021-07-17 17:21:18","","10.10520/EJC22820","","",,,,,0,0.00,0,3,12,"… criteria for Africa: waist circumference ≥ 94 cm for men and women … OF ECHOCARDIOGRAPHY IN THE MANAGE- MENT OF STROKE Kolo Philip Manma, EO Sanya, ABO Omotoso Department of Medicine, University of Ilorin Teaching Hospital, Ilorin, Kwara State, Nigeria …","",""
2,"FB Hu","Metabolic and Hormonal Predictors of Obesity",2008,"Obesity Epidemiology","books.google.com","https://books.google.com/books?hl=en&lr=&id=rv42OY9QLkMC&oi=fnd&pg=PA377&dq=%22waist+circumference%22+nigeria&ots=LVx31myEhC&sig=kY1xK4q43FuqhDN3oU_ybj5bngI","https://scholar.google.com/scholar?cites=12464916066221773781&as_sdt=2005&sciodt=0,5&hl=en",412,"2021-07-17 17:21:18","","","","",,,,,2,0.15,2,1,13,"… significant association between RMR or RQ and weight gain or change in waist circumference or skinfolds … 2006) 9 352 men and 392 women aged 45.9±16.1 y from Nigeria 5.5 y … Interestingly, in a cross-sectional comparative study of 58 Nigerian and 34 African Americans, Luke …","https://scholar.archive.org/work/aynaajcjxzbh7jj4sxlxi2fwa4/access/wayback/http://www.dphu.org/uploads/attachements/books/books_744_0.pdf#page=392","https://scholar.google.com/scholar?q=related:1VM1yh5H_KwJ:scholar.google.com/&scioq=%22waist+circumference%22+nigeria&hl=en&as_sdt=0,5&as_ylo=2006&as_yhi=2010&as_vis=1"
2629,"S Mottillo, KB Filion, J Genest, L Joseph, L Pilote…","The metabolic syndrome and cardiovascular risk: a systematic review and meta-analysis",2010,"Journal of the American …","jacc.org","https://www.jacc.org/doi/abs/10.1016/j.jacc.2010.05.034","https://scholar.google.com/scholar?cites=17493452025740086822&as_sdt=2005&sciodt=0,5&hl=en",413,"2021-07-17 17:21:18","","10.1016/j.jacc.2010.05.034","","",,,,,2629,239.00,438,6,11,"… approach for diagnosing the metabolic syndrome by employing easily measurable risk factors (3,6). Specifically, the NCEP defines the metabolic syndrome as having 3 or more of the following 5 cardiovascular risk factors: 1) central obesity (waist circumference: men >102 cm …","https://www.sciencedirect.com/science/article/pii/S0735109710026380","https://scholar.google.com/scholar?q=related:Jk6T4e45xfIJ:scholar.google.com/&scioq=%22waist+circumference%22+nigeria&hl=en&as_sdt=0,5&as_ylo=2006&as_yhi=2010&as_vis=1"
0,"MD Sorenson","Androgen receptor CAG repeats and body composition among Ariaal men",2007,"","academia.edu","https://www.academia.edu/download/11535421/CampbelletalinpressIJA.pdf","",414,"2021-07-17 17:21:18","PDF","","","",,,,,0,0.00,0,1,14,"… Fur- thermore, in comparison with results on African-Ameri- cans (17.8 ± 3.3), Sierra Leoneans (17.3 ± 2.8), and Nigerians (16.7 ± 4.2) from … 52.7 ± 6.8 Body mass index (wt ⁄ ht2) 18.2 ± 1.9 17.6 ± 1.9 Arm circumference (mm) 23.3 ± 1.7 23.1 ± 2.2 Waist circumference (mm) 72.9 …","https://www.academia.edu/download/11535421/CampbelletalinpressIJA.pdf","https://scholar.google.com/scholar?q=related:YHdofnnIeLIJ:scholar.google.com/&scioq=%22waist+circumference%22+nigeria&hl=en&as_sdt=0,5&as_ylo=2006&as_yhi=2010&as_vis=1"
176,"S Lim, SH Choi, IK Jeong, JH Kim…","Insulin-sensitizing effects of exercise on adiponectin and retinol-binding protein-4 concentrations in young and middle-aged women",2008,"The Journal of …","academic.oup.com","https://academic.oup.com/jcem/article-abstract/93/6/2263/2598774","https://scholar.google.com/scholar?cites=16088865372112060764&as_sdt=2005&sciodt=0,5&hl=en",415,"2021-07-17 17:21:18","","","","",,,,,176,13.54,35,5,13,"Abstract. Context: Exercise training enhances insulin sensitivity. Changes in retinol-binding protein-4 (RBP4) and adiponectin levels are linked to insulin resi.","https://academic.oup.com/jcem/article/93/6/2263/2598774?login=true","https://scholar.google.com/scholar?q=related:XIHSP9AhR98J:scholar.google.com/&scioq=%22waist+circumference%22+nigeria&hl=en&as_sdt=0,5&as_ylo=2006&as_yhi=2010&as_vis=1"
15,"A Rezazadeh, B Rashidkhani…","Evaluation of major dietary patterns and general and central obesity in adult women of north Tehran in 2007",2010,"Research in …","pejouhesh.sbmu.ac.ir","http://pejouhesh.sbmu.ac.ir/files/site1/user_files_ec23de/admin-A-10-1-491-c9d0616.pdf","https://scholar.google.com/scholar?cites=8357429225957712674&as_sdt=2005&sciodt=0,5&hl=en",416,"2021-07-17 17:21:18","PDF","","","",,,,,15,1.36,5,3,11,"Page 1. ﻲﻜﺷﺰﭘرد ﺶﻫوﮋﭘ ) ﻲﻜﺷﺰﭘ هﺪﻜﺸﻧاد ﻲﺸﻫوﮋﭘ ﻪﻠﺠﻣ ( ﻲﺘﺸﻬﺑ ﺪﻴﻬﺷ ﻲﻧﺎﻣرد ﻲﺘﺷاﺪﻬﺑ تﺎﻣﺪﺧ و ﻲﻜﺷﺰﭘ مﻮﻠﻋ هﺎﮕﺸﻧاد هرود 33 هرﺎﻤﺷ ، 4 ، نﺎﺘﺴﻣز 1388 ، تﺎﺤﻔﺻ 246 ﺎﺗ 257 لﺎﺴﮔرﺰﺑ نﺎﻧز رد ﻲﻤﻜﺷ ﻲﻗﺎﭼ و ﻲﻣﻮﻤﻋ ﻲﻗﺎﭼ و ﺐﻟﺎﻏ ﻲﻳاﺬﻏ يﺎﻫﻮﮕﻟا ﻲﺳرﺮﺑ لﺎﺳ رد ناﺮﻬﺗ ﺮﻬﺷ لﺎﻤﺷ 1386 هدازﺎﺿر وزرآ 1* ﻲﻧﺎﺧﺪﻴﺷر ماﺮﻬﺑ ﺮﺘﻛد ، 2 راوﺪﻴﻣا ﻦﻳﺮﺴﻧ ﺮﺘﻛد ، 2 1 … ‎","http://pejouhesh.sbmu.ac.ir/files/site1/user_files_ec23de/admin-A-10-1-491-c9d0616.pdf","https://scholar.google.com/scholar?q=related:ImOt-JmN-3MJ:scholar.google.com/&scioq=%22waist+circumference%22+nigeria&hl=en&as_sdt=0,5&as_ylo=2006&as_yhi=2010&as_vis=1"
0,"AO DADA","GLYCAEMIC AND INSULINAEMIC RESPONSES TO CORN MEALS IN PERSONS WITH TYPE DIABETES",2007,"Faculty of INTERNAL MEDICINE","dissertation.npmcn.edu.ng","http://dissertation.npmcn.edu.ng/index.php/FMCP/article/download/574/625","",417,"2021-07-17 17:21:18","PDF","","","",,,,,0,0.00,0,1,14,"… WC - Waist Circumference WHR - Waist-Hip Ratio … available corn meals in Nigeria are suitable for persons with diabetes mellitus. This study evaluated the plasma glucose response to four corn meal … Sixteen non-diabetic adult Nigerians and sixteen adult persons with type 2 …","http://dissertation.npmcn.edu.ng/index.php/FMCP/article/download/574/625","https://scholar.google.com/scholar?q=related:pmBPHGt1rfEJ:scholar.google.com/&scioq=%22waist+circumference%22+nigeria&hl=en&as_sdt=0,5&as_ylo=2006&as_yhi=2010&as_vis=1"
50,"A Papazafiropoulou, I Daniil, A Sotiropoulos…","Prevalence of asymptomatic bacteriuria in type 2 diabetic subjects with and without microalbuminuria",2010,"BMC research …","Springer","https://link.springer.com/article/10.1186/1756-0500-3-169","https://scholar.google.com/scholar?cites=14432222725144349025&as_sdt=2005&sciodt=0,5&hl=en",418,"2021-07-17 17:21:18","HTML","10.1186/1756-0500-3-169","","",,,,,50,4.55,13,4,11,"… Body weight with subjects in light clothing without shoes and height was measured and body mass index (BMI) was calculated. Waist circumference was measured with a soft tape on standing, midway between the lowest rib and the iliac crest …","https://link.springer.com/article/10.1186/1756-0500-3-169","https://scholar.google.com/scholar?q=related:YYmMcxqOScgJ:scholar.google.com/&scioq=%22waist+circumference%22+nigeria&hl=en&as_sdt=0,5&as_ylo=2006&as_yhi=2010&as_vis=1"
0,"BT BELLO","URINARY ALBUMIN EXCRETION PATTERNS IN PATIENTS WITH TYPE 2 DIABETES AND CHRONIC KIDNEY DISEASE IN LAGOS",2009,"Faculty of INTERNAL MEDICINE","dissertation.npmcn.edu.ng","http://dissertation.npmcn.edu.ng/index.php/FMCP/article/download/552/647","",419,"2021-07-17 17:21:18","PDF","","","",,,,,0,0.00,0,1,12,"… Page 16. 16 1.1 JUSTIFICATION FOR THE STUDY. The large number of Nigerians at risk for CKD as a result of diabetes, the … Lagos, Nigeria. LUTH is the major hospital providing tertiary medical and surgical care for the … 30Kg/m2 or more(45, 46). 3.9.4 Waist Circumference …","http://dissertation.npmcn.edu.ng/index.php/FMCP/article/download/552/647","https://scholar.google.com/scholar?q=related:ftm9RYGK2bUJ:scholar.google.com/&scioq=%22waist+circumference%22+nigeria&hl=en&as_sdt=0,5&as_ylo=2006&as_yhi=2010&as_vis=1"
1,"S Setiati","Insulin resistance in elderly",2010,"Acta Med Indones","Citeseer","https://citeseerx.ist.psu.edu/viewdoc/download?doi=10.1.1.689.3996&rep=rep1&type=pdf","https://scholar.google.com/scholar?cites=15440117849740182381&as_sdt=2005&sciodt=0,5&hl=en",420,"2021-07-17 17:21:18","PDF","","","",,,,,1,0.09,1,1,11,"… a positive correlation between percentage of total body fat, truncal subcutaneous fat, peripheral subcutaneous fat, waist circumference and insulin … The prevalence of insulin resistance and other cardiovascular diseases risk factors in healthy elderly south- western Nigerians …","https://citeseerx.ist.psu.edu/viewdoc/download?doi=10.1.1.689.3996&rep=rep1&type=pdf","https://scholar.google.com/scholar?q=related:bYPuC2FRRtYJ:scholar.google.com/&scioq=%22waist+circumference%22+nigeria&hl=en&as_sdt=0,5&as_ylo=2006&as_yhi=2010&as_vis=1"
8,"H Farshidi, SH Zare, E Bushehri","Association between blood pressure changes and obesity in over-18",2006,"Hormozgan Medical Journal","eprints.hums.ac.ir","http://eprints.hums.ac.ir/284/","https://scholar.google.com/scholar?cites=5958362372824495405&as_sdt=2005&sciodt=0,5&hl=en",421,"2021-07-17 17:21:18","","","","",,,,,8,0.53,3,3,15,"Page 1. ،نﺎﮔﺰﻣﺮﻫ ﻲﻜﺷﺰﭘ ﻪﻠﺠﻣ لﺎﺳ نﺎﺘﺴﺑﺎﺗ ،مود هرﺎﻤﺷ ،ﻢﻫد 1385 لﻮﺌﺴﻣ هﺪﻨﺴﻳﻮﻧ : ﺮﺘﻛد ﻦﻴﺴﺣ يﺪﻴﺷﺮﻓ ﻲﻠﺧاد هوﺮﮔ - ﺐﻠﻗ ﺶﺨﺑ يﺪﻤﺤﻣﺪﻴﻬﺷ نﺎﺘﺳرﺎﻤﻴﺑ - نﺎﮔﺰﻣﺮﻫ ﻲﻜﺷﺰﭘ مﻮﻠﻋ هﺎﮕﺸﻧاد سﺎﺒﻋرﺪﻨﺑ - ناﺮﻳا ﻦﻔﻠﺗ : 09173613517 ﻲﻜﻴﻧوﺮﺘﻜﻟا ﺖﺴﭘ : hfarshidi@hums.mc.ir ﻦﻴﺑ ﻪﻄﺑار و نﻮﺧرﺎﺸﻓ ﻦﺗ يﺎﻬﺼﺧﺎﺷ ﻲﺠﻨﺳ رد نﻻﺎﺴﮔرﺰﺑ سﺎﺒﻋرﺪﻨﺑ ﺮﻬﺷ … ‎","http://eprints.hums.ac.ir/284/1/hmj-v10n2p111-en.pdf","https://scholar.google.com/scholar?q=related:LfVBYwJbsFIJ:scholar.google.com/&scioq=%22waist+circumference%22+nigeria&hl=en&as_sdt=0,5&as_ylo=2006&as_yhi=2010&as_vis=1"
31,"E Cosar, G Köken, FK Sahin, L Akgün, K Üçok…","Resting metabolic rate and exercise capacity in women with polycystic ovary syndrome",2008,"International Journal of …","Elsevier","https://www.sciencedirect.com/science/article/pii/S0020729207006480","https://scholar.google.com/scholar?cites=12553796577407471378&as_sdt=2005&sciodt=0,5&hl=en",422,"2021-07-17 17:21:18","","","","",,,,,31,2.38,5,6,13,"… Using a metal measuring tape 1 cm wide, waist circumference was measured as the minimum value between the iliac crest and the lateral costal margin and hip circumference as the maximum value over the buttocks … in Nigerians and US blacks. Obes Res, 8 (2000), pp …","","https://scholar.google.com/scholar?q=related:Eg_jankLOK4J:scholar.google.com/&scioq=%22waist+circumference%22+nigeria&hl=en&as_sdt=0,5&as_ylo=2006&as_yhi=2010&as_vis=1"
34,"B Nemesure, SY Wu, IR Hambleton…","Risk factors for breast cancer in a black population—the Barbados National Cancer Study",2009,"… journal of cancer","Wiley Online Library","https://onlinelibrary.wiley.com/doi/abs/10.1002/ijc.23827","https://scholar.google.com/scholar?cites=9274762383121954430&as_sdt=2005&sciodt=0,5&hl=en",423,"2021-07-17 17:21:18","","10.1002/ijc.23827","","",,,,,34,2.83,9,4,12,"… Anthropometric measurements [including height, weight, body‐mass index (BMI), waist circumference (WC), hip circumference (HC) and waist–hip ratio (WHR)] above the upper quintile were considered high, those below the lowest quintile were classified as low and all others …","https://onlinelibrary.wiley.com/doi/pdf/10.1002/ijc.23827","https://scholar.google.com/scholar?q=related:frYjZj-TtoAJ:scholar.google.com/&scioq=%22waist+circumference%22+nigeria&hl=en&as_sdt=0,5&as_ylo=2006&as_yhi=2010&as_vis=1"
265,"YC Chang, PH Liu, WJ Lee, TJ Chang, YD Jiang…","Common variation in the fat mass and obesity-associated (FTO) gene confers risk of obesity and modulates BMI in the Chinese population",2008,"Diabetes","Am Diabetes Assoc","https://diabetes.diabetesjournals.org/content/57/8/2245.short","https://scholar.google.com/scholar?cites=12451845586019465210&as_sdt=2005&sciodt=0,5&hl=en",424,"2021-07-17 17:21:18","","","","",,,,,265,20.38,44,6,13,"","https://diabetes.diabetesjournals.org/content/diabetes/57/8/2245.full.pdf","https://scholar.google.com/scholar?q=related:-re0eJbXzawJ:scholar.google.com/&scioq=%22waist+circumference%22+nigeria&hl=en&as_sdt=0,5&as_ylo=2006&as_yhi=2010&as_vis=1"
68,"MA Ariza, VG Vimalananda, JL Rosenzweig","The economic consequences of diabetes and cardiovascular disease in the United States",2010,"Reviews in Endocrine and …","Springer","https://link.springer.com/article/10.1007/s11154-010-9128-2","https://scholar.google.com/scholar?cites=1620043222237079344&as_sdt=2005&sciodt=0,5&hl=en",425,"2021-07-17 17:21:18","","10.1007/s11154-010-9128-2","","",,,,,68,6.18,23,3,11,"Diabetes-related care and complications constitute a significant proportion of the United States' (US) health care expenditure. Of these complication.","http://citeseerx.ist.psu.edu/viewdoc/download?doi=10.1.1.963.1669&rep=rep1&type=pdf","https://scholar.google.com/scholar?q=related:MGc4LrqMexYJ:scholar.google.com/&scioq=%22waist+circumference%22+nigeria&hl=en&as_sdt=0,5&as_ylo=2006&as_yhi=2010&as_vis=1"
242,"AG Dulloo, J Jacquet, G Solinas, JP Montani…","Body composition phenotypes in pathways to obesity and the metabolic syndrome",2010,"International journal of …","nature.com","https://www.nature.com/articles/ijo2010234","https://scholar.google.com/scholar?cites=822723722294651762&as_sdt=2005&sciodt=0,5&hl=en",426,"2021-07-17 17:21:18","","","","",,,,,242,22.00,48,5,11,"Dynamic changes in body weight have long been recognized as important indicators of risk for debilitating diseases. While weight loss or impaired growth can lead to muscle wastage, as well as to susceptibility to infections and organ dysfunctions, the development of excess fat predisposes …","https://doc.rero.ch/record/22815/files/dul_bcp.pdf","https://scholar.google.com/scholar?q=related:cuuoz93magsJ:scholar.google.com/&scioq=%22waist+circumference%22+nigeria&hl=en&as_sdt=0,5&as_ylo=2006&as_yhi=2010&as_vis=1"
261,"A Trinchieri","Epidemiology of urolithiasis: an update",2008,"Clinical cases in mineral and bone metabolism","ncbi.nlm.nih.gov","https://www.ncbi.nlm.nih.gov/pmc/articles/pmc2781200/","https://scholar.google.com/scholar?cites=11852698834691818084&as_sdt=2005&sciodt=0,5&hl=en",427,"2021-07-17 17:21:18","HTML","","","",,,,,261,20.08,261,1,13,"… frequent. Upper urinary tract stones are relatively uncommon in Nigeria (31) probably being related to chronic dehydration exacerbated by religious fasting … formation. Waist circumference was also positively associated with risk (59) …","https://www.ncbi.nlm.nih.gov/pmc/articles/pmc2781200/","https://scholar.google.com/scholar?q=related:ZAJ-t8o-faQJ:scholar.google.com/&scioq=%22waist+circumference%22+nigeria&hl=en&as_sdt=0,5&as_ylo=2006&as_yhi=2010&as_vis=1"
97,"SJ Kang, CWK Chiang, CD Palmer…","Genome-wide association of anthropometric traits in African-and African-derived populations",2010,"Human molecular …","academic.oup.com","https://academic.oup.com/hmg/article-abstract/19/13/2725/557662","https://scholar.google.com/scholar?cites=13908066069577910530&as_sdt=2005&sciodt=0,5&hl=en",428,"2021-07-17 17:21:18","","","","",,,,,97,8.82,24,4,11,"Abstract. Genome-wide association (GWA) studies have identified common variants that are associated with a variety of traits and diseases, but most studies have.","https://academic.oup.com/hmg/article/19/13/2725/557662","https://scholar.google.com/scholar?q=related:Asna9WZgA8EJ:scholar.google.com/&scioq=%22waist+circumference%22+nigeria&hl=en&as_sdt=0,5&as_ylo=2006&as_yhi=2010&as_vis=1"
0,"L Huang, JE Schoonenboom, M Van Dongen…","14 Methionine Requirement in Presence of Cysteine in the Enterally Fed Term Neonate",2010,"Pediatric …","nature.com","https://www.nature.com/articles/pr2010223","",429,"2021-07-17 17:21:18","","","","",,,,,0,0.00,0,4,11,"… p< 0.001) and diastolic (+5 mmHg; p< 0.001) BP, increased p-glucose (+0.3 mmol/L; p < 0.04) and waist circumference (+ 3cm, p … and infant undernutrition is associated with significantly increased risk of hypertension and impaired glucose tolerance in 40-year-old Nigerians …","https://www.nature.com/articles/pr2010223.pdf?origin=ppub",""
0,"S MENDIS, P NORDET","Volume Contents for Prevention and Control, Volume",,"globalheartjournal.com","","https://globalheartjournal.com/articles/10.1016/S1573-2088(06)00048-1/galley/555/download/","",430,"2021-07-17 17:21:18","","","","",,,,,0,0.00,0,2,,"… Non-HDL-cholesterol, waist circumference and the HOMA index: Correlations in the healthy … 263 Building national capacity for cardiovascular disease pre- vention in low–medium income countries: The Nigerian Heart Foundation experience News items A. OGI …","",""
0,"SB MUAZU","SECONDARY FAILURE OF ORAL HYPOGLYCAEMIC AGENTS (Sulphonylurea and Metformin): A STUDY OF ITS PREVALENCE AND RISK FACTORS …",2008,"Faculty of INTERNAL MEDICINE","dissertation.npmcn.edu.ng","http://dissertation.npmcn.edu.ng/index.php/FMCP/article/download/527/671","",431,"2021-07-17 17:21:18","PDF","","","",,,,,0,0.00,0,1,13,"… WC -Waist circumference WHO -World Health Organization … Having recognised some of the consequences of poor diabetes control among Nigerian patients, it is therefore very important in the management of … There is very scanty data in Nigeria on OHA failure in T2DM patients …","http://dissertation.npmcn.edu.ng/index.php/FMCP/article/download/527/671","https://scholar.google.com/scholar?q=related:b9iDx_PjdBQJ:scholar.google.com/&scioq=%22waist+circumference%22+nigeria&hl=en&as_sdt=0,5&as_ylo=2006&as_yhi=2010&as_vis=1"
0,"A IPADEOLA","PREVALENCE AND CHARACTERISTICS OF LATENT AUTOIMMUNE DIABETES IN ADULTS DIAGNOSED TO HAVE TYPE 2 DIABETES AT THE UNIVERSITY …",2009,"Faculty of INTERNAL MEDICINE","dissertation.npmcn.edu.ng","http://dissertation.npmcn.edu.ng/index.php/FMCP/article/download/546/653","",432,"2021-07-17 17:21:18","PDF","","","",,,,,0,0.00,0,1,12,"… 26.59 kg/m2) and waist circumference (89.80 kg/m2 vs … Conclusion The prevalence of LADA amongst Nigerian patients clinically diagnosed as type 2 DM was 11.9 … 1.5.3. Nigeria's Burden Diabetes mellitus is the commonest endocrine disorder in Nigeria with a national …","http://dissertation.npmcn.edu.ng/index.php/FMCP/article/download/546/653","https://scholar.google.com/scholar?q=related:adoeQmD4EZsJ:scholar.google.com/&scioq=%22waist+circumference%22+nigeria&hl=en&as_sdt=0,5&as_ylo=2006&as_yhi=2010&as_vis=1"
0,"R Nanos","The association between ACE I/D DD and AGT-235 TT genotypes and obesity and metabolic syndrome in persons of African descent",2007,"","search.proquest.com","https://search.proquest.com/openview/3fea18e1fa60f6c50a1233e60d3c7e73/1?pq-origsite=gscholar&cbl=18750","",433,"2021-07-17 17:21:18","BOOK","","","",,,,,0,0.00,0,1,14,"… (MMS). MMS requires three of the following five criteria for diagnosis: (1.) abdominal adiposity measured by a waist circumference >102 cm in men and >88 cm in women; (2.) … and waist circumference was 26.9 ±3.1 and 94.6 ± 8.2 cm, respectively. Results of the 7 …","","https://scholar.google.com/scholar?q=related:2xzFYEooIi4J:scholar.google.com/&scioq=%22waist+circumference%22+nigeria&hl=en&as_sdt=0,5&as_ylo=2006&as_yhi=2010&as_vis=1"
0,"AK JIMOH","GLYCAEMIC RESPONSE TO THREE DIFFERENT PREPARATIONS OF WHITE YAM IN DIABETIC AND NON-DIABETIC NIGERIANS",2008,"Faculty of Pathology","dissertation.npmcn.edu.ng","http://www.dissertation.npmcn.edu.ng/index.php/FMCPath/article/download/1300/1290","",434,"2021-07-17 17:21:18","PDF","","","",,,,,0,0.00,0,1,13,"… In Nigeria few studies have been carried out on the blood glucose response and glycaemic indices of foods 11, 12, 13,14,15,16 … in the blood glucose response as a result of physical modifications of some of Nigerian foods … Nigerians as a result of these physical modifications …","http://www.dissertation.npmcn.edu.ng/index.php/FMCPath/article/download/1300/1290","https://scholar.google.com/scholar?q=related:787lKFREOckJ:scholar.google.com/&scioq=%22waist+circumference%22+nigeria&hl=en&as_sdt=0,5&as_ylo=2006&as_yhi=2010&as_vis=1"
0,"K Reinsma","Chop Fayne: Nutritional Realities in Cameroon and Interventions in the Northwest Province",2008,"","files.peacecorps.gov","https://files.peacecorps.gov/multimedia/pdf/learn/whyvol/masters/theses/PublicHealth/Reinsmak.pdf","",435,"2021-07-17 17:21:18","PDF","","","",,,,,0,0.00,0,1,13,"… Evidently, the Niger-Congo language family arose in West Africa; the Bantu branch at the east end of the range in Cameroon and Nigeria and then … overweight or obese or having a high waist circumference (WC) was increased with 25 Page 31 …","https://files.peacecorps.gov/multimedia/pdf/learn/whyvol/masters/theses/PublicHealth/Reinsmak.pdf","https://scholar.google.com/scholar?q=related:33DuXb-OCcEJ:scholar.google.com/&scioq=%22waist+circumference%22+nigeria&hl=en&as_sdt=0,5&as_ylo=2006&as_yhi=2010&as_vis=1"
0,"RE OBILOM","… AMONG PATIENTS WITH TYPE 2 DIABETES MELLITUS SEEN AT THE JOS UNIVERSITY TEACHING HOSPITAL, JOS, PLATEAU STATE, NIGERIA",2008,"Faculty of Family Medicine","dissertation.npmcn.edu.ng","http://www.dissertation.npmcn.edu.ng/index.php/FMCFM/article/download/353/1711","",436,"2021-07-17 17:21:18","PDF","","","",,,,,0,0.00,0,1,13,"… deviation, and myocardial infarction) in diabetic Nigerians conducted forty years ago was 0.6% and … Nigeria may have diastolic dysfunction and/or other serious but subclinical cardiac abnormalities … To describe the pattern of ECG abnormalities in type 2 Nigerian diabetics seen …","http://www.dissertation.npmcn.edu.ng/index.php/FMCFM/article/download/353/1711","https://scholar.google.com/scholar?q=related:15lgnS6feJUJ:scholar.google.com/&scioq=%22waist+circumference%22+nigeria&hl=en&as_sdt=0,5&as_ylo=2006&as_yhi=2010&as_vis=1"
206,"C Agyemang, J Addo, R Bhopal…","Cardiovascular disease, diabetes and established risk factors among populations of sub-Saharan African descent in Europe: a literature review",2009,"Globalization …","globalizationandhealth …","https://globalizationandhealth.biomedcentral.com/articles/10.1186/1744-8603-5-7","https://scholar.google.com/scholar?cites=4083418422039038966&as_sdt=2005&sciodt=0,5&hl=en",437,"2021-07-17 17:21:18","HTML","10.1186/1744-8603-5-7","","",,,,,206,17.17,52,4,12,"Most European countries are ethnically and culturally diverse. Globally, cardiovascular disease (CVD) is the leading cause of death. The major risk factors for CVD have been well established. This picture holds true for all regions of the world and in different ethnic groups. However …","https://globalizationandhealth.biomedcentral.com/articles/10.1186/1744-8603-5-7","https://scholar.google.com/scholar?q=related:9kvsgms3qzgJ:scholar.google.com/&scioq=%22waist+circumference%22+nigeria&hl=en&as_sdt=0,5&as_ylo=2006&as_yhi=2010&as_vis=1"
29,"JA Mbalilaki, Z Masesa, SB Strømme…","Daily energy expenditure and cardiovascular risk in Masai, rural and urban Bantu Tanzanians",2010,"British journal of sports …","bjsm.bmj.com","https://bjsm.bmj.com/content/44/2/121.short","https://scholar.google.com/scholar?cites=2699735323347696411&as_sdt=2005&sciodt=0,5&hl=en",438,"2021-07-17 17:21:18","","","","",,,,,29,2.64,7,4,11,"Skip to main content. Viewing from: Google Indexer. BMJ Journals. Subscribe; Log In More Log in via Institution. Log in via OpenAthens. Log in via your Society Select your society ACMSE ACPSEM ACSEP AMSSM BASEM BASRAT …","https://www.researchgate.net/profile/Per-Waendell/publication/51399410_Daily_energy_expenditure_and_cardiovascular_risk_in_Masai_rural_and_urban_Bantu_Tanzanians/links/00b7d528f4bca72c20000000/Daily-energy-expenditure-and-cardiovascular-risk-in-Masai-rural-and-urban-Bantu-Tanzanians.pdf","https://scholar.google.com/scholar?q=related:G7u2B_lidyUJ:scholar.google.com/&scioq=%22waist+circumference%22+nigeria&hl=en&as_sdt=0,5&as_ylo=2006&as_yhi=2010&as_vis=1"
8,"CA Armstead, NB Anderson…","Urbanicity affects blood pressure and heart rate reactivity to a speech stressor in Cameroon",2010,"Ethnicity & …","ncbi.nlm.nih.gov","https://www.ncbi.nlm.nih.gov/pmc/articles/PMC3773215/","https://scholar.google.com/scholar?cites=9352379266801608451&as_sdt=2005&sciodt=0,5&hl=en",439,"2021-07-17 17:21:18","HTML","","","",,,,,8,0.73,3,3,11,"… R, Adams-Campbell L. Prevalence of elevated serum prostate-specific antigen in rural Nigeria … Assessment of cardiovascular risk factors in Nigerian students … The association of waist circumference with ambulatory blood pressure is independent of alternative adiposity indices …","https://www.ncbi.nlm.nih.gov/pmc/articles/PMC3773215/","https://scholar.google.com/scholar?q=related:AydwYmRTyoEJ:scholar.google.com/&scioq=%22waist+circumference%22+nigeria&hl=en&as_sdt=0,5&as_ylo=2006&as_yhi=2010&as_vis=1"
6,"S Kumar, VP Sharma, HK Tripathi, MPS Negi…","Efficacy of dynamic muscular stabilization techniques (DMST) over conventional techniques in patients with chronic low back pain",2009,"Indian Journal of …","ijpot.com","http://www.ijpot.com/scripts/April-June%202009%20issue.pdf#page=50","https://scholar.google.com/scholar?cites=5972067908041143871&as_sdt=2005&sciodt=0,5&hl=en",440,"2021-07-17 17:21:18","PDF","","","",,,,,6,0.50,1,5,12,"… 5.68 84.18±6.40 1.26ns Pulse Rate 78.03±6.06 80.54±7.54 1.61ns Duration (Month) 24.95±32.43 23.46±21.04 0.24ns Rest due to LBP 10.79±19.24 10.05±12.91 0.73ns (Days) WC= Waist Circumference, HC= Hip … Nigerian Journal of Medical Rehabilitation 2008; Accepted. 18 …","http://www.ijpot.com/scripts/April-June%202009%20issue.pdf#page=50","https://scholar.google.com/scholar?q=related:P3ZN-R4M4VIJ:scholar.google.com/&scioq=%22waist+circumference%22+nigeria&hl=en&as_sdt=0,5&as_ylo=2006&as_yhi=2010&as_vis=1"
8,"M Vallejo, G Martinez-Palomino…","Relationship Between the Angiotensin I–Converting Enzyme Insertion/Deletion (I/D) Polymorphism and Cardiovascular Risk Factors in Healthy Young Mexican …",2009,"Genetic testing and …","liebertpub.com","https://www.liebertpub.com/doi/abs/10.1089/gtmb.2008.0105","https://scholar.google.com/scholar?cites=11862129988960916571&as_sdt=2005&sciodt=0,5&hl=en",441,"2021-07-17 17:21:18","","10.1089/gtmb.2008.0105","","",,,,,8,0.67,3,3,12,"… J Am Diet Assoc 103:1178–1184. Lean ME, Han TS, Morrison CE (1995) Waist circumference as a measure for indicating need for weight management. BMJ 311:158–161 … (1996) Polymorphism of rennin-angiotensin genes among Nigerians, Jamaicans, and African American …","https://www.researchgate.net/profile/Gilberto-Vargas-Alarcon/publication/24282201_Relationship_Between_the_Angiotensin_I-Converting_Enzyme_InsertionDeletion_ID_Polymorphism_and_Cardiovascular_Risk_Factors_in_Healthy_Young_Mexican_Women/links/58ffa23045851565029f339e/Relationship-Between-the-Angiotensin-I-Converting-Enzyme-Insertion-Deletion-I-D-Polymorphism-and-Cardiovascular-Risk-Factors-in-Healthy-Young-Mexican-Women.pdf","https://scholar.google.com/scholar?q=related:WxSGb2DAnqQJ:scholar.google.com/&scioq=%22waist+circumference%22+nigeria&hl=en&as_sdt=0,5&as_ylo=2006&as_yhi=2010&as_vis=1"
85,"J Bressler, WHL Kao, JS Pankow, E Boerwinkle","Risk of Type 2 Diabetes and Obesity Is Differentially Associated with Variation in FTO in Whites and African-Americans in the ARIC Study",2010,"PloS one","journals.plos.org","https://journals.plos.org/plosone/article?id=10.1371/journal.pone.0010521","https://scholar.google.com/scholar?cites=15932233212665595658&as_sdt=2005&sciodt=0,5&hl=en",442,"2021-07-17 17:21:18","HTML","","","",,,,,85,7.73,21,4,11,"… There was also a significant difference found in mean WHR and waist circumference (WC) for white but not for African-American individuals … African ancestry populations with the FTO rs9939609 variant first identified in Europeans (r 2 = 0.072 in Yoruba in Ibadan, Nigeria (YRI); r …","https://journals.plos.org/plosone/article?id=10.1371/journal.pone.0010521","https://scholar.google.com/scholar?q=related:Cgedv7GpGt0J:scholar.google.com/&scioq=%22waist+circumference%22+nigeria&hl=en&as_sdt=0,5&as_ylo=2006&as_yhi=2010&as_vis=1"
0,"P Higgins, VS Voruganti…","2 Genetics of Body Weight and Obesity",2010,"Human Variation: From …","books.google.com","https://books.google.com/books?hl=en&lr=&id=S5nSgzf2MhQC&oi=fnd&pg=PA17&dq=%22waist+circumference%22+nigeria&ots=8oHez0aTeX&sig=q2eq8nWmeIUPVpJjP3r-PnEag38","",443,"2021-07-17 17:21:18","","","","",,,,,0,0.00,0,3,11,"… the p12–23 region of chromosome 8 was linked to BMI in five different populations, namely Nigerians, Whites, Old-Order Amish, Mexican-Americans, and Finnish. Other regions that have been associated with BMI or related traits such as waist circumference, skinfold measures …","","https://scholar.google.com/scholar?q=related:TzrzGBj3VaoJ:scholar.google.com/&scioq=%22waist+circumference%22+nigeria&hl=en&as_sdt=0,5&as_ylo=2006&as_yhi=2010&as_vis=1"
0,"EXOIDKC Iregbu…","NIGERIAN MEDICINE MEDICAL SCIENCES",2008,"Archives of Nigerian …","archivesnmms.org.ng","http://www.archivesnmms.org.ng/pdf/backissue/vol5issue2.pdf","",444,"2021-07-17 17:21:18","PDF","","","",,,,,0,0.00,0,2,13,"… 5 (2) Page 3. Archives of NIGERIAN MEDICINE and MEDICAL SCIENCES Official publication of the Medical and Dental Consultants' Association of Nigeria National Hospital, Abuja Branch. iii Volume 5, Number 2 July 2008 ISSN: 1597 - 2941 EDITORIAL BOARD EDITOR …","http://www.archivesnmms.org.ng/pdf/backissue/vol5issue2.pdf","https://scholar.google.com/scholar?q=related:hiXHuLRRdloJ:scholar.google.com/&scioq=%22waist+circumference%22+nigeria&hl=en&as_sdt=0,5&as_ylo=2006&as_yhi=2010&as_vis=1"
35,"S Kumar, VP Sharma, R Shukla…","Comparative efficacy of two multimodal treatments on male and female sub-groups with low back pain (part II)",2010,"Journal of back and …","content.iospress.com","https://content.iospress.com/articles/journal-of-back-and-musculoskeletal-rehabilitation/bmr00241","https://scholar.google.com/scholar?cites=18034333376558922884&as_sdt=2005&sciodt=0,5&hl=en",445,"2021-07-17 17:21:18","","","","",,,,,35,3.18,9,4,11,"… The demographic characteristics such as age, weight, height, waist circumference (WC), hip circumference (HC), BMI (body mass index) and duration of LBP (Duration) of two treatment groups were assessed at baseline before randomization …","https://www.researchgate.net/profile/Suraj-Kumar-30/publication/41969407_Comparative_efficacy_of_two_multimodal_treatments_on_male_and_female_sub-groups_with_low_back_pain_part_II/links/0c96052ece33d3562c000000/Comparative-efficacy-of-two-multimodal-treatments-on-male-and-female-sub-groups-with-low-back-pain-part-II.pdf","https://scholar.google.com/scholar?q=related:hPzD7qfSRvoJ:scholar.google.com/&scioq=%22waist+circumference%22+nigeria&hl=en&as_sdt=0,5&as_ylo=2006&as_yhi=2010&as_vis=1"
1,"B Longo-Mbenza, JCM Kumbi, GM Dipa, AN Okwe…","Association between coronary heart disease, certain components of metabolic syndrome and the QTc interval in hypertensive central Africans",2008,"Circulation","Citeseer","http://citeseerx.ist.psu.edu/viewdoc/download?doi=10.1.1.614.9906&rep=rep1&type=pdf","https://scholar.google.com/scholar?cites=5823108119373610639&as_sdt=2005&sciodt=0,5&hl=en",446,"2021-07-17 17:21:18","PDF","","","",,,,,1,0.08,0,5,13,"… DEFINITIONS Waist circumference ≥ 94 cm was the local cut-off to define local abdominal obesity/clinical insulin resistance and metabolic syndrome [22]. Abdominal obesity was also defined by Waist/Hip ratio ≥1 … The QT interval in Nigerian children with sickle cell anaemia …","http://citeseerx.ist.psu.edu/viewdoc/download?doi=10.1.1.614.9906&rep=rep1&type=pdf","https://scholar.google.com/scholar?q=related:j_70f_vVz1AJ:scholar.google.com/&scioq=%22waist+circumference%22+nigeria&hl=en&as_sdt=0,5&as_ylo=2006&as_yhi=2010&as_vis=1"
118,"J Segura, LM Ruilope","Obesity, essential hypertension and renin–angiotensin system",2007,"Public health nutrition","cambridge.org","https://www.cambridge.org/core/journals/public-health-nutrition/article/obesity-essential-hypertension-and-reninangiotensin-system/81F92BA801DF05D2BAF7A911B06F3C0C","https://scholar.google.com/scholar?cites=16477528295468058176&as_sdt=2005&sciodt=0,5&hl=en",447,"2021-07-17 17:21:18","","","","",,,,,118,8.43,59,2,14,"… The International Diabetes Federation has recently described a new definition of metabolic syndrome, with more strict criteria for waist circumference ($94 cm for … Hypertension, serum angiotensinogen, and molecular variants of the angiotensinogen gene among Nigerians …","https://www.cambridge.org/core/services/aop-cambridge-core/content/view/81F92BA801DF05D2BAF7A911B06F3C0C/S136898000700064Xa.pdf/div-class-title-obesity-essential-hypertension-and-renin-angiotensin-system-div.pdf","https://scholar.google.com/scholar?q=related:QEbS267wq-QJ:scholar.google.com/&scioq=%22waist+circumference%22+nigeria&hl=en&as_sdt=0,5&as_ylo=2006&as_yhi=2010&as_vis=1"
51,"D Mehraban, M Salehi, F Zayeri","Penile size and somatometric parameters among Iranian normal adult men",2007,"International journal of impotence …","nature.com","https://www.nature.com/articles/3901532","https://scholar.google.com/scholar?cites=15939300982094130406&as_sdt=2005&sciodt=0,5&hl=en",448,"2021-07-17 17:21:18","HTML","","","",,,,,51,3.64,17,3,14,"… The penile circumference or girth was measured at the midshaft. The height and weight were measured as routine. The waist circumference was measured at the umbilical level and the hips circumference was measured at the level of the anterior–superior iliac spines …","https://www.nature.com/articles/3901532","https://scholar.google.com/scholar?q=related:5mzBDcvFM90J:scholar.google.com/&scioq=%22waist+circumference%22+nigeria&hl=en&as_sdt=0,5&as_ylo=2006&as_yhi=2010&as_vis=1"
6,"SD Nesbitt","Environmental, societal, and genetic contributions to the epidemic of hypertension in African Americans",2008,"Current Cardiovascular Risk Reports","Springer","https://link.springer.com/article/10.1007/s12170-008-0034-z","https://scholar.google.com/scholar?cites=8270065091792798310&as_sdt=2005&sciodt=0,5&hl=en",449,"2021-07-17 17:21:18","","10.1007/s12170-008-0034-z","","",,,,,6,0.46,6,1,13,"… through the 1990s, the prevalence of hypertension among rural residents was 4.1% in Ghana, 5.9% in Nigeria, 7% in … 2p region may be important in black and white families, and the 7p region was implicated in Nigerian and African … Association of waist circumference with risk …","","https://scholar.google.com/scholar?q=related:ZgKrYWIsxXIJ:scholar.google.com/&scioq=%22waist+circumference%22+nigeria&hl=en&as_sdt=0,5&as_ylo=2006&as_yhi=2010&as_vis=1"
75,"TR Thomas, SO Warner…","Exercise and the metabolic syndrome with weight regain",2010,"Journal of Applied …","journals.physiology.org","https://journals.physiology.org/doi/abs/10.1152/japplphysiol.01361.2009","https://scholar.google.com/scholar?cites=18102520233765278721&as_sdt=2005&sciodt=0,5&hl=en",450,"2021-07-17 17:21:18","","10.1152/japplphysiol.01361.2009","","",,,,,75,6.82,25,3,11,"Login to your account. Institutional Login. Sign In / Register. PHYSIOLOGY.ORG Skip main navigation Close Drawer MenuOpen Drawer Menu Home: Journals: AJP-Cell; AJP-Endo; AJP-GI; AJP-Heart; AJP-Lung; AJP-Regu; AJP-Renal; …","https://journals.physiology.org/doi/full/10.1152/japplphysiol.01361.2009","https://scholar.google.com/scholar?q=related:AZTmyD0SOfsJ:scholar.google.com/&scioq=%22waist+circumference%22+nigeria&hl=en&as_sdt=0,5&as_ylo=2006&as_yhi=2010&as_vis=1"
108,"K Gündogan, F Bayram, M Capak…","Prevalence of metabolic syndrome in the Mediterranean region of Turkey: evaluation of hypertension, diabetes mellitus, obesity, and dyslipidemia",2009,"… syndrome and related …","liebertpub.com","https://www.liebertpub.com/doi/abs/10.1089/met.2008.0068","https://scholar.google.com/scholar?cites=15050760447201991038&as_sdt=2005&sciodt=0,5&hl=en",451,"2021-07-17 17:21:18","","10.1089/met.2008.0068","","",,,,,108,9.00,27,4,12,"… 30 kg/m2 as obese. Also waist circumference (WC) of participants was measured at the level of the iliac processes and the umbilicus with a soft tape measure to evaluate abdominal obesity. Systolic blood pressure (SBP) and …","https://www.researchgate.net/profile/Kuersat-Guendogan/publication/26812213_Prevalence_of_Metabolic_Syndrome_in_the_Mediterranean_Region_of_Turkey_Evaluation_of_Hypertension_Diabetes_Mellitus_Obesity_and_Dyslipidemia/links/53cf77d90cf2fd75bc59cb8c/Prevalence-of-Metabolic-Syndrome-in-the-Mediterranean-Region-of-Turkey-Evaluation-of-Hypertension-Diabetes-Mellitus-Obesity-and-Dyslipidemia.pdf","https://scholar.google.com/scholar?q=related:fln5ZuIK39AJ:scholar.google.com/&scioq=%22waist+circumference%22+nigeria&hl=en&as_sdt=0,5&as_ylo=2006&as_yhi=2010&as_vis=1"
1,"BA ALONGE","CARDIOVASCULAR RISK FACTORS IN NONHYPERTENSIVE TYPE 2 DIABETES MELLITUS IN JOS UNIVERSITY TEACHING HOSPITAL, JOS",2007,"Faculty of INTERNAL MEDICINE","dissertation.npmcn.edu.ng","http://dissertation.npmcn.edu.ng/index.php/FMCP/article/view/500","https://scholar.google.com/scholar?cites=18406454195611184533&as_sdt=2005&sciodt=0,5&hl=en",452,"2021-07-17 17:21:18","","","","",,,,,1,0.07,1,1,14,"… BMI – Body mass index WC – Waist circumference WHR – waist hip ratio … year 2010(3), with the majority having Type 2 diabetes. In Nigeria the … the same year in Lagos reported a prevalence rate of 19.3% amongst Nigerian subjects of an old people's home …","http://dissertation.npmcn.edu.ng/index.php/FMCP/article/download/500/695","https://scholar.google.com/scholar?q=related:lS3nv5HccP8J:scholar.google.com/&scioq=%22waist+circumference%22+nigeria&hl=en&as_sdt=0,5&as_ylo=2006&as_yhi=2010&as_vis=1"
0,"J Bradshaw, A Gienapp, J Perosky, R Rabban","Portable Pelvic Examination Table",2009,"","deepblue.lib.umich.edu","https://deepblue.lib.umich.edu/handle/2027.42/62472","",453,"2021-07-17 17:21:18","","","","",,,,,0,0.00,0,4,12,"… Anthropometrical data shows us that the average weight of Nigerian women to be 126 lbs (57 kg … Height (cm) Average Weight (kg) Hip Circumference (cm) Chest Circumference (cm) Waist Circumference (cm) Thigh … Ghana Ghana Nigeria Nigeria Nigeria Nigeria Nigeria Nigeria …","https://deepblue.lib.umich.edu/bitstream/handle/2027.42/62472/me450?sequence=1","https://scholar.google.com/scholar?q=related:gtFe63ScduwJ:scholar.google.com/&scioq=%22waist+circumference%22+nigeria&hl=en&as_sdt=0,5&as_ylo=2006&as_yhi=2010&as_vis=1"
47,"S Harding, M Maynard, JK Cruickshank…","Anthropometry and blood pressure differences in black Caribbean, African, South Asian and white adolescents: the MRC DASH study",2006,"Journal of …","journals.lww.com","https://journals.lww.com/jhypertension/Fulltext/2006/08000/Anthropometry_and_blood_pressure_differences_in.9.aspx","https://scholar.google.com/scholar?cites=14160383789814958836&as_sdt=2005&sciodt=0,5&hl=en",454,"2021-07-17 17:21:18","","","","",,,,,47,3.13,12,4,15,"Objectives In this first large-scale study of ethnic differences in blood pressure (BP) among Brit.","","https://scholar.google.com/scholar?q=related:9MoeKwjKg8QJ:scholar.google.com/&scioq=%22waist+circumference%22+nigeria&hl=en&as_sdt=0,5&as_ylo=2006&as_yhi=2010&as_vis=1"
0,"A Graystone","Endometrial Cancer Risk Associated with a CYP19 (Aromatase) Polymorphismand Anthropometric Measures",2006,"","central.bac-lac.gc.ca","https://central.bac-lac.gc.ca/.item?id=MR19100&op=pdf&app=Library&oclc_number=298133955","",455,"2021-07-17 17:21:18","PDF","","","",,,,,0,0.00,0,1,15,"… This risk increased to 4.14 (95%CI: 1.94-8.85) for those with both alleles containing > 1 0 (TTTA) repeats. Waist circumference was the next strongest predictor of risk, (OR=2.82, 95%Cl: 1.73-4.60) indicating that upper body fat distribution may influence endometrial cancer risk …","https://central.bac-lac.gc.ca/.item?id=MR19100&op=pdf&app=Library&oclc_number=298133955","https://scholar.google.com/scholar?q=related:5yxpqL9BPZsJ:scholar.google.com/&scioq=%22waist+circumference%22+nigeria&hl=en&as_sdt=0,5&as_ylo=2006&as_yhi=2010&as_vis=1"
17,"I Miljkovic, LM Yerges-Armstrong, LH Kuller…","Association analysis of 33 lipoprotein candidate genes in multi-generational families of African ancestry [S]",2010,"Journal of lipid …","ASBMB","https://www.jlr.org/article/S0022-2275(20)37104-2/abstract","https://scholar.google.com/scholar?cites=9236794263122797432&as_sdt=2005&sciodt=0,5&hl=en",456,"2021-07-17 17:21:18","","","","",,,,,17,1.55,4,4,11,"Skip to Main Content …","https://www.jlr.org/article/S0022-2275(20)37104-2/fulltext","https://scholar.google.com/scholar?q=related:eOPMlHGvL4AJ:scholar.google.com/&scioq=%22waist+circumference%22+nigeria&hl=en&as_sdt=0,5&as_ylo=2006&as_yhi=2010&as_vis=1"
0,"CD Moffett","The impact of childhood measures of glycemia and insulin resistance factors on follow-up glycemic measures",2007,"","search.proquest.com","https://search.proquest.com/openview/fc8eb593fb5e76fb4a84a9c565ba7303/1?pq-origsite=gscholar&cbl=18750","",457,"2021-07-17 17:21:18","","","","",,,,,0,0.00,0,1,14,"… 97 Metabolic Risk Factors..... 97 BMI and Waist Circumference … and changes in identified risk factors (BMI, waist circumference, lipids, blood pressure) …","https://repository.arizona.edu/bitstream/handle/10150/194096/azu_etd_2173_sip1_m.pdf?sequence=1","https://scholar.google.com/scholar?q=related:UgvcZFIfe_4J:scholar.google.com/&scioq=%22waist+circumference%22+nigeria&hl=en&as_sdt=0,5&as_ylo=2006&as_yhi=2010&as_vis=1"
1,"NY HAYIBOR","The Health of the University of Ghana Community I Prevalence of Risk Factors for Cardiovascular Diseases among Workers",2010,"","ugspace.ug.edu.gh","http://ugspace.ug.edu.gh/handle/123456789/8837","https://scholar.google.com/scholar?cites=6196023450044221047&as_sdt=2005&sciodt=0,5&hl=en",458,"2021-07-17 17:21:18","","","","",,,,,1,0.09,1,1,11,"… NCD - Non Communicable Disease WC - Waist Circumference WHO - World Health Organization … Sudan among urban dwellers. In a recent review among Ghanaians and Nigerians, diabetes seemed rare in urban Ghana in 1963 (0.2%) and in urban Nigeria in 1985 (1.65%) …","http://ugspace.ug.edu.gh/bitstream/handle/123456789/8837/The%20Health%20of%20the%20University%20of%20Ghana%20Community%20I%20Prevalence%20of%20Risk%20Factors%20for%20Cardiovascular%20Diseases%20among%20Workers-2010.pdf?sequence=1","https://scholar.google.com/scholar?q=related:d0bg93-y_FUJ:scholar.google.com/&scioq=%22waist+circumference%22+nigeria&hl=en&as_sdt=0,5&as_ylo=2006&as_yhi=2010&as_vis=1"
0,"T Lobstein, RJ Leach","Obesity-International Comparisons",2007,"","researchgate.net","https://www.researchgate.net/profile/Rachel-Jackson-Leach/publication/242555378_Obesity_-_International_Comparisons/links/56b8a7f008ae5ad3605f4949/Obesity-International-Comparisons.pdf","",459,"2021-07-17 17:21:18","BOOK","","","",,,,,0,0.00,0,2,14,"… Waist circumference and waist-to-hip ratio (WHR) Waist circumference is an indirect measure of central adiposity … Waist circumference is measured as above and hip circumference is measured at the maximum protuberance of the buttocks. The ratio is then calculated …","https://www.researchgate.net/profile/Rachel-Jackson-Leach/publication/242555378_Obesity_-_International_Comparisons/links/56b8a7f008ae5ad3605f4949/Obesity-International-Comparisons.pdf","https://scholar.google.com/scholar?q=related:0XlhxRYQ0gkJ:scholar.google.com/&scioq=%22waist+circumference%22+nigeria&hl=en&as_sdt=0,5&as_ylo=2006&as_yhi=2010&as_vis=1"
0,"이유정","청소년기 비만과 초기 성인기 경동맥 내중막 두께와의 관련성",2006,"","ir.ymlib.yonsei.ac.kr","https://ir.ymlib.yonsei.ac.kr/handle/22282913/137011","",460,"2021-07-17 17:21:18","","","","",,,,,0,0.00,0,1,15,"Page 1. 청소년기 비만과 초기 성인기 경동맥 내중막 두께와의 관련성 연세대학교 대학원 보건학과 이 유 정 Page 2. 청소년기 비만과 초기 성인기 경동맥 내중막 두께와의 관련성 지도 남 정 모 교수 이 논문을 석사 학위논문으로 제출함 2006년 6월 일 연세대학교 대학원 보건학과 …","https://ir.ymlib.yonsei.ac.kr/bitstream/22282913/137011/1/T009452.pdf",""
160,"A Rosemar, U Angerås, A Rosengren","Body mass index and diverticular disease: a 28-year follow-up study in men",2008,"Diseases of the colon & rectum","Springer","https://link.springer.com/article/10.1007/s10350-007-9172-5","https://scholar.google.com/scholar?cites=14820574663437017811&as_sdt=2005&sciodt=0,5&hl=en",461,"2021-07-17 17:21:18","","10.1007/s10350-007-9172-5","","",,,,,160,12.31,53,3,13,"… Second, we used BMI as a measurement of overweight and obesity. More sophisticated methods of determining body fatness were not feasible in an epidemiologic study at the time. Measures of central obesity (such as waist circumference) were not available …","","https://scholar.google.com/scholar?q=related:02JRNSJCrc0J:scholar.google.com/&scioq=%22waist+circumference%22+nigeria&hl=en&as_sdt=0,5&as_ylo=2006&as_yhi=2010&as_vis=1"
0,"AI ROWLAND","FACTORS ASSOCIATED WITH GLYCAEMIC CONTROL IN TYPE 2 DIABETIC PATIENTS ATTENDING THE JOS UNIVERSITY TEACHING HOSPITAL",2007,"Faculty of INTERNAL MEDICINE","dissertation.npmcn.edu.ng","http://www.dissertation.npmcn.edu.ng/index.php/FMCP/article/download/461/735","",462,"2021-07-17 17:21:18","PDF","","","",,,,,0,0.00,0,1,14,"… VLDL Very Low Density Lipoprotein WC Waist Circumference WHO World Health Organization Page 14. xiv … 1.6 JUSTIFICATION FOR THE STUDY Diabetes is becoming a major health problem in Nigeria with a … care. Few Nigerian diabetics are aware of the devastating effects of …","http://www.dissertation.npmcn.edu.ng/index.php/FMCP/article/download/461/735","https://scholar.google.com/scholar?q=related:IBlAVAYFEssJ:scholar.google.com/&scioq=%22waist+circumference%22+nigeria&hl=en&as_sdt=0,5&as_ylo=2006&as_yhi=2010&as_vis=1"
112,"J Stevens, KP Truesdale, EG Katz…","Impact of body mass index on incident hypertension and diabetes in Chinese Asians, American Whites, and American Blacks: the People's Republic of China Study …",2008,"American journal of …","academic.oup.com","https://academic.oup.com/aje/article-abstract/167/11/1365/132047","https://scholar.google.com/scholar?cites=12491058667136778921&as_sdt=2005&sciodt=0,5&hl=en",463,"2021-07-17 17:21:18","","","","",,,,,112,8.62,28,4,13,"Abstract. Researchers have hypothesized that the impact of body mass index on chronic disease may be greater in Asians than in Whites; however, most studies are.","https://academic.oup.com/aje/article/167/11/1365/132047","https://scholar.google.com/scholar?q=related:qYJAY60nWa0J:scholar.google.com/&scioq=%22waist+circumference%22+nigeria&hl=en&as_sdt=0,5&as_ylo=2006&as_yhi=2010&as_vis=1"
59,"JJ Snodgrass, WR Leonard, LA Tarskaia…","Total energy expenditure in the Yakut (Sakha) of Siberia as measured by the doubly labeled water method",2006,"… American journal of …","academic.oup.com","https://academic.oup.com/ajcn/article-abstract/84/4/798/4633009","https://scholar.google.com/scholar?cites=3856824180560284243&as_sdt=2005&sciodt=0,5&hl=en",464,"2021-07-17 17:21:18","","","","",,,,,59,3.93,15,4,15,"ABSTRACT. Background:Populations in transition to a Western lifestyle display increased incidences of obesity, type 2 diabetes, and other chronic diseases; the.","https://academic.oup.com/ajcn/article/84/4/798/4633009","https://scholar.google.com/scholar?q=related:U8puaygxhjUJ:scholar.google.com/&scioq=%22waist+circumference%22+nigeria&hl=en&as_sdt=0,5&as_ylo=2006&as_yhi=2010&as_vis=1"
0,"T Idzenga, YWJ van Swelm, HHG Hansen…","P2. 01 CONTINUOUS NONINVASIVE ESTIMATION OF BLOOD PRESSURE IN THE COMMON CAROTID ARTERY USING MEASUREMENTS IN THE …",2010,"Artery …","atlantis-press.com","https://www.atlantis-press.com/journals/artres/articles?page=20","",465,"2021-07-17 17:21:18","HTML","","","",,,,,0,0.00,0,4,11,"… S. Holewijn, M. den Heijer, LJ van Tits, DW Swinkels, AFH Stalenhoef, J. de Graaf. Pages: 158 - 158. Objective: Waist circumference is clinical marker of obesity … P10.7 CHARACTERISTICS OF CENTRAL HAEMODYNAMICS AMONG NIGERIANS: RESULT OF A PILOT STUDY …","https://www.atlantis-press.com/journals/artres/articles?page=20",""
49,"Y Lu, J Prescott, J Sullivan-Halley…","Body size, recreational physical activity, and B-cell non-Hodgkin lymphoma risk among women in the California teachers study",2009,"American journal of …","academic.oup.com","https://academic.oup.com/aje/article-abstract/170/10/1231/112630","https://scholar.google.com/scholar?cites=7483656161165021754&as_sdt=2005&sciodt=0,5&hl=en",466,"2021-07-17 17:21:18","","","","",,,,,49,4.08,12,4,12,"… moved out of California. A total of 89,324 women were eligible for the analyses of waist circumference, hip circumference, waist/hip ratio, and waist/height ratio. Case ascertainment and follow-up. Incident diagnoses of B-cell …","https://academic.oup.com/aje/article/170/10/1231/112630","https://scholar.google.com/scholar?q=related:OpJn46BJ22cJ:scholar.google.com/&scioq=%22waist+circumference%22+nigeria&hl=en&as_sdt=0,5&as_ylo=2006&as_yhi=2010&as_vis=1"
0,"NR Moeketsi","Nutritional status of HIV-infected adults in Maseru, Lesotho",2009,"","scholar.ufs.ac.za","https://scholar.ufs.ac.za/handle/11660/8403","",467,"2021-07-17 17:21:18","","","","",,,,,0,0.00,0,1,12,"… Waist and hip circumferences were determined for waist circumference and waist-to-hip ratio (fat distribution) and skinfold measurements to determine percentage fat … risk waist-to-hip ratio (~0.08). Only 9% of male patients had a waist circumference above 102cm …","https://scholar.ufs.ac.za/bitstream/handle/11660/8403/MoeketsiNR.pdf?sequence=1&isAllowed=y",""
24,"L Englberger, HV Kuhnlein, A Lorens…","Pohnpei, FSM case study in a global health project documents its local food resources and successfully promotes local food for health",2010,"Pacific Health …","researchgate.net","https://www.researchgate.net/profile/Harriet-Kuhnlein/publication/47531076_Pohnpei_FSM_case_study_in_a_global_health_project_documents_its_local_food_resources_and_successfully_promotes_local_food_for_health/links/00b7d528bf7da51930000000/Pohnpei-FSM-case-study-in-a-global-health-project-documents-its-local-food-resources-and-successfully-promotes-local-food-for-health.pdf","https://scholar.google.com/scholar?cites=1945630035564011676&as_sdt=2005&sciodt=0,5&hl=en",468,"2021-07-17 17:21:18","PDF","","","",,,,,24,2.18,6,4,11,"… The case studies included indigenous communities in Canada, Japan, Peru, India, Nigeria, Colombia, Thailand, Kenya, and FSM … There were no significant improvements in health measures (health risks relating to Body Mass Index and waist circumference; fasting plasma …","https://www.researchgate.net/profile/Harriet-Kuhnlein/publication/47531076_Pohnpei_FSM_case_study_in_a_global_health_project_documents_its_local_food_resources_and_successfully_promotes_local_food_for_health/links/00b7d528bf7da51930000000/Pohnpei-FSM-case-study-in-a-global-health-project-documents-its-local-food-resources-and-successfully-promotes-local-food-for-health.pdf","https://scholar.google.com/scholar?q=related:nKAffjVEABsJ:scholar.google.com/&scioq=%22waist+circumference%22+nigeria&hl=en&as_sdt=0,5&as_ylo=2006&as_yhi=2010&as_vis=1"
17,"LA Wallis, I Maconochie","Age related reference ranges of respiratory rate and heart rate for children in South Africa",2006,"Archives of disease in childhood","adc.bmj.com","https://adc.bmj.com/content/91/4/330.short","https://scholar.google.com/scholar?cites=15618089853254906900&as_sdt=2005&sciodt=0,5&hl=en",469,"2021-07-17 17:21:18","","","","",,,,,17,1.13,9,2,15,"Skip to main content. Viewing from: Google Indexer. BMJ Journals. Subscribe; Log In More …","https://www.ncbi.nlm.nih.gov/pmc/articles/pmc2065979/","https://scholar.google.com/scholar?q=related:FDRkLfmZvtgJ:scholar.google.com/&scioq=%22waist+circumference%22+nigeria&hl=en&as_sdt=0,5&as_ylo=2006&as_yhi=2010&as_vis=1"
2,"A Elamin","Childhood Obesity: Epidemiological and Clinical aspects",2010,"Journal of Pediatric Sciences","dergipark.org.tr","https://dergipark.org.tr/en/pub/jps/article/201984","https://scholar.google.com/scholar?cites=7043015024488311822&as_sdt=2005&sciodt=0,5&hl=en",470,"2021-07-17 17:21:18","","","","",,,,,2,0.18,2,1,11,"… there is no publication on specific cutoff points for waist circumference in children, but there may be some ongoing studies … However, a clear and distinct secular trend of profoundly increased prevalence of overweight and obesity is documented by studies in Nigeria and South …","https://dergipark.org.tr/en/download/article-file/178782","https://scholar.google.com/scholar?q=related:DmxdatnQvWEJ:scholar.google.com/&scioq=%22waist+circumference%22+nigeria&hl=en&as_sdt=0,5&as_ylo=2006&as_yhi=2010&as_vis=1"
34,"N Yabancı, I Şimşek…","Ankara'da Bir Anaokulunda Şişmanlık Prevelansı ve Etkileyen Etmenler.",2009,"TAF Preventive …","search.ebscohost.com","http://search.ebscohost.com/login.aspx?direct=true&profile=ehost&scope=site&authtype=crawler&jrnl=1303734X&asa=Y&AN=47530687&h=YXWvU2mQI74Ehzfv7F6g89f3OwD9St5y4DpL1uQItgVHXheUwGoA7BsZveg5y%2FzisrbfGqXOh%2FEz5J685bJDYg%3D%3D&crl=c","https://scholar.google.com/scholar?cites=3919347491333472702&as_sdt=2005&sciodt=0,5&hl=en",471,"2021-07-17 17:21:18","","","","",,,,,34,2.83,11,3,12,"… Sağlık Bakanlığı Yayın No: 732. Ankara. Klasmat Matbaacılık, 2008, p. 213-49. 25. Ness-Abramof R, Apovian CM. Waist circumference measurement in clinical practice. Nutr Clin Pract. 2008; 23: 397-404. 26. WHO. Obesity: Prevention and Managing the Global Epidemic …","","https://scholar.google.com/scholar?q=related:vgFAHMdRZDYJ:scholar.google.com/&scioq=%22waist+circumference%22+nigeria&hl=en&as_sdt=0,5&as_ylo=2006&as_yhi=2010&as_vis=1"
134,"DM Merino, DWL Ma, DM Mutch","Genetic variation in lipid desaturases and its impact on the development of human disease",2010,"Lipids in health and disease","Springer","https://link.springer.com/article/10.1186/1476-511X-9-63","https://scholar.google.com/scholar?cites=1434564680150362879&as_sdt=2005&sciodt=0,5&hl=en",472,"2021-07-17 17:21:18","HTML","10.1186/1476-511X-9-63","","",,,,,134,12.18,45,3,11,"… They reported that the minor alleles of four Scd-1 SNPs (rs10883463, rs7849, rs2167444 and rs508384) were associated with a lower BMI, smaller waist circumference, and improved insulin sensitivity. For instance, the minor …","https://link.springer.com/article/10.1186/1476-511X-9-63","https://scholar.google.com/scholar?q=related:_yqv1_mY6BMJ:scholar.google.com/&scioq=%22waist+circumference%22+nigeria&hl=en&as_sdt=0,5&as_ylo=2006&as_yhi=2010&as_vis=1"
0,"A Marian Jude Vijay","Prevalence of Sub-Clinical and Clinical Patients with Metabolic Syndrome",2009,"","repository-tnmgrmu.ac.in","http://repository-tnmgrmu.ac.in/id/eprint/6510","",473,"2021-07-17 17:21:18","","","","",,,,,0,0.00,0,1,12,"… to diagnose Metabolic Syndrome if three out of five of the following criteria are met. 1. Waist circumference > 102 cm for males, > 88 cm for females 2. Blood pressure ≥ 130/85 mm Hg … Page 7. For defining abdominal obesity these cut of values for waist circumference is not …","http://repository-tnmgrmu.ac.in/6510/1/200100209marian_jude_vijay.pdf","https://scholar.google.com/scholar?q=related:9QlWYHLh9woJ:scholar.google.com/&scioq=%22waist+circumference%22+nigeria&hl=en&as_sdt=0,5&as_ylo=2006&as_yhi=2010&as_vis=1"
13,"M Mesko, Z Mesko Stok, P Mijoc…","Gender differences in stress symptoms among Slovene managers",2009,"… of Business and …","inderscienceonline.com","https://www.inderscienceonline.com/doi/abs/10.1504/IJBG.2009.0235","https://scholar.google.com/scholar?cites=445077590095941795&as_sdt=2005&sciodt=0,5&hl=en",474,"2021-07-17 17:21:18","","10.1504/IJBG.2009.0235","","",,,,,13,1.08,3,4,12,"… data from 1065 managers in ten countries (from five continents): Brazil, Great Britain, Egypt, Germany, Japan, Nigeria, Singapore, South … disease symptoms (like increased blood pressure and higher concentration of amounts of fat in blood, increase in waist circumference, fits of …","","https://scholar.google.com/scholar?q=related:o9Anx7U7LQYJ:scholar.google.com/&scioq=%22waist+circumference%22+nigeria&hl=en&as_sdt=0,5&as_ylo=2006&as_yhi=2010&as_vis=1"
0,"SC Barrett","Risk factors of type 2 diabetes and cardiovascular diseases among Jamaican adolescents",2009,"","digitalcommons.fiu.edu","https://digitalcommons.fiu.edu/etd/1413/","",475,"2021-07-17 17:21:18","","","","",,,,,0,0.00,0,1,12,"… High BMI was associated with high waist circumference (r =.767, p <.01), high waist-to-hip ratio v Page 7 … 168 Risk Factors for T2DM and CVDs ..... 172 Waist Circumference and Waist-to-Hip-Ratio …","https://digitalcommons.fiu.edu/cgi/viewcontent.cgi?article=2569&context=etd","https://scholar.google.com/scholar?q=related:DIKp92y7qskJ:scholar.google.com/&scioq=%22waist+circumference%22+nigeria&hl=en&as_sdt=0,5&as_ylo=2006&as_yhi=2010&as_vis=1"
0,"OA Fasanmade, A Doumatey, K Lashley, C Rotimi…","Relationships among obesity, inflammation, and insulin resistance in African Americans and West Africans.",2010,"","ir.unilag.edu.ng","https://ir.unilag.edu.ng/handle/123456789/7166","",476,"2021-07-17 17:21:18","","","","",,,,,0,0.00,0,5,11,"… Briefly, The Africa America Diabetes Mellitus study enrolled and examined T2D cases and controls in three urban centers in Nigeria (Lagos, Ibadan, and … Waist circumference was measured to the nearest 0.1 cm at the narrowest part of the torso as seen from the anterior aspect …","https://ir.unilag.edu.ng/bitstream/handle/123456789/7166/inflamm%20obesity%20AADM.pdf?sequence=2","https://scholar.google.com/scholar?q=related:C8-d0pYvi2AJ:scholar.google.com/&scioq=%22waist+circumference%22+nigeria&hl=en&as_sdt=0,5&as_ylo=2006&as_yhi=2010&as_vis=1"
43,"J Chen","Sodium sensitivity of blood pressure in Chinese populations",2010,"Current hypertension reports","Springer","https://link.springer.com/content/pdf/10.1007/s11906-009-0088-4.pdf","https://scholar.google.com/scholar?cites=2103356874574785633&as_sdt=2005&sciodt=0,5&hl=en",477,"2021-07-17 17:21:18","","10.1007/s11906-009-0088-4","","",,,,,43,3.91,43,1,11,"… Waist circumference was measured 1 cm above the participant's navel during minimal respiration … 26. Rotimi CN, Cooper RS, Cao G, et al.: Maximum-likelihood generalized heritability estimate for blood pressure in Nigerian families. Hypertension 1999, 33: 874–878. 27 …","https://www.ncbi.nlm.nih.gov/pmc/articles/PMC2914476/","https://scholar.google.com/scholar?q=related:Yezn8O6fMB0J:scholar.google.com/&scioq=%22waist+circumference%22+nigeria&hl=en&as_sdt=0,5&as_ylo=2006&as_yhi=2010&as_vis=1"
20,"JM Edmison, SC Kalhan, AJ McCullough","Obesity, hepatic metabolism and disease",2009,"… Societies-Coexistence of …","karger.com","https://www.karger.com/Article/Abstract/209980","https://scholar.google.com/scholar?cites=15228335250652979353&as_sdt=2005&sciodt=0,5&hl=en",478,"2021-07-17 17:21:18","","","","",,,,,20,1.67,7,3,12,"… showed a stepwise increase in the prevalence of obe- sity from Nigeria (5.4%) to … Components of the metabolic syndrome include central obesity (waist circumference ≥102 cm in men … X, Adeyemo AA, et al: Heritability of obesity-related traits among Nigerians, Jamaicans and …","","https://scholar.google.com/scholar?q=related:meC6LzrqVdMJ:scholar.google.com/&scioq=%22waist+circumference%22+nigeria&hl=en&as_sdt=0,5&as_ylo=2006&as_yhi=2010&as_vis=1"
20,"SC Larsson, A Wolk","Epidemiology of obesity and diabetes",2006,"Obesity and diabetes","Springer","https://link.springer.com/chapter/10.1007/978-1-59259-985-1_2","https://scholar.google.com/scholar?cites=17599871646325431568&as_sdt=2005&sciodt=0,5&hl=en",479,"2021-07-17 17:21:18","","10.1007/978-1-59259-985-1_2","","",,,,,20,1.33,10,2,15,"Page 1. 2 Epidemiology of Obesity and Diabetes Prevalence and Trends Susanna C. Larsson, LicMedSci and Alicja Wolk, DrMedSci CONTENTS INTRODUCTION PREVALENCE AND TRENDS OF OBESITY IN ADULTS PREVALENCE …","https://www.researchgate.net/profile/Alicja-Wolk/publication/226751474_Epidemiology_of_Obesity_and_Diabetes/links/0912f50fd8f8d0799c000000/Epidemiology-of-Obesity-and-Diabetes.pdf","https://scholar.google.com/scholar?q=related:EF2yowNOP_QJ:scholar.google.com/&scioq=%22waist+circumference%22+nigeria&hl=en&as_sdt=0,5&as_ylo=2006&as_yhi=2010&as_vis=1"
0,"N Ravishankar","A Study on Lipid Abnormalities in Hypertensive Patients",2010,"","repository-tnmgrmu.ac.in","http://repository-tnmgrmu.ac.in/6143/1/200100410ravishankar.pdf","",480,"2021-07-17 17:21:18","PDF","","","",,,,,0,0.00,0,1,11,"… Three or more of the following : 1.central obesity:waist circumference for male>102 cm and female >88 cm. 2.Hypertriglyceridemia: Triglycerides >150 mg/dl or on medication … Page 30. 26 PLASMA LIPID PROFILE IN HYPERTENSIVE NIGERIANS 59 …","http://repository-tnmgrmu.ac.in/6143/1/200100410ravishankar.pdf","https://scholar.google.com/scholar?q=related:nEe93N8Er0UJ:scholar.google.com/&scioq=%22waist+circumference%22+nigeria&hl=en&as_sdt=0,5&as_ylo=2006&as_yhi=2010&as_vis=1"
2,"V Mbanya","Type 2 diabetes and its association with lifestyle factors",2008,"","duo.uio.no","https://www.duo.uio.no/handle/10852/30160","https://scholar.google.com/scholar?cites=3142949688744636148&as_sdt=2005&sciodt=0,5&hl=en",481,"2021-07-17 17:21:18","","","","",,,,,2,0.15,2,1,13,"… SBP Systolic Blood Pressure WC Waist Circumference WHO World Health Organization … 1.1 Geography: Cameroon is a Central African nation on the Gulf of Guinea, bordered by Nigeria, Chad, the Central African Republic, the Republic of Congo, Equatorial Guinea, and Gabon …","https://www.duo.uio.no/bitstream/handle/10852/30160/VivianxMbanya.pdf?sequence=2","https://scholar.google.com/scholar?q=related:9G6MABcAnisJ:scholar.google.com/&scioq=%22waist+circumference%22+nigeria&hl=en&as_sdt=0,5&as_ylo=2006&as_yhi=2010&as_vis=1"
177,"N Crum-Cianflone, R Tejidor, S Medina…","Obesity among patients with HIV: the latest epidemic",2008,"AIDS patient care and …","liebertpub.com","https://www.liebertpub.com/doi/abs/10.1089/apc.2008.0082","https://scholar.google.com/scholar?cites=17451344220100640297&as_sdt=2005&sciodt=0,5&hl=en",482,"2021-07-17 17:21:18","","10.1089/apc.2008.0082","","",,,,,177,13.62,44,4,13,"… In ad- dition, we only examined the patients' first and last weights; interim weights could have provided more information on variables which may impact weight changes. Finally, we did not have information on body composition or changes in waist circumference …","https://www.ncbi.nlm.nih.gov/pmc/articles/pmc2707924/","https://scholar.google.com/scholar?q=related:KT4qZBuhL_IJ:scholar.google.com/&scioq=%22waist+circumference%22+nigeria&hl=en&as_sdt=0,5&as_ylo=2006&as_yhi=2010&as_vis=1"
343,"M Hamer, GJ Molloy, E Stamatakis","Psychological distress as a risk factor for cardiovascular events: pathophysiological and behavioral mechanisms",2008,"Journal of the American College of …","jacc.org","https://www.jacc.org/doi/abs/10.1016/j.jacc.2008.08.057","https://scholar.google.com/scholar?cites=3156209036425242134&as_sdt=2005&sciodt=0,5&hl=en",483,"2021-07-17 17:21:18","","10.1016/j.jacc.2008.08.057","","",,,,,343,26.38,114,3,13,"… On a separate visit, nurses collected information on medical history, waist circumference, and blood samples from consenting adults. Detailed information on the survey method can be found elsewhere (10). Predictor and outcome variables …","https://www.sciencedirect.com/science/article/pii/S0735109708032300","https://scholar.google.com/scholar?q=related:FiYBdWUbzSsJ:scholar.google.com/&scioq=%22waist+circumference%22+nigeria&hl=en&as_sdt=0,5&as_ylo=2006&as_yhi=2010&as_vis=1"
0,"CB John","Body mass index, waist to hip ratio and the prevalence ofhypertension among university lecturers in Tanzania: a case study of University of Dar Es Salaam",2009,"","nih.brage.unit.no","https://nih.brage.unit.no/nih-xmlui/bitstream/handle/11250/171374/John,%20Chalukulu%20v2009.pdf?sequence=1","",484,"2021-07-17 17:21:18","PDF","","","",,,,,0,0.00,0,1,12,"… circumference. The ratio is obtained by taking the waist circumference measurement divided by the hip circumference measurement. Page 19. 8 … Age Group Men Women Akinkugbe (52) (1968) Nigeria Rural 40–44 15.2 13.1 45–49 14.4 39.4 50–54 23.3 33.6 55–59 20.5 29.0 …","https://nih.brage.unit.no/nih-xmlui/bitstream/handle/11250/171374/John,%20Chalukulu%20v2009.pdf?sequence=1","https://scholar.google.com/scholar?q=related:2zV-OaNXuQYJ:scholar.google.com/&scioq=%22waist+circumference%22+nigeria&hl=en&as_sdt=0,5&as_ylo=2006&as_yhi=2010&as_vis=1"
5,"M Rekliti, D Sapountzi-Krepia","The epidemic of metabolic syndrome: health promotion strategies",2009,"International Journal of Caring …","researchgate.net","https://www.researchgate.net/profile/Rekleiti_Maria/publication/47380088_The_Epidemic_of_Metabolic_Syndrome_Health_Promotion_Strategies/links/09e415086ef8d8746a000000.pdf","https://scholar.google.com/scholar?cites=4004825112848419855&as_sdt=2005&sciodt=0,5&hl=en",485,"2021-07-17 17:21:18","PDF","","","",,,,,5,0.42,3,2,12,"… Table 2 Central adiposity related to gender According to IDF, ATP III and WHR Waist circumference IDF ATP III Men >94 cm >102 cm … Energy Expenditure and Adiposity in Nigerian and African- American Women‖. Obesity, 16(9): 2148– 2154. Eliasson B (2003) …","https://www.researchgate.net/profile/Rekleiti_Maria/publication/47380088_The_Epidemic_of_Metabolic_Syndrome_Health_Promotion_Strategies/links/09e415086ef8d8746a000000.pdf","https://scholar.google.com/scholar?q=related:D8zkvjj_kzcJ:scholar.google.com/&scioq=%22waist+circumference%22+nigeria&hl=en&as_sdt=0,5&as_ylo=2006&as_yhi=2010&as_vis=1"
0,"HA ADELAKUN","THE IMPACT OF MATERNAL OBESITY ON PREGNANCY OUTCOME IN ABEOKUTA",2010,"FACULTY of OBSTETRICS AND …","dissertation.npmcn.edu.ng","http://www.dissertation.npmcn.edu.ng/index.php/FMCOG/article/view/2023","",486,"2021-07-17 17:21:18","","","","",,,,,0,0.00,0,1,11,"… There is a paucity of information concerning obesity and its effects in the Nigerian … However, incidence of maternal obesity in Nigeria assessed to be 7.4% in 2002, using … The commonly used measures are: skin fold measurements, waist circumference …","https://www.dissertation.npmcn.edu.ng/index.php/FMCOG/article/download/2023/2107","https://scholar.google.com/scholar?q=related:CXm8Re_H4LAJ:scholar.google.com/&scioq=%22waist+circumference%22+nigeria&hl=en&as_sdt=0,5&as_ylo=2006&as_yhi=2010&as_vis=1"
51,"CM Schooling, C Jiang, TH Lam…","Height, its components, and cardiovascular risk among older Chinese: a cross-sectional analysis of the Guangzhou Biobank Cohort Study",2007,"… journal of public …","ajph.aphapublications.org","https://ajph.aphapublications.org/doi/abs/10.2105/ajph.2006.088096","https://scholar.google.com/scholar?cites=10876812482874487186&as_sdt=2005&sciodt=0,5&hl=en",487,"2021-07-17 17:21:18","","10.2105/ajph.2006.088096","","",,,,,51,3.64,13,4,14,"… IHD or its risk factors mainly come from locations that are economically underdeveloped, such as Brazil 15 , 17 and Nigeria, 19 or … Waist circumference was measured horizontally around the smallest circumference between the ribs and iliac crest, or at the level of the naval for …","https://ajph.aphapublications.org/doi/pdfplus/10.2105/AJPH.2006.088096","https://scholar.google.com/scholar?q=related:krFESlMz8pYJ:scholar.google.com/&scioq=%22waist+circumference%22+nigeria&hl=en&as_sdt=0,5&as_ylo=2006&as_yhi=2010&as_vis=1"
13,"A Somers, MS Hassan, E Rusford…","Overweight and obesity in learners residing in the Belhar, Delft and Mfuleni communities of Cape Town, Western Cape, South Africa",2006,"Medical Technology …","journals.co.za","https://journals.co.za/doi/abs/10.10520/EJC74177","https://scholar.google.com/scholar?cites=11812571838525299268&as_sdt=2005&sciodt=0,5&hl=en",488,"2021-07-17 17:21:18","","10.10520/EJC74177","","",,,,,13,0.87,3,4,15,"… were the major risk factors predicting overweight (Table 7). Being female was associated with more than a three fold risk (OR 3.3, 95% CI 1.24 8.80, p 0.018) whilst waist circumference was associated … Profile of body mass index and obe sity in Nigerian children and adolescents …","http://digitalknowledge.cput.ac.za/bitstream/11189/7602/1/Overweight%20and%20obesity%20in%20learners%20residing%20in%20the%20Belhar%2C%20Delft%20and%20Mfuleni.pdf","https://scholar.google.com/scholar?q=related:RFoVX4Cv7qMJ:scholar.google.com/&scioq=%22waist+circumference%22+nigeria&hl=en&as_sdt=0,5&as_ylo=2006&as_yhi=2010&as_vis=1"
0,"S Kumar, VP Sharma, R Dev, MPS Negi","Diagnosis and prognosis by functional strength and ability in patients with low back pain",,"Physiotherapy and Occupational …","ijpot.com","http://www.ijpot.com/scripts/Oct-Dec%202009%20issue.pdf#page=48","",489,"2021-07-17 17:21:18","PDF","","","",,,,,0,0.00,0,4,,"… 48.94±0.80 50.66±0.70ns WHR 1.73±0.03 1.77±0.02ns BMI 24.45±0.81 25.51±0.48ns Pain intensity (cm)- 6.37±0.19 Duration of pain (month)- 20.82±2.80 ns-P> 0.05, WC= Waist Circumference, HC= Hip … Nigerian Journal of Medical Rehabilitation (Accepted August-4 2008) …","http://www.ijpot.com/scripts/Oct-Dec%202009%20issue.pdf#page=48","https://scholar.google.com/scholar?q=related:SY_Q5Yu2boYJ:scholar.google.com/&scioq=%22waist+circumference%22+nigeria&hl=en&as_sdt=0,5&as_ylo=2006&as_yhi=2010&as_vis=1"
17,"ASK Gandapur, M Manan, G Nazir…","Comparison of lipid profile and apoprotein in sedentary workers and those involved in regular exercise",2006,"Journal of Ayub …","ayubmed.edu.pk","https://ayubmed.edu.pk/JAMC/PAST/18-4/03%20Dr.%20Abdus%20Salam.pdf","https://scholar.google.com/scholar?cites=9259027804440480529&as_sdt=2005&sciodt=0,5&hl=en",490,"2021-07-17 17:21:18","PDF","","","",,,,,17,1.13,4,4,15,"… The waist circumference was measured at the level of the umbilicus, whereas the hip circumference was measured at the iliac crest in standing position … Oyelola OO, Rufai MA. Plasma lipid, lipoprotein and apolipoprotein profiles in Nigerian university athletes and non-athletes …","https://ayubmed.edu.pk/JAMC/PAST/18-4/03%20Dr.%20Abdus%20Salam.pdf","https://scholar.google.com/scholar?q=related:EcsjUbusfoAJ:scholar.google.com/&scioq=%22waist+circumference%22+nigeria&hl=en&as_sdt=0,5&as_ylo=2006&as_yhi=2010&as_vis=1"
0,"J Kinabo","Diet related chronic diseases in rural and urban Dar es Salaam. A case study of Ilala Municipality.",2010,"","suaire.sua.ac.tz","http://www.suaire.sua.ac.tz/handle/123456789/3545","",491,"2021-07-17 17:21:18","","","","",,,,,0,0.00,0,1,11,"… Dweba TP Mearns M 2. Intra-urban disparities in the food security status of households in Ibadan, Nigeria … Wenhold E Bredenkamp P CountenayA, Kahts C. Mulder B, Becker P 6. Waist-height ratio, body mass index and waist circumference as predictors of adult dyslipidaemia …","http://www.suaire.sua.ac.tz/bitstream/handle/123456789/3545/Abstract-Diet%20related%20chronic.pdf?sequence=1&isAllowed=y",""
3,"FA Gadallah, MA Gadallah, IZ Ahmed, EH El-Sayed","Impact of overweight on type 1 diabetes among University students in Egypt",2010,"Nat Sci","Citeseer","http://citeseerx.ist.psu.edu/viewdoc/download?doi=10.1.1.1064.9732&rep=rep1&type=pdf","https://scholar.google.com/scholar?cites=15321808278350259857&as_sdt=2005&sciodt=0,5&hl=en",492,"2021-07-17 17:21:18","PDF","","","",,,,,3,0.27,1,4,11,"… Diabetes Care , 2004; 27(7):1610-1617. 2. Siminialayi IM, Emem-Chioma PC, Dapper DV. The prevalence of obesity as indicated by BMI and waist circumference among Nigerian adults attending family medicine clinics as outpatients in Rivers State. Niger J Med …","http://citeseerx.ist.psu.edu/viewdoc/download?doi=10.1.1.1064.9732&rep=rep1&type=pdf","https://scholar.google.com/scholar?q=related:kea0Y3P_odQJ:scholar.google.com/&scioq=%22waist+circumference%22+nigeria&hl=en&as_sdt=0,5&as_ylo=2006&as_yhi=2010&as_vis=1"
0,"AA KAMEN","PREVALENCE OF UNDIAGNOSED CHRONIC KIDNEY DISEASE AMONG DIABETIC PATIENTS AT NNEWI",2007,"Faculty of INTERNAL MEDICINE","dissertation.npmcn.edu.ng","http://dissertation.npmcn.edu.ng/index.php/FMCP/article/view/508","",493,"2021-07-17 17:21:18","","","","",,,,,0,0.00,0,1,14,"… AF/009/08/096/930. A DISSERTATION SUBMITTED TO THE NATIONAL POST GRADUATE MEDICAL COLLEGE OF NIGERIA IN PARTIAL FULFILLMENT OF THE REQUIREMENTS FOR THE … Department of Medicine, University of Nigeria Teaching Hospital, Enugu …","http://dissertation.npmcn.edu.ng/index.php/FMCP/article/download/508/688","https://scholar.google.com/scholar?q=related:DqhxDD-VvIIJ:scholar.google.com/&scioq=%22waist+circumference%22+nigeria&hl=en&as_sdt=0,5&as_ylo=2006&as_yhi=2010&as_vis=1"
129,"KS Vimaleswaran, RJF Loos","Progress in the genetics of common obesity and type 2 diabetes",2010,"Expert reviews in molecular medicine","cambridge.org","https://www.cambridge.org/core/journals/expert-reviews-in-molecular-medicine/article/progress-in-the-genetics-of-common-obesity-and-type-2-diabetes/D9AAF470A3D52B0BB2125DCD57068AA7","https://scholar.google.com/scholar?cites=14663984480737428543&as_sdt=2005&sciodt=0,5&hl=en",494,"2021-07-17 17:21:18","","","","",,,,,129,11.73,65,2,11,"Page 1. Progress in the genetics of common obesity and type 2 diabetes Karani S. Vimaleswaran and Ruth JF Loos* The prevalence of obesity and diabetes, which are heritable traits that arise from the interactions of multiple …","","https://scholar.google.com/scholar?q=related:PwQyLjHwgMsJ:scholar.google.com/&scioq=%22waist+circumference%22+nigeria&hl=en&as_sdt=0,5&as_ylo=2006&as_yhi=2010&as_vis=1"
0,"AO TOMI-OLUGBODI","ASSESSMENT OF RENAL FUNCTION IN HYPERTENSIVES AND DIABETICS USING PLASMA CYSTATIN C",2007,"Faculty of Pathology","dissertation.npmcn.edu.ng","http://dissertation.npmcn.edu.ng/index.php/FMCPath/article/download/1325/1266","",495,"2021-07-17 17:21:18","PDF","","","",,,,,0,0.00,0,1,14,"… complication chronic renal failure (CRF) is very prevalent in Nigeria and … It is well known that CRF is the third commonest cause of death among Nigerian adults8, while its incidence and prevalence are … Nigerians.1,8,10,11 Diabetic nephrosclerosis, hitherto a rare cause was …","http://dissertation.npmcn.edu.ng/index.php/FMCPath/article/download/1325/1266","https://scholar.google.com/scholar?q=related:EZWKWd3VoCUJ:scholar.google.com/&scioq=%22waist+circumference%22+nigeria&hl=en&as_sdt=0,5&as_ylo=2006&as_yhi=2010&as_vis=1"
122,"G Radetti, W Kleon, F Buzi, C Crivellaro…","Thyroid function and structure are affected in childhood obesity",2008,"The Journal of …","academic.oup.com","https://academic.oup.com/jcem/article-abstract/93/12/4749/2627329","https://scholar.google.com/scholar?cites=7033339583627670904&as_sdt=2005&sciodt=0,5&hl=en",496,"2021-07-17 17:21:18","","","","",,,,,122,9.38,24,5,13,"Objective: Alterations in thyroid function are reported in obesity, although no relevant data exist on the thyroid structure of these patients and the frequency.","https://academic.oup.com/jcem/article/93/12/4749/2627329","https://scholar.google.com/scholar?q=related:eDXSShZxm2EJ:scholar.google.com/&scioq=%22waist+circumference%22+nigeria&hl=en&as_sdt=0,5&as_ylo=2006&as_yhi=2010&as_vis=1"
16,"A Nirmala, BM Reddy, PP Reddy","Genetics of human obesity: an overview",2008,"International Journal of Human …","Taylor & Francis","https://www.tandfonline.com/doi/abs/10.1080/09723757.2008.11886032","https://scholar.google.com/scholar?cites=2980807911011988819&as_sdt=2005&sciodt=0,5&hl=en",497,"2021-07-17 17:21:18","","10.1080/09723757.2008.11886032","","",,,,,16,1.23,5,3,13,"… 2007). Stone et al. (2002) obtained the hitherto strongest linkage evidence for linkage for obesity in Utah pedigrees. Few studies have also found evidence of linkage with waist circumference which was located at 1q21-q25 in the Hong Kong Family Diabetes Study (Ng et al …","http://library.isical.ac.in:8080/jspui/bitstream/10263/2421/1/genetic%20of%20human%20obesity%20an%20overview.pdf","https://scholar.google.com/scholar?q=related:UzWLhwD1XSkJ:scholar.google.com/&scioq=%22waist+circumference%22+nigeria&hl=en&as_sdt=0,5&as_ylo=2006&as_yhi=2010&as_vis=1"
2,"T Rice","5 Commingling and Segregation Analyses",2007,"Obesity","taylorfrancis.com","https://www.taylorfrancis.com/chapters/edit/10.3109/9781420020137-10/5-commingling-segregation-analyses-treva-rice","https://scholar.google.com/scholar?cites=775892680019061561&as_sdt=2005&sciodt=0,5&hl=en",498,"2021-07-17 17:21:18","","","","",,,,,2,0.14,2,1,14,"… 1% 17 –24% SKUMIX PAP Colilla et al. (51) Htn in African Americans Black 315(95) Nigerian 1159(400) Hyperten proband Age/sex, SBP, diabetes, smoke, education Black (codominance) MG Nigerian non- Mendelian ME 52% 42% 6% 30% SAGE REGC Feitosa et al …","https://www.anme.com.mx/libros/Obesity%20-%20Genomics%20and%20Postgenomics.pdf#page=82","https://scholar.google.com/scholar?q=related:OatcGEiGxAoJ:scholar.google.com/&scioq=%22waist+circumference%22+nigeria&hl=en&as_sdt=0,5&as_ylo=2006&as_yhi=2010&as_vis=1"
1,"FVK Titty","Clinical, Metabolic and Immunological Characteristics of Ghanaian Patients with Diabetes Mellitus",2009,"","dspace.knust.edu.gh","http://dspace.knust.edu.gh/handle/123456789/147","https://scholar.google.com/scholar?cites=4640746757615385393&as_sdt=2005&sciodt=0,5&hl=en",499,"2021-07-17 17:21:18","","","","",,,,,1,0.08,1,1,12,"… obesity and hypertension in females and hypertriglyceridaemia and hypertension in males and reduce waist circumference, blood pressure and hypertriglyceridaemia, may reduce … This general trend was not observed in Nigerian diabetics in whom Oli et al …","http://dspace.knust.edu.gh/bitstream/123456789/147/1/fulltxt.pdf","https://scholar.google.com/scholar?q=related:Mfs1nJY-Z0AJ:scholar.google.com/&scioq=%22waist+circumference%22+nigeria&hl=en&as_sdt=0,5&as_ylo=2006&as_yhi=2010&as_vis=1"
0,"JM Maseko","Determinants of day-night difference in blood pressure in subjects of African ancestry",2008,"","wiredspace.wits.ac.za","http://wiredspace.wits.ac.za/handle/10539/6977","",500,"2021-07-17 17:21:18","","","","",,,,,0,0.00,0,1,13,"Page 1. 1 CHAPTER 1 INTRODUCTION Inter-ethnic differences in cardiovascular disease and risk factors: Potential relevance of ambulatory blood pressures. Page 2. 2 1. Introduction As this dissertation refers to a study conducted on the determinants of nocturnal …","http://wiredspace.wits.ac.za/bitstream/handle/10539/6977/Determinants2.pdf?sequence=1","https://scholar.google.com/scholar?q=related:0RZPbWL6-gMJ:scholar.google.com/&scioq=%22waist+circumference%22+nigeria&hl=en&as_sdt=0,5&as_ylo=2006&as_yhi=2010&as_vis=1"
62,"FK Assah, U Ekelund, S Brage, K Corder, A Wright…","Predicting physical activity energy expenditure using accelerometry in adults from sub‐Sahara Africa",2009,"…","Wiley Online Library","https://onlinelibrary.wiley.com/doi/abs/10.1038/oby.2009.39","https://scholar.google.com/scholar?cites=3796373552412175768&as_sdt=2005&sciodt=0,5&hl=en",501,"2021-07-17 17:21:18","","10.1038/oby.2009.39","","",,,,,62,5.17,10,6,12,"… The waist circumference was measured at the mid‐point between the lower costal margin and the level of the anterior superior iliac crests. The hip circumference was measured to the nearest 0.1 cm at the level of the greater trochanters …","https://onlinelibrary.wiley.com/doi/pdfdirect/10.1038/oby.2009.39","https://scholar.google.com/scholar?q=related:mC03wqFtrzQJ:scholar.google.com/&scioq=%22waist+circumference%22+nigeria&hl=en&as_sdt=0,5&as_ylo=2006&as_yhi=2010&as_vis=1"
363,"MA Michalaki, AG Vagenakis, AS Leonardou…","Thyroid function in humans with morbid obesity",2006,"Thyroid","liebertpub.com","https://www.liebertpub.com/doi/abs/10.1089/thy.2006.16.73","https://scholar.google.com/scholar?cites=89064730451609512&as_sdt=2005&sciodt=0,5&hl=en",502,"2021-07-17 17:21:18","","10.1089/thy.2006.16.73","","",,,,,363,24.20,91,4,15,"… 27, No. 12. The Association of Triiodothyronine-to-Thyroxine Ratio with Body Mass Index in Obese Nigerian Children and Adolescents. 15 December 2017 | Medical Sciences, Vol. 5, No. 4. Insulin Resistance: Any Role in the Changing Epidemiology of Thyroid Cancer …","https://www.researchgate.net/profile/Marina-Michalaki/publication/7290164_Thyroid_Function_in_Humans_with_Morbid_Obesity/links/5ea02ede4585154981a30948/Thyroid-Function-in-Humans-with-Morbid-Obesity.pdf","https://scholar.google.com/scholar?q=related:qIeVhOZrPAEJ:scholar.google.com/&scioq=%22waist+circumference%22+nigeria&hl=en&as_sdt=0,5&as_ylo=2006&as_yhi=2010&as_vis=1"
11,"MR Queiroga, CB Papini, SA Ferreira…","Efeitos da idade e dos indicadores de obesidade na pressão arterial de trabalhadores",2009,"Motriz: Revista de …","repositorio.unesp.br","https://repositorio.unesp.br/handle/11449/20813","https://scholar.google.com/scholar?cites=3184183361378329093&as_sdt=2005&sciodt=0,5&hl=en",503,"2021-07-17 17:21:18","","","","",,,,,11,0.92,3,4,12,"… of candies and gums. For in such a way the systolic/diastolic BP, the measures of weight (W), height and waist circumference (WC) had been gotten of 348 voluntary employees (243 male and 105 female). Prevalence of AH …","https://repositorio.unesp.br/bitstream/handle/11449/20813/WOS000270451700017.pdf?sequence=3","https://scholar.google.com/scholar?q=related:BSKqiuV9MCwJ:scholar.google.com/&scioq=%22waist+circumference%22+nigeria&hl=en&as_sdt=0,5&as_ylo=2006&as_yhi=2010&as_vis=1"
73,"D Serre, A Montpetit, G Paré, JC Engert, S Yusuf…","Correction of population stratification in large multi-ethnic association studies",2008,"PloS one","journals.plos.org","https://journals.plos.org/plosone/article?id=10.1371/journal.pone.0001382","https://scholar.google.com/scholar?cites=10551395811994714653&as_sdt=2005&sciodt=0,5&hl=en",504,"2021-07-17 17:21:18","HTML","","","",,,,,73,5.62,12,6,13,"… from Utah, USA, with northern and western European ancestry (CEU), individuals from the Yoruba people in Ibadan, Nigeria (YRI) and … We used sex, age and waist circumference as covariates in these analyses and excluded individuals with diabetes (defined as self-reported …","https://journals.plos.org/plosone/article?id=10.1371/journal.pone.0001382","https://scholar.google.com/scholar?q=related:HUJ9WpYWbpIJ:scholar.google.com/&scioq=%22waist+circumference%22+nigeria&hl=en&as_sdt=0,5&as_ylo=2006&as_yhi=2010&as_vis=1"
28,"JM Nagata, CR Valeggia, FK Barg…","Body mass index, socio-economic status and socio-behavioral practices among Tz'utujil Maya women",2009,"Economics & Human …","Elsevier","https://www.sciencedirect.com/science/article/pii/S1570677X09000148","https://scholar.google.com/scholar?cites=4115111077444058223&as_sdt=2005&sciodt=0,5&hl=en",505,"2021-07-17 17:21:18","","","","",,,,,28,2.33,7,4,12,"… In Brazil, married women have a higher risk of developing maternal obesity as a consequence of postpartum weight retention (Kac and Struchiner, 2005). In South Africa, being married is significantly positively associated with BMI and waist circumference (Malhotra et al., 2008) …","http://www.med.upenn.edu/ghi/documents/JasonNagataBMIPaper.pdf","https://scholar.google.com/scholar?q=related:b_xT3rjPGzkJ:scholar.google.com/&scioq=%22waist+circumference%22+nigeria&hl=en&as_sdt=0,5&as_ylo=2006&as_yhi=2010&as_vis=1"
26,"HZ Ouédraogo, F Fournet, Y Martin-Prével…","Socio-spatial disparities of obesity among adults in the urban setting of Ouagadougou, Burkina Faso",2008,"Public health …","cambridge.org","https://www.cambridge.org/core/journals/public-health-nutrition/article/sociospatial-disparities-of-obesity-among-adults-in-the-urban-setting-of-ouagadougou-burkina-faso/61C4B78C9205C75E0EFE3EF51E78A904","https://scholar.google.com/scholar?cites=3217014778373007739&as_sdt=2005&sciodt=0,5&hl=en",506,"2021-07-17 17:21:18","","","","",,,,,26,2.00,7,4,13,"… woman out of five is obese(7,9–11); it is lower than in urban Nigeria, Gambia and South Africa(4,5,12) … Our definition of obesity was solely based on weight and height measurements while other definitions (ie based on waist circumference or waist-to-hip ratio) would have …","https://www.cambridge.org/core/services/aop-cambridge-core/content/view/61C4B78C9205C75E0EFE3EF51E78A904/S1368980008002504a.pdf/div-class-title-socio-spatial-disparities-of-obesity-among-adults-in-the-urban-setting-of-ouagadougou-burkina-faso-div.pdf","https://scholar.google.com/scholar?q=related:e-kafuUhpSwJ:scholar.google.com/&scioq=%22waist+circumference%22+nigeria&hl=en&as_sdt=0,5&as_ylo=2006&as_yhi=2010&as_vis=1"
39,"EC Chambers, S Heshka, D Gallagher…","Serum magnesium and type-2 diabetes in African Americans and Hispanics: a New York cohort",2006,"Journal of the …","Taylor & Francis","https://www.tandfonline.com/doi/abs/10.1080/07315724.2006.10719566","https://scholar.google.com/scholar?cites=17332997943612712686&as_sdt=2005&sciodt=0,5&hl=en",507,"2021-07-17 17:21:18","","10.1080/07315724.2006.10719566","","",,,,,39,2.60,10,4,15,"… Waist Circumference (cm), −0.03, 0.25 … [Taylor & Francis Online], [Web of Science ®], [Google Scholar]; Anetor JI, Senjobi A, Ajose OA, Agbedana EO: Decreased serum magnesium and zinc levels: atherogenic implications in type-2 diabetes mellitus in Nigerians.Nutr Health16 …","","https://scholar.google.com/scholar?q=related:7qacqcsti_AJ:scholar.google.com/&scioq=%22waist+circumference%22+nigeria&hl=en&as_sdt=0,5&as_ylo=2006&as_yhi=2010&as_vis=1"
4,"C Serrano, MR Silva","A review of cardiopulmonary research in brazilian medical journals: clinical, surgical and epidemiological data",2010,"Clinics","SciELO Brasil","https://www.scielo.br/j/clin/a/pyf88vGP3TwwrxWDPFzFcYS/abstract/?lang=en","https://scholar.google.com/scholar?cites=13857192067866820426&as_sdt=2005&sciodt=0,5&hl=en",508,"2021-07-17 17:21:18","","","","",,,,,4,0.36,2,2,11,"… 6. Krause MP, Hallage T, Gama MP, Miculis CP, Matuda Nda S, Silva SG. Association of fitness and waist circumference with hypertension in Brazilian elderly women … Knowledge of and practices related to smoking cessation among physicians in Nigeria. J Bras Pneumol …","https://www.scielo.br/j/clin/a/pyf88vGP3TwwrxWDPFzFcYS/?lang=en&format=pdf","https://scholar.google.com/scholar?q=related:Sv-PZcSiTsAJ:scholar.google.com/&scioq=%22waist+circumference%22+nigeria&hl=en&as_sdt=0,5&as_ylo=2006&as_yhi=2010&as_vis=1"
16,"T Ferguson, M Tulloch-Reid","Cardiovascular disease risk factors in Blacks living in the Caribbean",2010,"Current Cardiovascular Risk Reports","Springer","https://link.springer.com/content/pdf/10.1007/s12170-009-0076-x.pdf","https://scholar.google.com/scholar?cites=17758684032807743905&as_sdt=2005&sciodt=0,5&hl=en",509,"2021-07-17 17:21:18","","10.1007/s12170-009-0076-x","","",,,,,16,1.45,8,2,11,"… Main Findings from JHLS-2 Jamaican women had a higher mean body mass index (BMI, 28.2 vs 24.8 kg/m2) and waist circumference (88.0 vs 83.5 cm) than Jamaican men … The prevalence of hypertension was 6.1% in Nigeria, 24% in Jamaica, 26% in St …","","https://scholar.google.com/scholar?q=related:oTHozQmFc_YJ:scholar.google.com/&scioq=%22waist+circumference%22+nigeria&hl=en&as_sdt=0,5&as_ylo=2006&as_yhi=2010&as_vis=1"
0,"IK Maconochie","Age related reference ranges of respiratory rate and heart rate for children in the developing world",2006,"Archives of Disease in Childhood","adc.bmj.com","https://adc.bmj.com/content/archdischild/early/2006/01/06/adc.2005.085290.full.pdf","",510,"2021-07-17 17:21:18","","","","",,,,,0,0.00,0,1,15,"… 23. Janes MD. The effect of social class on the physical growth of Nigerian Yoruba children … 26. McCarthy HD, Ellis SM, Cole TJ. Central overweight and obesity in British youth aged 11- 16 years: cross sectional surveys of waist circumference. BMJ 2003;326:624. 27 …","","https://scholar.google.com/scholar?q=related:LShShWAoGaEJ:scholar.google.com/&scioq=%22waist+circumference%22+nigeria&hl=en&as_sdt=0,5&as_ylo=2006&as_yhi=2010&as_vis=1"
203,"EUR Smith, C Diaz-Torne, F Perez-Ruiz…","Epidemiology of gout: an update",2010,"Best Practice & Research …","Elsevier","https://www.sciencedirect.com/science/article/pii/S1521694210000902","https://scholar.google.com/scholar?cites=12773833686824391666&as_sdt=2005&sciodt=0,5&hl=en",511,"2021-07-17 17:21:18","","","","",,,,,203,18.45,51,4,11,"","https://www.academia.edu/download/34250390/1-s2.0-S1521694210000902-main.pdf","https://scholar.google.com/scholar?q=related:8hMWOw_GRbEJ:scholar.google.com/&scioq=%22waist+circumference%22+nigeria&hl=en&as_sdt=0,5&as_ylo=2006&as_yhi=2010&as_vis=1"
3,"DJ Clegg, SC Heffelfinger","Obesity: it's influence on breast cancer susceptibility",2006,"Women's Health","journals.sagepub.com","https://journals.sagepub.com/doi/abs/10.2217/17455057.2.4.577","https://scholar.google.com/scholar?cites=14029706572101386020&as_sdt=2005&sciodt=0,5&hl=en",512,"2021-07-17 17:21:18","","10.2217/17455057.2.4.577","","",,,,,3,0.20,2,2,15,"Obesity is an increasing worldwide epidemic. With an increased prevalence of obesity there is an increase in obesity-related cancers, such as breast cancer. Although reproductive and lifestyle choi...","https://journals.sagepub.com/doi/pdf/10.2217/17455057.2.4.577","https://scholar.google.com/scholar?q=related:JP8QdcuHs8IJ:scholar.google.com/&scioq=%22waist+circumference%22+nigeria&hl=en&as_sdt=0,5&as_ylo=2006&as_yhi=2010&as_vis=1"
173,"Y Kokubo, K Kamide, T Okamura, M Watanabe…","Impact of high-normal blood pressure on the risk of cardiovascular disease in a Japanese urban cohort: the Suita study",2008,"…","Am Heart Assoc","https://www.ahajournals.org/doi/abs/10.1161/hypertensionaha.108.118273","https://scholar.google.com/scholar?cites=10396393479805439973&as_sdt=2005&sciodt=0,5&hl=en",513,"2021-07-17 17:21:18","","10.1161/hypertensionaha.108.118273","","",,,,,173,13.31,35,5,13,"Few prospective studies have examined the association between high-normal blood pressure and cardiovascular disease (CVD) in Asia. We examined the impact of high-normal blood pressure on the incide...","https://www.ahajournals.org/doi/full/10.1161/HYPERTENSIONAHA.108.118273","https://scholar.google.com/scholar?q=related:5Y_9lMloR5AJ:scholar.google.com/&scioq=%22waist+circumference%22+nigeria&hl=en&as_sdt=0,5&as_ylo=2006&as_yhi=2010&as_vis=1"
142,"J Mufunda, G Mebrahtu, A Usman…","The prevalence of hypertension and its relationship with obesity: results from a national blood pressure survey in Eritrea",2006,"Journal of human …","nature.com","https://www.nature.com/articles/1001924","https://scholar.google.com/scholar?cites=9307322202084315774&as_sdt=2005&sciodt=0,5&hl=en",514,"2021-07-17 17:21:18","HTML","","","",,,,,142,9.47,36,4,15,"The prevalence of cardiovascular diseases has been shown to be on the increase in Africa based on hospital-based information and limited national surveys. A recent report on analysis of data from Health Information Management Systems (HIMS) highlighted an increasing burden …","https://www.nature.com/articles/1001924","https://scholar.google.com/scholar?q=related:fpJXATtAKoEJ:scholar.google.com/&scioq=%22waist+circumference%22+nigeria&hl=en&as_sdt=0,5&as_ylo=2006&as_yhi=2010&as_vis=1"
0,"M Böhme","Functional and association analysis of polymorphisms in selected genes of fat metabolism",2009,"","macau.uni-kiel.de","https://macau.uni-kiel.de/servlets/MCRFileNodeServlet/dissertation_derivate_00002635/diss_mike_boehme_2009.pdf","",515,"2021-07-17 17:21:18","PDF","","","",,,,,0,0.00,0,1,12,"… Genotypic association of the MTTP H297Q polymorphism with BMI, waist circumference and total cholesterol ..... Genotypic association of the PTGES2 R298H polymorphism with BMI … YRI Yoruba in Ibadan, Nigeria Page 7. Summary - 1 …","https://macau.uni-kiel.de/servlets/MCRFileNodeServlet/dissertation_derivate_00002635/diss_mike_boehme_2009.pdf",""
85,"H Delisle","Findings on dietary patterns in different groups of African origin undergoing nutrition transition",2010,"Applied Physiology, Nutrition, and Metabolism","cdnsciencepub.com","https://cdnsciencepub.com/doi/abs/10.1139/H10-008","https://scholar.google.com/scholar?cites=7944893494964993991&as_sdt=2005&sciodt=0,5&hl=en",516,"2021-07-17 17:21:18","","10.1139/H10-008","","",,,,,85,7.73,85,1,11,"… in depth in Benin. The latter included overall obesity (body mass index ≥30 kg·m –2 ) and abdominal obesity according to waist circumference cut-offs of the International Diabetes Federation (Alberti et al. 2005); high blood …","","https://scholar.google.com/scholar?q=related:xz-zMYruQW4J:scholar.google.com/&scioq=%22waist+circumference%22+nigeria&hl=en&as_sdt=0,5&as_ylo=2006&as_yhi=2010&as_vis=1"
0,"J Beneke","Anthropometrical indicators of non-communicable diseases for a black South African population in transition",2009,"","repository.nwu.ac.za","http://repository.nwu.ac.za/handle/10394/4333","",517,"2021-07-17 17:21:18","","","","",,,,,0,0.00,0,1,12,"… of the IOF definition is that abdominal obesity is a prerequisite component of the MetS, with abdominal obesity defined according to ethnic specific values of waist circumference (WC). The … Waist-circumference cut-off values were determined by ROC curve analysis …","http://repository.nwu.ac.za/bitstream/handle/10394/4333/beneke_j.pdf?sequence=1","https://scholar.google.com/scholar?q=related:1hdMEFaJYdkJ:scholar.google.com/&scioq=%22waist+circumference%22+nigeria&hl=en&as_sdt=0,5&as_ylo=2006&as_yhi=2010&as_vis=1"
43,"H Ahmadzadehfar, A Oguogho, Y Efthimiou, H Kritz…","Passive cigarette smoking increases isoprostane formation",2006,"Life sciences","Elsevier","https://www.sciencedirect.com/science/article/pii/S0024320505007800","https://scholar.google.com/scholar?cites=2818392615527896198&as_sdt=2005&sciodt=0,5&hl=en",518,"2021-07-17 17:21:18","","","","",,,,,43,2.87,9,5,15,"… were studied. All the participants had normal body weight (waist circumference below 80 cm in females and 90 cm in males, respectively), and no risk factor (despite smoking) for the development of atherosclerosis. Active smokers …","","https://scholar.google.com/scholar?q=related:htQfvibxHCcJ:scholar.google.com/&scioq=%22waist+circumference%22+nigeria&hl=en&as_sdt=0,5&as_ylo=2006&as_yhi=2010&as_vis=1"
0,"JI NWAPI","PREVALENCE AND DETERMINANTS OF PREHYPERTENSION AMONG ADULT PATIENTS ATTENDING THE GENERAL OUTPATIENT CLINIC OF THE …",2010,"Faculty of Family Medicine","dissertation.npmcn.edu.ng","http://dissertation.npmcn.edu.ng/index.php/FMCFM/article/download/258/1802","",519,"2021-07-17 17:21:18","PDF","","","",,,,,0,0.00,0,1,11,"… The major determinants of prehypertension in the study population were waist circumference, age, cigarette smoking and physical activity … In Nigeria, studies performed to evaluate blood pressure control in Nigerian hypertensive patients have shown that blood …","http://dissertation.npmcn.edu.ng/index.php/FMCFM/article/download/258/1802","https://scholar.google.com/scholar?q=related:jkeTuk6Cd1gJ:scholar.google.com/&scioq=%22waist+circumference%22+nigeria&hl=en&as_sdt=0,5&as_ylo=2006&as_yhi=2010&as_vis=1"
34,"KP Navder, Q He, X Zhang, S He…","Relationship between body mass index and adiposity in prepubertal children: ethnic and geographic comparisons between New York City and Jinan City (China)",2009,"Journal of Applied …","journals.physiology.org","https://journals.physiology.org/doi/abs/10.1152/japplphysiol.00086.2009","https://scholar.google.com/scholar?cites=9408258021030165813&as_sdt=2005&sciodt=0,5&hl=en",520,"2021-07-17 17:21:18","","10.1152/japplphysiol.00086.2009","","",,,,,34,2.83,7,5,12,"Login to your account. Institutional Login. Sign In / Register. PHYSIOLOGY.ORG Skip main navigation Close Drawer MenuOpen Drawer Menu Home: Journals: AJP-Cell; AJP-Endo; AJP-GI; AJP-Heart; AJP-Lung; AJP-Regu; AJP-Renal; …","https://journals.physiology.org/doi/full/10.1152/japplphysiol.00086.2009","https://scholar.google.com/scholar?q=related:Nf24stLYkIIJ:scholar.google.com/&scioq=%22waist+circumference%22+nigeria&hl=en&as_sdt=0,5&as_ylo=2006&as_yhi=2010&as_vis=1"
8,"CP Braga, AF Lopes, E Boliani, FQA Almeida","Avaliação antropométrica e nutricional de idosas participantes do programa universidade aberta à terceira idade (unati), 2008",2009,"Rev. Simbio-Logias","ibb.unesp.br","https://www1.ibb.unesp.br/Home/Departamentos/Educacao/Simbio-Logias/Avaliacao_antropometrica_nutricional_idosos_participantes.pdf","https://scholar.google.com/scholar?cites=14513651810800962299&as_sdt=2005&sciodt=0,5&hl=en",521,"2021-07-17 17:21:18","PDF","","","",,,,,8,0.67,2,4,12,"… UKOLI, FA et al. Body fat distribution and other anthropometric blood pressure correlates in a Nigerian urban elderly population. Cent J Med., v.41, n.5, p. 54-161, 1995. VISSCHER, TLS et al … We measured body weight, height and measures of waist circumference and hip …","https://www1.ibb.unesp.br/Home/Departamentos/Educacao/Simbio-Logias/Avaliacao_antropometrica_nutricional_idosos_participantes.pdf","https://scholar.google.com/scholar?q=related:-wp_4GzZaskJ:scholar.google.com/&scioq=%22waist+circumference%22+nigeria&hl=en&as_sdt=0,5&as_ylo=2006&as_yhi=2010&as_vis=1"
13,"AP Okeyo","Eating practices, nutritional knowledge and body weight in nursing science students at the University of Fort Hare",2009,"","scholar.ufs.ac.za","https://scholar.ufs.ac.za/handle/11660/1438","https://scholar.google.com/scholar?cites=13717134469529435407&as_sdt=2005&sciodt=0,5&hl=en",522,"2021-07-17 17:21:18","","","","",,,,,13,1.08,13,1,12,"… W Weight WC Waist circumference W/H2 Weight divided by height squared WHO World Health Organization WHR Waist-hip ratio … According to WHO (1998), between 6 % and 8 % of the population in Nigeria are obese, while over 6 % men and 13 % women in Brazil are obese …","https://scholar.ufs.ac.za/bitstream/handle/11660/1438/OkeyoAP.pdf?sequence=1&isAllowed=y","https://scholar.google.com/scholar?q=related:D32RoB8NXb4J:scholar.google.com/&scioq=%22waist+circumference%22+nigeria&hl=en&as_sdt=0,5&as_ylo=2006&as_yhi=2010&as_vis=1"
0,"SE Eberly","Investigating the health status of the Yakut: An analysis of residence and sex differences in blood pressure",2006,"","search.proquest.com","https://search.proquest.com/openview/a089a7328aeb39f5fd68ba2584461281/1?pq-origsite=gscholar&cbl=18750&diss=y","",523,"2021-07-17 17:21:18","","","","",,,,,0,0.00,0,1,15,"… The three measures of adiposity are body mass index (BMI), subscapular skinfold thickness, and waist circumference … index (BMI), waist circumference, and subscapular skinfold thickness were provided. Data was gathered from three villages in the district of Gorny Ulus …","https://cdr.lib.unc.edu/downloads/fb494863d","https://scholar.google.com/scholar?q=related:mBt0XXKgEoYJ:scholar.google.com/&scioq=%22waist+circumference%22+nigeria&hl=en&as_sdt=0,5&as_ylo=2006&as_yhi=2010&as_vis=1"
1,"J Ansong","Dietary habits, obesity and elevated blood pressure among workers of the college of health sciences",2009,"","ugspace.ug.edu.gh","http://ugspace.ug.edu.gh/handle/123456789/5157","https://scholar.google.com/scholar?cites=8572522072369762044&as_sdt=2005&sciodt=0,5&hl=en",524,"2021-07-17 17:21:18","","","","",,,,,1,0.08,1,1,12,"… 2007). Globally more than 300 million people are obese. In Kenya, 12% of the population is obese and in Nigeria, 6% are also obese (Crawford, 2002). In Ghana studies conducted in 2005 have indicated a prevalence of 5.5% among the general …","http://ugspace.ug.edu.gh/bitstream/handle/123456789/5157/Joana%20Ansong_Dietary%20habits%2C%20obesity%20and%20elevated%20blood%20pressure%20among%20workers%20of%20the%20colleges%20of%20health%20sciences_2009.pdf?sequence=1&isAllowed=y","https://scholar.google.com/scholar?q=related:_I7L2Ge393YJ:scholar.google.com/&scioq=%22waist+circumference%22+nigeria&hl=en&as_sdt=0,5&as_ylo=2006&as_yhi=2010&as_vis=1"
1,"CL Jennings","The impact of body fat and its distribution on risk factors for cardiovascular disease in black South African women",2008,"","open.uct.ac.za","https://open.uct.ac.za/handle/11427/3252","https://scholar.google.com/scholar?cites=13009473786023228660&as_sdt=2005&sciodt=0,5&hl=en",525,"2021-07-17 17:21:18","","","","",,,,,1,0.08,1,1,13,"… 37 1.4.1.3 Measurement of central obesity 39 1.4.1.3.1 Waist circumference 39 1.4.1.3.2 Computer tomography scan 40 1.4.2 Insulin resistance, impaired fasting glucose and impaired … 119 Figure 3.1. Correlation of waist circumference (cm) and VAT area (cm2). 121 Table 4.1 …","https://open.uct.ac.za/bitstream/handle/11427/3252/thesis_hsf_2008_jennings_c_l.pdf?sequence=1&isAllowed=y","https://scholar.google.com/scholar?q=related:9LSrMnvvirQJ:scholar.google.com/&scioq=%22waist+circumference%22+nigeria&hl=en&as_sdt=0,5&as_ylo=2006&as_yhi=2010&as_vis=1"
321,"YS Levitzky, MJ Pencina, RB D'Agostino…","Impact of impaired fasting glucose on cardiovascular disease: the Framingham Heart Study",2008,"Journal of the American …","jacc.org","https://www.jacc.org/doi/abs/10.1016/j.jacc.2007.09.038","https://scholar.google.com/scholar?cites=4680765579457352654&as_sdt=2005&sciodt=0,5&hl=en",526,"2021-07-17 17:21:18","","10.1016/j.jacc.2007.09.038","","",,,,,321,24.69,80,4,13,"Impact of Impaired Fasting Glucose on Cardiovascular Disease: The Framingham Heart StudyYamini S. Levitzky, Michael J. Pencina, Ralph B. D'Agostino, James B. Meigs, Joanne M. Murabito, Ramachandran...","https://www.sciencedirect.com/science/article/pii/S0735109707034213/pdf?md5=7bd7a437e9de7f0ac486f3d563eb78c9&pid=1-s2.0-S0735109707034213-main.pdf&_valck=1","https://scholar.google.com/scholar?q=related:zlNuqH5r9UAJ:scholar.google.com/&scioq=%22waist+circumference%22+nigeria&hl=en&as_sdt=0,5&as_ylo=2006&as_yhi=2010&as_vis=1"
0,"M O'Donnell, DD Rowel, G Nolan","Minority ethnic groups: a nutrition resource for dietitians & health professionals",2010,"","lenus.ie","https://www.lenus.ie/bitstream/handle/10147/312084/Minority%20Ethnic%20Groups%20A%20Nutrition%20Resource%20for%20Dietitians%20%20Health%20Professionals%202010.pdf?sequence=1","",527,"2021-07-17 17:21:18","PDF","","","",,,,,0,0.00,0,3,11,"… 39 8 Food Pyramid Model: Nigeria 45 9 Food Pyramid Model: Poland 50 … 65 14 International Classification of adult underweight, overweight and obesity according to BMI 71 15 Waist circumference thresholds used to assess health risks in the general adult population 72 …","https://www.lenus.ie/bitstream/handle/10147/312084/Minority%20Ethnic%20Groups%20A%20Nutrition%20Resource%20for%20Dietitians%20%20Health%20Professionals%202010.pdf?sequence=1",""
1,"CB dos Santos Cavalcanti, MVG de Barros…","Obesidade Abdominal em Adolescentes: Prevalência e Associação com Atividade Física e hábitos Alimentares",2010,"Arq Bras …","academia.edu","https://www.academia.edu/download/51838522/Obesidade_abdominal_em_adolescentes_prev20170217-20866-uur68m.pdf","https://scholar.google.com/scholar?cites=3340898091954400450&as_sdt=2005&sciodt=0,5&hl=en",528,"2021-07-17 17:21:18","PDF","","","",,,,,1,0.09,0,3,11,"… Logistic regression was used for analysis of behavioral factors associated with the occurrence of abdominal obesity. The identification of cases of abdominal obesity was performed by waist circumference analysis, using age- and gender-related cutoff points as reference …","https://www.academia.edu/download/51838522/Obesidade_abdominal_em_adolescentes_prev20170217-20866-uur68m.pdf","https://scholar.google.com/scholar?q=related:wuy4IR1BXS4J:scholar.google.com/&scioq=%22waist+circumference%22+nigeria&hl=en&as_sdt=0,5&as_ylo=2006&as_yhi=2010&as_vis=1"
27,"Y Yamada, K Kato, T Kameyama…","Genetic factors for obesity",2006,"International …","spandidos-publications.com","https://www.spandidos-publications.com/ijmm/18/5/843","https://scholar.google.com/scholar?cites=12534936382391949154&as_sdt=2005&sciodt=0,5&hl=en",529,"2021-07-17 17:21:18","","","","",,,,,27,1.80,7,4,15,"… fat deposition as well as higher values for weight and waist circumference (19). A haplotype in the promoter region of ACE was transmitted preferentially from parents to offspring who became obese among black populations in both the United States and Nigeria, suggesting that …","https://www.spandidos-publications.com/ijmm/18/5/843/download","https://scholar.google.com/scholar?q=related:YpeXEjoK9a0J:scholar.google.com/&scioq=%22waist+circumference%22+nigeria&hl=en&as_sdt=0,5&as_ylo=2006&as_yhi=2010&as_vis=1"
0,"EW KIMANI","EXPLORING THE PARADOX",2010,"","core.ac.uk","https://core.ac.uk/download/pdf/39668015.pdf","",530,"2021-07-17 17:21:18","PDF","","","",,,,,0,0.00,0,1,11,"… age, and reaching a peak of 25% at 18 years. Risk for metabolic disease using waist circumference cut-offs was substantial among adolescents, particularly girls, increasing with sexual maturation, and reaching a peak of 35 …","https://core.ac.uk/download/pdf/39668015.pdf","https://scholar.google.com/scholar?q=related:UWQ_rVbPAasJ:scholar.google.com/&scioq=%22waist+circumference%22+nigeria&hl=en&as_sdt=0,5&as_ylo=2006&as_yhi=2010&as_vis=1"
0,"JH Goedecke, CL Jennings, EV Lambertc","IN SOUTH AFRICA",2006,"… of smaller files at http://www …","samrc.ac.za","https://www.samrc.ac.za/sites/default/files/files/2016-07-14/cdl1995-2005.pdf#page=73","",531,"2021-07-17 17:21:18","PDF","","","",,,,,0,0.00,0,3,15,"… 19.8 19.8 19.7 F 20.5 20.5 19.6 Mali M 18.9 20.5 20.8 20.3 19.6 20.2 F 19.9 21.1 20.6 20 19.5 20.8 Nigeria M 19.8 … from the SADHS, which included over 7 000 South African women, found that black women and those of mixed ancestry had greater waist circumference and waist …","https://www.samrc.ac.za/sites/default/files/files/2016-07-14/cdl1995-2005.pdf#page=73","https://scholar.google.com/scholar?q=related:k2wITz0hle0J:scholar.google.com/&scioq=%22waist+circumference%22+nigeria&hl=en&as_sdt=0,5&as_ylo=2006&as_yhi=2010&as_vis=1"
37,"CJ Gallagher, KL Keene, JC Mychaleckyj…","Investigation of the estrogen receptor-α gene with type 2 diabetes and/or nephropathy in African-American and European-American populations",2007,"Diabetes","Am Diabetes Assoc","https://diabetes.diabetesjournals.org/content/56/3/675.short","https://scholar.google.com/scholar?cites=16545093547848955430&as_sdt=2005&sciodt=0,5&hl=en",532,"2021-07-17 17:21:18","","","","",,,,,37,2.64,9,4,14,"","https://diabetes.diabetesjournals.org/content/diabetes/56/3/675.full.pdf","https://scholar.google.com/scholar?q=related:JvYkD-z6m-UJ:scholar.google.com/&scioq=%22waist+circumference%22+nigeria&hl=en&as_sdt=0,5&as_ylo=2006&as_yhi=2010&as_vis=1"
0,"EI MEDUNOYE","CORRELATION BETWEEN BODY MASS INDEX (BMI) AND BLOOD PRESSURE AMONG WOMEN ATTENDING OUT-PATIENTS CLINICS AT THE FEDERAL …",2006,"Faculty of Family Medicine","dissertation.npmcn.edu.ng","http://dissertation.npmcn.edu.ng/index.php/FMCFM/article/download/255/1805","",533,"2021-07-17 17:21:18","PDF","","","",,,,,0,0.00,0,1,15,"… active play10. These measures also needed to be encouraged in Nigerian adolescents as tendency to sedentary life style, and fast food joints, and advertising of such places, is on the increase in the urban and semi-urban centres in Nigeria …","http://dissertation.npmcn.edu.ng/index.php/FMCFM/article/download/255/1805","https://scholar.google.com/scholar?q=related:9vzxQXrabGYJ:scholar.google.com/&scioq=%22waist+circumference%22+nigeria&hl=en&as_sdt=0,5&as_ylo=2006&as_yhi=2010&as_vis=1"
0,"W Zhang, P Adab, KK Cheng, GM Leung","Height, Its Components, and Cardiovascular Risk Among Older Chinese: A Cross-Sectional Analysis of the Guangzhou Biobank Cohort Study",,"Citeseer","","http://citeseerx.ist.psu.edu/viewdoc/download?doi=10.1.1.867.5893&rep=rep1&type=pdf","",534,"2021-07-17 17:21:18","PDF","","","",,,,,0,0.00,0,4,,"… height and IHD or its risk factors mainly come from locations that are economically underdeveloped, such as Brazil15,17 and Nigeria,19 or … Waist circumference was mea- sured horizontally around the smallest cir- cumference between the ribs and iliac crest, or at the level of the …","http://citeseerx.ist.psu.edu/viewdoc/download?doi=10.1.1.867.5893&rep=rep1&type=pdf","https://scholar.google.com/scholar?q=related:eR1KGWXY_CMJ:scholar.google.com/&scioq=%22waist+circumference%22+nigeria&hl=en&as_sdt=0,5&as_ylo=2006&as_yhi=2010&as_vis=1"
112,"S Ichihara, Y Yamada","Genetic factors for human obesity",2008,"Cellular and molecular life sciences","Springer","https://link.springer.com/article/10.1007/s00018-007-7453-8","https://scholar.google.com/scholar?cites=11194728415479108137&as_sdt=2005&sciodt=0,5&hl=en",535,"2021-07-17 17:21:18","","10.1007/s00018-007-7453-8","","",,,,,112,8.62,56,2,13,"… A Trp64Arg polymorphism of ADRB3 has been associated with obesity [109]. The variant allele of this polymorphism was also shown to be associated with increased BMI, fat mass, and waist circumference in a paired-sibling analysis of Mexican Americans [110] …","","https://scholar.google.com/scholar?q=related:KZKagS6qW5sJ:scholar.google.com/&scioq=%22waist+circumference%22+nigeria&hl=en&as_sdt=0,5&as_ylo=2006&as_yhi=2010&as_vis=1"
15,"WS Watkins, A Rohrwasser, A Peiffer…","AGT Genetic Variation, Plasma AGT, and Blood Pressure: An Analysis of the Utah Genetic Reference Project Pedigrees",2010,"American journal of …","academic.oup.com","https://academic.oup.com/ajh/article-abstract/23/8/917/2281995","https://scholar.google.com/scholar?cites=964016515584213475&as_sdt=2005&sciodt=0,5&hl=en",536,"2021-07-17 17:21:18","","","","",,,,,15,1.36,4,4,11,"… blood pressure. 1,2,3 Heritability estimates for blood pressure across ethnicities range from ~15% to >50% (eg, 30% in Indians, 4 33% in Taiwanese, 5 43–45% in Nigerians, 6 and 55–57% in Framingham, MA 7 ). The identification …","https://academic.oup.com/ajh/article-pdf/23/8/917/11199148/23_8_917.pdf","https://scholar.google.com/scholar?q=related:48EB0enfYA0J:scholar.google.com/&scioq=%22waist+circumference%22+nigeria&hl=en&as_sdt=0,5&as_ylo=2006&as_yhi=2010&as_vis=1"
4,"SP Ayodeji, SB Adejuyigbe","Development of CAD Software for wheel chair design",2008,"Journal of Science and Technology (Ghana)","ajol.info","https://www.ajol.info/index.php/just/article/view/33110","https://scholar.google.com/scholar?cites=11395605315526445543&as_sdt=2005&sciodt=0,5&hl=en",537,"2021-07-17 17:21:18","","","","",,,,,4,0.31,2,2,13,"… 51 55 63.695 Inter pupilliary breadth 7 8.75 10.775 Waist circumference 57 69.1 85.55 … will allow manufacturers to easily design wheel chair for the Nigerian paraplegics' population … of Mechanical Engineering Depart- ment, Federal University of Technology, Akure, Nigeria in the …","https://www.ajol.info/index.php/just/article/view/33110/37299","https://scholar.google.com/scholar?q=related:58mBcKhSJZ4J:scholar.google.com/&scioq=%22waist+circumference%22+nigeria&hl=en&as_sdt=0,5&as_ylo=2006&as_yhi=2010&as_vis=1"
92,"AH El-Gilany, S Hammad","Body mass index and obstetric outcomes in Saudi Arabia: a prospective cohort study",2010,"Annals of Saudi medicine","annsaudimed.net","https://www.annsaudimed.net/doi/abs/10.4103/0256-4947.67075","https://scholar.google.com/scholar?cites=9414350911123211071&as_sdt=2005&sciodt=0,5&hl=en",538,"2021-07-17 17:21:18","","10.4103/0256-4947.67075","","",,,,,92,8.36,46,2,11,"… 28. In: Obi SN, Obute EA. ""Pregnancy outcome in the obese Nigerian"" . Trop J Obstet Gynaecol … 30. In: Wendland EM, Duncan BB, Mengue SS, Nucci LB, Schmidt MI. ""Waist circumference in the prediction of obesity-related adverse pregnancy outcomes"" . Cad Saude Publica …","https://www.annsaudimed.net/doi/pdf/10.4103/0256-4947.67075","https://scholar.google.com/scholar?q=related:P8NfOEZ-poIJ:scholar.google.com/&scioq=%22waist+circumference%22+nigeria&hl=en&as_sdt=0,5&as_ylo=2006&as_yhi=2010&as_vis=1"
0,"D Mehraban, M Salehi, F Zayeri","Our Most Popular Treatments",2007,"International Journal of …","loriamedical.com","http://www.loriamedical.com/essential-info/penile-size-and-somatometric-parameters/","",539,"2021-07-17 17:21:18","HTML","","","",,,,,0,0.00,0,3,14,"… The waist circumference was measured at the umbilical level and the hips circumference was measured at the level of the anterior–superior iliac spines … Ajmani ML, Jain SP, Saxena SK. Anthropometric study of male external genitalia of 320 healthy Nigerian adults …","http://www.loriamedical.com/essential-info/penile-size-and-somatometric-parameters/","https://scholar.google.com/scholar?q=related:cbsxmVN4nzcJ:scholar.google.com/&scioq=%22waist+circumference%22+nigeria&hl=en&as_sdt=0,5&as_ylo=2006&as_yhi=2010&as_vis=1"
0,"EM Brady","Investigating the relationship between sleep disordered breathing, glycaemic control and inflammation",2009,"","leicester.figshare.com","https://leicester.figshare.com/articles/thesis/Investigating_the_Relationship_between_Sleep_Disordered_Breathing_Glycaemic_Control_and_Inflammation/10101689","",540,"2021-07-17 17:21:18","","","","",,,,,0,0.00,0,1,12,"… diagnosed OSA. We report a clinically significant improvement in glycaemic control (HbA1c -0.8%) and a significant reduction in waist circumference with improved psychological well being 6 months post CPAP-therapy. It is …","https://leicester.figshare.com/articles/thesis/Investigating_the_Relationship_between_Sleep_Disordered_Breathing_Glycaemic_Control_and_Inflammation/10101689/files/18209444.pdf","https://scholar.google.com/scholar?q=related:5BnWJ-FBcRAJ:scholar.google.com/&scioq=%22waist+circumference%22+nigeria&hl=en&as_sdt=0,5&as_ylo=2006&as_yhi=2010&as_vis=1"
48,"EA Guillette, C Conard, F Lares…","Altered breast development in young girls from an agricultural environment",2006,"Environmental …","ehp.niehs.nih.gov","https://ehp.niehs.nih.gov/doi/abs/10.1289/ehp.8280","https://scholar.google.com/scholar?cites=5751329275865372899&as_sdt=2005&sciodt=0,5&hl=en",541,"2021-07-17 17:21:18","","10.1289/ehp.8280","","",,,,,48,3.20,12,4,15,"… Chest circumference (cm), 68.8 ± 1.6, 68.5 ± 1.8, 0.02 (0.9). Chest circumference–3 cm (cm), 64.5 ± 1.4, 63.9 ± 1.7, 0.07 (0.8). Waist circumference (cm), 63.1 ± 1.5, 63.3 ± 1.8, 0.009 (0.9). Hip circumference (cm), 76.8 ± 1.6, 76.4 ± 1.7, 0.04 (0.9) …","https://ehp.niehs.nih.gov/doi/pdf/10.1289/ehp.8280","https://scholar.google.com/scholar?q=related:45hCKoHT0E8J:scholar.google.com/&scioq=%22waist+circumference%22+nigeria&hl=en&as_sdt=0,5&as_ylo=2006&as_yhi=2010&as_vis=1"
33,"J Parizkova, MK Chin, M Chia, J Yang","An international perspective on obesity, health and physical activity: current trends and challenges in China and Asia",2007,"Journal of Exercise Science and …","Citeseer","https://citeseerx.ist.psu.edu/viewdoc/download?doi=10.1.1.488.6525&rep=rep1&type=pdf","https://scholar.google.com/scholar?cites=6430678291983612534&as_sdt=2005&sciodt=0,5&hl=en",542,"2021-07-17 17:21:18","PDF","","","",,,,,33,2.36,8,4,14,"… Prateley 1998). Similarly, the average BMI in Nigerian women and men living in their country is 22.6 and 21.7, while the BMI of Nigerian women and men living in the US is 30.8 and 27.1, respectively (Luke et al. 2002). The …","https://citeseerx.ist.psu.edu/viewdoc/download?doi=10.1.1.488.6525&rep=rep1&type=pdf","https://scholar.google.com/scholar?q=related:drp_2tVbPlkJ:scholar.google.com/&scioq=%22waist+circumference%22+nigeria&hl=en&as_sdt=0,5&as_ylo=2006&as_yhi=2010&as_vis=1"
0,"RP Skeps","The relation of adipokines and adiponectin to change in weight or fat distribution over a six-year prospective study",2007,"","search.proquest.com","https://search.proquest.com/openview/096cbd406e1fc607021075fc0d257866/1?pq-origsite=gscholar&cbl=18750","",543,"2021-07-17 17:21:18","BOOK","","","",,,,,0,0.00,0,1,14,"… change in weight or fat distribution was not just among obese populations investigators examined (n=744) lean rural Nigerians from Oyo State in south western Nigeria (37) … levels were compared to body mass index (BMI), waist circumference, waist to hip ratio …","","https://scholar.google.com/scholar?q=related:oeNce7wf0-YJ:scholar.google.com/&scioq=%22waist+circumference%22+nigeria&hl=en&as_sdt=0,5&as_ylo=2006&as_yhi=2010&as_vis=1"
47,"B Liu, D Chen, L Yang, Y Li, X Ling, L Liu, W Ji…","A functional variant (−1304T>G) in the MKK4 promoter contributes to a decreased risk of lung cancer by increasing the promoter activity",2010,"…","academic.oup.com","https://academic.oup.com/carcin/article-abstract/31/8/1405/2477491","https://scholar.google.com/scholar?cites=14695992419158936385&as_sdt=2005&sciodt=0,5&hl=en",544,"2021-07-17 17:21:18","","","","",,,,,47,4.27,6,8,11,"Abstract. Mitogen-activated protein kinase kinase 4 (MKK4) is a critical mediator of stress-activated protein kinase signals that regulate apoptosis, inflammati.","https://academic.oup.com/carcin/article/31/8/1405/2477491","https://scholar.google.com/scholar?q=related:QUvNFT6n8ssJ:scholar.google.com/&scioq=%22waist+circumference%22+nigeria&hl=en&as_sdt=0,5&as_ylo=2006&as_yhi=2010&as_vis=1"
67,"AJ Cronin, N Claffey, LF Stassen","Who is at risk? Periodontal disease risk analysis made accessible for the general dental practitioner",2008,"British dental journal","nature.com","https://www.nature.com/articles/sj.bdj.2008.653","https://scholar.google.com/scholar?cites=4355570341286383216&as_sdt=2005&sciodt=0,5&hl=en",545,"2021-07-17 17:21:18","","","","",,,,,67,5.15,22,3,13,"The use of odds ratio (OR) in risk analysis is considered a useful means of cross-comparing risk factors by which a disease is influenced. This article outlines the interpretation of reported ORs with respect to periodontal disease, highlighting those factors that are most deserving of …","https://www.researchgate.net/profile/Noel-Claffey/publication/23158938_Who_is_at_risk_Periodontal_disease_risk_analysis_made_accessible_for_the_general_practitioner/links/00b7d53b40ff14d4e5000000/Who-is-at-risk-Periodontal-disease-risk-analysis-made-accessible-for-the-general-practitioner.pdf","https://scholar.google.com/scholar?q=related:cA6aCiYYcjwJ:scholar.google.com/&scioq=%22waist+circumference%22+nigeria&hl=en&as_sdt=0,5&as_ylo=2006&as_yhi=2010&as_vis=1"
1,"A Bampoe","Risk Factors for Breast Cancer among Patients in Korle-Bu Teaching Hospital A Case-Control",2010,"","ugspace.ug.edu.gh","http://ugspace.ug.edu.gh/handle/123456789/8830","https://scholar.google.com/scholar?cites=10627504664658632554&as_sdt=2005&sciodt=0,5&hl=en",546,"2021-07-17 17:21:18","","","","",,,,,1,0.09,1,1,11,"… menarche at 13 years and younger had a higher relative risk. A similar study in Nigeria found age at menarche, ranging between 12 and 20 years … 3.6.2.4 Waist and Hip Ratio (WHpR) Waist circumference was measured in the middle between the 12 th rib and the iliac …","http://ugspace.ug.edu.gh/bitstream/handle/123456789/8830/Risk%20Factors%20for%20Breast%20Cancer%20among%20Patients%20in%20Korle-Bu%20Teaching%20Hospital%20A%20Case-Control-2010.pdf?sequence=1&isAllowed=y","https://scholar.google.com/scholar?q=related:at_IgS97fJMJ:scholar.google.com/&scioq=%22waist+circumference%22+nigeria&hl=en&as_sdt=0,5&as_ylo=2006&as_yhi=2010&as_vis=1"
0,"E Etmenler","Ankara'da Bir Anaokulunda Şişmanlık Prevelansı ve",2009,"TAF Preventive Medicine Bulletin","researchgate.net","https://www.researchgate.net/profile/Bilal-Bakir/publication/41464292_The_Prevalence_of_Obesity_and_Associated_Factors_in_a_Kindergarten_in_Ankara/links/0fcfd51153ecfb7a2b000000/The-Prevalence-of-Obesity-and-Associated-Factors-in-a-Kindergarten-in-Ankara.pdf","",547,"2021-07-17 17:21:18","PDF","","","",,,,,0,0.00,0,1,12,"… Sağlık Bakanlığı Yayın No: 732. Ankara. Klasmat Matbaacılık, 2008, p. 213-49. 25. Ness-Abramof R, Apovian CM. Waist circumference measurement in clinical practice. Nutr Clin Pract. 2008; 23: 397-404. 26. WHO. Obesity: Prevention and Managing the Global Epidemic …","https://www.researchgate.net/profile/Bilal-Bakir/publication/41464292_The_Prevalence_of_Obesity_and_Associated_Factors_in_a_Kindergarten_in_Ankara/links/0fcfd51153ecfb7a2b000000/The-Prevalence-of-Obesity-and-Associated-Factors-in-a-Kindergarten-in-Ankara.pdf","https://scholar.google.com/scholar?q=related:tI2U_2aNdl8J:scholar.google.com/&scioq=%22waist+circumference%22+nigeria&hl=en&as_sdt=0,5&as_ylo=2006&as_yhi=2010&as_vis=1"
1,"N Tawa","The prevalence of risk factors for non-communicable diseases among people living in Mombasa, Kenya",2010,"","etd.uwc.ac.za","https://etd.uwc.ac.za/handle/11394/3471","https://scholar.google.com/scholar?cites=12924509653297862467&as_sdt=2005&sciodt=0,5&hl=en",548,"2021-07-17 17:21:18","","","","",,,,,1,0.09,1,1,11,"… Step 2 involved the taking of simple anthropometrical measurements pertaining to height, weight, waist circumference, blood pressure and pulse rate … (2001) in a comparative study which revealed a high prevalence of cardiovascular diseases in Nigeria and …","https://etd.uwc.ac.za/bitstream/handle/11394/3471/Tawa_MSC_2010.pdf?sequence=1&isAllowed=y","https://scholar.google.com/scholar?q=related:QxftfA0VXbMJ:scholar.google.com/&scioq=%22waist+circumference%22+nigeria&hl=en&as_sdt=0,5&as_ylo=2006&as_yhi=2010&as_vis=1"
0,"P Saravanan, G Valsamakis, S Kumar","Obesity in different ethnic groups",2009,"Obesity and Diabetes","books.google.com","https://books.google.com/books?hl=en&lr=&id=MhfwG1YbKkYC&oi=fnd&pg=PA299&dq=%22waist+circumference%22+nigeria&ots=mXt0D5oE1h&sig=qoy_vErloy6ycPU620UaHfOOdIY","",549,"2021-07-17 17:21:18","","","","",,,,,0,0.00,0,3,12,"… data from several single centre studies showed Table 16.1 Guidelines for identifying high risk patients using waist circumference Waist circumference in cm … C. et al.(1997) Relation between body mass index and body fat in black population samples from Nigeria, Jamaica, and …","","https://scholar.google.com/scholar?q=related:gFRnFkWXgMEJ:scholar.google.com/&scioq=%22waist+circumference%22+nigeria&hl=en&as_sdt=0,5&as_ylo=2006&as_yhi=2010&as_vis=1"
0,"AF Marvelle","The genetics of obesity-related traits and lipoproteins in Filipino women",2010,"","search.proquest.com","https://search.proquest.com/openview/58fcf1177331ddf65924e909fdc145d5/1?pq-origsite=gscholar&cbl=18750","",550,"2021-07-17 17:21:18","BOOK","","","",,,,,0,0.00,0,1,11,"… Table 3.2. Results of SNPs assessed for association in the CLHNS cohort with BMI, waist circumference, and percent body fat .....60 Table 3.3 … TSF triceps skinfold thickness YRI Yoruban of Ibadan, Nigeria Page 16. CHAPTER I. INTRODUCTION …","https://cdr.lib.unc.edu/downloads/79407z70z","https://scholar.google.com/scholar?q=related:Hj5202dqNK4J:scholar.google.com/&scioq=%22waist+circumference%22+nigeria&hl=en&as_sdt=0,5&as_ylo=2006&as_yhi=2010&as_vis=1"
0,"P Baardseth, IS Grini, A Nilsson, AS Nofima Mat…","INNOVATION OF HEALTHY CHOICES NEEDS INTERDISCIPLINARY COLLABORATION",2009,"…","researchgate.net","https://www.researchgate.net/profile/Qianling-Zhou/publication/254583835_Perception_of_Dietary_Change_and_Attitudes_Towards_the_Irish_Diet_Amond_Non-Nationals_in_Ireland/links/58ac3c6daca27206d9bf96d2/Perception-of-Dietary-Change-and-Attitudes-Towards-the-Irish-Diet-Amond-Non-Nationals-in-Ireland.pdf","",551,"2021-07-17 17:21:18","PDF","","","",,,,,0,0.00,0,5,12,"… The purpose of this study was to assess body composition, dietary intake and physical activity patterns during and after Ramadhan. Body weight, fat percentage and waist circumference were measured, and body mass index (BMI) was calculated …","https://www.researchgate.net/profile/Qianling-Zhou/publication/254583835_Perception_of_Dietary_Change_and_Attitudes_Towards_the_Irish_Diet_Amond_Non-Nationals_in_Ireland/links/58ac3c6daca27206d9bf96d2/Perception-of-Dietary-Change-and-Attitudes-Towards-the-Irish-Diet-Amond-Non-Nationals-in-Ireland.pdf",""
25,"SR Freitas, AC Pereira, MS Floriano, JG Mill…","Association of alpha1a-adrenergic receptor polymorphism and blood pressure phenotypes in the Brazilian population",2008,"BMC cardiovascular …","Springer","https://link.springer.com/article/10.1186/1471-2261-8-40","https://scholar.google.com/scholar?cites=14478794606416674152&as_sdt=2005&sciodt=0,5&hl=en",552,"2021-07-17 17:21:18","HTML","10.1186/1471-2261-8-40","","",,,,,25,1.92,5,5,13,"… syndrome was defined when any two or more of following risk determinant were present: (1) abdominal obesity (waist circumference ≥ 102 cm in men … O, Ladipo M, Owoaje E, Ward R: Maximum-likelihood generalized heritability estimate for blood pressure in Nigerian families …","https://link.springer.com/article/10.1186/1471-2261-8-40","https://scholar.google.com/scholar?q=related:aL1Oi_sC78gJ:scholar.google.com/&scioq=%22waist+circumference%22+nigeria&hl=en&as_sdt=0,5&as_ylo=2006&as_yhi=2010&as_vis=1"
0,"RJ Harris, S Aubrey, R Gibbs, A Clement","OBESITY: CURRENT RESEARCH AND DILEMNAS",,"GLOBAL DIMENSIONS OF …","ndl.ethernet.edu.et","http://ndl.ethernet.edu.et/bitstream/123456789/32777/1/125%20pdf.pdf#page=182","",553,"2021-07-17 17:21:18","PDF","","","",,,,,0,0.00,0,4,,"… 172 FIGURE 2. Girl's Waist circumference charts as used in the UK … up the image of a child of wealthy parents eating convenience foods and engaging in little physical activity, this may be an outdated idea; the children of Egypt, Argentina, Malawi, Nigeria, Uzbekistan, Peru …","http://ndl.ethernet.edu.et/bitstream/123456789/32777/1/125%20pdf.pdf#page=182","https://scholar.google.com/scholar?q=related:0bZ5rFtP_asJ:scholar.google.com/&scioq=%22waist+circumference%22+nigeria&hl=en&as_sdt=0,5&as_ylo=2006&as_yhi=2010&as_vis=1"
1,"QO Henry-Okafor","Effect of obesity on the traditional and emerging cardiovascular disease risk factors in African American women",2009,"","search.proquest.com","https://search.proquest.com/openview/5342ecb54968d9f464bb5a426d4496a6/1?pq-origsite=gscholar&cbl=18750","https://scholar.google.com/scholar?cites=17476978014966443491&as_sdt=2005&sciodt=0,5&hl=en",554,"2021-07-17 17:21:18","BOOK","","","",,,,,1,0.08,1,1,12,"… Participants completed a demographic/health history questionnaire and 7-Day Physical Activity Recall Questionnaire. Anthropometric assessment of height, weight, BMI, waist circumference, and waist-hip-ratio were determined …","https://dc.uthsc.edu/cgi/viewcontent.cgi?article=1344&context=dissertations","https://scholar.google.com/scholar?q=related:4-1iWeiyivIJ:scholar.google.com/&scioq=%22waist+circumference%22+nigeria&hl=en&as_sdt=0,5&as_ylo=2006&as_yhi=2010&as_vis=1"
466,"SS Lim, TA Gaziano, E Gakidou, KS Reddy…","Prevention of cardiovascular disease in high-risk individuals in low-income and middle-income countries: health effects and costs",2007,"The Lancet","Elsevier","https://www.sciencedirect.com/science/article/pii/S0140673607616997","https://scholar.google.com/scholar?cites=14959132616913336569&as_sdt=2005&sciodt=0,5&hl=en",555,"2021-07-17 17:21:18","","","","",,,,,466,33.29,93,5,14,"… Argentina, 3. Bangladesh, 2. Brazil, 4. Burma, 2. China, 4. Colombia, 2. Democratic Republic of the Congo, 1. Egypt, 4. Ethiopia, 4. India, 4. Indonesia, 3. Iran, 4. Mexico, 4. Nigeria, 1. Pakistan, 2. Philippines, 4. Poland, 4. Russia, 4. South Africa, 1. Thailand, 4. Turkey, 4. Ukraine …","","https://scholar.google.com/scholar?q=related:-TgUs9uDmc8J:scholar.google.com/&scioq=%22waist+circumference%22+nigeria&hl=en&as_sdt=0,5&as_ylo=2006&as_yhi=2010&as_vis=1"
0,"JSNOYEB ADDO","RISK FACTORS FOR BREAST CANCER AMONG PATIENTS IN KORLE-BU TEACHING HOSPITAL: A CASE-CONTROL STUDY",2010,"","ugspace.ug.edu.gh","http://ugspace.ug.edu.gh/bitstream/handle/123456789/5156/Janet%20Susan%20Nana%20Oye%20Bampoe%20Addo_Risk%20factors%20for%20breast%20cancer%20amongst%20patients%20in%20Lorle-Bu%20teaching%20Hospital,%20A%20case-control%20study.pdf;sequence=1","",556,"2021-07-17 17:21:18","PDF","","","",,,,,0,0.00,0,1,11,"… Studies done in Nigeria found a peak age incidence among most West Africans to be between 36 … menarche at 13 years and younger had a higher relative risk. A similar study in Nigeria found age at menarche, ranging between 12 and 20 years …","http://ugspace.ug.edu.gh/bitstream/handle/123456789/5156/Janet%20Susan%20Nana%20Oye%20Bampoe%20Addo_Risk%20factors%20for%20breast%20cancer%20amongst%20patients%20in%20Lorle-Bu%20teaching%20Hospital,%20A%20case-control%20study.pdf;sequence=1","https://scholar.google.com/scholar?q=related:C4klqtDR0IUJ:scholar.google.com/&scioq=%22waist+circumference%22+nigeria&hl=en&as_sdt=0,5&as_ylo=2006&as_yhi=2010&as_vis=1"
96,"R Cifkova, J Pitha, M Lejskova, V Lanska…","Blood pressure around the menopause: a population study",2008,"Journal of …","journals.lww.com","https://journals.lww.com/jhypertension/Fulltext/2008/10000/Blood_pressure_and_menopausal_transition__the.00011.aspx","https://scholar.google.com/scholar?cites=9608656869317716688&as_sdt=2005&sciodt=0,5&hl=en",557,"2021-07-17 17:21:18","","","","",,,,,96,7.38,19,5,13,"Background Hypertension is a major cardiovascular risk factor possibly explaining the excessive c.","","https://scholar.google.com/scholar?q=related:0KpMiIPOWIUJ:scholar.google.com/&scioq=%22waist+circumference%22+nigeria&hl=en&as_sdt=0,5&as_ylo=2006&as_yhi=2010&as_vis=1"
118,"EV Sánchez-Vaznaugh, I Kawachi…","Do socioeconomic gradients in body mass index vary by race/ethnicity, gender, and birthplace?",2009,"American journal of …","academic.oup.com","https://academic.oup.com/aje/article-abstract/169/9/1102/125967","https://scholar.google.com/scholar?cites=12903371398078719565&as_sdt=2005&sciodt=0,5&hl=en",558,"2021-07-17 17:21:18","","","","",,,,,118,9.83,39,3,12,"Abstract. Despite the well-documented negative socioeconomic status (SES) gradient in body mass index (BMI; weight (kg)/height (m)2) among women in developed so.","https://academic.oup.com/aje/article/169/9/1102/125967?view=extract","https://scholar.google.com/scholar?q=related:TeZq6-v7EbMJ:scholar.google.com/&scioq=%22waist+circumference%22+nigeria&hl=en&as_sdt=0,5&as_ylo=2006&as_yhi=2010&as_vis=1"
11,"L Kalra, E Iveson, C Rambaran, R Sherwood…","An international matched cohort study of the contribution of metabolic impairments to subclinical atherosclerosis in United Kingdom and Jamaican African-Caribbeans",2008,"Atherosclerosis","Elsevier","https://www.sciencedirect.com/science/article/pii/S0021915007006661","https://scholar.google.com/scholar?cites=16411543374867667112&as_sdt=2005&sciodt=0,5&hl=en",559,"2021-07-17 17:21:18","","","","",,,,,11,0.85,2,5,13,"… Metabolic syndrome a (%), 12 (16%), 21 (14%), 0.261. BMI: body mass index; BP: blood pressure. a IDF criteria used. As ethnic specific values for African-Caribbeans are not defined, the Europid criteria of waist circumference ≥94 cm for men and ≥80 cm for women were used …","","https://scholar.google.com/scholar?q=related:qBjnUr-DweMJ:scholar.google.com/&scioq=%22waist+circumference%22+nigeria&hl=en&as_sdt=0,5&as_ylo=2006&as_yhi=2010&as_vis=1"
0,"LM Ntyintyane","The characteristics of coronary artery disease in Soweto",2008,"","wiredspace.wits.ac.za","http://wiredspace.wits.ac.za/handle/10539/7356","",560,"2021-07-17 17:21:18","","","","",,,,,0,0.00,0,1,13,"… The importance of obesity, particularly abdominal obesity expressed as waist circumference (WC), is well documented as a risk factor for MS. An unexpected outcome of our study … Page 18. xviii leptin with BMI, waist circumference (WC) and hs-CRP revealed a close link with MS …","http://wiredspace.wits.ac.za/bitstream/handle/10539/7356/FOR%20PDF%20LucasFinal.pdf?sequence=1","https://scholar.google.com/scholar?q=related:ybR51uhT5vcJ:scholar.google.com/&scioq=%22waist+circumference%22+nigeria&hl=en&as_sdt=0,5&as_ylo=2006&as_yhi=2010&as_vis=1"
17,"CO Ekpebegh, B Longo-Mbenza, A Akinrinmade…","Hyperglycaemic crisis in the Eastern Cape province of South Africa: High mortality and association of hyperosmolar ketoacidosis with a new diagnosis of diabetes",2010,"South African Medical …","ajol.info","https://www.ajol.info/index.php/samj/article/view/69720","https://scholar.google.com/scholar?cites=2684532169001647131&as_sdt=2005&sciodt=0,5&hl=en",561,"2021-07-17 17:21:18","","","","",,,,,17,1.55,4,4,11,"… 12 SAMJ weight, height, waist circumference, presence of acanthosis nigricans or C-peptide levels … 16. Anumah F, Ohwovoriole A. Serum biochemistry in Nigerians with hyperglycaemic emergencies … Outcome of diabetic hyperglycaemic emergencies in a Nigerian cohort …","https://www.ajol.info/index.php/samj/article/view/69720/57727","https://scholar.google.com/scholar?q=related:G7xz0chfQSUJ:scholar.google.com/&scioq=%22waist+circumference%22+nigeria&hl=en&as_sdt=0,5&as_ylo=2006&as_yhi=2010&as_vis=1"
1,"T SATHISH","Change in Cardiovascular Risk Factor Profile of a Rural Cohort in Thiruvananthapuram District, Kerala",2010,"","dspace.sctimst.ac.in","http://dspace.sctimst.ac.in/jspui/bitstream/123456789/2164/1/MPH_5928.pdf","https://scholar.google.com/scholar?cites=18180205822061059544&as_sdt=2005&sciodt=0,5&hl=en",562,"2021-07-17 17:21:18","PDF","","","",,,,,1,0.09,1,1,11,"… 3.2.3 Low fruit and vegetable intake and Physical activity……………31-32 3.2.4 Mean values of blood pressure, body mass index and waist circumference………32-33 … 4.1.7 Waist circumference and Abdominal obesity……………48 …","http://dspace.sctimst.ac.in/jspui/bitstream/123456789/2164/1/MPH_5928.pdf","https://scholar.google.com/scholar?q=related:2B1wT98QTfwJ:scholar.google.com/&scioq=%22waist+circumference%22+nigeria&hl=en&as_sdt=0,5&as_ylo=2006&as_yhi=2010&as_vis=1"
179,"H Ling, DM Waterworth, HA Stirnadel, TI Pollin…","Genome‐wide linkage and association analyses to identify genes influencing adiponectin levels: the GEMS Stud",2009,"…","Wiley Online Library","https://onlinelibrary.wiley.com/doi/abs/10.1038/oby.2008.625","https://scholar.google.com/scholar?cites=17023295008144603934&as_sdt=2005&sciodt=0,5&hl=en",563,"2021-07-17 17:21:18","","10.1038/oby.2008.625","","",,,,,179,14.92,36,5,12,"Adiponectin has a variety of metabolic effects on obesity, insulin sensitivity, and atherosclerosis. To identify genes influencing variation in plasma adiponectin levels, we performed genome-wide l...","https://onlinelibrary.wiley.com/doi/pdfdirect/10.1038/oby.2008.625","https://scholar.google.com/scholar?q=related:Hrsj253kPuwJ:scholar.google.com/&scioq=%22waist+circumference%22+nigeria&hl=en&as_sdt=0,5&as_ylo=2006&as_yhi=2010&as_vis=1"
73,"A Mbewu, JC Mbanya","Cardiovascular disease",2006,"Disease and Mortality in Sub-Saharan …","ncbi.nlm.nih.gov","https://www.ncbi.nlm.nih.gov/books/NBK2294/","https://scholar.google.com/scholar?cites=11892954673607211632&as_sdt=2005&sciodt=0,5&hl=en",564,"2021-07-17 17:21:18","HTML","","","",,,,,73,4.87,37,2,15,"… A prospective cross-sectional study in rural Nigeria showed the prevalence of obesity to … A Nigerian study identified 28 percent nondippers, 57.1 percent of whom had microalbuminuria … The same holds true for waist circumference of greater than 88 centimeters for females and …","https://www.ncbi.nlm.nih.gov/books/NBK2294/","https://scholar.google.com/scholar?q=related:cPotmkNDDKUJ:scholar.google.com/&scioq=%22waist+circumference%22+nigeria&hl=en&as_sdt=0,5&as_ylo=2006&as_yhi=2010&as_vis=1"
3,"J Khan","Obesity and Blood Pressure of Female Malaysian Students, Utilizing the Newly Proposed Classification of Body Mass Index for Asians.",2008,"International Medical Journal","search.ebscohost.com","http://search.ebscohost.com/login.aspx?direct=true&profile=ehost&scope=site&authtype=crawler&jrnl=13412051&asa=Y&AN=33373607&h=dAD4mZtqH1E8prLI6n%2FaC2qAQ30ENzDae%2F5N28JccoRdwj4jEq4Dcoq7ePRJy%2BKRs7Pq1eEkqs2tWnOTeuKqRg%3D%3D&crl=c","https://scholar.google.com/scholar?cites=8284656415421968727&as_sdt=2005&sciodt=0,5&hl=en",565,"2021-07-17 17:21:18","","","","",,,,,3,0.23,3,1,13,"… Relation between BMI & body fat in black population sam- ples from Nigeria, Jamaica, and united States. Am J Epidemiol, 145, 620-628. Okosun IS, Liao Y, Rotimi CN, Prewitt TE, Cooper RS. (2000). Predictive values of waist circumference for dislipidemia, type II diabetes and …","","https://scholar.google.com/scholar?q=related:VzFjpx0D-XIJ:scholar.google.com/&scioq=%22waist+circumference%22+nigeria&hl=en&as_sdt=0,5&as_ylo=2006&as_yhi=2010&as_vis=1"
0,"AR Isiavwe","Carotid artery intima-media thickness measurement in subjects with type 2 diabetes in Cape Town, South Africa",2007,"","open.uct.ac.za","https://open.uct.ac.za/handle/11427/2785","",566,"2021-07-17 17:21:18","","","","",,,,,0,0.00,0,1,14,"Page 1. UniversityofCape Town J Page 2. The copyright of this thesis vests in the author. No quotation from it or information derived from it is to be published without full acknowledgement of the source. The thesis is to be used for private study or non …","https://open.uct.ac.za/bitstream/handle/11427/2785/thesis_hsf_2007_isiavwe_a_r.pdf?sequence=1","https://scholar.google.com/scholar?q=related:LT39YdvGp0EJ:scholar.google.com/&scioq=%22waist+circumference%22+nigeria&hl=en&as_sdt=0,5&as_ylo=2006&as_yhi=2010&as_vis=1"
164,"JC Chen, J Schwartz","Metabolic syndrome and inflammatory responses to long-term particulate air pollutants",2008,"Environmental health perspectives","ehp.niehs.nih.gov","https://ehp.niehs.nih.gov/doi/abs/10.1289/ehp.10565","https://scholar.google.com/scholar?cites=10104625333184599552&as_sdt=2005&sciodt=0,5&hl=en",567,"2021-07-17 17:21:18","","10.1289/ehp.10565","","",,,,,164,12.62,82,2,13,"… Hypertriglyceridemia was identified based on triglycerides ≥ 150 mg/dL. Low HDL-C was identified by HDL-C < 40 mg/dL in men or < 50 mg/dL in women. Abdominal obesity was defined as a waist circumference > 102 cm in men or > 88 cm in women …","https://ehp.niehs.nih.gov/doi/full/10.1289/ehp.10565","https://scholar.google.com/scholar?q=related:AJbhNDTXOowJ:scholar.google.com/&scioq=%22waist+circumference%22+nigeria&hl=en&as_sdt=0,5&as_ylo=2006&as_yhi=2010&as_vis=1"
0,"EM Vaughan","An Assessment of Kilocalories and Protein in the Diets of HIV-infected Adults in Kenya",2010,"","search.proquest.com","https://search.proquest.com/openview/e289d575b756a3c951fdca53d1969f84/1?pq-origsite=gscholar&cbl=18750","",568,"2021-07-17 17:21:18","","","","",,,,,0,0.00,0,1,11,"… The total number of deaths due to HIV in Kenya was estimated to be 150,000 in 2003, which ranks 4th behind South Africa, India, and Nigeria from 2001 to 2007 according to Central Intelligence Agency data (Central Intelligence Agency, 2010) …","https://utmb-ir.tdl.org/utmb-ir/bitstream/handle/2152.3/178/e.vaughan_capstone-final2.doc?sequence=1","https://scholar.google.com/scholar?q=related:l93Z6F9JhNAJ:scholar.google.com/&scioq=%22waist+circumference%22+nigeria&hl=en&as_sdt=0,5&as_ylo=2006&as_yhi=2010&as_vis=1"
0,"CHD Fall","Developmental Origins of Cardiovascular Disease, Type 2 Diabetes and Obesity",2007,"Early Life Origins of Health and Disease","books.google.com","https://books.google.com/books?hl=en&lr=&id=GSbJxUBvyeMC&oi=fnd&pg=PA8&dq=%22waist+circumference%22+nigeria&ots=jfUgDtTkeY&sig=CuL7qYZRxwpgJu3vj3JTkFMIYAo","",569,"2021-07-17 17:21:18","","","","",,,,,0,0.00,0,1,14,"… 2 There is some evidence that small size at birth is associated with an increased risk of later central obesity (indicated by high waist circumference, waist/hip ratio and subscapularl tri- ceps skinfold ratio) … In Nigeria, blood pressure was not related to size at birth …","","https://scholar.google.com/scholar?q=related:Lh-jWjYgAD8J:scholar.google.com/&scioq=%22waist+circumference%22+nigeria&hl=en&as_sdt=0,5&as_ylo=2006&as_yhi=2010&as_vis=1"
0,"S Tshitenga","Risk factors with high blood pressure in the adult population of Kang (Kgalagadi North), Botswana",2010,"","196.21.218.27","http://196.21.218.27/handle/10386/421","",570,"2021-07-17 17:21:18","","","","",,,,,0,0.00,0,1,11,"… The association between hypertension, anthropometric measurements (such as body mass index, waist circumference) and life style (such as diet, tobacco smoking, and … (Nigeria) reported a prevalence of 36.9% among respondents (Osibogun, 1999) …","http://196.21.218.27/bitstream/handle/10386/421/Dr%20S%20Tshitenge%20Dissertation%20MMed%20corrected%20final%20Dr%20mabuza.pdf?sequence=1&isAllowed=y","https://scholar.google.com/scholar?q=related:_qairwXgnpcJ:scholar.google.com/&scioq=%22waist+circumference%22+nigeria&hl=en&as_sdt=0,5&as_ylo=2006&as_yhi=2010&as_vis=1"
0,"CY Cheng","Genome-wide admixture mapping of obesity in African Americans",2009,"","search.proquest.com","https://search.proquest.com/openview/72eedd18639df6a04b72e1c35dbbae88/1?pq-origsite=gscholar&cbl=18750","",571,"2021-07-17 17:21:18","BOOK","","","",,,,,0,0.00,0,1,12,"… In the ARIC study, obesity-related traits, such as body mass index (BMI), weight and waist circumference were used for analysis, after correcting for socioeconomic factors … Common genetic variation near MC4R is associated with waist circumference and insulin resistance …","","https://scholar.google.com/scholar?q=related:QCNehqu2qVcJ:scholar.google.com/&scioq=%22waist+circumference%22+nigeria&hl=en&as_sdt=0,5&as_ylo=2006&as_yhi=2010&as_vis=1"
0,"RO OGALAGU","PLASMA FIBRONECTIN LEVELS IN PATIENTSWITHLEPROSY.",2010,"","unn.edu.ng","https://www.unn.edu.ng/publications/files/images/OGALAGU,%20ROMANUS%20OGAI..pdf","",572,"2021-07-17 17:21:18","PDF","","","",,,,,0,0.00,0,1,11,"… THIS DISSERTATION IS SUBMITTED TO THE SCHOOL OF POST GRADUATE STUDIES, UNIVERSITY OF NIGERIA, ENUGU CAMPUS, IN PARTIAL FULFILMENT OF THE REQUIREMENT FOR THE … Body mass index, waist circumference and waist – hip ratio showed no …","https://www.unn.edu.ng/publications/files/images/OGALAGU,%20ROMANUS%20OGAI..pdf","https://scholar.google.com/scholar?q=related:lY1CRRp891wJ:scholar.google.com/&scioq=%22waist+circumference%22+nigeria&hl=en&as_sdt=0,5&as_ylo=2006&as_yhi=2010&as_vis=1"
0,"MO AFOLABI","INCIDENTAL SCREENING FOR CHRONIC KIDNEY DISEASE IN A GENERAL PRACTICE SETTING",2007,"Faculty of Family Medicine","dissertation.npmcn.edu.ng","http://dissertation.npmcn.edu.ng/index.php/FMCFM/article/download/345/1719","",573,"2021-07-17 17:21:18","PDF","","","",,,,,0,0.00,0,1,14,"… The most common causes of chronic renal diseases in Nigeria are chronic glomerulonephritis, hypertension, diabetes … recently available but still highly unaffordable to most Nigerians. In the neighbouring Republics of … Similar to the Nigerian situation, most …","http://dissertation.npmcn.edu.ng/index.php/FMCFM/article/download/345/1719","https://scholar.google.com/scholar?q=related:olCla6bI6fcJ:scholar.google.com/&scioq=%22waist+circumference%22+nigeria&hl=en&as_sdt=0,5&as_ylo=2006&as_yhi=2010&as_vis=1"
30,"SJ Choi, SS Jung, YS You, BS Shin, JE Kim…","Prevalence of Alzheimer's dementia and its risk factors in community-dwelling elderly Koreans",2008,"Psychiatry …","ncbi.nlm.nih.gov","https://www.ncbi.nlm.nih.gov/pmc/articles/PMC2796020/","https://scholar.google.com/scholar?cites=12114461349113599160&as_sdt=2005&sciodt=0,5&hl=en",574,"2021-07-17 17:21:18","HTML","","","",,,,,30,2.31,5,6,13,"… To explore the separate associations of age, years of education, weight, waist circumference, and GDS-K score with the frequency of AD, odds ratios were calculated … Prevalence of Alzheimer's disease and dementia in two communities: Nigerian Africans and African Americans …","https://www.ncbi.nlm.nih.gov/pmc/articles/PMC2796020/","https://scholar.google.com/scholar?q=related:uJQdb2k2H6gJ:scholar.google.com/&scioq=%22waist+circumference%22+nigeria&hl=en&as_sdt=0,5&as_ylo=2006&as_yhi=2010&as_vis=1"
75,"EK Kabagambe, A Baylin, H Campos","Nonfatal acute myocardial infarction in Costa Rica: modifiable risk factors, population-attributable risks, and adherence to dietary guidelines",2007,"Circulation","Am Heart Assoc","https://www.ahajournals.org/doi/abs/10.1161/CIRCULATIONAHA.106.643544","https://scholar.google.com/scholar?cites=2814324214943465988&as_sdt=2005&sciodt=0,5&hl=en",575,"2021-07-17 17:21:18","","10.1161/CIRCULATIONAHA.106.643544","","",,,,,75,5.36,25,3,14,"Science Volunteer; Warning signs. SearchSearch. Advanced Search. Donate. Circulation logo. Hello Guest! MY ALERTS. SIGN IN; JOIN. Login to your account. Email. Password. Forgot password? Keep me logged in. Submit your article; AHA Logo. SearchSearch …","https://www.ahajournals.org/doi/full/10.1161/circulationaha.106.643544","https://scholar.google.com/scholar?q=related:BEJ8avZ8DicJ:scholar.google.com/&scioq=%22waist+circumference%22+nigeria&hl=en&as_sdt=0,5&as_ylo=2006&as_yhi=2010&as_vis=1"
609,"AE Hardman, DJ Stensel","Physical activity and health: the evidence explained",2009,"","taylorfrancis.com","https://www.taylorfrancis.com/books/mono/10.4324/9780203890714/physical-activity-health-adrianne-hardman-david-stensel","https://scholar.google.com/scholar?cites=10454095801358537790&as_sdt=2005&sciodt=0,5&hl=en",576,"2021-07-17 17:21:18","BOOK","","","",,,,,609,50.75,305,2,12,"… fit 51 3.9 Findings from the Aerobics Center Longitudinal Study indicate that fit men with a high waist circumference have a similar risk of all-cause mortality compared with fit men who have a low waist circumference 51 3.10 …","","https://scholar.google.com/scholar?q=related:PtTgP75oFJEJ:scholar.google.com/&scioq=%22waist+circumference%22+nigeria&hl=en&as_sdt=0,5&as_ylo=2006&as_yhi=2010&as_vis=1"
1,"CO Stubbs","Determinants of the global obesity epidemic: Contributions of early life, nutrition, physical activity, television, smoking, and economic and social change",2006,"New Developments in Obesity Research","books.google.com","https://books.google.com/books?hl=en&lr=&id=BfeTsTAiq6MC&oi=fnd&pg=PA121&dq=%22waist+circumference%22+nigeria&ots=-27ABNVdSb&sig=J9Brtg6j3urpGkg1dEB1-qaTYSM","https://scholar.google.com/scholar?cites=2945692295653972565&as_sdt=2005&sciodt=0,5&hl=en",577,"2021-07-17 17:21:18","","","","",,,,,1,0.07,1,1,15,"… than on BMI.[24] This is of particular concern because waist circumference is strongly … using objective measures to compare energy expenditure between African-American and Nigerian adults from … The Nigerians had significantly lower height, weight and BMI than the American …","","https://scholar.google.com/scholar?q=related:VVoPNIkz4SgJ:scholar.google.com/&scioq=%22waist+circumference%22+nigeria&hl=en&as_sdt=0,5&as_ylo=2006&as_yhi=2010&as_vis=1"
13,"F Facchini, G Fiori, G Bedogni, L Galletti…","Spirometric reference values for children and adolescents from Kazakhstan",2007,"Annals of human …","Taylor & Francis","https://www.tandfonline.com/doi/abs/10.1080/03014460701556346","https://scholar.google.com/scholar?cites=14429228121617134460&as_sdt=2005&sciodt=0,5&hl=en",578,"2021-07-17 17:21:18","","10.1080/03014460701556346","","",,,,,13,0.93,3,5,14,"… However, most anthropometric variables (weight, BMI, sitting height, waist circumference, expiratory and resting chest circumference, chest breadth, chest depth and also … In Nigeria, spirometric parameters of children were not associated with the living environment (Glew et al …","http://www.giorgiobedogni.it/reprints2/2007_khanes_spiro_ahb.pdf","https://scholar.google.com/scholar?q=related:fPMQ_IbqPsgJ:scholar.google.com/&scioq=%22waist+circumference%22+nigeria&hl=en&as_sdt=0,5&as_ylo=2006&as_yhi=2010&as_vis=1"
0,"C Dyer","Southall loses appeal against being struck off",2009,"","bmj.com","https://www.bmj.com/content/bmj/338/7706/News.full.pdf","",579,"2021-07-17 17:21:18","","","","",,,,,0,0.00,0,1,12,"… Nigerians settle over Pfizer suit: Nigerian officials have tentatively agreed to settle a … Nigerian officials say that effective and proved treatments were readily available at the … The study showed favourable changes in body weight, waist circumference, blood pressure, and plasma …","",""
7,"S Stranges, FP Cappuccio","Prevention and management of hypertension without drugs",2007,"Current Hypertension Reviews","ingentaconnect.com","https://www.ingentaconnect.com/content/ben/chyr/2007/00000003/00000003/art00004","https://scholar.google.com/scholar?cites=10568418780006467907&as_sdt=2005&sciodt=0,5&hl=en",580,"2021-07-17 17:21:18","","","","",,,,,7,0.50,4,2,14,"… Current clinical guidelines pro- pose waist circumference as a reference measure of central … For example, the efficacy of a moderate reduc- tion in salt intake has recently been tested in two short-term trials in both urban and rural areas of West Africa, namely Nigeria and Ghana …","https://www.researchgate.net/profile/Saverio-Stranges/publication/228679998_Prevention_and_Management_of_Hypertension_Without_Drugs/links/0fcfd50a2a7d7d0d31000000/Prevention-and-Management-of-Hypertension-Without-Drugs.pdf","https://scholar.google.com/scholar?q=related:Q0na8-KQqpIJ:scholar.google.com/&scioq=%22waist+circumference%22+nigeria&hl=en&as_sdt=0,5&as_ylo=2006&as_yhi=2010&as_vis=1"
7,"SM ELSHEBINI, MIA MOATY…","Effect of regular consumption of tiger nut (Cyperus esculentus) on insulin resistance and tumor necrosis factor-alpha in obese Type 2 diabetic Egyptian women",2010,"… Medical Journal of …","erepository.cu.edu.eg","http://erepository.cu.edu.eg/index.php/MJCU/article/view/1124","https://scholar.google.com/scholar?cites=18343060426471019362&as_sdt=2005&sciodt=0,5&hl=en",581,"2021-07-17 17:21:18","","","","",,,,,7,0.64,2,3,11,"… 2nd 2nd Vs. 3nd Age (years) Height (cm) Weight (kg) BMI (kg/m2) Waist circumference (cm) Hip circumference (cm) W/H (cm/cm) SBP (mm Hg) DBP (mm Hg) 53.29±1.06 156.32±1.01 80.10±1.81 32.76±0.65 93.71±1.52 111.75±1.46 0.84±0.01 132.50±2.95 85.36±1.72 …","http://erepository.cu.edu.eg/index.php/MJCU/article/view/1124/1098","https://scholar.google.com/scholar?q=related:YpNUrUWkj_4J:scholar.google.com/&scioq=%22waist+circumference%22+nigeria&hl=en&as_sdt=0,5&as_ylo=2006&as_yhi=2010&as_vis=1"
7,"World Health Organization","Noncommunicable disease risk factors and socioeconomic inequalities-what are the links?: a multicountry analysis of noncommunicable disease surveillance …",2010,"","iris.wpro.who.int","https://iris.wpro.who.int/bitstream/handle/10665.1/6760/9789290614746_eng.pdf","https://scholar.google.com/scholar?cites=5831090773954214594&as_sdt=2005&sciodt=0,5&hl=en",582,"2021-07-17 17:21:18","PDF","","","",,,,,7,0.64,7,1,11,"… were characterized by lower occupational physical activity and reduced time spent on walking and cycling for transportation, compared with rural populations.46 In contrast, most of the physical activity reported in urban populations of Benin City, Nigeria, was attributed to …","https://iris.wpro.who.int/bitstream/handle/10665.1/6760/9789290614746_eng.pdf","https://scholar.google.com/scholar?q=related:wjqZGioy7FAJ:scholar.google.com/&scioq=%22waist+circumference%22+nigeria&hl=en&as_sdt=0,5&as_ylo=2006&as_yhi=2010&as_vis=1"
1,"N Gartz","Die Bekämpfung der Adipositas in den USA",2006,"","edoc.ub.uni-muenchen.de","https://edoc.ub.uni-muenchen.de/00005503/","https://scholar.google.com/scholar?cites=10488412920736654635&as_sdt=2005&sciodt=0,5&hl=en",583,"2021-07-17 17:21:18","","","","",,,,,1,0.07,1,1,15,"… „Inter-Relationships between Lifestyle and Diabetes Mellitus, Overweight/Obesity and Hypertension in Nigeria“ 2002: 203-213; Adams-Campbell et al. „Obesity, Body Fat Distribution, and Blood Pressure in Nigerian and African-American Men and Women“ 1994: 60-64 …","https://edoc.ub.uni-muenchen.de/5503/1/Gartz_Nina.pdf","https://scholar.google.com/scholar?q=related:KyUgPvtTjpEJ:scholar.google.com/&scioq=%22waist+circumference%22+nigeria&hl=en&as_sdt=0,5&as_ylo=2006&as_yhi=2010&as_vis=1"
2,"A Bendyk","The effect of dietary Omega-3 polyunsaturated fatty acids on experimental periodontitis lesions in the mouse.",2008,"","digital.library.adelaide.edu.au","https://digital.library.adelaide.edu.au/dspace/handle/2440/49268","https://scholar.google.com/scholar?cites=14933152191452404601&as_sdt=2005&sciodt=0,5&hl=en",584,"2021-07-17 17:21:18","","","","",,,,,2,0.15,2,1,13,"… is reduced, which may favour dental plaque formation (Johansson et al 1994). Sawyer et al (1986) carried out studies of oral microflora in well nourished and PEM children in Western Nigeria. Their data suggest that PEM children, in comparison with their age …","https://digital.library.adelaide.edu.au/dspace/bitstream/2440/49268/8/02whole.pdf","https://scholar.google.com/scholar?q=related:edtdhMw2Pc8J:scholar.google.com/&scioq=%22waist+circumference%22+nigeria&hl=en&as_sdt=0,5&as_ylo=2006&as_yhi=2010&as_vis=1"
161,"EK Sumaili, JM Krzesinski, CV Zinga…","Prevalence of chronic kidney disease in Kinshasa: results of a pilot study from the Democratic Republic of Congo",2009,"Nephrology Dialysis …","academic.oup.com","https://academic.oup.com/ndt/article-abstract/24/1/117/1923634","https://scholar.google.com/scholar?cites=8777133595283559268&as_sdt=2005&sciodt=0,5&hl=en",585,"2021-07-17 17:21:18","","","","",,,,,161,13.42,40,4,12,"… knowledge. Data about family relatives of first degree and medical history for kidney disease, hypertension, diabetes and current treatment were also recorded. Body weight, height and waist circumference were measured. Blood …","https://academic.oup.com/ndt/article/24/1/117/1923634","https://scholar.google.com/scholar?q=related:ZBMGbYCkznkJ:scholar.google.com/&scioq=%22waist+circumference%22+nigeria&hl=en&as_sdt=0,5&as_ylo=2006&as_yhi=2010&as_vis=1"
26,"AM Schoenthaler, J Schwartz, A Cassells…","Daily interpersonal conflict predicts masked hypertension in an urban sample",2010,"American journal of …","academic.oup.com","https://academic.oup.com/ajh/article-abstract/23/10/1082/149531","https://scholar.google.com/scholar?cites=9397940555157949258&as_sdt=2005&sciodt=0,5&hl=en",586,"2021-07-17 17:21:18","","","","",,,,,26,2.36,7,4,11,"AbstractBackground. Masked hypertension (MH) is a risk factor for cardiovascular and cerebrovascular diseases. However, little is known about the effect of psyc.","https://academic.oup.com/ajh/article-pdf/23/10/1082/6629914/23_10_1082.pdf","https://scholar.google.com/scholar?q=related:SktteiQxbIIJ:scholar.google.com/&scioq=%22waist+circumference%22+nigeria&hl=en&as_sdt=0,5&as_ylo=2006&as_yhi=2010&as_vis=1"
0,"H Abbasi, E Libhaber, G Norton, A Woodiwiss…","Abstracts of the SA Heart Congress 2010",2010,"SA Heart …","journals.ac.za","http://www.journals.ac.za/index.php/SAHJ/article/view/1949","",587,"2021-07-17 17:21:18","","","","",,,,,0,0.00,0,5,11,"Page 1. 186 Impact of pattern of left ventricular geometric adaptation on left ventricular ejection fraction in patients of African ancestry with moderate to severe hypertension Haroon Abbasi, Elena Libhaber, Gavin Norton, Angela Woodiwiss, Karen Sliwa and Rafique Essop …","https://www.journals.ac.za/index.php/SAHJ/article/download/1949/1032",""
2,"HI Fallatah, HO Akbar","Lack of correlation between serum alanine amino transferrase and abdominal ultrasound in the diagnosis non alcoholic fatty liver disease in type 2 diabetes",2010,"Int J Diabetes Metab","researchgate.net","https://www.researchgate.net/profile/Hind-Fallatah/publication/232282124_Lack_of_correlation_between_serum_alanine_amino_transferrase_and_abdominal_ultrasound_in_the_diagnosis_non_alcoholic_fatty_liver_disease_in_type_2_diabetes/links/0fcfd508120c517c47000000/Lack-of-correlation-between-serum-alanine-amino-transferrase-and-abdominal-ultrasound-in-the-diagnosis-non-alcoholic-fatty-liver-disease-in-type-2-diabetes.pdf","https://scholar.google.com/scholar?cites=3504933520203757283&as_sdt=2005&sciodt=0,5&hl=en",588,"2021-07-17 17:21:18","PDF","","","",,,,,2,0.18,1,2,11,"… WO, Adeleye JO, Akinlade KS, Adedapo KS, Kuti M. Frequent occurrence of high gamma-glutamyl transferase and alanine amino transferase among Nigerian patients with … Classification of Overweight and Obesity by BMI, Waist Circumference, and Associated Disease Risks …","https://www.researchgate.net/profile/Hind-Fallatah/publication/232282124_Lack_of_correlation_between_serum_alanine_amino_transferrase_and_abdominal_ultrasound_in_the_diagnosis_non_alcoholic_fatty_liver_disease_in_type_2_diabetes/links/0fcfd508120c517c47000000/Lack-of-correlation-between-serum-alanine-amino-transferrase-and-abdominal-ultrasound-in-the-diagnosis-non-alcoholic-fatty-liver-disease-in-type-2-diabetes.pdf","https://scholar.google.com/scholar?q=related:47YaeXcGpDAJ:scholar.google.com/&scioq=%22waist+circumference%22+nigeria&hl=en&as_sdt=0,5&as_ylo=2006&as_yhi=2010&as_vis=1"
98,"A Damasceno, J Gomes, A Azevedo, C Carrilho…","An epidemiological study of stroke hospitalizations in Maputo, Mozambique: a high burden of disease in a resource-poor country",2010,"Stroke","Am Heart Assoc","https://www.ahajournals.org/doi/abs/10.1161/strokeaha.110.594275","https://scholar.google.com/scholar?cites=4239793520907986598&as_sdt=2005&sciodt=0,5&hl=en",589,"2021-07-17 17:21:18","","10.1161/strokeaha.110.594275","","",,,,,98,8.91,20,5,11,"Background and Purpose—Already a major cause of death and disability in high-income countries, the burden of stroke in sub-Saharan Africa is also expected to be high. However, specific stroke data ...","https://www.ahajournals.org/doi/full/10.1161/STROKEAHA.110.594275","https://scholar.google.com/scholar?q=related:pia5br7F1joJ:scholar.google.com/&scioq=%22waist+circumference%22+nigeria&hl=en&as_sdt=0,5&as_ylo=2006&as_yhi=2010&as_vis=1"
46,"JL Zhou, SQ Lin, Y Shen, Y Chen, Y Zhang…","Serum lipid profile changes during the menopausal transition in Chinese women: a community-based cohort study",2010,"Menopause","journals.lww.com","https://journals.lww.com/menopausejournal/Fulltext/2010/17050/Serum_lipid_profile_changes_during_the_menopausal.20.aspx","https://scholar.google.com/scholar?cites=12291267240951643989&as_sdt=2005&sciodt=0,5&hl=en",590,"2021-07-17 17:21:18","","","","",,,,,46,4.18,8,6,11,"Objective: The aim of this study was to examine the changes in serum lipid profile related to the.","","https://scholar.google.com/scholar?q=related:VX9RCG9ak6oJ:scholar.google.com/&scioq=%22waist+circumference%22+nigeria&hl=en&as_sdt=0,5&as_ylo=2006&as_yhi=2010&as_vis=1"
14,"L Gordon, D Ragoobirsingh, E Morrison…","Dyslipidaemia in hypertensive obese type 2 diabetic patients in Jamaica",2010,"Archives of medical …","ncbi.nlm.nih.gov","https://www.ncbi.nlm.nih.gov/pmc/articles/PMC3298338/","https://scholar.google.com/scholar?cites=17414320181286661268&as_sdt=2005&sciodt=0,5&hl=en",591,"2021-07-17 17:21:18","HTML","","","",,,,,14,1.27,4,4,11,"… The gradient in obesity in women (Nigeria 5%, urban Cameroon 13%, Jamaica 18%, Barbados 30% and Chicago 36%) was found to … The study could have been strengthened by the measurement of anthropometric variables such as higher waist circumference, BMI and waist …","https://www.ncbi.nlm.nih.gov/pmc/articles/PMC3298338/","https://scholar.google.com/scholar?q=related:lOyBmvAXrPEJ:scholar.google.com/&scioq=%22waist+circumference%22+nigeria&hl=en&as_sdt=0,5&as_ylo=2006&as_yhi=2010&as_vis=1"
1,"BR Deschambault, M Bakovic, DM Mutch","Nutritional genomics in obesity prevention and treatment",2010,"Obesity Prevention","Elsevier","https://www.sciencedirect.com/science/article/pii/B9780123743879000301","https://scholar.google.com/scholar?cites=8797817260567833433&as_sdt=2005&sciodt=0,5&hl=en",592,"2021-07-17 17:21:18","","","","",,,,,1,0.09,0,3,11,"… to this impressive database is that it has been generated using genetic information from “only” four populations: Nigerian, Japanese, Chinese … to modulate the interaction between diet SFA and various anthropometric measures, such as BMI and waist circumference (Robitaille et …","","https://scholar.google.com/scholar?q=related:WSvyhi8gGHoJ:scholar.google.com/&scioq=%22waist+circumference%22+nigeria&hl=en&as_sdt=0,5&as_ylo=2006&as_yhi=2010&as_vis=1"
0,"OS OYETUNJI","PROSTATE SPECIFIC ANTIGEN: REFERENCE INTERVAL IN HEALTHY MALES OF 40 YEARS AND ABOVE IN LAGOS",2006,"Faculty of Pathology","dissertation.npmcn.edu.ng","http://dissertation.npmcn.edu.ng/index.php/FMCPath/article/view/1337","",593,"2021-07-17 17:21:18","","","","",,,,,0,0.00,0,1,15,"… sensitivity and specificity of the test and reduce the number of prostate biopsies in the Nigerian population … serum PSA in local populations in Nigeria. A published prostate specific antigen reference … A wider than normal waist circumference, a measure of visceral adiposity, was …","https://dissertation.npmcn.edu.ng/index.php/FMCPath/article/download/1337/1254","https://scholar.google.com/scholar?q=related:-jOC_xgwzlUJ:scholar.google.com/&scioq=%22waist+circumference%22+nigeria&hl=en&as_sdt=0,5&as_ylo=2006&as_yhi=2010&as_vis=1"
1,"V Juturu","Cardiometabolic Syndrome—New Therapeutic Challenges",2006,"Medical Nutrition Matters","academia.edu","https://www.academia.edu/download/48815403/CMS_2006.pdf","https://scholar.google.com/scholar?cites=13908339076354221464&as_sdt=2005&sciodt=0,5&hl=en",594,"2021-07-17 17:21:18","PDF","","","",,,,,1,0.07,1,1,15,"… Abdominal obesity or waist circumference Men Women >102 cm (>40 in) >88 cm (>35 in) - Waist Hip Ratio Men : >0.90 cm Women: >0.85 cm Body mass index: 18.5 to 24.9 Waist circumference: <40 inches for men and <35 for women …","https://www.academia.edu/download/48815403/CMS_2006.pdf","https://scholar.google.com/scholar?q=related:mCXHTbNYBMEJ:scholar.google.com/&scioq=%22waist+circumference%22+nigeria&hl=en&as_sdt=0,5&as_ylo=2006&as_yhi=2010&as_vis=1"
0,"M Rocha-e-Silva","Metabolic and infectious pathologies in Brazilian medical literature: a review",2010,"Clinics","SciELO Brasil","https://www.scielo.br/j/clin/a/XbSTqXQh4gkZbFfMP8RhfdC/?format=pdf&lang=en","",595,"2021-07-17 17:21:18","PDF","","","",,,,,0,0.00,0,1,11,"… Olajubu et al.50 described the seroprevalence of HIV among blood donors, antenatal women, and other patients in a tertiary hospital in Nigeria and found that though there is a high prevalence rate among in- and out-patients, many of these patients were screened based on …","https://www.scielo.br/j/clin/a/XbSTqXQh4gkZbFfMP8RhfdC/?format=pdf&lang=en","https://scholar.google.com/scholar?q=related:KAlSMA6wpY4J:scholar.google.com/&scioq=%22waist+circumference%22+nigeria&hl=en&as_sdt=0,5&as_ylo=2006&as_yhi=2010&as_vis=1"
22,"LF Low, MHW Yap, H Brodaty","Will testing for apolipoprotein E assist in tailoring dementia risk reduction? A review",2010,"Neuroscience & Biobehavioral Reviews","Elsevier","https://www.sciencedirect.com/science/article/pii/S0149763409001304","https://scholar.google.com/scholar?cites=5175092778323022495&as_sdt=2005&sciodt=0,5&hl=en",596,"2021-07-17 17:21:18","","","","",,,,,22,2.00,7,3,11,"","https://www.academia.edu/download/45502881/Will_testing_for_apolipoprotein_E_assist20160510-8158-11nc10o.pdf","https://scholar.google.com/scholar?q=related:nxKii3af0UcJ:scholar.google.com/&scioq=%22waist+circumference%22+nigeria&hl=en&as_sdt=0,5&as_ylo=2006&as_yhi=2010&as_vis=1"
0,"C EL BCHERAOUI, N CHAPUIS-LUCCIANI","ARTICLE ORIGINAL/ORIGINAL ARTICLE",2008,"Lebanese Medical Journal","Citeseer","https://citeseerx.ist.psu.edu/viewdoc/download?doi=10.1.1.550.3384&rep=rep1&type=pdf","",597,"2021-07-17 17:21:18","PDF","","","",,,,,0,0.00,0,2,13,"… 1]. The frequency of overweight in the 70-79 yo varies from 0% in some Asian and African populations (Nigerian, Cameroonian, Chinese … BMI and waist circumference (WC) are so far the most common anthropometrical indices used for the classification of general and central …","https://citeseerx.ist.psu.edu/viewdoc/download?doi=10.1.1.550.3384&rep=rep1&type=pdf","https://scholar.google.com/scholar?q=related:hP8bAihce60J:scholar.google.com/&scioq=%22waist+circumference%22+nigeria&hl=en&as_sdt=0,5&as_ylo=2006&as_yhi=2010&as_vis=1"
3,"HISS Africa","Global Health—Hypertension in Sub-Saharan Africa",2007,"hypertension","Citeseer","https://citeseerx.ist.psu.edu/viewdoc/download?doi=10.1.1.628.1193&rep=rep1&type=pdf","https://scholar.google.com/scholar?cites=585378742729537550&as_sdt=2005&sciodt=0,5&hl=en",598,"2021-07-17 17:21:18","PDF","","","",,,,,3,0.21,3,1,14,"… O. Blood pressure, hyper- tension and correlates in urbanised workers in Ibadan, Nigeria: a revisit … of a single visit for classification of hypertensive status in a Nigerian civil servant … IS, Cooper RS, Rotimi CN, Osotimehin B, Forrester T. Asso- ciation of waist circumference with risk …","https://citeseerx.ist.psu.edu/viewdoc/download?doi=10.1.1.628.1193&rep=rep1&type=pdf","https://scholar.google.com/scholar?q=related:Dnh1c92uHwgJ:scholar.google.com/&scioq=%22waist+circumference%22+nigeria&hl=en&as_sdt=0,5&as_ylo=2006&as_yhi=2010&as_vis=1"
0,"رضازاده1, رشیدخانی2،, امیدوار2","بررسی الگوهای غذایی غالب و چاقی عمومی و چاقی شکمی در زنان بزرگسال شمال شهر تهران در سال 1386‎",,"پژوهش در پزشکی, 2010‎","iranjournals.nlai.ir","https://iranjournals.nlai.ir/handle/123456789/512133","",599,"2021-07-17 17:21:18","","","","",,,,,0,0.00,0,3,,"Page 1. ﻲﻜﺷﺰﭘرد ﺶﻫوﮋﭘ ) ﻲﻜﺷﺰﭘ هﺪﻜﺸﻧاد ﻲﺸﻫوﮋﭘ ﻪﻠﺠﻣ ( ﻲﺘﺸﻬﺑ ﺪﻴﻬﺷ ﻲﻧﺎﻣرد ﻲﺘﺷاﺪﻬﺑ تﺎﻣﺪﺧ و ﻲﻜﺷﺰﭘ مﻮﻠﻋ هﺎﮕﺸﻧاد هرود 33 هرﺎﻤﺷ ، 4 ، نﺎﺘﺴﻣز 1388 ، تﺎﺤﻔﺻ 246 ﺎﺗ 257 لﺎﺴﮔرﺰﺑ نﺎﻧز رد ﻲﻤﻜﺷ ﻲﻗﺎﭼ و ﻲﻣﻮﻤﻋ ﻲﻗﺎﭼ و ﺐﻟﺎﻏ ﻲﻳاﺬﻏ يﺎﻫﻮﮕﻟا ﻲﺳرﺮﺑ لﺎﺳ رد ناﺮﻬﺗ ﺮﻬﺷ لﺎﻤﺷ 1386 هدازﺎﺿر وزرآ 1* ﻲﻧﺎﺧﺪﻴﺷر ماﺮﻬﺑ ﺮﺘﻛد ، 2 راوﺪﻴﻣا ﻦﻳﺮﺴﻧ ﺮﺘﻛد ، 2 1 … ‎","https://iranjournals.nlai.ir/bitstream/handle/123456789/512133/D580641E3C58F0692289F2276E939EE0.pdf?sequence=-1","https://scholar.google.com/scholar?q=related:L6bOo2sBUHYJ:scholar.google.com/&scioq=%22waist+circumference%22+nigeria&hl=en&as_sdt=0,5&as_ylo=2006&as_yhi=2010&as_vis=1"
0,"A Papazafiropoulou, I Daniil, A Sotiropoulos…","Short Report Prevalence of asymptomatic bacteriuria in type 2 diabetic subjects with and without microalbuminuria",2010,"","core.ac.uk","https://core.ac.uk/download/pdf/8424962.pdf","",600,"2021-07-17 17:21:18","PDF","","","",,,,,0,0.00,0,4,11,"… Waist circumference was measured with a soft tape on standing, midway between the lowest rib and the … Alebiosu CO, Osinupebi OA, Olajubu FA: Significant asymptomatic bacteriuria among Nigerian type 2 diabetics … in patients with diabetes mellitus in Ile-Ife, South-West, Nigeria …","https://core.ac.uk/download/pdf/8424962.pdf","https://scholar.google.com/scholar?q=related:gJe7ogyTEfAJ:scholar.google.com/&scioq=%22waist+circumference%22+nigeria&hl=en&as_sdt=0,5&as_ylo=2006&as_yhi=2010&as_vis=1"
0,"P Pereira, D Persad, A Alexander","Breaking down the barriers to diabetes education: audience-specific multiplatform diabetes education",2009,"Canadian Journal of Diabetes","biro-project.eu","http://www.biro-project.eu/documents/papers/IDFMontreal09abstractbook.pdf#page=405","",601,"2021-07-17 17:21:18","PDF","","","",,,,,0,0.00,0,3,12,"… a diabetes education programme on some non- glycaemic endpoints in Nigerians with type … 2 Obafemi Awolo University Teaching Hospital, Community Health, Ile-Ife, Nigeria Background and … Their mean weight, BMI, waist circumference and A1C were 108.6±18.4 kg, 37.7±6.6 …","http://www.biro-project.eu/documents/papers/IDFMontreal09abstractbook.pdf#page=405",""
0,"PAOFL IRON","ANTIOXIDANT ACTIVITIES OF HYDROLYZED ALGINATE DERIVATIVES",,"BLOOD","search.proquest.com","https://search.proquest.com/openview/b402848d52ba195b6e0778a35b7b87ff/1?pq-origsite=gscholar&cbl=32607","",602,"2021-07-17 17:21:18","","","","",,,,,0,0.00,0,1,,"… P8-06 BMI, TRICEP SKINFOLD AND WAIST CIRCUMFERENCE FOR FIELD LEVEL SCREENING OF ADIPOSITY IN DELHI SCHOOL BOYS (6-11 YEARS) Khanna, Deepti; Siddhu, Anupa Lady Irwin College, New Delhi, IND …","https://www.karger.com/Article/PDF/248285",""
138,"GYH Lip, AH Barnett, A Bradbury…","Ethnicity and cardiovascular disease prevention in the United Kingdom: a practical approach to management",2007,"Journal of human …","nature.com","https://www.nature.com/articles/1002126","https://scholar.google.com/scholar?cites=14887924656819732362&as_sdt=2005&sciodt=0,5&hl=en",603,"2021-07-17 17:21:18","HTML","","","",,,,,138,9.86,35,4,14,"The United Kingdom is a diverse society with 7.9% of the population from black and minority ethnic groups (BMEGs). The causes of the excess cardiovascular disease (CVD) and stroke morbidity and mortality in BMEGs are incompletely understood though socio-economic factors …","https://www.nature.com/articles/1002126","https://scholar.google.com/scholar?q=related:iv-EhJiInM4J:scholar.google.com/&scioq=%22waist+circumference%22+nigeria&hl=en&as_sdt=0,5&as_ylo=2006&as_yhi=2010&as_vis=1"
5,"V Schreurs, D Vancampfort","Metabolic syndrome in people with schizophrenia: a review.",2009,"World Psychiatry: Official Journal of …","europepmc.org","https://europepmc.org/article/med/19293950","https://scholar.google.com/scholar?cites=1436353037587587897&as_sdt=2005&sciodt=0,5&hl=en",604,"2021-07-17 17:21:18","","","","",,,,,5,0.42,3,2,12,"… A more recent definition, by the International Diabetes Federation 45 - 49, stressed the importance of waist circumference, using both more stringent and ethnic/race specific criteria (Table ​(Table3).3). Table 3. Table 3 Definitions of metabolic syndrome. ATP III, ATP III A, IDF …","","https://scholar.google.com/scholar?q=related:OSN2QXrz7hMJ:scholar.google.com/&scioq=%22waist+circumference%22+nigeria&hl=en&as_sdt=0,5&as_ylo=2006&as_yhi=2010&as_vis=1"
29,"R Yin, S Pan, J Wu, W Lin…","Apolipoprotein E gene polymorphism and serum lipid levels in the Guangxi Hei Yi Zhuang and Han populations",2008,"Experimental Biology and …","journals.sagepub.com","https://journals.sagepub.com/doi/abs/10.3181/0709-rm-254","https://scholar.google.com/scholar?cites=4018857137271924118&as_sdt=2005&sciodt=0,5&hl=en",605,"2021-07-17 17:21:18","","10.3181/0709-rm-254","","",,,,,29,2.23,6,5,13,"Hei Yi Zhuang is an isolated subgroup of the Zhuang minority in China. Little is known about the distribution of apolipoprotein (apo) E genetic variations and its role in lipid metabolism in this p...","","https://scholar.google.com/scholar?q=related:luUiBkbZxTcJ:scholar.google.com/&scioq=%22waist+circumference%22+nigeria&hl=en&as_sdt=0,5&as_ylo=2006&as_yhi=2010&as_vis=1"
0,"AM OJO","A CONTROLLED STUDY OF THE PREVALENCE OF ANXIETY AND DEPRESSION AMONG HYPERTENSIVE PATIENTS IN TWO HEALTH CENTRES IN LAGOS",2007,"Faculty of Psychiatry","dissertation.npmcn.edu.ng","https://www.dissertation.npmcn.edu.ng/index.php/FMCPsych/article/view/1531","",606,"2021-07-17 17:21:18","","","","",,,,,0,0.00,0,1,14,"… 23 rate of morbidity and mortality (Abengowe, 1979; Ladipo, 1981). In a prospective study in rural Nigeria, Kaufman et al. (1996) reported a mortality rate of 5.1% per year in … Page 26. 26 index (BMI), the waist circumference or abdominal girth, ratio of waist circumference to …","https://www.dissertation.npmcn.edu.ng/index.php/FMCPsych/article/download/1531/1639","https://scholar.google.com/scholar?q=related:OsnPZLh7NbcJ:scholar.google.com/&scioq=%22waist+circumference%22+nigeria&hl=en&as_sdt=0,5&as_ylo=2006&as_yhi=2010&as_vis=1"
0,"EG Katz","The association of body weight and circumferences with metabolic risk factors in Chinese men and women",2010,"","cdr.lib.unc.edu","https://cdr.lib.unc.edu/concern/dissertations/mk61rj32x","",607,"2021-07-17 17:21:18","","","","",,,,,0,0.00,0,1,11,"… VLDL: Very low density lipoprotein cholesterol WC: Waist circumference WHO: World Health Organization WHR: Waist-to-hip ratio … and specific regions of body fat have been observed. Waist circumference has been shown to increase with age even when BMI remains stable …","https://cdr.lib.unc.edu/downloads/mg74qn18v","https://scholar.google.com/scholar?q=related:BqET3pFm6zgJ:scholar.google.com/&scioq=%22waist+circumference%22+nigeria&hl=en&as_sdt=0,5&as_ylo=2006&as_yhi=2010&as_vis=1"
101,"ET Jacobs, PA Thompson…","Diet, gender, and colorectal neoplasia",2007,"Journal of clinical …","journals.lww.com","https://journals.lww.com/jcge/Fulltext/2007/09000/Diet,_Gender,_and_Colorectal_Neoplasia.00003.aspx","https://scholar.google.com/scholar?cites=14049280930759487897&as_sdt=2005&sciodt=0,5&hl=en",608,"2021-07-17 17:21:18","","","","",,,,,101,7.21,34,3,14,"The association between diet and colorectal cancer has been studied in depth for many decades, with.","","https://scholar.google.com/scholar?q=related:mbGW-5ES-cIJ:scholar.google.com/&scioq=%22waist+circumference%22+nigeria&hl=en&as_sdt=0,5&as_ylo=2006&as_yhi=2010&as_vis=1"
3,"R Meseri","Otuz yaş ve üstü erişkinlerde beden yağ yüzdesi ve antropometrik ölçümlerin kan yağlarıyla ilişkisi",2009,"","acikerisim.deu.edu.tr","https://acikerisim.deu.edu.tr/xmlui/handle/20.500.12397/10342","https://scholar.google.com/scholar?cites=5488409011744933087&as_sdt=2005&sciodt=0,5&hl=en",609,"2021-07-17 17:21:18","","","","",,,,,3,0.25,3,1,12,"… The variables are serum lipids, socio-demographic variables, life style habits, health history, PBF and anthropometric measurements (body mass index, waist circumference, waist hip ratio, waist height ratio). Data collection was structured in two stages, first at home …","http://acikerisim.deu.edu.tr:8080/xmlui/bitstream/handle/20.500.12397/10342/242193.pdf?sequence=1","https://scholar.google.com/scholar?q=related:3wQc1-q-KkwJ:scholar.google.com/&scioq=%22waist+circumference%22+nigeria&hl=en&as_sdt=0,5&as_ylo=2006&as_yhi=2010&as_vis=1"
0,"TO NNAJI","CUTANEOUS MANIFESTATIONS OF DIABETES MELLITUS AT THE USMANU DANFODIO UNIVERSITY TEACHING HOSPITAL SOKOTO",2010,"Faculty of INTERNAL MEDICINE","dissertation.npmcn.edu.ng","http://www.dissertation.npmcn.edu.ng/index.php/FMCP/article/download/566/633","",610,"2021-07-17 17:21:18","PDF","","","",,,,,0,0.00,0,1,11,"… about 4-10%35. Clinic based studies in Algeria reported prevalence rate of 11.9%36, while studies in Nigeria reported a range from 0.9% to 8.3%.20 affecting mainly … the study period. In Nigerian reports, the initiating factors varied from mild trauma …","http://www.dissertation.npmcn.edu.ng/index.php/FMCP/article/download/566/633","https://scholar.google.com/scholar?q=related:RzurklTIIqMJ:scholar.google.com/&scioq=%22waist+circumference%22+nigeria&hl=en&as_sdt=0,5&as_ylo=2006&as_yhi=2010&as_vis=1"
16,"JR Guyton, RB Goldberg, T Mazzone…","Lipoprotein and apolipoprotein ratios in the VYTAL trial of ezetimibe/simvastatin compared with atorvastatin in type 2 diabetes",2008,"Journal of clinical …","Elsevier","https://www.sciencedirect.com/science/article/pii/S1933287408000020","https://scholar.google.com/scholar?cites=11096963084443003377&as_sdt=2005&sciodt=0,5&hl=en",611,"2021-07-17 17:21:18","","","","",,,,,16,1.23,4,4,13,"… 13 At baseline, overall mean body mass index (calculated as kilograms in weight divided by square meters in height) was 33.6, mean waist circumference was 110 cm for men and 108 cm for women, and median TG level was ∼180 mg/dL …","https://www.academia.edu/download/40010276/Lipoprotein_and_apolipoprotein_ratios_in20151114-10479-w3eere.pdf","https://scholar.google.com/scholar?q=related:8SnZjSFVAJoJ:scholar.google.com/&scioq=%22waist+circumference%22+nigeria&hl=en&as_sdt=0,5&as_ylo=2006&as_yhi=2010&as_vis=1"
1,"SA Oke, IK Oshiafi, OG Akanbi, A Kolawole…","Modelling energy expenditure of a brick layer at various postures",2008,"… SA: Journal of the …","journals.co.za","https://journals.co.za/doi/abs/10.10520/EJC33273","https://scholar.google.com/scholar?cites=11533237230362443527&as_sdt=2005&sciodt=0,5&hl=en",612,"2021-07-17 17:21:18","","10.10520/EJC33273","","",,,,,1,0.08,0,5,13,"… Department of Industrial and Production Engineering, University of Ibadan, Nigeria Abstract … Body mass index (BMI) and waist circumference (WC) as screening tools for cardiovascular risk factors in Guadeloupean women, Journal of Clinical Epidemiology, Vol. 55, No. 10, pp …","http://ir.library.ui.edu.ng/bitstream/123456789/1923/1/39.ui_art_oke_modelling_2008%20%28pg%2040%20missing%29%20%2822%29.pdf","https://scholar.google.com/scholar?q=related:Bz8QwidKDqAJ:scholar.google.com/&scioq=%22waist+circumference%22+nigeria&hl=en&as_sdt=0,5&as_ylo=2006&as_yhi=2010&as_vis=1"
12,"J Goulet, B Lamarche, S Lemieux","Factors influencing the dietary response to a nutritional intervention promoting the Mediterranean food pattern in healthy women from the Quebec City metropolitan …",2007,"Health education research","academic.oup.com","https://academic.oup.com/her/article-abstract/22/5/718/567843","https://scholar.google.com/scholar?cites=7309497502041041528&as_sdt=2005&sciodt=0,5&hl=en",613,"2021-07-17 17:21:18","","","","",,,,,12,0.86,4,3,14,"Abstract. The purpose of this study was to evaluate the influence of sociodemographic characteristics and baseline food habits on the dietary response to a nutr.","https://academic.oup.com/her/article/22/5/718/567843","https://scholar.google.com/scholar?q=related:eOrCL0CNcGUJ:scholar.google.com/&scioq=%22waist+circumference%22+nigeria&hl=en&as_sdt=0,5&as_ylo=2006&as_yhi=2010&as_vis=1"
6,"L Dapi Nzefa","Socioeconomic and sex differences in adolescents' dietary intake, anthropometry and physical activity in Cameroon, Africa",2010,"","diva-portal.org","https://www.diva-portal.org/smash/record.jsf?pid=diva2:1159894","https://scholar.google.com/scholar?cites=1037516863145769292&as_sdt=2005&sciodt=0,5&hl=en",614,"2021-07-17 17:21:18","","","","",,,,,6,0.55,6,1,11,"Page 1. Socioeconomic and sex differences in adolescents' dietary intake, anthropometry and physical activity in Cameroon, Africa Léonie Nzefa Dapi Department of Public Health and Clinical Medicine Epidemiology and Global Health Umeå University 2010 L éonie Nz …","https://www.diva-portal.org/smash/get/diva2:1159894/FULLTEXT01.pdf","https://scholar.google.com/scholar?q=related:TPlHDBcAZg4J:scholar.google.com/&scioq=%22waist+circumference%22+nigeria&hl=en&as_sdt=0,5&as_ylo=2006&as_yhi=2010&as_vis=1"
24,"P López-Jaramillo, J López-López","Lecciones aprendidas de dos grandes estudios epidemiológicos de enfermedades cardio-cerebrovasculares en las que ha participado Colombia",2010,"","Elsevier","https://www.sciencedirect.com/science/article/pii/S0120563310702400","https://scholar.google.com/scholar?cites=10478374043766453802&as_sdt=2005&sciodt=0,5&hl=en",615,"2021-07-17 17:21:18","HTML","","","",,,,,24,2.18,12,2,11,"… paÃses de altos ingresos (Australia, CanadÃ¡, Croacia, Dinamarca, Alemania y Polonia) el RR fue de 3,34 (1,96-5,68) y en los paÃses de Ã frica (Mozambique, Nigeria, SudÃ¡frica … Using waist circumference as screening tool to identify colombian subjects at cardiovascular risk …","https://www.sciencedirect.com/science/article/pii/S0120563310702400","https://scholar.google.com/scholar?q=related:KnZfDq2papEJ:scholar.google.com/&scioq=%22waist+circumference%22+nigeria&hl=en&as_sdt=0,5&as_ylo=2006&as_yhi=2010&as_vis=1"
3,"P López-Jaramillo, J López-López","Lessons learned from two large epidemiological studies of Cardiovascular and cerebrovascular diseases in which Colombia took part",2010,"Revista Colombiana de …","scielo.org.co","http://www.scielo.org.co/scielo.php?script=sci_arttext&pid=S0120-56332010000500001","https://scholar.google.com/scholar?cites=6095077249940318398&as_sdt=2005&sciodt=0,5&hl=en",616,"2021-07-17 17:21:18","HTML","","","",,,,,3,0.27,2,2,11,"… de altos ingresos (Australia, Canadá, Croacia, Dinamarca, Alemania y Polonia) el RR fue de 3,34 (1,96-5,68) y en los países de África (Mozambique, Nigeria, Sudáfrica, Sudán y … Using waist circumference as screening tool to identify colombian subjects at cardiovascular risk …","http://www.scielo.org.co/scielo.php?script=sci_arttext&pid=S0120-56332010000500001","https://scholar.google.com/scholar?q=related:vuhBOXcQllQJ:scholar.google.com/&scioq=%22waist+circumference%22+nigeria&hl=en&as_sdt=0,5&as_ylo=2006&as_yhi=2010&as_vis=1"
37,"SP Choukem, E Sobngwi, LS Fetita, P Boudou…","Multitissue insulin resistance despite near-normoglycemic remission in Africans with ketosis-prone diabetes",2008,"Diabetes …","Am Diabetes Assoc","https://care.diabetesjournals.org/content/31/12/2332.short","https://scholar.google.com/scholar?cites=17375298200520094726&as_sdt=2005&sciodt=0,5&hl=en",617,"2021-07-17 17:21:18","","","","",,,,,37,2.85,7,5,13,"","https://care.diabetesjournals.org/content/diacare/31/12/2332.full.pdf","https://scholar.google.com/scholar?q=related:BvR7tKd1IfEJ:scholar.google.com/&scioq=%22waist+circumference%22+nigeria&hl=en&as_sdt=0,5&as_ylo=2006&as_yhi=2010&as_vis=1"
437,"L Myer, J Smit, LL Roux, S Parker, DJ Stein…","Common mental disorders among HIV-infected individuals in South Africa: prevalence, predictors, and validation of brief psychiatric rating scales",2008,"AIDS patient care and …","liebertpub.com","https://www.liebertpub.com/doi/abs/10.1089/apc.2007.0102","https://scholar.google.com/scholar?cites=1397912513822387392&as_sdt=2005&sciodt=0,5&hl=en",618,"2021-07-17 17:21:18","","10.1089/apc.2007.0102","","",,,,,437,33.62,73,6,13,"… Vol. 10, No. 1. Body Mass Index and Waist Circumference in Patients with HIV in South Africa and Associated Socio-demographic, Health Related and Psychosocial Factors. 27 February 2017 | AIDS and Behavior, Vol. 22, No …","https://www.academia.edu/download/50800236/Common_mental_disorders_among_HIV-infect20161209-15363-bbqgip.pdf","https://scholar.google.com/scholar?q=related:wOx0XQZiZhMJ:scholar.google.com/&scioq=%22waist+circumference%22+nigeria&hl=en&as_sdt=0,5&as_ylo=2006&as_yhi=2010&as_vis=1"
20,"CW Kuzawa, EA Quinn, LS Adair","Leptin in a lean population of Filipino adolescents",2007,"American Journal of …","Wiley Online Library","https://onlinelibrary.wiley.com/doi/abs/10.1002/ajpa.20554","https://scholar.google.com/scholar?cites=12758100912508719140&as_sdt=2005&sciodt=0,5&hl=en",619,"2021-07-17 17:21:18","","10.1002/ajpa.20554","","",,,,,20,1.43,7,3,14,"… Body weight, height, waist circumference, triceps, and subscapular skinfold thicknesses were measured using standard anthropometric techniques (Lohman et al., 1988). The body mass index (BMI) was calculated as the ratio of weight (kg)/height (m2) …","https://www.researchgate.net/profile/Christopher-Kuzawa/publication/6560233_Leptin_in_a_lean_population_of_Filipino_adolescents/links/5ca2dcc692851cf0aea7af67/Leptin-in-a-lean-population-of-Filipino-adolescents.pdf","https://scholar.google.com/scholar?q=related:JFCrQi_hDbEJ:scholar.google.com/&scioq=%22waist+circumference%22+nigeria&hl=en&as_sdt=0,5&as_ylo=2006&as_yhi=2010&as_vis=1"
1,"RKD Ephraim","Predictive equations, oxidative and metabolic risk factors among Ghanaian patients presenting with chronic kidney disease",2010,"","dspace.knust.edu.gh","http://dspace.knust.edu.gh/handle/123456789/2175","https://scholar.google.com/scholar?cites=13636173501835712293&as_sdt=2005&sciodt=0,5&hl=en",620,"2021-07-17 17:21:18","","","","",,,,,1,0.09,1,1,11,"… The CKD groups had significantly higher waist circumference (WC), were more hypertensive [based on systolic blood pressure (SBP) and diastolic blood pressure (DBP)], had more diabetics based on fasting blood glucose (FBG) and were more hypercholesterolaemic and …","http://dspace.knust.edu.gh/bitstream/123456789/2175/1/FINAL%20THESIS%20SUBMITTED.pdf","https://scholar.google.com/scholar?q=related:JReDaI1rPb0J:scholar.google.com/&scioq=%22waist+circumference%22+nigeria&hl=en&as_sdt=0,5&as_ylo=2006&as_yhi=2010&as_vis=1"
651,"R Beaglehole, JA Epping-Jordan, V Patel, M Chopra…","Improving the prevention and management of chronic disease in low-income and middle-income countries: a priority for primary health care",2008,"The Lancet","Elsevier","https://www.sciencedirect.com/science/article/pii/S014067360861404X","https://scholar.google.com/scholar?cites=15438840183521073515&as_sdt=2005&sciodt=0,5&hl=en",621,"2021-07-17 17:21:18","","","","",,,,,651,50.08,130,5,13,"JavaScript is disabled on your browser. Please enable JavaScript to use all the features on this page. Skip to main content Skip to article …","","https://scholar.google.com/scholar?q=related:a9nMMlnHQdYJ:scholar.google.com/&scioq=%22waist+circumference%22+nigeria&hl=en&as_sdt=0,5&as_ylo=2006&as_yhi=2010&as_vis=1"
363,"C Graham","Happiness and health: Lessons—and questions—for public policy",2008,"Health affairs","healthaffairs.org","https://www.healthaffairs.org/doi/abs/10.1377/hlthaff.27.1.72","https://scholar.google.com/scholar?cites=4742555759482721796&as_sdt=2005&sciodt=0,5&hl=en",622,"2021-07-17 17:21:18","","10.1377/hlthaff.27.1.72","","",,,,,363,27.92,363,1,13,"… health spending. At the bottom end of the income scale, meanwhile, some countries with extremely poor health standards, such as Nigeria, Pakistan, Honduras, and Guatemala, have relatively high average happiness scores. Yet …","https://www.healthaffairs.org/doi/pdf/10.1377/hlthaff.27.1.72","https://scholar.google.com/scholar?q=related:BFZzC1bx0EEJ:scholar.google.com/&scioq=%22waist+circumference%22+nigeria&hl=en&as_sdt=0,5&as_ylo=2006&as_yhi=2010&as_vis=1"
0,"O Felsby","Mere ledelse–mindre økonomisk styring",2009,"Alkoholbehandlingen er en rodebutik","viewer.zmags.com","http://viewer.zmags.com/services/DownloadPDF?publicationID=075982ac&selectedPages=all#page=24","",623,"2021-07-17 17:21:18","PDF","","","",,,,,0,0.00,0,1,12,"… De ti lande med flest tilfælde af pneumokoksygdom lå alle i Afrika og Asien (bl. a. Indien, Kina, Nigeria og Etiopien) … Obes Res 2002; 10: 1167-72. 7. Janssen I, Katzmarzyk PT, Ross R. Waist circumference and not body mass index explains obesity related health risk …","http://viewer.zmags.com/services/DownloadPDF?publicationID=075982ac&selectedPages=all#page=24","https://scholar.google.com/scholar?q=related:34Ys4LdBmPUJ:scholar.google.com/&scioq=%22waist+circumference%22+nigeria&hl=en&as_sdt=0,5&as_ylo=2006&as_yhi=2010&as_vis=1"
398,"EC Rush, I Freitas, LD Plank","Body size, body composition and fat distribution: comparative analysis of European, Maori, Pacific Island and Asian Indian adults",2009,"British Journal of Nutrition","cambridge.org","https://www.cambridge.org/core/journals/british-journal-of-nutrition/article/body-size-body-composition-and-fat-distribution-comparative-analysis-of-european-maori-pacific-island-and-asian-indian-adults/87A0A5850DC9BA61F69EA944E26EA1E3","https://scholar.google.com/scholar?cites=15263915049864147240&as_sdt=2005&sciodt=0,5&hl=en",624,"2021-07-17 17:21:18","","","","",,,,,398,33.17,133,3,12,"Page 1. Body size, body composition and fat distribution: comparative analysis of European, Maori, Pacific Island and Asian Indian adults Elaine C. Rush1*, Ismael Freitas1 and Lindsay D. Plank2 1Faculty of Health and Environmental …","https://www.cambridge.org/core/services/aop-cambridge-core/content/view/87A0A5850DC9BA61F69EA944E26EA1E3/S0007114508207221a.pdf/div-class-title-body-size-body-composition-and-fat-distribution-comparative-analysis-of-european-maori-pacific-island-and-asian-indian-adults-div.pdf","https://scholar.google.com/scholar?q=related:KDHkvN1R1NMJ:scholar.google.com/&scioq=%22waist+circumference%22+nigeria&hl=en&as_sdt=0,5&as_ylo=2006&as_yhi=2010&as_vis=1"
3,"SS Lim, TA Gaziano, E Gakidou, KS Reddy…","Chronic Diseases 4 Prevention of cardiovascular disease in high-risk individuals in low-income and middle-income countries: health effects and costs",2007,"drugs","who.int","https://www.who.int/choice/publications/p_2007_Combination_pill_Lancet.pdf","https://scholar.google.com/scholar?cites=11655215284527222469&as_sdt=2005&sciodt=0,5&hl=en",625,"2021-07-17 17:21:18","PDF","","","",,,,,3,0.21,1,5,14,"… CMH health system strength category Argentina 3 Bangladesh 2 Brazil 4 Burma 2 China 4 Colombia 2 Democratic Republic of the Congo 1 Egypt 4 Ethiopia 4 India 4 Indonesia 3 Iran 4 Mexico 4 Nigeria 1 Pakistan 2 Philippines 4 Poland 4 Russia 4 South Africa 1 Thailand 4 …","https://www.who.int/choice/publications/p_2007_Combination_pill_Lancet.pdf","https://scholar.google.com/scholar?q=related:xc7ynoykv6EJ:scholar.google.com/&scioq=%22waist+circumference%22+nigeria&hl=en&as_sdt=0,5&as_ylo=2006&as_yhi=2010&as_vis=1"
1,"A Proctor","Genetics of obesity and diabetes in the IRAS Family Study",2009,"","dspace.zsr.wfu.edu","https://dspace.zsr.wfu.edu/handle/10339/14741","https://scholar.google.com/scholar?cites=15889243428101666740&as_sdt=2005&sciodt=0,5&hl=en",626,"2021-07-17 17:21:18","","","","",,,,,1,0.08,1,1,12,"… fat mass. In order to get some indication of the patient's visceral fat deposit, the waist-to- hip (WHR) was computed by measuring waist circumference (minimum, between 10th … waist circumference, and subcutaneous adipose tissue (Gallagher et al. 2007b;Gallagher et al …","https://dspace.zsr.wfu.edu/bitstream/handle/10339/14741/proctorad_08_14_2009.pdf","https://scholar.google.com/scholar?q=related:tLe1ibbugdwJ:scholar.google.com/&scioq=%22waist+circumference%22+nigeria&hl=en&as_sdt=0,5&as_ylo=2006&as_yhi=2010&as_vis=1"
0,"G WARMING","1Central Hospital of Middle Finland, Emergency Department, Jyväskylä, Finland, 2Medcare Foundation, Äänekoski, Finland, 3Central Hospital of Middle …",2009,"","dial.uclouvain.be","https://dial.uclouvain.be/pr/boreal/object/boreal%3A117057/datastream/PDF_01/view","",627,"2021-07-17 17:21:18","PDF","","","",,,,,0,0.00,0,1,12,"… DIURNAL VARIATION IN WAIST CIRCUMFERENCE - IMPLICATIONS FOR THE DIAGNOSIS OF THE METABOLIC SYNDROME S. Snelling1, E. Pellowe2, C. Urdaibay3, C. Weston4 1Cardiff University, Cardiff, United Kingdom, 2Bristol Royal Infirmary, Bristol, United Kingdom …","https://dial.uclouvain.be/pr/boreal/object/boreal%3A117057/datastream/PDF_01/view",""
25,"K Sakakura, S Hoshide, J Ishikawa…","Association of body mass index with cognitive function in elderly hypertensive Japanese",2008,"American journal of …","academic.oup.com","https://academic.oup.com/ajh/article-abstract/21/6/627/169620","https://scholar.google.com/scholar?cites=16448350424966868950&as_sdt=2005&sciodt=0,5&hl=en",628,"2021-07-17 17:21:18","","","","",,,,,25,1.92,6,4,13,"AbstractBackground. As hypertension, obesity, and leanness are reported to be associated with poor cognitive function, it is possible that obesity or leanness i.","https://academic.oup.com/ajh/article-pdf/21/6/627/404301/21_6_627.pdf","https://scholar.google.com/scholar?q=related:1q9LfZBHROQJ:scholar.google.com/&scioq=%22waist+circumference%22+nigeria&hl=en&as_sdt=0,5&as_ylo=2006&as_yhi=2010&as_vis=1"
208,"RS Kuipers, MF Luxwolda…","Estimated macronutrient and fatty acid intakes from an East African Paleolithic diet",2010,"British Journal of …","cambridge.org","https://www.cambridge.org/core/journals/british-journal-of-nutrition/article/estimated-macronutrient-and-fatty-acid-intakes-from-an-east-african-paleolithic-diet/140B0406C4200A514C70CBF6A5B0E802","https://scholar.google.com/scholar?cites=1677459563253275226&as_sdt=2005&sciodt=0,5&hl=en",629,"2021-07-17 17:21:18","","","","",,,,,208,18.91,69,3,11,"Page 1. Estimated macronutrient and fatty acid intakes from an East African Paleolithic diet Remko S. Kuipers1*, Martine F. Luxwolda1, DA Janneke Dijck-Brouwer1, S. Boyd Eaton2, Michael A. Crawford3, Loren Cordain4 and …","https://www.cambridge.org/core/services/aop-cambridge-core/content/view/140B0406C4200A514C70CBF6A5B0E802/S0007114510002679a.pdf/estimated-macronutrient-and-fatty-acid-intakes-from-an-east-african-paleolithic-diet.pdf","https://scholar.google.com/scholar?q=related:WhrL0JWIRxcJ:scholar.google.com/&scioq=%22waist+circumference%22+nigeria&hl=en&as_sdt=0,5&as_ylo=2006&as_yhi=2010&as_vis=1"
0,"N Hejazi","Nutrional Status Among People Living with Hiv Receiving Antiretroviral Medication at Hospital Sungai Buloh, Malaysia",2009,"","psasir.upm.edu.my","http://psasir.upm.edu.my/id/eprint/69638/1/fpsk%202009%2022%20ir.pdf","",630,"2021-07-17 17:21:18","PDF","","","",,,,,0,0.00,0,1,12,"… percentage of body fat. Based on the results of multiple logistic regression, high waist circumference and waist hip ratio were the major risk factors for low HDL-C level and high … 109 4.5.2 Waist Circumference and Waist-Hip Ratio 112 4.5.3 Fat and Lean Mass Percentage 113 …","http://psasir.upm.edu.my/id/eprint/69638/1/fpsk%202009%2022%20ir.pdf","https://scholar.google.com/scholar?q=related:x-pjFoLd52YJ:scholar.google.com/&scioq=%22waist+circumference%22+nigeria&hl=en&as_sdt=0,5&as_ylo=2006&as_yhi=2010&as_vis=1"
2,"VH Montgomery","The influence of increased physical activity on weight retention, body composition, psychological profiles, and cardiovascular function in postpartum African …",2007,"","search.proquest.com","https://search.proquest.com/openview/68cc3104e572531abf58f7a980012aa3/1?pq-origsite=gscholar&cbl=18750","https://scholar.google.com/scholar?cites=16385486151884776801&as_sdt=2005&sciodt=0,5&hl=en",631,"2021-07-17 17:21:18","BOOK","","","",,,,,2,0.14,2,1,14,"… Figure 9. Scatterplot of the change in waist circumference (cm) and change in weight (kg)…………63 … energy expenditure (REE) in Nigerian and US Blacks … populations of West African origins, Nigerians and US Blacks of West African origin …","http://etd.auburn.edu/bitstream/handle/10415/135/MONTGOMERY_VALDA_11.pdf?sequence=1&ts=1424525953848","https://scholar.google.com/scholar?q=related:YaUsU9fwZOMJ:scholar.google.com/&scioq=%22waist+circumference%22+nigeria&hl=en&as_sdt=0,5&as_ylo=2006&as_yhi=2010&as_vis=1"
2,"SEP Modjadji","Nutritional factors involved in development of neural tube defects in offspring of women residing in a high risk area",2009,"","ulspace.ul.ac.za","http://ulspace.ul.ac.za/handle/10386/1144","https://scholar.google.com/scholar?cites=2801394191378832669&as_sdt=2005&sciodt=0,5&hl=en",632,"2021-07-17 17:21:18","","","","",,,,,2,0.17,2,1,12,"Page 1. 0 NUTRITIONAL FACTORS INVOLVED IN DEVELOPMENT OF NEURAL TUBE DEFECTS IN OFFSPRING OF WOMEN RESIDING IN A HIGH RISK AREA SEWELA ELIZABETH PERPETUA, MODJADJI Thesis presented for the degree of DOCTOR OF PHILOSOPHY …","http://ulspace.ul.ac.za/bitstream/handle/10386/1144/Modjadji_sep_2009.pdf?sequence=3","https://scholar.google.com/scholar?q=related:HV36tCyN4CYJ:scholar.google.com/&scioq=%22waist+circumference%22+nigeria&hl=en&as_sdt=0,5&as_ylo=2006&as_yhi=2010&as_vis=1"
0,"J Ade-Oshifogun","Functional performance in obese, elderly people with COPD",2008,"","search.proquest.com","https://search.proquest.com/openview/5bbd8705d05a06814318ba119a4dca9a/1?pq-origsite=gscholar&cbl=18750","",633,"2021-07-17 17:21:18","BOOK","","","",,,,,0,0.00,0,1,13,"… Obese, Elderly People with COPD BY Jochebed Ade-Oshifogun BSN University of Ife, Nigeria 1982 MS University of Ibadan, Nigeria 1984 MSN … Older adults have more fat mass around their trunk, leading to increased waist circumference (Hughes et al., 2004); an area of major …","","https://scholar.google.com/scholar?q=related:QSBPeaOw67QJ:scholar.google.com/&scioq=%22waist+circumference%22+nigeria&hl=en&as_sdt=0,5&as_ylo=2006&as_yhi=2010&as_vis=1"
6,"HM Elsangedy, K Krinski, JI Gorla…","Avaliação do perfil antropométrico de idosas portadoras de hipertensão arterial",2006,"Arquivos de ciências da …","revistas.unipar.br","https://revistas.unipar.br/index.php/saude/article/view/269","https://scholar.google.com/scholar?cites=4777030263484826086&as_sdt=2005&sciodt=0,5&hl=en",634,"2021-07-17 17:21:18","","","","",,,,,6,0.40,2,4,15,"… Saúde Pública, v. 21, n. 3, p. 200-210, 1987. LEAN, MEJ; HAN, TS; MORRISON, CE Waist circumference as a measure for indicating need for weight management … Body fat distribution and other anthropometric blood pressure correlates in a Nigerian urban elderly population …","https://revistas.unipar.br/index.php/saude/article/download/269/240","https://scholar.google.com/scholar?q=related:5sFNALdrS0IJ:scholar.google.com/&scioq=%22waist+circumference%22+nigeria&hl=en&as_sdt=0,5&as_ylo=2006&as_yhi=2010&as_vis=1"
19,"D Woitas-Slubowska, E Hurnik…","Correlates of smoking with socioeconomic status, leisure time physical activity and alcohol consumption among Polish adults from randomly selected regions",2010,"… European journal of …","researchgate.net","https://www.researchgate.net/profile/Anna-Skarpanska-Stejnborn/publication/50248115_Correlates_of_smoking_with_socioeconomic_status_leisure_time_physical_activity_and_alcohol_consumption_among_Polish_adults_from_randomly_selected_regions/links/0fcfd5059e892df9bf000000/Correlates-of-smoking-with-socioeconomic-status-leisure-time-physical-activity-and-alcohol-consumption-among-Polish-adults-from-randomly-selected-regions.pdf","https://scholar.google.com/scholar?cites=2685589050438477882&as_sdt=2005&sciodt=0,5&hl=en",635,"2021-07-17 17:21:18","PDF","","","",,,,,19,1.73,6,3,11,"… Mild to moderate alcohol consumption is associated with a lower prevalence of the metabolic syndrome, with a favorable influence on lipids, waist circumference, and fasting insulin. This association was strongest among beer and wine drinkers (27) …","https://www.researchgate.net/profile/Anna-Skarpanska-Stejnborn/publication/50248115_Correlates_of_smoking_with_socioeconomic_status_leisure_time_physical_activity_and_alcohol_consumption_among_Polish_adults_from_randomly_selected_regions/links/0fcfd5059e892df9bf000000/Correlates-of-smoking-with-socioeconomic-status-leisure-time-physical-activity-and-alcohol-consumption-among-Polish-adults-from-randomly-selected-regions.pdf","https://scholar.google.com/scholar?q=related:OmgQNAMhRSUJ:scholar.google.com/&scioq=%22waist+circumference%22+nigeria&hl=en&as_sdt=0,5&as_ylo=2006&as_yhi=2010&as_vis=1"
392,"RP Kloppenborg, E van den Berg, LJ Kappelle…","Diabetes and other vascular risk factors for dementia: which factor matters most? A systematic review",2008,"European journal of …","Elsevier","https://www.sciencedirect.com/science/article/pii/S0014299908002276","https://scholar.google.com/scholar?cites=3300602810154670813&as_sdt=2005&sciodt=0,5&hl=en",636,"2021-07-17 17:21:18","","","","",,,,,392,30.15,98,4,13,"… search terms (“diabetes”, “hyperglycaemia” or “glucose tolerance”), (“hypertension” or “blood pressure”), (“dyslipidaemia”, “hypercholesterolaemia”, “cholesterol”, “high-density lipoprotein”, “low-density lipoprotein” or “triglycerides”), (“waist circumference”, “obesity”, “overweight …","https://www.researchgate.net/profile/Jacobijn-Gussekloo/publication/6979369_The_impact_of_diabetes_mellitus_on_cognitive_decline_in_the_oldest_of_the_old_A_prospective_population-based_study/links/0912f5100455060d2d000000/The-impact-of-diabetes-mellitus-on-cognitive-decline-in-the-oldest-of-the-old-A-prospective-population-based-study.pdf#page=55","https://scholar.google.com/scholar?q=related:3drsu8QYzi0J:scholar.google.com/&scioq=%22waist+circumference%22+nigeria&hl=en&as_sdt=0,5&as_ylo=2006&as_yhi=2010&as_vis=1"
0,"MS Al-Namer, MF Estephan…","Spirometric reference values in healthy, non-Smoking, Iraqi population.",2009,"Iraqi Journal of Medical …","colmed-alnahrain.edu.iq","https://www.colmed-alnahrain.edu.iq/iraqijms/Iraqi%20JMS%20-%20Volume%207%20(1)%202009/HTML/files/assets/downloads/publication.pdf#page=92","",637,"2021-07-17 17:21:18","PDF","","","",,,,,0,0.00,0,3,12,"… functions vary with anthropometric variables, the measurements of anthropometric variables of Iraqi population should be introduced into research such as sitting height, weight, hip/waist circumference and ratio … Ventilatory pulmonary functionstudy in health young Nigerian adults …","https://www.colmed-alnahrain.edu.iq/iraqijms/Iraqi%20JMS%20-%20Volume%207%20(1)%202009/HTML/files/assets/downloads/publication.pdf#page=92","https://scholar.google.com/scholar?q=related:qKEHBcspPhIJ:scholar.google.com/&scioq=%22waist+circumference%22+nigeria&hl=en&as_sdt=0,5&as_ylo=2006&as_yhi=2010&as_vis=1"
268,"M Marmot, T Atinmo, T Byers, J Chen, T Hirohata…","Food, nutrition, physical activity, and the prevention of cancer: a global perspective",2007,"","discovery.ucl.ac.uk","https://discovery.ucl.ac.uk/id/eprint/4841/","https://scholar.google.com/scholar?cites=13236951953821303750&as_sdt=2005&sciodt=0,5&hl=en",638,"2021-07-17 17:21:18","","","","",,,,,268,19.14,45,6,14,"… Panel Sir Michael Marmot MB BS MPH PhD FRCP FFPH Chair University College London UK Tola Atinmo PhD University of Ibadan, Nigeria Tim Byers MD MPH University of Colorado Health Sciences Center Denver, CO, USA …","https://discovery.ucl.ac.uk/id/eprint/4841/1/4841.pdf","https://scholar.google.com/scholar?q=related:xoNubKsZs7cJ:scholar.google.com/&scioq=%22waist+circumference%22+nigeria&hl=en&as_sdt=0,5&as_ylo=2006&as_yhi=2010&as_vis=1"
0,"EO ENAKPENE","LEFT VENTRICULAR STUCTURE AND FUNCTION IN PATIENTS WITH SICKLE CELL ANAEMIA SEEN AT THE UNIVERSITY COLLEGE HOSPITAL, IBADAN",2007,"Faculty of INTERNAL MEDICINE","dissertation.npmcn.edu.ng","http://dissertation.npmcn.edu.ng/index.php/FMCP/article/download/498/697","",639,"2021-07-17 17:21:18","PDF","","","",,,,,0,0.00,0,1,14,"… even markedly within tribal groups. Haemoglobin C in Nigeria is largely confined to the Yoruba people of the South-West with a frequency of 6%22 … Adebiyi et. al9, in a similar study done on 33 adult Nigerians with SCA did … al. on adult Nigerian SCA subjects10. Ayuo et …","http://dissertation.npmcn.edu.ng/index.php/FMCP/article/download/498/697","https://scholar.google.com/scholar?q=related:OJdwaALcN-oJ:scholar.google.com/&scioq=%22waist+circumference%22+nigeria&hl=en&as_sdt=0,5&as_ylo=2006&as_yhi=2010&as_vis=1"
6,"L Ahenkorah","Metabolic syndrome, oxidative stress and putative risk factors amongst Ghanaian women presenting with pregnancy-induced hypertension",2009,"","ir.knust.edu.gh","http://ir.knust.edu.gh/handle/123456789/164","https://scholar.google.com/scholar?cites=2348848103846503300&as_sdt=2005&sciodt=0,5&hl=en",640,"2021-07-17 17:21:18","","","","",,,,,6,0.50,6,1,12,"… TNF-α Tumour Necrosis Factor- alpha USA United States of America VEGF Vascular Endothelial Growth Factors VLDL Very Low density Lipoprotein WC Waist Circumference WHO World Health Organization WHR Waist-to-hip ratio WHtR Waist-to Height Ratio Wt Weight …","http://ir.knust.edu.gh/bitstream/123456789/164/1/Linda%20Ahenkorah%20final%20thesis.pdf","https://scholar.google.com/scholar?q=related:hOMe3efImCAJ:scholar.google.com/&scioq=%22waist+circumference%22+nigeria&hl=en&as_sdt=0,5&as_ylo=2006&as_yhi=2010&as_vis=1"
1,"F Ruparanganda","An evaluation of the implementation of the Science-Technology and Society (STS) concept in Science Instruction in secondary schools in Zimbabwe",2010,"Chemistry","texilajournal.com","https://www.texilajournal.com/academic-research/edition/33-specialedition","https://scholar.google.com/scholar?cites=1275392574098584670&as_sdt=2005&sciodt=0,5&hl=en",641,"2021-07-17 17:21:18","HTML","","","",,,,,1,0.09,1,1,11,"… ""Computers and the Learning of Biological Concepts: Attitudes and Achievements of Nigerian Students” … Nigeria … 24-51 years) and tested on (1) six anthropometric predictors, including body weight, body height, body mass index (BMI), waist circumference, hip circumference …","https://www.texilajournal.com/academic-research/edition/33-specialedition","https://scholar.google.com/scholar?q=related:XjRR8MkasxEJ:scholar.google.com/&scioq=%22waist+circumference%22+nigeria&hl=en&as_sdt=0,5&as_ylo=2006&as_yhi=2010&as_vis=1"
0,"V Lagou","A candidate-gene based approach for assessing genetic predisposition to childhood obesity",2007,"","search.proquest.com","https://search.proquest.com/openview/935eee9d4b9289d218e52af7a325c73b/1?pq-origsite=gscholar&cbl=51922","",642,"2021-07-17 17:21:18","BOOK","","","",,,,,0,0.00,0,1,14,"… Figure 5.1 Effects of ADRB2 C l6 genotypes on mean waist circumference 98 in boys and girls in each age group … 98 boys and girls in each age group. Figure 5.3 ADRB2 C16 genotype differences in waist circumference for 100 boys and girls aged 4-6 years …","http://theses.gla.ac.uk/70982/1/10390535.pdf","https://scholar.google.com/scholar?q=related:zHwqOlzdi9IJ:scholar.google.com/&scioq=%22waist+circumference%22+nigeria&hl=en&as_sdt=0,5&as_ylo=2006&as_yhi=2010&as_vis=1"
0,"A CASE","First International Sports Science and Sports Medicine Conference Newcastle upon Tyne, 20–22 August 2009",,"bjsm.bmj.com","","https://bjsm.bmj.com/content/43/11/e2.short","",643,"2021-07-17 17:21:18","","","","",,,,,0,0.00,0,1,,"Skip to main content. Viewing from: Google Indexer. BMJ Journals. Subscribe; Log In More Log in via Institution. Log in via OpenAthens. Log in via your Society Select your society ACMSE ACPSEM ACSEP AMSSM BASEM BASRAT …","","https://scholar.google.com/scholar?q=related:Xh_dbmlS0HMJ:scholar.google.com/&scioq=%22waist+circumference%22+nigeria&hl=en&as_sdt=0,5&as_ylo=2006&as_yhi=2010&as_vis=1"
64,"TK Makris, C Thomopoulos…","Association of passive smoking with masked hypertension in clinically normotensive nonsmokers",2009,"American journal of …","academic.oup.com","https://academic.oup.com/ajh/article-abstract/22/8/853/151248","https://scholar.google.com/scholar?cites=1425576537689993576&as_sdt=2005&sciodt=0,5&hl=en",644,"2021-07-17 17:21:18","","","","",,,,,64,5.33,21,3,12,"AbstractBackground. We investigated ambulatory blood pressure (BP) levels among clinically normotensive nonsmokers exposed (PS) and not exposed (SF) to passive.","https://academic.oup.com/ajh/article-pdf/22/8/853/6629807/22_8_853.pdf","https://scholar.google.com/scholar?q=related:aLEk2U6qyBMJ:scholar.google.com/&scioq=%22waist+circumference%22+nigeria&hl=en&as_sdt=0,5&as_ylo=2006&as_yhi=2010&as_vis=1"
111,"F Kapsimalis, M Kryger","Sleep breathing disorders in the US female population",2009,"Journal of women's health","liebertpub.com","https://www.liebertpub.com/doi/abs/10.1089/jwh.2008.1054","https://scholar.google.com/scholar?cites=5194505553836388358&as_sdt=2005&sciodt=0,5&hl=en",645,"2021-07-17 17:21:18","","10.1089/jwh.2008.1054","","",,,,,111,9.25,56,2,12,"Abstract Background: Obstructive sleep apnea syndrome (OSAS) is a common disorder that remains underdiagnosed in adult females. The Berlin Questionnaire is a validated tool for identifying people a...","https://www.ncbi.nlm.nih.gov/pmc/articles/pmc2825714/","https://scholar.google.com/scholar?q=related:BjA2kEeXFkgJ:scholar.google.com/&scioq=%22waist+circumference%22+nigeria&hl=en&as_sdt=0,5&as_ylo=2006&as_yhi=2010&as_vis=1"
0,"DT GOON, AL TORIOLA, BS SHAW","Functional evaluation area Area valutazione funzionale",2009,"NORME PER GLI AUTORI","researchgate.net","https://www.researchgate.net/profile/Brandon-Shaw-3/publication/273321825_Musculoskeletal_fitness_in_Nigerian_children/links/54fe9a580cf2741b69f0ca52/Musculoskeletal-fitness-in-Nigerian-children.pdf","",646,"2021-07-17 17:21:18","PDF","","","",,,,,0,0.00,0,3,12,"… 141 28 28 28 9 10 11 12 Age (years) Boys Girls Figure 1.—Age and gender differences in flexibility in Nigerian school children. Figura 1. — Differenze di età e sesso nella flessibilità in bambini in età scolare della Nigeria. Boys Girls 10 8 7 9 10 11 12 Age (years) 9 …","https://www.researchgate.net/profile/Brandon-Shaw-3/publication/273321825_Musculoskeletal_fitness_in_Nigerian_children/links/54fe9a580cf2741b69f0ca52/Musculoskeletal-fitness-in-Nigerian-children.pdf","https://scholar.google.com/scholar?q=related:a1SZ93aovVsJ:scholar.google.com/&scioq=%22waist+circumference%22+nigeria&hl=en&as_sdt=0,5&as_ylo=2006&as_yhi=2010&as_vis=1"
38,"RLP Casarez, JC Engebretson…","Spiritual practices in self-management of diabetes in African Americans",2010,"Holistic nursing …","journals.lww.com","https://journals.lww.com/hnpjournal/Fulltext/2010/07000/Spiritual_Practices_in_Self_management_of_Diabetes.7.aspx","https://scholar.google.com/scholar?cites=4992431010863371397&as_sdt=2005&sciodt=0,5&hl=en",647,"2021-07-17 17:21:18","","","","",,,,,38,3.45,13,3,11,"In this qualitative study, African Americans described 3 orientations about spiritual practices and.","","https://scholar.google.com/scholar?q=related:hdQnqI2tSEUJ:scholar.google.com/&scioq=%22waist+circumference%22+nigeria&hl=en&as_sdt=0,5&as_ylo=2006&as_yhi=2010&as_vis=1"
0,"MM Sorato, M Davari, A Kebriaeezadeh","Research & Reviews: Journal of Medical and Health Sciences",2010,"","researchgate.net","https://www.researchgate.net/profile/Mende-Sorato/publication/338174123_Health_Care_System_Response_to_Cardiovascular_Diseases_Trends_from_2010-2018_Can_Ethiopia_Achieve_2025_Global_Voluntary_Targets_for_Non-Communicable_Diseases_from_Cardiovascular_Diseases_Perspective_E/links/5e04bb5e299bf10bc3799b46/Health-Care-System-Response-to-Cardiovascular-Diseases-Trends-from-2010-2018-Can-Ethiopia-Achieve-2025-Global-Voluntary-Targets-for-Non-Communicable-Diseases-from-Cardiovascular-Diseases-Perspective.pdf","",648,"2021-07-17 17:21:18","PDF","","","",,,,,0,0.00,0,3,11,"… Ethiopia has an estimated population of 112,078,730, which ranks 12th in the world and 2nd in East Africa after Nigeria … or more frequently to identify adults with overweight and obesity for weight loss considerations and it is reasonable to measure waist circumference to identify …","https://www.researchgate.net/profile/Mende-Sorato/publication/338174123_Health_Care_System_Response_to_Cardiovascular_Diseases_Trends_from_2010-2018_Can_Ethiopia_Achieve_2025_Global_Voluntary_Targets_for_Non-Communicable_Diseases_from_Cardiovascular_Diseases_Perspective_E/links/5e04bb5e299bf10bc3799b46/Health-Care-System-Response-to-Cardiovascular-Diseases-Trends-from-2010-2018-Can-Ethiopia-Achieve-2025-Global-Voluntary-Targets-for-Non-Communicable-Diseases-from-Cardiovascular-Diseases-Perspective.pdf","https://scholar.google.com/scholar?q=related:XJGZQZfJuqMJ:scholar.google.com/&scioq=%22waist+circumference%22+nigeria&hl=en&as_sdt=0,5&as_ylo=2006&as_yhi=2010&as_vis=1"
0,"Y Mizuguchi, Y Oishi, H Miyoshi, A Iuchi…","Volumes Contents",2010,"Journal of …","core.ac.uk","https://core.ac.uk/download/pdf/82134289.pdf","",649,"2021-07-17 17:21:18","PDF","","","",,,,,0,0.00,0,5,11,"… 256 Waist circumference reduction is more strongly correlated with the improvement in endothelial function after acute coronary syndrome than body mass index reduction … 320 Arterial blood pressure in adult Nigerians with sickle cell anemia …","https://core.ac.uk/download/pdf/82134289.pdf",""
469,"NJ Farpour-Lambert, Y Aggoun, LM Marchand…","Physical activity reduces systemic blood pressure and improves early markers of atherosclerosis in pre-pubertal obese children",2009,"Journal of the American …","jacc.org","https://www.jacc.org/doi/abs/10.1016/j.jacc.2009.08.030","https://scholar.google.com/scholar?cites=17824675723385429262&as_sdt=2005&sciodt=0,5&hl=en",650,"2021-07-17 17:21:18","","10.1016/j.jacc.2009.08.030","","",,,,,469,39.08,117,4,12,"Objectives: The aim of this study was to determine the effects of physical activity on systemic blood pressure (BP) and early markers of atherosclerosis in pre-pubertal obese children.Background: H...","https://www.sciencedirect.com/science/article/pii/S0735109709031957/pdf?md5=4dbd74c261c9a1d718d80ec98c26c024&pid=1-s2.0-S0735109709031957-main.pdf&_valck=1","https://scholar.google.com/scholar?q=related:Dt3qmCH4XfcJ:scholar.google.com/&scioq=%22waist+circumference%22+nigeria&hl=en&as_sdt=0,5&as_ylo=2006&as_yhi=2010&as_vis=1"
47,"CR Titaley, MJ Dibley, CL Roberts…","Combined iron/folic acid supplements and malaria prophylaxis reduce neonatal mortality in 19 sub-Saharan African countries",2010,"The American journal of …","academic.oup.com","https://academic.oup.com/ajcn/article-abstract/92/1/235/4597338","https://scholar.google.com/scholar?cites=56366993800286422&as_sdt=2005&sciodt=0,5&hl=en",651,"2021-07-17 17:21:18","","","","",,,,,47,4.27,12,4,11,"… 2003/2004), Tanzania (2004/2005), Liberia (2007), Benin (2006), Congo (Brazzaville) (2005), Niger (2006), Zambia (2007), Senegal (2005), Chad (2004), Guinea (2005), Democratic Republic of the Congo (2007), Ghana (2003), Mali (2006), and Nigeria (2003) ( Table 1) …","https://academic.oup.com/ajcn/article/92/1/235/4597338?ijkey=41b04c484ea2023decf736fbb5e01f5c93cb72ea&keytype2=tf_ipsecsha","https://scholar.google.com/scholar?q=related:1tCFcntByAAJ:scholar.google.com/&scioq=%22waist+circumference%22+nigeria&hl=en&as_sdt=0,5&as_ylo=2006&as_yhi=2010&as_vis=1"
0,"UIN OLDER","P10-09 NUTRITIONAL STATUS ASSESSMENT AND NUTRITIONAL HABITS IN A SAMPLE OF ALBANIAN CHILDREN",,"NUTRITION","researchgate.net","https://www.researchgate.net/profile/Qianling-Zhou/publication/241802493_Breastfeeding_Practices_in_China_and_Ireland_the_Chinese_Mothers_in_Ireland_Survey/links/58ac3c1592851cf0e3ccd1c3/Breastfeeding-Practices-in-China-and-Ireland-the-Chinese-Mothers-in-Ireland-Survey.pdf","",652,"2021-07-17 17:21:18","PDF","","","",,,,,0,0.00,0,1,,"… Assessment of nutritional status of 30 female patients with breast cancer at the University College Hospital, Ibadan, Nigeria … The remaining body composition variables including waist circumference had no alterations between pre and post intervention stages …","https://www.researchgate.net/profile/Qianling-Zhou/publication/241802493_Breastfeeding_Practices_in_China_and_Ireland_the_Chinese_Mothers_in_Ireland_Survey/links/58ac3c1592851cf0e3ccd1c3/Breastfeeding-Practices-in-China-and-Ireland-the-Chinese-Mothers-in-Ireland-Survey.pdf",""
0,"CL Wassel","Genetic determinants of subclinical cardiovascular disease",2008,"","search.proquest.com","https://search.proquest.com/openview/60db4d2a0e0f1bee1b99efc0af002ac6/1?pq-origsite=gscholar&cbl=18750","",653,"2021-07-17 17:21:18","BOOK","","","",,,,,0,0.00,0,1,13,"… i Q ""yy OA 1 Q *7n 7n od *7*7 smoking ' ' , diabetes ' , creatinine , male gender ' , lower socio-economic status , body mass index , C-reactive protein , and waist circumference … with no CAC after adjustment for insulin resistance and waist circumference, (p<0.01) …","","https://scholar.google.com/scholar?q=related:HLFfI6_aCtoJ:scholar.google.com/&scioq=%22waist+circumference%22+nigeria&hl=en&as_sdt=0,5&as_ylo=2006&as_yhi=2010&as_vis=1"
38,"MA Burke, F Heiland","Race, obesity, and the puzzle of gender specificity",2008,"","papers.ssrn.com","https://papers.ssrn.com/sol3/papers.cfm?abstract_id=1324342","https://scholar.google.com/scholar?cites=18369315330578956024&as_sdt=2005&sciodt=0,5&hl=en",654,"2021-07-17 17:21:18","","","","",,,,,38,2.92,19,2,13,"Page 1. Electronic copy available at: http://ssrn.com/abstract=1324342 No. 08-8 Race, Obesity, and the Puzzle of Gender Specificity Mary A. Burke and Frank Heiland Abstract: Obesity is significantly more prevalent among non …","https://www.econstor.eu/bitstream/10419/55641/1/588744034.pdf","https://scholar.google.com/scholar?q=related:-L5L5vfq7P4J:scholar.google.com/&scioq=%22waist+circumference%22+nigeria&hl=en&as_sdt=0,5&as_ylo=2006&as_yhi=2010&as_vis=1"
3,"SJ Morewitz","Cardiovascular disease",2006,"Chronic Diseases and Health Care: New Trends in …","Springer","https://link.springer.com/content/pdf/10.1007/0-387-28779-5_6.pdf","https://scholar.google.com/scholar?cites=3770288349826041888&as_sdt=2005&sciodt=0,5&hl=en",655,"2021-07-17 17:21:18","","10.1007/0-387-28779-5_6","","",,,,,3,0.20,3,1,15,"… Glew, et al. (2004) studied the diet of men in Fulani, a rural area in northern Nigeria, and showed that the men … (2003) found that relatively low con- sumption of dietary vitamin E in childhood and adulthood pre- dicted hypertension and high waist circumference in midlife …","","https://scholar.google.com/scholar?q=related:IMgsQEfBUjQJ:scholar.google.com/&scioq=%22waist+circumference%22+nigeria&hl=en&as_sdt=0,5&as_ylo=2006&as_yhi=2010&as_vis=1"
1,"MR Wing","The Genetics of Differential Fat Distribution: The Insulin Resistance Atherosclerosis Family Study",2010,"","search.proquest.com","https://search.proquest.com/openview/a63ecab5c3820d06c217626a5246c27e/1?pq-origsite=gscholar&cbl=18750","https://scholar.google.com/scholar?cites=184763097703941855&as_sdt=2005&sciodt=0,5&hl=en",656,"2021-07-17 17:21:18","BOOK","","","",,,,,1,0.09,1,1,11,"… Vav 2 Guanine Nucleotide Exchange Factor Visceral + Intermuscular Fat Very-Low-Density Lipoprotein Visceral to Subcutaneous Ratio Waist Circumference Women's Health Initiative-Observational Study World Health Organization Waist to Hip Ratio xix Page 21. YRI …","https://wakespace.lib.wfu.edu/bitstream/handle/10339/14698/MRW_Dissertation%202010.pdf?sequence=3","https://scholar.google.com/scholar?q=related:34Y-9g5pkAIJ:scholar.google.com/&scioq=%22waist+circumference%22+nigeria&hl=en&as_sdt=0,5&as_ylo=2006&as_yhi=2010&as_vis=1"
2,"Y Yan","Diabetes susceptibility polymorphisms and risk of prediabetes and diabetes complications in the atherosclerosis risk in communities (ARIC) study",2009,"","search.proquest.com","https://search.proquest.com/openview/a3d44161318931e7efbb99e93a4ed7ca/1?pq-origsite=gscholar&cbl=18750","https://scholar.google.com/scholar?cites=2148631972190369943&as_sdt=2005&sciodt=0,5&hl=en",657,"2021-07-17 17:21:18","","","","",,,,,2,0.17,2,1,12,"… Wnt Wingless and Int YRI 30 Yoruba mother-father-child trios in Ibadan, Nigeria, one of the populations studied in the HapMap project ZBTB15 zinc finger and BTB domain containing 7B … different metabolic risk factors including obesity, elevated waist circumference, Page 21. 3 …","https://cdr.lib.unc.edu/downloads/r781wg911","https://scholar.google.com/scholar?q=related:lzh0D2V50R0J:scholar.google.com/&scioq=%22waist+circumference%22+nigeria&hl=en&as_sdt=0,5&as_ylo=2006&as_yhi=2010&as_vis=1"
0,"N O'Connell","Research and development round-up: June 2008",2008,"Nurse Prescribing","magonlinelibrary.com","https://www.magonlinelibrary.com/doi/abs/10.12968/npre.2008.6.7.30480","",658,"2021-07-17 17:21:18","","10.12968/npre.2008.6.7.30480","","",,,,,0,0.00,0,1,13,"… Travellers to Nigeria and Ghana, neither common tourist destinations, account for half of all imported falciparum cases … This difference was not explained by age, smoking, alcohol intake, level of physical activity, or increased waist circumference, Haring said …","",""
51,"K Keller","Encyclopedia of Obesity: JZ",2008,"","books.google.com","https://books.google.com/books?hl=en&lr=&id=BUaMxqbET5sC&oi=fnd&pg=PR1&dq=%22waist+circumference%22+nigeria&ots=0g-2AeXQoP&sig=w6DBdKSv1oN9jEwkH1ZIr8cCL88","https://scholar.google.com/scholar?cites=14978754575954618338&as_sdt=2005&sciodt=0,5&hl=en",659,"2021-07-17 17:21:18","BOOK","","","",,,,,51,3.92,51,1,13,"Page 1. ENCYCLOPEDIA OF OBESITY Page 2. Page 3. ENCYCLOPEDIA OF OBESITY KATHLEEN KELLER general editor Volume 1 Page 4. Copyright © 2008 by SAGE Publications, Inc. All rights reserved. No part of this book …","","https://scholar.google.com/scholar?q=related:4ieIDe05388J:scholar.google.com/&scioq=%22waist+circumference%22+nigeria&hl=en&as_sdt=0,5&as_ylo=2006&as_yhi=2010&as_vis=1"
0,"FP Cappuccio","Predicting risk and its role in prescribing",2006,"… and Rehabilitation of Cardiovascular Disease in …","books.google.com","https://books.google.com/books?hl=en&lr=&id=YU8VC4awc84C&oi=fnd&pg=PA21&dq=%22waist+circumference%22+nigeria&ots=LLbcDFPvag&sig=sL5G16m6L-CzwtzaW3UrrJERplU","",660,"2021-07-17 17:21:18","","","","",,,,,0,0.00,0,1,15,"… These are hyperinsulinaemia, raised triglycerides and low HDL cholesterol levels, central adiposity with a high waist circumference and a high waist-to-hip ratio, altogether … The mortality risk associated with hypertension: preliminary results of a prospective study in rural Nigeria …","http://citeseerx.ist.psu.edu/viewdoc/download?doi=10.1.1.566.9005&rep=rep1&type=pdf#page=33","https://scholar.google.com/scholar?q=related:wJPmHxXVY40J:scholar.google.com/&scioq=%22waist+circumference%22+nigeria&hl=en&as_sdt=0,5&as_ylo=2006&as_yhi=2010&as_vis=1"
0,"EE Kenny","Genome-Scale Genetics: Lessons from Founder Populations",2010,"","digitalcommons.rockefeller.edu","https://digitalcommons.rockefeller.edu/student_theses_and_dissertations/68/","",661,"2021-07-17 17:21:18","","","","",,,,,0,0.00,0,1,11,"… Sequential Oligogenic Linkage Analysis Routines TC Total cholesterol TG Triglycerides TSH Thyroid stimulating hormone URAT1 Solute carrier family 22, member 12 (aka SLC22A12) URT Uric acid WST Waist circumference WT Weight YRB HapMap panel; Yoruban-Nigeria …","https://digitalcommons.rockefeller.edu/cgi/viewcontent.cgi?article=1067&context=student_theses_and_dissertations","https://scholar.google.com/scholar?q=related:zksBk9-kzE4J:scholar.google.com/&scioq=%22waist+circumference%22+nigeria&hl=en&as_sdt=0,5&as_ylo=2006&as_yhi=2010&as_vis=1"
0,"DR Marshall, OJ Adegoke, W Zheng","Gene-Gene and Gene-Environment Interactions in the Etiology of Breast Cancer",2007,"","apps.dtic.mil","https://apps.dtic.mil/sti/citations/ADA472397","",662,"2021-07-17 17:21:18","","","","",,,,,0,0.00,0,3,14,"… of collaborations with researchers in Nigeria and Kenya. (Adegoke) • Development of appropriate questionnaires, with these collaborators for assessing behavioral and genetic risk factors contributing to breast cancer in African women. (Adegoke) • Nigerian and Kenyan …","https://apps.dtic.mil/sti/pdfs/ADA472397.pdf","https://scholar.google.com/scholar?q=related:vnEyVdVjdngJ:scholar.google.com/&scioq=%22waist+circumference%22+nigeria&hl=en&as_sdt=0,5&as_ylo=2006&as_yhi=2010&as_vis=1"
0,"NB Matiwane","Development of a food multimix to address malnutrition amongst the elderly",2008,"","digiresearch.vut.ac.za","http://digiresearch.vut.ac.za/handle/10352/278","",663,"2021-07-17 17:21:18","","","","",,,,,0,0.00,0,1,13,"… hour ..... 164 Table 28:Selected biochemical indices of the elderly subjects (n=67) .... 165 Table 29: Summary statistics of MUAC and waist circumference ..... 168 …","http://digiresearch.vut.ac.za/xmlui/bitstream/handle/10352/278/MatiwaneNB.pdf?sequence=1&isAllowed=y","https://scholar.google.com/scholar?q=related:F0kbIHnJ_hQJ:scholar.google.com/&scioq=%22waist+circumference%22+nigeria&hl=en&as_sdt=0,5&as_ylo=2006&as_yhi=2010&as_vis=1"
22,"ME Tejero, G Cai, HHH Göring, V Diego…","Linkage analysis of circulating levels of adiponectin in Hispanic children",2007,"International journal of …","nature.com","https://www.nature.com/articles/0803436","https://scholar.google.com/scholar?cites=1470186108050378335&as_sdt=2005&sciodt=0,5&hl=en",664,"2021-07-17 17:21:18","","","","",,,,,22,1.57,4,5,14,"Adiponectin, a hormone produced exclusively by adipose tissue, is inversely associated with insulin resistance and proinflammatory conditions. The aim of this study was to find quantitative trait loci (QTLs) that affect circulating levels of adiponectin in Hispanic children participating …","https://www.researchgate.net/profile/Maria-Tejero-2/publication/6893449_Linkage_analysis_of_circulating_levels_of_adiponectin_in_Hispanic_children/links/0a85e53406dd3b2b38000000/Linkage-analysis-of-circulating-levels-of-adiponectin-in-Hispanic-children.pdf","https://scholar.google.com/scholar?q=related:X44O1HkmZxQJ:scholar.google.com/&scioq=%22waist+circumference%22+nigeria&hl=en&as_sdt=0,5&as_ylo=2006&as_yhi=2010&as_vis=1"
1,"DT Smelser","A comparison of obesity candidate genes in the anabolic neuropeptide pathway in the Samoan and American Samoan populations",2006,"","search.proquest.com","https://search.proquest.com/openview/775a5c97dbc094f59763b4b605134c86/1?pq-origsite=gscholar&cbl=18750&diss=y","https://scholar.google.com/scholar?cites=9799571676385963715&as_sdt=2005&sciodt=0,5&hl=en",665,"2021-07-17 17:21:18","BOOK","","","",,,,,1,0.07,1,1,15,"… regions (average size of 250,000 base pairs each) in 275 individuals with MAFs >10% in samples from Western European, Chinese, Japanese, Nigerian and African American … several countries: the US, the UK, Canada, Japan, China, and Nigeria. The goal of the project …","https://etd.ohiolink.edu/apexprod/rws_etd/send_file/send?accession=ucin1163647875&disposition=inline","https://scholar.google.com/scholar?q=related:w-728YQS_4cJ:scholar.google.com/&scioq=%22waist+circumference%22+nigeria&hl=en&as_sdt=0,5&as_ylo=2006&as_yhi=2010&as_vis=1"
0,"TY Hsu","The Effect Of Dietary Knowledge On Chinese Adults Body Mass Index",2008,"","repository.library.georgetown.edu","https://repository.library.georgetown.edu/handle/10822/555914","",666,"2021-07-17 17:21:18","","","","",,,,,0,0.00,0,1,13,"… for events and regard larger bodies as a sign of prosperity (Nature Medicine: 2004). In Nigeria, young women are isolated in “fattening huts” and are fed high qualities of food in order to find a high-status spouse. A woman's figure represents a family's wealth …","https://repository.library.georgetown.edu/bitstream/handle/10822/555914/etd_th253.pdf;sequence=3","https://scholar.google.com/scholar?q=related:JW0qLUV9IeEJ:scholar.google.com/&scioq=%22waist+circumference%22+nigeria&hl=en&as_sdt=0,5&as_ylo=2006&as_yhi=2010&as_vis=1"
0,"TS Beason","The associations between genetic variants body composition, and blood pressure in Afro-Caribbean men from Tobago",2010,"","d-scholarship.pitt.edu","http://d-scholarship.pitt.edu/7016/","",667,"2021-07-17 17:21:18","","","","",,,,,0,0.00,0,1,11,"… nucleotide polymorphism (SNP) rs1042714), performed dual energy X-ray absorptiometry (DEXA), and measured height, weight, waist circumference, and blood pressure in N=1965 Afro-Caribbean men from Tobago. Research …","http://d-scholarship.pitt.edu/7016/1/TraceySBeason5_2_10-4_update.pdf","https://scholar.google.com/scholar?q=related:p88oRzdquCIJ:scholar.google.com/&scioq=%22waist+circumference%22+nigeria&hl=en&as_sdt=0,5&as_ylo=2006&as_yhi=2010&as_vis=1"
0,"T ACCELEROMETER","P41-05 EFFECT OF A CLASSROOM-BASED PHYSICAL ACTIVITY INTERVENTION ON CIRCULATING GHRELIN AND ADIPOKINE LEVEL IN STUDNETS",,"Changes","search.proquest.com","https://search.proquest.com/openview/b138981c21657cf88964cfc8b13effe8/1?pq-origsite=gscholar&cbl=32607","",668,"2021-07-17 17:21:18","","","","",,,,,0,0.00,0,1,,"… P41-09 PHYSICAL ACTIVITY, DIETARY INTAKE AND NUTRITIONAL STATUS OF IN-SCHOOL ADOLESCENTS IN IBADAN, NIGERIA: A CASE … selected to take part in anthropometrical assessments (weight, height, percentage of body fat and waist circumference), which were …","https://www.karger.com/Article/PDF/248291",""
34,"AS Truswell","Cholesterol and beyond: the research on diet and coronary heart disease 1900-2000",2010,"","books.google.com","https://books.google.com/books?hl=en&lr=&id=AZiyeH0LOhEC&oi=fnd&pg=PR5&dq=%22waist+circumference%22+nigeria&ots=fvojIYRiTi&sig=39Gr9VeT5ErpUHM1NhnYKzWHfuo","https://scholar.google.com/scholar?cites=10783410637003098320&as_sdt=2005&sciodt=0,5&hl=en",669,"2021-07-17 17:21:18","BOOK","","","",,,,,34,3.09,34,1,11,"… 16.2 BodyMassIndex . . . . . 16.3 Waist Circumference – Visceral Adiposity . . . . . 16.4 At the End of the Century the Cardiac Risk of EpidemiologicalSupport . . . . . HDL2 or HDL3 …","","https://scholar.google.com/scholar?q=related:0Ai9ZddeppUJ:scholar.google.com/&scioq=%22waist+circumference%22+nigeria&hl=en&as_sdt=0,5&as_ylo=2006&as_yhi=2010&as_vis=1"
5,"KD Henderson, J Prescott, L Bernstein","Physical activity and anthropometric factors",2010,"Breast Cancer Epidemiology","Springer","https://link.springer.com/chapter/10.1007/978-1-4419-0685-4_7","https://scholar.google.com/scholar?cites=477890732784602572&as_sdt=2005&sciodt=0,5&hl=en",670,"2021-07-17 17:21:18","","10.1007/978-1-4419-0685-4_7","","",,,,,5,0.45,2,3,11,"… A recent meta-analysis of cohort data reported a 19% increase in breast cancer risk per 0.1 unit increase in WHR and labels abdominal fatness, whether measured by WHR or simply waist circumference, as a probable cause of postmenopausal breast cancer (WCRF/AICR 2007 …","http://ndl.ethernet.edu.et/bitstream/123456789/48492/1/3439.pdf#page=145","https://scholar.google.com/scholar?q=related:zM0T6RbPoQYJ:scholar.google.com/&scioq=%22waist+circumference%22+nigeria&hl=en&as_sdt=0,5&as_ylo=2006&as_yhi=2010&as_vis=1"
61,"LJ Kopplin, RP Igo, Y Wang, TA Sivakumaran…","Genome-wide association identifies SKIV2L and MYRIP as protective factors for age-related macular degeneration",2010,"Genes & …","nature.com","https://www.nature.com/articles/gene201039","https://scholar.google.com/scholar?cites=6821093529741455830&as_sdt=2005&sciodt=0,5&hl=en",671,"2021-07-17 17:21:18","HTML","","","",,,,,61,5.55,12,5,11,"Age-related macular degeneration (AMD) is the leading cause of blindness in the elderly in the developed world. We conducted a genome-wide association study in a series of families enriched for AMD and completed a meta-analysis of this new data with results from reanalysis …","https://www.nature.com/articles/gene201039","https://scholar.google.com/scholar?q=related:1nH082xkqV4J:scholar.google.com/&scioq=%22waist+circumference%22+nigeria&hl=en&as_sdt=0,5&as_ylo=2006&as_yhi=2010&as_vis=1"
0,"A Mukherjee","Candidate gene association study of baseline and longitudinal bone-quality traits in a healthy older population",2008,"","search.proquest.com","https://search.proquest.com/openview/a6fe65cb3939e6340b68414f76c44f4d/1?pq-origsite=gscholar&cbl=18750","",672,"2021-07-17 17:21:18","","","","",,,,,0,0.00,0,1,13,"… Body mass index (kg/m2) was also calculated as one of the measures of body composition. Waist circumference was also measured in cm. The difference between sitting height and 30 cm seat was denoted as trunk length and the difference …","http://d-scholarship.pitt.edu/9370/1/ankur_mukherjee_2008.pdf","https://scholar.google.com/scholar?q=related:yxiZmJYvL1UJ:scholar.google.com/&scioq=%22waist+circumference%22+nigeria&hl=en&as_sdt=0,5&as_ylo=2006&as_yhi=2010&as_vis=1"
0,"HAD AFRICANS, B SOUTH ASIANS","ISHIB2009 ABSTRACT PRESENTATIONS AS PRESENTED AT THE 24TH ANNUAL INTERNATIONAL INTERDISCIPLINARY CONFERENCE ON …",2009,"Ethnicity & Disease","ethndis.org","https://www.ethndis.org/priorsuparchives/ethn-19-04-s5-12.pdf","",673,"2021-07-17 17:21:18","PDF","","","",,,,,0,0.00,0,2,12,"… 011 PREVALENCE OF HTN IN AN HIV CLINIC IN NIGERIA: AN EPIDEMIC WITHIN AN EPIDEMIC … We estimated the frequency of HTN ($140/and or $90) in 405 patients being treated for HIV in the Federal University Hospital in Owerri, Imo State, Nigeria …","https://www.ethndis.org/priorsuparchives/ethn-19-04-s5-12.pdf",""
0,"R Allen","Serum IgG antibody responses to periodontal pathogens among pediatric subjects",2009,"","search.proquest.com","https://search.proquest.com/openview/c24af63fb7ceb53ac59164f15a4ac16e/1?pq-origsite=gscholar&cbl=18750","",674,"2021-07-17 17:21:18","HTML","","","",,,,,0,0.00,0,1,12,"Page 1. SERUM IgG ANTIBODY RESPONSES TO PERIODONTAL PATHOGENS AMONG PEDIATRIC SUBJECTS Ronan Allen A thesis submitted to the faculty of the University of North Carolina at Chapel Hill in partial fulfillment …","https://search.proquest.com/openview/c24af63fb7ceb53ac59164f15a4ac16e/1?pq-origsite=gscholar&cbl=18750","https://scholar.google.com/scholar?q=related:9GUhRO99f2EJ:scholar.google.com/&scioq=%22waist+circumference%22+nigeria&hl=en&as_sdt=0,5&as_ylo=2006&as_yhi=2010&as_vis=1"
26,"MM Sale, JC Mychaleckyj, WM Chen","Planning and executing a genome wide association study (GWAS)",2009,"Molecular Endocrinology","Springer","https://link.springer.com/protocol/10.1007/978-1-60327-378-7_25","https://scholar.google.com/scholar?cites=4271157472327876636&as_sdt=2005&sciodt=0,5&hl=en",675,"2021-07-17 17:21:18","","10.1007/978-1-60327-378-7_25","","",,,,,26,2.17,9,3,12,"… Human1M-Duo BeadChip provides similar coverage (0.86 with r 2 > 0.8) in the HapMap Yoruba (YRI) population from Nigeria (http://www … N, Cupples LA, Dupuis J, Vasan RS, Atwood LD: Genome-wide association to body mass index and waist circumference: the Framingham …","https://citeseerx.ist.psu.edu/viewdoc/download?doi=10.1.1.467.3687&rep=rep1&type=pdf","https://scholar.google.com/scholar?q=related:HMDbbRczRjsJ:scholar.google.com/&scioq=%22waist+circumference%22+nigeria&hl=en&as_sdt=0,5&as_ylo=2006&as_yhi=2010&as_vis=1"
93,"X Zhang, H Dagevos, Y He, I Van der Lans, F Zhai","Consumption and corpulence in China: a consumer segmentation study based on the food perspective",2008,"Food Policy","Elsevier","https://www.sciencedirect.com/science/article/pii/S0306919207000437","https://scholar.google.com/scholar?cites=12256937216504152274&as_sdt=2005&sciodt=0,5&hl=en",676,"2021-07-17 17:21:18","","","","",,,,,93,7.15,19,5,13,"JavaScript is disabled on your browser. Please enable JavaScript to use all the features on this page. Skip to main content Skip to article …","","https://scholar.google.com/scholar?q=related:0sD-V3VjGaoJ:scholar.google.com/&scioq=%22waist+circumference%22+nigeria&hl=en&as_sdt=0,5&as_ylo=2006&as_yhi=2010&as_vis=1"
23,"AG Robillard, L Larkey","Health disadvantages in colorectal cancer screening among African Americans: Considering the cultural context of narrative health promotion",2009,"Journal of health care for the poor and …","muse.jhu.edu","https://muse.jhu.edu/article/265063/summary","https://scholar.google.com/scholar?cites=7882299807372535930&as_sdt=2005&sciodt=0,5&hl=en",677,"2021-07-17 17:21:18","","","","",,,,,23,1.92,12,2,12,"… presence of 3 or more of the [End Page 106] following components: high blood pressure, increased waist circumference, hypertriglyceridemia, low … As Nigerian novelist and story-teller, Achebe suggests, narratives have multiple uses—entertainment, information and instruction …","","https://scholar.google.com/scholar?q=related:euiRn-mNY20J:scholar.google.com/&scioq=%22waist+circumference%22+nigeria&hl=en&as_sdt=0,5&as_ylo=2006&as_yhi=2010&as_vis=1"
5,"DYM Lin, HC Chen","Ergonomics for All: Celebrating PPCOE's 20 years of Excellence: Selected Papers of the Pan-Pacific Conference on Ergonomics, 7-10 November 2010 …",2010,"","books.google.com","https://books.google.com/books?hl=en&lr=&id=usLLBQAAQBAJ&oi=fnd&pg=PP1&dq=%22waist+circumference%22+nigeria&ots=anFkY7vuAA&sig=OEHTTKkZstYAsWhG4hfodzdkjW4","https://scholar.google.com/scholar?cites=189214150506213253&as_sdt=2005&sciodt=0,5&hl=en",678,"2021-07-17 17:21:18","BOOK","","","",,,,,5,0.45,3,2,11,"… 2002). Body shape contrasts with size in providing information on weight distribution. BMI repre- sents a very crude index of shape, whereas Waist Circumference (WC) gives a clearer indication of relative abdominal shape. More …","","https://scholar.google.com/scholar?q=related:hW9mc0Q5oAIJ:scholar.google.com/&scioq=%22waist+circumference%22+nigeria&hl=en&as_sdt=0,5&as_ylo=2006&as_yhi=2010&as_vis=1"
4,"S Premakumari, S Haripriya","EFFECT OF SUPPLEMENTATION OF WHEAT GERM, WHEAT BRAN AND WHEAT GRASS TO SUBJECTS WITH SPECIFIC HEALTH ISSUES",2007,"Sugc Minorreserch project","research.avemar.com","https://www.research.avemar.com/system/files/publications/2010__premakumari__ugc_research.pdf","https://scholar.google.com/scholar?cites=5598596361250832644&as_sdt=2005&sciodt=0,5&hl=en",679,"2021-07-17 17:21:18","PDF","","","",,,,,4,0.29,2,2,14,"… (Height) 2 (m) d. Waist circumference Waist circumference was measured for all the selected subjects. The … circumference in centimeter upto the nearest millimeter (Brahmam et al., 2005). According to Boyle et al., (2001) the waist circumference should be taken at the …","https://www.research.avemar.com/system/files/publications/2010__premakumari__ugc_research.pdf","https://scholar.google.com/scholar?q=related:BIEmWbo1sk0J:scholar.google.com/&scioq=%22waist+circumference%22+nigeria&hl=en&as_sdt=0,5&as_ylo=2006&as_yhi=2010&as_vis=1"
0,"P Jha","Geographical Epidemiology of Cardiovascular Disease in India: An Exploratory Study",2010,"","Citeseer","http://citeseerx.ist.psu.edu/viewdoc/download?doi=10.1.1.840.2854&rep=rep1&type=pdf","",680,"2021-07-17 17:21:18","PDF","","","",,,,,0,0.00,0,1,11,"… China (290), Pakistan (425), Nigeria (452) and Russia (688) while it is lower in industrialized countries such as Canada (140) andBritain (182) [36] … waist circumference (WC) and the waist:hip ratio (WHR) as these are the commonly used measures in epidemiological studies …","http://citeseerx.ist.psu.edu/viewdoc/download?doi=10.1.1.840.2854&rep=rep1&type=pdf","https://scholar.google.com/scholar?q=related:JF4o3WyiqyAJ:scholar.google.com/&scioq=%22waist+circumference%22+nigeria&hl=en&as_sdt=0,5&as_ylo=2006&as_yhi=2010&as_vis=1"
0,"K VALERIA, N GABRIELA, O IGOR","DISTURBANCES OF GLUCOSE AND LIPID METABOLISM ASSOCIATED WITH ANTIPSYCHOTIC TREATMENT",2009,"Acta Medica Martiniana","jfmed.uniba.sk","https://www.jfmed.uniba.sk/fileadmin/jlf/PR/acta-medica-martiniana/2009-9-2.pdf#page=10","",681,"2021-07-17 17:21:18","PDF","","","",,,,,0,0.00,0,3,12,"… for 8 weeks each visit for 12 weeks each visit for 4 months quarterly every 6 months annually every 2 years every 5 years weight X1, 2 X2 X1 X1 X1, 3 X1, 2 waist circumference X1, 3 … It is widespread from Senegal to Nigeria and dispersed over the drier parts of tropical Africa (13 …","https://www.jfmed.uniba.sk/fileadmin/jlf/PR/acta-medica-martiniana/2009-9-2.pdf#page=10","https://scholar.google.com/scholar?q=related:wuKpApe8YSwJ:scholar.google.com/&scioq=%22waist+circumference%22+nigeria&hl=en&as_sdt=0,5&as_ylo=2006&as_yhi=2010&as_vis=1"
182,"SR Browning","Missing data imputation and haplotype phase inference for genome-wide association studies",2008,"Human genetics","Springer","https://link.springer.com/content/pdf/10.1007/s00439-008-0568-7.pdf","https://scholar.google.com/scholar?cites=10964460057257094490&as_sdt=2005&sciodt=0,5&hl=en",682,"2021-07-17 17:21:18","","10.1007/s00439-008-0568-7","","",,,,,182,14.00,182,1,13,"… These panels are: 30 trios (two parents with one child) of individuals with northern and western Euro- pean ancestry from the USA (the CEU panel), 30 trios of Yoruban individuals from Ibadan, Nigeria, 45 unrelated individuals from Tokyo, Japan and 45 unrelated Han Chi- nese …","https://www.ncbi.nlm.nih.gov/pmc/articles/PMC2731769/","https://scholar.google.com/scholar?q=related:Wq3EclSWKZgJ:scholar.google.com/&scioq=%22waist+circumference%22+nigeria&hl=en&as_sdt=0,5&as_ylo=2006&as_yhi=2010&as_vis=1"
0,"R DAY","ACADEMIC APPOINTMENTS",,"sph.uth.edu","","https://sph.uth.edu/cv/day.pdf","",683,"2021-07-17 17:21:18","PDF","","","",,,,,0,0.00,0,1,,"… of Tropical Agriculture – Nigeria Micronutrient Enhancement of Maize and Plantains in Nigeria: A Sustainable … Day RS, Douglass DL, Maziya-Dixon B. Developing a Nigerian-specific food and … Trajectories of fat mass index, fat free-mass index, and waist circumference in children …","https://sph.uth.edu/cv/day.pdf","https://scholar.google.com/scholar?q=related:xlGIrKiWYGgJ:scholar.google.com/&scioq=%22waist+circumference%22+nigeria&hl=en&as_sdt=0,5&as_ylo=2006&as_yhi=2010&as_vis=1"
1,"A Shaalan","3rd African Nutrition Epidemiology Conference",2009,"Annals of Nutrition & Metabolism","JSTOR","https://www.jstor.org/stable/48507607","https://scholar.google.com/scholar?cites=14439143612693019955&as_sdt=2005&sciodt=0,5&hl=en",684,"2021-07-17 17:21:18","","","","",,,,,1,0.08,1,1,12,"… Page 5. Ann Nutr Metab 2009;54:236–249 240 3rd African Nutrition Epidemiology Conference 9 Tackling Obesity in Africa: Pragmatic Approaches IO Akinyele Faculty of Public Health, University of Ibadan, Ibadan, Nigeria Obesity …","","https://scholar.google.com/scholar?q=related:M_1qJ50kYsgJ:scholar.google.com/&scioq=%22waist+circumference%22+nigeria&hl=en&as_sdt=0,5&as_ylo=2006&as_yhi=2010&as_vis=1"
0,"K Park","The role of inflammation and oxidative stress in the association of obesity and insulin resistance",2008,"","search.proquest.com","https://search.proquest.com/openview/a41f30e27341c3b3de1169f57181729a/1?pq-origsite=gscholar&cbl=18750","",685,"2021-07-17 17:21:18","BOOK","","","",,,,,0,0.00,0,1,13,"… The aim of this dissertation was to explore the prospective relation of long-term changes/fluctuation in waist circumference, systemic oxidative stress, and low-grade inflammation to insulin resistance in a community–based longitudinal study, presenting a broad picture of the …","","https://scholar.google.com/scholar?q=related:3sP75-JUUIAJ:scholar.google.com/&scioq=%22waist+circumference%22+nigeria&hl=en&as_sdt=0,5&as_ylo=2006&as_yhi=2010&as_vis=1"
3,"E Gyamfi","Assesssing the prevalence, levels of risk and risk factors for non-communicable diseases [hypertension and diabetes] in the sekyere west district of Ghana.",2010,"","dspace.knust.edu.gh","http://dspace.knust.edu.gh/handle/123456789/71","https://scholar.google.com/scholar?cites=8032458583377640262&as_sdt=2005&sciodt=0,5&hl=en",686,"2021-07-17 17:21:18","","","","",,,,,3,0.27,3,1,11,"… than a more peripheral distribution (Kissebah et al., 1994). Measurement of the waist circumference, measured at the midpoint between the lower border … A prevalence rate of 1.4% in Zimbabwe, 1.5% in Nigeria, 34.4% in Cape Town, South Africa …","http://dspace.knust.edu.gh/xmlui/bitstream/handle/123456789/71/ERIC%20GYAMFI%7BMSC.%20HEP%7D%20THESIS.%20BODY.pdf?sequence=1","https://scholar.google.com/scholar?q=related:RvtCF4YGeW8J:scholar.google.com/&scioq=%22waist+circumference%22+nigeria&hl=en&as_sdt=0,5&as_ylo=2006&as_yhi=2010&as_vis=1"
0,"A Garshasbi","METABOLIC DISORDERS AT FOLLOW-UP IN IRANIAN WOMEN WITH GESTATIONAL DIABETES MELLITUS IN PREVIOUS PREGNANCY",2010,"8th Annual World Congress on Insulin …","research.shahed.ac.ir","http://research.shahed.ac.ir/WSR/SiteData/PaperFiles/4367_485199902.pdf","",687,"2021-07-17 17:21:18","PDF","","","",,,,,0,0.00,0,1,11,"… University of Ilorin, Ilorin 240003, Nigeria; 2Department of Anatomy, College of Medicine, University of Lagos, Lagos, Nigeria; 3Department of … Correlations bet- ween increased ALT level and BMI(r=0.216, P<0.001), waist circumference(r=0.197, P<0.001) and triglyceride(r=0.175 …","http://research.shahed.ac.ir/WSR/SiteData/PaperFiles/4367_485199902.pdf",""
10,"S Saranga, L Nhantumbo, A Prista, J Rocha…","Composição corporal em populações africanas: uma perspectiva epidemiológica",2007,"Revista portuguesa de …","run.unl.pt","https://run.unl.pt/bitstream/10362/95444/1/1-07-2007.pdf","https://scholar.google.com/scholar?cites=7198818700539780252&as_sdt=2005&sciodt=0,5&hl=en",688,"2021-07-17 17:21:18","PDF","","","",,,,,10,0.71,2,5,14,"Page 1. 85 VOL. 25, N.o 1 — JANEIRO/JUNHO 2007 Obesidade Sílvio Saranga é assistente na Faculdade Ciências de Educação Física de Desporto. Universidade Pedagógica — Moçambique. Mestre em Desporto para Crianças e Jovens pela Faculdade de Desporto …","https://run.unl.pt/bitstream/10362/95444/1/1-07-2007.pdf","https://scholar.google.com/scholar?q=related:nNwcmHdX52MJ:scholar.google.com/&scioq=%22waist+circumference%22+nigeria&hl=en&as_sdt=0,5&as_ylo=2006&as_yhi=2010&as_vis=1"
24,"TL Araujo, MVO Lopes, RP Moreira…","Pressão arterial de crianças e adolescentes de uma escola pública de Fortaleza-Ceará",2007,"Acta Paulista de …","SciELO Brasil","https://www.scielo.br/j/ape/a/Yv6KFp8tGBqYbDWn9pL9SbH/abstract/?lang=pt&format=html","https://scholar.google.com/scholar?cites=4950633375269858530&as_sdt=2005&sciodt=0,5&hl=en",689,"2021-07-17 17:21:18","","","","",,,,,24,1.71,6,4,14,"… 17. Han TS, van Leer EM, Seidell JC, Lean ME. Waist circumference action levels in the identification of cardiovascular risk factors: prevalence study in a random sample. BMJ … Tracking of blood pressure and anthropometric measures in Nigerian children. J Human Hypertens …","https://www.scielo.br/j/ape/a/Yv6KFp8tGBqYbDWn9pL9SbH/?format=pdf&lang=pt","https://scholar.google.com/scholar?q=related:4iwnQtMutEQJ:scholar.google.com/&scioq=%22waist+circumference%22+nigeria&hl=en&as_sdt=0,5&as_ylo=2006&as_yhi=2010&as_vis=1"
0,"JJY Kim","The effects and mechanisms of saponins of panax notoginseng on glucose and lipid metabolism in 3T3-L1 cells",2008,"","opus.cloud.lib.uts.edu.au","https://opus.cloud.lib.uts.edu.au/handle/10453/35998","",690,"2021-07-17 17:21:18","","","","",,,,,0,0.00,0,1,13,"… HDL-C LEVEL 0.9 mmol/L (male) < 1.0 mmol/L (female) < 1.0 mg/dL < 40 mg/dL (male) < 50 mg/dL (female) WAIST CIRCUMFERENCE > 0.90 (male) > 0.85 (female) (waist:hip ratio) … and clinicians to measure waist circumference rather than body mass index (BMI) …","https://opus.cloud.lib.uts.edu.au/bitstream/10453/35998/2/02Whole.pdf","https://scholar.google.com/scholar?q=related:f3ga7HcDGJcJ:scholar.google.com/&scioq=%22waist+circumference%22+nigeria&hl=en&as_sdt=0,5&as_ylo=2006&as_yhi=2010&as_vis=1"
4,"MÁ López, PE Valenzuela","Nueva fórmula para mejorar la estimación del gasto energético basal en adultos de Chillán",2007,"Revista chilena de nutrición","scielo.conicyt.cl","https://scielo.conicyt.cl/scielo.php?pid=S0717-75182007000400007&script=sci_arttext&tlng=p","https://scholar.google.com/scholar?cites=15065652683309895642&as_sdt=2005&sciodt=0,5&hl=en",691,"2021-07-17 17:21:18","HTML","","","",,,,,4,0.29,2,2,14,"… Body mass index and hip and thigh circumferences are negatively associated with visceral adipose tissue after control for waist circumference (Resumen) … Activity energy expenditure and adiposity among black adults in Nigeria and the United States …","https://scielo.conicyt.cl/scielo.php?pid=S0717-75182007000400007&script=sci_arttext&tlng=p","https://scholar.google.com/scholar?q=related:2s8YUkvzE9EJ:scholar.google.com/&scioq=%22waist+circumference%22+nigeria&hl=en&as_sdt=0,5&as_ylo=2006&as_yhi=2010&as_vis=1"
0,"BO Davis Jr","Global Perspectives on Selected Chronic Cardiovascular Diseases",2007,"Global Health Care: Issues and Policies","books.google.com","https://books.google.com/books?hl=en&lr=&id=XIdLDAAAQBAJ&oi=fnd&pg=PA201&dq=%22waist+circumference%22+nigeria&ots=JpMJgPcIWD&sig=ateIgIG8L5VTI07igW7sByI6ZDQ","",692,"2021-07-17 17:21:18","","","","",,,,,0,0.00,0,1,14,"… examples cited for future study were the pygmies of northeastern Zaire, the bush- men of Botswana, and the Koma people of northeastern Nigeria … This realization has led to the use of waist circumference or waist/ hip circumference ratio as a measure of unhealthy obesity levels …","","https://scholar.google.com/scholar?q=related:-RtdWSr3FaEJ:scholar.google.com/&scioq=%22waist+circumference%22+nigeria&hl=en&as_sdt=0,5&as_ylo=2006&as_yhi=2010&as_vis=1"
0,"RD Semba","The Obesity Epidemic: Implications for Eye Health",2007,"Handbook of Nutrition and Ophthalmology","Springer","https://link.springer.com/chapter/10.1007/978-1-59259-979-0_4","",693,"2021-07-17 17:21:18","","10.1007/978-1-59259-979-0_4","","",,,,,0,0.00,0,1,14,"… Studies from Mali, Nigeria, and Tanzania show that increases in BMI are accom- panied by an increase in the prevalence of diabetes (30) … From ref. 88. Page 17. Chapter 4 / The Obesity Epidemic 235 thickness, waist circumference, and waist-to-hip ratio (93) …","","https://scholar.google.com/scholar?q=related:VBgngJNwGqYJ:scholar.google.com/&scioq=%22waist+circumference%22+nigeria&hl=en&as_sdt=0,5&as_ylo=2006&as_yhi=2010&as_vis=1"
16,"AM Thomas, SC Mkandawire","The impact of nutrition on physiologic changes in persons who have HIV",2006,"Nursing Clinics","nursing.theclinics.com","https://www.nursing.theclinics.com/article/S0029-6465(06)00040-5/abstract","https://scholar.google.com/scholar?cites=3496713016106619050&as_sdt=2005&sciodt=0,5&hl=en",694,"2021-07-17 17:21:18","","","","",,,,,16,1.07,8,2,15,"Skip to Main Content. Login to your account. Email/Username …","","https://scholar.google.com/scholar?q=related:qhCFNvbRhjAJ:scholar.google.com/&scioq=%22waist+circumference%22+nigeria&hl=en&as_sdt=0,5&as_ylo=2006&as_yhi=2010&as_vis=1"
0,"MH Garcia-Perez","The impact of gynecological morbidity on women's quality of life in northern Mexico",2006,"","search.proquest.com","https://search.proquest.com/openview/1bd55470808a4d9abf757ce1aa76a1ae/1?pq-origsite=gscholar&cbl=18750&diss=y","",695,"2021-07-17 17:21:18","BOOK","","","",,,,,0,0.00,0,1,15,"Page 1. THE IMPACT OF GYNECOLOGICAL MORBIDITY ON WOMEN'S QUALITY OF LIFE IN NORTHERN MEXICO by Maria Hilda Garcfa-Perez A dissertation submitted in partial fulfillment of the requirements for the degree …","","https://scholar.google.com/scholar?q=related:HH4vgK_H8KYJ:scholar.google.com/&scioq=%22waist+circumference%22+nigeria&hl=en&as_sdt=0,5&as_ylo=2006&as_yhi=2010&as_vis=1"
23,"FC Venter, CM Walsh, M Slabber, CJ Bester","Body size perception of African women (25-44 years) in Manguang",2009,"Journal of Consumer …","ajol.info","https://www.ajol.info/index.php/jfecs/article/view/48942","https://scholar.google.com/scholar?cites=10042893528211773612&as_sdt=2005&sciodt=0,5&hl=en",696,"2021-07-17 17:21:18","","","","",,,,,23,1.92,6,4,12,"Page 1. ISSN 0378-5254 Journal of Family Ecology and Consumer Sciences, Vol 37, 2009 Body size perception of African women (25œ44 years) in Mangaung 12 Body size perception of African women (25œ44 years) in Mangaung …","https://www.ajol.info/index.php/jfecs/article/view/48942/35290","https://scholar.google.com/scholar?q=related:rNghUnSGX4sJ:scholar.google.com/&scioq=%22waist+circumference%22+nigeria&hl=en&as_sdt=0,5&as_ylo=2006&as_yhi=2010&as_vis=1"
21,"NC Barengo, G Hu, J Tuomilehto","Physical activity and hypertension: evidence of cross-sectional studies, cohort studies and meta-analysis",2007,"Current Hypertension …","ingentaconnect.com","https://www.ingentaconnect.com/content/ben/chyr/2007/00000003/00000004/art00004","https://scholar.google.com/scholar?cites=14188539500979274346&as_sdt=2005&sciodt=0,5&hl=en",697,"2021-07-17 17:21:18","","","","",,,,,21,1.50,7,3,14,"… well. However, only approxi- mately half of the studies have adjusted their findings for body mass index [71, 77, 78, 81, 84, 89]. None of the studies adjusted their results for waist circumference or waist-to-hip ratio. Ultimately …","","https://scholar.google.com/scholar?q=related:asJ3hYDR58QJ:scholar.google.com/&scioq=%22waist+circumference%22+nigeria&hl=en&as_sdt=0,5&as_ylo=2006&as_yhi=2010&as_vis=1"
2,"S Kumar, VP Sharma, R Shikla, R Dev…","Assessment of back and abdominal pressure, sexual frequency and quality of life",2009,"… Journal of Therapy …","magonlinelibrary.com","https://www.magonlinelibrary.com/doi/abs/10.12968/ijtr.2009.16.11.44943","https://scholar.google.com/scholar?cites=4807241372420536646&as_sdt=2005&sciodt=0,5&hl=en",698,"2021-07-17 17:21:18","","10.12968/ijtr.2009.16.11.44943","","",,,,,2,0.17,0,5,12,"… WHR 1.84 ± 0.17 1.80 ± 0.16 0.95ns BMI (kg/m2) 24.49 ± 4.46 25.14 ± 3.37 0.70ns BMI = body mass index; DF = degrees of freedom; HC = hip circumference; ns = P>0.05 (therefore not significant); WC = waist circumference; WHR = waist hip ratio Page 5 …","https://www.researchgate.net/profile/Suraj-Kumar-30/publication/272529590_Assessment_of_back_and_abdominal_pressure_sexual_frequency_and_quality_of_life/links/55102f4f0cf2a95b5b42753c/Assessment-of-back-and-abdominal-pressure-sexual-frequency-and-quality-of-life.pdf","https://scholar.google.com/scholar?q=related:Rvmv8I7AtkIJ:scholar.google.com/&scioq=%22waist+circumference%22+nigeria&hl=en&as_sdt=0,5&as_ylo=2006&as_yhi=2010&as_vis=1"
0,"SS Patil, RN Kadam, PS Shankar, JV Yakhmi…","MEDICAL JOURNAL DY PATIL UNIVERSITY, KOLHAPUR",,"academia.edu","","https://www.academia.edu/download/18766756/final_journal_pages.pdf","",699,"2021-07-17 17:21:18","PDF","","","",,,,,0,0.00,0,5,,"Page 1. MJDYPU Vol. III Issue II March 2010 MEDICAL JOURNAL DY PATIL UNIVERSITY, KOLHAPUR (The official publication of DY Patil University. The journal in no way indicates official policy) ∎ Chief Patron: Shri. Sanjay Patil Chancellor ∎ Patrons: Prof …","https://www.academia.edu/download/18766756/final_journal_pages.pdf","https://scholar.google.com/scholar?q=related:Ywyvo4Kc93sJ:scholar.google.com/&scioq=%22waist+circumference%22+nigeria&hl=en&as_sdt=0,5&as_ylo=2006&as_yhi=2010&as_vis=1"
0,"EA Thomas","Type 2 diabetes, hearing loss, and contributors to hearing loss in older Mexican Americans",2009,"","search.proquest.com","https://search.proquest.com/openview/1edd6686d5765b97da2dc92dade7c281/1?pq-origsite=gscholar&cbl=18750","",700,"2021-07-17 17:21:18","BOOK","","","",,,,,0,0.00,0,1,12,"… hearing loss? Page 20. 4 2) Are selected clinical indicators (duration of diabetes, hypertension, metabolic syndrome, BMI, waist circumference, ototoxic drugs, smoking (pack years), and ETOH use (in years) associated with and predictive of high frequency hearing loss …","https://escholarship.org/content/qt9v75x8fk/qt9v75x8fk.pdf","https://scholar.google.com/scholar?q=related:lW8QHXqEzf8J:scholar.google.com/&scioq=%22waist+circumference%22+nigeria&hl=en&as_sdt=0,5&as_ylo=2006&as_yhi=2010&as_vis=1"
2,"SJ Nyante","Single nucleotide polymorphisms and the etiology of basal-like and luminal A breast cancer: a pathway-based approach",2009,"","cdr.lib.unc.edu","https://cdr.lib.unc.edu/concern/dissertations/df65v880h","https://scholar.google.com/scholar?cites=2575787214047791686&as_sdt=2005&sciodt=0,5&hl=en",701,"2021-07-17 17:21:18","","","","",,,,,2,0.17,2,1,12,"… UTR – untranslated region WHR – waist to hip ratio YRI – individuals of Yoruban ancestry living in Idaban, Nigeria, genotyped in the International HapMap Project Page 18 … Page 29. 12 ancestry. When the association was tested in a Nigerian population only one of the two main …","https://cdr.lib.unc.edu/downloads/3j333301b","https://scholar.google.com/scholar?q=related:RspP9tIIvyMJ:scholar.google.com/&scioq=%22waist+circumference%22+nigeria&hl=en&as_sdt=0,5&as_ylo=2006&as_yhi=2010&as_vis=1"
3,"DJ Soita","The prevalence of impaired glucose tolerance and diabetes amongst the middle aged population of Bellville South Community, Cape Town, South Africa",2009,"","ir.cput.ac.za","http://ir.cput.ac.za/handle/20.500.11838/1459","https://scholar.google.com/scholar?cites=8865154499625203259&as_sdt=2005&sciodt=0,5&hl=en",702,"2021-07-17 17:21:18","","","","",,,,,3,0.25,3,1,12,"… 41 2.7.1 Height Measurement 41 2.7.2 Weight Measurement 42 2.7.3. Waist Circumference measurements 43 2.7.4 Hip Circumference 44 … 42 Page 14. xiii Figure 2.5: Weight measurements 43 Figure 2.6: Positions of Waist circumference 44 Figure 2.7: Hip Circumferences 45 …","http://ir.cput.ac.za/bitstream/20.500.11838/1459/1/fulltext.pdf","https://scholar.google.com/scholar?q=related:O7YdPQxbB3sJ:scholar.google.com/&scioq=%22waist+circumference%22+nigeria&hl=en&as_sdt=0,5&as_ylo=2006&as_yhi=2010&as_vis=1"
0,"K Clement, TIA Sorensen","Section 6: Polygenic Human Obesity",2007,"Obesity","taylorfrancis.com","https://www.taylorfrancis.com/chapters/edit/10.3109/9781420020137-22/section-6-polygenic-human-obesity","",703,"2021-07-17 17:21:18","","","","",,,,,0,0.00,0,2,14,"… ADIPOQ 12 4 BMI, waist circumference, abdominal visceral fat, weight change during acarbose trial, waist-to-hip ratio, obesity, body weight, waist circumference, sagittal abdominal diameter ADRB2 20 1 BMI, waist-to-hip ratio, body-weight increase, catecholamine- induced …","https://www.anme.com.mx/libros/Obesity%20-%20Genomics%20and%20Postgenomics.pdf#page=252","https://scholar.google.com/scholar?q=related:_Jo63uiHMoMJ:scholar.google.com/&scioq=%22waist+circumference%22+nigeria&hl=en&as_sdt=0,5&as_ylo=2006&as_yhi=2010&as_vis=1"
543,"R Shiri, J Karppinen, P Leino-Arjas, S Solovieva…","The association between smoking and low back pain: a meta-analysis",2010,"The American journal of …","Elsevier","https://www.sciencedirect.com/science/article/pii/S000293430900713X","https://scholar.google.com/scholar?cites=2504663732836809467&as_sdt=2005&sciodt=0,5&hl=en",704,"2021-07-17 17:21:18","","","","",,,,,543,49.36,109,5,11,"","https://www.academia.edu/download/48772166/The_Association_between_Smoking_and_Low_20160912-31235-4tb0ki.pdf","https://scholar.google.com/scholar?q=related:-7qKDWVawiIJ:scholar.google.com/&scioq=%22waist+circumference%22+nigeria&hl=en&as_sdt=0,5&as_ylo=2006&as_yhi=2010&as_vis=1"
0,"S Viali","Trends and Development of Non-Communicable Diseases and Risk Factors in Samoa over 24 years",2009,"","unsworks.unsw.edu.au","http://unsworks.unsw.edu.au/fapi/datastream/unsworks:5032/SOURCE02?view=true","",705,"2021-07-17 17:21:18","PDF","","","",,,,,0,0.00,0,1,12,"… 61 1.4.1 Obesity 61 1.4.1.1 Overview 61 1.4.1.2 Body Mass Index 61 1.4.1.3 Waist Circumference and Waist to Hip Ratio 62 1.4.1.4 Prevalence of Obesity 64 1.4.1.4.1 Global 64 … 143 4.6.3 Urban and Rural Difference 145 4.6.4 Waist Circumference 146 4.7 Cholesterol 148 …","http://unsworks.unsw.edu.au/fapi/datastream/unsworks:5032/SOURCE02?view=true","https://scholar.google.com/scholar?q=related:jejQRNh2X9EJ:scholar.google.com/&scioq=%22waist+circumference%22+nigeria&hl=en&as_sdt=0,5&as_ylo=2006&as_yhi=2010&as_vis=1"
13,"EA Achidi, DA Tangoh","Risk assessment of cardiovascular disease among staff of the University of Buea, South Western Cameroon",2010,"Journal of Public Health and …","academicjournals.org","https://academicjournals.org/journal/JPHE/article-abstract/F5061A6982","https://scholar.google.com/scholar?cites=14044448384230288828&as_sdt=2005&sciodt=0,5&hl=en",706,"2021-07-17 17:21:18","","","","",,,,,13,1.18,7,2,11,"… using a calibrated weighing scale to the nearest 1 Kg, height was determined with a stadiometer, and waist circumference was measured using … A study involving adult Nigerians also demonstrated an inverse relationship between SES and overweight and obesity similar to that …","https://academicjournals.org/journal/JPHE/article-full-text-pdf/F5061A6982","https://scholar.google.com/scholar?q=related:vO1aEGXn58IJ:scholar.google.com/&scioq=%22waist+circumference%22+nigeria&hl=en&as_sdt=0,5&as_ylo=2006&as_yhi=2010&as_vis=1"
1,"T DAHIRU","Cardiovascular Disease Risk Factors Among Adults in Dakace Village, Zaria",2006,"PUBLIC HEALTH","dissertation.npmcn.edu.ng","http://www.dissertation.npmcn.edu.ng/index.php/FMCPH/article/view/2411","https://scholar.google.com/scholar?cites=11449463629698924994&as_sdt=2005&sciodt=0,5&hl=en",707,"2021-07-17 17:21:18","","","","",,,,,1,0.07,1,1,15,"… the second risk factor for CVD identified, as a little over 1 million Nigerians (2.2%) were … communicable diseases survey in Nigeria reported that when both parents are hypertensive or … Investigating the level of heritability of blood pressure among 510 Nigerian nuclear families …","http://www.dissertation.npmcn.edu.ng/index.php/FMCPH/article/download/2411/2494","https://scholar.google.com/scholar?q=related:woH1ZIKq5J4J:scholar.google.com/&scioq=%22waist+circumference%22+nigeria&hl=en&as_sdt=0,5&as_ylo=2006&as_yhi=2010&as_vis=1"
0,"INGC SERVANTS","ORIGINAL REPORTS: GLOBAL HEALTH",2008,"Ethnicity & Disease","Citeseer","https://citeseerx.ist.psu.edu/viewdoc/download?doi=10.1.1.610.5845&rep=rep1&type=pdf","",708,"2021-07-17 17:21:18","PDF","","","",,,,,0,0.00,0,1,13,"… Measurements included blood pressure, height, weight, and waist circumference … Demographic, life style and anthropometric correlates of blood pressure of Nigerian urban civil servants, factory … and biosocial determinants of high blood pressure in a group of urban Nigerians …","https://citeseerx.ist.psu.edu/viewdoc/download?doi=10.1.1.610.5845&rep=rep1&type=pdf","https://scholar.google.com/scholar?q=related:gpoIfgMTC0AJ:scholar.google.com/&scioq=%22waist+circumference%22+nigeria&hl=en&as_sdt=0,5&as_ylo=2006&as_yhi=2010&as_vis=1"
76,"RD Pylypchuk, LJ Schouten…","Body mass index, height, and risk of lymphatic malignancies: a prospective cohort study",2009,"American journal of …","academic.oup.com","https://academic.oup.com/aje/article-abstract/170/3/297/104245","https://scholar.google.com/scholar?cites=14228165748186600770&as_sdt=2005&sciodt=0,5&hl=en",709,"2021-07-17 17:21:18","","","","",,,,,76,6.33,25,3,12,"Abstract. The association among body mass index (BMI), height, and the risk of lymphatic malignancies was investigated in the Netherlands Cohort Study. The part.","https://academic.oup.com/aje/article/170/3/297/104245","https://scholar.google.com/scholar?q=related:QtUKKl2ZdMUJ:scholar.google.com/&scioq=%22waist+circumference%22+nigeria&hl=en&as_sdt=0,5&as_ylo=2006&as_yhi=2010&as_vis=1"
39,"JY Taylor, R Maddox, CY Wu","Genetic and environmental risks for high blood pressure among African American mothers and daughters",2009,"Biological Research for …","journals.sagepub.com","https://journals.sagepub.com/doi/abs/10.1177/1099800409334817","https://scholar.google.com/scholar?cites=1488004624532816742&as_sdt=2005&sciodt=0,5&hl=en",710,"2021-07-17 17:21:18","","10.1177/1099800409334817","","",,,,,39,3.25,13,3,12,"… for CV disease (AHA, 2005). In adults, these criteria consist of elevated triglycerides, BP, and fasting glucose; reduced high- density lipoprotein cholesterol (HDLC); and a larger waist circumference. The AHA maintains that individu …","https://www.ncbi.nlm.nih.gov/pmc/articles/pmc2877137/","https://scholar.google.com/scholar?q=related:ZsNqfVJ0phQJ:scholar.google.com/&scioq=%22waist+circumference%22+nigeria&hl=en&as_sdt=0,5&as_ylo=2006&as_yhi=2010&as_vis=1"
24,"AH El-Gilany, A El-Wehady","Prevalence of obesity in a Saudi obstetric population",2009,"Obesity facts","karger.com","https://www.karger.com/Article/Abstract/226597","https://scholar.google.com/scholar?cites=13583714947838169281&as_sdt=2005&sciodt=0,5&hl=en",711,"2021-07-17 17:21:18","","","","",,,,,24,2.00,12,2,12,"… 20 Obi SN, Obute EA: Pregnancy outcome in the obese Nigerian. Trop J Obstet Gynaecol 2004;21:32–35. 21 Wendland EMDR, Duncan BB, Mengue SS, Nucci LB, Schmidt MI: Waist circumference in the pre- diction of obesity-related adverse pregnancy out- comes …","https://www.karger.com/Article/PDF/226597","https://scholar.google.com/scholar?q=related:wdAOhMYMg7wJ:scholar.google.com/&scioq=%22waist+circumference%22+nigeria&hl=en&as_sdt=0,5&as_ylo=2006&as_yhi=2010&as_vis=1"
12,"P Huang, AT Kraja, W Tang, SC Hunt…","Factor relationships of metabolic syndrome and echocardiographic phenotypes in the HyperGEN study",2008,"Journal of …","ncbi.nlm.nih.gov","https://www.ncbi.nlm.nih.gov/pmc/articles/pmc2663576/","https://scholar.google.com/scholar?cites=14346045911492461320&as_sdt=2005&sciodt=0,5&hl=en",712,"2021-07-17 17:21:18","HTML","","","",,,,,12,0.92,2,5,13,"","https://www.ncbi.nlm.nih.gov/pmc/articles/pmc2663576/","https://scholar.google.com/scholar?q=related:CAP0db9kF8cJ:scholar.google.com/&scioq=%22waist+circumference%22+nigeria&hl=en&as_sdt=0,5&as_ylo=2006&as_yhi=2010&as_vis=1"
0,"MÁL Espinoza, PE Valenzuela","Nueva fórmula para mejorar la estimación del gasto energético basal en adultos de Chillán",2007,"Revista Chilena de Nutrición","redalyc.org","https://www.redalyc.org/pdf/469/46934407.pdf","",713,"2021-07-17 17:21:18","PDF","","","",,,,,0,0.00,0,2,14,"… Body mass index and hip and thigh circumferences are negatively associated with visceral adipose tissue after control for waist circumference (Resumen) … Activity energy expenditure and adiposity among black adults in Nigeria and the United States …","https://www.redalyc.org/pdf/469/46934407.pdf","https://scholar.google.com/scholar?q=related:LVC7MJZM1kkJ:scholar.google.com/&scioq=%22waist+circumference%22+nigeria&hl=en&as_sdt=0,5&as_ylo=2006&as_yhi=2010&as_vis=1"
0,"RP Sequeira","Central nervous system stimulants and drugs that suppress appetite",2010,"Side Effects of Drugs Annual","Elsevier","https://www.sciencedirect.com/science/article/pii/S0378608010320010","",714,"2021-07-17 17:21:18","","","","",,,,,0,0.00,0,1,11,"","","https://scholar.google.com/scholar?q=related:7ZRPpQosMTMJ:scholar.google.com/&scioq=%22waist+circumference%22+nigeria&hl=en&as_sdt=0,5&as_ylo=2006&as_yhi=2010&as_vis=1"
3,"T Belli, M Ackermann, GG Araújo, IGM dos Reis…","A PPAR-sparing insulin sensitizer is effective in type 2 diabetic patients without causing weight gain",2009,"","biro-project.eu","http://www.biro-project.eu/documents/papers/IDFMontreal09abstractbook.pdf#page=264","https://scholar.google.com/scholar?cites=12933730868881902948&as_sdt=2005&sciodt=0,5&hl=en",715,"2021-07-17 17:21:18","PDF","","","",,,,,3,0.25,1,5,12,"… 29.6%) high exercise capacity. In comparison to the patients in the low-fitness group, patients with high exercise capacity were younger, more frequently males, and had lower body mass index and waist circumference. They had a …","http://www.biro-project.eu/documents/papers/IDFMontreal09abstractbook.pdf#page=264","https://scholar.google.com/scholar?q=related:ZM01DLPXfbMJ:scholar.google.com/&scioq=%22waist+circumference%22+nigeria&hl=en&as_sdt=0,5&as_ylo=2006&as_yhi=2010&as_vis=1"
1,"SS Cohen","Select environmental and genetic determinants of adiponectin and obesity in black and white women",2010,"","cdr.lib.unc.edu","https://cdr.lib.unc.edu/concern/dissertations/z316q180v","https://scholar.google.com/scholar?cites=15148958045491935370&as_sdt=2005&sciodt=0,5&hl=en",716,"2021-07-17 17:21:18","","","","",,,,,1,0.09,1,1,11,"… to health risks. While fat distribution can be measured using imaging tools such as DEXA and CT/MRT, waist circumference and waist-to-hip ratio (WHR) are also used to measure … similar waist circumference and BMI, blacks have less visceral fat than whites (13, 18). For …","https://cdr.lib.unc.edu/downloads/8049g5193","https://scholar.google.com/scholar?q=related:irjXahTpO9IJ:scholar.google.com/&scioq=%22waist+circumference%22+nigeria&hl=en&as_sdt=0,5&as_ylo=2006&as_yhi=2010&as_vis=1"
0,"IA Brouwer, MH Raitt, C Dullemeijer, DF Kraemer…","Effect of fish oil on ventricular tachyarrhythmia in patients with implantable defibrillators: a pooled analysis",2007,"Circulation","research.vu.nl","https://research.vu.nl/files/2316492/206052.pdf","",717,"2021-07-17 17:21:18","PDF","","","",,,,,0,0.00,0,5,14,"… time (p0.004). Unadjusted Spearman correlations between SHBG and components of MetS were all significant (p.0001). In adjusted models, SHBG was predictive only of waist circumference and HDL. Conclusions. As SHBG …","https://research.vu.nl/files/2316492/206052.pdf",""
0,"Y KARASAWA","WMA General Assembly in Seoul 2008: A Resounding Success",,"med.or.jp","","https://www1.med.or.jp/english/journal/pdf/jmaj/v51no05.pdf","",718,"2021-07-17 17:21:18","PDF","","","",,,,,0,0.00,0,1,,"… From 1994 to 1995 when the former President of the Nigerian Medical Association Dr. Beko Ransome-Kuti was imprisoned by the secret military, WMA demanded a thorough explanation, immediate release and formal trial procedures …","https://www1.med.or.jp/english/journal/pdf/jmaj/v51no05.pdf","https://scholar.google.com/scholar?q=related:P0-PbJNeCQQJ:scholar.google.com/&scioq=%22waist+circumference%22+nigeria&hl=en&as_sdt=0,5&as_ylo=2006&as_yhi=2010&as_vis=1"
2,"B Aden","Dietary acculturation and increased body mass index among African immigrant women",2009,"","search.proquest.com","https://search.proquest.com/openview/13be466827b58a28069c78feba5b86b4/1?pq-origsite=gscholar&cbl=18750","https://scholar.google.com/scholar?cites=17937283763283065378&as_sdt=2005&sciodt=0,5&hl=en",719,"2021-07-17 17:21:18","","","","",,,,,2,0.17,2,1,12,"Page 1. Walden University COLLEGE OF HEALTH SCIENCES This is to certify that the doctoral dissertation by Bashir Aden has been found to be complete and satisfactory in all respects, and that any and all revisions required by the review committee have been made …","","https://scholar.google.com/scholar?q=related:InreAYwI7vgJ:scholar.google.com/&scioq=%22waist+circumference%22+nigeria&hl=en&as_sdt=0,5&as_ylo=2006&as_yhi=2010&as_vis=1"
0,"K Kotseva, C Jennings, D De Bacquer, G De Backer…","EUROASPIRE III: lifestyle and risk factor management and use of drug therapies in coronary patients from 22 countries in Europe",,"academic.oup.com","","https://academic.oup.com/eurjpc/article-abstract/15/1_suppl/S130/5933151","",720,"2021-07-17 17:21:18","","","","",,,,,0,0.00,0,5,,"… At interview, 17.2% of patients smoked cigarettes, 46.5% were overweight (BMI=255kgkg/m 2 ), 35.3% were obese (BMI=300kgkg/m 2 ), 52.7% had central obesity (waist circumference=102 cm in men or =88 cm in women), 56.0% had raised blood pressure (BP=140/900 mmHg …","",""
0,"C Kasper","Inflammatory response to a high-force eccentric exercise protocol in oral contraceptive users and non-users",2008,"","scholarworks.montana.edu","https://scholarworks.montana.edu/xmlui/handle/1/1612","",721,"2021-07-17 17:21:18","","","","",,,,,0,0.00,0,1,13,"… Page 22. 10 researchers found that the higher the estrogen level in the follicular phase, the lower the waist circumference, triglycerides, lipoprotein (a) (Lp(a)), and plasminogen-activator … waist circumference, blood pressure, triglycerides, Lp(a), insulin, PAI-1, and C-reactive …","https://scholarworks.montana.edu/xmlui/bitstream/handle/1/1612/KasperC0508.pdf?sequence=1&isAllowed=y","https://scholar.google.com/scholar?q=related:IvxQR-4SKBsJ:scholar.google.com/&scioq=%22waist+circumference%22+nigeria&hl=en&as_sdt=0,5&as_ylo=2006&as_yhi=2010&as_vis=1"
1,"TL de Araujo, MV de Oliveira Lopes…","Pressão arterial de crianças e adolescentes de uma escola pública de Fortaleza-Ceará",2007,"Acta Paulista de …","redalyc.org","https://www.redalyc.org/pdf/3070/307026615008.pdf","https://scholar.google.com/scholar?cites=14679518447844281384&as_sdt=2005&sciodt=0,5&hl=en",722,"2021-07-17 17:21:18","PDF","","","",,,,,1,0.07,0,3,14,"… 17. Han TS, van Leer EM, Seidell JC, Lean ME. Waist circumference action levels in the identification of cardiovascular risk factors: prevalence study in a random sample. BMJ … Tracking of blood pressure and anthropometric measures in Nigerian children. J Human Hypertens …","https://www.redalyc.org/pdf/3070/307026615008.pdf","https://scholar.google.com/scholar?q=related:KEyNvUAguMsJ:scholar.google.com/&scioq=%22waist+circumference%22+nigeria&hl=en&as_sdt=0,5&as_ylo=2006&as_yhi=2010&as_vis=1"
0,"IG Okpechi","Metabolic syndrome, the leptin gene and kidney disease in non-diabetic black South Africans",2008,"","open.uct.ac.za","https://open.uct.ac.za/handle/11427/3446","",723,"2021-07-17 17:21:18","","","","",,,,,0,0.00,0,1,13,"… South African demographic and health survey SADTR South Africa dialysis and transplant registry SBP Systolic blood pressure SNP Single nucleotide polymorphism T2DM Type 2 diabetes mellitus TG Triglycerides UTR Untranslated region WC Waist circumference WHO World …","https://open.uct.ac.za/bitstream/handle/11427/3446/thesis_hsf_2008_okpechi_i_g.pdf?sequence=1","https://scholar.google.com/scholar?q=related:XLAhjQKuKQsJ:scholar.google.com/&scioq=%22waist+circumference%22+nigeria&hl=en&as_sdt=0,5&as_ylo=2006&as_yhi=2010&as_vis=1"
8,"L Zabulienė, J Tutkuvienė","Kūno sandara ir policistinių kiaušidžių sindromas",2010,"Medicina","mdpi.com","https://www.mdpi.com/303692","https://scholar.google.com/scholar?cites=11282868204543476143&as_sdt=2005&sciodt=0,5&hl=en",724,"2021-07-17 17:21:18","","","","",,,,,8,0.73,4,2,11,"Page 1. 142 Medicina (Kaunas) 2010; 46(2) TĘSTINĖS MEDICINOS STUDIJOS Kūno sandara ir policistinių kiaušidžių sindromas Lina Zabulienė, Janina Tutkuvienė Vilniaus universiteto Medicinos fakulteto Anatomijos, histologijos ir antropologijos katedra …","https://www.mdpi.com/1010-660X/46/2/142/pdf","https://scholar.google.com/scholar?q=related:rwFdU9rMlJwJ:scholar.google.com/&scioq=%22waist+circumference%22+nigeria&hl=en&as_sdt=0,5&as_ylo=2006&as_yhi=2010&as_vis=1"
1,"I Warbrick","Fitness, fatness and fibre type: predicting insulin resistance in Māori: a thesis presented in partial fulfillment of the requirements for the degree of Doctor of …",2010,"","mro.massey.ac.nz","https://mro.massey.ac.nz/bitstream/handle/10179/2518/01_front.pdf","https://scholar.google.com/scholar?cites=329451239346059768&as_sdt=2005&sciodt=0,5&hl=en",725,"2021-07-17 17:21:18","PDF","","","",,,,,1,0.09,1,1,11,"… 33 2.4.2.3 Bioelectrical Impedance..... 34 2.4.2.4 Waist circumference..... 37 2.4.2.5 Skinfold thickness ..... 38 …","https://mro.massey.ac.nz/bitstream/handle/10179/2518/01_front.pdf","https://scholar.google.com/scholar?q=related:-LkIHChykgQJ:scholar.google.com/&scioq=%22waist+circumference%22+nigeria&hl=en&as_sdt=0,5&as_ylo=2006&as_yhi=2010&as_vis=1"
2,"MA Banerji, H Lebovitz","Non-Caucasian North American Populations: African Americans",2008,"The Epidemiology of Diabetes Mellitus","books.google.com","https://books.google.com/books?hl=en&lr=&id=sZODtZoWvlEC&oi=fnd&pg=PA295&dq=%22waist+circumference%22+nigeria&ots=m6fwfGfoe-&sig=fUOSGNsGti7mHT9YJ3_TX5P0YRk","https://scholar.google.com/scholar?cites=18049092607932307463&as_sdt=2005&sciodt=0,5&hl=en",726,"2021-07-17 17:21:18","","","","",,,,,2,0.15,1,2,13,"… [63] found similar results in nondiabetic African American but not white men. Karter reported an association of insulin resistance (SI derived from FSIVGTT) and waist circumference among African Americans which was weaker than in Hispanics and whites [62] …","","https://scholar.google.com/scholar?q=related:BxjvRRlCe_oJ:scholar.google.com/&scioq=%22waist+circumference%22+nigeria&hl=en&as_sdt=0,5&as_ylo=2006&as_yhi=2010&as_vis=1"
0,"PREEMD SUBSEQUENT","DP15-08 TREND OF FOOD INTAKE AND NUTRITIONAL STATUS OF INDONESIANS",,"researchgate.net","","https://www.researchgate.net/profile/Hala-Al-Otaibi/publication/264235142_AN_EDUCATIONAL_INTERVENTION_IMPROVES_DIET_AND_LIFESTYLE_RISK_FACTORS_FOR_BREAST_CANCER/links/53d3968b0cf220632f3cd36b/AN-EDUCATIONAL-INTERVENTION-IMPROVES-DIET-AND-LIFESTYLE-RISK-FACTORS-FOR-BREAST-CANCER.pdf","",727,"2021-07-17 17:21:18","PDF","","","",,,,,0,0.00,0,1,,"Page 1. 153 DP15-08 TREND OF FOOD INTAKE AND NUTRITIONAL STATUS OF INDONESIANS R. Hardinsyah Human Ecology (FEMA) IPB, Bogor, IDN Indonesia is one of the large developing countries and is now facing epidemiologic transition …","https://www.researchgate.net/profile/Hala-Al-Otaibi/publication/264235142_AN_EDUCATIONAL_INTERVENTION_IMPROVES_DIET_AND_LIFESTYLE_RISK_FACTORS_FOR_BREAST_CANCER/links/53d3968b0cf220632f3cd36b/AN-EDUCATIONAL-INTERVENTION-IMPROVES-DIET-AND-LIFESTYLE-RISK-FACTORS-FOR-BREAST-CANCER.pdf",""
21,"WJ Hwang","Cardiovascular disease in Korean blue-collar workers: Actual risk, risk perception, and risk reduction behavior",2010,"","escholarship.org","https://escholarship.org/uc/item/0jz50287","https://scholar.google.com/scholar?cites=1432236016747407590&as_sdt=2005&sciodt=0,5&hl=en",728,"2021-07-17 17:21:18","","","","",,,,,21,1.91,21,1,11,"Page 1. UCSF UC San Francisco Electronic Theses and Dissertations Title Cardiovascular Disease in Korean Blue-Collar Workers: Actual Risk, Risk Perception, and Risk Reduction Behavior Permalink https://escholarship.org/uc/item/0jz50287 Author Hwang, Won Ju …","https://escholarship.org/content/qt0jz50287/qt0jz50287.pdf","https://scholar.google.com/scholar?q=related:5ui_pBFT4BMJ:scholar.google.com/&scioq=%22waist+circumference%22+nigeria&hl=en&as_sdt=0,5&as_ylo=2006&as_yhi=2010&as_vis=1"
0,"T Dapilah","The Chemical Pathology of Leiomyoma",2009,"","dspace.knust.edu.gh","http://dspace.knust.edu.gh/handle/123456789/1438","",729,"2021-07-17 17:21:18","","","","",,,,,0,0.00,0,1,12,"… 113 3.2.5.2 Height..... 113 3.2.5.3 Waist Circumference … WBC – white blood cell WC – waist circumference WHR – waist-to-hip ratio Page 17 …","http://dspace.knust.edu.gh/bitstream/123456789/1438/1/THE%20CHEMICAL%20PATHOLOGY%20OF%20LEIOMYOMA.pdf","https://scholar.google.com/scholar?q=related:0Xcd678UBB4J:scholar.google.com/&scioq=%22waist+circumference%22+nigeria&hl=en&as_sdt=0,5&as_ylo=2006&as_yhi=2010&as_vis=1"
0,"M GITAHI THEURI","DIFFERENCES IN CARDIOVASCULAR DISEASE, BIOCHEMICAL RISK MARKERS, PHYSICAL ACTIVITY AND NUTRITION BETWEEN AN URBAN AND …",2006,"","ir-library.ku.ac.ke","http://ir-library.ku.ac.ke/bitstream/handle/123456789/4136/Differences%20in%20CVD_%20CVD%20Bio%20risk%20markers_%20Nutrition%20&%20Physic.pdf?sequence=3","",730,"2021-07-17 17:21:18","PDF","","","",,,,,0,0.00,0,1,15,"… METS Metabolic equivalents MUAC Middle Upper Arm Circumference RHD Rheumatic Heart Disease WC Waist Circumference WHO World Heath Organization WHR This is the ratio of the waist circumference to the Hip circumference Page 16. xvi ABSTRACT …","http://ir-library.ku.ac.ke/bitstream/handle/123456789/4136/Differences%20in%20CVD_%20CVD%20Bio%20risk%20markers_%20Nutrition%20&%20Physic.pdf?sequence=3","https://scholar.google.com/scholar?q=related:j8W_CkBNhEQJ:scholar.google.com/&scioq=%22waist+circumference%22+nigeria&hl=en&as_sdt=0,5&as_ylo=2006&as_yhi=2010&as_vis=1"
1,"J ProhensTomás, F Nuez, MJ Carena","Handbook of Plant Breeding",2009,"","researchgate.net","https://www.researchgate.net/profile/Francesca-Sparvoli/publication/292577655_Nutritional_value_of_legumes/links/56af502d08aeaa696f2fe394/Nutritional-value-of-legumes.pdf","https://scholar.google.com/scholar?cites=16554932433061855546&as_sdt=2005&sciodt=0,5&hl=en",731,"2021-07-17 17:21:18","PDF","","","",,,,,1,0.08,0,3,12,"… 435 Page 12. xiii Contributors Michael Abberton International Institute of Tropical Agriculture, Ibadan, Nigeria … Ousmane Boukar International Institute of Tropical Agriculture, Cowpea Breeding Unit, Kano, Kano, Nigeria Page 13. xiv Contributors …","https://www.researchgate.net/profile/Francesca-Sparvoli/publication/292577655_Nutritional_value_of_legumes/links/56af502d08aeaa696f2fe394/Nutritional-value-of-legumes.pdf","https://scholar.google.com/scholar?q=related:OsE-CVbvvuUJ:scholar.google.com/&scioq=%22waist+circumference%22+nigeria&hl=en&as_sdt=0,5&as_ylo=2006&as_yhi=2010&as_vis=1"
0,"S Sans, A Zielinski, K Szamotulska","IEA-EEF European Congress of Epidemiology 2009",2009,"Eur J Epidemiol","Springer","https://link.springer.com/content/pdf/10.1007/s10654-009-9380-5.pdf","",732,"2021-07-17 17:21:18","","10.1007/s10654-009-9380-5","","",,,,,0,0.00,0,3,12,"… Ireland 2 2 1 1 Israel 2 2 1 1 Italy 24 21 10 11 Kuwait 1 1 1 0 Latvia 1 1 1 0 Lithuania 3 3 2 1 Morocco 2 2 1 1 Netherlands 3 3 0 3 Nigeria 6 2 2 0 Norway 10 9 1 8 Philippines 4 2 2 0 Poland 37 34 21 13 Portugal 16 16 4 12 Romania 2 2 2 0 Russia 2 2 1 1 Serbia 3 3 3 0 …","",""
1,"IJ Katz","An evaluation of a chronic disease outreach program (CDOP)-a primary care and tertiary care kidney and cardiovascular prevention, detection and …",2010,"","core.ac.uk","https://core.ac.uk/download/pdf/39667886.pdf","https://scholar.google.com/scholar?cites=18294390120942476942&as_sdt=2005&sciodt=0,5&hl=en",733,"2021-07-17 17:21:18","PDF","","","",,,,,1,0.09,1,1,11,"Page 1. An Evaluation of a Chronic Disease Outreach Program (CDOP) – A Primary Care and Tertiary Care Kidney and Cardiovascular Prevention, Detection and Management Program Ivor Jonathan Katz A thesis submitted …","https://core.ac.uk/download/pdf/39667886.pdf","https://scholar.google.com/scholar?q=related:jh4xHeO64v0J:scholar.google.com/&scioq=%22waist+circumference%22+nigeria&hl=en&as_sdt=0,5&as_ylo=2006&as_yhi=2010&as_vis=1"
0,"S Anthonsen","Studies of genetic variants in AHI1, UCP2, and LMNA in relation to type 2 diabetes and obesity",2008,"","Citeseer","http://citeseerx.ist.psu.edu/viewdoc/download?doi=10.1.1.605.3494&rep=rep1&type=pdf","",734,"2021-07-17 17:21:18","PDF","","","",,,,,0,0.00,0,1,13,"… Thus, knowledge of the fat distribution accumulation is important for optimisation of BMI measurements, therefore it is advantageous to use BMI in conjunction with waist circumference or the ratio of waist-to-hip as these anthropometric measures correlate well with intra …","http://citeseerx.ist.psu.edu/viewdoc/download?doi=10.1.1.605.3494&rep=rep1&type=pdf","https://scholar.google.com/scholar?q=related:efEkZOEknaQJ:scholar.google.com/&scioq=%22waist+circumference%22+nigeria&hl=en&as_sdt=0,5&as_ylo=2006&as_yhi=2010&as_vis=1"
0,"S BAKANLIĞI, UZMDRM KÜÇÜK","OTOZOMAL DOMİNANT POLİKİSTİK BÖBREK HASTALARINDA İNSULİN DİRENCİNİN DEĞERLENDİRİLMESİ",,"istanbulsaglik.gov.tr","","http://istanbulsaglik.gov.tr/w/tez/pdf/aile_hekimligi/dr_sohret_tuna.pdf","",735,"2021-07-17 17:21:18","PDF","","","",,,,,0,0.00,0,2,,"… Patients' weight, height and anthropo-plicometric (neck circumference, arm circumference, waist circumference, hip circumference, triceps, biceps … were heavier (average 84,33 kg), had larger waist circumference (average 105,17 cm), had higher BMI (average 31 kg/m2) …","http://istanbulsaglik.gov.tr/w/tez/pdf/aile_hekimligi/dr_sohret_tuna.pdf","https://scholar.google.com/scholar?q=related:qyMzrpX3lXIJ:scholar.google.com/&scioq=%22waist+circumference%22+nigeria&hl=en&as_sdt=0,5&as_ylo=2006&as_yhi=2010&as_vis=1"
0,"AH Al-Naemi","Serum magnesium in diabetic retinopathy: relation to glycated haemoglobin and lipid profile",2008,"Iraqi Journal of Pharmacy","iphr.mosuljournals.com","https://iphr.mosuljournals.com/article_50097.html","",736,"2021-07-17 17:21:18","","","","",,,,,0,0.00,0,1,13,"Page 1. Irq J Pharm Vol. ٧&٨, No.١, ٢٠٠٨ ٢٠٠٨ Mosul College of Pharmacy ٥٧ Serum magnesium in diabetic retinopathy: relation to glycated haemoglobin and lipid profile Amjad H. Al- Naemi Department of Biochemistry, College of Medicine, University of Mosul …","https://iphr.mosuljournals.com/article_50097_0e8f195d460ff3dd0f564b0dd7a8e957.pdf",""
14,"JY Yeon, YJ Bae","Evaluation of nutrient and food intake status, and dietary quality-Focused on comparison with overweight and normal female university students",2010,"The Korean Journal of Food And Nutrition","koreascience.or.kr","https://www.koreascience.or.kr/article/JAKO201016450095236.page","https://scholar.google.com/scholar?cites=16874451228427969650&as_sdt=2005&sciodt=0,5&hl=en",737,"2021-07-17 17:21:18","","","","",,,,,14,1.27,7,2,11,"Page 1. Korean J. Food & Nutr. Vol. 23. No. 4, 453～461 (2010) THE KOREAN JOURNAL OF 한국식품영양학회지 FOOD AND NUTRITION - 453 - 서울 지역 여대생의 식사 섭취 상태 및 식사의 질 평가 -과체중군과 정상군의 비교를 중심으로 …","https://www.koreascience.or.kr/article/JAKO201016450095236.pdf","https://scholar.google.com/scholar?q=related:cmQa0vwXLuoJ:scholar.google.com/&scioq=%22waist+circumference%22+nigeria&hl=en&as_sdt=0,5&as_ylo=2006&as_yhi=2010&as_vis=1"
0,"OE OJO","A STUDY OF THE CARDIOVASCULAR RISK FACTORS IN CHRONIC KIDNEY DISEASE PATIENTS",2007,"Faculty of INTERNAL MEDICINE","dissertation.npmcn.edu.ng","http://www.dissertation.npmcn.edu.ng/index.php/FMCP/article/download/575/624","",738,"2021-07-17 17:21:18","PDF","","","",,,,,0,0.00,0,1,14,"… populations. Data on cardiovascular risk profile in Nigerians with CKD is however lacking … Nigeria, found that all groups are at risk of atherosclerosis given the high total cholesterol(38) … Nigerian diabetic persons with ESRD compared to their non- diabetic controls …","http://www.dissertation.npmcn.edu.ng/index.php/FMCP/article/download/575/624","https://scholar.google.com/scholar?q=related:6C8K7pr6p_EJ:scholar.google.com/&scioq=%22waist+circumference%22+nigeria&hl=en&as_sdt=0,5&as_ylo=2006&as_yhi=2010&as_vis=1"
1,"MJ Carter","Male obesity: a qualitative study of clinical attitudes and perspectives",2008,"","scholarworks.smith.edu","https://scholarworks.smith.edu/theses/1222/","https://scholar.google.com/scholar?cites=1648543767550697293&as_sdt=2005&sciodt=0,5&hl=en",739,"2021-07-17 17:21:18","","","","",,,,,1,0.08,1,1,13,"… accepted by the CDC at the National Institute of Health. There are other means to measure obesity among them are skin fold thickness and waist circumference, calculation of waist-to-hip circumference ratios, and techniques such as ultrasound, computed …","https://scholarworks.smith.edu/cgi/viewcontent.cgi?article=2299&context=theses","https://scholar.google.com/scholar?q=related:TR-LfdLN4BYJ:scholar.google.com/&scioq=%22waist+circumference%22+nigeria&hl=en&as_sdt=0,5&as_ylo=2006&as_yhi=2010&as_vis=1"
811,"MS Bray, JM Hagberg, L Perusse…","The human gene map for performance and health-related fitness phenotypes: the 2006-2007 update",2009,"… & Science in …","geneqol-consortium.org","https://geneqol-consortium.org/wp-content/uploads/sites/9/2013/07/Bray_Human-gene-map-for-performance-2006-2007-update_Med-Sci-Sports-Everc-2009.pdf","https://scholar.google.com/scholar?cites=16199643653002246833&as_sdt=2005&sciodt=0,5&hl=en",740,"2021-07-17 17:21:18","PDF","","","",,,,,811,67.58,203,4,12,"Page 1. Copyright @ 200 by the American College of Sports Medicine. Unauthorized reproduction of this article is prohibited. 8 The Human Gene Map for Performance and Health-Related Fitness Phenotypes: The 2006–2007 Update …","https://geneqol-consortium.org/wp-content/uploads/sites/9/2013/07/Bray_Human-gene-map-for-performance-2006-2007-update_Med-Sci-Sports-Everc-2009.pdf","https://scholar.google.com/scholar?q=related:sTocsRKy0OAJ:scholar.google.com/&scioq=%22waist+circumference%22+nigeria&hl=en&as_sdt=0,5&as_ylo=2006&as_yhi=2010&as_vis=1"
0,"X Jia","Effect of n-3 fatty acid supplementation in a low-fat diet on potential breast cancer risk factors in healthy pre-menopausal women",2006,"","atrium.lib.uoguelph.ca","http://atrium.lib.uoguelph.ca/xmlui/handle/10214/22149","",741,"2021-07-17 17:21:18","","","","",,,,,0,0.00,0,1,15,"… and lowest incidence of breast cancer. Breast cancer incidence is significantly lower in Japan, Thailand, Nigeria, and India compared to Denmark, New Zealand, UK and the United States. (Figure 1). More specifically, migration …","https://atrium.lib.uoguelph.ca/xmlui/bitstream/handle/10214/22149/Jia_Xiaoyuan_MSc.pdf?sequence=1","https://scholar.google.com/scholar?q=related:uvfryLENoh8J:scholar.google.com/&scioq=%22waist+circumference%22+nigeria&hl=en&as_sdt=0,5&as_ylo=2006&as_yhi=2010&as_vis=1"
0,"JAO Ojewole, DR Kamadyaapa, CT Musabayane","ISHIB2006 ABSTRACT PRESENTATIONS AS PRESENTED AT THE 21ST ANNUAL INTERNATIONAL INTERDISCIPLINARY CONFERENCE ON …",,"ethndis.org","","https://ethndis.org/priorsuparchives/ethn-17-03s4-13.pdf","",742,"2021-07-17 17:21:18","PDF","","","",,,,,0,0.00,0,3,,"… 006 LEFT ATRIAL DIMENSIONS AND FUNCTION AND LEFT VENTRICULAR GEOMETRY AND FUNCTION IN NEWLY DIAGNOSED NIGERIAN HYPERTENSIVES AK Adebayo; OO Ogunleye; OO Oladapo; A Adebiyi; OS Ogah; DB Ojji; AM Adeoye; K Ochulor; EO Enakpene …","https://ethndis.org/priorsuparchives/ethn-17-03s4-13.pdf",""
0,"جملات يوسف عودة المجدلاوي","معرفة العوامل المصاحبة للسمنة ووضع التوصيات اللازمة‎",,"2008‎","dspace.alquds.edu","https://dspace.alquds.edu/bitstream/handle/20.500.12213/5649/MT_2008_20512059_8081.pdf?sequence=1","",743,"2021-07-17 17:21:18","PDF","","","",,,,,0,0.00,0,1,,"Page 1. 1 سدﻘﻟا ﺔﻌﻣﺎﺟ ﺔﻣﺎﻌﻟا ﺔـﺣﺻﻟا ﺔــﯾﻟﮐ ﺔﺣﺻﻟا ةرازو School of Public Health سدﻘﻟا - نﯾطﺳﻟﻓ Deanship of Graduate Studies Al-Quds University Determinants of Obesity among Married Women Attended Mother and Child Health Clinics - Gaza Jamalat Al-Majdalawi MPH Thesis …","https://dspace.alquds.edu/bitstream/handle/20.500.12213/5649/MT_2008_20512059_8081.pdf?sequence=1","https://scholar.google.com/scholar?q=related:E6RFasJL5fQJ:scholar.google.com/&scioq=%22waist+circumference%22+nigeria&hl=en&as_sdt=0,5&as_ylo=2006&as_yhi=2010&as_vis=1"
0,"KS Vimaleswaran, RJF Loos","Genetics of Obesity and Diabetes",2010,"Handbook of Behavioral Medicine","Springer","https://link.springer.com/chapter/10.1007/978-0-387-09488-5_33","",744,"2021-07-17 17:21:18","","10.1007/978-0-387-09488-5_33","","",,,,,0,0.00,0,2,11,"Obesity and diabetes have become a global epidemic causing new clinical and public health challenges worldwide. Both conditions are heritable and arise from the combined effects of and interactions...","","https://scholar.google.com/scholar?q=related:aPA4s-u0FCAJ:scholar.google.com/&scioq=%22waist+circumference%22+nigeria&hl=en&as_sdt=0,5&as_ylo=2006&as_yhi=2010&as_vis=1"
50,"K Ding, IJ Kullo","Genome-wide association studies for atherosclerotic vascular disease and its risk factors",2009,"Circulation: Cardiovascular Genetics","Am Heart Assoc","https://www.ahajournals.org/doi/abs/10.1161/CIRCGENETICS.108.816751","https://scholar.google.com/scholar?cites=6105378949074678824&as_sdt=2005&sciodt=0,5&hl=en",745,"2021-07-17 17:21:18","","10.1161/CIRCGENETICS.108.816751","","",,,,,50,4.17,25,2,12,"… Figure 1. Commercially available fixed marker arrays and their estimated coverage. YRI indicates Yoruba in Ibadan, Nigeria; CEU, Utah residents with ancestry from northern and western Europe; CHB, Han Chinese in Beijing; JPT, Japanese in Tokyo …","https://www.ahajournals.org/doi/full/10.1161/CIRCGENETICS.108.816751","https://scholar.google.com/scholar?q=related:KHS-ds6pulQJ:scholar.google.com/&scioq=%22waist+circumference%22+nigeria&hl=en&as_sdt=0,5&as_ylo=2006&as_yhi=2010&as_vis=1"
0,"A Maria de Carvalho Albuquerque Melo","Estudo comparativo da antropometria e do DXA: uma nova equação de predição para avaliação da gordura centralizada em homens adultos jovens",2006,"","repositorio.ufpe.br","https://repositorio.ufpe.br/handle/123456789/8835","",746,"2021-07-17 17:21:18","","","","",,,,,0,0.00,0,1,15,"… Diabete Metabolism, v. 20, n.4, p. 375-393, 1994. Pouliot, MC et al, Waist circumference and abdominal sagittal diameter: best simple anthropometric índices of abdominal visceral tissue accumulations and related cardiovascular risk in men and women …","https://repositorio.ufpe.br/bitstream/123456789/8835/1/arquivo8577_1.pdf","https://scholar.google.com/scholar?q=related:f26gEuxOWSoJ:scholar.google.com/&scioq=%22waist+circumference%22+nigeria&hl=en&as_sdt=0,5&as_ylo=2006&as_yhi=2010&as_vis=1"
31,"KO Sarri, S Higgins, AG Kafatos","Are religions “healthy”? A review on religious recommendations on diet and lifestyle",2006,"Ecology, Culture, Nutrition …","researchgate.net","https://www.researchgate.net/profile/Katerina-Sarri-3/publication/228630460_Are_Religions_Healthy_A_Review_on_Religious_Recommendations_on_Diet_and_Lifestyle/links/59cb4ddc45851556e982a66a/Are-Religions-Healthy-A-Review-on-Religious-Recommendations-on-Diet-and-Lifestyle.pdf","https://scholar.google.com/scholar?cites=18191889456462189923&as_sdt=2005&sciodt=0,5&hl=en",747,"2021-07-17 17:21:18","PDF","","","",,,,,31,2.07,10,3,15,"… 1.3% non-VEGs). Non-VEGs. Famodu Seventh-Day Nigeria V egetarians VEGs: no Association of diet … VEGs (p<0.05). vegetarians (n=40). caffeinated as a risk factor for VEGs had lower BMI and waist circumference than SEMI- 18-60y of age beverages. vascular diseases …","https://www.researchgate.net/profile/Katerina-Sarri-3/publication/228630460_Are_Religions_Healthy_A_Review_on_Religious_Recommendations_on_Diet_and_Lifestyle/links/59cb4ddc45851556e982a66a/Are-Religions-Healthy-A-Review-on-Religious-Recommendations-on-Diet-and-Lifestyle.pdf","https://scholar.google.com/scholar?q=related:Y1WabROTdvwJ:scholar.google.com/&scioq=%22waist+circumference%22+nigeria&hl=en&as_sdt=0,5&as_ylo=2006&as_yhi=2010&as_vis=1"
0,"ED Williams","Psychosocial factors related to cardiovascular disease risk in UK South Asian men and women",2008,"","search.proquest.com","https://search.proquest.com/openview/a4378865d09de85d050ea949bf0ce7e5/1?pq-origsite=gscholar&cbl=2026366","",748,"2021-07-17 17:21:18","BOOK","","","",,,,,0,0.00,0,1,13,"Page 1. REFERENCE ONLY 2809585829 UNIVERSITY OF LONDON THESIS Degree Year 2oCP Name of Author £ HIL^/ LJi LU v ^ ^ COPYRIGHT This is a thesis accepted for a Higher Degree of the University of London. It …","","https://scholar.google.com/scholar?q=related:Q0xfG68dAwQJ:scholar.google.com/&scioq=%22waist+circumference%22+nigeria&hl=en&as_sdt=0,5&as_ylo=2006&as_yhi=2010&as_vis=1"
294,"M Shekar, R Heaver, YK Lee","Repositioning nutrition as central to development: A strategy for large scale action",2006,"","books.google.com","https://books.google.com/books?hl=en&lr=&id=PRPc32wCLjMC&oi=fnd&pg=PR3&dq=%22waist+circumference%22+nigeria&ots=Vd2oFrOvwx&sig=67bMkWcgyk96DmAALWYteYBNqHQ","https://scholar.google.com/scholar?cites=13259157975550835504&as_sdt=2005&sciodt=0,5&hl=en",749,"2021-07-17 17:21:18","BOOK","","","",,,,,294,19.60,98,3,15,"… It is in all our interests to take away the cause of this anger.” —President Olusegun Obasanjo of Nigeria, The Guardian, June 23, 2005 (UK) viii Page 11. Foreword Malnutrition remains the world's most serious health problem and the single biggest contributor to child mortality …","https://books.google.com/books?hl=en&lr=&id=PRPc32wCLjMC&oi=fnd&pg=PR3&dq=%22waist+circumference%22+nigeria&ots=Vd2oFrOvwx&sig=67bMkWcgyk96DmAALWYteYBNqHQ","https://scholar.google.com/scholar?q=related:MLt-we39AbgJ:scholar.google.com/&scioq=%22waist+circumference%22+nigeria&hl=en&as_sdt=0,5&as_ylo=2006&as_yhi=2010&as_vis=1"
0,"R Waisberg","Metabolic and hormonal studies in South African women of Indian and African origin",2009,"","Citeseer","https://citeseerx.ist.psu.edu/viewdoc/download?doi=10.1.1.917.3556&rep=rep1&type=pdf","",750,"2021-07-17 17:21:18","PDF","","","",,,,,0,0.00,0,1,12,"Page 1. METABOLIC AND HORMONAL STUDIES IN SOUTH AFRICAN WOMEN OF INDIAN AND AFRICAN ORIGIN Rita Waisberg A thesis submitted to the Faculty of Health Sciences, University of the Witwatersrand, Johannesburg …","https://citeseerx.ist.psu.edu/viewdoc/download?doi=10.1.1.917.3556&rep=rep1&type=pdf","https://scholar.google.com/scholar?q=related:VE9FmHJdPbUJ:scholar.google.com/&scioq=%22waist+circumference%22+nigeria&hl=en&as_sdt=0,5&as_ylo=2006&as_yhi=2010&as_vis=1"
29,"K Asakura, S Sasaki, K Murakami, Y Takahashi…","Iron intake does not significantly correlate with iron deficiency among young Japanese women: a cross-sectional study",2009,"Public health …","cambridge.org","https://www.cambridge.org/core/journals/public-health-nutrition/article/iron-intake-does-not-significantly-correlate-with-iron-deficiency-among-young-japanese-women-a-crosssectional-study/EF5AF6991C08962D3A1D42C231EE41FC","https://scholar.google.com/scholar?cites=1025365534158429461&as_sdt=2005&sciodt=0,5&hl=en",751,"2021-07-17 17:21:18","","","","",,,,,29,2.42,6,5,12,"Page 1. Public Health Nutrition: 12(9), 1373–1383 doi:10.1017/S1368980008004072 Iron intake does not significantly correlate with iron deficiency among young Japanese women: a cross-sectional study Keiko Asakura1, Satoshi …","https://www.cambridge.org/core/services/aop-cambridge-core/content/view/EF5AF6991C08962D3A1D42C231EE41FC/S1368980008004072a.pdf/iron-intake-does-not-significantly-correlate-with-iron-deficiency-among-young-japanese-women-a-cross-sectional-study.pdf","https://scholar.google.com/scholar?q=related:FR1xTIXUOg4J:scholar.google.com/&scioq=%22waist+circumference%22+nigeria&hl=en&as_sdt=0,5&as_ylo=2006&as_yhi=2010&as_vis=1"
0,"AG Kazaks","The relationship of asthma, magnesium status and inflammatory responses is influenced by gender and body mass index",2006,"","search.proquest.com","https://search.proquest.com/openview/2b4239f47e800e3e6b654432270b9145/1?pq-origsite=gscholar&cbl=18750&diss=y","",752,"2021-07-17 17:21:18","BOOK","","","",,,,,0,0.00,0,1,15,"… In a case-control study in Nigeria, individuals with stable asthma had significantly lower plasma Mg concentration than healthy controls (Oladipo et al … ""Sex specificity of asthma associated with objectively measured body mass index and waist circumference: the Humboldt study …","","https://scholar.google.com/scholar?q=related:zA6oFupXzvIJ:scholar.google.com/&scioq=%22waist+circumference%22+nigeria&hl=en&as_sdt=0,5&as_ylo=2006&as_yhi=2010&as_vis=1"
657,"P Alonso-Magdalena, S Morimoto…","The Estrogenic Effect of Bisphenol A Disrupts Pancreatic β-Cell Function In Vivo and Induces Insulin Resistance",2006,"Environmental …","ehp.niehs.nih.gov","https://ehp.niehs.nih.gov/doi/abs/10.1289/ehp.8451","https://scholar.google.com/scholar?cites=4753800774485064943&as_sdt=2005&sciodt=0,5&hl=en",753,"2021-07-17 17:21:18","","10.1289/ehp.8451","","",,,,,657,43.80,219,3,15,"The function of the pancreatic β-cell is the storage and release of insulin, the main hormone involved in blood glucose homeostasis. The results in this article show that the widespread environment...","https://ehp.niehs.nih.gov/doi/full/10.1289/ehp.8451?url_ver=Z39.88-2003&rfr_id=ori:rid:crossref.org&rfr_dat=cr_pub%3Dpubmed","https://scholar.google.com/scholar?q=related:77woIJ7k-EEJ:scholar.google.com/&scioq=%22waist+circumference%22+nigeria&hl=en&as_sdt=0,5&as_ylo=2006&as_yhi=2010&as_vis=1"
14,"J de Souza Machado, VV de Souza…","Perfil nutricional e funcional de idosos atendidos em um ambulatório de Nutrição da Policlínica José Paranhos Fontenelle na cidade do Rio de Janeiro",2006,"Estudos …","seer.ufrgs.br","https://www.seer.ufrgs.br/RevEnvelhecer/article/view/4797","https://scholar.google.com/scholar?cites=8282959418651944065&as_sdt=2005&sciodt=0,5&hl=en",754,"2021-07-17 17:21:18","","","","",,,,,14,0.93,5,3,15,"… HAN, Thang S. et al. Waist Circumference Action Levels in the Identification of Cardiovascular Risk Factors Prevalence Study in a Random Sample … Body Fat Distribution and Other Anthropometric Blood Pressure Correlates in a Nigerian Urban Elderly Population …","https://www.seer.ufrgs.br/RevEnvelhecer/article/download/4797/2702","https://scholar.google.com/scholar?q=related:gaS5zbT78nIJ:scholar.google.com/&scioq=%22waist+circumference%22+nigeria&hl=en&as_sdt=0,5&as_ylo=2006&as_yhi=2010&as_vis=1"
0,"ATHIN ONTARIO","O-001 HEPATITIS C SCREENING AND TREATMENT AMONG DRUG USERS IN AMSTERDAM: INTERIM RESULTS OF THE DUTCH C PROJECT. CEA …",,"media.nyam.org","","https://media.nyam.org/filer_public/28/9d/289dcf0e-87c7-451a-806e-3525c861de86/icuh_2006_amsterdam_oral_presentations.pdf","",755,"2021-07-17 17:21:18","PDF","","","",,,,,0,0.00,0,1,,"… Analyses included: 1. Mass Index (BMI) and Waist Circumference (WC) and their combination to define nutritional risk and to estimate prevalence of overweight and obesity; 2. Validity test and discriminatory power for obesity using: body mass index (BMI), waist circumference …","https://media.nyam.org/filer_public/28/9d/289dcf0e-87c7-451a-806e-3525c861de86/icuh_2006_amsterdam_oral_presentations.pdf",""
9,"CSM Mbacké, JF Phillips","Lon gi tu di nal Com mu nity Stud ies in Af rica: Challenges and Con tri bu tions to Health Re search",2008,"Asia-Pacific Population Journal","researchgate.net","https://www.researchgate.net/profile/Rosalia-Sciortino/publication/282359038_Understanding_Health_and_Population_Over_Time/links/56751db508ae125516e3e465/Understanding-Health-and-Population-Over-Time.pdf#page=25","https://scholar.google.com/scholar?cites=2625278861718816801&as_sdt=2005&sciodt=0,5&hl=en",756,"2021-07-17 17:21:18","PDF","","","",,,,,9,0.69,5,2,13,"… environmental class with some confidence.”(Tatem and others, 2006). The initiation of additional sites in Nigeria and in central Africa would definitely provide better coverage. Challenges and Africa's contribution to addressing them Data …","https://www.researchgate.net/profile/Rosalia-Sciortino/publication/282359038_Understanding_Health_and_Population_Over_Time/links/56751db508ae125516e3e465/Understanding-Health-and-Population-Over-Time.pdf#page=25","https://scholar.google.com/scholar?q=related:IYgXJTfdbiQJ:scholar.google.com/&scioq=%22waist+circumference%22+nigeria&hl=en&as_sdt=0,5&as_ylo=2006&as_yhi=2010&as_vis=1"
20,"FA Sloan, H Gelband","The cancer burden in low-and middle-income countries and how it is measured",2007,"Cancer control opportunities in low-and …","ncbi.nlm.nih.gov","https://www.ncbi.nlm.nih.gov/books/NBK54028/","https://scholar.google.com/scholar?cites=5115982032028012845&as_sdt=2005&sciodt=0,5&hl=en",757,"2021-07-17 17:21:18","HTML","","","",,,,,20,1.43,10,2,14,"… Step 1 plus physical measurements: Simple physical measurements are added to step 1, including at least blood pressure, height, weight, and waist circumference … Survival following treatment of primary breast cancer in eastern Nigeria. East African Medical Journal …","https://www.ncbi.nlm.nih.gov/books/NBK54028/","https://scholar.google.com/scholar?q=related:LZFPcI2e_0YJ:scholar.google.com/&scioq=%22waist+circumference%22+nigeria&hl=en&as_sdt=0,5&as_ylo=2006&as_yhi=2010&as_vis=1"
3,"JR Warren, KJ Day, C Paton, DE Warren…","Implementations of health information technologies with consumers as users: findings from a systematic review",2010,"Health Care and …","academia.edu","https://www.academia.edu/download/30686330/Warren_PAll.pdf","https://scholar.google.com/scholar?cites=6560574952343500402&as_sdt=2005&sciodt=0,5&hl=en",758,"2021-07-17 17:21:18","PDF","","","",,,,,3,0.27,1,5,11,"… healthy action (self-reported 10-week abstinence at 12-week follow-up after tailored behavioral support [34]; talking more to family [but not physicians] about smoking [33]; reduced bodyweight [measured by researchers] and, for completers, waist circumference, fat intake and …","https://www.academia.edu/download/30686330/Warren_PAll.pdf","https://scholar.google.com/scholar?q=related:cnbC5CjYC1sJ:scholar.google.com/&scioq=%22waist+circumference%22+nigeria&hl=en&as_sdt=0,5&as_ylo=2006&as_yhi=2010&as_vis=1"
0,"J de Sousa Machado, VV de Souza, S de Oliveira Silva…","Atenção primária à saúde: perfil nutricional e funcional de idosos",,"saocamilo-sp.br","","http://www.saocamilo-sp.br/pdf/mundo_saude/55/11_perfil_nutricional_e_funcional.pdf","",759,"2021-07-17 17:21:18","PDF","","","",,,,,0,0.00,0,4,,"… British Med. J. 1995; 3111:1401-1405. Han, TS, Richmond P, Lean MEJ. Waist circumference reduction and cardiovascular benefits during weight loss in women. Inter- national J. Obesity 1997; 21:127-134. Instituto Brasileiro de Geografia e Estatística, IBGE; 2002 …","http://www.saocamilo-sp.br/pdf/mundo_saude/55/11_perfil_nutricional_e_funcional.pdf","https://scholar.google.com/scholar?q=related:4F5P_B5GZXEJ:scholar.google.com/&scioq=%22waist+circumference%22+nigeria&hl=en&as_sdt=0,5&as_ylo=2006&as_yhi=2010&as_vis=1"
1,"SL Kjos","Choosing the Optimal Contraceptive Method in Women With Medical Disease",2006,"The Handbook of Contraception","Springer","https://link.springer.com/chapter/10.1007/978-1-59745-150-5_15","https://scholar.google.com/scholar?cites=10120686802739407388&as_sdt=2005&sciodt=0,5&hl=en",760,"2021-07-17 17:21:18","","10.1007/978-1-59745-150-5_15","","",,,,,1,0.07,1,1,15,"… 85 mmHg, fasting newborn morbidities. glucose 110 mg/dL, waist circumference >35 in. Health surveillance: need annual screening for diabetes: fasting serum glucose. 100 mg/dL: impaired, proceed to 2H oGTT. Fasting serum glucose >126 mg/dL: diabetes …","https://www.researchgate.net/profile/Susan-Ballagh-2/publication/226164976_Contraceptive_Ring/links/02bfe50f0ee2db064d000000/Contraceptive-Ring.pdf#page=270","https://scholar.google.com/scholar?q=related:HCpEgAbnc4wJ:scholar.google.com/&scioq=%22waist+circumference%22+nigeria&hl=en&as_sdt=0,5&as_ylo=2006&as_yhi=2010&as_vis=1"
2,"CA Armstead, NB Andersen, LL Adams-Campbell…","Original Reports: Global Health",2010,"regulation","ethndis.org","https://ethndis.org/priorarchives/ethn-20-03-251.pdf","https://scholar.google.com/scholar?cites=8023609806657929601&as_sdt=2005&sciodt=0,5&hl=en",761,"2021-07-17 17:21:18","PDF","","","",,,,,2,0.18,1,4,11,"… R, Adams-Campbell L. Prevalence of elevated serum prostate-specific antigen in rural Nigeria … Assessment of cardiovascular risk factors in Nigerian students … The association of waist circumference with ambulatory blood pressure is independent of alternative adiposity indices …","https://ethndis.org/priorarchives/ethn-20-03-251.pdf","https://scholar.google.com/scholar?q=related:gcEvtpuWWW8J:scholar.google.com/&scioq=%22waist+circumference%22+nigeria&hl=en&as_sdt=0,5&as_ylo=2006&as_yhi=2010&as_vis=1"
0,"G PAPADAKIS","Good practices for treating Diabetes Mellitus in a developing country",2010,"","researchgate.net","https://www.researchgate.net/profile/G-Papadakis/publication/308078281_Good_practices_for_treating_Diabetes_Mellitus_in_a_developing_country/links/57d9459408ae0c0081efaa8e/Good-practices-for-treating-Diabetes-Mellitus-in-a-developing-country.pdf","",762,"2021-07-17 17:21:18","PDF","","","",,,,,0,0.00,0,1,11,"Page 1. Good practices for treating Diabetes Mellitus in a developing country Based on a thesis submitted in partial fulfillment of the University's requirements for the Master of “International Medicine – Health Crisis Management” by GEORGIOS PAPADAKIS, MD, MSc Authors …","https://www.researchgate.net/profile/G-Papadakis/publication/308078281_Good_practices_for_treating_Diabetes_Mellitus_in_a_developing_country/links/57d9459408ae0c0081efaa8e/Good-practices-for-treating-Diabetes-Mellitus-in-a-developing-country.pdf",""
0,"JC Ribeiro","Adolescents' Nutrition and Physical Activity Knowledge and Practices",2006,"","core.ac.uk","https://core.ac.uk/download/pdf/302910150.pdf","",763,"2021-07-17 17:21:18","PDF","","","",,,,,0,0.00,0,1,15,"Page 1. University of Porto Faculty of Sport Research Center in Physical Activity, Health and Leisure Adolescents' Nutrition and Physical Activity Knowledge and Practices Vera Ferro Lebres Julho de 2014 Supervisors Professor José Carlos Ribeiro Professor Pedro Moreira …","https://core.ac.uk/download/pdf/302910150.pdf","https://scholar.google.com/scholar?q=related:Hol08u_GvKYJ:scholar.google.com/&scioq=%22waist+circumference%22+nigeria&hl=en&as_sdt=0,5&as_ylo=2006&as_yhi=2010&as_vis=1"
0,"LL Jones","Determinants of pubertal development in an urban South African cohort",2008,"","repository.lboro.ac.uk","https://repository.lboro.ac.uk/articles/Determinants_of_pubertal_development_in_an_urban_South_African_cohort/9608153/1","",764,"2021-07-17 17:21:18","","","","",,,,,0,0.00,0,1,13,"… 73 3.1.2.1.3 BMI ..... 74 3.1.2.1.4 Waist circumference ..... 74 3.1.2.1.5 Hip circumference ..... 74 …","https://repository.lboro.ac.uk/articles/Determinants_of_pubertal_development_in_an_urban_South_African_cohort/9608153/files/17254661.pdf","https://scholar.google.com/scholar?q=related:ojzctKmqgWsJ:scholar.google.com/&scioq=%22waist+circumference%22+nigeria&hl=en&as_sdt=0,5&as_ylo=2006&as_yhi=2010&as_vis=1"
0,"L Haysom, R Williams, E Hodson, P Roy…","Best abstracts of the WCN2009 Satellite Conference on Kidney Disease in Disadvantaged Populations",2010,"Clinical …","researchgate.net","https://www.researchgate.net/profile/Emma-Schwedt/publication/273134550_P-123_An_approach_to_quantify_the_Burden_of_ESRD_on_dialysis_treatment_in_Uruguay/links/54f8e0020cf28d6deca2c20b/P-123-An-approach-to-quantify-the-Burden-of-ESRD-on-dialysis-treatment-in-Uruguay.pdf","",765,"2021-07-17 17:21:18","PDF","","","",,,,,0,0.00,0,5,11,"… O-4. Variability in the international patterns of CKD epidemiology: real or bias? AK Bello1 and M. El Nahas2 1College of Health Sciences, Sokoto, Nigeria, and 2Sheffield Kidney Insti- tute, Sheffield, United Kingdom … 34.2 ± 6.0 33.2 ± 5.9 < 0.0001 Waist circumference (cm) …","https://www.researchgate.net/profile/Emma-Schwedt/publication/273134550_P-123_An_approach_to_quantify_the_Burden_of_ESRD_on_dialysis_treatment_in_Uruguay/links/54f8e0020cf28d6deca2c20b/P-123-An-approach-to-quantify-the-Burden-of-ESRD-on-dialysis-treatment-in-Uruguay.pdf",""
89,"M Kasten, A Chade, CM Tanner","Epidemiology of Parkinson's disease",2007,"Handbook of clinical neurology","Elsevier","https://www.sciencedirect.com/science/article/pii/S0072975207830065","https://scholar.google.com/scholar?cites=12576135667766769202&as_sdt=2005&sciodt=0,5&hl=en",766,"2021-07-17 17:21:18","","","","",,,,,89,6.36,30,3,14,"","https://www.ncbi.nlm.nih.gov/pmc/articles/pmc7112363/","https://scholar.google.com/scholar?q=related:MrZbNMJoh64J:scholar.google.com/&scioq=%22waist+circumference%22+nigeria&hl=en&as_sdt=0,5&as_ylo=2006&as_yhi=2010&as_vis=1"
205,"OY Addo, JH Himes","Reference curves for triceps and subscapular skinfold thicknesses in US children and adolescents",2010,"The American journal of clinical nutrition","academic.oup.com","https://academic.oup.com/ajcn/article-abstract/91/3/635/4597164","https://scholar.google.com/scholar?cites=6748331215386188356&as_sdt=2005&sciodt=0,5&hl=en",767,"2021-07-17 17:21:18","","","","",,,,,205,18.64,103,2,11,"ABSTRACT. Background: Skinfold thicknesses have long been considered important and valid measurements of subcutaneous fat. Nevertheless, there are no current sk.","https://academic.oup.com/ajcn/article/91/3/635/4597164","https://scholar.google.com/scholar?q=related:RBrGd3zjpl0J:scholar.google.com/&scioq=%22waist+circumference%22+nigeria&hl=en&as_sdt=0,5&as_ylo=2006&as_yhi=2010&as_vis=1"
0,"T Shiryaeva","Complications I",,"academia.edu","","https://www.academia.edu/download/43666913/Explaining_the_relation_between_diabetes20160312-25882-15vmu2k.pdf","",768,"2021-07-17 17:21:18","PDF","","","",,,,,0,0.00,0,1,,"Page 1. Poster Session I: Diabetes Acute and Chronic Complications I P/001/WED The effect of age at onset type 1 diabetes on the development of diabetic nephropathy in children and adolescents with T1DM T. Shiryaeva Endocrinology …","https://www.academia.edu/download/43666913/Explaining_the_relation_between_diabetes20160312-25882-15vmu2k.pdf","https://scholar.google.com/scholar?q=related:hDTDQd2CGkwJ:scholar.google.com/&scioq=%22waist+circumference%22+nigeria&hl=en&as_sdt=0,5&as_ylo=2006&as_yhi=2010&as_vis=1"
0,"MC Nessier","El estado nutricional tras las rejas, estudio de siguimiento de un grupo de personas privadas de libertad en las unidades penales de la ciudad de Santa Fe Argentina",2006,"","repositorio.uchile.cl","http://repositorio.uchile.cl/handle/2250/116526","",769,"2021-07-17 17:21:18","","","","",,,,,0,0.00,0,1,15,"… Nacional de Nutrición 2005 (60). Contrariamente, Oludobun et al (61) en 1996, encontraron en un grupo de presos en Nigeria que el 48 % de ellos tenía un BMI ≤ 20 Kg/m2 vs un 28,6% en los controles. En relación a la práctica …","http://repositorio.uchile.cl/bitstream/handle/2250/116526/Tesis%20Celeste%20Nessier.pdf?sequence=1","https://scholar.google.com/scholar?q=related:dgmpaBetaRwJ:scholar.google.com/&scioq=%22waist+circumference%22+nigeria&hl=en&as_sdt=0,5&as_ylo=2006&as_yhi=2010&as_vis=1"
72,"GH Schmelzer, A Gurib-Fakim","Medicinal plants 2",2008,"","books.google.com","https://books.google.com/books?hl=en&lr=&id=3clmAgAAQBAJ&oi=fnd&pg=PA6&dq=%22waist+circumference%22+nigeria&ots=SJBrgZFnEN&sig=oI35zfg0vTSxaMxaQ8nb-Gqiyj8","https://scholar.google.com/scholar?cites=5206319660097938173&as_sdt=2005&sciodt=0,5&hl=en",770,"2021-07-17 17:21:18","BOOK","","","",,,,,72,5.54,36,2,13,"… Astripomoea lachnosperma (Choisy) A.Meeuse occurs from eastern Nigeria and Cameroon east to Somalia and south to Botswana and Namibia. It is closely related to Astripomoea grantii but the flowers are smaller and the leaves usually less lobed …","https://books.google.com/books?hl=en&lr=&id=3clmAgAAQBAJ&oi=fnd&pg=PA6&dq=%22waist+circumference%22+nigeria&ots=SJBrgZFnEN&sig=oI35zfg0vTSxaMxaQ8nb-Gqiyj8","https://scholar.google.com/scholar?q=related:_SJFhyWQQEgJ:scholar.google.com/&scioq=%22waist+circumference%22+nigeria&hl=en&as_sdt=0,5&as_ylo=2006&as_yhi=2010&as_vis=1"
0,"MT Lobmeyer","Genetic variation of beta-adrenergic receptor kinase 1 and beta-arrestin 1: Definition, functional consequences, clinical implications",2009,"","search.proquest.com","https://search.proquest.com/openview/fd66629b3c16a68f8d050c18184533e3/1?pq-origsite=gscholar&cbl=18750","",771,"2021-07-17 17:21:18","","","","",,,,,0,0.00,0,1,12,"… found in intronic regions of the gene. The two exonic SNPs are synonymous. HAPMAP lists 112 SNPs. In the African ancestral population (YRI: samples from Yoruba in Ibadan, Nigeria), 70 SNPs have a minor allele frequency (MAF) of greater than 0.05. Seventy six SNPs are …","","https://scholar.google.com/scholar?q=related:mtqL8zmvJoUJ:scholar.google.com/&scioq=%22waist+circumference%22+nigeria&hl=en&as_sdt=0,5&as_ylo=2006&as_yhi=2010&as_vis=1"
0,"S Tseng","DP27-01 ANALYSIS OF FACTORS RELATED TO BMI/A OF LACTO-OVO-VEGETARIAN AND NON VEGETARIAN CHILDREN UNDER FIVE IN JAKARTA YEAR …",,"researchgate.net","","https://www.researchgate.net/profile/Siti-Nurasyura-Adznam/publication/281608948_Impact_of_a_Nutrition_Education_Intervention_on_Nutrition_Knowledge_Attitude_And_Practice_Anthropometric_Measurements_and_Serum_Lipids_Among_Older_Adults/links/55efc5ae08aedecb68fdc632/Impact-of-a-Nutrition-Education-Intervention-on-Nutrition-Knowledge-Attitude-And-Practice-Anthropometric-Measurements-and-Serum-Lipids-Among-Older-Adults.pdf","",772,"2021-07-17 17:21:18","PDF","","","",,,,,0,0.00,0,1,,"… OF FERMENTED MAIZE FLOUR FORTIFIED WITH BAMBARA GROUNDNUT (VIGNA SUBTERRANEAN L) Mbata, Theodore I.1; Ikenebomeh, Michael J.2; Alaneme, JC1 1Federal Polytechnic, Nekede, Owerri, OWERRI, IMO, NGA; 2University of Benin, Nigeria, Edo, NGA …","https://www.researchgate.net/profile/Siti-Nurasyura-Adznam/publication/281608948_Impact_of_a_Nutrition_Education_Intervention_on_Nutrition_Knowledge_Attitude_And_Practice_Anthropometric_Measurements_and_Serum_Lipids_Among_Older_Adults/links/55efc5ae08aedecb68fdc632/Impact-of-a-Nutrition-Education-Intervention-on-Nutrition-Knowledge-Attitude-And-Practice-Anthropometric-Measurements-and-Serum-Lipids-Among-Older-Adults.pdf",""
1,"AC Mello","Aplicabilidade de parâmetros antropométricos e de bioimpedância elétrica na avaliação do estado nutricional de idosos",2009,"","locus.ufv.br","https://www.locus.ufv.br/handle/123456789/2746","https://scholar.google.com/scholar?cites=10249527140576491587&as_sdt=2005&sciodt=0,5&hl=en",773,"2021-07-17 17:21:18","","","","",,,,,1,0.08,1,1,12,"… 2001. Page 24. 7 VANDERJAGT, D.; TRUJILLO, MR; BODE-THOMAS, F.; HUANG, YS; CHUANG, LT; GLEW, RH Phase angle correlates with n-3 fatty acids and cholesterol in red cells of Nigerian children with sickle cell disease. Lipids in Health and Disease, v.2, p.1-8, 2003 …","https://www.locus.ufv.br/bitstream/123456789/2746/1/texto%20completo.pdf","https://scholar.google.com/scholar?q=related:Q3jJSaGiPY4J:scholar.google.com/&scioq=%22waist+circumference%22+nigeria&hl=en&as_sdt=0,5&as_ylo=2006&as_yhi=2010&as_vis=1"
3,"KG Tantisira, DR Gold","Adipositas in infants and children: a new disease on the horizon",2006,"EUROPEAN RESPIRATORY …","books.google.com","https://books.google.com/books?hl=en&lr=&id=IwzjZ2Qp1IQC&oi=fnd&pg=PA314&dq=%22waist+circumference%22+nigeria&ots=CIJ2DTX86T&sig=kETSFiqhypjvWtvGJGasEBRD6Sk","https://scholar.google.com/scholar?cites=5032381781082503097&as_sdt=2005&sciodt=0,5&hl=en",774,"2021-07-17 17:21:18","","","","",,,,,3,0.20,2,2,15,"… Other commonly employed field measures of adiposity in children include waist circumference, waist/hip ratio and measures of bioelectric impedance [31, 32] … The prevalence of symptoms increases with increasing BMI or waist circumference [37] …","","https://scholar.google.com/scholar?q=related:ufeRM5Gc1kUJ:scholar.google.com/&scioq=%22waist+circumference%22+nigeria&hl=en&as_sdt=0,5&as_ylo=2006&as_yhi=2010&as_vis=1"
38,"AA Rizvi","Hypertension, obesity, and inflammation: the complex designs of a deadly trio",2010,"Metabolic Syndrome and Related Disorders","liebertpub.com","https://www.liebertpub.com/doi/abs/10.1089/met.2009.0116","https://scholar.google.com/scholar?cites=9253859048236060871&as_sdt=2005&sciodt=0,5&hl=en",775,"2021-07-17 17:21:18","","10.1089/met.2009.0116","","",,,,,38,3.45,38,1,11,"Login to your account. Username. Password. Forgot password? Keep me logged in. OpenAthens …","","https://scholar.google.com/scholar?q=related:xxCle8ZPbIAJ:scholar.google.com/&scioq=%22waist+circumference%22+nigeria&hl=en&as_sdt=0,5&as_ylo=2006&as_yhi=2010&as_vis=1"
0,"DEPAE APLICABILIDADE","AMANDA DE CARVALHO MELLO",2009,"","posnutricao.ufv.br","http://www.posnutricao.ufv.br/wp-content/uploads/2019/08/Amanda-de-Carvalho-Mello.pdf","",776,"2021-07-17 17:21:18","PDF","","","",,,,,0,0.00,0,1,12,"… 2001. Page 24. 7 VANDERJAGT, D.; TRUJILLO, MR; BODE-THOMAS, F.; HUANG, YS; CHUANG, LT; GLEW, RH Phase angle correlates with n-3 fatty acids and cholesterol in red cells of Nigerian children with sickle cell disease. Lipids in Health and Disease, v.2, p.1-8, 2003 …","http://www.posnutricao.ufv.br/wp-content/uploads/2019/08/Amanda-de-Carvalho-Mello.pdf","https://scholar.google.com/scholar?q=related:4TiGNsTRYBwJ:scholar.google.com/&scioq=%22waist+circumference%22+nigeria&hl=en&as_sdt=0,5&as_ylo=2006&as_yhi=2010&as_vis=1"
35,"R Mu, X Zhang","Gender difference in the long-term impact of famine",2008,"","books.google.com","https://books.google.com/books?hl=en&lr=&id=gmi-5bBVCaIC&oi=fnd&pg=PR5&dq=%22waist+circumference%22+nigeria&ots=OCbY2Isa3m&sig=HUNxYp9mMY1NWXLd8rFkHDNoMn8","https://scholar.google.com/scholar?cites=15702129740251801895&as_sdt=2005&sciodt=0,5&hl=en",777,"2021-07-17 17:21:18","BOOK","","","",,,,,35,2.69,18,2,13,"… 1999), major affective disorders (Brown et al. 2000), schizophrenia in adulthood (Hulshoff et al. 2000), higher BMI and waist circumference in 50-year-old women (Ravelli et al. 1999), and lower glucose tolerance in adults (Ravelli …","https://books.google.com/books?hl=en&lr=&id=gmi-5bBVCaIC&oi=fnd&pg=PR5&dq=%22waist+circumference%22+nigeria&ots=OCbY2Isa3m&sig=HUNxYp9mMY1NWXLd8rFkHDNoMn8","https://scholar.google.com/scholar?q=related:JynOKM4r6dkJ:scholar.google.com/&scioq=%22waist+circumference%22+nigeria&hl=en&as_sdt=0,5&as_ylo=2006&as_yhi=2010&as_vis=1"
0,"B Chance","At Guelph Volume 50 Number 3, February 8, 2006",2006,"","atrium.lib.uoguelph.ca","https://atrium.lib.uoguelph.ca/xmlui/bitstream/handle/10214/11827/ug_atguelphvol50_issue3_2006.pdf?sequence=1","",778,"2021-07-17 17:21:18","PDF","","","",,,,,0,0.00,0,1,15,"Page 1. at INSIDE: PLAYWRIGHT IS WRITER-IN-RESIDENCE • IT'S ALL IN HOW YOU SAY IT •PRIMED FOR SCIENCE He's Got a Real Chip on His Finger Sm~ller t_han the pupil of his eye, a computer minichlp may give faster computing, but Prof …","https://atrium.lib.uoguelph.ca/xmlui/bitstream/handle/10214/11827/ug_atguelphvol50_issue3_2006.pdf?sequence=1",""
0,"P Achenbach","Abiatari, I., Esposito, I., Oliveira, T. de, Felix, K., Xin, H., Penzel, R., Giese, T., Friess, H. & Kleeff, J.: Moesin dependent cytoskeleton remodeling is associated …",2009,"Environmental Health","helmholtz-muenchen.de","https://www.helmholtz-muenchen.de/fileadmin/HZM-Corporate-Website/Bilder/HZM/Forschung/Publikationen/wissenschaftliche-Publikationen/Publikationen-pdf/2009/Publ2009_Homepage_POF.pdf","",779,"2021-07-17 17:21:18","PDF","","","",,,,,0,0.00,0,1,12,"… Veronese, I. & Oeh, U.: Uranium and thorium in soils, mineral sands, water and food samples in a tin mining area in Nigeria with elevated … Gieger, C.,Nitz, I.,Heid, I.,Kohl, C.,Wichmann, HE,Illig, T. & Döring, F.: MTTP variants and body mass index, waist circumference and serum …","https://www.helmholtz-muenchen.de/fileadmin/HZM-Corporate-Website/Bilder/HZM/Forschung/Publikationen/wissenschaftliche-Publikationen/Publikationen-pdf/2009/Publ2009_Homepage_POF.pdf",""
4,"MTC Okafor","The relationship of acculturation to health outcomes among African immigrant adults: A life-course perspective",2010,"","search.proquest.com","https://search.proquest.com/openview/fcaf97f3b0aa0827468ed4781b5f3d4b/1?pq-origsite=gscholar&cbl=18750","https://scholar.google.com/scholar?cites=4828851372559932124&as_sdt=2005&sciodt=0,5&hl=en",780,"2021-07-17 17:21:18","","","","",,,,,4,0.36,4,1,11,"… Islamic groups and Christians in northern Nigeria has resulted in the death of thousands … It is estimated that 3,863 Nigerians were resettled in the US between 1996 and 2005.23 … For example, African immigrants are a subgroup of Black immigrants. Likewise, Nigerian immigrants …","","https://scholar.google.com/scholar?q=related:3JqXLr2GA0MJ:scholar.google.com/&scioq=%22waist+circumference%22+nigeria&hl=en&as_sdt=0,5&as_ylo=2006&as_yhi=2010&as_vis=1"
1,"LJ Adams","Serum cortisol, perceived stress and perceived racism in a community-based sample",2008,"","search.proquest.com","https://search.proquest.com/openview/a6886f116c2828257b3bba49c902bbc9/1?pq-origsite=gscholar&cbl=18750","https://scholar.google.com/scholar?cites=6106361981476270371&as_sdt=2005&sciodt=0,5&hl=en",781,"2021-07-17 17:21:18","","","","",,,,,1,0.08,1,1,13,"… Page 23. 13 Caribbean adolescent youth in Barbados. Results showed that internalized racism and hostility correlated significantly with waist circumference in girls, but not in boys. Internalized racism also correlated significantly with hostility for both girls and boys. The …","","https://scholar.google.com/scholar?q=related:I_HXh94nvlQJ:scholar.google.com/&scioq=%22waist+circumference%22+nigeria&hl=en&as_sdt=0,5&as_ylo=2006&as_yhi=2010&as_vis=1"
0,"M Alahuhta","Maija Alahuhta",,"jultika.oulu.fi","","http://jultika.oulu.fi/files/isbn9789514263552.pdf","",782,"2021-07-17 17:21:18","PDF","","","",,,,,0,0.00,0,1,,"Page 1. UNIVERSITATIS OULUENSIS MEDICA ACTA D D 1081 AC T A Maija Alahuhta OULU 2010 D 1081 Maija Alahuhta TYYPIN 2 DIABETEKSEN RISKIRYHMÄÄN KUULUVIEN TYÖIKÄISTEN HENKILÖIDEN PAINONHALLINNAN JA ELINTAPAMUUTOKSEN …","http://jultika.oulu.fi/files/isbn9789514263552.pdf","https://scholar.google.com/scholar?q=related:RuEOUSeWF34J:scholar.google.com/&scioq=%22waist+circumference%22+nigeria&hl=en&as_sdt=0,5&as_ylo=2006&as_yhi=2010&as_vis=1"
231,"V Cottet, M Touvier, A Fournier…","Postmenopausal breast cancer risk and dietary patterns in the E3N-EPIC prospective cohort study",2009,"American journal of …","academic.oup.com","https://academic.oup.com/aje/article-abstract/170/10/1257/111865","https://scholar.google.com/scholar?cites=7284538590764877086&as_sdt=2005&sciodt=0,5&hl=en",783,"2021-07-17 17:21:18","","","","",,,,,231,19.25,58,4,12,"Abstract. Since evidence relating diet to breast cancer risk is not sufficiently consistent to elaborate preventive proposals, the authors examined the associat.","https://academic.oup.com/aje/article/170/10/1257/111865","https://scholar.google.com/scholar?q=related:HkUqz0DhF2UJ:scholar.google.com/&scioq=%22waist+circumference%22+nigeria&hl=en&as_sdt=0,5&as_ylo=2006&as_yhi=2010&as_vis=1"
0,"PLP Session","Advance program",,"cardiologyonline.com","","https://www.cardiologyonline.com/wchd2014/Advance%20Program2.pdf","",784,"2021-07-17 17:21:18","PDF","","","",,,,,0,0.00,0,1,,"… OPTIMAL CUTOFF OF WAIST CIRCUMFERENCE AND WAIST TO HIP RATIO FOR THE KOREAN POSTMENOPAUSAL WOMEN HS … DEATH IN SUB-SAHARAN AFRICA: PERSPECTIVES FROM UNIVERSITY OF MAIDUGURI TEACHING HOSPITAL, NIGERIA MA Talle, B …","https://www.cardiologyonline.com/wchd2014/Advance%20Program2.pdf",""
2,"DJ Blom","Dysbetalipoproteinaemia: clinical and laboratory aspects, changes in lipoprotein composition and remnant metabolism associated with lipid lowering drugs",2007,"","open.uct.ac.za","https://open.uct.ac.za/bitstream/handle/11427/3364/thesis_hsf_2007_blom_d_j.pdf?sequence=1","https://scholar.google.com/scholar?cites=978157916032127530&as_sdt=2005&sciodt=0,5&hl=en",785,"2021-07-17 17:21:18","PDF","","","",,,,,2,0.14,2,1,14,"Page 1. University of Cape Town Dysbetalipoproteinaemia - Clinical and Laboratory Aspects, Changes in Lipoprotein Composition and Remnant Metabolism Associated with Lipid Lowering Drugs Dirk Jacobus Blom MBChB (VCT) MMed (VCT) FCP (SA) I Page 2 …","https://open.uct.ac.za/bitstream/handle/11427/3364/thesis_hsf_2007_blom_d_j.pdf?sequence=1","https://scholar.google.com/scholar?q=related:KtJUL3Edkw0J:scholar.google.com/&scioq=%22waist+circumference%22+nigeria&hl=en&as_sdt=0,5&as_ylo=2006&as_yhi=2010&as_vis=1"
2,"MEI Camacho","Evaluación de sobrepeso y obesidad en Pediatría: indicadores antropométricos y composición corporal",2007,"Nutrición Clínica","researchgate.net","https://www.researchgate.net/profile/Maria-Del-Consuelo-Alva/publication/273439589_Evaluacion_de_sobrepeso_y_obesidad_en_Pediatria_indicadores_antropometricos_y_composicion_corporal/links/550089d50cf2aee14b55690a/Evaluacion-de-sobrepeso-y-obesidad-en-Pediatria-indicadores-antropometricos-y-composicion-corporal.pdf","https://scholar.google.com/scholar?cites=16990713334784491688&as_sdt=2005&sciodt=0,5&hl=en",786,"2021-07-17 17:21:18","PDF","","","",,,,,2,0.14,2,1,14,"Page 1. Nutrición Clínica/Suplemento 1, 2007 59 Definición y conceptos básicos Estudios epidemiológicos a gran escala, han demostrado que la obesidad en los niños es un problema en aumento que aflige a numerosos países …","https://www.researchgate.net/profile/Maria-Del-Consuelo-Alva/publication/273439589_Evaluacion_de_sobrepeso_y_obesidad_en_Pediatria_indicadores_antropometricos_y_composicion_corporal/links/550089d50cf2aee14b55690a/Evaluacion-de-sobrepeso-y-obesidad-en-Pediatria-indicadores-antropometricos-y-composicion-corporal.pdf","https://scholar.google.com/scholar?q=related:qIBS4MEjy-sJ:scholar.google.com/&scioq=%22waist+circumference%22+nigeria&hl=en&as_sdt=0,5&as_ylo=2006&as_yhi=2010&as_vis=1"
0,"I Petitions","Scholarly Papers",2007,"Adult Education Quarterly","search.proquest.com","https://search.proquest.com/openview/b6f38cca1078a76da56949a880668c0d/1?pq-origsite=gscholar&cbl=26506","",787,"2021-07-17 17:21:18","","","","",,,,,0,0.00,0,1,14,"… Psychology, May 2007. Ll Bakari, S. and Leach, F., “Hijacking Equal Opportunity Policies in a Nigerian College of Education:The Micropolitics of Gender,” Womenk Studies International Forum, March/April 2007. Ll Banks, AD …","",""
2,"E Cereda, A Battezzati, S Bertoli…","A life-course contribution of nutrition to future cognitive decline",2008,"Nutrition for the …","books.google.com","https://books.google.com/books?hl=en&lr=&id=ba_5OSsyS4YC&oi=fnd&pg=PA63&dq=%22waist+circumference%22+nigeria&ots=E-nL_ZKwxN&sig=icrKzF5UElDz8B0-JIwuIEnwVyk","https://scholar.google.com/scholar?cites=5753013964185730824&as_sdt=2005&sciodt=0,5&hl=en",788,"2021-07-17 17:21:18","","","","",,,,,2,0.15,1,4,13,"Page 79. In: Nutrition for the Middle Aged and Elderly ISBN: 978-1-60456-146-3 Editors: NE Bernhardt, AM Kasko, pp. 63-106© 2008 Nova Science Publishers, Inc. Chapter II A Life-Course Contribution of Nutrition to Future …","","https://scholar.google.com/scholar?q=related:CP8mO7jP1k8J:scholar.google.com/&scioq=%22waist+circumference%22+nigeria&hl=en&as_sdt=0,5&as_ylo=2006&as_yhi=2010&as_vis=1"
2,"TA Pasley","African American women's thoughts, emotions, and behavioral experiences with using pedometers to increase physical activity",2009,"","search.proquest.com","https://search.proquest.com/openview/ad9069b3494a5c8fc54a892c569ffbf7/1?pq-origsite=gscholar&cbl=18750","https://scholar.google.com/scholar?cites=3543991252761817424&as_sdt=2005&sciodt=0,5&hl=en",789,"2021-07-17 17:21:18","","","","",,,,,2,0.17,2,1,12,"… the Black racial groups of Africa. It includes females who indicate their race as Black, African American, or Negro, or provide written entries of African American, Afro American, Kenyan, Nigerian, or Haitian (Mckinnon & Bennett, 2005) …","","https://scholar.google.com/scholar?q=related:ULH1e0TJLjEJ:scholar.google.com/&scioq=%22waist+circumference%22+nigeria&hl=en&as_sdt=0,5&as_ylo=2006&as_yhi=2010&as_vis=1"
0,"S October, W October","Asia Pacific",,"211.76.170.15","","http://211.76.170.15/server/APJCN/15/vol15apcns/IUNS-APCNS2006_HEC.pdf","",790,"2021-07-17 17:21:18","PDF","","","",,,,,0,0.00,0,2,,"… SUPPORTED BY International Advisory Committee: Professor Mark L Wahlqvist (Chair) (Australia) Professor Osman Ali (Malaysia) Professor Tola Atinmo (Nigeria) Professor Cora Barba (Philippines) Professor Chun-Ming Chen (China) Professor Jun-Shi Chen (China) …","http://211.76.170.15/server/APJCN/15/vol15apcns/IUNS-APCNS2006_HEC.pdf","https://scholar.google.com/scholar?q=related:audJVp8-j_8J:scholar.google.com/&scioq=%22waist+circumference%22+nigeria&hl=en&as_sdt=0,5&as_ylo=2006&as_yhi=2010&as_vis=1"
0,"J Delman, L Schmid, AK Lincoln, D Espejo","SECTION VIII: SUBMITTED ABSTRACTS SELECTED FOR POSTER PRESENTATIONS–SESSION II, FRIDAY, OCTOBER 22, 2004",2004,"Journal of Urban Health: Bulletin of …","Springer","https://link.springer.com/content/pdf/10.1093/jurban/jti085.pdf","",791,"2021-07-17 17:21:18","PDF","","","",,,,,0,0.00,0,4,17,"… 15150 Interventions for Improving the Health of Urban Population: A Case Study of Nigeria Mahmoud DM Background: The current global trend towards improving the health of urban populations is based on the belief that the health of the people living in urban areas is strongly …","https://link.springer.com/content/pdf/10.1093/jurban/jti085.pdf",""
0,"SG Dressler","Parent-of-Origin-Effekte bei Sensation Seeking und Fingerlängenverhältnis (2D: 4D)",2009,"","othes.univie.ac.at","http://othes.univie.ac.at/4721/","",792,"2021-07-17 17:21:18","","","","",,,,,0,0.00,0,1,12,"… Cabras, Scalas, & Floris, 2007), Griechenland (Kyriakidis & Papaioannidou, 2008), China (Yang, Gray, Zhang, & Pope, 2009), Indien (Kanchan, Kumar, & Menezes, 2008), Nigeria (Danborno, Adebisi, Adelaiye, & Ojo, 2008). 1.2.3 2D:4D und andere Persönlichkeitsmerkmale …","http://othes.univie.ac.at/4721/1/2009-04-23_0007384.pdf","https://scholar.google.com/scholar?q=related:ONiYtNWRRYMJ:scholar.google.com/&scioq=%22waist+circumference%22+nigeria&hl=en&as_sdt=0,5&as_ylo=2006&as_yhi=2010&as_vis=1"
1770,"R Bridger","Introduction to ergonomics",2008,"","books.google.com","https://books.google.com/books?hl=en&lr=&id=Jr4FIRQnVqQC&oi=fnd&pg=PP1&dq=%22waist+circumference%22+nigeria&ots=Qpyfdfxc4T&sig=wSJDMXi_288MvJ-14dlg13k9Pfc","https://scholar.google.com/scholar?cites=15359446863252579077&as_sdt=2005&sciodt=0,5&hl=en",793,"2021-07-17 17:21:18","BOOK","","","",,,,,1770,136.15,1770,1,13,"Page 1. Introduction to Ergonomics RS Bridger II Routledge Taylor & Francis Croup LONDON AND NEW YORK Also available as a printed book see title verso for ISBN details Page 2. Introduction to Ergonomics Page 3. Essential …","","https://scholar.google.com/scholar?q=related:BWOoVou3J9UJ:scholar.google.com/&scioq=%22waist+circumference%22+nigeria&hl=en&as_sdt=0,5&as_ylo=2006&as_yhi=2010&as_vis=1"
16,"X Chen, X Zhang","The distribution of income and well-being in rural China: a survey of panel data sets, studies and new directions",2009,"","mpra.ub.uni-muenchen.de","https://mpra.ub.uni-muenchen.de/id/eprint/20587","https://scholar.google.com/scholar?cites=4896552697222545914&as_sdt=2005&sciodt=0,5&hl=en",794,"2021-07-17 17:21:18","","","","",,,,,16,1.33,8,2,12,"Page 1. Munich Personal RePEc Archive The Distribution of Income and Well-Being in Rural China: A Survey of Panel Data Sets, Studies and New Directions Chen, Xi and Zhang, Xiaobo Cornell University, International Food Policy Research Institute 25 October 2009 …","https://mpra.ub.uni-muenchen.de/20587/1/MPRA_paper_20587.pdf","https://scholar.google.com/scholar?q=related:-kHuLbwM9EMJ:scholar.google.com/&scioq=%22waist+circumference%22+nigeria&hl=en&as_sdt=0,5&as_ylo=2006&as_yhi=2010&as_vis=1"
14,"G Mihir, P Parul, N Sunil, M HK, S Rakesh…","Needle stick and sharp instruments injuries among health care providers at cardiology institute, Ahmedabad",2010,"National …","njcmindia.org","http://www.njcmindia.org/home/issue_download/1/2#page=57","https://scholar.google.com/scholar?cites=5286204624034244499&as_sdt=2005&sciodt=0,5&hl=en",795,"2021-07-17 17:21:18","PDF","","","",,,,,14,1.27,2,6,11,"… 7. Adebola A Adedimiji, Nathan J Heard, Oluwole Odutolu, Femi O Omotolu.(2008). Social factors, social support and condom use behaviour among young urban slum inhabitants in south west Nigeria. East African J. Pub. Health 5: 215-22 …","http://www.njcmindia.org/home/issue_download/1/2#page=57","https://scholar.google.com/scholar?q=related:k6eWGRlfXEkJ:scholar.google.com/&scioq=%22waist+circumference%22+nigeria&hl=en&as_sdt=0,5&as_ylo=2006&as_yhi=2010&as_vis=1"
0,"C Gray-McGuire, I Adrianto, T Nguyen…","Genetic Epidemiology of Obesity and Cancer",2010,"Cancer and Energy …","Springer","https://link.springer.com/chapter/10.1007/978-1-4419-5515-9_4","",796,"2021-07-17 17:21:18","","10.1007/978-1-4419-5515-9_4","","",,,,,0,0.00,0,4,11,"… For quantitative trait analysis, they found a maternal effect in region 12q24 (multipoint LOD of 4.01 for BMI and 3.69 for waist circumference) and a paternal effect (multipoint LOD of … [221] did not find any significant genotype frequency differences between Nigerian sprinters and …","https://www.researchgate.net/profile/Chee_Paul_Lin/publication/227158819_Genetic_Epidemiology_of_Obesity_and_Cancer/links/02e7e51ba5a84856e5000000.pdf","https://scholar.google.com/scholar?q=related:nldDl1rv5sgJ:scholar.google.com/&scioq=%22waist+circumference%22+nigeria&hl=en&as_sdt=0,5&as_ylo=2006&as_yhi=2010&as_vis=1"
4,"O Williams","Stroke diaries: A guide for survivors and their families",2010,"","books.google.com","https://books.google.com/books?hl=en&lr=&id=ip7qPKDoh0wC&oi=fnd&pg=PR19&dq=%22waist+circumference%22+nigeria&ots=8j_gSQbzRE&sig=b1ANBCeYsFNXHd5fx2puAqOnj24","https://scholar.google.com/scholar?cites=14175730793961992639&as_sdt=2005&sciodt=0,5&hl=en",797,"2021-07-17 17:21:18","BOOK","","","",,,,,4,0.36,4,1,11,"… artery disease, sickle cell disease 1 Blood pressure above 140/90 mmHg, a diagnosis of high blood pressure, taking medications to control blood 1 pressure Tobacco smoker or frequent exposure to 1 tobacco smoke (eg, by spouse) Overweight: waist circumference of > 35 1 …","","https://scholar.google.com/scholar?q=related:v7GrBQ1QusQJ:scholar.google.com/&scioq=%22waist+circumference%22+nigeria&hl=en&as_sdt=0,5&as_ylo=2006&as_yhi=2010&as_vis=1"
0,"MT Le","Factors impacting fructose bioavailability and its adverse metabolic effects",2010,"","search.proquest.com","https://search.proquest.com/openview/db5bb1d418ad332d021918edde89de1d/1?pq-origsite=gscholar&cbl=18750","",798,"2021-07-17 17:21:18","","","","",,,,,0,0.00,0,1,11,"Page 1. 1 FACTORS IMPACTING FRUCTOSE BIOAVAILABILITY AND ITS ADVERSE METABOLIC EFFECTS By MYPHUONG THI LE A DISSERTATION PRESENTED TO THE GRADUATE SCHOOL OF THE UNIVERSITY OF …","","https://scholar.google.com/scholar?q=related:LoaDe1e7OYMJ:scholar.google.com/&scioq=%22waist+circumference%22+nigeria&hl=en&as_sdt=0,5&as_ylo=2006&as_yhi=2010&as_vis=1"
0,"B Akbulut, OF Dogan, M Guvener, M Yilmaz","Cardiovascular medicine",2008,"J Adolesc Health","journals.lww.com","https://journals.lww.com/co-pediatrics/Fulltext/2009/10000/Current_World_Literature.22.aspx","",799,"2021-07-17 17:21:18","","","","",,,,,0,0.00,0,4,13,"You may be trying to access this site from a secured browser on the server. Please enable scripts and reload this page. Log in Your account has been temporarily locked Your account has been temporarily locked due to incorrect …","",""
0,"B Aleksic, R Ishihara, N Takahashi, N Maeno","Bibliography Current World Literature Vol 21 No 2 March 2008",2007,"Hum Genet","journals.lww.com","https://journals.lww.com/co-psychiatry/fulltext/2008/03000/current_world_literature.23.aspx","",800,"2021-07-17 17:21:18","","","","",,,,,0,0.00,0,4,14,"You may be trying to access this site from a secured browser on the server. Please enable scripts and reload this page. Log in Your account has been temporarily locked Your account has been temporarily locked due to incorrect …","",""
15,"B Volman, R Laing, T Reed…","Direct costs and availability of diabetes medicines in low-income and middle-income countries",2008,"WHO and Health Action …","digicollection.org","http://digicollection.org/hss/documents/s18387en/s18387en.pdf","https://scholar.google.com/scholar?cites=8374312285341269807&as_sdt=2005&sciodt=0,5&hl=en",801,"2021-07-17 17:21:18","PDF","","","",,,,,15,1.15,4,4,13,"… type 2 diabetes. The risk starts with a lower BMI or waist circumference in the south Asian … WH O reg io na lg ro up Africa Côte d‟Ivoire Democratic Republic of Congo Madagascar Mali Nigeria Senegal Togo Uganda Congo Seychelles 10 …","http://digicollection.org/hss/documents/s18387en/s18387en.pdf","https://scholar.google.com/scholar?q=related:L7_0jaeIN3QJ:scholar.google.com/&scioq=%22waist+circumference%22+nigeria&hl=en&as_sdt=0,5&as_ylo=2006&as_yhi=2010&as_vis=1"
0,"R Oza-Frank","Overweight and diabetes among the US foreign-born",2009,"","search.proquest.com","https://search.proquest.com/openview/1282e628158467db22c5a1adb8472136/1?pq-origsite=gscholar&cbl=18750","",802,"2021-07-17 17:21:18","","","","",,,,,0,0.00,0,1,12,"Page 1. Distribution Agreement In presenting this dissertation as a partial fulfillment of the requirements for an advanced degree from Emory University, I hereby grant to Emory University and its agents the non-exclusive license …","","https://scholar.google.com/scholar?q=related:Ue1nmGZ5ywgJ:scholar.google.com/&scioq=%22waist+circumference%22+nigeria&hl=en&as_sdt=0,5&as_ylo=2006&as_yhi=2010&as_vis=1"
0,"FC Teixeira","Relação entre o percentual de gordura corporal eo índice de massa corporal em amostra probabilística de adultos de Niterói, Rio de Janeiro: resultados da pesquisa …",,"app.uff.br","","https://app.uff.br/riuff/handle/1/10967","",803,"2021-07-17 17:21:18","","","","",,,,,0,0.00,0,1,,"Page 1. 1 UNIVERSIDADE FEDERAL FLUMINENSE FACULDADE DE MEDICINA PROGRAMA DE PÓ S-GRADUAÇÃO EM CIÊNCIAS MÉDICAS CURSO DE MESTRADO EM CIÊNCIAS MÉDICAS Relação entre o percentual …","https://app.uff.br/riuff/bitstream/1/10967/1/FABIANA%20DA%20COSTA%20TEIXEIRA%20%20DISSERTA%C3%87%C3%83O.pdf","https://scholar.google.com/scholar?q=related:XerYO9vM4wMJ:scholar.google.com/&scioq=%22waist+circumference%22+nigeria&hl=en&as_sdt=0,5&as_ylo=2006&as_yhi=2010&as_vis=1"
1,"JX Rolley","Improving care for people undergoing percutaneous coronary interventions: Elements of effective interventions",2009,"","espace.curtin.edu.au","https://espace.curtin.edu.au/handle/20.500.11937/810","https://scholar.google.com/scholar?cites=3295638501702123291&as_sdt=2005&sciodt=0,5&hl=en",804,"2021-07-17 17:21:18","","","","",,,,,1,0.08,1,1,12,"… PCI. Page 5. v Dedication A PhD journey is never accomplished alone. As the Igbo people of Nigeria say, 'It takes a village to raise a child' the same is true for doctoral students. Therefore, I dedicate this thesis to the many who supported this process …","https://espace.curtin.edu.au/bitstream/handle/20.500.11937/810/162596_Rolley%20full%20.pdf?sequence=2","https://scholar.google.com/scholar?q=related:Gz8OmsF1vC0J:scholar.google.com/&scioq=%22waist+circumference%22+nigeria&hl=en&as_sdt=0,5&as_ylo=2006&as_yhi=2010&as_vis=1"
0,"CS Benn, P Aaby","S17-5 VITAMIN A, IMMUNE MODULATION AND MORTALITY",,"search.proquest.com","","https://search.proquest.com/openview/b5f1a22ac800c9f4dffc778b523dbc18/1?pq-origsite=gscholar&cbl=32607","",805,"2021-07-17 17:21:18","","","","",,,,,0,0.00,0,2,,"… Page 4. 30 S19-4 NUTRITION PROFESSION IN AFRICA: MEETING THE CURRENT AND FUTURE CHALLENGES Prof Tola Atinmo PhD(Cornell), President, Federation of African Nutrition Societies (FANUS,), Dept of Human Nutrition, University of Ibadan, Nigeria …","https://www.karger.com/Article/PDF/248273",""
0,"C DUFFY","UPDATE: Annotated Bibliography of Postpartum Family Planning Literature",2010,"","reprolineplus.org","http://reprolineplus.org/system/files/resources/PPFP_AnnoBiblio_2010.pdf","",806,"2021-07-17 17:21:18","PDF","","","",,,,,0,0.00,0,1,11,"… use. Method: A total of 423 consecutive consenting women attending the pregnancy and puerperal clinics at Lagos University Teaching Hospital (LUTH), Lagos, Nigeria, were interviewed using structured questionnaire. Results …","http://reprolineplus.org/system/files/resources/PPFP_AnnoBiblio_2010.pdf",""
0,"J ENGSTROM, P MEIER, J ZULEGER…","A1. COMPARISON OF VOLUME OF MILK PUMPED FROM THE RIGHT AND LEFT BREASTS IN MOTHERS OF VERY LOW BIRTHWEIGHT INFANTS",2009,"Breast-Feeding: Early …","Springer","https://link.springer.com/content/pdf/10.1007/978-1-4020-8749-3.pdf#page=340","",807,"2021-07-17 17:21:18","","10.1007/978-1-4020-8749-3.pdf#page=340","","",,,,,0,0.00,0,4,12,"… Conclusions: Our findings reveal significantly greater MMV and dose of mothers' milk for the electric breast pump group, and are consistent with our previous findings from Nigeria and Kenya … Methods: This study was conducted in a semi-urban area of Nigeria (Ile-Ife) …","",""
1,"ME Talbert","Positional cloning of adiposity genes in ethnic minorities of the Insulin Resistance Atherosclerosis Family Study",2009,"","search.proquest.com","https://search.proquest.com/openview/76f861d29650b1172df1bbbb9e58e9be/1?pq-origsite=gscholar&cbl=18750","https://scholar.google.com/scholar?cites=1696193324113174596&as_sdt=2005&sciodt=0,5&hl=en",808,"2021-07-17 17:21:18","BOOK","","","",,,,,1,0.08,1,1,12,"… US- United States of America. VAT- Visceral Adipose Tissue. WAIST- Waist Circumference. WHR- Waist to Hip Ratio. WTCCC- Wellcome Trust Case Control Consortium YRI- Yoruba of Ibadan, Nigeria XBP-1- X-box-binding Protein 1. ABSTRACT. Talbert, Matthew E …","https://dspace.zsr.wfu.edu/bitstream/handle/10339/14758/TalbertThesisonedocument1.pdf","https://scholar.google.com/scholar?q=related:RKAnatcWihcJ:scholar.google.com/&scioq=%22waist+circumference%22+nigeria&hl=en&as_sdt=0,5&as_ylo=2006&as_yhi=2010&as_vis=1"
0,"SS Jones","The development and evaluation of a nutrition education program to promote healthy lifestyle practices among African-American women in CA",2010,"","search.proquest.com","https://search.proquest.com/openview/2cb36b7344bb82d5b133b6ea932e306f/1?pq-origsite=gscholar&cbl=18750","",809,"2021-07-17 17:21:18","BOOK","","","",,,,,0,0.00,0,1,11,"… Dietary assessment in Nigerian women: a pilot study … Obesity was defined as waist circumference > 88 cm; type 2 diabetes defined by an HbAlC > 6.5% as well as prior physician diagnosis of type 2 diabetes; and hypertension was defined by systolic blood pressure (SBP) >140 …","","https://scholar.google.com/scholar?q=related:qZ9JJd_nLbkJ:scholar.google.com/&scioq=%22waist+circumference%22+nigeria&hl=en&as_sdt=0,5&as_ylo=2006&as_yhi=2010&as_vis=1"
0,"S van de Vijver","Prevalence, awareness, treatment and control of hypertension with associated factors among adults in slums of Nairobi, Kenya",2010,"","bibalex.org","http://www.bibalex.org/search4dev/files/354389/186352.pdf","",810,"2021-07-17 17:21:18","PDF","","","",,,,,0,0.00,0,1,11,"Page 1. Prevalence, awareness, treatment and control of hypertension with associated factors among adults in slums of Nairobi, Kenya Steven van de Vijver Masters in International Health, TropEd, at the Royal Tropical Institute 18 January 2010 Number of words: 13.338 Page 2 …","http://www.bibalex.org/search4dev/files/354389/186352.pdf",""
2,"KE Charlton","The development of a dietary intervention to modify cation content of foods and the evaluation of its effects on blood pressure in hypertensive black South Africans",2006,"","open.uct.ac.za","https://open.uct.ac.za/handle/11427/3373","https://scholar.google.com/scholar?cites=17633963789777928073&as_sdt=2005&sciodt=0,5&hl=en",811,"2021-07-17 17:21:18","","","","",,,,,2,0.13,2,1,15,"Page 1. University of Cape Town The development of a dietary intervention to modify cation content of foods and the evaluation of its effect on blood pressure in hypertensive black South Africans Karen Elizabeth Charlton B.Sc., Postgraduate Diploma in Dietetics, M.Sc., M.Phil …","https://open.uct.ac.za/bitstream/handle/11427/3373/thesis_hsf_2006_charlton_k_e.pdf?sequence=1","https://scholar.google.com/scholar?q=related:iX_QV6NsuPQJ:scholar.google.com/&scioq=%22waist+circumference%22+nigeria&hl=en&as_sdt=0,5&as_ylo=2006&as_yhi=2010&as_vis=1"
2,"J Schmitz","Preschool vitamin A supplementation, middle ear infection, and young adult hearing loss in Nepal",2009,"","search.proquest.com","https://search.proquest.com/openview/ba107578a5fe747587911c8fc33c802f/1?pq-origsite=gscholar&cbl=18750","https://scholar.google.com/scholar?cites=9890749495980215789&as_sdt=2005&sciodt=0,5&hl=en",812,"2021-07-17 17:21:18","BOOK","","","",,,,,2,0.17,2,1,12,"… Micronesian study, no association was found between serum retinol concentrations and the incidence of otitis media among children in the preschool years.(28) In Nigeria, children with acute suppurative otitis media had significantly lower levels of serum retinol compared to …","","https://scholar.google.com/scholar?q=related:7U1GXkMAQ4kJ:scholar.google.com/&scioq=%22waist+circumference%22+nigeria&hl=en&as_sdt=0,5&as_ylo=2006&as_yhi=2010&as_vis=1"
2,"RS Sodjinou","Transition nutritionnelle et facteurs de risque de maladies cardiovasculaires chez des adultes de Cotonou, Bénin (Afrique de l'Ouest)",2008,"","papyrus.bib.umontreal.ca","https://papyrus.bib.umontreal.ca/xmlui/bitstream/handle/1866/6517/Sodjinou_Roger_Sylvestre_2008_these.pdf","https://scholar.google.com/scholar?cites=4341367386295369384&as_sdt=2005&sciodt=0,5&hl=en",813,"2021-07-17 17:21:18","PDF","","","",,,,,2,0.15,2,1,13,"… associated with a higher risk of hypertension. PhysicaJ activity was negatively associated with body mass index, waist circumference and blood pressure in multivariate anaJysis … Des résultats similaires ont été rapportés au Nigeria par Kaufman et al (1999). Vivre en","https://papyrus.bib.umontreal.ca/xmlui/bitstream/handle/1866/6517/Sodjinou_Roger_Sylvestre_2008_these.pdf","https://scholar.google.com/scholar?q=related:qP6Z46KiPzwJ:scholar.google.com/&scioq=%22waist+circumference%22+nigeria&hl=en&as_sdt=0,5&as_ylo=2006&as_yhi=2010&as_vis=1"
4,"AJ Valleron","La mortalité et la morbidité mondiale, maintenant et demain: que connaît-on?",2008,"Comptes Rendus Biologies","Elsevier","https://www.sciencedirect.com/science/article/pii/S1631069108002473","https://scholar.google.com/scholar?cites=13470665225206233150&as_sdt=2005&sciodt=0,5&hl=en",814,"2021-07-17 17:21:18","HTML","","","",,,,,4,0.31,4,1,13,"… L'exemple passé du Nigeria fournit un cas d'école [5] : en 1991, la revue Populations et Sociétés éditée par l'Institut National d'Etudes Démographiques (INED) classait elle le Nigeria au 1 er rang africain, avec 122,5 millions d'habitants et une prévision de 305 millions pour …","https://www.sciencedirect.com/science/article/pii/S1631069108002473","https://scholar.google.com/scholar?q=related:Pvif1KZq8boJ:scholar.google.com/&scioq=%22waist+circumference%22+nigeria&hl=en&as_sdt=0,5&as_ylo=2006&as_yhi=2010&as_vis=1"
112,"ME Wierman, RE Nappi, N Avis, SR Davis…","Endocrine aspects of women's sexual function",2010,"The journal of sexual …","Elsevier","https://www.sciencedirect.com/science/article/pii/S1743609515328617","https://scholar.google.com/scholar?cites=18241638022006967569&as_sdt=2005&sciodt=0,5&hl=en",815,"2021-07-17 17:21:18","","","","",,,,,112,10.18,22,5,11,"","https://www.researchgate.net/profile/William-Rosner/publication/269709502_Endocrine_Aspects_of_Women%27s_Sexual_Function/links/54999f3c0cf22a83139625c8/Endocrine-Aspects-of-Womens-Sexual-Function.pdf","https://scholar.google.com/scholar?q=related:EQ389iFRJ_0J:scholar.google.com/&scioq=%22waist+circumference%22+nigeria&hl=en&as_sdt=0,5&as_ylo=2006&as_yhi=2010&as_vis=1"
0,"P Opalić, S Nikolić","Procena kvaliteta života shizofrenih bolesnika",,"scholar.archive.org","","https://scholar.archive.org/work/y4nwkwspybfrhm34tq7spfe72m/access/wayback/https://scindeks-clanci.ceon.rs/data/pdf/0042-8450/2008/0042-84500805383O.pdf","",816,"2021-07-17 17:21:18","PDF","","","",,,,,0,0.00,0,2,,"Page 1. Volumen 65, Broj 5 VOJNOSANITETSKI PREGLED Strana 383 Correspondence to: Petar Opalić, Kapetan Mišina 31, 11 000 Beograd, Srbija. Tel.: +381 11 2181 704; +381 64 222 9911. E-mail: po- palic@f.bg.ac.yu OP Š TIPREGLEDI UDC: 616.895.8 …","https://scholar.archive.org/work/y4nwkwspybfrhm34tq7spfe72m/access/wayback/https://scindeks-clanci.ceon.rs/data/pdf/0042-8450/2008/0042-84500805383O.pdf",""
0,"K Abe, M Klaften, A Narita, T Kimura…","1st annual meeting of NGFN-plus and NGFN-transfer in the programm of medical genome research, 12th-13th December 2008 at Helmholtz Zentrum München …",2009,"Mol. Nutr. Food …","helmholtz-muenchen.de","https://www.helmholtz-muenchen.de/fileadmin/HZM-Corporate-Website/Bilder/HZM/Forschung/Publikationen/wissenschaftliche-Publikationen/Publikationen-pdf/2009/Publ2009_Homepage_alphabetisch.pdf","",817,"2021-07-17 17:21:18","PDF","","","",,,,,0,0.00,0,5,12,"… Veronese, I. & Oeh, U.: Uranium and thorium in soils, mineral sands, water and food samples in a tin mining area in Nigeria with elevated … Gieger, C.,Nitz, I.,Heid, I.,Kohl, C.,Wichmann, HE,Illig, T. & Döring, F.: MTTP variants and body mass index, waist circumference and serum …","https://www.helmholtz-muenchen.de/fileadmin/HZM-Corporate-Website/Bilder/HZM/Forschung/Publikationen/wissenschaftliche-Publikationen/Publikationen-pdf/2009/Publ2009_Homepage_alphabetisch.pdf",""
0,"Y Sheu","Determinants of skeletal health in Afro-Caribbean men",2008,"","search.proquest.com","https://search.proquest.com/openview/1a582eddcfd3f0c1f555ed9bca75a65a/1?pq-origsite=gscholar&cbl=18750","",818,"2021-07-17 17:21:18","","","","",,,,,0,0.00,0,1,13,"Page 1. DETERMINANTS OF SKELETAL HEALTH IN AFRO-CARIBBEAN MEN by Yahtyng Sheu BS, Taipei Medical College, Taiwan, 1999 MPH, University of Pittsburgh, 2003 Submitted to the Graduate Faculty of Graduate School of Public Health in partial fulfillment …","http://d-scholarship.pitt.edu/6961/1/Sheuy_edt2008_final.pdf","https://scholar.google.com/scholar?q=related:An9jmgrJlHkJ:scholar.google.com/&scioq=%22waist+circumference%22+nigeria&hl=en&as_sdt=0,5&as_ylo=2006&as_yhi=2010&as_vis=1"
2,"LP Jeremić, NK Kapulica, V Mirović…","Mehanizmi rezistencije Staphylococcus aureusa na meticilin",2008,"ВОЈНОСАНИТЕТСКИ …","vma.mod.gov.rs","http://www.vma.mod.gov.rs/vsp-05_08-1.pdf#page=42","https://scholar.google.com/scholar?cites=16047564810814877543&as_sdt=2005&sciodt=0,5&hl=en",819,"2021-07-17 17:21:18","PDF","","","",,,,,2,0.15,1,4,13,"Page 42. Volumen 65, Broj 5 VOJNOSANITETSKI PREGLED Strana 377 Correspondence to: Ljiljana Petrović Jeremić, Zavod za javno zdravlje, Klinička mikrobiologija, 18 000 Ćuprija, Srbija. Tel.:+ 381 64 37 62 195. E-mail.: stibor@ neobee …","http://www.vma.mod.gov.rs/vsp-05_08-1.pdf#page=42","https://scholar.google.com/scholar?q=related:Z--t-itntN4J:scholar.google.com/&scioq=%22waist+circumference%22+nigeria&hl=en&as_sdt=0,5&as_ylo=2006&as_yhi=2010&as_vis=1"
0,"P Opalić, S Nikolić","Evaluation of schizophrenic patients quality of life",2008,"Vojnosanitetski pregled","scindeks.ceon.rs","http://scindeks.ceon.rs/article.aspx?artid=0042-84500805383O","",820,"2021-07-17 17:21:18","","","","",,,,,0,0.00,0,2,13,"Page 1. Volumen 65, Broj 5 VOJNOSANITETSKI PREGLED Strana 383 Correspondence to: Petar Opalić, Kapetan Mišina 31, 11 000 Beograd, Srbija. Tel.: +381 11 2181 704; +381 64 222 9911. E-mail: po- palic@f.bg.ac.yu OP Š TIPREGLEDI UDC: 616.895.8 …","https://scindeks-clanci.ceon.rs/data/pdf/0042-8450/2008/0042-84500805383O.pdf","https://scholar.google.com/scholar?q=related:bREdYmybULUJ:scholar.google.com/&scioq=%22waist+circumference%22+nigeria&hl=en&as_sdt=0,5&as_ylo=2006&as_yhi=2010&as_vis=1"
1,"MA Atta","A COMPARATIVE STUDY OF IN-SERVICE PROMOTED AND DIRECTLY SELECTED SUBJECT SPECIALISTS REGARDING CHARACTER BUILDING OF THE …",2010,"Gomal University Journal of Research","gujr.com.pk","http://www.gujr.com.pk/index.php/GUJR/article/view/478","https://scholar.google.com/scholar?cites=15949204014217821169&as_sdt=2005&sciodt=0,5&hl=en",821,"2021-07-17 17:21:18","","","","",,,,,1,0.09,1,1,11,"Page 1. EFFECTIVE STAKEHOLDER PARTICIPATION IN REQUIREMENT ENGINEERING USING WIKI-BASED PROCESS FRAMEWORK Shakeel Ahmad1, Shahid Hussain2, Bashir Ahmad1 and Ameer Khan3 1 Institute of …","http://www.gujr.com.pk/index.php/GUJR/article/download/478/345","https://scholar.google.com/scholar?q=related:8fuvZYz0Vt0J:scholar.google.com/&scioq=%22waist+circumference%22+nigeria&hl=en&as_sdt=0,5&as_ylo=2006&as_yhi=2010&as_vis=1"
0,"T PRESENTEE","ELABORATION ET VALIDATION D'UN OUTIL DE DEPISTAGE DU DIABETE AU BENIN",2010,"","central.bac-lac.gc.ca","https://central.bac-lac.gc.ca/.item?id=MR60706&op=pdf&app=Library&oclc_number=728824790","",822,"2021-07-17 17:21:18","PDF","","","",,,,,0,0.00,0,1,11,"… Le Benin, (ex Dahomey), est situe en Afrique de l'Ouest. II est limite au Sud par l'ocean Atlantique, au Nord par le Niger et le Burkina Faso, a l'Est par le Nigeria et a l'Ouest par le Togo. Sur le plan administratif, il compte 12 departements et 77 communes. Les communes …","https://central.bac-lac.gc.ca/.item?id=MR60706&op=pdf&app=Library&oclc_number=728824790","https://scholar.google.com/scholar?q=related:nbsghiO4NQUJ:scholar.google.com/&scioq=%22waist+circumference%22+nigeria&hl=en&as_sdt=0,5&as_ylo=2006&as_yhi=2010&as_vis=1"
0,"EMS Costa","Prevalência de Síndrome metabólica em indivíduos hipertensos cadastrados em uma Unidade de Saúde da Família, Corumbá-MS",2009,"","repositorio.ufms.br","https://repositorio.ufms.br/handle/123456789/335","",823,"2021-07-17 17:21:18","","","","",,,,,0,0.00,0,1,12,"Page 1. ELISÂNGELA MARTINS DA SILVA COSTA PREVALÊNCIA DE SÍNDROME METABÓLICA EM INDIVÍDUOS HIPERTENSOS CADASTRADOS EM UMA UNIDADE DE SAÚDE DA FAMÍLIA, CORUMBÁ, MS. CAMPO GRANDE, MS 2009 Page 2. 1 …","https://repositorio.ufms.br:8443/jspui/bitstream/123456789/335/1/Elis%C3%A2ngela%20Martins%20da%20Silva%20Costa.pdf","https://scholar.google.com/scholar?q=related:zOBwJBV4G38J:scholar.google.com/&scioq=%22waist+circumference%22+nigeria&hl=en&as_sdt=0,5&as_ylo=2006&as_yhi=2010&as_vis=1"
0,"G Mustafa","ANTI OXIDANT LEVEL IN PATIENTS WITH MYOCARDIAL INFARCTION BY USING FRAP METHOD",2010,"Gomal University Journal of Research","gujr.com.pk","http://www.gujr.com.pk/index.php/GUJR/article/view/466","",824,"2021-07-17 17:21:18","","","","",,,,,0,0.00,0,1,11,"Page 1. EFFECTIVE STAKEHOLDER PARTICIPATION IN REQUIREMENT ENGINEERING USING WIKI-BASED PROCESS FRAMEWORK Shakeel Ahmad1, Shahid Hussain2, Bashir Ahmad1 and Ameer Khan3 1 Institute of …","http://www.gujr.com.pk/index.php/GUJR/article/download/466/333",""
0,"S Ahmad, S Hussain, B Ahmad, A Khan","EFFECTIVE STAKEHOLDER PARTICIPATION IN REQUIREMENT ENGINEERING USING WIKI-BASED PROCESS FRAMEWORK",2010,"Gomal University Journal of …","gujr.com.pk","http://www.gujr.com.pk/index.php/GUJR/article/view/245","",825,"2021-07-17 17:21:18","","","","",,,,,0,0.00,0,4,11,"Page 1. EFFECTIVE STAKEHOLDER PARTICIPATION IN REQUIREMENT ENGINEERING USING WIKI-BASED PROCESS FRAMEWORK Shakeel Ahmad1, Shahid Hussain2, Bashir Ahmad1 and Ameer Khan3 1 Institute of …","http://www.gujr.com.pk/index.php/GUJR/article/download/245/110",""
0,"AS Khan","PREDICTORS OF JOB-SATISFACTION: A SURVEY OF DISTRICT EXECUTIVES IN NWFP PAKISTAN",2010,"Gomal University Journal of Research","gujr.com.pk","http://www.gujr.com.pk/index.php/GUJR/article/view/477","",826,"2021-07-17 17:21:18","","","","",,,,,0,0.00,0,1,11,"Page 1. EFFECTIVE STAKEHOLDER PARTICIPATION IN REQUIREMENT ENGINEERING USING WIKI-BASED PROCESS FRAMEWORK Shakeel Ahmad1, Shahid Hussain2, Bashir Ahmad1 and Ameer Khan3 1 Institute of …","http://www.gujr.com.pk/index.php/GUJR/article/download/477/344",""
0,"A Rehman","EFFECTS OF INTEGRATED CURRICULUM ON ACADEMIC ACHIEVEMENT OF THE STUDENTS",2010,"Gomal University Journal of Research","gujr.com.pk","http://www.gujr.com.pk/index.php/GUJR/article/view/470","",827,"2021-07-17 17:21:18","","","","",,,,,0,0.00,0,1,11,"Page 1. EFFECTIVE STAKEHOLDER PARTICIPATION IN REQUIREMENT ENGINEERING USING WIKI-BASED PROCESS FRAMEWORK Shakeel Ahmad1, Shahid Hussain2, Bashir Ahmad1 and Ameer Khan3 1 Institute of …","http://www.gujr.com.pk/index.php/GUJR/article/download/470/337",""
0,"SU Din","ECONOMIC IMPORTANCE OF ISLAMIC LAW OF INHERITANCE",2010,"Gomal University Journal of Research","gujr.com.pk","http://www.gujr.com.pk/index.php/GUJR/article/view/480","",828,"2021-07-17 17:21:18","","","","",,,,,0,0.00,0,1,11,"Page 1. EFFECTIVE STAKEHOLDER PARTICIPATION IN REQUIREMENT ENGINEERING USING WIKI-BASED PROCESS FRAMEWORK Shakeel Ahmad1, Shahid Hussain2, Bashir Ahmad1 and Ameer Khan3 1 Institute of …","http://www.gujr.com.pk/index.php/GUJR/article/download/480/347",""
0,"MI Khan","ADMINISTRATIVE DISCRETION: A TOOL OF CREATIVITY",2010,"Gomal University Journal of Research","gujr.com.pk","http://www.gujr.com.pk/index.php/GUJR/article/view/475","",829,"2021-07-17 17:21:18","","","","",,,,,0,0.00,0,1,11,"Page 1. EFFECTIVE STAKEHOLDER PARTICIPATION IN REQUIREMENT ENGINEERING USING WIKI-BASED PROCESS FRAMEWORK Shakeel Ahmad1, Shahid Hussain2, Bashir Ahmad1 and Ameer Khan3 1 Institute of …","http://www.gujr.com.pk/index.php/GUJR/article/download/475/342",""
0,"R Sultana","THE EFFECTS OF COOPERATIVE LEARNING ON SELF-ESTEEM AND ACADEMIC ACHIEVEMENT OF THE STUDENTS",2010,"Gomal University Journal of Research","gujr.com.pk","http://www.gujr.com.pk/index.php/GUJR/article/view/472","",830,"2021-07-17 17:21:18","","","","",,,,,0,0.00,0,1,11,"Page 1. EFFECTIVE STAKEHOLDER PARTICIPATION IN REQUIREMENT ENGINEERING USING WIKI-BASED PROCESS FRAMEWORK Shakeel Ahmad1, Shahid Hussain2, Bashir Ahmad1 and Ameer Khan3 1 Institute of …","http://www.gujr.com.pk/index.php/GUJR/article/download/472/339",""
0,"L HUSSAIN","EFFECT OF COMPUTER ASSISTED INSTRUCTION ON THE ACADEMIC ACHIEVEMENT AND INTEREST OF SECONDARY SCHOOL STUDENTS",2010,"Gomal University Journal of Research","gujr.com.pk","http://www.gujr.com.pk/index.php/GUJR/article/view/479","",831,"2021-07-17 17:21:18","","","","",,,,,0,0.00,0,1,11,"Page 1. EFFECTIVE STAKEHOLDER PARTICIPATION IN REQUIREMENT ENGINEERING USING WIKI-BASED PROCESS FRAMEWORK Shakeel Ahmad1, Shahid Hussain2, Bashir Ahmad1 and Ameer Khan3 1 Institute of …","http://www.gujr.com.pk/index.php/GUJR/article/download/479/346",""
0,"A Shah","APPOINTMENT OF TEMPORARY JUDGES IN SUPERIOR COURTS OF PAKISTAN: A THREAT TO INDEPENDENCE OF JUDICIARY",2010,"Gomal University Journal of Research","gujr.com.pk","http://www.gujr.com.pk/index.php/GUJR/article/view/474","",832,"2021-07-17 17:21:18","","","","",,,,,0,0.00,0,1,11,"Page 1. EFFECTIVE STAKEHOLDER PARTICIPATION IN REQUIREMENT ENGINEERING USING WIKI-BASED PROCESS FRAMEWORK Shakeel Ahmad1, Shahid Hussain2, Bashir Ahmad1 and Ameer Khan3 1 Institute of …","http://www.gujr.com.pk/index.php/GUJR/article/download/474/341",""
0,"M Azam","REASONS FOR LOW SUGARCANE PRODUCTION IN PAKISTAN",2010,"Gomal University Journal of Research","gujr.com.pk","http://www.gujr.com.pk/index.php/GUJR/article/view/471","",833,"2021-07-17 17:21:18","","","","",,,,,0,0.00,0,1,11,"Page 1. EFFECTIVE STAKEHOLDER PARTICIPATION IN REQUIREMENT ENGINEERING USING WIKI-BASED PROCESS FRAMEWORK Shakeel Ahmad1, Shahid Hussain2, Bashir Ahmad1 and Ameer Khan3 1 Institute of …","http://www.gujr.com.pk/index.php/GUJR/article/download/471/338",""
0,"RU Shah","SELECTED VARIABLES DIFFERENCES IN THE ROLE OF HEADS OF TEACHING DEPARTMENTS IN THE CHANNEL OF COMMUNICATION AT POSTGRADUATE …",2010,"Gomal University Journal of Research","gujr.com.pk","http://www.gujr.com.pk/index.php/GUJR/article/view/473","",834,"2021-07-17 17:21:18","","","","",,,,,0,0.00,0,1,11,"Page 1. EFFECTIVE STAKEHOLDER PARTICIPATION IN REQUIREMENT ENGINEERING USING WIKI-BASED PROCESS FRAMEWORK Shakeel Ahmad1, Shahid Hussain2, Bashir Ahmad1 and Ameer Khan3 1 Institute of …","http://www.gujr.com.pk/index.php/GUJR/article/download/473/340",""
0,"H Khan","EFFECT OF ALUMINIUM METAL ON THE CHEMICAL STATUS OF GLUTATHIONE (GSH) IN AQUEOUS MEDIUM",2010,"Gomal University Journal of Research","gujr.com.pk","http://www.gujr.com.pk/index.php/GUJR/article/view/468","",835,"2021-07-17 17:21:18","","","","",,,,,0,0.00,0,1,11,"Page 1. EFFECTIVE STAKEHOLDER PARTICIPATION IN REQUIREMENT ENGINEERING USING WIKI-BASED PROCESS FRAMEWORK Shakeel Ahmad1, Shahid Hussain2, Bashir Ahmad1 and Ameer Khan3 1 Institute of …","http://www.gujr.com.pk/index.php/GUJR/article/download/468/335",""
0,"S Kamal","STRUCTURE OF SME AND ITS IMPACTS ON THE DEVELOPMENT OF NWFP",2010,"Gomal University Journal of Research","gujr.com.pk","http://www.gujr.com.pk/index.php/GUJR/article/view/476","",836,"2021-07-17 17:21:18","","","","",,,,,0,0.00,0,1,11,"Page 1. EFFECTIVE STAKEHOLDER PARTICIPATION IN REQUIREMENT ENGINEERING USING WIKI-BASED PROCESS FRAMEWORK Shakeel Ahmad1, Shahid Hussain2, Bashir Ahmad1 and Ameer Khan3 1 Institute of …","http://www.gujr.com.pk/index.php/GUJR/article/download/476/343",""
3,"CK Cohen, DE Horlacher…","Is urbanization good for a nation's health",2010,"… Conference (EPC 2010 …","epc2010.princeton.edu","https://epc2010.princeton.edu/papers/100012","https://scholar.google.com/scholar?cites=11172934110931922161&as_sdt=2005&sciodt=0,5&hl=en",837,"2021-07-17 17:21:18","PDF","","","",,,,,3,0.27,1,3,11,"… Mozambique Azerbaijan Mali Nicaragua Senegal Trinidad and Tobago Guatemala Haiti Armenia Niger Chad Kazakhstan Brazil Burundi Cambodia Nigeria Gabon Congo Democratic Republic India Zimbabwe Egypt Rwanda South Africa Cameroon Ecuador …","https://epc2010.princeton.edu/papers/100012","https://scholar.google.com/scholar?q=related:8SzxjGA8DpsJ:scholar.google.com/&scioq=%22waist+circumference%22+nigeria&hl=en&as_sdt=0,5&as_ylo=2006&as_yhi=2010&as_vis=1"
0,"D Belbase, N Prasad","Prostate Cancer Screening in Population of Eastern Nepal: A Field Study",2010,"","library.nhrc.gov.np","http://library.nhrc.gov.np:8080/nhrc/handle/123456789/113","",838,"2021-07-17 17:21:18","","","","",,,,,0,0.00,0,2,11,"… in Africa were thought to be much the same as those in Asia. However, in Uganda and Nigeria, prostate cancer is common, and it is the most common cancer in men in Nigeria (Gronberg, 2003). Environment also plays an important role in modulating prostate cancer risk …","http://library.nhrc.gov.np:8080/nhrc/bitstream/handle/123456789/113/662.pdf?sequence=1","https://scholar.google.com/scholar?q=related:AgCVlJnse78J:scholar.google.com/&scioq=%22waist+circumference%22+nigeria&hl=en&as_sdt=0,5&as_ylo=2006&as_yhi=2010&as_vis=1"
2,"P Owen","FUNCTIONAL DIVERSITY OF INDIGENOUS DIETS IN COASTAL PAPUA NEW GUINEA",2008,"","central.bac-lac.gc.ca","https://central.bac-lac.gc.ca/.item?id=NR50972&op=pdf&app=Library&oclc_number=711935378","https://scholar.google.com/scholar?cites=15380894447150386637&as_sdt=2005&sciodt=0,5&hl=en",839,"2021-07-17 17:21:18","PDF","","","",,,,,2,0.15,2,1,13,"Page 1. FUNCTIONAL DIVERSITY OF INDIGENOUS DIETS IN COASTAL PAPUA NEW GUINEA: ROLE IN THE NUTRITION TRANSITION AND NONCOMMUNICABLE DISEASE RISK Patrick Owen School of Dietetics and Human Nutrition McGill University, Montreal …","https://central.bac-lac.gc.ca/.item?id=NR50972&op=pdf&app=Library&oclc_number=711935378","https://scholar.google.com/scholar?q=related:zU0tGgLqc9UJ:scholar.google.com/&scioq=%22waist+circumference%22+nigeria&hl=en&as_sdt=0,5&as_ylo=2006&as_yhi=2010&as_vis=1"
0,"R Kunz, C Friedrich, M Wolbers, JF Mann…","Bibliography Current World Literature Vol 19 No 2 March 2010",2009,"Curr Ther Res-Clin …","journals.lww.com","https://journals.lww.com/co-nephrolhypertens/fulltext/2010/03000/current_world_literature.16.aspx","",840,"2021-07-17 17:21:18","","","","",,,,,0,0.00,0,5,12,"You may be trying to access this site from a secured browser on the server. Please enable scripts and reload this page. Log in Your account has been temporarily locked Your account has been temporarily locked due to incorrect …","",""
0,"JM Wilder","Socioeconomic status as a fundamental cause of mortality in African Americans: The Pitt County study",2007,"","search.proquest.com","https://search.proquest.com/openview/650a2656ccd2150a32c7b03624a49897/1?pq-origsite=gscholar&cbl=18750","",841,"2021-07-17 17:21:18","BOOK","","","",,,,,0,0.00,0,1,14,"Page 1. SOCIOECONOMIC STATUS AS A FUNDAMENTAL, CAUSE OF MORTALITY IN AFRICAN AMERICANS: THE PITT COUNTY STUDY by Julius M. Wilder Department of Sociology Duke University Date: // TA kkkk Approved …","","https://scholar.google.com/scholar?q=related:IJaFlJ5h9WEJ:scholar.google.com/&scioq=%22waist+circumference%22+nigeria&hl=en&as_sdt=0,5&as_ylo=2006&as_yhi=2010&as_vis=1"
2,"CAS Smith","Living with sugar: Socioeconomic status and cultural beliefs about type 2 diabetes among Afro-Caribbean women",2009,"","search.proquest.com","https://search.proquest.com/openview/f8bebcf72197d8338f058051aab1543c/1?pq-origsite=gscholar&cbl=18750","https://scholar.google.com/scholar?cites=15698781024620925473&as_sdt=2005&sciodt=0,5&hl=en",842,"2021-07-17 17:21:18","BOOK","","","",,,,,2,0.17,2,1,12,"Page 1. Living with Sugar: Socioeconomic Status and Cultural Beliefs About Type 2 Diabetes Among Afro-Caribbean Women by Chrystal AS Smith A dissertation submitted in partial fulfillment of the requirements for the degree …","https://scholarcommons.usf.edu/cgi/viewcontent.cgi?article=1021&context=etd","https://scholar.google.com/scholar?q=related:IVIsiypG3dkJ:scholar.google.com/&scioq=%22waist+circumference%22+nigeria&hl=en&as_sdt=0,5&as_ylo=2006&as_yhi=2010&as_vis=1"
11,"KC Foletto","Perfil epidemiológico, estado nutricional e fatores associados à hipertensão e diabetes mellitus em idosos cadastrados no Hiperdia no município de Caxias do Sul …",2009,"","lume.ufrgs.br","https://www.lume.ufrgs.br/handle/10183/17942","https://scholar.google.com/scholar?cites=16948157462040875796&as_sdt=2005&sciodt=0,5&hl=en",843,"2021-07-17 17:21:18","","","","",,,,,11,0.92,11,1,12,"Page 1. UNIVERSIDADE FEDERAL DO RIO GRANDE DO SUL FACULDADE DE MEDICINA – DEPARTAMENTO MEDICINA SOCIAL ESPECIALIZAÇÃO EM SAÚDE PÚBLICA PERFIL EPIDEMIOLÓGICO, ESTADO NUTRICIONAL …","https://www.lume.ufrgs.br/bitstream/handle/10183/17942/000725387.pdf?sequence=1&locale-attribute=pt_BR","https://scholar.google.com/scholar?q=related:FBNVomrzM-sJ:scholar.google.com/&scioq=%22waist+circumference%22+nigeria&hl=en&as_sdt=0,5&as_ylo=2006&as_yhi=2010&as_vis=1"
1,"E Stockinger","Die Error Management Theorie und das 2D: 4D-Verhältnis",2009,"","othes.univie.ac.at","http://othes.univie.ac.at/4356/","https://scholar.google.com/scholar?cites=9531756468470832474&as_sdt=2005&sciodt=0,5&hl=en",844,"2021-07-17 17:21:18","","","","",,,,,1,0.08,1,1,12,"Page 1. DIPLOMARBEIT Die Error Management Theorie und das 2D:4D-Verhältnis angestrebter akademischer Grad Magistra der Naturwissenschaften (Mag. rer. nat.) eingereicht von Emanuela Stockinger MN: 9402004 Anthropologie (A 442) Betreuer: Prof. Dr. Karl Grammer …","http://othes.univie.ac.at/4356/1/2009-03-23_9402004.pdf","https://scholar.google.com/scholar?q=related:Wl28tAGaR4QJ:scholar.google.com/&scioq=%22waist+circumference%22+nigeria&hl=en&as_sdt=0,5&as_ylo=2006&as_yhi=2010&as_vis=1"
0,"F INTERNATIONALDIABETES","CCCINTERNATIONAL CCCCURRICULUM FOR DIABETES HEALTH PROFESSIONAL EDUCATION",2008,"","idf.org","https://idf.org/component/attachments/attachments.html?id=708&task=download","",845,"2021-07-17 17:21:18","PDF","","","",,,,,0,0.00,0,1,13,"Page 1. CCCINTERNATIONAL CCCCURRICULUM FOR DIABETES HEALTH PROFESSIONAL EDUCATION INTERNATIONALDIABETES FEDERATION Consultative Section on Diabetes Education Page 2. © International Diabetes Federation, 2008 All rights reserved …","https://idf.org/component/attachments/attachments.html?id=708&task=download","https://scholar.google.com/scholar?q=related:uhLOnqbnNIQJ:scholar.google.com/&scioq=%22waist+circumference%22+nigeria&hl=en&as_sdt=0,5&as_ylo=2006&as_yhi=2010&as_vis=1"
0,"L Malan","Coping disability of Africans during urbanization: a risk marker in the development of lifestyle diseases?",2008,"Urbanization: 21st Century Issues and Challenges","books.google.com","https://books.google.com/books?hl=en&lr=&id=6mH__1c3ZRgC&oi=fnd&pg=PA5&dq=%22waist+circumference%22+nigeria&ots=vF5WryGr7t&sig=j7QEwpRoyW0JYMfCOxv6j-rGLBg","",846,"2021-07-17 17:21:18","","","","",,,,,0,0.00,0,1,13,"… As African women compared to Caucasian women have a smaller body size a suggestion was recently made towards an adjustment to the waist circumference cut-off of the International Diabetes Federation (IDF) definition [Schutte & Dlckers, 2007] …","","https://scholar.google.com/scholar?q=related:BWyU2ksOllcJ:scholar.google.com/&scioq=%22waist+circumference%22+nigeria&hl=en&as_sdt=0,5&as_ylo=2006&as_yhi=2010&as_vis=1"
0,"D Drogan, K Hoffman, M Schulz, MM Bergmann…","The impact of fibre on satiety: Implications for weight control?",,"search.proquest.com","","https://search.proquest.com/openview/b3543bbd124af20dc51ceae7e114da71/1?pq-origsite=gscholar&cbl=32607","",847,"2021-07-17 17:21:18","","","","",,,,,0,0.00,0,5,,"… On multiple linear regression models adjusted for gender, age, waist circumference, physical activ- ity, tabagism, education, intakes of alcohol and total calories, the GL was inversely associated with log HOMA b, b1 (95% CI) 0.140 (1.044; 0.078), p 0.023 …","https://www.karger.com/Article/PDF/105119",""
10,"A Campa, MK Baum","Micronutrients and HIV infection",2010,"Hiv Therapy","Future Medicine","https://www.futuremedicine.com/doi/abs/10.2217/hiv.10.36","https://scholar.google.com/scholar?cites=8616711123696197635&as_sdt=2005&sciodt=0,5&hl=en",848,"2021-07-17 17:21:18","","10.2217/hiv.10.36","","",,,,,10,0.91,5,2,11,"… Higher levels of homocysteine in blood were significantly associated with the metabolic syndrome, lipodystrophy, higher blood pressure, waist circumference and waist-to-hip ratio, total lean body mass, visceral adipose tissue (VAT), VAT/total adipose tissue, homeostasis …","https://www.futuremedicine.com/doi/pdf/10.2217/hiv.10.36","https://scholar.google.com/scholar?q=related:A6ARHB21lHcJ:scholar.google.com/&scioq=%22waist+circumference%22+nigeria&hl=en&as_sdt=0,5&as_ylo=2006&as_yhi=2010&as_vis=1"
0,"GM Fehringer","Genetic Variation at the Insulin-like Growth Factor 1 Gene and Association with Breast Cancer, Breast Density and Anthropometric Measures",2008,"","central.bac-lac.gc.ca","https://central.bac-lac.gc.ca/.item?id=NR59010&op=pdf&app=Library&oclc_number=759028773","",849,"2021-07-17 17:21:18","PDF","","","",,,,,0,0.00,0,1,13,"Page 1. GENETIC VARIATION AT THE INSULIN-LIKE GROWTH FACTOR 1 GENE AND ASSOCIATION WITH BREAST CANCER, BREAST DENSITY AND ANTHROPOMETRIC MEASURES by Gordon Markus Fehringer A thesis …","https://central.bac-lac.gc.ca/.item?id=NR59010&op=pdf&app=Library&oclc_number=759028773","https://scholar.google.com/scholar?q=related:jlvAzDT_10EJ:scholar.google.com/&scioq=%22waist+circumference%22+nigeria&hl=en&as_sdt=0,5&as_ylo=2006&as_yhi=2010&as_vis=1"
0,"UINI DIETARIES","DP8-03 USE OF MODIFIED GROWTH EQUATION FOR MICROBIAL RISK ASSESSMENT IN DEVELOPING COUNTRIES",,"search.proquest.com","","https://search.proquest.com/openview/aa043fd4218680bfe3f1a62dd4c1c003/1?pq-origsite=gscholar&cbl=32607","",850,"2021-07-17 17:21:18","","","","",,,,,0,0.00,0,1,,"Page 1. 138 significant increases in their consumption, while production increased mildly. Ongoing analyses will determine whether quantitative data support community perceptions of changes in diet related to nutrition knowledge …","https://www.karger.com/Article/PDF/248281",""
0,"BJB Rocha","Avaliação do impacto de um programa de acompanhamento farmacoterapêutico em idosos com Diabetes Mellitus",2010,"","ri.ufs.br","https://ri.ufs.br/jspui/handle/123456789/3684","",851,"2021-07-17 17:21:18","","","","",,,,,0,0.00,0,1,11,"… therapy profiles (glycated hemoglobin - HbA1c, capillary glucose, blood pressure - BP, body mass index - BMI, and waist circumference) … capillary glucose, BP (systolic and diastolic) and waist circumference before and after PC interventions (p <0.05) …","https://ri.ufs.br/bitstream/riufs/3684/1/BLICIE_JENNIFER_BALISA_ROCHA.pdf","https://scholar.google.com/scholar?q=related:bzh9nl8_iMQJ:scholar.google.com/&scioq=%22waist+circumference%22+nigeria&hl=en&as_sdt=0,5&as_ylo=2006&as_yhi=2010&as_vis=1"
17,"SI Ao","Data mining and applications in genomics",2008,"","books.google.com","https://books.google.com/books?hl=en&lr=&id=pZWAaN_y5qYC&oi=fnd&pg=PR2&dq=%22waist+circumference%22+nigeria&ots=Xg7-6GsTbr&sig=Jz5BJ58Xp-BJAeC9iTRpbJRTsvI","https://scholar.google.com/scholar?cites=9910666395021213361&as_sdt=2005&sciodt=0,5&hl=en",852,"2021-07-17 17:21:18","BOOK","","","",,,,,17,1.31,17,1,13,"… Chambers et al. (2008) carried out a genome-wide association study of more than 300,000 SNPs for insulin resistance and related phenotypes. It is found that common genetic variation near MC4R is associated with waist circumference and insulin resistance …","","https://scholar.google.com/scholar?q=related:sf6jypPCiYkJ:scholar.google.com/&scioq=%22waist+circumference%22+nigeria&hl=en&as_sdt=0,5&as_ylo=2006&as_yhi=2010&as_vis=1"
11,"JL Veerman","Quantitative health impact assessment: an exploration of methods and validity",2007,"","repub.eur.nl","https://repub.eur.nl/pub/10490/070912_Veerman,%20Jacob%20Lennert.pdf","https://scholar.google.com/scholar?cites=2172411286449740188&as_sdt=2005&sciodt=0,5&hl=en",853,"2021-07-17 17:21:18","BOOK","","","",,,,,11,0.79,11,1,14,"Page 1. Quantitative Health Impact Assessment An exploration of methods and validity Lennert Veerman Page 2. Painting on cover: “The Crystal Ball” (1902) by John William Waterhouse. Quantitative health impact assessment …","https://repub.eur.nl/pub/10490/070912_Veerman,%20Jacob%20Lennert.pdf","https://scholar.google.com/scholar?q=related:nNniGo70JR4J:scholar.google.com/&scioq=%22waist+circumference%22+nigeria&hl=en&as_sdt=0,5&as_ylo=2006&as_yhi=2010&as_vis=1"
0,"VA Clark, GH SharwoodSmith…","Bibliography Current World Literature",2006,"Current Opinion in …","journals.lww.com","https://journals.lww.com/co-anesthesiology/fulltext/2006/06000/current_world_literature.20.aspx","",854,"2021-07-17 17:21:18","","","","",,,,,0,0.00,0,3,15,"You may be trying to access this site from a secured browser on the server. Please enable scripts and reload this page. Log in Your account has been temporarily locked Your account has been temporarily locked due to incorrect …","",""
0,"Q Yuan","Application of double sampling to combine measured and imputed genotype data in genetic association studies",2010,"","search.proquest.com","https://search.proquest.com/openview/8bd2445d44e714cf8addd63e22ae72de/1?pq-origsite=gscholar&cbl=18750","",855,"2021-07-17 17:21:18","BOOK","","","",,,,,0,0.00,0,1,11,"… has several million well- defined SNPs genotyped for 269 individuals: 30 trios of US residents of northern and western European ancestry (CEU), 44 unrelated individuals from Tokyo (JPT), 45 unrelated Han Chinese from Beijing (CHB), and 30 trios from Ibadan, Nigeria (YRI) …","https://ir.stonybrook.edu/xmlui/bitstream/handle/11401/72722/Yuan_grad.sunysb_0771E_10347.pdf?sequence=1","https://scholar.google.com/scholar?q=related:COF6Jiby_nUJ:scholar.google.com/&scioq=%22waist+circumference%22+nigeria&hl=en&as_sdt=0,5&as_ylo=2006&as_yhi=2010&as_vis=1"
3,"IA Kida","Examining tooth loss, oral impacts on daily performances and satisfaction with chewing ability: a household survey of older adults in Tanzania",2007,"","bora.uib.no","https://bora.uib.no/bora-xmlui/handle/1956/2493","https://scholar.google.com/scholar?cites=12252245646989325370&as_sdt=2005&sciodt=0,5&hl=en",856,"2021-07-17 17:21:18","","","","",,,,,3,0.21,3,1,14,"… Osterberg et al., (2006) Sweden U 2000/01 CD 70 484 20.9* 7 Low education Smoking Un married High waist circumference Physical inactivity Table 1. continued on next page … Taiwo and Omokhodion, (2006) Nigeria - - CD ≥ 65 690 52 1.3 Periodontal disease Older age …","https://bora.uib.no/bora-xmlui/bitstream/handle/1956/2493/Dr_Avh_Irene_Anderson_Kida.pdf?sequence=1&isAllowed=y","https://scholar.google.com/scholar?q=related:OvSfMYC4CKoJ:scholar.google.com/&scioq=%22waist+circumference%22+nigeria&hl=en&as_sdt=0,5&as_ylo=2006&as_yhi=2010&as_vis=1"
0,"D Zion","Co-editor Monash Bioethics Review",2006,"Monash Bioethics Review","researchgate.net","https://www.researchgate.net/profile/Malcolm-Parker/publication/43455897_Prenatal_diagnosis_discrimination_medicalisation_and_eugenics/links/5c8ffd0745851564fae6c1e5/Prenatal-diagnosis-discrimination-medicalisation-and-eugenics.pdf","",857,"2021-07-17 17:21:18","PDF","","","",,,,,0,0.00,0,1,15,"Page 1. Monash Bioethics Review Vol. 25 No. 3 1 July 2006 EDITORIAL In April this year The University of Newcastle hosted a conference on the topic of 'Disease-Mongering.' This expression was first used by Lynn Payer in …","https://www.researchgate.net/profile/Malcolm-Parker/publication/43455897_Prenatal_diagnosis_discrimination_medicalisation_and_eugenics/links/5c8ffd0745851564fae6c1e5/Prenatal-diagnosis-discrimination-medicalisation-and-eugenics.pdf","https://scholar.google.com/scholar?q=related:Iwj5vok0S0YJ:scholar.google.com/&scioq=%22waist+circumference%22+nigeria&hl=en&as_sdt=0,5&as_ylo=2006&as_yhi=2010&as_vis=1"
0,"M Zanovec","The Impact of Self-Reported Physical Activity Levels on the Prediction of Body Fatness from BMI in White and Black College Students",2008,"","digitalcommons.lsu.edu","https://digitalcommons.lsu.edu/gradschool_theses/4003/","",858,"2021-07-17 17:21:18","","","","",,,,,0,0.00,0,1,13,"Page 1. Louisiana State University LSU Digital Commons LSU Master's Theses Graduate School 2008 The Impact of Self-Reported Physical Activity Levels on the Prediction of Body Fatness from BMI in White and Black College Students …","https://digitalcommons.lsu.edu/cgi/viewcontent.cgi?article=5002&context=gradschool_theses","https://scholar.google.com/scholar?q=related:syofGpEX0FIJ:scholar.google.com/&scioq=%22waist+circumference%22+nigeria&hl=en&as_sdt=0,5&as_ylo=2006&as_yhi=2010&as_vis=1"
4,"JA Adwok","Changing lifestyles and risk of hypertension in an African population: The alcohol factor",2010,"","search.proquest.com","https://search.proquest.com/openview/07c990dcf7033e39490558624e6d74ac/1?pq-origsite=gscholar&cbl=18750","https://scholar.google.com/scholar?cites=16857846668565824094&as_sdt=2005&sciodt=0,5&hl=en",859,"2021-07-17 17:21:18","","","","",,,,,4,0.36,4,1,11,"… calculation of BMI, BP, random blood glucose, and total cholesterol levels and found similar results to the Nigerian Study (Tibazarwa, Ntyintyane, Sliwa, Gerntholtz, & Carrington, 2009) … activity, history of diabetes, waist circumference, blood glucose, and blood lipids. The …","https://www.academia.edu/download/31334051/Final_Dissertation_--JA.pdf","https://scholar.google.com/scholar?q=related:XkLedToa8-kJ:scholar.google.com/&scioq=%22waist+circumference%22+nigeria&hl=en&as_sdt=0,5&as_ylo=2006&as_yhi=2010&as_vis=1"
1,"H Groenvynck, J Fontaine, R Fisher","Acquiescence bias: exploring the applicability of ipsative scoring and acquiescence modeling",2008,"19th International Congress of …","biblio.ugent.be","https://biblio.ugent.be/publication/1043481","https://scholar.google.com/scholar?cites=10945822847463930486&as_sdt=2005&sciodt=0,5&hl=en",860,"2021-07-17 17:21:18","","","","",,,,,1,0.08,0,3,13,"Page 1. Book of Abstracts of the 19 th International Congress of the International Association for Cross-Cultural Psychology Edited by Franziska Deutsch, Lidet Tadesse, Natalie Schnelle, Jessica Price, and Klaus Boehnke Page 2. 4 Preface …","https://biblio.ugent.be/publication/1043481/file/1898556.pdf","https://scholar.google.com/scholar?q=related:djpx5eJf55cJ:scholar.google.com/&scioq=%22waist+circumference%22+nigeria&hl=en&as_sdt=0,5&as_ylo=2006&as_yhi=2010&as_vis=1"
5,"A from Bahrain","From the Editor",2009,"Middle East Journal of Family Medicine","mejfm.com","http://www.mejfm.com/Newarchives2013/MEJFM_Vol7_Iss1.pdf","https://scholar.google.com/scholar?cites=5278201174519108706&as_sdt=2005&sciodt=0,5&hl=en",861,"2021-07-17 17:21:18","PDF","","","",,,,,5,0.42,5,1,12,"Page 1. MIDDLE EAST JOURNAL OF FAMILY MEDICINE • VOLUME 7, ISSUE 1 Chief Editor: Abdulrazak Abyad MD, MPH, AGSF, AFCHSE Email: aabyad@cyberia.net.lb Assistant to the Editor: Ms Rima Khatib Email: Rima@amc-lb.com …","http://www.mejfm.com/Newarchives2013/MEJFM_Vol7_Iss1.pdf","https://scholar.google.com/scholar?q=related:YtRCzADwP0kJ:scholar.google.com/&scioq=%22waist+circumference%22+nigeria&hl=en&as_sdt=0,5&as_ylo=2006&as_yhi=2010&as_vis=1"
26,"V Fuster, BB Kelly","Epidemiology of cardiovascular disease",2010,"… health in the developing world: A critical …","ncbi.nlm.nih.gov","https://www.ncbi.nlm.nih.gov/books/NBK45688/","https://scholar.google.com/scholar?cites=16837748993766521861&as_sdt=2005&sciodt=0,5&hl=en",862,"2021-07-17 17:21:18","HTML","","","",,,,,26,2.36,13,2,11,"In recent years, the dominance of chronic diseases as major contributors to total global mortality has emerged and has been previously described in detail elsewhere (Adeyi et al., 2007; WHO, 2008b). By 2005, the total number of cardiovascular disease (CVD) deaths (mainly coronary …","https://www.ncbi.nlm.nih.gov/books/NBK45688/","https://scholar.google.com/scholar?q=related:Bfyk5n-zq-kJ:scholar.google.com/&scioq=%22waist+circumference%22+nigeria&hl=en&as_sdt=0,5&as_ylo=2006&as_yhi=2010&as_vis=1"
0,"KO Alyahya","Extent of Vitamin D Deficiency in Kuwaiti Adolescent Females: Implications for Peak Bone Mass Attainment",2008,"","search.proquest.com","https://search.proquest.com/openview/3ce83818e2983431d04a827f026ac88c/1?pq-origsite=gscholar&cbl=2026366","",863,"2021-07-17 17:21:18","BOOK","","","",,,,,0,0.00,0,1,13,"… women (24.5 16.15 nmol/L). These findings were also supported by other studies in Nigeria (Okonofua et al, 1986), Iran (Hashemipour et al, 2004) and Turkey (Guzel et al, 2001; Hatun et al, 2005). Although these studies provide …","https://openresearch.surrey.ac.uk/view/delivery/44SUR_INST/12139202370002346/13140316590002346","https://scholar.google.com/scholar?q=related:3n7onwaJejgJ:scholar.google.com/&scioq=%22waist+circumference%22+nigeria&hl=en&as_sdt=0,5&as_ylo=2006&as_yhi=2010&as_vis=1"
0,"VK NYAWORNOTA","Assessment of Physical Activity on Overweight Among Senior High School Students in The Accra Metropolis Wurapa",2010,"","ugspace.ug.edu.gh","http://ugspace.ug.edu.gh/handle/123456789/8803","",864,"2021-07-17 17:21:18","","","","",,,,,0,0.00,0,1,11,"Page 1. SCHOOL OF PUBLIC HEALTH, COLLEGE OF HEALTH SCIENCES, UNIVERSITY OF GHANA LEGON TOPIC: ASSESSMENT OF PHYSICAL ACTIVITY ON OVERWEIGHT AMONG SENIOR HIGH SCHOOL STUDENTS IN THE ACCRA METROPOLIS …","http://ugspace.ug.edu.gh/bitstream/handle/123456789/8803/Assessment%20of%20Physical%20Activity%20on%20Overweight%20Among%20Senior%20High%20School%20Students%20in%20The%20Accra%20Metropolis%20Wurapa%20-2010.pdf?sequence=1","https://scholar.google.com/scholar?q=related:MEeJfMgFdyoJ:scholar.google.com/&scioq=%22waist+circumference%22+nigeria&hl=en&as_sdt=0,5&as_ylo=2006&as_yhi=2010&as_vis=1"
0,"S Ma","A biomarker study of Chinese type 2 diabetic subjects: relationships between antioxidants, oxidative stress, hyperglycaemia and APOE polymorphism, and the effect of …",2008,"","theses.lib.polyu.edu.hk","https://theses.lib.polyu.edu.hk/handle/200/5167","",865,"2021-07-17 17:21:18","","","","",,,,,0,0.00,0,1,13,"Page 1. Page 2. The Hong Kong Polytechnic University Department of Health Technology & Informatics A Biomarker Study of Chinese Type 2 Diabetic Subjects: Relationships between Antioxidants, Oxidative Stress, Hyperglycaemia and APOE Polymorphism, and the Effect of …","https://theses.lib.polyu.edu.hk/bitstream/200/5167/1/b22391198.pdf","https://scholar.google.com/scholar?q=related:e2suXJeWH-YJ:scholar.google.com/&scioq=%22waist+circumference%22+nigeria&hl=en&as_sdt=0,5&as_ylo=2006&as_yhi=2010&as_vis=1"
0,"O Organ, A Deutsche","of Medical Research",2007,"EUROPEAN JOURNAL OF MEDICAL …","daignet.de","https://daignet.de/site-content/die-daig/fachorgan/pdfs/eur-j-med-res12-suppl-IV-205.pdf","",866,"2021-07-17 17:21:18","PDF","","","",,,,,0,0.00,0,2,14,"Page 1. of Medical Research I.Holzapfel Munich Germany Medical Scientific Publications Official Organ » Deutsche AIDS-Gesellschaft« VOLUME 12 / SUPPLEMENT IV OCTOBER 7, 2007 Eur J Med Res 12(Supplement IV): I-XXIV, 1-204(2007) ISSN 0949-2321 …","https://daignet.de/site-content/die-daig/fachorgan/pdfs/eur-j-med-res12-suppl-IV-205.pdf",""
1,"N Chapuis-Lucciani, AM Guihard-Costa, G Boëtsch","L'anthropologie du vivant: objets et méthodes",2010,"","researchgate.net","https://www.researchgate.net/profile/Anne-Marie-Guihard-Costa/publication/271528503_L'anthropologie_du_vivant_objets_et_methodes/links/54cce3940cf298d6565bfc44/Lanthropologie-du-vivant-objets-et-methodes.pdf","https://scholar.google.com/scholar?cites=18444356289712279518&as_sdt=2005&sciodt=0,5&hl=en",867,"2021-07-17 17:21:18","PDF","","","",,,,,1,0.09,0,3,11,"Page 1. Nicole CHAPUIS-LUCCIANI, Anne-Marie GUIHARD-COSTA et Gilles BOETSCH L'anthropologie du vivant : objets et méthodes L'anthropologie du vivant : objets et méthodes - 2010 Editeur : CNRS GDR 3267 Paris - 2010 Page 2 …","https://www.researchgate.net/profile/Anne-Marie-Guihard-Costa/publication/271528503_L'anthropologie_du_vivant_objets_et_methodes/links/54cce3940cf298d6565bfc44/Lanthropologie-du-vivant-objets-et-methodes.pdf","https://scholar.google.com/scholar?q=related:3s8Kt1KE9_8J:scholar.google.com/&scioq=%22waist+circumference%22+nigeria&hl=en&as_sdt=0,5&as_ylo=2006&as_yhi=2010&as_vis=1"
9,"KC Ferdinand, A Armani","Cardiovascular disease in racial and ethnic minorities",2010,"","books.google.com","https://books.google.com/books?hl=en&lr=&id=p_AAmNmaBMEC&oi=fnd&pg=PR7&dq=%22waist+circumference%22+nigeria&ots=O12RxY5zQl&sig=B99QnRnBujn_d93txqs6Tq8nfzU","https://scholar.google.com/scholar?cites=9834379252262182937&as_sdt=2005&sciodt=0,5&hl=en",868,"2021-07-17 17:21:18","BOOK","","","",,,,,9,0.82,5,2,11,"Page 1. Cardiovascular Disease in Racial and Ethnic Minorities Edited by Keith C. Ferdinand, MD Annemarie M. Armani, MD w"". # Humana Press Page 2. Cardiovascular Disease in Racial and Ethnic Minorities Page 3. CONTEMPORARY …","","https://scholar.google.com/scholar?q=related:GSCPPdO7eogJ:scholar.google.com/&scioq=%22waist+circumference%22+nigeria&hl=en&as_sdt=0,5&as_ylo=2006&as_yhi=2010&as_vis=1"
0,"R Goldman","DNA Repair and Ethnic Differences in Prostate Cancer Risk",2008,"","apps.dtic.mil","https://apps.dtic.mil/sti/citations/ADA487027","",869,"2021-07-17 17:21:18","","","","",,,,,0,0.00,0,1,13,"Page 1. AD_____ Award Number: W81XWH-04-1-0294 TITLE: DNA Repair and Ethnic Differences in Prostate Cancer Risk PRINCIPAL INVESTIGATOR: Radoslav Goldman, Ph.D. CONTRACTING ORGANIZATION: Georgetown University Washington DC 20057 …","https://apps.dtic.mil/sti/pdfs/ADA487027.pdf","https://scholar.google.com/scholar?q=related:4O7uEbOmrpIJ:scholar.google.com/&scioq=%22waist+circumference%22+nigeria&hl=en&as_sdt=0,5&as_ylo=2006&as_yhi=2010&as_vis=1"
0,"CC Leiras","Association between prolactin and mammographic breast density",2009,"","d-scholarship.pitt.edu","http://d-scholarship.pitt.edu/6906/","",870,"2021-07-17 17:21:18","","","","",,,,,0,0.00,0,1,12,"Page 1. ASSOCIATION BETWEEN PROLACTIN AND MAMMOGRAPHIC BREAST DENSITY by Claudia Costa Leiras BS, College of Mount Saint Vincent, 1997 MS, University at Buffalo, 2000 Submitted to the Graduate Faculty of …","http://d-scholarship.pitt.edu/6906/1/LeirasCC_ETD_2009.pdf","https://scholar.google.com/scholar?q=related:pXfAQn_coXwJ:scholar.google.com/&scioq=%22waist+circumference%22+nigeria&hl=en&as_sdt=0,5&as_ylo=2006&as_yhi=2010&as_vis=1"
2,"HR Lajunen","Leisure activities and obesity in adolescence: a follow-up study among twins",2010,"","helda.helsinki.fi","https://helda.helsinki.fi/handle/10138/20360","https://scholar.google.com/scholar?cites=2717965486006520449&as_sdt=2005&sciodt=0,5&hl=en",871,"2021-07-17 17:21:18","","","","",,,,,2,0.18,2,1,11,"Page 1. Department of Public Health University of Helsinki LEISURE ACTIVITIES AND OBESITY IN ADOLESCENCE - A FOLLOW-UP STUDY AMONG TWINS Hanna-Reetta Lajunen ACADEMIC DISSERTATION To be presented …","https://helda.helsinki.fi/bitstream/handle/10138/20360/leisurea.pdf?sequence=1","https://scholar.google.com/scholar?q=related:gcowiTUnuCUJ:scholar.google.com/&scioq=%22waist+circumference%22+nigeria&hl=en&as_sdt=0,5&as_ylo=2006&as_yhi=2010&as_vis=1"
0,"R Azziz, E Carmina, D Dewailly","Bibliography Current World Literature Vol 19 No 4 August 2007",2007,"J Clin Endocrinol Metab","journals.lww.com","https://journals.lww.com/co-pediatrics/Fulltext/2007/08000/Current_World_Literature.21.aspx","",872,"2021-07-17 17:21:18","","","","",,,,,0,0.00,0,3,14,"You may be trying to access this site from a secured browser on the server. Please enable scripts and reload this page. Log in Your account has been temporarily locked Your account has been temporarily locked due to incorrect …","",""
0,"LM Daltoé","Hábito dietético em doenças crônico degenerativas associadas ao envelhecimento: caracterização do perfil nutricional de um grupo de pacientes diabéticos …",2006,"","tede2.pucrs.br","http://tede2.pucrs.br/tede2/handle/tede/2549","",873,"2021-07-17 17:21:18","","","","",,,,,0,0.00,0,1,15,"Page 1. INSTITUTO DE GERIATRIA E GERONTOLOGIA Programa de Pós-Graduação em Gerontologia Biomédica Dissertação de Mestrado HÁBITO DIETÉTICO EM DOENÇAS CRÔNICO DEGENERATIVAS ASSOCIADAS …","http://tede2.pucrs.br/tede2/bitstream/tede/2549/1/384505.pdf","https://scholar.google.com/scholar?q=related:X6a63VYANIEJ:scholar.google.com/&scioq=%22waist+circumference%22+nigeria&hl=en&as_sdt=0,5&as_ylo=2006&as_yhi=2010&as_vis=1"
0,"S Ahmad","Immunochemical studies on methylglyoxal modified human DNA: Role in diabetes mellitus",2010,"","core.ac.uk","https://core.ac.uk/download/pdf/144524523.pdf","",874,"2021-07-17 17:21:18","PDF","","","",,,,,0,0.00,0,1,11,"Page 1. IMMUNOCHEMICAL STUDIES ON METHYLGLYOXAL MODIFIED HUMAN DNA: ROLE IN DIABETES MELLITUS VABSTRACT:? OF THE ^7H/ SaeiVflTTED FOR THE AWARD OF THE DEGREE OF f% BIOCHEMISTRY^ ' SAHEEM AHMAD …","https://core.ac.uk/download/pdf/144524523.pdf",""
0,"D MELLITUS","SEVERE MENTAL ILLNESS",2007,"… Metabolic Abnormalities in the Psychiatrically Ill: A …","books.google.com","https://books.google.com/books?hl=en&lr=&id=Rt4ImtRBsVAC&oi=fnd&pg=PA121&dq=%22waist+circumference%22+nigeria&ots=ltaq9T1Vrb&sig=rHQL-ZJEcW8YAL5FMcx8KK6AQFg","",875,"2021-07-17 17:21:18","","","","",,,,,0,0.00,0,1,14,"Page 135. Chapter 4 SEVERE MENTAL ILLNESS AND DIABETES MELLITUS Paul E. Keck Jr., MD Susan L. McElroy, MD Rakesh Kaneria, MD In 1879, Sir Henry Maudsley observed that “diabetes is a disease which often shows …","","https://scholar.google.com/scholar?q=related:luUygFYGyU0J:scholar.google.com/&scioq=%22waist+circumference%22+nigeria&hl=en&as_sdt=0,5&as_ylo=2006&as_yhi=2010&as_vis=1"
0,"MC Coletta","An fMRI study of proneness to overeating: effects of hunger status, food stimuli, and level of restraint",2007,"","idea.library.drexel.edu","https://idea.library.drexel.edu/islandora/object/idea%3A1762/datastream/OBJ/view","",876,"2021-07-17 17:21:18","PDF","","","",,,,,0,0.00,0,1,14,"Page 1. An fMRI Study of Proneness to Overeating: Effects of Hunger Status, Food Stimuli, and Level of Restraint A Thesis Proposal Submitted to the Faculty of Drexel University by Maria Christina Coletta, MS in partial fulfillment of the requirements for the degree of …","https://idea.library.drexel.edu/islandora/object/idea%3A1762/datastream/OBJ/view",""
2,"MA Bassier-Paltoo, LMC Monteiro…","Section II: Poster Sessions",2009,"Journal of Urban Health …","Springer","https://link.springer.com/article/10.1007/s11524-009-9361-8","https://scholar.google.com/scholar?cites=4808204230681066335&as_sdt=2005&sciodt=0,5&hl=en",877,"2021-07-17 17:21:18","HTML","10.1007/s11524-009-9361-8","","",,,,,2,0.17,1,3,12,"… P01–11 Knowledge and attitude towards utilization of cervical cytology screening among women in Ibadan, Nigeria. OO Adetule 1 , OO Adetule 2. 1 University College Hospital, School of Nursing, Ibadan, Nigeria, 2 University of Ibadan, Dept. of EMSEH, Ibadan, Nigeria …","https://link.springer.com/article/10.1007/s11524-009-9361-8","https://scholar.google.com/scholar?q=related:X3tG2UUsukIJ:scholar.google.com/&scioq=%22waist+circumference%22+nigeria&hl=en&as_sdt=0,5&as_ylo=2006&as_yhi=2010&as_vis=1"
0,"DS Casagrande","Perfil nutricional, metabólico e ósseo de pacientes com obesidade mórbida candidatos a cirurgia bariátrica",2010,"","lume.ufrgs.br","https://www.lume.ufrgs.br/bitstream/handle/10183/25109/000751758.pdf?...","",878,"2021-07-17 17:21:18","PDF","","","",,,,,0,0.00,0,1,11,"Page 1. Universidade Federal do Rio Grande do Sul Faculdade de Medicina Programa de Pós-Graduação em Ciências Médicas: Endocrinologia Mestrado e Doutorado Perfil nutricional, metabólico e ósseo de pacientes com obesidade mórbida candidatos a cirurgia bariátrica …","https://www.lume.ufrgs.br/bitstream/handle/10183/25109/000751758.pdf?...","https://scholar.google.com/scholar?q=related:tsjz9O0pUCgJ:scholar.google.com/&scioq=%22waist+circumference%22+nigeria&hl=en&as_sdt=0,5&as_ylo=2006&as_yhi=2010&as_vis=1"
0,"A Ulugia-Veukiso, L Perese, KS Samu, C Sepuloni…","Phase One",,"researchgate.net","","https://www.researchgate.net/profile/Lana-Perese/publication/255664532_Phase_One_Literature_Review/links/569804b708ae1c4279053780/Phase-One-Literature-Review.pdf","",879,"2021-07-17 17:21:18","PDF","","","",,,,,0,0.00,0,5,,"Page 1. Workforce Development A study of Pacific non-regulated workers Phase One Literature Review Auckland Uniservices Limited A wholly owned company of The University of Auckland Prepared for: Health Research Council …","https://www.researchgate.net/profile/Lana-Perese/publication/255664532_Phase_One_Literature_Review/links/569804b708ae1c4279053780/Phase-One-Literature-Review.pdf","https://scholar.google.com/scholar?q=related:1d30GCu49d0J:scholar.google.com/&scioq=%22waist+circumference%22+nigeria&hl=en&as_sdt=0,5&as_ylo=2006&as_yhi=2010&as_vis=1"
0,"R Jackson","my ElEvEn yEARs TREATIng sKIn dIsEAsE on BAffIn IslAnd, nunAvuT, CAnAdA–wHAT I sAw, wHAT I dId",2010,"Congress on Circumpolar Health July 11-16, 2009 …","Taylor & Francis","https://www.tandfonline.com/doi/pdf/10.1080/22423982.2010.11864609#page=509","",880,"2021-07-17 17:21:18","","10.1080/22423982.2010.11864609#page=509","","",,,,,0,0.00,0,1,11,"… In 1991, a world survey by the International Study of Asthma and Allergies in Childhood (ISAAC), demonstrated that Nigeria, United Kingdom, Finland, Sweden and Ethiopia had prevalences of 15% or more in 13–14 year olds (3). Hywel Williams, in his text on dermato-epide …","https://www.researchgate.net/profile/Korolenko-Tatyana/publication/288147410_Cystatin_C_atherosclerosis_and_lipid-lowering_therapy_by_statins/links/57519b6b08ae10d9337093b0/Cystatin-C-atherosclerosis-and-lipid-lowering-therapy-by-statins.pdf#page=509","https://scholar.google.com/scholar?q=related:Bv_G3PBr4e4J:scholar.google.com/&scioq=%22waist+circumference%22+nigeria&hl=en&as_sdt=0,5&as_ylo=2006&as_yhi=2010&as_vis=1"
0,"E LONDON","Epidemiology of tuberculosis",,"thorax.bmj.com","","https://thorax.bmj.com/content/61/suppl_2/ii3.short","",881,"2021-07-17 17:21:18","","","","",,,,,0,0.00,0,1,,"… L. Lawson, MA Yassin, OO Olatunji, TD Thacher, SB Squire, JO Lawson, TI Akinbogun, CSS Bello, K. Tocque, LE Cuevas, PDO Davies.Zankli Clinic, Abuja, Nigeria, Liverpool School Tropical Medicine, John Moores University, Liverpool and Tuberculosis Research Unit …","https://www.researchgate.net/profile/Margaret-Macdougall/publication/295276453_Characterisation_of_frequent_exacerbators_of_chronic_obstructive_pulmonary_disease_using_the_body_mass_index_airflow_obstruction_dyspnoea_and_exercise_capacity_BODE_index/links/56d9b03c08aebe4638bb94ad/Characterisation-of-frequent-exacerbators-of-chronic-obstructive-pulmonary-disease-using-the-body-mass-index-airflow-obstruction-dyspnoea-and-exercise-capacity-BODE-index.pdf",""
4,"A Bohlen","Der"" Body Mass Index"": eine bibliometrische Analyse",2010,"","refubium.fu-berlin.de","https://refubium.fu-berlin.de/handle/fub188/13995","https://scholar.google.com/scholar?cites=17247216696705311574&as_sdt=2005&sciodt=0,5&hl=en",882,"2021-07-17 17:21:18","","","","",,,,,4,0.36,4,1,11,"Page 1. Aus dem Institut für Arbeitsmedizin der Medizinischen Fakultät Charité – Universitätsmedizin Berlin DISSERTATION Der „Body Mass Index“ – Eine bibliometrische Analyse zur Erlangung des akademischen Grades Doctor medicinae (Dr. med.) …","https://refubium.fu-berlin.de/bitstream/handle/fub188/13995/Finale_VI_ohne_Lebenslauf.pdf?sequence=1&isAllowed=y","https://scholar.google.com/scholar?q=related:VmNOuzRsWu8J:scholar.google.com/&scioq=%22waist+circumference%22+nigeria&hl=en&as_sdt=0,5&as_ylo=2006&as_yhi=2010&as_vis=1"
0,"LG Wood, PG Gibson","Antioxidant defences are impaired in asthmatics with airway hyperresponsiveness, poor control and severe disease pattern",,"search.proquest.com","","https://search.proquest.com/openview/ad8ade634dc2a7ef40cc59d1f6c60fb3/1?pq-origsite=gscholar&cbl=54991","",883,"2021-07-17 17:21:18","","","","",,,,,0,0.00,0,2,,"Page 1. Australasian Medical Journal 2010, 1, 1 113-140 113 Thirty-Third Annual Scientific Meeting Joint Annual Scientific Meeting of the Nutrition Society of Australia & the Nutrition Society of New Zealand Newcastle, Australia, 8 - 11 December 2009 Poster Presentations …","",""
0,"V Ivezaj","Food for thought: An examination of the relationship between binge eating and psychological variables in a diverse college-student population",2008,"","commons.emich.edu","https://commons.emich.edu/theses/196/","",884,"2021-07-17 17:21:18","","","","",,,,,0,0.00,0,1,13,"Page 1. Eastern Michigan University DigitalCommons@EMU Master's Theses and Doctoral Dissertations …","https://commons.emich.edu/cgi/viewcontent.cgi?article=1195&context=theses","https://scholar.google.com/scholar?q=related:avEJxzPFFq8J:scholar.google.com/&scioq=%22waist+circumference%22+nigeria&hl=en&as_sdt=0,5&as_ylo=2006&as_yhi=2010&as_vis=1"
0,"ME Kruijshaar, I Abubakar, J Crofts, JM Watson","Spoken Sessions",2006,"Thorax","ncbi.nlm.nih.gov","https://www.ncbi.nlm.nih.gov/pmc/articles/PMC2104786/","",885,"2021-07-17 17:21:18","HTML","","","",,,,,0,0.00,0,4,15,"… Zankli Clinic, Abuja, Nigeria, Liverpool School Tropical Medicine, John Moores University, Liverpool and Tuberculosis Research Unit, Liverpool, UK. As part of a study of the effects of adding micronutrients to the treatment of …","https://www.ncbi.nlm.nih.gov/pmc/articles/PMC2104786/",""
0,"V Fuster, BB Kelly","Reducing the Burden of Cardiovascular Disease: Intervention Approaches",2010,"… Health in the Developing World: A Critical …","ncbi.nlm.nih.gov","https://www.ncbi.nlm.nih.gov/books/NBK45696/","",886,"2021-07-17 17:21:18","HTML","","","",,,,,0,0.00,0,2,11,"The preceding chapters have described the many interrelated risk factors that influence cardiovascular health, which involve aspects of economies and societies that extend far beyond public health and health systems. This underscores the complexity of any undertaking to promote …","https://www.ncbi.nlm.nih.gov/books/NBK45696/","https://scholar.google.com/scholar?q=related:0pD9FAXEkXgJ:scholar.google.com/&scioq=%22waist+circumference%22+nigeria&hl=en&as_sdt=0,5&as_ylo=2006&as_yhi=2010&as_vis=1"
4,"Y El Fadl","Dépistage de la néphropathie diabétique avérée dans la région Fès-Boulemane (A propos de 1029 cas)",2010,"","thesesenafrique.imist.ma","https://thesesenafrique.imist.ma/handle/123456789/1598","https://scholar.google.com/scholar?cites=4119323427041722747&as_sdt=2005&sciodt=0,5&hl=en",887,"2021-07-17 17:21:18","","","","",,,,,4,0.36,4,1,11,"Page 1. UNIVERSITE SIDI MOHAMMED BEN ABDELLAH FACULTE DE MEDECINE ET DE PHARMACIE FES Année Thèse N° / 2010 072 10 UNIVERSITE SIDI MOHAMMED BEN ABDELLAH FES DEPISTAGE DE LA NEPHROPATHIE DIABETIQUE AVEREE …","https://thesesenafrique.imist.ma/bitstream/handle/123456789/1598/THESE_EL%20FADL.pdf?sequence=1","https://scholar.google.com/scholar?q=related:e0HE79TGKjkJ:scholar.google.com/&scioq=%22waist+circumference%22+nigeria&hl=en&as_sdt=0,5&as_ylo=2006&as_yhi=2010&as_vis=1"
0,"T Jojima","P1-1 Diabetes mellitus 01",,"Development","jstage.jst.go.jp","https://www.jstage.jst.go.jp/article/endocrj/57/Suppl.2/57_57.S355/_article/-char/ja/","",888,"2021-07-17 17:21:18","","","","",,,,,0,0.00,0,1,,"Page 1. S355 Poster Presentations (P) Poster Presentations P1-1 Diabetes mellitus 01 March 27 (Sat.) 13:10-14:20 P1-1-1 Glimepiride upregulates eNOS activity and inhibits cytokine- induced NF-kB activation through a phosphoinoside …","https://www.jstage.jst.go.jp/article/endocrj/57/Suppl.2/57_57.S355/_pdf","https://scholar.google.com/scholar?q=related:6m9iy2NY7vwJ:scholar.google.com/&scioq=%22waist+circumference%22+nigeria&hl=en&as_sdt=0,5&as_ylo=2006&as_yhi=2010&as_vis=1"
0,"N Moussavi","Association entre le profil d'acides gras et la prévalence d'obésité: études écologique et transversale",2008,"","papyrus.bib.umontreal.ca","https://papyrus.bib.umontreal.ca/xmlui/bitstream/handle/1866/6516/Moussavi_Nadiah_2008_these.pdf","",889,"2021-07-17 17:21:18","PDF","","","",,,,,0,0.00,0,1,13,"Page 1. Direction des bibliothèques AVIS Ce document a été numérisé par la Division de la gestion des documents et des archives de l'Université de Montréal. L'auteur a autorisé l'Université de Montréal à reproduire et diffuser …","https://papyrus.bib.umontreal.ca/xmlui/bitstream/handle/1866/6516/Moussavi_Nadiah_2008_these.pdf","https://scholar.google.com/scholar?q=related:67t05BVTUlIJ:scholar.google.com/&scioq=%22waist+circumference%22+nigeria&hl=en&as_sdt=0,5&as_ylo=2006&as_yhi=2010&as_vis=1"
4,"PA Rouen","Study of women veterans in menopause",2009,"","search.proquest.com","https://search.proquest.com/openview/1a2573c60723667df8527b91efa5beb9/1?pq-origsite=gscholar&cbl=18750","https://scholar.google.com/scholar?cites=2995640210545464587&as_sdt=2005&sciodt=0,5&hl=en",890,"2021-07-17 17:21:18","BOOK","","","",,,,,4,0.33,4,1,12,"… In the WHI (Margolis et al., 2004), these effects remained significant even after adjusting for body mass index and waist circumference. These findings support a role for EPT in the prevention of DM in postmenopausal women …","https://deepblue.lib.umich.edu/bitstream/handle/2027.42/62196/prouen_1.pdf?sequence=1","https://scholar.google.com/scholar?q=related:C1VwYOamkikJ:scholar.google.com/&scioq=%22waist+circumference%22+nigeria&hl=en&as_sdt=0,5&as_ylo=2006&as_yhi=2010&as_vis=1"
0,"CBS Gill","AWARD SESSIONS",2007,"Indian Journal of Psychiatry","researchgate.net","https://www.researchgate.net/profile/Om-Prakash-18/publication/215520133_Sexual_side_effects_of_psychotropic_medications/links/0617c117bb54f2f1784d4ef7/Sexual-side-effects-of-psychotropic-medications.pdf","",891,"2021-07-17 17:21:18","PDF","","","",,,,,0,0.00,0,1,14,"Page 1. 1 Indian Journal of Psychiatry, Vol. 49: April, 2007 IJP Supplement This PDF is available for free download from a site hosted by Medknow Publications (www.medknow.com). AWARD SESSIONS COL. KIRPAL SINGH …","https://www.researchgate.net/profile/Om-Prakash-18/publication/215520133_Sexual_side_effects_of_psychotropic_medications/links/0617c117bb54f2f1784d4ef7/Sexual-side-effects-of-psychotropic-medications.pdf",""
0,"GR Kumar, RB Murali, KM Kumaran…","Dysphagia in elderly male: A case report",2010,"Indian J …","Springer","https://link.springer.com/article/10.1007/s12664-010-0063-7","",892,"2021-07-17 17:21:18","HTML","10.1007/s12664-010-0063-7","","",,,,,0,0.00,0,4,11,"… Background: The histopathology of the gastric mucosa in Non ulcer dyspepsia has rarely been studied and very few reports are available in India. Reports from Nigeria and Saudi arabia have shown changes in the gastric mucosa in NUD patients …","https://link.springer.com/article/10.1007/s12664-010-0063-7",""
0,"GA Betz, E Gerstner, M Olbrich…","Institute of Biochemical Plant Pathology",2009,"For …","push-zb.helmholtz-muenchen.de","https://push-zb.helmholtz-muenchen.de/overviews/hmgu_publications_2009_institute.pdf","",893,"2021-07-17 17:21:18","PDF","","","",,,,,0,0.00,0,4,12,"Page 1. Publication List 2009 31.12.2009 Institute of Biochemical Plant Pathology 17.06.2010 page 1 of 96 Albert, A.,Sareedenchai, V.,Heller, W.,Seidlitz, HK & Zidorn, C.: Temperature is the key to altitudinal variation of phenolics in Arnica montana L. cv. ARBO …","https://push-zb.helmholtz-muenchen.de/overviews/hmgu_publications_2009_institute.pdf",""
2,"MP Knibel","A influência da ingestão de flavonóides do cacau sobre o comportamento da pressão arterial e da função endotelial em hipertensos primários estágio I",2009,"Universidade do Rio de Janeiro","nbcgib.uesc.br","https://nbcgib.uesc.br/cicacau/arquivos/producao_tecnico_cientifica/a-influencia-da-ingestao-de-flavonoides-do-cacau-....pdf","https://scholar.google.com/scholar?cites=14543720099879547531&as_sdt=2005&sciodt=0,5&hl=en",894,"2021-07-17 17:21:18","PDF","","","",,,,,2,0.17,2,1,12,"Page 1. UNIVERSIDADE DO ESTADO DO RIO DE JANEIRO CENTRO BIOMÉDICO FACULDADE DE CIÊNCIAS MÉDICAS PÓS-GRADUAÇÃO EM FISIOPATOLOGIA CLÍNICA E EXPERIMENTAL FISCLINEX Marcela Paranhos Knibel …","https://nbcgib.uesc.br/cicacau/arquivos/producao_tecnico_cientifica/a-influencia-da-ingestao-de-flavonoides-do-cacau-....pdf","https://scholar.google.com/scholar?q=related:i3IH-l-s1ckJ:scholar.google.com/&scioq=%22waist+circumference%22+nigeria&hl=en&as_sdt=0,5&as_ylo=2006&as_yhi=2010&as_vis=1"
3,"GLB Daniels","A national study to compare the tolerability and effectiveness of colon cleansing preparations",2009,"","search.proquest.com","https://search.proquest.com/openview/d6f98f4e6bf9d32f5c83d78cbbec8037/1?pq-origsite=gscholar&cbl=18750","https://scholar.google.com/scholar?cites=14914360893910955759&as_sdt=2005&sciodt=0,5&hl=en",895,"2021-07-17 17:21:18","","","","",,,,,3,0.25,3,1,12,"Page 1. A NATIONAL STUDY TO COMPARE THE TOLERABILITY AND EFFECTIVENESS OF COLON CLEANSING PREPARATIONS by GLENDA LYNN BOWDEN DANIELS Presented to the Faculty of the Graduate School of …","https://rc.library.uta.edu/uta-ir/bitstream/handle/10106/1663/Daniels_uta_2502D_10212.pdf?sequence=1&isAllowed=y","https://scholar.google.com/scholar?q=related:7zaKnTZ0-s4J:scholar.google.com/&scioq=%22waist+circumference%22+nigeria&hl=en&as_sdt=0,5&as_ylo=2006&as_yhi=2010&as_vis=1"
0,"AT Whaley-Connell, O Ogedegbe, AN Makaryus","Hypertension in the High-Cardiovascular-Risk Populations",,"downloads.hindawi.com","","https://downloads.hindawi.com/journals/specialissues/590726.pdf","",896,"2021-07-17 17:21:18","PDF","","","",,,,,0,0.00,0,3,,"… High Prevalence and Low Awareness of Hypertension in a Market Population in Enugu, Nigeria, Ifeoma I. Ulasi, Chinwuba K. Ijoma, Basden JC Onwubere, Ejikeme Arodiwe, Obinna Onodugo, and Christian Okafor Volume 2011, Article ID 869675, 5 pages …","https://downloads.hindawi.com/journals/specialissues/590726.pdf","https://scholar.google.com/scholar?q=related:UsjVM2W4FesJ:scholar.google.com/&scioq=%22waist+circumference%22+nigeria&hl=en&as_sdt=0,5&as_ylo=2006&as_yhi=2010&as_vis=1"
0,"عصام احمد محمد مرتجى","Adequacy of glycemic control and serum lipid profile in hemodialysis of palestinian patients with diabetes mellitus",,"2009‎","dstore.alazhar.edu.ps","http://dstore.alazhar.edu.ps/xmlui/handle/123456789/1648","",897,"2021-07-17 17:21:18","","","","",,,,,0,0.00,0,1,,"Page 1. Al-Azhar University Gaza-Palestine ﺟ ـــ ـ ﺍ ﺔ ﺎ ــ ﺓ ـــ ﺑ ﺓ ــ – ــ Adequacy of Glycemic Control and Serum Lipid Profile in Hemodialysis of Palestinian Patients with Diabetes Mellitus A THESIS Submitted in Partial Fulfillment …","http://dstore.alazhar.edu.ps/xmlui/bitstream/handle/123456789/1648/20057005.pdf?sequence=1&isAllowed=y","https://scholar.google.com/scholar?q=related:js9VXSnF0wEJ:scholar.google.com/&scioq=%22waist+circumference%22+nigeria&hl=en&as_sdt=0,5&as_ylo=2006&as_yhi=2010&as_vis=1"
0,"M Smit","Fisieke fiksheid en fisieke aktiwiteit by Suid-Afrikaanse vroue",2008,"","repository.nwu.ac.za","http://repository.nwu.ac.za/handle/10394/2074","",898,"2021-07-17 17:21:18","","","","",,,,,0,0.00,0,1,13,"Page 1. FISIEKE FIKSHEID EN FISIEKE AKTIWITEIT BY SUID-AFRIKAANSE VROUE M. Smit Hons. B.Sc. Verhandeling Voorgele Vir Die Graad Magister Scientiae In Menslike Bewegingskunde aan Die Potchefstroomkampus van die Noordwes-Universiteit Studieleier …","http://repository.nwu.ac.za/bitstream/handle/10394/2074/smit_madelein%281%29.pdf?sequence=1","https://scholar.google.com/scholar?q=related:vtcAS7lvLx0J:scholar.google.com/&scioq=%22waist+circumference%22+nigeria&hl=en&as_sdt=0,5&as_ylo=2006&as_yhi=2010&as_vis=1"
0,"JGV Figueroa, S Rinehart, L Murrieta…","FIRST DEMONSTRATION BY IMMUNO-ELECTRON MICROSCOPY THAT BOTH HEPATIC AND INTESTINAL LIPOPROTEINS CONTRIBUTE TO HUMAN …",2010,"Journal of the …","spirometry.com","https://www.spirometry.com/wp-content/uploads/2009/01/International-TWIN-STUDY-2009.pdf","",899,"2021-07-17 17:21:18","PDF","","","",,,,,0,0.00,0,4,11,"Page 1. Workshop: CELLULAR CHOLESTEROL HOMEOSTASIS FIRST DEMONSTRATION BY IMMUNO-ELECTRON MICROSCOPY THAT BOTH HEPATIC AND INTESTINAL LIPOPROTEINS CONTRIBUTE TO HUMAN ATHEROSCLEROSIS …","https://www.spirometry.com/wp-content/uploads/2009/01/International-TWIN-STUDY-2009.pdf","https://scholar.google.com/scholar?q=related:2HsLey4qreYJ:scholar.google.com/&scioq=%22waist+circumference%22+nigeria&hl=en&as_sdt=0,5&as_ylo=2006&as_yhi=2010&as_vis=1"
1,"M Ljesic, H ASMOUKI, A SOUMMANI","L'éclampsie au CHU Mohammed VI de Marrakech",2008,"","wd.fmpm.uca.ma","http://wd.fmpm.uca.ma/biblio/theses/annee-htm/FT/2008/these96-08.pdf","https://scholar.google.com/scholar?cites=15055494436970908351&as_sdt=2005&sciodt=0,5&hl=en",900,"2021-07-17 17:21:18","PDF","","","",,,,,1,0.08,0,3,13,"Page 1. L'éclampsie au CHU Mohammed VI de Marrakech ANNEE 2008 THESE N° 96 L'ECLAMPSIE AU CHU MOHAMMED VI DE MARRAKECH THESE PRESENTEE ET SOUTENUE PUBLIQUEMENT LE ……………2008 PAR Mme Mounia LJESIC …","http://wd.fmpm.uca.ma/biblio/theses/annee-htm/FT/2008/these96-08.pdf","https://scholar.google.com/scholar?q=related:v0qFSWzc79AJ:scholar.google.com/&scioq=%22waist+circumference%22+nigeria&hl=en&as_sdt=0,5&as_ylo=2006&as_yhi=2010&as_vis=1"
3,"GD Ntandou","Transition nutritionnelle et facteurs de risque de maladies cardiovasculaires au Bénin: étude dans la ville secondaire de Ouidah et sa périphérie rurale",2010,"","papyrus.bib.umontreal.ca","https://papyrus.bib.umontreal.ca/xmlui/handle/1866/3718","https://scholar.google.com/scholar?cites=13308574481326711456&as_sdt=2005&sciodt=0,5&hl=en",901,"2021-07-17 17:21:18","","","","",,,,,3,0.27,3,1,11,"Page 1. Page 2. Université de Montréal Transition nutritionnelle et facteurs de risque de maladies cardiovasculaires au Bénin. Étude dans la ville secondaire de Ouidah et sa périphérie rurale par Gervais Deleuze Ntandou Bouzitou Département de Nutrition …","https://papyrus.bib.umontreal.ca/xmlui/bitstream/handle/1866/3718/NTANDOU_Gervais_B_2009_these.pdf?sequence=2","https://scholar.google.com/scholar?q=related:oKJOmvqNsbgJ:scholar.google.com/&scioq=%22waist+circumference%22+nigeria&hl=en&as_sdt=0,5&as_ylo=2006&as_yhi=2010&as_vis=1"
0,"KF Oliveira","Composição corporal, distúrbios metabólicos e deficiência de vitaminas A, E, C e B12 em crianças e adolescentes infectados pelo HIV.",2010,"","bdtd.uftm.edu.br","http://bdtd.uftm.edu.br/handle/tede/147","",902,"2021-07-17 17:21:18","","","","",,,,,0,0.00,0,1,11,"… significant difference, although 3,7% of individuals of G1 were classified as obese, 18,5% had higher percentage of body fat and having larger waist circumference records average, while in G2 none of the individuals were obese and 3,7% had higher amounts of body fat …","http://bdtd.uftm.edu.br/bitstream/tede/147/1/karoline.pdf","https://scholar.google.com/scholar?q=related:Ik0IKhJaLVIJ:scholar.google.com/&scioq=%22waist+circumference%22+nigeria&hl=en&as_sdt=0,5&as_ylo=2006&as_yhi=2010&as_vis=1"
0,"CD Ainsworth, CC Blake, A Tamayo, V Beletsky…","Atherosclerosis: cell biology and lipoproteins",2006,"Nutr Metab","journals.lww.com","https://journals.lww.com/co-lipidology/fulltext/2006/10000/current_world_literature.11.aspx","",903,"2021-07-17 17:21:18","","","","",,,,,0,0.00,0,5,15,"You may be trying to access this site from a secured browser on the server. Please enable scripts and reload this page. Log in Your account has been temporarily locked Your account has been temporarily locked due to incorrect …","",""
