Cites,Authors,Title,Year,Source,Publisher,ArticleURL,CitesURL,GSRank,QueryDate,Type,DOI,ISSN,CitationURL,Volume,Issue,StartPage,EndPage,ECC,CitesPerYear,CitesPerAuthor,AuthorCount,Age,Abstract,FullTextURL,RelatedURL
1,"AA Rufa'i, KI Sajoh, AL Oyeyemi…","Waist Circumference, Waist Hip Ratio and Body Mass Index in Female Undergraduates of a Tertiary Institution in Nigeria: a Cross-sectional Study",2019,"Internet Journal of …","nsuworks.nova.edu","https://nsuworks.nova.edu/ijahsp/vol17/iss1/12/","https://scholar.google.com/scholar?cites=571859092216529734&as_sdt=2005&sciodt=0,5&hl=en",1,"2021-07-17 23:32:21","","","","",,,,,1,0.50,0,4,2,"Purpose: Obesity and overweight are associated with variety of conditions detrimental to health, wellbeing and longevity. Waist circumference and waist to hip ratio are indicators of risk of central adiposity while body mass index is an indicator of overall risk of obesity. Body …","https://nsuworks.nova.edu/cgi/viewcontent.cgi?article=1803&context=ijahsp/","https://scholar.google.com/scholar?q=related:RsMkhdCm7wcJ:scholar.google.com/&scioq=%22waist+circumference%22+nigeria&hl=en&as_sdt=0,5&as_ylo=2019&as_yhi=2019&as_vis=1"
19,"EN Adejumo, AO Adejumo, A Azenabor…","Anthropometric parameter that best predict metabolic syndrome in South west Nigeria",2019,"Diabetes & Metabolic …","Elsevier","https://www.sciencedirect.com/science/article/pii/S1871402118303199","https://scholar.google.com/scholar?cites=3100382290308385024&as_sdt=2005&sciodt=0,5&hl=en",2,"2021-07-17 23:32:21","","","","",,,,,19,9.50,5,4,2,"… LAP) and waist circumference-triglyceride index (WTI) have been opined to be good predictors of MetS [[22], [23], [24], [25], [26], [27]]. However, no consensus has been agreed upon about the best anthropometric indices for evaluating the MetS. Some studies from Nigeria have …","https://publication.babcock.edu.ng/asset/docs/publications/MLSC/152/3168.pdf","https://scholar.google.com/scholar?q=related:AEm-OUTFBisJ:scholar.google.com/&scioq=%22waist+circumference%22+nigeria&hl=en&as_sdt=0,5&as_ylo=2019&as_yhi=2019&as_vis=1"
4,"N Hamjane, F Benyahya, MB Mechita…","The complications of overweight and obesity according to obesity indicators (body mass index and waist circumference values) in a population of Tangier (Northern …",2019,"Diabetes & Metabolic …","Elsevier","https://www.sciencedirect.com/science/article/pii/S1871402119304138","https://scholar.google.com/scholar?cites=934470677495960581&as_sdt=2005&sciodt=0,5&hl=en",3,"2021-07-17 23:32:21","","","","",,,,,4,2.00,1,4,2,"… Reviews. Original Article. The complications of overweight and obesity according to obesity indicators (body mass index and waist circumference values) in a population of Tangier (northern Morocco): A cross-sectional study. Author …","","https://scholar.google.com/scholar?q=related:BVQqUSHo9wwJ:scholar.google.com/&scioq=%22waist+circumference%22+nigeria&hl=en&as_sdt=0,5&as_ylo=2019&as_yhi=2019&as_vis=1"
0,"LE Oghenemavwe, CSD Orupabo, ZO Onisoman","Anthropometric Relation of Neck and Waist Circumference in Overweight and Obese Nigerian Subjects: Implication for the Fashion Industry.",,"researchgate.net","","https://www.researchgate.net/profile/Ese-Oghenemavwe/publication/334528321_Anthropometric_Relation_of_Neck_and_Waist_Circumference_in_Overweight_and_Obese_Nigerian_Subjects_Implication_for_the_Fashion_Industry/links/5e713e8b92851c93e0aa3234/Anthropometric-Relation-of-Neck-and-Waist-Circumference-in-Overweight-and-Obese-Nigerian-Subjects-Implication-for-the-Fashion-Industry.pdf","",4,"2021-07-17 23:32:21","PDF","","","",,,,,0,0.00,0,3,,"Introduction: In the local tailoring industries in Nigeria, it is generally assumed that the waist circumference is twice the neck circumference. Whether this is true for obese and overweight people is unknown. Objective: This study investigated the anthropometric relationship of the …","https://www.researchgate.net/profile/Ese-Oghenemavwe/publication/334528321_Anthropometric_Relation_of_Neck_and_Waist_Circumference_in_Overweight_and_Obese_Nigerian_Subjects_Implication_for_the_Fashion_Industry/links/5e713e8b92851c93e0aa3234/Anthropometric-Relation-of-Neck-and-Waist-Circumference-in-Overweight-and-Obese-Nigerian-Subjects-Implication-for-the-Fashion-Industry.pdf","https://scholar.google.com/scholar?q=related:zGGZPOO7yw4J:scholar.google.com/&scioq=%22waist+circumference%22+nigeria&hl=en&as_sdt=0,5&as_ylo=2019&as_yhi=2019&as_vis=1"
3,"SC Nwokediuko, O Adekanle, A Akere…","Irritable bowel syndrome in Nigeria: Disparity between the North and the South",2019,"Nigerian Journal of …","ajol.info","https://www.ajol.info/index.php/njgh/article/view/198549","https://scholar.google.com/scholar?cites=5508340627579053542&as_sdt=2005&sciodt=0,5&hl=en",5,"2021-07-17 23:32:21","","","","",,,,,3,1.50,1,4,2,"… designed to determine the prevalence and risk factors of IBS in Nigeria, a typical … In this observational, cross sectional and descriptive study of adult Nigerians, a questionnaire … Height, weight, body mass index, waist circumference, hip circumference and waist to hip ratio were …","","https://scholar.google.com/scholar?q=related:5qWzyJ2OcUwJ:scholar.google.com/&scioq=%22waist+circumference%22+nigeria&hl=en&as_sdt=0,5&as_ylo=2019&as_yhi=2019&as_vis=1"
7,"CI Enechukwu, AJ Onuegbu…","Oxidative stress markers and lipid profiles of patients with polycystic ovary syndrome in a Nigerian tertiary hospital",2019,"Obstetrics & …","synapse.koreamed.org","https://synapse.koreamed.org/articles/1132020","https://scholar.google.com/scholar?cites=18001635263788333384&as_sdt=2005&sciodt=0,5&hl=en",6,"2021-07-17 23:32:21","HTML","","","",,,,,7,3.50,2,3,2,"… with polycystic ovary syndrome in a Nigerian tertiary … profiles of patients with polycystic ovary syndrome (PCOS) in Nnamdi Azikiwe University Teaching Hospital Nnewi, Nigeria … The body mass index, waist circumference, and waist-hip ratio were all significantly higher in PCOS …","https://synapse.koreamed.org/articles/1132020","https://scholar.google.com/scholar?q=related:SLk_SuWn0vkJ:scholar.google.com/&scioq=%22waist+circumference%22+nigeria&hl=en&as_sdt=0,5&as_ylo=2019&as_yhi=2019&as_vis=1"
1,"BS Motswagole, PO Ukegbu, HS Kruger…","Waist circumference percentiles of black South African children aged 10-14 years from different study sites",2019,"South African journal …","journals.co.za","https://journals.co.za/doi/abs/10.7196/SAJCH.2019.v13i1.1543","https://scholar.google.com/scholar?cites=10998354740994939018&as_sdt=2005&sciodt=0,5&hl=en",7,"2021-07-17 23:32:21","","10.7196/SAJCH.2019.v13i1.1543","","",,,,,1,0.50,0,4,2,"… A study reported WC values among Nigerian children and adolescents,[15] but did not derive percentile curves … Waist circumference percentiles of black South … 3 Department of Human Nutrition and Dietetics, Michael Okpara University of Agriculture, Umuahia, Nigeria 4 Medical …","https://journals.co.za/doi/pdf/10.7196/SAJCH.2019.v13i1.1543","https://scholar.google.com/scholar?q=related:ipi8el0BopgJ:scholar.google.com/&scioq=%22waist+circumference%22+nigeria&hl=en&as_sdt=0,5&as_ylo=2019&as_yhi=2019&as_vis=1"
3,"OR Ibrahim, JK Afolabi, OT Adedoyin…","Prevalence and risk factors for hypertension among school children in Ilorin, Northcentral Nigeria",2019,"Journal of family & …","ncbi.nlm.nih.gov","https://www.ncbi.nlm.nih.gov/pmc/articles/PMC6755762/","https://scholar.google.com/scholar?cites=7002940363125616090&as_sdt=2005&sciodt=0,5&hl=en",8,"2021-07-17 23:32:21","HTML","","","",,,,,3,1.50,1,4,2,"… of 1.1% to 9.8%.[6,7,8,9] However, many of the Nigerian studies were … was to determine in a population of school children in Northcentral Nigeria, the prevalence … and anthropometric indices [weight, height, body mass index (BMI), hip circumference, waist circumference, waist-to …","https://www.ncbi.nlm.nih.gov/pmc/articles/PMC6755762/","https://scholar.google.com/scholar?q=related:2u1YNyhxL2EJ:scholar.google.com/&scioq=%22waist+circumference%22+nigeria&hl=en&as_sdt=0,5&as_ylo=2019&as_yhi=2019&as_vis=1"
2,"OA Michael","The relationship between measures of obesity and atherogenic lipids among Nigerians with hypertension",2019,"Malawi Medical Journal","ajol.info","https://www.ajol.info/index.php/mmj/article/view/191290","https://scholar.google.com/scholar?cites=9339470183148833190&as_sdt=2005&sciodt=0,5&hl=en",9,"2021-07-17 23:32:21","","","","",,,,,2,1.00,2,1,2,"… This observation concurs with other Nigerian studies19,21,22, which also found that the … relatively common baseline lipid abnormality among the general population in Nigeria, and the … 994 - 1.015 Diastolic blood pressure .165 1.013 .995 - 1.031 Waist circumference .902 1.044 …","https://www.ajol.info/index.php/mmj/article/view/191290/180462","https://scholar.google.com/scholar?q=related:pknwIKZ2nIEJ:scholar.google.com/&scioq=%22waist+circumference%22+nigeria&hl=en&as_sdt=0,5&as_ylo=2019&as_yhi=2019&as_vis=1"
5,"RNB Ayogu, C Nwajuaku, EA Udenta","Components and risk factors of metabolic syndrome among rural Nigerian workers",2019,"Nigerian medical journal …","ncbi.nlm.nih.gov","https://www.ncbi.nlm.nih.gov/pmc/articles/PMC6688396/","https://scholar.google.com/scholar?cites=4109762585323526258&as_sdt=2005&sciodt=0,5&hl=en",10,"2021-07-17 23:32:21","HTML","","","",,,,,5,2.50,2,3,2,"… included questionnaire, lipid profile, fasting plasma glucose (FPG), weight, height, waist circumference, and blood … In Nigeria, noncommunicable diseases such as diabetes and CVDs have become public health … Working hours for most Nigerian workers commence at the 8 th h …","https://www.ncbi.nlm.nih.gov/pmc/articles/PMC6688396/","https://scholar.google.com/scholar?q=related:clhmAUzPCDkJ:scholar.google.com/&scioq=%22waist+circumference%22+nigeria&hl=en&as_sdt=0,5&as_ylo=2019&as_yhi=2019&as_vis=1"
4,"EN Adejumo, OA Adejumo, A Azenabor…","Leptin: adiponectin ratio discriminated the risk of metabolic syndrome better than adiponectin and leptin in Southwest Nigeria",2019,"Diabetes & Metabolic …","Elsevier","https://www.sciencedirect.com/science/article/pii/S1871402119301882","https://scholar.google.com/scholar?cites=3709093452814394801&as_sdt=2005&sciodt=0,5&hl=en",11,"2021-07-17 23:32:21","","","","",,,,,4,2.00,1,4,2,"… A case control study was designed to assess whether LAR discriminated metabolic syndrome and its components better than adiponectin and leptin among apparently healthy subjects in Southwest Nigeria … Measurement of waist circumference was done using a flexible tape …","https://publication.babcock.edu.ng/asset/docs/publications/MLSC/144/5444.pdf","https://scholar.google.com/scholar?q=related:saW6_ddYeTMJ:scholar.google.com/&scioq=%22waist+circumference%22+nigeria&hl=en&as_sdt=0,5&as_ylo=2019&as_yhi=2019&as_vis=1"
1,"GS Oladipo, JN Paul, VC Amasiatu, AS Alabi…","An examination of carrying angle of students in Madonna University, Elele, Port Harcourt, Rivers State, Nigeria",2019,"J Appl Biotechnol …","academia.edu","https://www.academia.edu/download/58707477/An_examination_of_carrying_angle_of_students_in_Madonna_University__Elele__Port_Harcourt__Rivers_State__Nigeria.pdf","https://scholar.google.com/scholar?cites=8693300630080991013&as_sdt=2005&sciodt=0,5&hl=en",12,"2021-07-17 23:32:21","PDF","","","",,,,,1,0.50,0,5,2,"… Keywords: carrying angle, hip circumference, waist circumference, height, age … III. There is dearth of information on Nigerian indigenous populations on carrying angle … study was aimed at examining the carrying angle of male and female students of Madonna University Nigeria …","https://www.academia.edu/download/58707477/An_examination_of_carrying_angle_of_students_in_Madonna_University__Elele__Port_Harcourt__Rivers_State__Nigeria.pdf","https://scholar.google.com/scholar?q=related:JS-oLd3OpHgJ:scholar.google.com/&scioq=%22waist+circumference%22+nigeria&hl=en&as_sdt=0,5&as_ylo=2019&as_yhi=2019&as_vis=1"
8,"NN Duc, NB Van, HL Vo, K Do Nam, HNS Anh…","Impact of body mass index and waist circumference on blood pressure: a cross-sectional survey in a population living in the Vietnam northern mountainous",2019,"Diabetes & Metabolic …","Elsevier","https://www.sciencedirect.com/science/article/pii/S1871402119300578","https://scholar.google.com/scholar?cites=3586796728147262088&as_sdt=2005&sciodt=0,5&hl=en",13,"2021-07-17 23:32:21","","","","",,,,,8,4.00,1,6,2,"… Body mass index. Waist circumference. Blood pressure. Vietnam … As was reported in a Nigeria study, BMI was statistically significantly correlated to SBP (r: 0.142) and DBP (r:0.142 and 0.149 respectively) in male gender, and the similar relationships were also observed in female …","https://www.researchgate.net/profile/Hoang-Long-Vo-2/publication/331004763_Impact_of_body_mass_index_and_waist_circumference_on_blood_pressure_A_cross-sectional_survey_in_a_population_living_in_the_Vietnam_northern_mountainous/links/5d0ce29b92851cf4403eb983/Impact-of-body-mass-index-and-waist-circumference-on-blood-pressure-A-cross-sectional-survey-in-a-population-living-in-the-Vietnam-northern-mountainous.pdf","https://scholar.google.com/scholar?q=related:iDrA3p7cxjEJ:scholar.google.com/&scioq=%22waist+circumference%22+nigeria&hl=en&as_sdt=0,5&as_ylo=2019&as_yhi=2019&as_vis=1"
1,"VA Ucheagwu, C Ajaelu, PC Okoli…","Roles of demographics, anthropometric and metabolic syndrome on cognition among mid adults from rural population in Nigeria",2019,"… of Alzheimer's and …","peertechzpublications.com","https://www.peertechzpublications.com/articles/AADC-3-107.php","https://scholar.google.com/scholar?cites=3736047838507450854&as_sdt=2005&sciodt=0,5&hl=en",14,"2021-07-17 23:32:21","HTML","","","",,,,,1,0.50,0,4,2,"… Our participants were 172 middle aged adults from a rural community in Anambra state Nigeria … The anthropometric measures assessed were the body mass index (BMI), height, weight and waist circumference while the Mets assessed were blood sugar level and total …","https://www.peertechzpublications.com/articles/AADC-3-107.php","https://scholar.google.com/scholar?q=related:5kEa9rYb2TMJ:scholar.google.com/&scioq=%22waist+circumference%22+nigeria&hl=en&as_sdt=0,5&as_ylo=2019&as_yhi=2019&as_vis=1"
4,"ID Gezawa, AE Uloko, BA Gwaram…","Pattern of obesity among patients with type 2 diabetes at a tertiary healthcare center in northern Nigeria",2019,"… syndrome and obesity …","ncbi.nlm.nih.gov","https://www.ncbi.nlm.nih.gov/pmc/articles/pmc6941682/","https://scholar.google.com/scholar?cites=13460728768254022079&as_sdt=2005&sciodt=0,5&hl=en",15,"2021-07-17 23:32:21","HTML","","","",,,,,4,2.00,1,4,2,"… Obesity, overweight, and underweight among urban Nigerians … The fattening room among the Annang of Nigeria … Vazquez G, Duval S, Jacobs DR Jr., Silventoinen K. Comparison of body mass index, waist circumference, and waist/hip ratio in predicting incident diabetes: a meta …","https://www.ncbi.nlm.nih.gov/pmc/articles/pmc6941682/","https://scholar.google.com/scholar?q=related:v5GpKX8dzroJ:scholar.google.com/&scioq=%22waist+circumference%22+nigeria&hl=en&as_sdt=0,5&as_ylo=2019&as_yhi=2019&as_vis=1"
0,"TO Olanrewaju, A Aderibigbe, K Braimoh…","SP062 PREVALENCE AND PREDICTORS OF HYPERTENSION AMONG URBAN POPULATIONS IN NORTH-CENTRAL NIGERIA",2019,"Nephrology Dialysis …","academic.oup.com","https://academic.oup.com/ndt/article-abstract/34/Supplement_1/gfz103.SP062/5514874","",16,"2021-07-17 23:32:21","","","","",,,,,0,0.00,0,4,2,"… in urban populations within North-Central zone of Nigeria. METHODS: This is a cross-sectional study of adults in eight urban communities in Kwara state. We measured blood pressure, anthropometric parameters (body mass index (BMI), waist circumference and hip …","https://www.researchgate.net/profile/Ademola-Popoola/amp",""
0,"AC Ezeala, S Yohanna, RE Obilom","… and Risk Factors for Metabolic Syndrome among Hypertensive Patients Attending the General Outpatient Clinic of a Tertiary Hospital in North Central Nigeria.",2019,"West African journal of …","europepmc.org","https://europepmc.org/article/med/30924110","",17,"2021-07-17 23:32:21","","","","",,,,,0,0.00,0,3,2,"… activity is protective against metabolic syndrome (OR = 0.072, 95% CI = 0.009 - 0.571, p = 0.013) while large waist circumference (abdominal obesity … indices of obesity as correlates and potential predictors of risk for hypertension and prehypertension in a population in Nigeria …","",""
1,"H Olaosebikan, A Azenabor, R Akintayo, O Adelowo…","Spectrum of musculoskeletal disorders in Nigerians with types 2 diabetes mellitus: prevalence and predictors",2019,"Reumatismo","reumatismo.org","https://www.reumatismo.org/index.php/reuma/article/view/1232","https://scholar.google.com/scholar?cites=15590026986879570966&as_sdt=2005&sciodt=0,5&hl=en",18,"2021-07-17 23:32:21","","","","",,,,,1,0.50,0,5,2,"… University Teaching Hospital (LASUTH), located in Ikeja, the capital city of Lagos, Nigeria … DM subjects with MSKD had higher mean BMI, HbA1C, HDL-c and waist circumference … Nigerian diabetics with higher educational exposure may adhere more strictly to healthy lifestyle …","https://www.reumatismo.org/index.php/reuma/article/download/1232/859/","https://scholar.google.com/scholar?q=related:FtS17_HmWtgJ:scholar.google.com/&scioq=%22waist+circumference%22+nigeria&hl=en&as_sdt=0,5&as_ylo=2019&as_yhi=2019&as_vis=1"
1,"TM Adaja, CN Ayina, SE Idogun","Link between plasma total adiponectin and small dense low density lipoprotein-cholesterol among overweight and obese Nigerians",2019,"JOURNAL OF RESEARCH IN BASIC …","jrbcs.org","http://jrbcs.org/index.php/jrbcs/article/view/1","https://scholar.google.com/scholar?cites=17075043263182817904&as_sdt=2005&sciodt=0,5&hl=en",19,"2021-07-17 23:32:21","","","","",,,,,1,0.50,0,3,2,"… ideal weight subjects, positive correlation was found between sdLDL-C and waist circumference (p>0.05 … the relationship between plasma total adiponectin and sdLDL-cholesterol among overweight and obese Nigerians … Benin City is located in South-South part of Nigeria with a …","https://jrbcs.org/index.php/jrbcs/article/download/1/38","https://scholar.google.com/scholar?q=related:cEpwYmG99uwJ:scholar.google.com/&scioq=%22waist+circumference%22+nigeria&hl=en&as_sdt=0,5&as_ylo=2019&as_yhi=2019&as_vis=1"
0,"ON Ukweh, EU Ekpo","Carotid Intima-Media Thickness and Carotid Plaque: A Pilot Study of Risk Factors in an Indigenous Nigerian Population",2019,"Journal of Stroke and Cerebrovascular Diseases","Elsevier","https://www.sciencedirect.com/science/article/pii/S1052305719300448","",20,"2021-07-17 23:32:21","","","","",,,,,0,0.00,0,2,2,"… for predicting cIMT and CP, the subclinical indicators of stroke and ischemic heart disease in a Nigeria population … the current work aims to examine the risk factors for cIMT and CP in an indigenous Nigerian population … Waist circumference (cm), 91.6 ± 15.2, 88.7 ± 11.3, 4.009, .006 …","https://www.researchgate.net/profile/Ofonime-Ukweh-2/publication/331141645_Carotid_Intima-Media_Thickness_and_Carotid_Plaque_A_Pilot_Study_of_Risk_Factors_in_an_Indigenous_Nigerian_Population/links/602c1dd7a6fdcc37a82ff386/Carotid-Intima-Media-Thickness-and-Carotid-Plaque-A-Pilot-Study-of-Risk-Factors-in-an-Indigenous-Nigerian-Population.pdf","https://scholar.google.com/scholar?q=related:1wvgxpmZqDEJ:scholar.google.com/&scioq=%22waist+circumference%22+nigeria&hl=en&as_sdt=0,5&as_ylo=2019&as_yhi=2019&as_vis=1"
0,"IC Uchenwoke, CN Kamere","Socio-Demographics, Adiposity Indices and Pulmonary Function in Type II Diabetic Patients in Nigeria",2019,"","rc.rcjournal.com","http://rc.rcjournal.com/content/64/Suppl_10/3239271.short","",21,"2021-07-17 23:32:21","","","","",,,,,0,0.00,0,2,2,"Skip to main content. Main menu. Home; Content: Current Issue; Editor's Commentary; Coming Next Month; Archives; Top 10 Papers in 2020. Authors: Author Guidelines; Submit a Manuscript. Reviewers: Reviewer Information; Create …","",""
0,"CM Asaleye, AD Omisore, SO Onigbinde…","… prostatic enlargement: A cross-sectional study comparing sonographic and anthropometric indices of adiposity in a tertiary hospital in Southwestern Nigeria",2019,"Nigerian journal of …","njcponline.com","https://www.njcponline.com/article.asp?issn=1119-3077;year=2019;volume=22;issue=11;spage=1600;epage=1605;aulast=Asaleye","",22,"2021-07-17 23:32:21","HTML","","","",,,,,0,0.00,0,4,2,"… [5] It has been reported that in Nigeria, the most … Dobbelsteyn C, Joffres M, MacLean D, Flowerdew G. A comparative evaluation of waist circumference, waist-to-hip ratio and body mass index as … Nigerian Journal of Clinical Practice | Published by Wolters Kluwer - Medknow …","https://www.njcponline.com/article.asp?issn=1119-3077;year=2019;volume=22;issue=11;spage=1600;epage=1605;aulast=Asaleye","https://scholar.google.com/scholar?q=related:GDFwSWILEnoJ:scholar.google.com/&scioq=%22waist+circumference%22+nigeria&hl=en&as_sdt=0,5&as_ylo=2019&as_yhi=2019&as_vis=1"
2,"EK Chuhwak, BN Okeahialam, C Ogbonna…","Diabetes in elderly Nigerians: A survey of a rural area in north-central Nigeria",2019,"Journal of Medicine in …","jmedtropics.org","https://www.jmedtropics.org/article.asp?issn=2276-7096;year=2019;volume=21;issue=2;spage=51;epage=55;aulast=Chuhwak","https://scholar.google.com/scholar?cites=9452267696281171168&as_sdt=2005&sciodt=0,5&hl=en",23,"2021-07-17 23:32:21","HTML","","","",,,,,2,1.00,1,4,2,"… For example, a subject had a waist circumference of 74 cm and a hip circumference of … Prevalence of diabetes mellitus and its risk factors among the suburban population of Northwest Nigeria … RT, Ebonyi E, Fakeye T. Prevalence of diabetes mellitus in a rural Nigerian population …","https://www.jmedtropics.org/article.asp?issn=2276-7096;year=2019;volume=21;issue=2;spage=51;epage=55;aulast=Chuhwak","https://scholar.google.com/scholar?q=related:4DS9tmMzLYMJ:scholar.google.com/&scioq=%22waist+circumference%22+nigeria&hl=en&as_sdt=0,5&as_ylo=2019&as_yhi=2019&as_vis=1"
2,"AY Asuku, B Danborno, SA Akuyam…","Reference values of body adiposity measures and hand digit ratio (2D: 4D) for dyslipidemia: A case study of the Hausa ethnic group in Kano, Nigeria",2019,"… of Experimental and …","jecajournal.org","https://www.jecajournal.org/article.asp?issn=1596-2393;year=2019;volume=18;issue=1;spage=30;epage=37;aulast=Asuku","https://scholar.google.com/scholar?cites=5061024447599753916&as_sdt=2005&sciodt=0,5&hl=en",24,"2021-07-17 23:32:21","HTML","","","",,,,,2,1.00,1,4,2,"… analysis in type – 2 diabetes mellitus patients and healthy Nigerians using bioelectric … fourth digit and obesitytraits among different ethnic groups in Ilorin, North Central Nigeria … Determining the waist circumference cut-off which best predicts the metabolic syndrome components …","https://www.jecajournal.org/article.asp?issn=1596-2393;year=2019;volume=18;issue=1;spage=30;epage=37;aulast=Asuku","https://scholar.google.com/scholar?q=related:vDrArutePEYJ:scholar.google.com/&scioq=%22waist+circumference%22+nigeria&hl=en&as_sdt=0,5&as_ylo=2019&as_yhi=2019&as_vis=1"
2,"CA Oladoyinbo, AM Abiodun, MO Oyalowo…","Risk factors for diabetes mellitus and hypertension among artisans in Ogun state, Nigeria",2019,"Nutrition & Food …","emerald.com","https://www.emerald.com/insight/content/doi/10.1108/NFS-01-2019-0007/full/html","https://scholar.google.com/scholar?cites=14930783966387523596&as_sdt=2005&sciodt=0,5&hl=en",25,"2021-07-17 23:32:21","","10.1108/NFS-01-2019-0007","","",,,,,2,1.00,1,4,2,"","https://www.researchgate.net/profile/Oluwafunke-Akinbule/publication/336607919_Risk_factors_for_diabetes_mellitus_and_hypertension_among_artisans_in_Ogun_state_Nigeria/links/5f97e7b592851c14bceac7f3/Risk-factors-for-diabetes-mellitus-and-hypertension-among-artisans-in-Ogun-state-Nigeria.pdf","https://scholar.google.com/scholar?q=related:DFCgJunMNM8J:scholar.google.com/&scioq=%22waist+circumference%22+nigeria&hl=en&as_sdt=0,5&as_ylo=2019&as_yhi=2019&as_vis=1"
1,"CI Ikegwuonu, UK Ikenna, OI Nwabueze…","… Studies on Hormonal Changes and Metabolic Syndrome in Perimenopausal and Premenopausal Igbo Women in Enugu Metropolis Nigeria: A Cross-sectional Study",2019,"Current Women's …","ingentaconnect.com","https://www.ingentaconnect.com/contentone/ben/cwhr/2019/00000015/00000004/art00010","https://scholar.google.com/scholar?cites=11655476570934712808&as_sdt=2005&sciodt=0,5&hl=en",26,"2021-07-17 23:32:21","","","","",,,,,1,0.50,0,4,2,"… [8] on menopausal women in Zaria, Northern Nigeria and some other studies on menopausal Caucasians [32, 33]. Several studies indicated that even with a normal BMI, those with an elevated waist circumference can have a two- to three-fold increase in car- diovascular …","","https://scholar.google.com/scholar?q=related:6JlzGjCSwKEJ:scholar.google.com/&scioq=%22waist+circumference%22+nigeria&hl=en&as_sdt=0,5&as_ylo=2019&as_yhi=2019&as_vis=1"
2,"UO Akpan, II Bassey","Biomarkers of metabolic syndrome in male cigarette smokers in Calabar, Southern Nigeria",2019,"New Zealand Journal of Medical …","search.informit.org","https://search.informit.org/doi/abs/10.3316/informit.723691675048155","https://scholar.google.com/scholar?cites=653298450005206269&as_sdt=2005&sciodt=0,5&hl=en",27,"2021-07-17 23:32:21","","10.3316/informit.723691675048155","","",,,,,2,1.00,1,2,2,"… However, documented studies on metabolic syndrome in Nigerian cigarette smokers are scarce (13 … 0.9mmol/L. e. Defined as triglycerides ≥1.70mmol/L. f. Defined as waist circumference ≥94cm and … calcium, phosphate and vitamin D in adult male smokers in Calabar, Nigeria …","https://www.researchgate.net/profile/Iya-Bassey/publication/341038293_Biomarkers_of_metabolic_syndrome_in_male_cigarette_smokers_in_Calabar/links/5eaa2c0aa6fdcc70509affb3/Biomarkers-of-metabolic-syndrome-in-male-cigarette-smokers-in-Calabar.pdf","https://scholar.google.com/scholar?q=related:_aTfnHr7EAkJ:scholar.google.com/&scioq=%22waist+circumference%22+nigeria&hl=en&as_sdt=0,5&as_ylo=2019&as_yhi=2019&as_vis=1"
0,"A Alikor Chizindu, C Emem-Chioma Pedro","Prevalence and Predictors of Physical Inactivity in a Rural Poulation in Nigeria",2019,"","saudijournals.com","https://saudijournals.com/media/articles/SJBR_411_355-360_c.pdf","",28,"2021-07-17 23:32:21","PDF","","","",,,,,0,0.00,0,2,2,"… Waist Circumference Normal- <102cm for males, <88cm for females Abnormal- ≥102cm for males, ≥88cm for … to the findings by Forrest et.al in Benin City, Nigeria [17]. These comparative Nigerian studies were however urban studies among various professional groups who …","https://saudijournals.com/media/articles/SJBR_411_355-360_c.pdf","https://scholar.google.com/scholar?q=related:1DUnlg7zhccJ:scholar.google.com/&scioq=%22waist+circumference%22+nigeria&hl=en&as_sdt=0,5&as_ylo=2019&as_yhi=2019&as_vis=1"
0,"G Odoh, JO Edah, JE Ojobi, JN Uwakwe, TS Ola…","Prevalence and pattern of obesity among patients with essential hypertension in Jos, North Central Nigeria",2019,"Jos Journal of …","ajol.info","https://www.ajol.info/index.php/jjm/article/view/191388","",29,"2021-07-17 23:32:21","","","","",,,,,0,0.00,0,6,2,"… that central (Abdominal) fat distribution pattern as indicated by waist circumference and waist to hip … based study. Abstract No 19, presented at the th Nigerian Cardiac Society 36 Annual General … http://data.worldbank.org/country/nigeria. Accessed 2015 Jan 29 …","https://www.ajol.info/index.php/jjm/article/download/191388/180558","https://scholar.google.com/scholar?q=related:ROr-dXq2qbsJ:scholar.google.com/&scioq=%22waist+circumference%22+nigeria&hl=en&as_sdt=0,5&as_ylo=2019&as_yhi=2019&as_vis=1"
3,"OE Erkec","Relationships Between the 2D: 4D Digit Ratio, Waist Circumference, Hand Preferences, Weight, Height, Waist-to-Height Ratio and BMI in a Turkish Population.",2019,"International Journal of Morphology","intjmorphol.com","http://www.intjmorphol.com/wp-content/uploads/2019/09/art_17_374.pdf","https://scholar.google.com/scholar?cites=9114223845776116479&as_sdt=2005&sciodt=0,5&hl=en",30,"2021-07-17 23:32:21","PDF","","","",,,,,3,1.50,3,1,2,"… Int. J. Morphol., 37(4):1299-1304, 2019. Page 6. 1304 Danborno, B.; Adebisi, S.; Adelaiye, A. & Ojo, S. Sexual dimorphism and relationship betweem chest, hip and waist circumference with 2D, 4D and 2D: 4D in Nigerians. Internet J. Biol. Anthropol., 1(2):1-5, 2008 …","http://www.intjmorphol.com/wp-content/uploads/2019/09/art_17_374.pdf","https://scholar.google.com/scholar?q=related:_0rhakw6fH4J:scholar.google.com/&scioq=%22waist+circumference%22+nigeria&hl=en&as_sdt=0,5&as_ylo=2019&as_yhi=2019&as_vis=1"
0,"A Kolawole, P Ikubanni, A Adeleke…","Comparative analysis of anthropometric data of Hausas in northern and southern Nigeria",2019,"Journal of Applied …","scindeks.ceon.rs","http://scindeks.ceon.rs/article.aspx?artid=1451-41171902168K","",31,"2021-07-17 23:32:21","","","","",,,,,0,0.00,0,4,2,"… Nigerian adult working class and [16] did a variability study between two Nigeria ethnic … overhead reach, popliteal height, sitting height, arm span, knee height, waist circumference, neck circumference … Hausa people living in the northern part and south-western part of Nigeria …","http://scindeks-clanci.ceon.rs/data/pdf/1451-4117/2019/1451-41171902168K.pdf","https://scholar.google.com/scholar?q=related:hkjqaspQARIJ:scholar.google.com/&scioq=%22waist+circumference%22+nigeria&hl=en&as_sdt=0,5&as_ylo=2019&as_yhi=2019&as_vis=1"
0,"EA Haastrup, MAC Onwuama, AB Adelowo","An Assessment of The Prevalence of Diabetes Mellitus And Its Risk Factors Among People Living In Abuja, Nigeria",2019,"","ir.unilag.edu.ng","https://ir.unilag.edu.ng/handle/123456789/9358","",32,"2021-07-17 23:32:21","","","","",,,,,0,0.00,0,3,2,"… AE, Onwuama MAC, Adelowo AB Department of Human Kinetics and Health Education, University of Lagos, Nigeria Abstract This … demographic information and biometric variables like blood pressure, blood suga; body mass index (BMI), and waist circumference were measured …","https://ir.unilag.edu.ng/bitstream/handle/123456789/9358/An%20Assessment%20Of%20The%20Prevalence%20Of%20Diabetes%20Mellitus%20And%20Its%20Risk%20Factors%20Among%20People.pdf?sequence=1&isAllowed=y","https://scholar.google.com/scholar?q=related:pvQ2BqkWSWQJ:scholar.google.com/&scioq=%22waist+circumference%22+nigeria&hl=en&as_sdt=0,5&as_ylo=2019&as_yhi=2019&as_vis=1"
2,"A Gbadegesin, O Okunola, O Ayodele…","Renal risk profiling in newly diagnosed hypertensives in an urban population in Nigeria",2019,"African health …","ajol.info","https://www.ajol.info/index.php/ahs/article/view/192257","https://scholar.google.com/scholar?cites=3111796389857571853&as_sdt=2005&sciodt=0,5&hl=en",33,"2021-07-17 23:32:21","","","","",,,,,2,1.00,1,4,2,"… determine the occurrence and pattern of renal risk factors among adult Nigerians with newly … was performed at the Ladoke Akintola University Teaching Hospital(LAUTECH), Osogbo, Nigeria and at … A waist circumference of ≥ 102 cm for male and ≥ 88 cm for female were taken …","https://www.ajol.info/index.php/ahs/article/download/192257/181381","https://scholar.google.com/scholar?q=related:DbTNXlRSLysJ:scholar.google.com/&scioq=%22waist+circumference%22+nigeria&hl=en&as_sdt=0,5&as_ylo=2019&as_yhi=2019&as_vis=1"
0,"IC Udenze, IA Taiwo, OO Ojewunmi","Contribution of single-nucleotide polymorphism in transcription factor 7-like 2 gene to cardiometabolic risk in adult Nigerians",2019,"International Journal of …","ijncd.org","https://www.ijncd.org/article.asp?issn=2468-8827;year=2019;volume=4;issue=3;spage=80;epage=85;aulast=Udenze","",34,"2021-07-17 23:32:21","HTML","","","",,,,,0,0.00,0,3,2,"… Three hundred and fifty-six adult Nigerians aged between 40 and 100 years, comprising … were recruited from endocrinology clinics in tertiary and secondary care public hospitals in Lagos, Nigeria … Abdominal obesity was determined by measurement of the waist circumference …","https://www.ijncd.org/article.asp?issn=2468-8827;year=2019;volume=4;issue=3;spage=80;epage=85;aulast=Udenze","https://scholar.google.com/scholar?q=related:YOmIBqr3U2MJ:scholar.google.com/&scioq=%22waist+circumference%22+nigeria&hl=en&as_sdt=0,5&as_ylo=2019&as_yhi=2019&as_vis=1"
0,"EJ Jaiyeoba-Ojigho","Prevalence of Obesity among adolescents in Asaba, South Southern Nigeria.",2019,"International Journal of Forensic Medical …","researchgate.net","https://www.researchgate.net/profile/Efe-Jennifer-Jaiyeoba-Ojigho/publication/352546330_Prevalence_of_Obesity_among_adolescents_in_Asaba_South_Southern_Nigeria/links/60ce4c8b92851ca3acb2d184/Prevalence-of-Obesity-among-adolescents-in-Asaba-South-Southern-Nigeria.pdf","",35,"2021-07-17 23:32:21","PDF","","","",,,,,0,0.00,0,1,2,"… Acta Paediatr Suppl 2006;450:76-85. 16. Olubusola EJ, Chidozie EM, Damilola YA, Adaobi MO, Chinonye ON. Obesity in Nigeria children and adolescents-waist circumference a more sensitive indicator .Int. J of Community Med.and Pub. Health, 2016. 3(3):721-729 17 …","https://www.researchgate.net/profile/Efe-Jennifer-Jaiyeoba-Ojigho/publication/352546330_Prevalence_of_Obesity_among_adolescents_in_Asaba_South_Southern_Nigeria/links/60ce4c8b92851ca3acb2d184/Prevalence-of-Obesity-among-adolescents-in-Asaba-South-Southern-Nigeria.pdf","https://scholar.google.com/scholar?q=related:7Wq9TTWE574J:scholar.google.com/&scioq=%22waist+circumference%22+nigeria&hl=en&as_sdt=0,5&as_ylo=2019&as_yhi=2019&as_vis=1"
1,"Y Lawal, F Bello, FE Anumah, AG Bakari","Low Grade Inflammation and Cardiovascular Disease Risk among First Degree Relatives of Persons with Type 2 Diabetes Mellitus in a Northern Nigerian Population",2019,"JOURNAL OF RESEARCH IN …","jrbcs.org","http://www.jrbcs.org/index.php/jrbcs/article/view/23","https://scholar.google.com/scholar?cites=9257390643345745746&as_sdt=2005&sciodt=0,5&hl=en",36,"2021-07-17 23:32:21","","","","",,,,,1,0.50,0,4,2,"… assess low grade inflammation/CVD risk in FDRs in a Northern Nigerian population and … was a cross-sectional observational study carried out in Zaria, Northern Nigeria which has … Additionally, the mean body mass index (BMI), waist circumference, waist-hip ratio, systolic blood …","https://www.jrbcs.org/index.php/jrbcs/article/download/23/74","https://scholar.google.com/scholar?q=related:UuelC77beIAJ:scholar.google.com/&scioq=%22waist+circumference%22+nigeria&hl=en&as_sdt=0,5&as_ylo=2019&as_yhi=2019&as_vis=1"
1,"Y Lawal, S Muhammad, UF Dahuwa, I Bichi…","Screening for obesity and undiscovered glucose intolerance among employees of a tertiary health center in northeast Nigeria",2019,"Journal of Health …","jhrr.org","https://www.jhrr.org/article.asp?issn=2394-2010;year=2019;volume=6;issue=3;spage=107;epage=113;aulast=Lawal","https://scholar.google.com/scholar?cites=283517127148614187&as_sdt=2005&sciodt=0,5&hl=en",37,"2021-07-17 23:32:21","HTML","","","",,,,,1,0.50,0,5,2,"… Table 4: Distribution of obesity (waist circumference criterion) by professional groups among the participants … Obesity among health service providers in Nigeria: Danger to long term health worker … anthropometric correlates of casual blood glucose in a rural Nigerian community …","https://www.jhrr.org/article.asp?issn=2394-2010;year=2019;volume=6;issue=3;spage=107;epage=113;aulast=Lawal","https://scholar.google.com/scholar?q=related:K7JuM1NB7wMJ:scholar.google.com/&scioq=%22waist+circumference%22+nigeria&hl=en&as_sdt=0,5&as_ylo=2019&as_yhi=2019&as_vis=1"
1,"Y Lawal, F Bello, FE Anumah, AG Bakari","Beta-cell function and insulin resistance among First-Degree relatives of persons with type 2 diabetes in a Northwestern Nigerian Population",2019,"Journal of Health Research and …","jhrr.org","https://www.jhrr.org/article.asp?issn=2394-2010;year=2019;volume=6;issue=1;spage=26;epage=30;aulast=Lawal","https://scholar.google.com/scholar?cites=190281283427813041&as_sdt=2005&sciodt=0,5&hl=en",38,"2021-07-17 23:32:21","HTML","","","",,,,,1,0.50,0,4,2,"… Zaria is a major city in Kaduna State of Northern Nigeria … Waist circumference (WC) was measured using a measuring tape (NON 171330, 72”, Medline industries Inc., USA) … R, Esan A, Adeleye J. Insulin resistance, obesity indices and lipid profile in Nigerian patients with type 2 …","https://www.jhrr.org/article.asp?issn=2394-2010;year=2019;volume=6;issue=1;spage=26;epage=30;aulast=Lawal","https://scholar.google.com/scholar?q=related:scYestEDpAIJ:scholar.google.com/&scioq=%22waist+circumference%22+nigeria&hl=en&as_sdt=0,5&as_ylo=2019&as_yhi=2019&as_vis=1"
0,"OO Ogwumike, OI Salam","Inter-relationship among abdominal obesity cardiorespiratory fitness, and body image attitude among menopausal women in Oyo state Nigeria",2019,"Clinical Health Promotion","clinhealthpromot.org","https://clinhealthpromot.org/index.php/clinhp/article/view/clinhp19007","",39,"2021-07-17 23:32:21","","","","",,,,,0,0.00,0,2,2,"… sampling to recruit women from Iseyin Local Government Area, Oyo State, Nigeria. Premenopausal, perimenopausal and postmenopausal women had their abdominal obesity, cardiorespiratory fitness and body image attitude assessed using waist circumference, six minute …","",""
0,"ON Abubakar, SA Adeoye…","Comparative analysis of Anthropometric and Physiological Characteristics of Javelin and Shot-put Athletes in Kwara State Nigeria",2019,"Global Journal of …","journal.abu.edu.ng","https://journal.abu.edu.ng/gjhrr/index.php/gjhrr/article/view/6","",40,"2021-07-17 23:32:21","","","","",,,,,0,0.00,0,3,2,"… Anthropometric Characteristics: Includes Waist circumference, Hip girth, and Thigh girth Contracted arm and flexed arm girth will be … OF ANTHROPOMETRIC AND PHYSIOLOGICAL CHARACTERISTICS OF JAVELIN AND SHOT-PUT ATHLETES IN KWARA STATE NIGERIA …","https://journal.abu.edu.ng/gjhrr/index.php/gjhrr/article/download/6/7",""
0,"NS Chukwurah, UC Okonkwo…","… analysis of indices of the metabolic syndrome in patients with and without non-alcoholic fatty liver disease at a teaching hospital in Nnewi, South-East, Nigeria",2019,"Asian Journal of Medical …","nepjol.info","https://www.nepjol.info/index.php/AJMS/article/view/22050","",41,"2021-07-17 23:32:21","","","","",,,,,0,0.00,0,3,2,"… Waist circumference (WC) Normal WC 3 (5.8) 41 (48.8) … Diet, alcohol consumption and serum lipid levels of elderly men and women of Ibo extraction in Delta state, Nigeria … Non-alcoholic fatty liver disease in a Nigerian population with type 11 diabetes mellitus …","https://www.nepjol.info/index.php/AJMS/article/view/22050/19458","https://scholar.google.com/scholar?q=related:etsW1ekHdwEJ:scholar.google.com/&scioq=%22waist+circumference%22+nigeria&hl=en&as_sdt=0,5&as_ylo=2019&as_yhi=2019&as_vis=1"
4,"IO Senbanjo, CO Senbanjo, WA Afolabi…","Co-existence of maternal overweight and obesity with childhood undernutrition in rural and urban communities of Lagos State, Nigeria",2019,"Acta Bio Medica …","ncbi.nlm.nih.gov","https://www.ncbi.nlm.nih.gov/pmc/articles/pmc7233730/","https://scholar.google.com/scholar?cites=6032525624433660100&as_sdt=2005&sciodt=0,5&hl=en",42,"2021-07-17 23:32:21","HTML","","","",,,,,4,2.00,1,4,2,"… Using waist circumference, there was no significant difference in the prevalence of central obesity between … and pattern of overweight and obesity in three rural communities in southwest Nigeria … Activity pattern, energy intake and obesity among Nigerian urban market women …","https://www.ncbi.nlm.nih.gov/pmc/articles/pmc7233730/","https://scholar.google.com/scholar?q=related:xFDP_hfWt1MJ:scholar.google.com/&scioq=%22waist+circumference%22+nigeria&hl=en&as_sdt=0,5&as_ylo=2019&as_yhi=2019&as_vis=1"
1,"AY Asuku, B Danborno, SA Abubakar…","Adiposity Measures in Metabolic Syndrome among Hausas in Kano, Northern Nigeria",2019,"Nigerian Journal of …","ajol.info","https://www.ajol.info/index.php/njps/article/view/193219","https://scholar.google.com/scholar?cites=13743742686179905775&as_sdt=2005&sciodt=0,5&hl=en",43,"2021-07-17 23:32:21","","","","",,,,,1,0.50,0,4,2,"… Modifiable cardiovascular risk factors among apparently healthy adult Nigerian population - a cross … Body mass index, waist circumference, hip circumference, waist–hip-ratio and waist … Predicting high blood pressure among adults in Southeastern Nigeria using anthropometric …","https://www.ajol.info/index.php/njps/article/download/193219/182342","https://scholar.google.com/scholar?q=related:71Ag1ieVu74J:scholar.google.com/&scioq=%22waist+circumference%22+nigeria&hl=en&as_sdt=0,5&as_ylo=2019&as_yhi=2019&as_vis=1"
0,"A Kolawole, PP Ikubanni, AA Adeleke…","COMPARATIVE ANALYSIS OF ANTHROPOMETRIC DATA OF NORTHERN AND SOUTHERN HAUSA IN NIGERIA",2019,"Journal of Applied …","aseestant.ceon.rs","https://aseestant.ceon.rs/index.php/jaes/article/view/20376","",44,"2021-07-17 23:32:21","","","","",,,,,0,0.00,0,4,2,"… Nigerian adult working class and [16] did a variability study between two Nigeria ethnic … overhead reach, popliteal height, sitting height, arm span, knee height, waist circumference, neck circumference … Hausa people living in the northern part and south-western part of Nigeria …","https://aseestant.ceon.rs/index.php/jaes/article/download/20376/8028/","https://scholar.google.com/scholar?q=related:ss4RvEkb0k8J:scholar.google.com/&scioq=%22waist+circumference%22+nigeria&hl=en&as_sdt=0,5&as_ylo=2019&as_yhi=2019&as_vis=1"
0,"Y Lawal, F Bello, FE Anumah, AG Bakari","Prevalence and determinants of glucose intolerance in a Northern Nigerian population: Role of insulin resistance",2019,"Nigerian Journal of Basic and …","njbcs.net","https://www.njbcs.net/article.asp?issn=0331-8540;year=2019;volume=16;issue=2;spage=83;epage=89;aulast=Lawal","",45,"2021-07-17 23:32:21","HTML","","","",,,,,0,0.00,0,4,2,"… included underweight (< 18 kg/m 2 ), normal (18–24.9 kg/m 2 ), overweight (25–29.9 kg/m 2 ), and obese (≥30 kg/m 2 ). Waist circumference (WC) was … Anthropometric correlates of insulin resistance: A study of healthy Nigerian adults in Maiduguri, Northeastern Nigeria …","https://www.njbcs.net/article.asp?issn=0331-8540;year=2019;volume=16;issue=2;spage=83;epage=89;aulast=Lawal","https://scholar.google.com/scholar?q=related:hYl4M9GeSEQJ:scholar.google.com/&scioq=%22waist+circumference%22+nigeria&hl=en&as_sdt=0,5&as_ylo=2019&as_yhi=2019&as_vis=1"
0,"F Ayotunde Ale, F Oluranti Familoni","RELATIONSHIP BETWEEN BONE AND CARDIOVASCULAR HEALTH: BONE MARKERS AND CARDIOVASCULAR RISK FACTORS IN ADULT NIGERIANS",2019,"Endocrine Practice","search.proquest.com","https://search.proquest.com/openview/ad984d2142c12567ebc10f48007ee6fb/1?pq-origsite=gscholar&cbl=1896353","",46,"2021-07-17 23:32:21","","","","",,,,,0,0.00,0,2,2,"… There is dearth need to report this interrelationship in Nigerians … to evaluate association between bone markers, and some cardiovascular risk factors in healthy adult Nigerian population … age of studied was 34.1 yrs (7.8), BMI =26.31 kg/m2 (4.02), waist circumference (WC) =78.6 …","",""
0,"AFK Bakre, AC Ugwu, MP Ogolodom","Sonographic Quantification of Abdominal Adipose Tissue Thickness in Hypertensive Obese Subjects of Yoruba Tribe in Lagos State, Nigeria",2019,"Health Science Journal","researchgate.net","https://www.researchgate.net/profile/Abdul-Fatai-Bakre-2/publication/335339334_Sonographic_quantification_of_abdominal_adipose_tissue_thickness_in_hypertensive_obese_subjects_of_Yoruba_Tribe_in_Lagos_state_Nigeria/links/5d5fa859458515d6101da4ee/Sonographic-quantification-of-abdominal-adipose-tissue-thickness-in-hypertensive-obese-subjects-of-Yoruba-Tribe-in-Lagos-state-Nigeria.pdf","",47,"2021-07-17 23:32:21","PDF","","","",,,,,0,0.00,0,3,2,"… obese volunteers of Yoruba ethnic origin resident in Lagos state, Nigeria were recruited … World Data Atlas [28] also reported high percentage of obesity in Nigerian female population … RW, Jones LE, Williams SM, Goulding A (2000) Evaluation of waist circumference, waist to hip …","https://www.researchgate.net/profile/Abdul-Fatai-Bakre-2/publication/335339334_Sonographic_quantification_of_abdominal_adipose_tissue_thickness_in_hypertensive_obese_subjects_of_Yoruba_Tribe_in_Lagos_state_Nigeria/links/5d5fa859458515d6101da4ee/Sonographic-quantification-of-abdominal-adipose-tissue-thickness-in-hypertensive-obese-subjects-of-Yoruba-Tribe-in-Lagos-state-Nigeria.pdf","https://scholar.google.com/scholar?q=related:aA180RAX5V0J:scholar.google.com/&scioq=%22waist+circumference%22+nigeria&hl=en&as_sdt=0,5&as_ylo=2019&as_yhi=2019&as_vis=1"
0,"AFK Bakre, AC Ugwu, MP Ogolodom","Sonographic Quantification of Abdominal Adipose Tissues Thickness in Hypertensive Obese Yoruba Tribe in Lagos State, Nigeria",2019,"Health Sci J","researchgate.net","https://www.researchgate.net/profile/Ogolodom-Mp/publication/335145980_Sonographic_Quantification_of_Abdominal_Adipose_Tissues_Thickness_in_Hypertensive_Obese_Yoruba_Tribe_in_Lagos_State_Nigeria/links/5d52b66592851c93b62c1ab3/Sonographic-Quantification-of-Abdominal-Adipose-Tissues-Thickness-in-Hypertensive-Obese-Yoruba-Tribe-in-Lagos-State-Nigeria.pdf","",48,"2021-07-17 23:32:21","PDF","","","",,,,,0,0.00,0,3,2,"… obese volunteers of Yoruba ethnic origin resident in Lagos state, Nigeria were recruited … World Data Atlas [28] also reported high percentage of obesity in Nigerian female population … RW, Jones LE, Williams SM, Goulding A (2000) Evaluation of waist circumference, waist to hip …","https://www.researchgate.net/profile/Ogolodom-Mp/publication/335145980_Sonographic_Quantification_of_Abdominal_Adipose_Tissues_Thickness_in_Hypertensive_Obese_Yoruba_Tribe_in_Lagos_State_Nigeria/links/5d52b66592851c93b62c1ab3/Sonographic-Quantification-of-Abdominal-Adipose-Tissues-Thickness-in-Hypertensive-Obese-Yoruba-Tribe-in-Lagos-State-Nigeria.pdf","https://scholar.google.com/scholar?q=related:iMQFivkbJ4EJ:scholar.google.com/&scioq=%22waist+circumference%22+nigeria&hl=en&as_sdt=0,5&as_ylo=2019&as_yhi=2019&as_vis=1"
0,"D Venkateswarlu, BT Rao","Waist circumference is a Useful Indicator for Non-alcoholic Fatty Liver Disease Patients Visiting Gastro and Liver Care Hospital in Ongole City, Prakasam District …",,"researchgate.net","","https://www.researchgate.net/profile/Burri-Rao/publication/334273130_Waist_circumference_is_a_Useful_Indicator_for_Non-alcoholic_Fatty_Liver_Disease_Patients_Visiting_Gastro_and_Liver_Care_Hospital_in_Ongole_City_Prakasam_District_Andhra_Pradesh/links/5d202a9492851cf44068f6f9/Waist-circumference-is-a-Useful-Indicator-for-Non-alcoholic-Fatty-Liver-Disease-Patients-Visiting-Gastro-and-Liver-Care-Hospital-in-Ongole-City-Prakasam-District-Andhra-Pradesh.pdf","",49,"2021-07-17 23:32:21","PDF","","","",,,,,0,0.00,0,2,,"… Similar findings were noticed in the research study conducted in Nigeria 23. Statistically … 12. MEJ Lean, TS Han, CE Morrison. Waist circumference as a measure for indicating … Circumference in Nigerian Adults: Implication as Indicators of Health Status. J Public Health Res …","https://www.researchgate.net/profile/Burri-Rao/publication/334273130_Waist_circumference_is_a_Useful_Indicator_for_Non-alcoholic_Fatty_Liver_Disease_Patients_Visiting_Gastro_and_Liver_Care_Hospital_in_Ongole_City_Prakasam_District_Andhra_Pradesh/links/5d202a9492851cf44068f6f9/Waist-circumference-is-a-Useful-Indicator-for-Non-alcoholic-Fatty-Liver-Disease-Patients-Visiting-Gastro-and-Liver-Care-Hospital-in-Ongole-City-Prakasam-District-Andhra-Pradesh.pdf","https://scholar.google.com/scholar?q=related:UUJ5nrzBsBAJ:scholar.google.com/&scioq=%22waist+circumference%22+nigeria&hl=en&as_sdt=0,5&as_ylo=2019&as_yhi=2019&as_vis=1"
0,"O Ajayi, M Charles-Davies","Metabolic syndrome and reproduction: Current perspectives in Nigeria",2019,"Diabesity","diabesity.ejournals.ca","https://www.diabesity.ejournals.ca/index.php/diabesity/article/view/57","",50,"2021-07-17 23:32:21","","","","",,,,,0,0.00,0,2,2,"… estimate however varies due to age, gender and ethnicity.5 In Nigeria, MS affects … in fruits and vegetables for the energy-laden foods.7 Elevated waist circumference, reduced HDL-C … MS components in Nigerians, however, with gender differences.8 In a Nigerian study, elevated …","https://core.ac.uk/download/pdf/234043136.pdf","https://scholar.google.com/scholar?q=related:s1aushM8hdMJ:scholar.google.com/&scioq=%22waist+circumference%22+nigeria&hl=en&as_sdt=0,5&as_ylo=2019&as_yhi=2019&as_vis=1"
13,"N Li, T Yang, WQ Yu, H Liu","Is waist-to-height ratio superior to body mass index and waist circumference in predicting the incidence of hypertension?",2019,"Annals of Nutrition and Metabolism","karger.com","https://www.karger.com/Article/Abstract/499073","https://scholar.google.com/scholar?cites=7006877877135487824&as_sdt=2005&sciodt=0,5&hl=en",51,"2021-07-17 23:32:21","","","","",,,,,13,6.50,3,4,2,"… Ashwell M, Gunn P, Gibson S. Waist-to-height ratio is a better screening tool than waist circumference and BMI for adult … analysis of anthropometric indices of obesity as correlates and potential predictors of risk for hypertension and prehypertension in a population in Nigeria …","https://www.karger.com/Article/PDF/499073","https://scholar.google.com/scholar?q=related:UDM0I05uPWEJ:scholar.google.com/&scioq=%22waist+circumference%22+nigeria&hl=en&as_sdt=0,5&as_ylo=2019&as_yhi=2019&as_vis=1"
0,"B Dele-Ojo, P Kolo, A Ogunmodede, H Bello…","Prevalence and Predictors of White Coat Hypertension among Newly-Diagnosed Hypertensive Patients in a Tertiary Health Centre in Nigeria",2019,"Ethiopian journal of …","ajol.info","https://www.ajol.info/index.php/ejhs/article/view/189015","",52,"2021-07-17 23:32:21","","","","",,,,,0,0.00,0,5,2,"… and area: The study was a cross- sectional survey conducted in North Central Nigeria … SH, Systemic hypertension; SD, Standard deviation; BMI, Body mass index; WC, Waist circumference; HC, Hip … is higher than 14.1% that was previously reported in a Nigerian population by …","https://www.ajol.info/index.php/ejhs/article/view/189015/178257","https://scholar.google.com/scholar?q=related:IdmyXRISUC8J:scholar.google.com/&scioq=%22waist+circumference%22+nigeria&hl=en&as_sdt=0,5&as_ylo=2019&as_yhi=2019&as_vis=1"
0,"OO Fasanmade, IA Odeniyi, OA Fasanmade…","Effect of diabetes education on anthropometric indices, blood pressure and glycemic control in type 2 diabetes mellitus patients in Lagos, Nigeria",2019,"","196.45.48.59","http://196.45.48.59/handle/123456789/7621","",53,"2021-07-17 23:32:21","","","","",,,,,0,0.00,0,4,2,"… and glycemic control in type 2 diabetes mellitus patients in Lagos, Nigeria … of DE on anthropometric indices, blood pressure and glycaemic control of Nigerians with types … Result: The intervention group experienced significantly greater reductions in waist circumference [0.60(0.09 …","",""
1,"BO Bello-Ovosi, JO Ovosi, MA Ogunsina…","Prevalence and pattern of dyslipidemia in patients with type 2 diabetes mellitus in Zaria, Northwestern Nigeria",2019,"The Pan African …","ncbi.nlm.nih.gov","https://www.ncbi.nlm.nih.gov/pmc/articles/pmc7906549/","https://scholar.google.com/scholar?cites=8990870097415351872&as_sdt=2005&sciodt=0,5&hl=en",54,"2021-07-17 23:32:21","HTML","","","",,,,,1,0.50,0,4,2,"… & Corresponding author: Joseph Ogirima Ovosi, 461 Nigerian Air Force Hospital, Kaduna, Nigeria … bed capacity hospital that provides services to patients from Northern Nigeria and the … sex, while clinical and laboratory data were: height, weight, waist circumference, duration of …","https://www.ncbi.nlm.nih.gov/pmc/articles/pmc7906549/","https://scholar.google.com/scholar?q=related:QK4fyrf8xXwJ:scholar.google.com/&scioq=%22waist+circumference%22+nigeria&hl=en&as_sdt=0,5&as_ylo=2019&as_yhi=2019&as_vis=1"
0,"MA Ramalan, ID Gezawa, AE Uloko…","Prevalence and risk factors for overweight and obesity among suburban semi-nomadic fulani's of Northwestern Nigeria",2019,"Nigerian Journal of …","ajol.info","https://www.ajol.info/index.php/njm/article/view/192963","",55,"2021-07-17 23:32:21","","","","",,,,,0,0.00,0,4,2,"… Waist to hip ratio (WHR) – The WHR was calculated as the waist circumference in centimetre (cm) divided by hip 12 … et al in a study of 2156 adult Nigerians seeking medical care at a mission General Hospital in Imo state, Southeastern Nigeria … Nigerian Journal of Medicine, Vol …","https://www.ajol.info/index.php/njm/article/download/192963/182087","https://scholar.google.com/scholar?q=related:EMvW_CqJGrMJ:scholar.google.com/&scioq=%22waist+circumference%22+nigeria&hl=en&as_sdt=0,5&as_ylo=2019&as_yhi=2019&as_vis=1"
0,"EE Ikpeme, OT Dixon-Umo, FS Okpokowuruk…","Estimated glomerular filtration rate in apparently healthy school children in Uyo, Nigeria, using the updated Schwartz Formula",2019,"African Journal of …","ajol.info","https://www.ajol.info/index.php/ajpn/article/view/199120","",56,"2021-07-17 23:32:21","","","","",,,,,0,0.00,0,4,2,"… We recommend a regular community based screening of children for CKD using this simple method. Keywords: eGFR, children, Schwartz, female gender, waist circumference, Nigeria. Requires Subscription PDF. Published. 2020-08-27. Issue. Vol. 6 No. 1 (2019). Section. Articles …","",""
0,"PC Chinonye, SI Okpala","… CARDIOVASCULAR PARAMETERS AS CORRELATES OF PHYSICAL FITNESS INDEX AMONG OVERWEIGHT UNDERGRADUATES OF A NIGERIAN …",,"Journal of Medical and Applied Biosciences","researchgate.net","https://www.researchgate.net/profile/Peace-Chinonye/publication/338375931_ANTHROPOMETRIC_INDICES_AND_RESTING_CARDIOVASCULAR_PARAMETERS_AS_CORRELATES_OF_PHYSICAL_FITNESS_INDEX_AMONG_OVERWEIGHT_UNDERGRADUATES_OF_A_NIGERIAN_UNIVERSITY/links/5e0fc14c4585159aa4b11347/ANTHROPOMETRIC-INDICES-AND-RESTING-CARDIOVASCULAR-PARAMETERS-AS-CORRELATES-OF-PHYSICAL-FITNESS-INDEX-AMONG-OVERWEIGHT-UNDERGRADUATES-OF-A-NIGERIAN-UNIVERSITY.pdf","",57,"2021-07-17 23:32:21","PDF","","","",,,,,0,0.00,0,2,,"… University of Nigeria … mass index, waist circumference, conicity index, systolic blood … Page 4. Anthropometric Indices and Resting Cardiovascular Parameters as Correlates of Physical Fitness Index among Overweight Undergraduates of A Nigerian University 20 Jangam, 2014) …","https://www.researchgate.net/profile/Peace-Chinonye/publication/338375931_ANTHROPOMETRIC_INDICES_AND_RESTING_CARDIOVASCULAR_PARAMETERS_AS_CORRELATES_OF_PHYSICAL_FITNESS_INDEX_AMONG_OVERWEIGHT_UNDERGRADUATES_OF_A_NIGERIAN_UNIVERSITY/links/5e0fc14c4585159aa4b11347/ANTHROPOMETRIC-INDICES-AND-RESTING-CARDIOVASCULAR-PARAMETERS-AS-CORRELATES-OF-PHYSICAL-FITNESS-INDEX-AMONG-OVERWEIGHT-UNDERGRADUATES-OF-A-NIGERIAN-UNIVERSITY.pdf","https://scholar.google.com/scholar?q=related:IPvl2R3p-yAJ:scholar.google.com/&scioq=%22waist+circumference%22+nigeria&hl=en&as_sdt=0,5&as_ylo=2019&as_yhi=2019&as_vis=1"
0,"NA Obasi, SS Ogundapo, E Nweze…","Junk Food Consumption and its Association with Anthropometric Indices among undergraduates in Nigeria",2019,"Journal of Pharmacy …","researchgate.net","https://www.researchgate.net/profile/Nwogo-Obasi/publication/337913107_Junk_Food_Consumption_and_its_Association_with_Anthropometric_Indices_among_undergraduates_in_Nigeria/links/5e9da9f5a6fdcca78928b9f2/Junk-Food-Consumption-and-its-Association-with-Anthropometric-Indices-among-undergraduates-in-Nigeria.pdf","",58,"2021-07-17 23:32:21","PDF","","","",,,,,0,0.00,0,4,2,"… This study was conducted in Akanu Ibiam Federal Polytechnic Unwana, Ebonyi State, Nigeria … Waist circumference was measured using a measuring tape over abdomen, with measurements made halfway between the lower border of ribs and the highest point of the iliac crest …","https://www.researchgate.net/profile/Nwogo-Obasi/publication/337913107_Junk_Food_Consumption_and_its_Association_with_Anthropometric_Indices_among_undergraduates_in_Nigeria/links/5e9da9f5a6fdcca78928b9f2/Junk-Food-Consumption-and-its-Association-with-Anthropometric-Indices-among-undergraduates-in-Nigeria.pdf","https://scholar.google.com/scholar?q=related:iy_xh-kpKcYJ:scholar.google.com/&scioq=%22waist+circumference%22+nigeria&hl=en&as_sdt=0,5&as_ylo=2019&as_yhi=2019&as_vis=1"
0,"A Omotoyosi, A Odunayo…","Assessment of Cardiorespiratory Fitness among School-Aged Adolescents in Selected Schools of a Nigerian City",2019,"Medicina Sportiva: Journal …","researchgate.net","https://www.researchgate.net/profile/Adesola-Ojoawo/publication/343402918_Assessment_of_Cardiorespiratory_Fitness_among_School-Aged_Adolescents_in_Selected_Schools_of_a_Nigerian_City/links/5f284a8c92851cd302d83fd3/Assessment-of-Cardiorespiratory-Fitness-among-School-Aged-Adolescents-in-Selected-Schools-of-a-Nigerian-City.pdf","",59,"2021-07-17 23:32:21","PDF","","","",,,,,0,0.00,0,3,2,"… among School-Aged Adolescents in Selected Schools in a Nigerian City Adu … of data on the cardiorespiratory fitness of adolescents in Nigeria especially in Ile … assessed cardiorespiratory fitness and selected anthropometric variables (weight, height, waist circumference and hip …","https://www.researchgate.net/profile/Adesola-Ojoawo/publication/343402918_Assessment_of_Cardiorespiratory_Fitness_among_School-Aged_Adolescents_in_Selected_Schools_of_a_Nigerian_City/links/5f284a8c92851cd302d83fd3/Assessment-of-Cardiorespiratory-Fitness-among-School-Aged-Adolescents-in-Selected-Schools-of-a-Nigerian-City.pdf","https://scholar.google.com/scholar?q=related:C48wiJIL9qUJ:scholar.google.com/&scioq=%22waist+circumference%22+nigeria&hl=en&as_sdt=0,5&as_ylo=2019&as_yhi=2019&as_vis=1"
0,"GO Ekanem, MB Bch","Obesity and Its Associated Primary Co-Morbidities among Rural Mission Clinic Outpatients in Akwa Ibom State. Nigeria",,"researchgate.net","","https://www.researchgate.net/profile/Alphonsus-Idung/publication/338005654_Obesity_and_Its_Associated_Primary_Co-Morbidities_among_Rural_Mission_Clinic_Outpatients_in_Akwa_Ibom_State_Nigeria_Obesity_and_Its_Associated_Primary_Co-Morbidities_among_Rural_Mission_Clinic_Outpati/links/5df9d0ca299bf10bc363651d/Obesity-and-Its-Associated-Primary-Co-Morbidities-among-Rural-Mission-Clinic-Outpatients-in-Akwa-Ibom-State-Nigeria-Obesity-and-Its-Associated-Primary-Co-Morbidities-among-Rural-Mission-Clinic-Outpati.pdf","",60,"2021-07-17 23:32:21","PDF","","","",,,,,0,0.00,0,2,,"… and common primary co- morbidities in a rural mission General Hospital in Imo State, South –Eastern Nigeria. Nigerian Journal of Clinical Practice 2011; 14(2) 212-218 [22 … PC, Dapper DV, The prevalence of obesity as indicated by BMI and waist circumference among Nigerian …","https://www.researchgate.net/profile/Alphonsus-Idung/publication/338005654_Obesity_and_Its_Associated_Primary_Co-Morbidities_among_Rural_Mission_Clinic_Outpatients_in_Akwa_Ibom_State_Nigeria_Obesity_and_Its_Associated_Primary_Co-Morbidities_among_Rural_Mission_Clinic_Outpati/links/5df9d0ca299bf10bc363651d/Obesity-and-Its-Associated-Primary-Co-Morbidities-among-Rural-Mission-Clinic-Outpatients-in-Akwa-Ibom-State-Nigeria-Obesity-and-Its-Associated-Primary-Co-Morbidities-among-Rural-Mission-Clinic-Outpati.pdf","https://scholar.google.com/scholar?q=related:e3a5S72H3qQJ:scholar.google.com/&scioq=%22waist+circumference%22+nigeria&hl=en&as_sdt=0,5&as_ylo=2019&as_yhi=2019&as_vis=1"
0,"O Ahmed","Prevalence of Metabolic Syndrome among Students of Faculty of Health Science and Technology in Ebonyi State University, Abakaliki, Nigeria",2019,"Asian Journal of Applied Sciences (ISSN: 2321–0893)","researchgate.net","https://www.researchgate.net/profile/Fasogbon-Samuel-Ayobami/publication/338224455_Prevalence_of_Metabolic_Syndrome_among_Students_of_Faculty_of_Health_Science_and_Technology_in_Ebonyi_State_University_Abakaliki_Nigeria/links/5e08e1de92851c8364a47ca9/Prevalence-of-Metabolic-Syndrome-among-Students-of-Faculty-of-Health-Science-and-Technology-in-Ebonyi-State-University-Abakaliki-Nigeria.pdf","",61,"2021-07-17 23:32:21","PDF","","","",,,,,0,0.00,0,1,2,"… classified as having MetS had a significantly higher BMI, waist circumference, triglycerides, systolic … Prevalence of metabolic syndrome in a rural community in Nigeria Metabolic Syndrome … cardiometabolic risk factors among a rural Yoruba south-western Nigerian population: a …","https://www.researchgate.net/profile/Fasogbon-Samuel-Ayobami/publication/338224455_Prevalence_of_Metabolic_Syndrome_among_Students_of_Faculty_of_Health_Science_and_Technology_in_Ebonyi_State_University_Abakaliki_Nigeria/links/5e08e1de92851c8364a47ca9/Prevalence-of-Metabolic-Syndrome-among-Students-of-Faculty-of-Health-Science-and-Technology-in-Ebonyi-State-University-Abakaliki-Nigeria.pdf","https://scholar.google.com/scholar?q=related:W7l8b9czSdgJ:scholar.google.com/&scioq=%22waist+circumference%22+nigeria&hl=en&as_sdt=0,5&as_ylo=2019&as_yhi=2019&as_vis=1"
3,"SK Malik, J Kouame, M Gbane, M Coulibaly…","Prevalence of abdominal obesity and its correlates among adults in a peri-urban population of West Africa",2019,"AIMS public …","ncbi.nlm.nih.gov","https://www.ncbi.nlm.nih.gov/pmc/articles/pmc6779594/","https://scholar.google.com/scholar?cites=4845268927639937700&as_sdt=2005&sciodt=0,5&hl=en",62,"2021-07-17 23:32:21","HTML","","","",,,,,3,1.50,1,5,2,"… 2009;17:1232–1239. [PubMed] [Google Scholar]. 6. Ford ES, Maynard LM, Li C. Trends in Mean Waist Circumference and Abdominal Obesity Among US Adults, 1999–2012. Jama … The prevalence of abdominal obesity and hypertension amongst adults in Ogbomoso, Nigeria …","https://www.ncbi.nlm.nih.gov/pmc/articles/pmc6779594/","https://scholar.google.com/scholar?q=related:pGI3GWvaPUMJ:scholar.google.com/&scioq=%22waist+circumference%22+nigeria&hl=en&as_sdt=0,5&as_ylo=2019&as_yhi=2019&as_vis=1"
0,"D Ter Goon, C Mpofu, VO Adeniyi…","Elevated Blood Pressure of High Altitude Dwelling Andibila Adults in Oju, Nigeria",2019,"Global Journal of …","pdfs.semanticscholar.org","https://pdfs.semanticscholar.org/c8ca/3b9a7cc1979141ff0307b959068f4a26497d.pdf","",63,"2021-07-17 23:32:21","PDF","","","",,,,,0,0.00,0,4,2,"… Interference from the contemporary Nigerian lifestyle is also limited by difficulty climbing the mountain (Goon … BMI: Body mass index, WC: Waist circumference, WHR: Waist-to-hip ratio, WSR: Waist-to … on elevated BP of Andibila people residing on a high altitude in Oju, Nigeria …","https://pdfs.semanticscholar.org/c8ca/3b9a7cc1979141ff0307b959068f4a26497d.pdf","https://scholar.google.com/scholar?q=related:cUawhLrmuYgJ:scholar.google.com/&scioq=%22waist+circumference%22+nigeria&hl=en&as_sdt=0,5&as_ylo=2019&as_yhi=2019&as_vis=1"
9,"CE Agu, IK Uchendu, AC Nsonwu, CN Okwuosa…","… risk factors of peripheral artery disease in virologically suppressed HIV-infected individuals on antiretroviral therapy in Kwara state, Nigeria: a cross sectional …",2019,"BMC public health","Springer","https://link.springer.com/article/10.1186/s12889-019-7496-4","https://scholar.google.com/scholar?cites=202304350363200704&as_sdt=2005&sciodt=0,5&hl=en",64,"2021-07-17 23:32:21","HTML","10.1186/s12889-019-7496-4","","",,,,,9,4.50,2,5,2,"… The study was conducted in Kwara State, a State in western Nigeria, located within the North central geopolitical zone … Anthropometric parameters such as height (m), weight (kg), waist circumference (cm), hip circumference (cm) were determined as described by Schienkiewitz …","https://link.springer.com/article/10.1186/s12889-019-7496-4","https://scholar.google.com/scholar?q=related:wCzqG7y6zgIJ:scholar.google.com/&scioq=%22waist+circumference%22+nigeria&hl=en&as_sdt=0,5&as_ylo=2019&as_yhi=2019&as_vis=1"
1,"AA Adeomi, IO Adelusi, PO Adedeji, AE Awofeso…","Nutritional status and Cardiometabolic health among adolescents; findings from southwestern Nigeria",2019,"BMC nutrition","Springer","https://link.springer.com/article/10.1186/s40795-019-0308-5;","https://scholar.google.com/scholar?cites=3439628377145388156&as_sdt=2005&sciodt=0,5&hl=en",65,"2021-07-17 23:32:21","HTML","10.1186/s40795-019-0308-5;","","",,,,,1,0.50,0,5,2,"… Some Nigerian studies are reporting prevalence of adolescent overweight/obesity close to the global … with pre-hypertension in a similar study carried out in eastern Nigeria [16], with … 2) and obese (> + 2). Waist hip ratio (WHR) was calculated as waist circumference in centimeters …","https://link.springer.com/article/10.1186/s40795-019-0308-5;","https://scholar.google.com/scholar?q=related:fKwa-8gDvC8J:scholar.google.com/&scioq=%22waist+circumference%22+nigeria&hl=en&as_sdt=0,5&as_ylo=2019&as_yhi=2019&as_vis=1"
0,"KP Legbara","… and fish consumption contributing to the nutrient profile, dietary diversity and food security of adult caregivers in a coastal community in Rivers State, southern Nigeria",2019,"","olc.dut.ac.za","http://olc.dut.ac.za/handle/10321/3352","",66,"2021-07-17 23:32:21","","","","",,,,,0,0.00,0,1,2,"… to the nutrient profile, dietary diversity and food security of adult caregivers in a coastal community in Rivers State, southern Nigeria … All the respondents were also weighed and measured in order to determine Body Mass Index (BMI), Waist Circumference (WC), Waist to Height …","",""
0,"GG Joag, DP Jhon, AC Aundhkar","CORRELATION OF BODY MASS INDEX AND WAIST CIRCUMFERENCE WITH BLOOD PRESSURE IN SCHOOL AGE CHILDREN",2019,"Journal of Critical Reviews","jcreview.com","http://www.jcreview.com/fulltext/197-1595676314.pdf","",67,"2021-07-17 23:32:21","PDF","","","",,,,,0,0.00,0,3,2,"… Key words: Body Mass Index, Waist Circumference, Blood Pressure, Children © 2019 by Advance Scientific Research … Olufemi O. Oyewole at. el. (2009) conducted a cross-sectional study on 1638 adolescents in Nigeria (2009) to examine, relationship between different …","http://www.jcreview.com/fulltext/197-1595676314.pdf","https://scholar.google.com/scholar?q=related:QPqa41B1IYcJ:scholar.google.com/&scioq=%22waist+circumference%22+nigeria&hl=en&as_sdt=0,5&as_ylo=2019&as_yhi=2019&as_vis=1"
4,"IC Okpala, AO Akinboro, IO Ezejoifor…","Metabolic syndrome and dyslipidemia among Nigerians with lichen planus: A cross-sectional study",2019,"Indian journal of …","ncbi.nlm.nih.gov","https://www.ncbi.nlm.nih.gov/pmc/articles/PMC6714181/","https://scholar.google.com/scholar?cites=10903634122119875923&as_sdt=2005&sciodt=0,5&hl=en",68,"2021-07-17 23:32:21","HTML","","","",,,,,4,2.00,1,4,2,"… two Nigerian teaching hospitals in Nnewi, southeastern Nigeria, and Ogbomoso, southwestern Nigeria … about 4,177,828 while Ogbomosho, which is one of the Nigerian largest urban … Waist circumference was measured in a horizontal plane midway between the inferior margin …","https://www.ncbi.nlm.nih.gov/pmc/articles/PMC6714181/","https://scholar.google.com/scholar?q=related:U43I0XZ9UZcJ:scholar.google.com/&scioq=%22waist+circumference%22+nigeria&hl=en&as_sdt=0,5&as_ylo=2019&as_yhi=2019&as_vis=1"
0,"TD Otey","Addressing Non-Communicable Disease in Rural Nigeria Through Dietary Assessment",,"sigma.nursingrepository.org","","https://sigma.nursingrepository.org/handle/10755/18058","",69,"2021-07-17 23:32:21","","","","",,,,,0,0.00,0,1,,"… mass index (BMI) was used as a measure of obesity, and waist circumference (WC) was … Area (LGA), Imo State, and Rumueme community of Port Harcourt LGA Rivers State, Nigeria … We will judge whether anthropometric measurements of Nigerian women relate to the same …","https://sigma.nursingrepository.org/bitstream/handle/10755/18058/Otey_95915_PST330_Info.pdf?sequence=2&isAllowed=y",""
2,"O Abiodun, A Ladele, O Olu-Abiodun…","Hypertension among adolescents in Nigeria: a retrospective study of adolescent university freshmen",2019,"International journal of …","degruyter.com","https://www.degruyter.com/document/doi/10.1515/ijamh-2018-0287/html","https://scholar.google.com/scholar?cites=5740332737684810198&as_sdt=2005&sciodt=0,5&hl=en",70,"2021-07-17 23:32:21","","10.1515/ijamh-2018-0287","","",,,,,2,1.00,1,4,2,"… diastolic blood pressure; IQR, interquartile range; SBP, systolic blood pressure; WC, waist circumference; WHR, waist … Table 3: Prevalence of high BP categories in Nigerian adolescents; stratified by … hypertension coupled with the lack of trend analysis of hypertension in Nigeria …","","https://scholar.google.com/scholar?q=related:1qk_GjbCqU8J:scholar.google.com/&scioq=%22waist+circumference%22+nigeria&hl=en&as_sdt=0,5&as_ylo=2019&as_yhi=2019&as_vis=1"
4,"AYAA Baioumi","Comparing Measures of Obesity: Waist Circumference, Waist-Hip, and Waist-Height Ratios",2019,"Nutrition in the Prevention and Treatment of Abdominal …","Elsevier","https://www.sciencedirect.com/science/article/pii/B9780128160930000033","https://scholar.google.com/scholar?cites=286170778433644458&as_sdt=2005&sciodt=0,5&hl=en",71,"2021-07-17 23:32:21","","","","",,,,,4,2.00,4,1,2,"… 2019, Pages 29-40. Nutrition in the Prevention and Treatment of Abdominal Obesity. Chapter 3 - Comparing Measures of Obesity: Waist Circumference, Waist-Hip, and Waist-Height Ratios … Waist Circumference. WC is a constant measure of abdominal obesity …","","https://scholar.google.com/scholar?q=related:qmeiic6u-AMJ:scholar.google.com/&scioq=%22waist+circumference%22+nigeria&hl=en&as_sdt=0,5&as_ylo=2019&as_yhi=2019&as_vis=1"
2,"A Ayu, GJ Saa-Aondo","Association of waist-height-ratio, waist circumference, and body mass index with serum testosterone level in apparently healthy men. Biochem",2019,"Mol. Biol","researchgate.net","https://www.researchgate.net/profile/Ayu-Agbecha/publication/332447070_Association_of_Waist-Height-Ratio_Waist_Circumference_and_Body_Mass_Index_with_Serum_Testosterone_Level_in_Apparently_Healthy_Men/links/5cb607c1a6fdcc1d499a1d30/Association-of-Waist-Height-Ratio-Waist-Circumference-and-Body-Mass-Index-with-Serum-Testosterone-Level-in-Apparently-Healthy-Men.pdf","https://scholar.google.com/scholar?cites=2787491988542899267&as_sdt=2005&sciodt=0,5&hl=en",72,"2021-07-17 23:32:21","PDF","","","",,,,,2,1.00,1,2,2,"… Center, Makurdi, Nigeria 2Department of Veterinary Pathology, University of Agriculture, Makurdi, Nigeria Email address: *Corresponding author To cite this article: Agbecha Ayu, Gberindyer James Saa-Aondo. Association of Waist-Height-Ratio, Waist Circumference, and Body …","https://www.researchgate.net/profile/Ayu-Agbecha/publication/332447070_Association_of_Waist-Height-Ratio_Waist_Circumference_and_Body_Mass_Index_with_Serum_Testosterone_Level_in_Apparently_Healthy_Men/links/5cb607c1a6fdcc1d499a1d30/Association-of-Waist-Height-Ratio-Waist-Circumference-and-Body-Mass-Index-with-Serum-Testosterone-Level-in-Apparently-Healthy-Men.pdf","https://scholar.google.com/scholar?q=related:Q8RY3zEpryYJ:scholar.google.com/&scioq=%22waist+circumference%22+nigeria&hl=en&as_sdt=0,5&as_ylo=2019&as_yhi=2019&as_vis=1"
0,"AN Onyiriuka, NJ Iduoriyekemwen…","Serum non-high-density lipoprotein cholesterol concentration: Profile and prevalence of high levels among adolescent Nigerian students",2019,"Sri Lanka Journal of …","researchgate.net","https://www.researchgate.net/profile/Alphonsus-Onyiriuka/publication/339428481_Serum_non-high-density_lipoprotein_cholesterol_concentration_Profile_and_prevalence_of_high_levels_among_adolescent_Nigerian_students/links/5e510dd1458515072dafe6fb/Serum-non-high-density-lipoprotein-cholesterol-concentration-Profile-and-prevalence-of-high-levels-among-adolescent-Nigerian-students.pdf","",73,"2021-07-17 23:32:21","PDF","","","",,,,,0,0.00,0,3,2,"… HDL-C has been found to be related to body mass index and waist circumference (4). In … C levels in a selected group of overweight/obese and normal-weight adolescent Nigerian students … in an urban secondary school in Egor Local Government Area (LGA) of Edo State, Nigeria …","https://www.researchgate.net/profile/Alphonsus-Onyiriuka/publication/339428481_Serum_non-high-density_lipoprotein_cholesterol_concentration_Profile_and_prevalence_of_high_levels_among_adolescent_Nigerian_students/links/5e510dd1458515072dafe6fb/Serum-non-high-density-lipoprotein-cholesterol-concentration-Profile-and-prevalence-of-high-levels-among-adolescent-Nigerian-students.pdf","https://scholar.google.com/scholar?q=related:gmgZ9UF7QTcJ:scholar.google.com/&scioq=%22waist+circumference%22+nigeria&hl=en&as_sdt=0,5&as_ylo=2019&as_yhi=2019&as_vis=1"
0,"KS Adedapo","Contributory roles of lipids, adiposity and the underlying effect of antioxidant levels in the aetiology of breast cancer in Nigerian women",2019,"","researchgate.net","https://www.researchgate.net/profile/Temitope-Olusanya-2/publication/333264235_Contributory_roles_of_lipids_adiposity_and_the_underlying_effect_of_antioxidant_levels_in_the_aetiology_of_breast_cancer_in_Nigerian_women/links/5ce5348aa6fdccc9ddc4cdc8/Contributory-roles-of-lipids-adiposity-and-the-underlying-effect-of-antioxidant-levels-in-the-aetiology-of-breast-cancer-in-Nigerian-women.pdf","",74,"2021-07-17 23:32:21","PDF","","","",,,,,0,0.00,0,1,2,"… the cervix and if the present trend is maintained it will become, for Nigeria, and other … these modifiable factors could potentially reduce the risk of breast cancer in Nigerian women … 1. There was no significant difference between the age, height, weight, waist circumference and hip …","https://www.researchgate.net/profile/Temitope-Olusanya-2/publication/333264235_Contributory_roles_of_lipids_adiposity_and_the_underlying_effect_of_antioxidant_levels_in_the_aetiology_of_breast_cancer_in_Nigerian_women/links/5ce5348aa6fdccc9ddc4cdc8/Contributory-roles-of-lipids-adiposity-and-the-underlying-effect-of-antioxidant-levels-in-the-aetiology-of-breast-cancer-in-Nigerian-women.pdf","https://scholar.google.com/scholar?q=related:J6WpTkCgihMJ:scholar.google.com/&scioq=%22waist+circumference%22+nigeria&hl=en&as_sdt=0,5&as_ylo=2019&as_yhi=2019&as_vis=1"
4,"O Aribike, I Okafor, A Roberts…","Are Nigerian women pro-active about noncommunicable disease prevention? A quantitative survey",2019,"Annals of global health","ncbi.nlm.nih.gov","https://www.ncbi.nlm.nih.gov/pmc/articles/pmc6634947/","https://scholar.google.com/scholar?cites=14871807254307005776&as_sdt=2005&sciodt=0,5&hl=en",75,"2021-07-17 23:32:21","HTML","","","",,,,,4,2.00,1,4,2,"… Are Nigerian Women Pro-Active about Noncommunicable Disease Prevention … As at the time of study, annual medical check-up was recommended in Nigeria, for most … BP) measurement, lipid profile, body mass index (BMI) evaluation and waist circumference (WC) measurement …","https://www.ncbi.nlm.nih.gov/pmc/articles/pmc6634947/","https://scholar.google.com/scholar?q=related:UOULUedFY84J:scholar.google.com/&scioq=%22waist+circumference%22+nigeria&hl=en&as_sdt=0,5&as_ylo=2019&as_yhi=2019&as_vis=1"
1,"WNI Kularathne, E Bandara…","Correlation Of Blood Pressure With Body Mass Index, Waist Circumference And Waist To Hip Ratio",2019,"… Journal of Advanced …","researchgate.net","https://www.researchgate.net/profile/Ia-Bandara/publication/337705212_Correlation_Of_Blood_Pressure_With_Body_Mass_Index_Waist_Circumference_And_Waist_To_Hip_Ratio/links/5e0979b34585159aa4a47855/Correlation-Of-Blood-Pressure-With-Body-Mass-Index-Waist-Circumference-And-Waist-To-Hip-Ratio.pdf","https://scholar.google.com/scholar?cites=14591818695087857753&as_sdt=2005&sciodt=0,5&hl=en",76,"2021-07-17 23:32:21","PDF","","","",,,,,1,0.50,0,3,2,"… for the prediction of hypertension in men and women respectively [6]. According to a Nigerian study, age … WHR is defined as the waist circumference divided by the hip circumference … Sex differences and relationship between blood pressure and age among the Ibos of Nigeria …","https://www.researchgate.net/profile/Ia-Bandara/publication/337705212_Correlation_Of_Blood_Pressure_With_Body_Mass_Index_Waist_Circumference_And_Waist_To_Hip_Ratio/links/5e0979b34585159aa4a47855/Correlation-Of-Blood-Pressure-With-Body-Mass-Index-Waist-Circumference-And-Waist-To-Hip-Ratio.pdf","https://scholar.google.com/scholar?q=related:WaCd28qNgMoJ:scholar.google.com/&scioq=%22waist+circumference%22+nigeria&hl=en&as_sdt=0,5&as_ylo=2019&as_yhi=2019&as_vis=1"
3,"M Aridegbe, I Adeoye, A Oguntade","Obesity, hypertension, and dyslipidemia among human immunodeficiency virus patients in Abeokuta Ogun State, Nigeria",2019,"Nigerian Journal of …","nigjcardiol.org","https://www.nigjcardiol.org/article.asp?issn=0189-7969;year=2019;volume=16;issue=1;spage=83;epage=91;aulast=Aridegbe","https://scholar.google.com/scholar?cites=7517444596424455582&as_sdt=2005&sciodt=0,5&hl=en",77,"2021-07-17 23:32:21","HTML","","","",,,,,3,1.50,1,3,2,"… Waist Circumference and Waist-Hip Ratio: Report of a WHO Expert Consultation … R, Umar AM, Freemantle N. Current prevalence pattern of hypertension in nigeria: A systematic … pressure, prevalence of hypertension and hypertension related complications in Nigerian Africans: A …","https://www.nigjcardiol.org/article.asp?issn=0189-7969;year=2019;volume=16;issue=1;spage=83;epage=91;aulast=Aridegbe","https://scholar.google.com/scholar?q=related:njWPBAhUU2gJ:scholar.google.com/&scioq=%22waist+circumference%22+nigeria&hl=en&as_sdt=0,5&as_ylo=2019&as_yhi=2019&as_vis=1"
1,"CE Amadi, AC Mbakwem, OA Kushimo…","… of positive chronic kidney Disease screening in professional male long haul drivers at risk of cardiovascular Disease in Lagos, Nigeria: a cross-section study",2019,"BMC public health","Springer","https://link.springer.com/article/10.1186/s12889-019-7328-6","https://scholar.google.com/scholar?cites=10813160135309949920&as_sdt=2005&sciodt=0,5&hl=en",78,"2021-07-17 23:32:21","HTML","10.1186/s12889-019-7328-6","","",,,,,1,0.50,0,4,2,"… of positive CKD screening in professional male long distance drivers with high prevalence of clustering of CVD risk factors in Lagos, South West Nigeria … Overweight was defined as BMI > 25 kg/m 2 while obesity as BMI ≥ 30 kg/m 2 . Waist circumference was measured with an …","https://link.springer.com/article/10.1186/s12889-019-7328-6","https://scholar.google.com/scholar?q=related:4HuQPNoPEJYJ:scholar.google.com/&scioq=%22waist+circumference%22+nigeria&hl=en&as_sdt=0,5&as_ylo=2019&as_yhi=2019&as_vis=1"
6,"OI Awofisoye, JO Adeleye, JA Olaniyi, A Esan","Prevalence and correlates of anemia in type 2 diabetes mellitus: a study of a Nigerian outpatient diabetic population",2019,"Sahel Medical …","smjonline.org","https://www.smjonline.org/article.asp?issn=1118-8561;year=2019;volume=22;issue=2;spage=55;epage=63;aulast=Awofisoye","https://scholar.google.com/scholar?cites=515053250474192219&as_sdt=2005&sciodt=0,5&hl=en",79,"2021-07-17 23:32:21","HTML","","","",,,,,6,3.00,2,4,2,"… The study in Cameroon similarly found a positive correlation between waist circumference and hemoglobin … Factors influencing the outcome of treatment of foot lesions in Nigerian patients with … cell volume and albumin creatinine ratio in diabetic patients in South-South Nigeria …","https://www.smjonline.org/article.asp?issn=1118-8561;year=2019;volume=22;issue=2;spage=55;epage=63;aulast=Awofisoye","https://scholar.google.com/scholar?q=related:W63s0jPWJQcJ:scholar.google.com/&scioq=%22waist+circumference%22+nigeria&hl=en&as_sdt=0,5&as_ylo=2019&as_yhi=2019&as_vis=1"
0,"U Ekrikpo, E Effa, K Mnika, S Ajayi…","… OF TGF-beta-1 ARE NOT ASSOCIATED WITH CKD IN PATIENTS WITH HIV-RELATED NEPHROPATHIES IN EXTREME SOUTHERN NIGERIA",2019,"Kidney International …","kireports.org","https://www.kireports.org/article/S2468-0249(19)30796-X/pdf","",80,"2021-07-17 23:32:21","PDF","","","",,,,,0,0.00,0,5,2,"… of APOL1 and transforming growth factor-b1 (TGF-b1), an important renal pro-fibrotic cytokine, with CKD occurrence in extreme southern Nigeria … Group C) and 112 adults from the normal population (Group D). Phenotypic data (age, gender, BMI, waist circumference, CD4 count …","https://www.kireports.org/article/S2468-0249(19)30796-X/pdf",""
6,"IC Anioke, AN Ezedigboh, OC Dozie-Nwakile…","Predictors of poor glycemic control in adult with type 2 diabetes in South-Eastern Nigeria",2019,"African health …","ajol.info","https://www.ajol.info/index.php/ahs/article/view/192245","https://scholar.google.com/scholar?cites=7256264753268292226&as_sdt=2005&sciodt=0,5&hl=en",81,"2021-07-17 23:32:21","","","","",,,,,6,3.00,2,4,2,"… on assumed population size of 1000 for the setting selected, and a documented prevalence of T2DM in South-East Nigeria reported to … WHR was calculated by dividing waist circumference (WC) by hip circumference (HC) all in centimetre (cm).WC was measured at the level of …","https://www.ajol.info/index.php/ahs/article/download/192245/181370","https://scholar.google.com/scholar?q=related:gnq-Bllus2QJ:scholar.google.com/&scioq=%22waist+circumference%22+nigeria&hl=en&as_sdt=0,5&as_ylo=2019&as_yhi=2019&as_vis=1"
2,"AC Nsonwu-Anyanwu, CE Agu","Cardiovascular risk factors and oxidative stress indices in obese women in Southern Nigeria",2019,"React. Ox. Spec","researchgate.net","https://www.researchgate.net/profile/Agu-Chidozie/publication/332227423_Cardiovascular_Risk_Factors_and_Oxidative_Stress_Indices_in_Obese_Women_in_Southern_Nigeria/links/5f2be83d92851cd302dfe826/Cardiovascular-Risk-Factors-and-Oxidative-Stress-Indices-in-Obese-Women-in-Southern-Nigeria.pdf","https://scholar.google.com/scholar?cites=11642593493240979255&as_sdt=2005&sciodt=0,5&hl=en",82,"2021-07-17 23:32:21","PDF","","","",,,,,2,1.00,1,2,2,"… Chemical Pathology Unit, Department of Medical Laboratory Science, University of Calabar, Nigeria … TC, total cholesterol; TG, triglycerides; TNF-α, tumor necrosis factor-alpha; TPP, triphenylphosphine; VLDL-C, very low-density lipoprotein-cholesterol; WC, waist circumference …","https://www.researchgate.net/profile/Agu-Chidozie/publication/332227423_Cardiovascular_Risk_Factors_and_Oxidative_Stress_Indices_in_Obese_Women_in_Southern_Nigeria/links/5f2be83d92851cd302dfe826/Cardiovascular-Risk-Factors-and-Oxidative-Stress-Indices-in-Obese-Women-in-Southern-Nigeria.pdf","https://scholar.google.com/scholar?q=related:Nx_n1BjNkqEJ:scholar.google.com/&scioq=%22waist+circumference%22+nigeria&hl=en&as_sdt=0,5&as_ylo=2019&as_yhi=2019&as_vis=1"
3,"Y Lawal, F Bello, FE Anumah, AG Bakari","Waist-height ratio: How well does it predict glucose intolerance and systemic hypertension?",2019,"diabetes research and clinical …","Elsevier","https://www.sciencedirect.com/science/article/pii/S0168822719312136","https://scholar.google.com/scholar?cites=2064018988500298984&as_sdt=2005&sciodt=0,5&hl=en",83,"2021-07-17 23:32:21","","","","",,,,,3,1.50,1,4,2,"… Waist-height ratio (WHtR) is defined as waist circumference divided by height, both measured in the same units … In other Nigerian studies, Oguoma et al, Adejumo et al, and Akinlade et al … This was a cross-sectional observational study carried out in Zaria, Northern Nigeria …","","https://scholar.google.com/scholar?q=related:6Kw4m1XepBwJ:scholar.google.com/&scioq=%22waist+circumference%22+nigeria&hl=en&as_sdt=0,5&as_ylo=2019&as_yhi=2019&as_vis=1"
0,"SB Muazu, R Mshelia, H Bako, MB Ahmad…","… syndrome and its associated factors among apparently “healthy” adults residing in rural settlements in Dutse, Northwestern Nigeria: A community-based study",2019,"Journal of Health …","jhrr.org","https://www.jhrr.org/text.asp?2019/6/3/95/271840","",84,"2021-07-17 23:32:21","HTML","","","",,,,,0,0.00,0,5,2,"… Waist circumference and waist-hip ratio … based study of hypertension and cardio-metabolic syndrome in semi-urban and rural communities in Nigeria … Metabolic syndrome: Prevalence and association with electrocardiographic abnormalities in Nigerian hypertensive patients …","https://www.jhrr.org/text.asp?2019/6/3/95/271840","https://scholar.google.com/scholar?q=related:-ZcBnMMaCacJ:scholar.google.com/&scioq=%22waist+circumference%22+nigeria&hl=en&as_sdt=0,5&as_ylo=2019&as_yhi=2019&as_vis=1"
4,"S Swami, V Buddhiraja, R Gupta…","Correlation between Second to Fourth Digit Ratio and Anthropometric Variables Indicative of Cardiovascular Disease",2019,"Journal of …","thieme-connect.com","https://www.thieme-connect.com/products/ejournals/html/10.1055/s-0039-1678712","https://scholar.google.com/scholar?cites=15815063774720518424&as_sdt=2005&sciodt=0,5&hl=en",85,"2021-07-17 23:32:21","HTML","10.1055/s-0039-1678712","","",,,,,4,2.00,1,4,2,"… Relationship between Ratio of Second and Fourth Digit and Obesity Traits among Different Ethnic Groups in Ilorin, North Central Nigeria … Sexual Dimorphism and Relationship between Chest, Hip and Waist Circumference with 2D, 4D and 2D:4D in Nigerians …","https://www.thieme-connect.com/products/ejournals/html/10.1055/s-0039-1678712","https://scholar.google.com/scholar?q=related:GGldGLZketsJ:scholar.google.com/&scioq=%22waist+circumference%22+nigeria&hl=en&as_sdt=0,5&as_ylo=2019&as_yhi=2019&as_vis=1"
1,"A Balmukhanova, A Kanatbayeva…","Sp060 the features of birth weight in the development of hypertension",2019,"Nephrology Dialysis …","academic.oup.com","https://academic.oup.com/ndt/article-pdf/doi/10.1093/ndt/gfz103.SP060/28800391/gfz103.sp060.pdf","https://scholar.google.com/scholar?cites=17051640772128103161&as_sdt=2005&sciodt=0,5&hl=en",86,"2021-07-17 23:32:21","","10.1093/ndt","","",,,,,1,0.50,0,3,2,"… in urban populations within North-Central zone of Nigeria. METHODS: This is a cross-sectional study of adults in eight urban communities in Kwara state. We measured blood pressure, anthropometric parameters (body mass index (BMI), waist circumference and hip …","https://www.researchgate.net/profile/Miguel-Mendes-4/publication/333761326_SP061RENAL_SYMPATHETIC_DENERVATION_A_5-_YEAR_FOLLOW-UP/links/5dddcbc0299bf10bc3295a83/SP061RENAL-SYMPATHETIC-DENERVATION-A-5-YEAR-FOLLOW-UP.pdf","https://scholar.google.com/scholar?q=related:-VpDVPCYo-wJ:scholar.google.com/&scioq=%22waist+circumference%22+nigeria&hl=en&as_sdt=0,5&as_ylo=2019&as_yhi=2019&as_vis=1"
4,"AA Foumani, MM Neyaragh, ZA Ranjbar…","Waist circumference and spirometric measurements in chronic obstructive pulmonary disease",2019,"Osong public health …","ncbi.nlm.nih.gov","https://www.ncbi.nlm.nih.gov/pmc/articles/PMC6711712/","https://scholar.google.com/scholar?cites=5767591545442104029&as_sdt=2005&sciodt=0,5&hl=en",87,"2021-07-17 23:32:21","HTML","","","",,,,,4,2.00,1,4,2,"… BP = blood pressure; COPD = chronic obstructive pulmonary disease; CRP = C-reactive protein test; FVC = forced vital capacity; TG = triglyceride; WC = waist circumference. Discussion … Understanding asthma and the metabolic syndrome-a Nigerian report. Int Arch Med …","https://www.ncbi.nlm.nih.gov/pmc/articles/PMC6711712/","https://scholar.google.com/scholar?q=related:3XKf2_OZClAJ:scholar.google.com/&scioq=%22waist+circumference%22+nigeria&hl=en&as_sdt=0,5&as_ylo=2019&as_yhi=2019&as_vis=1"
0,"EPOO OTOKUNEFOR","Evaluation of Cardiovascular Risk Factors in Patients with Hypertension",2019,"Orient Journal of Medicine","africaneditors.org","https://africaneditors.org/journal/OJM/abstract/CF5BCE956","",88,"2021-07-17 23:32:21","","","","",,,,,0,0.00,0,1,2,"… Background: Hypertension is a major health concern in developed and developing countries. Its prevalence is high in Nigeria and accounts for a great percentage of hospital visits and admissions … Blood pressure, weight, height and waist circumference were measured …","",""
1,"IC Udenze, IA Taiwo, JB Minari, CE Amadi","Markers of insulin resistance and their performance in adult Nigerians with metabolic syndrome",2019,"International Journal of …","ijncd.org","https://www.ijncd.org/article.asp?issn=2468-8827;year=2019;volume=4;issue=2;spage=43;epage=48;aulast=Udenze","https://scholar.google.com/scholar?cites=12669796543344333799&as_sdt=2005&sciodt=0,5&hl=en",89,"2021-07-17 23:32:21","HTML","","","",,,,,1,0.50,0,4,2,"… aged between 40 and 80 years who were recruited from an urban population in Lagos, Nigeria … Abdominal obesity was determined by measurement of the waist circumference … for markers of IR in an apparently healthy (with and without MS) adult Nigerian population aged 40 …","https://www.ijncd.org/article.asp?issn=2468-8827;year=2019;volume=4;issue=2;spage=43;epage=48;aulast=Udenze","https://scholar.google.com/scholar?q=related:59OCJtQo1K8J:scholar.google.com/&scioq=%22waist+circumference%22+nigeria&hl=en&as_sdt=0,5&as_ylo=2019&as_yhi=2019&as_vis=1"
1,"AA Akintunde, J Adeniran, TS Akintunde…","Air quality index and cardiovascular risk factors among automobile technicians in Southwest Nigeria",2019,"Nigerian Journal of …","nigjcardiol.org","https://www.nigjcardiol.org/article.asp?issn=0189-7969;year=2019;volume=16;issue=1;spage=32;epage=37;aulast=Akintunde","https://scholar.google.com/scholar?cites=12590594102509970476&as_sdt=2005&sciodt=0,5&hl=en",90,"2021-07-17 23:32:21","HTML","","","",,,,,1,0.50,0,4,2,"… The mean BMI and waist circumference were within normal limits (23.1 [4.1] kg/m 2 … and socio-demographic determinants of overweight and obesity in a Nigerian population … cardiovascular risk factors among staff of Ladoke Akintola University of technology, Ogbomoso …","https://www.nigjcardiol.org/article.asp?issn=0189-7969;year=2019;volume=16;issue=1;spage=32;epage=37;aulast=Akintunde","https://scholar.google.com/scholar?q=related:LCQ836DGuq4J:scholar.google.com/&scioq=%22waist+circumference%22+nigeria&hl=en&as_sdt=0,5&as_ylo=2019&as_yhi=2019&as_vis=1"
0,"B Mukherjee, G Sarangi","Burden of Obesity in Sedentary Jobs",,"researchgate.net","","https://www.researchgate.net/profile/Brijesh-Mukherjee/publication/337593267_Burden_of_Obesity_in_Sedentary_Jobs/links/5ddfba12a6fdcc2837f26166/Burden-of-Obesity-in-Sedentary-Jobs.pdf","",91,"2021-07-17 23:32:21","PDF","","","",,,,,0,0.00,0,2,,"… BP 0.18 0.0077* 218 BMI 1 218 Waist circumference 0.27 <0.001** 218 Plasma glucose 0.22 0.0011* 218 … Internet J Cardiovasc Res. 2009:6. [5]. Akpa MR, Agomouh DI, Alasia DD. Lipid profile of healthy adult Nigerians in Port Harcourt, Nigeria. Niger J Med. 2006;15:137– 40 …","https://www.researchgate.net/profile/Brijesh-Mukherjee/publication/337593267_Burden_of_Obesity_in_Sedentary_Jobs/links/5ddfba12a6fdcc2837f26166/Burden-of-Obesity-in-Sedentary-Jobs.pdf","https://scholar.google.com/scholar?q=related:QdHbuMjvPekJ:scholar.google.com/&scioq=%22waist+circumference%22+nigeria&hl=en&as_sdt=0,5&as_ylo=2019&as_yhi=2019&as_vis=1"
0,"S Yoon, JW Lee, HI Jeon, WM Hwang…","SP063 ROLE OF BIOELECTRICAL IMPEDANCE ANALYSIS FOR ESTIMATING BODY WATER CONTENT IN HYPERNATREMIA PATIENTS",2019,"Nephrology Dialysis …","academic.oup.com","https://academic.oup.com/ndt/article-pdf/doi/10.1093/ndt/gfz103.SP063/28800437/gfz103.sp063.pdf","",92,"2021-07-17 23:32:21","","10.1093/ndt","","",,,,,0,0.00,0,5,2,"… in urban populations within North-Central zone of Nigeria. METHODS: This is a cross-sectional study of adults in eight urban communities in Kwara state. We measured blood pressure, anthropometric parameters (body mass index (BMI), waist circumference and hip …","",""
0,"S Oriaifo, P Abiodun, AO Atimati…","… of overnutrition using mid-upper arm circumference in comparison with bioelectrical impedance analysis in children and adolescents in Benin, Nigeria",2019,"Journal of Health …","emerald.com","https://www.emerald.com/insight/content/doi/10.1108/JHR-03-2019-0051/full/html","",93,"2021-07-17 23:32:21","HTML","10.1108/JHR-03-2019-0051","","",,,,,0,0.00,0,4,2,"… Studies among school-aged children in Nigeria showed a significantly higher proportion of … Other indirect methods include mid-upper arm circumference (MUAC), skinfold thickness and waist circumference … measured and has been validated for the use in Nigerian children and …","https://www.emerald.com/insight/content/doi/10.1108/JHR-03-2019-0051/full/html","https://scholar.google.com/scholar?q=related:E08gcLBEaVEJ:scholar.google.com/&scioq=%22waist+circumference%22+nigeria&hl=en&as_sdt=0,5&as_ylo=2019&as_yhi=2019&as_vis=1"
3,"I Elekima, A Inokon","A study of correlation of anthropometric data with atherogenic indices of students of rivers state university, Port Harcourt, Nigeria",2019,"Asian Journal of Research in Medical and …","journalajrimps.com","http://www.journalajrimps.com/index.php/AJRIMPS/article/view/30092","https://scholar.google.com/scholar?cites=18027793327508749194&as_sdt=2005&sciodt=0,5&hl=en",94,"2021-07-17 23:32:21","","","","",,,,,3,1.50,2,2,2,"… 17.6% in the Country and 20.1% in 2017 in South-East Nigeria [3]. More … Anthropometric data considered in this study include Waist circumference (WC), body mass index (BMI), waist … parameters are the most common indices that are used in most Nigerian hospitals (especially …","http://www.journalajrimps.com/index.php/AJRIMPS/article/download/30092/56460","https://scholar.google.com/scholar?q=related:ivtQGoSWL_oJ:scholar.google.com/&scioq=%22waist+circumference%22+nigeria&hl=en&as_sdt=0,5&as_ylo=2019&as_yhi=2019&as_vis=1"
2,"EM Joseph-Shehu, BP Ncama…","Health-promoting lifestyle behaviour: A determinant for noncommunicable diseases risk factors among employees in a Nigerian University",2019,"Global Journal of …","pdfs.semanticscholar.org","https://pdfs.semanticscholar.org/3be0/f531d78a5b56dc04422bb184ccc2ba9c50c6.pdf","https://scholar.google.com/scholar?cites=9305115629872339388&as_sdt=2005&sciodt=0,5&hl=en",95,"2021-07-17 23:32:21","PDF","","","",,,,,2,1.00,1,3,2,"… Nigerian University … Waist–hip ratio was calculated by dividing waist circumference by hip circumference … showed that there was a significant association between some subscales of the health-promoting lifestyle profile and the health status of university employees in Nigeria …","https://pdfs.semanticscholar.org/3be0/f531d78a5b56dc04422bb184ccc2ba9c50c6.pdf","https://scholar.google.com/scholar?q=related:vNl5YF1pIoEJ:scholar.google.com/&scioq=%22waist+circumference%22+nigeria&hl=en&as_sdt=0,5&as_ylo=2019&as_yhi=2019&as_vis=1"
0,"AA Abdalla, SA Balla, AA Babiker…","Waist Circumference, Blood Pressure and Lifestyle of Sudanese Population, Khartoum Locality, Sudan 2016",2019,"Journal of Advances …","journaljammr.com","http://www.journaljammr.com/index.php/JAMMR/article/view/30139","",96,"2021-07-17 23:32:21","HTML","","","",,,,,0,0.00,0,4,2,"… DOI: 10.4314/ahs.v14i4.36 Kandala NB, Stranges S. Geographic variation of overweight and obesity among women in Nigeria: a case for … DOI: 10.1186/s12889-016-2698-5 Ford ES, Maynard LM, Li C. Trends in mean waist circumference and abdominal obesity among US …","http://www.journaljammr.com/index.php/JAMMR/article/view/30139","https://scholar.google.com/scholar?q=related:rlEAzSyuGz4J:scholar.google.com/&scioq=%22waist+circumference%22+nigeria&hl=en&as_sdt=0,5&as_ylo=2019&as_yhi=2019&as_vis=1"
2,"NA Osuji, OS Ojo, SO Malomo, AM Ige…","Glycaemic Control and Practice of Self-Care Behaviors among People with Type 2 Diabetes in Nigeria",2019,"… : People Living with …","diginole.lib.fsu.edu","https://diginole.lib.fsu.edu/islandora/object/fsu%3A755346","https://scholar.google.com/scholar?cites=12418830636499881705&as_sdt=2005&sciodt=0,5&hl=en",97,"2021-07-17 23:32:21","","","","",,,,,2,1.00,0,5,2,"… he few Nigerian studies that were done on self-care behav- iors among T2D patients focused on … based study car- ried out at the Medical Outpatient Clinic of a tertiary hospital in Nigeria … A waist circumference of more than 40 inches (102cm) in men and greater than 35 inches …","https://diginole.lib.fsu.edu/islandora/object/fsu:755346/datastream/PDF/view","https://scholar.google.com/scholar?q=related:6U5QhqqMWKwJ:scholar.google.com/&scioq=%22waist+circumference%22+nigeria&hl=en&as_sdt=0,5&as_ylo=2019&as_yhi=2019&as_vis=1"
0,"RN Ativie, UE Onah","Relationship between Selected Risk Factors for Cardiovascular Diseases and the Quality of Life",2019,"Open Journal of Therapy and Rehabilitation","scirp.org","https://www.scirp.org/journal/paperinformation.aspx?paperid=93472","",98,"2021-07-17 23:32:21","HTML","","","",,,,,0,0.00,0,2,2,"… Outcome of correlative report from this study showed a positive relationship between waist circumference and the environment … A. (2011) Prevalence of Obesity, Overweight and Proteinuria in an Urban Community in South West Nigeria. Nigerian Medical Journal, 52, 110-113 …","https://www.scirp.org/journal/paperinformation.aspx?paperid=93472","https://scholar.google.com/scholar?q=related:kGTrFx8Ii0IJ:scholar.google.com/&scioq=%22waist+circumference%22+nigeria&hl=en&as_sdt=0,5&as_ylo=2019&as_yhi=2019&as_vis=1"
1,"IM Yakubu, P Bigelow","Prevalence and determinants of overweight, obesity, prehypertension, and hypertension in the banking industry in Nigeria: An analysis of a nationwide dataset",2019,"Texila International Journal of Public …","texilajournal.com","https://www.texilajournal.com/public-health/article/1440-prevalence-and","https://scholar.google.com/scholar?cites=15405092410936630934&as_sdt=2005&sciodt=0,5&hl=en",99,"2021-07-17 23:32:21","","","","",,,,,1,0.50,1,2,2,"… 78.75 ± 14.74kg, height 1.71 ± 0.08m, BMI 26.99 ± 4.89kg/m 2 , waist circumference 79.13 ± 26.72 … and obesity among aiabetic adults (19-64 Years) in Owerri municipality, Imo state, Nigeria (P10-067 … Prevalence of overweight and obesity in adult Nigerians - a systematic review …","","https://scholar.google.com/scholar?q=related:lp7xle3hydUJ:scholar.google.com/&scioq=%22waist+circumference%22+nigeria&hl=en&as_sdt=0,5&as_ylo=2019&as_yhi=2019&as_vis=1"
1,"IC Udenze, IA Taiwo, JB Minari, WL Adeyemo","Insulin resistance and cardiovascular risk in older adult Nigerians with type 2 diabetes.",2019,"","ir.unilag.edu.ng","https://ir.unilag.edu.ng/handle/123456789/6560","https://scholar.google.com/scholar?cites=9833421046296870328&as_sdt=2005&sciodt=0,5&hl=en",100,"2021-07-17 23:32:21","","","","",,,,,1,0.50,0,4,2,"… During August 2016 and March 2017, 363 adult Nigerians with T2D aged between 40 … analytical study, from endocrinology clinics in tertiary and general hospitals in Lagos, Nigeria … The CMR factors of diastolic BP, waist circumference (WC), FPG and HbA1c showed positive …","https://ir.unilag.edu.ng/bitstream/handle/123456789/6560/Udenze%20et%20al%202019.pdf?sequence=1","https://scholar.google.com/scholar?q=related:uP1fh1dUd4gJ:scholar.google.com/&scioq=%22waist+circumference%22+nigeria&hl=en&as_sdt=0,5&as_ylo=2019&as_yhi=2019&as_vis=1"
7,"AE Adetunji, KA Adeniran, SC Olomu, AI Odike…","Socio-demographic factors associated with overweight and obesity among primary school children in semi-urban areas of mid-western Nigeria",2019,"PloS one","journals.plos.org","https://journals.plos.org/plosone/article?id=10.1371/journal.pone.0214570","https://scholar.google.com/scholar?cites=16000529440438505715&as_sdt=2005&sciodt=0,5&hl=en",101,"2021-07-17 23:32:21","HTML","","","",,,,,7,3.50,1,5,2,"… 2,3], in which there is a persistently high level of under-nutrition in the face of emerging O&O [2,3]. In Nigeria, and other … Examples of different methodologies are measurement of body mass index [4,6,7] versus bio-electrical impedance [5] versus waist circumference [8], and …","https://journals.plos.org/plosone/article?id=10.1371/journal.pone.0214570","https://scholar.google.com/scholar?q=related:81CEa8BMDd4J:scholar.google.com/&scioq=%22waist+circumference%22+nigeria&hl=en&as_sdt=0,5&as_ylo=2019&as_yhi=2019&as_vis=1"
4,"EK Oghagbon, L Giménez-Llort","Short height and poor education increase the risk of dementia in Nigerian type 2 diabetic women",2019,"Alzheimer's & Dementia: Diagnosis …","Elsevier","https://www.sciencedirect.com/science/article/pii/S2352872919300454","https://scholar.google.com/scholar?cites=13775678342045813018&as_sdt=2005&sciodt=0,5&hl=en",102,"2021-07-17 23:32:21","HTML","","","",,,,,4,2.00,2,2,2,"… Similar to previous reports in hospital-based studies in Nigeria, patients with DM2 in … education, anthropometric measurements, and burden of diseases in the Nigerian sample population … Anthropometric measurements: (D) body weight and BMI, (E) waist circumference and hip …","https://www.sciencedirect.com/science/article/pii/S2352872919300454","https://scholar.google.com/scholar?q=related:GsmuJXcKLb8J:scholar.google.com/&scioq=%22waist+circumference%22+nigeria&hl=en&as_sdt=0,5&as_ylo=2019&as_yhi=2019&as_vis=1"
6,"WO Adebimpe","Prevalence and knowledge of risk factors of childhood obesity among school-going children in Osogbo, south-western Nigeria",2019,"Malawi Medical Journal","ajol.info","https://www.ajol.info/index.php/mmj/article/view/185347","https://scholar.google.com/scholar?cites=7202501799271066227&as_sdt=2005&sciodt=0,5&hl=en",103,"2021-07-17 23:32:21","","","","",,,,,6,3.00,6,1,2,"… study was conducted in Osogbo, the capital city of Osun State in south-western Nigeria … the children was 40.3+7.2kg, mean height was 148.3+14.6cm, mean waist circumference was 27.7 … This trend supports a Nigerian study10 in which the prevalence of overweight, obesity, and …","https://www.ajol.info/index.php/mmj/article/download/185347/174665","https://scholar.google.com/scholar?q=related:c-qp1zlt9GMJ:scholar.google.com/&scioq=%22waist+circumference%22+nigeria&hl=en&as_sdt=0,5&as_ylo=2019&as_yhi=2019&as_vis=1"
11,"GG Gebremeskel, KK Berhe, DS Belay, BH Kidanu…","Magnitude of metabolic syndrome and its associated factors among patients with type 2 diabetes mellitus in Ayder Comprehensive Specialized Hospital …",2019,"BMC research …","Springer","https://link.springer.com/article/10.1186/s13104-019-4609-1","https://scholar.google.com/scholar?cites=13046823766574254801&as_sdt=2005&sciodt=0,5&hl=en",104,"2021-07-17 23:32:21","HTML","10.1186/s13104-019-4609-1","","",,,,,11,5.50,2,5,2,"… defined by waist circumference ≥ 94 cm for male and ≥ 80 cm for female putting to the nearest centimeter … The magnitude of MetS in this study is lower than from studies done in Gahanna (68.6%), Nigeria (68.7%) and Iran (64.9%) [12,13,14].This variation could be due to …","https://link.springer.com/article/10.1186/s13104-019-4609-1","https://scholar.google.com/scholar?q=related:0UrINRehD7UJ:scholar.google.com/&scioq=%22waist+circumference%22+nigeria&hl=en&as_sdt=0,5&as_ylo=2019&as_yhi=2019&as_vis=1"
14,"SU Ogbonna, IU Ezeani","Risk factors of thyroid dysfunction in patients with type 2 diabetes mellitus",2019,"Frontiers in endocrinology","frontiersin.org","https://www.frontiersin.org/articles/10.3389/fendo.2019.00440/full","https://scholar.google.com/scholar?cites=7546808490745558434&as_sdt=2005&sciodt=0,5&hl=en",105,"2021-07-17 23:32:21","HTML","","","",,,,,14,7.00,7,2,2,"… in Enugu and reflects the pattern reported in other Nigerian studies (43, 44), but is low when compared to that observed in the developed world (49) … in Lagos, Nigeria who reported that waist circumference had a significant association with thyroid dysfunction (63) …","https://www.frontiersin.org/articles/10.3389/fendo.2019.00440/full","https://scholar.google.com/scholar?q=related:onXKblamu2gJ:scholar.google.com/&scioq=%22waist+circumference%22+nigeria&hl=en&as_sdt=0,5&as_ylo=2019&as_yhi=2019&as_vis=1"
17,"A Lukács, E Horváth, Z Máté, A Szabó, K Virág…","Abdominal obesity increases metabolic risk factors in non-obese adults: a Hungarian cross-sectional study",2019,"BMC Public Health","Springer","https://link.springer.com/article/10.1186/s12889-019-7839-1","https://scholar.google.com/scholar?cites=6801558140468379345&as_sdt=2005&sciodt=0,5&hl=en",106,"2021-07-17 23:32:21","HTML","10.1186/s12889-019-7839-1","","",,,,,17,8.50,3,6,2,"… 607 (11.6%) out of the 5228 non-obese individuals had abdominal obesity. The correlation analysis indicated that the correlation coefficients between BMI and waist circumference (WC) were 0.610 in males and 0.526 in females … BMI: body mass index, WC: waist circumference …","https://link.springer.com/article/10.1186/s12889-019-7839-1","https://scholar.google.com/scholar?q=related:0b7IsRf9Y14J:scholar.google.com/&scioq=%22waist+circumference%22+nigeria&hl=en&as_sdt=0,5&as_ylo=2019&as_yhi=2019&as_vis=1"
1,"I Sirisena Anil, N Okeahialam Basil, E Ike Emeka…","Clinical Significance of the Abdominal Height Measured With a Locally Made Abdominometer for Risk Evaluation of Subclinical Atherosclerosis",2019,"","globalmedicalphysics.org","https://globalmedicalphysics.org/wp-content/uploads/2020/05/AJMP-21-15-20-Final2.pdf","https://scholar.google.com/scholar?cites=3525322745806249630&as_sdt=2005&sciodt=0,5&hl=en",107,"2021-07-17 23:32:21","PDF","","","",,,,,1,0.50,0,4,2,"… Dr. Sirisena Anil I., Department of Radiology, Jos University Teaching Hospital, Jos, Plateau State, Nigeria … This is registered under Nigerian company number … of the main risk factors of cardiovascular diseases and anthropometric indices such as waist circumference (WC), waist …","https://globalmedicalphysics.org/wp-content/uploads/2020/05/AJMP-21-15-20-Final2.pdf","https://scholar.google.com/scholar?q=related:nt5i_lt27DAJ:scholar.google.com/&scioq=%22waist+circumference%22+nigeria&hl=en&as_sdt=0,5&as_ylo=2019&as_yhi=2019&as_vis=1"
0,"AO Ale, SO Ogundele","The relationship between thyroid function and bone health in euthyroid healthy adult Nigerians",2019,"Nigerian Hospital Practice","ajol.info","https://www.ajol.info/index.php/nhp/article/view/187022","",108,"2021-07-17 23:32:21","","","","",,,,,0,0.00,0,2,2,"… The relationship between thyroid function and bone health in euthyroid healthy adult Nigerians … within the reference range on bone health in euthyroid healthy adults in Nigeria This study … The mean age 34.10 years (7.8), with BMI 26.32kg/m 2 (4.02),waist circumference 76.60cm …","","https://scholar.google.com/scholar?q=related:lrEUd3PkbIUJ:scholar.google.com/&scioq=%22waist+circumference%22+nigeria&hl=en&as_sdt=0,5&as_ylo=2019&as_yhi=2019&as_vis=1"
0,"E Istiqomah, DA Gurnida, D Hilmanto…","Waist circumference and waist-hip ratio as screening tools for hypertension in children aged 6–11 years",2019,"Paediatrica …","paediatricaindonesiana.org","https://www.paediatricaindonesiana.org/index.php/paediatrica-indonesiana/article/view/2185","",109,"2021-07-17 23:32:21","","","","",,,,,0,0.00,0,4,2,"… Ejike C. Blood pressure to height ratios as simple, sensitive, and specific diagnostic tools for adolescent (pre)hypertension in Nigeria. Ital J Pediatr. 2011;37:30. 5. Garnet SP, Baur LA, Srinivasan S, Lee JW, Cowell CT. Body mass index and waist circumference in midchildhood …","https://www.paediatricaindonesiana.org/index.php/paediatrica-indonesiana/article/download/2185/2049","https://scholar.google.com/scholar?q=related:t88qSL-w47kJ:scholar.google.com/&scioq=%22waist+circumference%22+nigeria&hl=en&as_sdt=0,5&as_ylo=2019&as_yhi=2019&as_vis=1"
0,"AA Oluwabunmi, OS Nnedinma, OO James","HAART Use and Cardiovascular Risk Among HIV Patients in Rivers State, Nigeria",2019,"Infection","article.cardiovres.org","http://article.cardiovres.org/pdf/10.11648.j.ccr.20190303.11.pdf","",110,"2021-07-17 23:32:21","PDF","","","",,,,,0,0.00,0,3,2,"… Key: BMI = body mass index, WC = waist circumference, WHR = waist to hip ratio, SBP = systolic blood pressure, DBP = diastolic blood … 50 Ajala Aisha Oluwabunmi et al.: HAART Use and Cardiovascular Risk Among HIV Patients in Rivers State, Nigeria … Nigerian Medical Journal …","http://article.cardiovres.org/pdf/10.11648.j.ccr.20190303.11.pdf","https://scholar.google.com/scholar?q=related:tqu0zGpVy_YJ:scholar.google.com/&scioq=%22waist+circumference%22+nigeria&hl=en&as_sdt=0,5&as_ylo=2019&as_yhi=2019&as_vis=1"
7,"BE Orimadegun, OA Awolude…","Markers of lipid and protein peroxidation among Nigerian university students with dysmenorrhea",2019,"Nigerian journal of …","njcponline.com","https://www.njcponline.com/article.asp?issn=1119-3077;year=2019;volume=22;issue=2;spage=174;epage=180;aulast=Orimadegun","https://scholar.google.com/scholar?cites=4013829425718287276&as_sdt=2005&sciodt=0,5&hl=en",111,"2021-07-17 23:32:21","HTML","","","",,,,,7,3.50,2,3,2,"… In Nigeria, a study in a university setting revealed that the prevalence of dysmenorrhea … carried out to investigate lipid and protein peroxidation markers in young Nigerian women with … mean ages (P = 0.121), weight (P = 0.111), height (P = 0.789), waist circumference (P = 0.122 …","https://www.njcponline.com/article.asp?issn=1119-3077;year=2019;volume=22;issue=2;spage=174;epage=180;aulast=Orimadegun","https://scholar.google.com/scholar?q=related:rNvytJj8szcJ:scholar.google.com/&scioq=%22waist+circumference%22+nigeria&hl=en&as_sdt=0,5&as_ylo=2019&as_yhi=2019&as_vis=1"
8,"FJ Ogunsile, SM Bediako, J Nelson, C Cichowitz…","Metabolic syndrome among adults living with sickle cell disease",2019,"Blood Cells, Molecules …","Elsevier","https://www.sciencedirect.com/science/article/pii/S1079979618302560","https://scholar.google.com/scholar?cites=9254732909564870053&as_sdt=2005&sciodt=0,5&hl=en",112,"2021-07-17 23:32:21","","","","",,,,,8,4.00,2,5,2,"… 14.3% of the cohort fulfilled criteria for MetS with large waist circumference and reduced HDL levels prominently accounting for this status. We evaluated the prevalence of MetS in a cohort of adults living with SCD … 2.1. Waist circumference …","https://cmb.i-learn.unito.it/pluginfile.php/17246/mod_resource/content/1/Ogunsile_et_al_2018.pdf","https://scholar.google.com/scholar?q=related:pT27LYxqb4AJ:scholar.google.com/&scioq=%22waist+circumference%22+nigeria&hl=en&as_sdt=0,5&as_ylo=2019&as_yhi=2019&as_vis=1"
0,"DO Leah, A Joseph, SI Yakubu, A Nathaniel…","Influence of body composition on health status of civil servants in Efon local government of Ekiti State, Nigeria",2019,"… культуры и спорта","cyberleninka.ru","https://cyberleninka.ru/article/n/18233248","",113,"2021-07-17 23:32:21","HTML","","","",,,,,0,0.00,0,5,2,"… Correlation between Body Mass and Waist Circumference in Nigerian Adults: Implication as Indicator of … Use Implications for Exercise Participation and Health in the Nigerian University Community … Index and Waist/Hip Ratio among Female Workers in Ilorin University, Nigeria …","https://cyberleninka.ru/article/n/18233248","https://scholar.google.com/scholar?q=related:nVkNvhxBHhgJ:scholar.google.com/&scioq=%22waist+circumference%22+nigeria&hl=en&as_sdt=0,5&as_ylo=2019&as_yhi=2019&as_vis=1"
1,"BJ Huebner","Waist Circumference and the Relation to Aerobic Exercise and Perception of Illness in Adults with Type 2 Diabetes Mellitus",2019,"","thekeep.eiu.edu","https://thekeep.eiu.edu/theses/4463/","https://scholar.google.com/scholar?cites=7820333926950350895&as_sdt=2005&sciodt=0,5&hl=en",114,"2021-07-17 23:32:21","","","","",,,,,1,0.50,1,1,2,"… 2019 Waist Circumference and the Relation to Aerobic … Recommended Citation Huebner, Bailey J., ""Waist Circumference and the Relation to Aerobic Exercise and Perception of Illness in Adults with Type 2 Diabetes Mellitus"" (2019). Masters Theses. 4463 …","https://thekeep.eiu.edu/cgi/viewcontent.cgi?article=5466&context=theses","https://scholar.google.com/scholar?q=related:L7DPzEVoh2wJ:scholar.google.com/&scioq=%22waist+circumference%22+nigeria&hl=en&as_sdt=0,5&as_ylo=2019&as_yhi=2019&as_vis=1"
13,"SM Omar, IR Musa, A ElSouli…","Prevalence, risk factors, and glycaemic control of type 2 diabetes mellitus in eastern Sudan: a community-based study",2019,"Therapeutic advances in …","journals.sagepub.com","https://journals.sagepub.com/doi/abs/10.1177/2042018819860071","https://scholar.google.com/scholar?cites=2362079087416919351&as_sdt=2005&sciodt=0,5&hl=en",115,"2021-07-17 23:32:21","","10.1177/2042018819860071","","",,,,,13,6.50,3,4,2,"Background:Diabetes mellitus (DM) constitutes a global health threat and burden, especially in developing countries. We conducted a cross-sectional study in Gadarif in eastern Sudan to evaluate the...","https://journals.sagepub.com/doi/pdf/10.1177/2042018819860071","https://scholar.google.com/scholar?q=related:N0XdSGrKxyAJ:scholar.google.com/&scioq=%22waist+circumference%22+nigeria&hl=en&as_sdt=0,5&as_ylo=2019&as_yhi=2019&as_vis=1"
0,"IO Adediji, AA Adelakun, JO Imaralu…","Correlational Analysis of Interleukin 6, Adiponectin and Lipid Indices in Women with Uterine Fibroids",2019,"Journal of Advances …","journaljammr.com","http://www.journaljammr.com/index.php/JAMMR/article/view/30202","",116,"2021-07-17 23:32:21","","","","",,,,,0,0.00,0,4,2,"… BMI-Body mass index; WC- Waist circumference; WHR- Waist to hip ratio; TC- Total cholesterol; TG … syndrome in 534 apparently healthy traders in a local market in Ibadan, Nigeria … syndrome components in obese and overweight young adults of a Nigerian Private University …","http://www.journaljammr.com/index.php/JAMMR/article/download/30202/56666","https://scholar.google.com/scholar?q=related:7GeBAHIJXr0J:scholar.google.com/&scioq=%22waist+circumference%22+nigeria&hl=en&as_sdt=0,5&as_ylo=2019&as_yhi=2019&as_vis=1"
0,"AO Ojoawo, OT Akinola, HM Akinyemi…","Predictability of chronic kidney disease using anthropometric parameters",2019,"Annals of Biomedical …","ajol.info","https://www.ajol.info/index.php/abs/article/view/199214","",117,"2021-07-17 23:32:21","","","","",,,,,0,0.00,0,4,2,"… Results: The results showed that the wrist circumference (t=2.47, p=0.02), waist circumference (t=3.64, p=0.00), body mass index (t=3.16 … Ethiopia (30) Ghana (27) Kenya (29) Lesotho (1) Libya (2) Madagascar (1) Malawi (4) Mauritius (3) Mozambique (1) Nigeria (222) Rwanda (7 …","",""
5,"M Nwankwo, JC Okamkpa…","Association between high blood pressure with risk of type 2 diabetes, metabolic syndrome and its predictors: A cross-sectional study",2019,"Diabetes & Metabolic …","researchgate.net","https://www.researchgate.net/profile/Monday-Nwankwo/publication/329577254_Association_between_high_blood_pressure_with_risk_of_type_2_diabetes_metabolic_syndrome_and_its_predictors_A_cross-sectional_study/links/5c8e54eb92851c1df948028c/Association-between-high-blood-pressure-with-risk-of-type-2-diabetes-metabolic-syndrome-and-its-predictors-A-cross-sectional-study.pdf","https://scholar.google.com/scholar?cites=12948074617489340243&as_sdt=2005&sciodt=0,5&hl=en",118,"2021-07-17 23:32:21","PDF","","","",,,,,5,2.50,2,3,2,"… without up-to-date data on diabetes; as a result, the Nigerian estimate was … pooled estimates in Cameroon, due to relatively homogenous sociodemographic patterns with Nigeria [28] … Waist circumference (WC) was measured by placing the tape around the abdomen at the level …","https://www.researchgate.net/profile/Monday-Nwankwo/publication/329577254_Association_between_high_blood_pressure_with_risk_of_type_2_diabetes_metabolic_syndrome_and_its_predictors_A_cross-sectional_study/links/5c8e54eb92851c1df948028c/Association-between-high-blood-pressure-with-risk-of-type-2-diabetes-metabolic-syndrome-and-its-predictors-A-cross-sectional-study.pdf","https://scholar.google.com/scholar?q=related:Uze0REPNsLMJ:scholar.google.com/&scioq=%22waist+circumference%22+nigeria&hl=en&as_sdt=0,5&as_ylo=2019&as_yhi=2019&as_vis=1"
1,"A Patil, P Patil, P Bhandarkar","Adolescent obesity by different growth charts and its efficacy with central adiposity among school-age children in Mumbai",2019,"International Journal of Population …","154.223.134.73","http://154.223.134.73/index.php/ijps/article/viewFile/844/739","https://scholar.google.com/scholar?cites=5213813911455893881&as_sdt=2005&sciodt=0,5&hl=en",119,"2021-07-17 23:32:21","PDF","","","",,,,,1,0.50,0,3,2,"… study on Nigerian adolescents, WC also performed better than WHR (Okafor, Ofoegbu, Fasanmade, et al … over two decades supports the simple message-keep your waist circumference to less … of two measures of central adiposity among apparently healthy Nigerians using the …","http://154.223.134.73/index.php/ijps/article/viewFile/844/739","https://scholar.google.com/scholar?q=related:eYlR5SAwW0gJ:scholar.google.com/&scioq=%22waist+circumference%22+nigeria&hl=en&as_sdt=0,5&as_ylo=2019&as_yhi=2019&as_vis=1"
0,"SM Maduagwu, W Gushau, A Kaidal…","Does Aerobic Exercise Alter Body Composition and Fasting Blood Glucose in HIV Seropositives on Antiretroviral Therapy",2019,"The Nigerian …","nigmedpract.com.ng","http://www.nigmedpract.com.ng/ojs/index.php/nigmedpract/article/view/88","",120,"2021-07-17 23:32:21","","","","",,,,,0,0.00,0,4,2,"… Nigerian Medical Practitioner Vol … TBW = Total body weight; BMI = Body mass index; PBF = Percent body fat; WC = Waist circumference *Significant at … WC and FBG of HIV seropositive participants attending antiretroviral clinic at a tertiary teaching hospital in Northeastern Nigeria …","http://www.nigmedpract.com.ng/ojs/index.php/nigmedpract/article/download/88/86","https://scholar.google.com/scholar?q=related:dn942S4zyCQJ:scholar.google.com/&scioq=%22waist+circumference%22+nigeria&hl=en&as_sdt=0,5&as_ylo=2019&as_yhi=2019&as_vis=1"
0,"TT Shogade, IO Essien, UE Ekrikpo…","Association of Microalbuminuria with Abnormal Left Ventricular Geometry Patterns in Nigerian Normotensive Type 2 Diabetic Patients",2019,"European Journal of …","article.prevmed.net","http://article.prevmed.net/pdf/10.11648.j.ejpm.20190703.11.pdf","",121,"2021-07-17 23:32:21","PDF","","","",,,,,0,0.00,0,4,2,"… and mortality [1, 2]. Previous studies elsewhere [3-5] and in Nigeria [6] have … to determine whether the presence of MCA in normotensive T2DM Nigerian subjects could … Waist circumference, SBP and PR showed a significant stepwise increase from control to microalbuminuric …","http://article.prevmed.net/pdf/10.11648.j.ejpm.20190703.11.pdf","https://scholar.google.com/scholar?q=related:y1vYNV1etiMJ:scholar.google.com/&scioq=%22waist+circumference%22+nigeria&hl=en&as_sdt=0,5&as_ylo=2019&as_yhi=2019&as_vis=1"
0,"BE Arayombo, AO Ojoawo, OT Akinola…","Anthropometric variables evaluation in prediction of prostate cancer",2019,"International Journal of …","mdpub.net","http://www.mdpub.net/fulltext/172-1552509730.pdf","",122,"2021-07-17 23:32:21","PDF","","","",,,,,0,0.00,0,4,2,"… Department of Obafemi Awolowo University Teaching Hospitals Complex (OAUTHC), Ile-Ife, Nigeria with their age and sex-matched apparently with healthy individuals from the same vicinity participated from the study. The weight, height, waist circumference (WC), hip …","http://www.mdpub.net/fulltext/172-1552509730.pdf","https://scholar.google.com/scholar?q=related:cyeQ6jcooKsJ:scholar.google.com/&scioq=%22waist+circumference%22+nigeria&hl=en&as_sdt=0,5&as_ylo=2019&as_yhi=2019&as_vis=1"
12,"YA Lin, YJ Chen, YC Tsao, WC Yeh, WC Li, IS Tzeng…","Relationship between obesity indices and hypertension among middle-aged and elderly populations in Taiwan: a community-based, cross-sectional study",2019,"BMJ open","bmjopen.bmj.com","https://bmjopen.bmj.com/content/9/10/e031660.abstract","https://scholar.google.com/scholar?cites=7888149651401357965&as_sdt=2005&sciodt=0,5&hl=en",123,"2021-07-17 23:32:21","HTML","","","",,,,,12,6.00,2,7,2,"… sectional study. Anthropometrics and blood pressure were measured at the annual health exam. The obesity indices included body mass index (BMI), body fat (BF) percentage and waist circumference (WC). Outcome measures …","https://bmjopen.bmj.com/content/9/10/e031660.abstract","https://scholar.google.com/scholar?q=related:jTrmklBWeG0J:scholar.google.com/&scioq=%22waist+circumference%22+nigeria&hl=en&as_sdt=0,5&as_ylo=2019&as_yhi=2019&as_vis=1"
15,"SU Ogbonna, IU Ezeani, CI Okafor…","Association between glycemic status and thyroid dysfunction in patients with type 2 diabetes mellitus",2019,"… syndrome and obesity …","ncbi.nlm.nih.gov","https://www.ncbi.nlm.nih.gov/pmc/articles/PMC6635896/","https://scholar.google.com/scholar?cites=758047650471187694&as_sdt=2005&sciodt=0,5&hl=en",124,"2021-07-17 23:32:21","HTML","","","",,,,,15,7.50,4,4,2,"… Waist Circumference (cm), 90.2 (±13.9), 87.5 (±11.0), −2.2, 0.03 … in the UKPDS (54 years),39 but is a bit higher than 48.3 years reported by the Diabcare Nigeria study group … to 6.7 years observed by Okafor et al in Enugu and reflects the pattern reported in other Nigerian studies,31 …","https://www.ncbi.nlm.nih.gov/pmc/articles/PMC6635896/","https://scholar.google.com/scholar?q=related:7pQnYVIghQoJ:scholar.google.com/&scioq=%22waist+circumference%22+nigeria&hl=en&as_sdt=0,5&as_ylo=2019&as_yhi=2019&as_vis=1"
0,"OO Abu, YR Raji, OK Amodu","Risk factors for chronic kidney disease among in-school adolescents in Ibadan, Southwest, Nigeria",2019,"Sahel Medical Journal","smjonline.org","https://www.smjonline.org/article.asp?issn=1118-8561;year=2019;volume=22;issue=2;spage=64;epage=70;aulast=Abu","",125,"2021-07-17 23:32:21","HTML","","","",,,,,0,0.00,0,3,2,"… while truncal obesity was defined as having both age- and gender-specific waist circumference percentile ≥90 … [31] who reported a CKD prevalence of 19.9% among adult Nigerian population … may be contributing to the high burden of CKD and ESKD in Nigeria, particularly the …","https://www.smjonline.org/article.asp?issn=1118-8561;year=2019;volume=22;issue=2;spage=64;epage=70;aulast=Abu","https://scholar.google.com/scholar?q=related:ipyDeYJvrFcJ:scholar.google.com/&scioq=%22waist+circumference%22+nigeria&hl=en&as_sdt=0,5&as_ylo=2019&as_yhi=2019&as_vis=1"
0,"BO Akinshipe, EO Yusuf, FO Akinshipe…","Prevalence and Determinants of Pre-diabetes and Latent Tuberculosis Infection Among Apparently Healthy Adults in Three Communities in Southern Nigeria",2019,"International …","article.ijimmunol.com","http://article.ijimmunol.com/pdf/10.11648.j.iji.20190702.11.pdf","",126,"2021-07-17 23:32:21","PDF","","","",,,,,0,0.00,0,4,2,"… Waist circumference Normal 79 (71.8) 73 (58.4) 36 (30.8) 168 (47.7) … diabetes and Latent Tuberculosis Infection Among Apparently Healthy Adults in Three Communities in Southern Nigeria … prevalence of PDM and LTBI among the screened adults across the three Nigerian sites …","http://article.ijimmunol.com/pdf/10.11648.j.iji.20190702.11.pdf","https://scholar.google.com/scholar?q=related:3DVGlCWad94J:scholar.google.com/&scioq=%22waist+circumference%22+nigeria&hl=en&as_sdt=0,5&as_ylo=2019&as_yhi=2019&as_vis=1"
0,"I Elekima, CJ Ugwu","A Pilot Correlative Study of Anthropometric Indices with Lipid Parameters in Normal Weight, Overweight and Obese Participants in Port Harcourt Metropolis",2019,"Asian Journal of Medicine and Health","researchgate.net","https://www.researchgate.net/profile/Ibioku-Elekima/publication/330504968_A_Pilot_Correlative_Study_of_Anthropometric_Indices_with_Lipid_Parameters_in_Normal_Weight_Overweight_and_Obese_Participants_in_Port_Harcourt_Metropolis/links/5c4494fa458515a4c7341e94/A-Pilot-Correlative-Study-of-Anthropometric-Indices-with-Lipid-Parameters-in-Normal-Weight-Overweight-and-Obese-Participants-in-Port-Harcourt-Metropolis.pdf","",127,"2021-07-17 23:32:21","PDF","","","",,,,,0,0.00,0,2,2,"… at the Department of Medical Laboratory Science, Rivers State University, Port Harcourt, Nigeria … Height Ratio or Waist Stature Ratio was calculated as Waist Circumference (in cm … Uwanurochi K. Comparing indications for cardiovascular admissions into a Nigerian and Isreali …","https://www.researchgate.net/profile/Ibioku-Elekima/publication/330504968_A_Pilot_Correlative_Study_of_Anthropometric_Indices_with_Lipid_Parameters_in_Normal_Weight_Overweight_and_Obese_Participants_in_Port_Harcourt_Metropolis/links/5c4494fa458515a4c7341e94/A-Pilot-Correlative-Study-of-Anthropometric-Indices-with-Lipid-Parameters-in-Normal-Weight-Overweight-and-Obese-Participants-in-Port-Harcourt-Metropolis.pdf","https://scholar.google.com/scholar?q=related:HkqMJbEkLJkJ:scholar.google.com/&scioq=%22waist+circumference%22+nigeria&hl=en&as_sdt=0,5&as_ylo=2019&as_yhi=2019&as_vis=1"
10,"AO Werneck, ECA Silva…","Association (s) between objectively measured sedentary behavior patterns and obesity among Brazilian adolescents",2019,"Pediatric …","journals.humankinetics.com","https://journals.humankinetics.com/view/journals/pes/31/1/article-p37.xml","https://scholar.google.com/scholar?cites=17196395206783576658&as_sdt=2005&sciodt=0,5&hl=en",128,"2021-07-17 23:32:21","","","","",,,,,10,5.00,3,3,2,"… years. Body mass index, body fat (skinfolds), and waist circumference were adopted as outcomes … Helsinki. Obesity Indicators. Body mass index, waist circumference, and sum of skinfolds thickness were used as obesity indicators …","https://www.researchgate.net/profile/Lidyane-Zambrin/publication/329334713_Associations_Between_Objectively_Measured_Sedentary_Behavior_Patterns_and_Obesity_Among_Brazilian_Adolescents/links/5d1500f8a6fdcc2462ab3b18/Associations-Between-Objectively-Measured-Sedentary-Behavior-Patterns-and-Obesity-Among-Brazilian-Adolescents.pdf","https://scholar.google.com/scholar?q=related:UqqQhVTepe4J:scholar.google.com/&scioq=%22waist+circumference%22+nigeria&hl=en&as_sdt=0,5&as_ylo=2019&as_yhi=2019&as_vis=1"
4,"IM Paruk, FJ Pirie, NM Nkwanyana…","Prevalence of low serum testosterone levels among men with type 2 diabetes mellitus attending two outpatient diabetes clinics in KwaZulu-Natal Province, South …",2019,"South African Medical …","journals.co.za","https://journals.co.za/doi/abs/10.7196/SAMJ.2019.v109i12.13893","https://scholar.google.com/scholar?cites=2221640108958511304&as_sdt=2005&sciodt=0,5&hl=en",129,"2021-07-17 23:32:21","","10.7196/SAMJ.2019.v109i12.13893","","",,,,,4,2.00,1,4,2,"… analysis, LSFT was associated with age, a decrease in beard growth, BMI, waist circumference (WC), hip … 5%), similar to the findings of a cross- sectional survey among 200 Nigerian men with T2DM … AMS score) is lower than that reported in three studies from Nigeria (29.5 - 65.3 …","https://journals.co.za/doi/pdf/10.7196/SAMJ.2019.v109i12.13893","https://scholar.google.com/scholar?q=related:yHA7iejZ1B4J:scholar.google.com/&scioq=%22waist+circumference%22+nigeria&hl=en&as_sdt=0,5&as_ylo=2019&as_yhi=2019&as_vis=1"
0,"U AbdulAziz, OO Adelowo, JO Okpapi","The Impact of knee Pain on Functional Disability in Knee Osteoarthritis",2019,"JOURNAL OF RESEARCH IN …","jrbcs.org","http://jrbcs.org/index.php/jrbcs/article/view/8","",130,"2021-07-17 23:32:21","","","","",,,,,0,0.00,0,3,2,"… 28.4 + 4.8, P=0.000). The range of waist circumference was 58-125cm, mean waist circumference was 91.9+12 cm … Effect of obesity on self-reported pain and functional disability in Nigerian patients with Knee osteoarthritis in Zaria, North Western Nigeria …","http://jrbcs.org/index.php/jrbcs/article/download/8/43","https://scholar.google.com/scholar?q=related:nFJ3Z0-_u4oJ:scholar.google.com/&scioq=%22waist+circumference%22+nigeria&hl=en&as_sdt=0,5&as_ylo=2019&as_yhi=2019&as_vis=1"
13,"S Kerie, M Menberu, M Geneto","Metabolic syndrome among residents of Mizan-Aman town, South West Ethiopia, 2017: a cross sectional study",2019,"PLoS One","journals.plos.org","https://journals.plos.org/plosone/article?id=10.1371/journal.pone.0210969","https://scholar.google.com/scholar?cites=1156198468753411248&as_sdt=2005&sciodt=0,5&hl=en",131,"2021-07-17 23:32:21","HTML","","","",,,,,13,6.50,4,3,2,"… Editor: Adewale L. Oyeyemi, University of Maiduguri College of Medical Sciences, NIGERIA … ATP III, Adult Treatment Panel; HDL, High Density Lipoprotein; LDL, Low Density Lipoprotein; FGL, Fasting Glucose level; TG, Triglycerides; WC, Waist Circumference; USA, United …","https://journals.plos.org/plosone/article?id=10.1371/journal.pone.0210969","https://scholar.google.com/scholar?q=related:sMzlq2GkCxAJ:scholar.google.com/&scioq=%22waist+circumference%22+nigeria&hl=en&as_sdt=0,5&as_ylo=2019&as_yhi=2019&as_vis=1"
8,"IM Paruk, FJ Pirie, AA Motala","Non-alcoholic fatty liver disease in Africa: a hidden danger",2019,"Global health, epidemiology and …","cambridge.org","https://www.cambridge.org/core/journals/global-health-epidemiology-and-genomics/article/nonalcoholic-fatty-liver-disease-in-africa-a-hidden-danger/F545E87E177B63464CC003F181E41C8D","https://scholar.google.com/scholar?cites=16759905208713182865&as_sdt=2005&sciodt=0,5&hl=en",132,"2021-07-17 23:32:21","","","","",,,,,8,4.00,3,3,2,"… counterparts, despite having a higher level of total body fat, subcutaneous body fat, BMI and waist circumference; moreover subcutaneous … studies: a retrospective South African study which reported a prevalence of 28% on liver biopsy and a Nigerian … Nigeria Onyekwere et al …","https://www.cambridge.org/core/services/aop-cambridge-core/content/view/F545E87E177B63464CC003F181E41C8D/S2054420019000022a.pdf/non-alcoholic-fatty-liver-disease-in-africa-a-hidden-danger.pdf","https://scholar.google.com/scholar?q=related:kX6RUv0kl-gJ:scholar.google.com/&scioq=%22waist+circumference%22+nigeria&hl=en&as_sdt=0,5&as_ylo=2019&as_yhi=2019&as_vis=1"
0,"SN Amougou, LLY Tchangoum, MN Gweth…","Epidemiological Profile of Obesity among Health Staff at the Yaoundé Central Hospital and at the Yaoundé University Teaching Hospital",2019,"World Journal of …","scirp.org","https://www.scirp.org/html/1-1910904_94231.htm?pagespeed=noscript","",133,"2021-07-17 23:32:21","HTML","","","",,,,,0,0.00,0,4,2,"… World Health Organization (2011) Waist Circumference and Waist-Hip Ratio: Report of a WHO Expert Consultation, Geneva, 8 … Health Effects of Night Shift Duty on Nurses in a University Teaching Hospital in Benin City, Nigeria. Nigerian Journal of Clinical Practice, 11, 144-148 …","https://www.scirp.org/html/1-1910904_94231.htm?pagespeed=noscript","https://scholar.google.com/scholar?q=related:F2I2aoTCGoMJ:scholar.google.com/&scioq=%22waist+circumference%22+nigeria&hl=en&as_sdt=0,5&as_ylo=2019&as_yhi=2019&as_vis=1"
10,"O Eslami, M Shahraki, T Shahraki","Obesity indices in relation to lipid abnormalities among medical university students in Zahedan, South-East of Iran",2019,"International Journal of …","ncbi.nlm.nih.gov","https://www.ncbi.nlm.nih.gov/pmc/articles/PMC6390505/","https://scholar.google.com/scholar?cites=9273283256114154847&as_sdt=2005&sciodt=0,5&hl=en",134,"2021-07-17 23:32:21","HTML","","","",,,,,10,5.00,3,3,2,"… study in 2014. Weight, height, waist circumference (WC), and hip circumference were measured to calculate obesity indices including body mass index (BMI), waist-to-hip ratio, and waist-to-height ratio (WHtR). Serum total cholesterol …","https://www.ncbi.nlm.nih.gov/pmc/articles/PMC6390505/","https://scholar.google.com/scholar?q=related:Xw1DTv1RsYAJ:scholar.google.com/&scioq=%22waist+circumference%22+nigeria&hl=en&as_sdt=0,5&as_ylo=2019&as_yhi=2019&as_vis=1"
1,"HF Jelinek, A Stranieri, A Yatsko…","Personalised measures of obesity using waist to height ratios from an Australian health screening program",2019,"Digital …","journals.sagepub.com","https://journals.sagepub.com/doi/abs/10.1177/2055207619844362","https://scholar.google.com/scholar?cites=15880672415862205052&as_sdt=2005&sciodt=0,5&hl=en",135,"2021-07-17 23:32:21","","10.1177/2055207619844362","","",,,,,1,0.50,0,4,2,"ObjectivesThe aim of the current study is to generate waist circumference to height ratio cut-off values for obesity categories from a model of the relationship between body mass index and waist ci...","https://journals.sagepub.com/doi/pdf/10.1177/2055207619844362","https://scholar.google.com/scholar?q=related:fKrPPWx7Y9wJ:scholar.google.com/&scioq=%22waist+circumference%22+nigeria&hl=en&as_sdt=0,5&as_ylo=2019&as_yhi=2019&as_vis=1"
6,"B Woldeamlak, K Yirdaw, B Biadgo","Hyperuricemia and its association with cardiovascular disease risk factors in type two diabetes mellitus patients at the University of Gondar Hospital …",2019,"EJIFCC","ncbi.nlm.nih.gov","https://www.ncbi.nlm.nih.gov/pmc/articles/pmc6803773/","https://scholar.google.com/scholar?cites=6043767974117887659&as_sdt=2005&sciodt=0,5&hl=en",136,"2021-07-17 23:32:21","HTML","","","",,,,,6,3.00,2,3,2,"… WC: Waist Circumference; BMI: Body Mass Index; DM: Diabetes Mellitus; BP: Blood Pressure; COR: Crude Odds Ratio; AOR: Adjusted Odds Ratio … of HUA in males was higher than females in our study, which was supported by the study conducted in Nigeria and India [25, 28] …","https://www.ncbi.nlm.nih.gov/pmc/articles/pmc6803773/","https://scholar.google.com/scholar?q=related:q84tgvPG31MJ:scholar.google.com/&scioq=%22waist+circumference%22+nigeria&hl=en&as_sdt=0,5&as_ylo=2019&as_yhi=2019&as_vis=1"
4,"FS Bosun-Arije, J Ling, Y Graham, C Hayes","A systematic review of factors influencing Type 2 Diabetes Mellitus management in Nigerian public hospitals",2019,"International Journal of Africa …","Elsevier","https://www.sciencedirect.com/science/article/pii/S2214139119300174","https://scholar.google.com/scholar?cites=4923693306708947204&as_sdt=2005&sciodt=0,5&hl=en",137,"2021-07-17 23:32:21","HTML","","","",,,,,4,2.00,1,4,2,"… Haemoglobin) level, medication adherence, blood pressure, self-management skills, waist circumference as well … Added to this, some cultures in Nigeria consider being marginally overweight as a … In certain Nigerian cultures, women are kept in fattening rooms, where they are …","https://www.sciencedirect.com/science/article/pii/S2214139119300174","https://scholar.google.com/scholar?q=related:BPFawfl4VEQJ:scholar.google.com/&scioq=%22waist+circumference%22+nigeria&hl=en&as_sdt=0,5&as_ylo=2019&as_yhi=2019&as_vis=1"
0,"CA Oladoyinbo, AM Abiodun, OO Akinbule…","Modifiable Risk Factors for Overweight and Obesity among Traders in Abeokuta South Local Government Area, Ogun State",2019,"African Journal of …","researchgate.net","https://www.researchgate.net/profile/Catherine-Oladoyinbo/publication/340225326_Modifiable_Risk_Factors_for_Overweight_and_Obesity_among_Traders_in_Abeokuta_South_Local_Government_Area_Ogun_State/links/5e7db4d592851caef4a21c3b/Modifiable-Risk-Factors-for-Overweight-and-Obesity-among-Traders-in-Abeokuta-South-Local-Government-Area-Ogun-State.pdf","",138,"2021-07-17 23:32:21","PDF","","","",,,,,0,0.00,0,4,2,"… Waist Circumference Not at risk 210 (100) 117 (83.6) 327 (93.4) 0.000 … Prevalence of Cardiovascular risk factors among traders in an urban market in Lagos, Nigeria … of nutritional status using body fat, physiological and biochemical parameters in some Nigerian women …","https://www.researchgate.net/profile/Catherine-Oladoyinbo/publication/340225326_Modifiable_Risk_Factors_for_Overweight_and_Obesity_among_Traders_in_Abeokuta_South_Local_Government_Area_Ogun_State/links/5e7db4d592851caef4a21c3b/Modifiable-Risk-Factors-for-Overweight-and-Obesity-among-Traders-in-Abeokuta-South-Local-Government-Area-Ogun-State.pdf","https://scholar.google.com/scholar?q=related:R9edZ9PfYMIJ:scholar.google.com/&scioq=%22waist+circumference%22+nigeria&hl=en&as_sdt=0,5&as_ylo=2019&as_yhi=2019&as_vis=1"
15,"SN Ofori, J Obosi","Prevalence of hypertension among office workers in a multi-national company in the Niger-Delta with the 2017 American College of Cardiology/American …",2019,"Preventive medicine reports","Elsevier","https://www.sciencedirect.com/science/article/pii/S2211335519300786","https://scholar.google.com/scholar?cites=12521684629074782827&as_sdt=2005&sciodt=0,5&hl=en",139,"2021-07-17 23:32:21","HTML","","","",,,,,15,7.50,8,2,2,"… Waist circumference in females (n = 24 … In Nigeria's hypertension guidelines which is based on the WHO/ISH guidelines, the recommendation for initiating … there is evidence of high-risk conditions like diabetes, renal disease or target organ damage (Nigerian Hypertension Society …","https://www.sciencedirect.com/science/article/pii/S2211335519300786","https://scholar.google.com/scholar?q=related:a6p40dP1xa0J:scholar.google.com/&scioq=%22waist+circumference%22+nigeria&hl=en&as_sdt=0,5&as_ylo=2019&as_yhi=2019&as_vis=1"
0,"AO Ibegbu, U Saidu, A Shuaibu, SA Musa, UM Ibe…","Comparative study of the nutritional status of Hausa Children in public and private Schools using different anthropometric parameters",,"researchgate.net","","https://www.researchgate.net/profile/Augustine-Ibegbu/publication/336810619_ASSESSMENT_OF_NUTRITIONAL_STATUS_IN_HAUSA_INFANTS_USING_SOME_ANTHROPOMETRIC_VARIABLES_IN_ZARIA_AREA_OF_KADUNA_STATE_NIGERIA/links/5dc48f284585151435f2f5cd/ASSESSMENT-OF-NUTRITIONAL-STATUS-IN-HAUSA-INFANTS-USING-SOME-ANTHROPOMETRIC-VARIABLES-IN-ZARIA-AREA-OF-KADUNA-STATE-NIGERIA.pdf","",140,"2021-07-17 23:32:21","PDF","","","",,,,,0,0.00,0,6,,"… MUAC, waist circumference and chest circumference (p≤0.05), as shown in Table 4 … Nutritional status of adolescents in Kaduna State Northern Nigerian.Nutrition Health 18:391-399 … & Sanusi RA (2016).Nutritional status of in-school adolescents in Ekiti State, Nigeria.GJMEDPH 5 …","https://www.researchgate.net/profile/Augustine-Ibegbu/publication/336810619_ASSESSMENT_OF_NUTRITIONAL_STATUS_IN_HAUSA_INFANTS_USING_SOME_ANTHROPOMETRIC_VARIABLES_IN_ZARIA_AREA_OF_KADUNA_STATE_NIGERIA/links/5dc48f284585151435f2f5cd/ASSESSMENT-OF-NUTRITIONAL-STATUS-IN-HAUSA-INFANTS-USING-SOME-ANTHROPOMETRIC-VARIABLES-IN-ZARIA-AREA-OF-KADUNA-STATE-NIGERIA.pdf","https://scholar.google.com/scholar?q=related:PyAGUu1NklcJ:scholar.google.com/&scioq=%22waist+circumference%22+nigeria&hl=en&as_sdt=0,5&as_ylo=2019&as_yhi=2019&as_vis=1"
8,"AM Adeoye, AO Adebiyi, OM Adebayo…","Medication adherence and 24-h blood pressure in apparently uncontrolled hypertensive Nigerian patients",2019,"Nigerian Postgraduate …","npmj.org","https://www.npmj.org/article.asp?issn=1117-1936;year=2019;volume=26;issue=1;spage=18;epage=24;aulast=Adeoye","https://scholar.google.com/scholar?cites=14057092099356689510&as_sdt=2005&sciodt=0,5&hl=en",141,"2021-07-17 23:32:21","HTML","","","",,,,,8,4.00,2,4,2,"… Waist circumference measurements were taken at the end of expiration midway between the rib … of obesity on medication adherence was similar to a Nigerian antihypertensive adherence … adherence and 24 h-ABPM among the uncontrolled hypertensive population in Nigeria …","https://www.npmj.org/article.asp?issn=1117-1936;year=2019;volume=26;issue=1;spage=18;epage=24;aulast=Adeoye","https://scholar.google.com/scholar?q=related:ZgQbZcnSFMMJ:scholar.google.com/&scioq=%22waist+circumference%22+nigeria&hl=en&as_sdt=0,5&as_ylo=2019&as_yhi=2019&as_vis=1"
6,"AK Alaje, TA Adedeji, AR Adedoyin…","Creatinine and cystatin C-based evaluation of renal function among obese subjects in Benin City, Nigeria",2019,"Saudi Journal of Kidney …","sjkdt.org","https://www.sjkdt.org/article.asp?issn=1319-2442;year=2019;volume=30;issue=3;spage=648;epage=654;aulast=Alaje","https://scholar.google.com/scholar?cites=15143380801846411942&as_sdt=2005&sciodt=0,5&hl=en",142,"2021-07-17 23:32:21","HTML","","","",,,,,6,3.00,2,4,2,"… for Disease Control of the University of Benin Teaching Hospital, Benin City, South-South, Nigeria … A nonstretching tape was used to measure the waist circumference of each subject at the level of the … Prevalence of overweight and obesity in adult Nigerians - A systematic review …","https://www.sjkdt.org/article.asp?issn=1319-2442;year=2019;volume=30;issue=3;spage=648;epage=654;aulast=Alaje","https://scholar.google.com/scholar?q=related:poKGMJsYKNIJ:scholar.google.com/&scioq=%22waist+circumference%22+nigeria&hl=en&as_sdt=0,5&as_ylo=2019&as_yhi=2019&as_vis=1"
0,"M Village, V District, L Province","Volume Sixteen Number Three",,"search.proquest.com","","https://search.proquest.com/openview/2747e5ce745a570dc68a2f1b4c6ccb0e/1?pq-origsite=gscholar&cbl=39577","",143,"2021-07-17 23:32:21","","","","",,,,,0,0.00,0,3,,"… Title of Articles Religiosity and Body Mass Index and Waist Circumference among Male … and Separation on Academic Performance of Vulnerable Children in Nigeria: Social Work … Disequilibrium as a Bane on Political and Administrative Development: Nigerian Perspectives …","",""
0,"MO Ajulo, HO Ajulo, OK Agbo","Evaluation of Lipid-Lowering Effects of Atorvastatin on Obese Patients Attending A Tertiary Healthcare Facility",2019,"Nigerian Journal of Pharmaceutical …","nijophasr.net","https://www.nijophasr.net/index.php/nijophasr/article/view/269","",144,"2021-07-17 23:32:21","","","","",,,,,0,0.00,0,3,2,"Nigerian Journal of Pharmaceutical and Applied Science Research, 8(1): 24-31, January 2019 (ISSN 1485-8059 (Available at www … Nigeria … Measurement of waist circumference is perhaps the easiest and most practical indicator of central obesity and correlates well with CVD …","https://www.nijophasr.net/index.php/nijophasr/article/download/269/159","https://scholar.google.com/scholar?q=related:XdzKoRyGgmgJ:scholar.google.com/&scioq=%22waist+circumference%22+nigeria&hl=en&as_sdt=0,5&as_ylo=2019&as_yhi=2019&as_vis=1"
0,"LA Adebusoye, MO Owolabi…","Biomarkers, shock index and modified early warning score among older medical hospital inpatients in Nigeria",2019,"South African Family …","journals.co.za","https://journals.co.za/doi/abs/10.1080/20786190.2018.1554304","",145,"2021-07-17 23:32:21","","10.1080/20786190.2018.1554304","","",,,,,0,0.00,0,3,2,"… sample size of 450 patients using the best estimate for mortality among older medical hospital inpatients in Nigeria.13 … Waist circumference (cm) 94.0 ± 16.3 94.9 ± 6.9 −0.442 0.659 … as a predictor of mortality calls for the redefini- tion of SBP among acutely ill older Nigerians as a …","https://www.tandfonline.com/doi/pdf/10.1080/20786190.2018.1554304","https://scholar.google.com/scholar?q=related:wUV_DZzwqbIJ:scholar.google.com/&scioq=%22waist+circumference%22+nigeria&hl=en&as_sdt=0,5&as_ylo=2019&as_yhi=2019&as_vis=1"
3,"DU Adje, FE Williams, AC Oparah","Outcome of cardiovascular risk assessment among rural community dwellers in ezionum, Nigeria-implications for public health",2019,"African health sciences","ajol.info","https://www.ajol.info/index.php/ahs/article/view/189123","https://scholar.google.com/scholar?cites=5258083694319267651&as_sdt=2005&sciodt=0,5&hl=en",146,"2021-07-17 23:32:21","","","","",,,,,3,1.50,1,3,2,"… 40 12 (2.9) Waist Circumference Male N=193 ≤ 102 cm 162 (83.9) … Federal Republic of Nigeria - 2006 Population Cen- sus, National Bureau of Statistics … Ekwunife I O. and Agunwa NCA (2011) - meta-anal- ysis of prevalence rate of hypertension in Nigerian popu- lations …","https://www.ajol.info/index.php/ahs/article/view/189123/178361","https://scholar.google.com/scholar?q=related:Q28s70J3-EgJ:scholar.google.com/&scioq=%22waist+circumference%22+nigeria&hl=en&as_sdt=0,5&as_ylo=2019&as_yhi=2019&as_vis=1"
0,"PC Obi, AC Anyanwu, CB Nwatu…","Prevalence and Predictors of Lower Extremity Peripheral Artery Disease among Adults with Type 2 Diabetes Mellitus Attending a Tertiary Hospital in Owerri, Nigeria",2019,"… and Angiology: An …","journalca.com","http://www.journalca.com/index.php/CA/article/view/30106","",147,"2021-07-17 23:32:21","","","","",,,,,0,0.00,0,4,2,"… Owerri which is one of the major tertiary health Institution in Imo state, Nigeria and serves … Waist circumference (WC) was measured to the nearest 0.1 cm at the midpoint between the lower … All the participants were Nigerians and majority (99.3% and 97.8% of T2DM and control …","https://www.journalca.com/index.php/CA/article/download/30106/56488","https://scholar.google.com/scholar?q=related:vP0CFDCH8fMJ:scholar.google.com/&scioq=%22waist+circumference%22+nigeria&hl=en&as_sdt=0,5&as_ylo=2019&as_yhi=2019&as_vis=1"
5,"AO Akinboro, AO Adelufosi, O Onayemi…","Body dysmorphic disorder in patients attending a dermatology clinic in Nigeria: sociodemographic and clinical correlates",2019,"Anais brasileiros de …","SciELO Brasil","https://www.scielo.br/j/abd/a/YhtTnGpCq57NTsDQp63TXKt/abstract/?lang=en","https://scholar.google.com/scholar?cites=9537625947293400521&as_sdt=2005&sciodt=0,5&hl=en",148,"2021-07-17 23:32:21","","","","",,,,,5,2.50,1,4,2,"… Body dysmorphic disorder in a Nigerian boy presenting as depression: a case … of Technology Teaching Hospital, Ladoke Akintola University of Technology, Ogbomoso, Oyo State, Nigeria … Mean waist circumference (centimeters)±SD, 81.03±18.01, 79.80±8.97, 81.81±21.96, 0.631 …","https://www.scielo.br/j/abd/a/YhtTnGpCq57NTsDQp63TXKt/?lang=en&format=html","https://scholar.google.com/scholar?q=related:yb34PER0XIQJ:scholar.google.com/&scioq=%22waist+circumference%22+nigeria&hl=en&as_sdt=0,5&as_ylo=2019&as_yhi=2019&as_vis=1"
8,"MA Nyangasa, C Buck, S Kelm, MA Sheikh…","Association between cardiometabolic risk factors and body mass index, waist circumferences and body fat in a Zanzibari cross-sectional study",2019,"BMJ open","bmjopen.bmj.com","https://bmjopen.bmj.com/content/9/7/e025397.abstract","https://scholar.google.com/scholar?cites=6155664087107240609&as_sdt=2005&sciodt=0,5&hl=en",149,"2021-07-17 23:32:21","HTML","","","",,,,,8,4.00,2,5,2,"… Correspondence to Dr. Antje Hebestreit; hebestr{at}leibniz-bips.de. Abstract. Objectives To determine the prevalence of obesity indices (body mass index (BMI), waist circumference (WC), body fat per cent (BF%)) and cardiometabolic risk factors …","https://bmjopen.bmj.com/content/9/7/e025397.abstract","https://scholar.google.com/scholar?q=related:oQKohN9PbVUJ:scholar.google.com/&scioq=%22waist+circumference%22+nigeria&hl=en&as_sdt=0,5&as_ylo=2019&as_yhi=2019&as_vis=1"
673,"YC Chooi, C Ding, F Magkos","The epidemiology of obesity",2019,"Metabolism","Elsevier","https://www.sciencedirect.com/science/article/pii/S002604951830194X","https://scholar.google.com/scholar?cites=12215928975168967304&as_sdt=2005&sciodt=0,5&hl=en",150,"2021-07-17 23:32:21","","","","",,,,,673,336.50,224,3,2,"… We selected the data for the top five most populous countries from each region: the African region included Nigeria, Ethiopia, Congo, Tanzania and South Africa; Americas included the United States of America, Brazil, Mexico, Colombia and Argentina; the Eastern …","https://oar.a-star.edu.sg/storage/o/o13noe7810/the-epidemiology-of-obesity.pdf","https://scholar.google.com/scholar?q=related:iBJZHq6yh6kJ:scholar.google.com/&scioq=%22waist+circumference%22+nigeria&hl=en&as_sdt=0,5&as_ylo=2019&as_yhi=2019&as_vis=1"
5,"NJ Iduoriyekemwen, MO Ibadin…","Glomerular hyperfiltration in excess weight adolescents",2019,"Nigerian journal of …","njcponline.com","https://www.njcponline.com/article.asp?issn=1119-3077;year=2019;volume=22;issue=6;spage=842;epage=848;aulast=Iduoriyekemwen","https://scholar.google.com/scholar?cites=2968169130474403512&as_sdt=2005&sciodt=0,5&hl=en",151,"2021-07-17 23:32:21","HTML","","","",,,,,5,2.50,2,3,2,"… blood pressure in children attending public and private primary schools in Benin City, Nigeria … World Health Organization (WHO): Waist circumference and waist- hip ratio: Report of a WHO expert … Nigerian Journal of Clinical Practice | Published by Wolters Kluwer - Medknow …","https://www.njcponline.com/article.asp?issn=1119-3077;year=2019;volume=22;issue=6;spage=842;epage=848;aulast=Iduoriyekemwen","https://scholar.google.com/scholar?q=related:uPY0HxkOMSkJ:scholar.google.com/&scioq=%22waist+circumference%22+nigeria&hl=en&as_sdt=0,5&as_ylo=2019&as_yhi=2019&as_vis=1"
15,"F Agyemang-Yeboah, BAJ Eghan…","Evaluation of metabolic syndrome and its associated risk factors in type 2 diabetes: a descriptive cross-sectional study at the Komfo Anokye Teaching Hospital …",2019,"BioMed research …","hindawi.com","https://www.hindawi.com/journals/bmri/2019/4562904/","https://scholar.google.com/scholar?cites=10850357943009258124&as_sdt=2005&sciodt=0,5&hl=en",152,"2021-07-17 23:32:21","HTML","","","",,,,,15,7.50,5,3,2,"… The female patients exhibited higher mean waist circumference (WC) and mean hip circumference (HC) as well as an approximately higher body mass index than males (28.3 ± 5.1, 26.5 ± 4.2 for the female and male respectively) …","https://www.hindawi.com/journals/bmri/2019/4562904/","https://scholar.google.com/scholar?q=related:jKrnvg83lJYJ:scholar.google.com/&scioq=%22waist+circumference%22+nigeria&hl=en&as_sdt=0,5&as_ylo=2019&as_yhi=2019&as_vis=1"
0,"FK Munene, JO Kimiywe, PM Chege","Dietary Practices and Nutrition Status of Adolescents Attending Day Secondary Schools in Kenya",2019,"Food Sci Nutr Res","scivisionpub.com","http://scivisionpub.com/pdfs/dietary-practices-and-nutrition-status-of-adolescents-attending-day-secondary-schools-in-kenya-820.pdf","",153,"2021-07-17 23:32:21","PDF","","","",,,,,0,0.00,0,3,2,"… In Nigeria, Akingbade and Sanusi [28] reported a prevalence of obesity, overweight and … Possible explanation is that waist circumference and waist hip ratio are indicators of obesity yet majority … Weight status and eating habits of adolescent Nigerian urban secondary school girls …","http://scivisionpub.com/pdfs/dietary-practices-and-nutrition-status-of-adolescents-attending-day-secondary-schools-in-kenya-820.pdf","https://scholar.google.com/scholar?q=related:VdfXwliK-VgJ:scholar.google.com/&scioq=%22waist+circumference%22+nigeria&hl=en&as_sdt=0,5&as_ylo=2019&as_yhi=2019&as_vis=1"
27,"JL Faulkner, EJB De Chantemèle","Sex hormones, aging and cardiometabolic syndrome",2019,"Biology of sex differences","Springer","https://link.springer.com/article/10.1186/s13293-019-0246-6","https://scholar.google.com/scholar?cites=2692249422456633352&as_sdt=2005&sciodt=0,5&hl=en",154,"2021-07-17 23:32:21","HTML","10.1186/s13293-019-0246-6","","",,,,,27,13.50,14,2,2,"… Epidemiological data indicates that increased waist circumference is the most prevalent criteria of the metabolic syndrome in men and in women [19]; however, metabolic syndrome as diagnosed by the current criteria is more prevalent in women than men [20] …","https://link.springer.com/article/10.1186/s13293-019-0246-6","https://scholar.google.com/scholar?q=related:CDhH6JXKXCUJ:scholar.google.com/&scioq=%22waist+circumference%22+nigeria&hl=en&as_sdt=0,5&as_ylo=2019&as_yhi=2019&as_vis=1"
2,"B Woldesemayat, H Amare, Z Ataro…","Prevalence of diabetes mellitus and associated risk factors among adults attending at feres meda health centre, Addis Ababa, Ethiopia, 2017",2019,"… Journal of Biomedical …","researchgate.net","https://www.researchgate.net/profile/Hiwot-Amare-2/publication/338454860_8-15_Prevalence_of_Diabetes_Mellitus_and_Associated_Risk_Factors_Among_Adults_Attending_at_Feres_Meda_Health_Centre/links/5e15d6d3299bf10bc39b07bf/8-15-Prevalence-of-Diabetes-Mellitus-and-Associated-Risk-Factors-Among-Adults-Attending-at-Feres-Meda-Health-Centre.pdf","https://scholar.google.com/scholar?cites=7503996335035148109&as_sdt=2005&sciodt=0,5&hl=en",155,"2021-07-17 23:32:21","PDF","","","",,,,,2,1.00,1,4,2,"… On the same way, significant and positive association between family history of DM and DM occurrence was reported from Pakistan, Cong, India, Turkey, and Nigeria [35, 36, 32, 28, 23]. In addition, high waist circumference was statistically significant with the occurrence of DM …","https://www.researchgate.net/profile/Hiwot-Amare-2/publication/338454860_8-15_Prevalence_of_Diabetes_Mellitus_and_Associated_Risk_Factors_Among_Adults_Attending_at_Feres_Meda_Health_Centre/links/5e15d6d3299bf10bc39b07bf/8-15-Prevalence-of-Diabetes-Mellitus-and-Associated-Risk-Factors-Among-Adults-Attending-at-Feres-Meda-Health-Centre.pdf","https://scholar.google.com/scholar?q=related:TWeaqeiMI2gJ:scholar.google.com/&scioq=%22waist+circumference%22+nigeria&hl=en&as_sdt=0,5&as_ylo=2019&as_yhi=2019&as_vis=1"
0,"MA Bamashmos","Prevalence of abdominal obesity and its associated comorbid condition in adult Yemeni people of Sana'a City",2019,"Middle East Journal of Family Medicine","platform.almanhal.com","https://platform.almanhal.com/Files/Articles/138340","",156,"2021-07-17 23:32:21","","","","",,,,,0,0.00,0,1,2,"… 36- Pouliot MC, Despres JP, Lemieux S. Waist circumference and abdominal sagittal diameter … The prevalence of abdominal obesity and hypertension among adults in Ogbomoso, Nigeria … Abdominal obesity in adult Nigerian Africans: Prevalence and co-occurrence with cardio …","http://mejfm.com/March%202019%20WFM/Obesity%20Yemen.pdf","https://scholar.google.com/scholar?q=related:sljDu_6052EJ:scholar.google.com/&scioq=%22waist+circumference%22+nigeria&hl=en&as_sdt=0,5&as_ylo=2019&as_yhi=2019&as_vis=1"
0,"RP Dayim, UA Sirisena, SD Songden","SONOGRAPHIC MEASUREMENT OF KIDNEY DIMENSIONS TO DETERMINE THE KIDNEY VOLUME OF CROSS SECTION OF ADULT NIGERIANS IN JOS",2019,"AFRICAN JOURNAL OF …","ajns.org.ng","http://www.ajns.org.ng/ojs/index.php/AJNS/article/download/116/101","",157,"2021-07-17 23:32:21","PDF","","","",,,,,0,0.00,0,3,2,"… 2Medical Physics Unit, Radiology Department, Jos University Teaching Hospital, Jos, Nigeria … the normal reference values of kidney volume for a cross sectional Nigerian population in … gender of all were recorded and body mass, height and waist circumference were measured …","http://www.ajns.org.ng/ojs/index.php/AJNS/article/download/116/101","https://scholar.google.com/scholar?q=related:TkNt6_zYoOcJ:scholar.google.com/&scioq=%22waist+circumference%22+nigeria&hl=en&as_sdt=0,5&as_ylo=2019&as_yhi=2019&as_vis=1"
2,"H Pourrazi, M Ebrahimi","Comparison of two different resistance training intensities on metabolic syndrome risk factors in obese women",2019,"International Journal of Applied Exercise …","iranjournals.nlai.ir","https://iranjournals.nlai.ir/handle/123456789/774031","https://scholar.google.com/scholar?cites=8375877913632310962&as_sdt=2005&sciodt=0,5&hl=en",158,"2021-07-17 23:32:21","","","","",,,,,2,1.00,1,2,2,"… and supplementation, regularly performed 3 times a week for 8 weeks, has protective effects on body weight, waist circumference and serum … Arowojolu, and A. Sanya, Effects of a 12-week endurance exercise program on adiposity and flexibility of Nigerian perimenopausal and …","https://iranjournals.nlai.ir/bitstream/handle/123456789/774031/48EBCA7479CF5BCAF26AB4751FF62ED9.pdf?sequence=-1&isAllowed=y","https://scholar.google.com/scholar?q=related:sgYYzJUYPXQJ:scholar.google.com/&scioq=%22waist+circumference%22+nigeria&hl=en&as_sdt=0,5&as_ylo=2019&as_yhi=2019&as_vis=1"
3,"RA Ghamri, NS Alzahrani…","Cardiovascular risk factors among high-risk individuals attending the general practice at king Abdulaziz University hospital: a cross-sectional study",2019,"BMC …","bmccardiovascdisord.biomedcentral …","https://bmccardiovascdisord.biomedcentral.com/articles/10.1186/s12872-019-1261-6","https://scholar.google.com/scholar?cites=14868909634100982561&as_sdt=2005&sciodt=0,5&hl=en",159,"2021-07-17 23:32:21","HTML","10.1186/s12872-019-1261-6","","",,,,,3,1.50,1,3,2,"… Most of the patients (88%) were non-smokers. The mean waist circumference of patients was 101.6 ± 14.1 cm, which suggests most were clinically obese. About 54.8% of the patients followed an unhealthy diet and 52.0% were physically inactive …","https://bmccardiovascdisord.biomedcentral.com/articles/10.1186/s12872-019-1261-6","https://scholar.google.com/scholar?q=related:IfP4iYj6WM4J:scholar.google.com/&scioq=%22waist+circumference%22+nigeria&hl=en&as_sdt=0,5&as_ylo=2019&as_yhi=2019&as_vis=1"
2,"OC Oguejiofor, CH Onwukwe…","Peripheral neuropathy and its clinical correlates in type 2 diabetic subjects without neuropathic symptoms in Nnewi, South-Eastern Nigeria",2019,"Journal of …","journalofdiabetology.org","https://www.journalofdiabetology.org/article.asp?issn=2078-7685;year=2019;volume=10;issue=1;spage=21;epage=24;aulast=Oguejiofor","https://scholar.google.com/scholar?cites=6066118884927491199&as_sdt=2005&sciodt=0,5&hl=en",160,"2021-07-17 23:32:21","HTML","","","",,,,,2,1.00,1,3,2,"… research work using objective methods in determining PN among Nigerian T2DM patients … clinic of Nnamdi Azikiwe University Teaching Hospital (NAUTH), Nnewi, South-Eastern Nigeria … Using a non-stretch tape, waist circumference (WC) was measured midway between the …","https://www.journalofdiabetology.org/article.asp?issn=2078-7685;year=2019;volume=10;issue=1;spage=21;epage=24;aulast=Oguejiofor","https://scholar.google.com/scholar?q=related:f0xkdfwuL1QJ:scholar.google.com/&scioq=%22waist+circumference%22+nigeria&hl=en&as_sdt=0,5&as_ylo=2019&as_yhi=2019&as_vis=1"
1,"HCM Yangoua, BGK Azantsa, D Kuate…","Characterization of dyslipidemia and assessment of atherogenic risk amongst cameroonian living in yaounde: a Cross Sectional Study",2019,"Journal of Biosciences …","scirp.org","https://www.scirp.org/journal/paperinformation.aspx?paperid=93631","https://scholar.google.com/scholar?cites=9881072782082301148&as_sdt=2005&sciodt=0,5&hl=en",161,"2021-07-17 23:32:21","HTML","","","",,,,,1,0.50,0,4,2,"… Low HDL cholesterolemia as main dyslipidemia was reported in China [17] and in Nigeria [5] . Evidence further proved that even in the same … Waist circumference (WC) was measured at the mid-point between the highest part of the iliac crest and the lowest part of the ribs …","https://www.scirp.org/journal/paperinformation.aspx?paperid=93631","https://scholar.google.com/scholar?q=related:3NzL11efIIkJ:scholar.google.com/&scioq=%22waist+circumference%22+nigeria&hl=en&as_sdt=0,5&as_ylo=2019&as_yhi=2019&as_vis=1"
15,"AK Mohiuddin","A skipping breakfast everyday keeps well-being away",2019,"Open Journal of Gastroenterology and Hepatology","escipub.org","https://escipub.org/index.php/OJGH/article/view/93","https://scholar.google.com/scholar?cites=5954103281574229129&as_sdt=2005&sciodt=0,5&hl=en",162,"2021-07-17 23:32:21","","","","",,,,,15,7.50,15,1,2,"… (T2DM); Waist Circumference (WC) … reported that 48%, 19%, and 13% of Nigeria university students skipping meals due to lack of time, appetite, and inability to … Fasting/religion and money were mentioned by about 20% and 15% of Nigerian University students as a reason for …","https://escipub.org/index.php/OJGH/article/download/93/105","https://scholar.google.com/scholar?q=related:iTQ4bmM5oVIJ:scholar.google.com/&scioq=%22waist+circumference%22+nigeria&hl=en&as_sdt=0,5&as_ylo=2019&as_yhi=2019&as_vis=1"
0,"CE Okechukwu","Effect of aerobic exercise on some parameters of cardiovascular health among male problem gamblers",2019,"International Archives of Health Sciences","iahs.kaums.ac.ir","https://iahs.kaums.ac.ir/article.asp?issn=2383-2568;year=2019;volume=6;issue=4;spage=115;epage=121;aulast=Okechukwu","",163,"2021-07-17 23:32:21","HTML","","","",,,,,0,0.00,0,1,2,"… AGE: Participants ages, BMI: Body mass index, SBP: Systolic blood pressure, DBP: Diastolic blood pressure, HR: Heart rate, WC: Waist Circumference Click here to view. Discussion, Top. There is a rise in sports gambling activities in Lagos State, Nigeria, especially among the …","https://iahs.kaums.ac.ir/article.asp?issn=2383-2568;year=2019;volume=6;issue=4;spage=115;epage=121;aulast=Okechukwu","https://scholar.google.com/scholar?q=related:q1nIPjiZiNEJ:scholar.google.com/&scioq=%22waist+circumference%22+nigeria&hl=en&as_sdt=0,5&as_ylo=2019&as_yhi=2019&as_vis=1"
0,"RB Sebati, KD Monyeki, HCG Kemper…","Which anthropometric indices can best estimate obesity amongst Ellisras population from childhood to young adulthood? Ellisras Longitudinal Study",2019,"African Journal for …","journals.co.za","https://journals.co.za/doi/abs/10.10520/EJC-180c6181aa","",164,"2021-07-17 23:32:21","","10.10520/EJC-180c6181aa","","",,,,,0,0.00,0,4,2,"… Abdominal obesity in adult Nigerian Africans: Prevalence and co-occurrence with cardio-metabolic risk factors in a resource poor setting of a rural hospital in Eastern Nigeria … Waist circumference is an independent predictor of insulin resistance in black and white youths …","",""
2,"M Chanak, K Bose","Central obesity and hypertension among rural adults of Paschim Medinipur, West Bengal, India",2019,"Anthropological Review","academia.edu","https://www.academia.edu/download/60658996/20834594_-_Anthropological_Review20190920-57680-6k0yjr.pdf","https://scholar.google.com/scholar?cites=18049857884129578265&as_sdt=2005&sciodt=0,5&hl=en",165,"2021-07-17 23:32:21","PDF","","","",,,,,2,1.00,1,2,2,"… 243 – CI: waist circumference (m)/0.109×√ weight (kg)/height (m) (Valdez et al. 1993) … Studied population Studied area Sample size Age (years) Prevalence (%) of HT Reference M F T Nigerian adults Nigeria 400 18 and above 49.3 52.0 50.5 Aimole et al. 2011 …","https://www.academia.edu/download/60658996/20834594_-_Anthropological_Review20190920-57680-6k0yjr.pdf","https://scholar.google.com/scholar?q=related:Gc3TBR36ffoJ:scholar.google.com/&scioq=%22waist+circumference%22+nigeria&hl=en&as_sdt=0,5&as_ylo=2019&as_yhi=2019&as_vis=1"
0,"CP Ezenwa, N Madichie Williams, RN Onuchukwu…","Effect Of Ginger (Zingiber Officinale) Consumption As Nutritional Management Recipe On Lipid Profile And Hepatosteatosis Status Of Non-Diabetic Patients …",,"ijiras.com","","http://www.ijiras.com/2019/Vol_6-Issue_2/paper_26.pdf","",166,"2021-07-17 23:32:21","PDF","","","",,,,,0,0.00,0,4,,"… A waist circumference greater than 102cm in men and greater than 88cm in females in considered … The prevalence of NAFLD is not accurately known in Nigeria and Africa at large … In Nigerian institutions, gaming activities commence either at the end of the session or during host …","http://www.ijiras.com/2019/Vol_6-Issue_2/paper_26.pdf","https://scholar.google.com/scholar?q=related:yD3IYFIZhSAJ:scholar.google.com/&scioq=%22waist+circumference%22+nigeria&hl=en&as_sdt=0,5&as_ylo=2019&as_yhi=2019&as_vis=1"
13,"Z Aslani, M Qorbani, JR Hébert, N Shivappa…","Association of Dietary Inflammatory Index with anthropometric indices in children and adolescents: The weight disorder survey of the Childhood and Adolescence …",2019,"British Journal of …","cambridge.org","https://www.cambridge.org/core/journals/british-journal-of-nutrition/article/association-of-dietary-inflammatory-index-with-anthropometric-indices-in-children-and-adolescents-the-weight-disorder-survey-of-the-childhood-and-adolescence-surveillance-and-prevention-of-adult-noncommunicable-disease-caspianiv-study/AC7046EA5064223C5445ABBEA99FFE2B","https://scholar.google.com/scholar?cites=2384042642404688694&as_sdt=2005&sciodt=0,5&hl=en",167,"2021-07-17 23:32:21","","","","",,,,,13,6.50,3,5,2,"… Height, weight, wrist circumference, neck circumference (NC), waist circumference (WC) and hip circumference (HC) were measured. BMI z-score, waist circumference:hip circumference ratio (WHR), waist circumference:height ratio (WHtR) and parental BMI were computed …","https://www.cambridge.org/core/services/aop-cambridge-core/content/view/AC7046EA5064223C5445ABBEA99FFE2B/S0007114518003240a.pdf/association-of-dietary-inflammatory-index-with-anthropometric-indices-in-children-and-adolescents-the-weight-disorder-survey-of-the-childhood-and-adolescence-surveillance-and-prevention-of-adult-non-c.pdf","https://scholar.google.com/scholar?q=related:NkPq7SbSFSEJ:scholar.google.com/&scioq=%22waist+circumference%22+nigeria&hl=en&as_sdt=0,5&as_ylo=2019&as_yhi=2019&as_vis=1"
6,"LT Appiah, FS Sarfo, MD Huffman, SB Nguah…","Cardiovascular risk factors among Ghanaian patients with HIV: A cross‐sectional study",2019,"Clinical …","Wiley Online Library","https://onlinelibrary.wiley.com/doi/abs/10.1002/clc.23273","https://scholar.google.com/scholar?cites=11488470484201748949&as_sdt=2005&sciodt=0,5&hl=en",168,"2021-07-17 23:32:21","","10.1002/clc.23273","","",,,,,6,3.00,1,5,2,"… kg/m 2 defined obesity. Abdominal obesity was defined as a waist circumference of ≥ 80 cm in females and ≥ 94 cm in males. Current or past smoking history was ascertained from the patient. Hypertension was defined as …","https://onlinelibrary.wiley.com/doi/pdfdirect/10.1002/clc.23273","https://scholar.google.com/scholar?q=related:1blnbwk_b58J:scholar.google.com/&scioq=%22waist+circumference%22+nigeria&hl=en&as_sdt=0,5&as_ylo=2019&as_yhi=2019&as_vis=1"
1,"DF Essiet, HB Osadolor","Prevalence of pre-diabetes and undiagnosed diabetes mellitus among adults in the Warri Metropolis, Nigeria",2019,"New Zealand Journal of Medical …","search.informit.org","https://search.informit.org/doi/abs/10.3316/INFORMIT.292934645966749","https://scholar.google.com/scholar?cites=2350611870985266549&as_sdt=2005&sciodt=0,5&hl=en",169,"2021-07-17 23:32:21","","10.3316/INFORMIT.292934645966749","","",,,,,1,0.50,1,2,2,"… Gender and age specific prevalence and associated risk factors of type-2 diabetes mellitus in Uyo Metropolis, South Eastern Nigeria … Correlation between body mass index and waist circumference in Nigerian adults: implication as indicators of health status …","https://www.nzimls.org.nz/user/file/4650/Nigeria%20Article.pdf","https://scholar.google.com/scholar?q=related:daXk5goNnyAJ:scholar.google.com/&scioq=%22waist+circumference%22+nigeria&hl=en&as_sdt=0,5&as_ylo=2019&as_yhi=2019&as_vis=1"
2,"TA Olukokun, AO Ayodapo, KF Monsudi","… of nutritional counseling on body mass index of adult hypertensive attending general outpatient clinic, federal medical center, Ido-Ekiti South-Western Nigeria",2019,"International Journal of …","ijncd.org","https://www.ijncd.org/article.asp?issn=2468-8827;year=2019;volume=4;issue=1;spage=15;epage=20;aulast=Olukokun","https://scholar.google.com/scholar?cites=12252704418781570106&as_sdt=2005&sciodt=0,5&hl=en",170,"2021-07-17 23:32:21","HTML","","","",,,,,2,1.00,1,3,2,"… control groups' mean changes (and their 95% confidence intervals, in waist circumference −1.9 cm … pressure, prevalence of hypertension and hypertension related complications in Nigerian Africans: A … of a medical school in Port Harcourt, South-South Nigeria: Implications for …","https://www.ijncd.org/article.asp?issn=2468-8827;year=2019;volume=4;issue=1;spage=15;epage=20;aulast=Olukokun","https://scholar.google.com/scholar?q=related:OqRVU8BZCqoJ:scholar.google.com/&scioq=%22waist+circumference%22+nigeria&hl=en&as_sdt=0,5&as_ylo=2019&as_yhi=2019&as_vis=1"
1,"OV Oyesiji, IO Otemuyiwa, OS Falade…","Changing trend in nutrition and food consumption predisposes school children to overweight and obesity in Ile-Ife, Osun State, Nigeria",2019,"Nutrition and …","journals.sagepub.com","https://journals.sagepub.com/doi/abs/10.1177/0260106018821820","https://scholar.google.com/scholar?cites=7308659334578379618&as_sdt=2005&sciodt=0,5&hl=en",171,"2021-07-17 23:32:21","","10.1177/0260106018821820","","",,,,,1,0.50,0,4,2,"… Download Citation. Download article citation data for: Changing trend in nutrition and food consumption predisposes school children to overweight and obesity in Ile-Ife, Osun State, Nigeria. Oyebola V Oyesiji, Israel O Otemuyiwa, Olumuyiwa S Falade, and Steve RA Adewusi …","","https://scholar.google.com/scholar?q=related:YhvjHfGSbWUJ:scholar.google.com/&scioq=%22waist+circumference%22+nigeria&hl=en&as_sdt=0,5&as_ylo=2019&as_yhi=2019&as_vis=1"
0,"UE Ekrikpo, CN Okuku, SO Ajayi, OE Ayodele…","Urinary Transforming Growth Factor-Beta 1 (uTGF-β1) and Prevalent CKD Risk in HIV-Positive Patients in West Africa",2019,"Kidney international …","Elsevier","https://www.sciencedirect.com/science/article/pii/S2468024919314287","",172,"2021-07-17 23:32:21","HTML","","","",,,,,0,0.00,0,5,2,"… HIV-positive patients without CKD (HIV + CKD − ) and 114 HIV-positive patients with CKD (HIV + CKD + ) seen at the HIV clinic and the renal unit of the University of Uyo Teaching Hospital, Nigeria (Ethical review … Waist circumference (cm), 80.1 ± 9.5, 79.3 ± 9.2, 81.3 ± 9.6, 0.07 …","https://www.sciencedirect.com/science/article/pii/S2468024919314287","https://scholar.google.com/scholar?q=related:XaYctWlo4ioJ:scholar.google.com/&scioq=%22waist+circumference%22+nigeria&hl=en&as_sdt=0,5&as_ylo=2019&as_yhi=2019&as_vis=1"
3,"EN Okafor, MC Ugonabo, EE Chukwukelu…","Prevalence and pattern of thyroid disorders among patients attending University of Nigeria Teaching Hospital, Enugu, Southeastern Nigeria",2019,"Nigerian medical …","ncbi.nlm.nih.gov","https://www.ncbi.nlm.nih.gov/pmc/articles/PMC6688398/","https://scholar.google.com/scholar?cites=8070874155960745697&as_sdt=2005&sciodt=0,5&hl=en",173,"2021-07-17 23:32:21","HTML","","","",,,,,3,1.50,1,4,2,"… Waist circumference was measured with a nonstretchable measuring tape at the level of the umbilicus … characteristics of Graves' disease seen in the current study as well as earlier Nigerian studies, 8 … of the country, the essential point is that TD occur in the Nigeria population and …","https://www.ncbi.nlm.nih.gov/pmc/articles/PMC6688398/","https://scholar.google.com/scholar?q=related:4b7rlEiBAXAJ:scholar.google.com/&scioq=%22waist+circumference%22+nigeria&hl=en&as_sdt=0,5&as_ylo=2019&as_yhi=2019&as_vis=1"
0,"OB Emmanuel, RO Abdussalaam, JE Ali, NN Nigeria","NUTRITION AND HEART DISEASE: A REVIEW",,"ijeast.com","","http://ijeast.com/papers/391-399,Tesma403,IJEAST.pdf","",174,"2021-07-17 23:32:21","PDF","","","",,,,,0,0.00,0,4,,"Heart disease is one of several cardiovascular diseases, which are disorders of the heart and blood vessel system. Heart disease describes a range of conditions that affect the heart. The narrowing or blockage of the blood vessels that supply blood to the heart itself (coronary …","http://ijeast.com/papers/391-399,Tesma403,IJEAST.pdf","https://scholar.google.com/scholar?q=related:-xMBJcntEBQJ:scholar.google.com/&scioq=%22waist+circumference%22+nigeria&hl=en&as_sdt=0,5&as_ylo=2019&as_yhi=2019&as_vis=1"
0,"IH Ibrahim, HK Zaidan, MAA Witwit","Cystatin C in type 2 diabetic patients in Iraq.",2019,"Drug Invention Today","search.ebscohost.com","http://search.ebscohost.com/login.aspx?direct=true&profile=ehost&scope=site&authtype=crawler&jrnl=09757619&AN=140346351&h=QwcedWabVj%2BW1GfNUoXAkzt6pi4uzIsFcyWOsmOveoqel7w%2B6bjUBXudKy7lx64x7CgQVI5Ocy3vn3LdFJZPtw%3D%3D&crl=c","",175,"2021-07-17 23:32:21","","","","",,,,,0,0.00,0,3,2,"… Shah A, Bhandary S, Malik SL, Risal P, Koju R. Waist circumference and waist-hip … that best correlates with fasting blood glucose and BMI in post-pubescent female Nigerians … of plasma as useful predictor of cardiovascular risk among postmenopausal women in Enugu, Nigeria …","","https://scholar.google.com/scholar?q=related:XTQjhfyvS88J:scholar.google.com/&scioq=%22waist+circumference%22+nigeria&hl=en&as_sdt=0,5&as_ylo=2019&as_yhi=2019&as_vis=1"
1,"CO Eze, UA Kalu, GC Isiguzo","Stroke in Young Adults: Experience at Abakaliki South East Nigeria",2019,"World Journal of Neuroscience","scirp.org","https://www.scirp.org/journal/paperinformation.aspx?paperid=95010","https://scholar.google.com/scholar?cites=7317249832475286699&as_sdt=2005&sciodt=0,5&hl=en",176,"2021-07-17 23:32:21","HTML","","","",,,,,1,0.50,0,3,2,"… Obesity is defined as waist circumference of ≥94 cm in males and ≥80 cm in females … [19], Eze, CO and Kalu, UA (2014) The Prognosis of Acute Stroke in a Tertiary Health Centre in South-East Nigeria. Nigerian Journal of Medicine, 23, 306-310 …","https://www.scirp.org/journal/paperinformation.aspx?paperid=95010","https://scholar.google.com/scholar?q=related:q9x5RfQXjGUJ:scholar.google.com/&scioq=%22waist+circumference%22+nigeria&hl=en&as_sdt=0,5&as_ylo=2019&as_yhi=2019&as_vis=1"
1,"A DIMITROVA, IY PANDOURSKA","Sex related differences in chest dimensions in 9 10 years old Bulgarian children",2019,"Anthropological Researches and …","ceeol.com","https://www.ceeol.com/search/article-detail?id=803480","https://scholar.google.com/scholar?cites=18013412428145296750&as_sdt=2005&sciodt=0,5&hl=en",177,"2021-07-17 23:32:21","","","","",,,,,1,0.50,1,2,2,"… females. Considerable distinctions are noted also for waist circumference which values are higher in boys … 2010. Influence of self- reported socio-economic status on lung function of adult Nigerians. Physiotherapy, 96, pp.191-197 …","https://www.journalstudiesanthropology.ro/pdf/art-1567289689-sex-related-differences-in-chest-dimensions-in-9-10-years-old-bulgarian-children.pdf","https://scholar.google.com/scholar?q=related:bgU1DCp__PkJ:scholar.google.com/&scioq=%22waist+circumference%22+nigeria&hl=en&as_sdt=0,5&as_ylo=2019&as_yhi=2019&as_vis=1"
18,"B Atak, G Aktas, TT Duman, E Erkus…","Diabetes control could through platelet-to-lymphocyte ratio in hemograms",2019,"Revista da Associação …","SciELO Brasil","https://www.scielo.br/j/ramb/a/fdBCM53KQBWxBJFCcg3L3NS/?lang=en","https://scholar.google.com/scholar?cites=7307479069689995173&as_sdt=2005&sciodt=0,5&hl=en",178,"2021-07-17 23:32:21","HTML","","","",,,,,18,9.00,4,5,2,"… However, PLR was not correlated with BMI, nor with waist circumference. Figure 1 shows the relationship between HbA1c and PLR … Mean platelet volume and platelet counts in type 2 diabetes: mellitus on treatment and non-diabetic mellitus controls in Lagos, Nigeria …","https://www.scielo.br/j/ramb/a/fdBCM53KQBWxBJFCcg3L3NS/?lang=en","https://scholar.google.com/scholar?q=related:pV95SH9haWUJ:scholar.google.com/&scioq=%22waist+circumference%22+nigeria&hl=en&as_sdt=0,5&as_ylo=2019&as_yhi=2019&as_vis=1"
11,"M Rothman, M Ranneileng, R Nel…","Nutritional status and food intake of women residing in rural and urban areas of Lesotho",2019,"South African Journal of …","journals.co.za","https://journals.co.za/doi/abs/10.1080/16070658.2017.1415783","https://scholar.google.com/scholar?cites=18014034144819779745&as_sdt=2005&sciodt=0,5&hl=en",179,"2021-07-17 23:32:21","","10.1080/16070658.2017.1415783","","",,,,,11,5.50,3,4,2,"… 44.4%, respectively) and waist circumference ≥ 88 cm (62.7 vs. 54.1%, respectively) … Standard methods to determine weight, height and waist circumference were applied by one trained researcher using calibrated equipment …","https://journals.co.za/doi/pdf/10.1080/16070658.2017.1415783","https://scholar.google.com/scholar?q=related:oZi9vZy0_vkJ:scholar.google.com/&scioq=%22waist+circumference%22+nigeria&hl=en&as_sdt=0,5&as_ylo=2019&as_yhi=2019&as_vis=1"
0,"A Mittal, S Kumar, M Arora, RK Mahat, J Batra","Lipid accumulation products: A better marker for prediction of metabolic syndrome",,"pdfs.semanticscholar.org","","https://pdfs.semanticscholar.org/1157/151eb3f5979a86d18798e7317487ad816259.pdf","",180,"2021-07-17 23:32:21","PDF","","","",,,,,0,0.00,0,5,,"… 11 LAP is a simple indicator for metabolic syndrome and can be calculated with the help of triglycerides and waist circumference measurement … Ejike CECC: Lipid accumulation product and waist-to-height ratio are predictors of the metabolic syndrome in a Nigerian male geriatric …","https://pdfs.semanticscholar.org/1157/151eb3f5979a86d18798e7317487ad816259.pdf","https://scholar.google.com/scholar?q=related:SstRcChxiqUJ:scholar.google.com/&scioq=%22waist+circumference%22+nigeria&hl=en&as_sdt=0,5&as_ylo=2019&as_yhi=2019&as_vis=1"
0,"SY Isah, PA Okafor, PO Anaja, MH Yeldu, KM Hamid…","… INDICES OF PATIENTS WITH HYPERTHYROIDISM ATTENDING AMINU KANO TEACHING HOSPITAL, KANO NORTH WESTERN NIGERIA",,"researchgate.net","","https://www.researchgate.net/profile/Zakariya-Abdulganiy/publication/330754435_Anthropemetric_Indices_Of_Patients_With_Hyperthyroidism_Attending_Aminu_Kano_Teaching_Hospital/links/5c52da37458515a4c74c5f82/Anthropemetric-Indices-Of-Patients-With-Hyperthyroidism-Attending-Aminu-Kano-Teaching-Hospital.pdf","",181,"2021-07-17 23:32:21","PDF","","","",,,,,0,0.00,0,6,,"… Profiles in Prediction of Body Mass Index among Hausa Ethnic Group of Nigeria … Waist Circumference, Body Mass Index, and their Association with Cardiometabolic and Global Risk … of Clinical Data and Management Challenges in Patients Seen in a Nigerian Teaching Hospital …","https://www.researchgate.net/profile/Zakariya-Abdulganiy/publication/330754435_Anthropemetric_Indices_Of_Patients_With_Hyperthyroidism_Attending_Aminu_Kano_Teaching_Hospital/links/5c52da37458515a4c74c5f82/Anthropemetric-Indices-Of-Patients-With-Hyperthyroidism-Attending-Aminu-Kano-Teaching-Hospital.pdf","https://scholar.google.com/scholar?q=related:N-yzrFPKoAoJ:scholar.google.com/&scioq=%22waist+circumference%22+nigeria&hl=en&as_sdt=0,5&as_ylo=2019&as_yhi=2019&as_vis=1"
0,"CE Ekpenyong, IU Clement…","Risk Factors for Undiagnosed Hyperuricemia and Gout: Influence of Personal Characteristics, Life Style and Cardio-Metabolic Status: A Cross Sectional Study",2019,"European Journal of …","pdfs.semanticscholar.org","https://pdfs.semanticscholar.org/754a/b1938b0cbfbdca7882beaeccb89a1941bb13.pdf","",182,"2021-07-17 23:32:21","PDF","","","",,,,,0,0.00,0,3,2,"… characteristics, lifestyle and cardio-metabolic status on SUA levels of patients who visited a primary care center in Southern Nigeria … 10.29), abnormal anthropometric profile (OR=1.27,CI 1.094- 1.485) for BMI and OR=1.52,CI 0.874-2.656) for waist circumference) and metabolic …","https://pdfs.semanticscholar.org/754a/b1938b0cbfbdca7882beaeccb89a1941bb13.pdf","https://scholar.google.com/scholar?q=related:AWrLubWfVioJ:scholar.google.com/&scioq=%22waist+circumference%22+nigeria&hl=en&as_sdt=0,5&as_ylo=2019&as_yhi=2019&as_vis=1"
0,"OO Olaitan","Overweight, Obesity and Dyslipidemia-Predictors of Hypertension among Hypertensive Outpatients Visiting Tertiary Hospitals in Nigeria",2019,"J Pharm Drug Res","academia.edu","https://www.academia.edu/download/63507212/research_paper320200602-92877-1izquir.pdf","",183,"2021-07-17 23:32:21","PDF","","","",,,,,0,0.00,0,1,2,"… Though there were studies which measured the waist circumference and waist- hip ratio but BMI is … indicators with blood pressure levels and the risk of hypertension in Nigerian adults … primary co-morbidities in a rural Mission General Hospital in Imo state, south-eastern Nigeria …","https://www.academia.edu/download/63507212/research_paper320200602-92877-1izquir.pdf","https://scholar.google.com/scholar?q=related:5ZeUEfV5XjQJ:scholar.google.com/&scioq=%22waist+circumference%22+nigeria&hl=en&as_sdt=0,5&as_ylo=2019&as_yhi=2019&as_vis=1"
0,"E Odewale, CK Onwuamah, RA Audu","Adiposity and Reproductive Function in Nigerian Men Seeking Fertility Treatment in a Tertiary Healthcare Facility in Lagos, Nigeria",2019,"Nigerian Hospital Practice","researchgate.net","https://www.researchgate.net/profile/Olufemi-Amoo/publication/337673319_Adiposity_and_Reproductive_function/links/5de4cb4ba6fdcc2837fd2705/Adiposity-and-Reproductive-function.pdf","",184,"2021-07-17 23:32:21","PDF","","","",,,,,0,0.00,0,3,2,"… Waist Circumference and Waist-Hip Ratio: Report of a WHO Expert Consultation Geneva, 8–11 December 2008 … Nwajiaku LA, Mbachu II and Ikeako L. Prevalence, Clinical Pattern and Major Causes of Male Infertility in Nnewi, South East Nigeria: A Five Year … Nigerian town …","https://www.researchgate.net/profile/Olufemi-Amoo/publication/337673319_Adiposity_and_Reproductive_function/links/5de4cb4ba6fdcc2837fd2705/Adiposity-and-Reproductive-function.pdf","https://scholar.google.com/scholar?q=related:N_uOHPzf1M4J:scholar.google.com/&scioq=%22waist+circumference%22+nigeria&hl=en&as_sdt=0,5&as_ylo=2019&as_yhi=2019&as_vis=1"
0,"TF Miikue–Yobe, KC Udeagha","Prevalence and Atherogenic Index of Plasma as a Predictor of Cardiometabolic Syndrome amongst Ken Saro-Wiwa Polytechnicstudent.",,"academia.edu","","https://www.academia.edu/download/61536489/E180309212620191216-98758-13pn7bu.pdf","",185,"2021-07-17 23:32:21","PDF","","","",,,,,0,0.00,0,2,,"… There was a significant negative correlation between (AIP) and waist circumference (r=-0.144,p=0.319), age (r=-0.115,p=0.427) and pulse pressure … conducted to assess the relationship between AIP and CVD among of Students in Ken Saro-Wiwa Polytechnic Bori, Nigeria …","https://www.academia.edu/download/61536489/E180309212620191216-98758-13pn7bu.pdf","https://scholar.google.com/scholar?q=related:S4d3HRs-TA0J:scholar.google.com/&scioq=%22waist+circumference%22+nigeria&hl=en&as_sdt=0,5&as_ylo=2019&as_yhi=2019&as_vis=1"
0,"KS Akinlade, ER Ofagbor, SK Rahamon…","Effect of Adiposity and Type of Antipsychotic Medication on Plasma Levels of Resistin and Adiponectin in Patients with Major Mental Illnesses",2019,"African Journal of …","ajol.info","https://www.ajol.info/index.php/ajbr/article/view/202076","",186,"2021-07-17 23:32:21","","","","",,,,,0,0.00,0,4,2,"… of Ibadan 2Department of Psychiatry, University of Ibadan/University College Hospital, Ibadan, Nigeria … which does not appear to be influenced by the waist circumference and type of … SK (2016): Metabolically healthy obesity and metabolic syndrome in Nigerian adults with major …","https://www.ajol.info/index.php/ajbr/article/download/202076/190533","https://scholar.google.com/scholar?q=related:fNqDP6BFGDwJ:scholar.google.com/&scioq=%22waist+circumference%22+nigeria&hl=en&as_sdt=0,5&as_ylo=2019&as_yhi=2019&as_vis=1"
0,"R Divya, V Ashok","A Comparative Study of QTC in Obese, Non-Obese Hypertensive and Obese Normotensive Males",2019,"International Journal of Physiology","ijop.net","http://www.ijop.net/index.php/ijop/article/view/185","",187,"2021-07-17 23:32:21","","","","",,,,,0,0.00,0,2,2,"… Waist circumference and WHR which reflects abdominal obesity have greater association with QTc prolongation … References 1. Olusegun B, George O, Timothy O, Abo O, Ahmed J. Electrocardigrapic correlates of microalbuminuria in adult Nigerians with essential hypertension …","http://www.ijop.net/index.php/ijop/article/download/185/157","https://scholar.google.com/scholar?q=related:6wbVfVtKdaoJ:scholar.google.com/&scioq=%22waist+circumference%22+nigeria&hl=en&as_sdt=0,5&as_ylo=2019&as_yhi=2019&as_vis=1"
2,"R Cherono, IA Ogada, J Kimiywe","Weight Status at Postpartum: Being Normal Weight Yet Centrally Obese!",2019,"Food and Nutrition Sciences","scirp.org","https://www.scirp.org/html/5-2702660_94893.htm?pagespeed=noscript","https://scholar.google.com/scholar?cites=14799368512134472930&as_sdt=2005&sciodt=0,5&hl=en",188,"2021-07-17 23:32:21","HTML","","","",,,,,2,1.00,1,3,2,"… Czlonkowska, A. (2018) Measurement of Nutritional Status Using Body Mass Index, Waist-to-Hip Ratio, and Waist Circumference to Predict … IO, Odeigah, LO and Adesina, SA (2011) The Prevalence of Abdominal Obesity and Hypertension amongst Adults in Ogbomoso, Nigeria …","https://www.scirp.org/html/5-2702660_94893.htm?pagespeed=noscript","https://scholar.google.com/scholar?q=related:4mTgWUDrYc0J:scholar.google.com/&scioq=%22waist+circumference%22+nigeria&hl=en&as_sdt=0,5&as_ylo=2019&as_yhi=2019&as_vis=1"
0,"IC Udenze, IA Taiwo, JB Minari, CE Amadi, IC Udenze…","Correspondence Address",2019,"Markers","researchgate.net","https://www.researchgate.net/profile/Idowu-Taiwo/publication/334352328_Markers_of_insulin_resistance_and_their_performance_in_adult_Nigerians_with_metabolic_syndrome/links/5d857c3492851ceb791fc211/Markers-of-insulin-resistance-and-their-performance-in-adult-Nigerians-with-metabolic-syndrome.pdf","",189,"2021-07-17 23:32:21","PDF","","","",,,,,0,0.00,0,6,2,"… aged between 40 and 80 years who were recruited from an urban population in Lagos, Nigeria … Abdominal obesity was determined by measurement of the waist circumference … for markers of IR in an apparently healthy (with and without MS) adult Nigerian population aged 40 …","https://www.researchgate.net/profile/Idowu-Taiwo/publication/334352328_Markers_of_insulin_resistance_and_their_performance_in_adult_Nigerians_with_metabolic_syndrome/links/5d857c3492851ceb791fc211/Markers-of-insulin-resistance-and-their-performance-in-adult-Nigerians-with-metabolic-syndrome.pdf","https://scholar.google.com/scholar?q=related:LAPwOdVD6M4J:scholar.google.com/&scioq=%22waist+circumference%22+nigeria&hl=en&as_sdt=0,5&as_ylo=2019&as_yhi=2019&as_vis=1"
3,"TC Muluvhu, MA Monyeki, GL Strydom…","Relationship between obesity and blood pressure among employees in the Vhembe district municipality of Limpopo Province, South Africa",2019,"… journal of Africa","journals.co.za","https://journals.co.za/doi/abs/10.5830/CVJA-2019-035","https://scholar.google.com/scholar?cites=9527865382641200140&as_sdt=2005&sciodt=0,5&hl=en",190,"2021-07-17 23:32:21","","10.5830/CVJA-2019-035","","",,,,,3,1.50,1,4,2,"… Body mass index (BMI), blood pressure (BP) and waist circumference (WC) measurements, and waist- to-height ratio (WHtR) were assessed … among healthcare workers in Umuahia, Nigeria.30 The prevalence of hypertension ranged from 27.9 to 78.9% among obese workers …","http://cvja.co.za/onlinejournal/vol30/vol30_issue6/files/assets/common/downloads/publication.pdf#page=53","https://scholar.google.com/scholar?q=related:DOwRsBXHOYQJ:scholar.google.com/&scioq=%22waist+circumference%22+nigeria&hl=en&as_sdt=0,5&as_ylo=2019&as_yhi=2019&as_vis=1"
20,"Y Ren, M Zhang, Y Liu, X Sun, B Wang, Y Zhao…","Association of menopause and type 2 diabetes mellitus",2019,"Menopause","journals.lww.com","https://journals.lww.com/menopausejournal/fulltext/2019/03000/association_of_menopause_and_type_2_diabetes.15.aspx","https://scholar.google.com/scholar?cites=6684174877135631912&as_sdt=2005&sciodt=0,5&hl=en",191,"2021-07-17 23:32:21","","","","",,,,,20,10.00,3,7,2,"Objective: Limited information is available on the direct effect of menopause and risk of type 2 d.","","https://scholar.google.com/scholar?q=related:KHZC8KL1wlwJ:scholar.google.com/&scioq=%22waist+circumference%22+nigeria&hl=en&as_sdt=0,5&as_ylo=2019&as_yhi=2019&as_vis=1"
30,"OO Todowede, SZ Mianda, B Sartorius","Prevalence of metabolic syndrome among HIV-positive and HIV-negative populations in sub-Saharan Africa—a systematic review and meta-analysis",2019,"Systematic reviews","Springer","https://link.springer.com/article/10.1186/s13643-018-0927-y","https://scholar.google.com/scholar?cites=15621466132685540115&as_sdt=2005&sciodt=0,5&hl=en",192,"2021-07-17 23:32:21","HTML","10.1186/s13643-018-0927-y","","",,,,,30,15.00,10,3,2,"Metabolic syndrome (MetS) is a constellation of conditions that increase the risk of cardiovascular diseases. It is an emerging concern in sub-Saharan African (SSA) countries, particularly because of an increasingly aging population and lifestyle changes. There is an increased risk …","https://link.springer.com/article/10.1186/s13643-018-0927-y","https://scholar.google.com/scholar?q=related:E0uEfa6YytgJ:scholar.google.com/&scioq=%22waist+circumference%22+nigeria&hl=en&as_sdt=0,5&as_ylo=2019&as_yhi=2019&as_vis=1"
2,"GR Sanchi, LR Borges","Lifestyle and nutritional status of employees of a chain of banks in Pelotas, Rio Grande do Sul, Brazil",2019,"Revista Brasileira de Medicina do …","ncbi.nlm.nih.gov","https://www.ncbi.nlm.nih.gov/pmc/articles/PMC7138499/","https://scholar.google.com/scholar?cites=12036409064507930983&as_sdt=2005&sciodt=0,5&hl=en",193,"2021-07-17 23:32:21","HTML","","","",,,,,2,1.00,1,2,2,"… Abdominal fat was assessed based on the waist circumference (WC) measured directly on the skin on the narrowest part of the body … Awareness of food nutritive value and eating practices among Nigerian bank workers: Implications for nutritional counseling and education …","https://www.ncbi.nlm.nih.gov/pmc/articles/PMC7138499/","https://scholar.google.com/scholar?q=related:Z3lJxUXqCacJ:scholar.google.com/&scioq=%22waist+circumference%22+nigeria&hl=en&as_sdt=0,5&as_ylo=2019&as_yhi=2019&as_vis=1"
3,"S Susetyowati, E Huriyati, BJI Kandarina…","Prevalence and determinants of high blood glucose in urban and rural Indonesian adult population",2019,"International Journal of …","Springer","https://link.springer.com/article/10.1007/s13410-019-00721-6","https://scholar.google.com/scholar?cites=4011906259914195170&as_sdt=2005&sciodt=0,5&hl=en",194,"2021-07-17 23:32:21","","10.1007/s13410-019-00721-6","","",,,,,3,1.50,1,4,2,"… We collected information on social, food consumption, and physical activity, and measured weight, height, waist circumference, and body fat mass. Results … Waist circumference and visceral fat (%) were associated with high blood glucose. Conclusions …","","https://scholar.google.com/scholar?q=related:4gBaxnwnrTcJ:scholar.google.com/&scioq=%22waist+circumference%22+nigeria&hl=en&as_sdt=0,5&as_ylo=2019&as_yhi=2019&as_vis=1"
0,"CS Oyamienlen, CA Adisa, INS Dozie…","Body Mass Index and Breast Cancer Risks Among Igbo Women in Imo and Abia States, Nigeria: A Case Control Study",2019,"International Journal of …","ijtmrph.org","https://www.ijtmrph.org/index.php/IJTMRPH/article/view/72","",195,"2021-07-17 23:32:21","","","","",,,,,0,0.00,0,4,2,"… the Maranatha Specialist Hospital, and Federal University of Technology, Owerri, Imo State, Nigeria … Body fat distribution and breast cancer risk: Findings from the Nigerian breast Cancer … Aarao M, Pinto N. Relationship between body mass index, waist circumference and waist …","https://www.ijtmrph.org/index.php/IJTMRPH/article/download/72/16","https://scholar.google.com/scholar?q=related:-Fplo__NBaAJ:scholar.google.com/&scioq=%22waist+circumference%22+nigeria&hl=en&as_sdt=0,5&as_ylo=2019&as_yhi=2019&as_vis=1"
0,"KA Oderinu, OA Ajose, L Salawu, MA Komolafe…","Serum cytokines are related to oxidative stress in Nigerian patients with Parkinson's disease",,"216.10.240.19","","http://216.10.240.19/v7-i8/86%20jmscr.pdf","",196,"2021-07-17 23:32:21","PDF","","","",,,,,0,0.00,0,5,,"… Serum cytokines are related to oxidative stress in Nigerian patients with Parkinson's disease … Southwestern Nigeria … Also, there was no statistically significant difference between the mean waist circumference of the patients (82.74 ± 10.49cm) and that of the controls (81.79 ± 1.10 …","http://216.10.240.19/v7-i8/86%20jmscr.pdf","https://scholar.google.com/scholar?q=related:tPgy76zrOJQJ:scholar.google.com/&scioq=%22waist+circumference%22+nigeria&hl=en&as_sdt=0,5&as_ylo=2019&as_yhi=2019&as_vis=1"
2,"AA Akinbodewa, A Ogunleye, OA Adejumo…","Study of association between sickle cell trait and renal dysfunction among young adults in south-West Nigeria",2019,"Nigerian journal of …","njcponline.com","https://www.njcponline.com/article.asp?issn=1119-3077;year=2019;volume=22;issue=2;spage=201;epage=207;aulast=Akinbodewa","https://scholar.google.com/scholar?cites=15703359549498640793&as_sdt=2005&sciodt=0,5&hl=en",197,"2021-07-17 23:32:21","HTML","","","",,,,,2,1.00,1,4,2,"… evenly distributed in accordance with the WHO expert consultation report on waist circumference and waist … Further studies are needed to clarify this controversial topic, especially in Nigeria with a … 1, and MYH9 genetic mapping in association to SCT among Nigerian subjects …","https://www.njcponline.com/article.asp?issn=1119-3077;year=2019;volume=22;issue=2;spage=201;epage=207;aulast=Akinbodewa","https://scholar.google.com/scholar?q=related:mckacE-K7dkJ:scholar.google.com/&scioq=%22waist+circumference%22+nigeria&hl=en&as_sdt=0,5&as_ylo=2019&as_yhi=2019&as_vis=1"
1,"NH Hanboly, Y Sharaf, M Al-Anany…","Serum chemerin as a predictor of left ventricle hypertrophy in patients with coronary artery disease",2019,"Nigerian Journal of …","nigjcardiol.org","https://www.nigjcardiol.org/article.asp?issn=0189-7969;year=2019;volume=16;issue=1;spage=25;epage=31;aulast=Hanboly","https://scholar.google.com/scholar?cites=5282065621504514940&as_sdt=2005&sciodt=0,5&hl=en",198,"2021-07-17 23:32:21","HTML","","","",,,,,1,0.50,0,4,2,"… [24] Anthropometric measurement BMI was calculated according to the following formula: BMI = body weight (kg)/height (m 2 ). Waist circumference (WC) was measured at … Nigerian Journal of Cardiology | Published by Wolters Kluwer - Medknow. Online since 10 Sep, 2013.","https://www.nigjcardiol.org/article.asp?issn=0189-7969;year=2019;volume=16;issue=1;spage=25;epage=31;aulast=Hanboly","https://scholar.google.com/scholar?q=related:fFsUerKqTUkJ:scholar.google.com/&scioq=%22waist+circumference%22+nigeria&hl=en&as_sdt=0,5&as_ylo=2019&as_yhi=2019&as_vis=1"
0,"KA Valérie, G Jean-Brice, KM Ba…","Dietary and Medication Management Followed by Metabolic Disorders at the NIPH of Abidjan",2019,"Journal of Food …","fortuneonline.org","https://fortuneonline.org/articles/dietary-and-medication-management-followed-by-metabolic-disorders-at-the-niph-of-abidjan.html?url=dietary-and-medication-management-followed-by-metabolic-disorders-at-the-niph-of-abidjan","",199,"2021-07-17 23:32:21","HTML","","","",,,,,0,0.00,0,4,2,"… The different anthropometric (BMI, waist circumference), metabolic and biological (blood glucose, blood pressure, total cholesterol, HDL-cholesterol, triglycerides, uric acid, urea and creatinine … Akinkugbe O. Non-communicable disease in Nigeria: final report of National Survey …","https://fortuneonline.org/articles/dietary-and-medication-management-followed-by-metabolic-disorders-at-the-niph-of-abidjan.html?url=dietary-and-medication-management-followed-by-metabolic-disorders-at-the-niph-of-abidjan","https://scholar.google.com/scholar?q=related:G4D_LOs2A0cJ:scholar.google.com/&scioq=%22waist+circumference%22+nigeria&hl=en&as_sdt=0,5&as_ylo=2019&as_yhi=2019&as_vis=1"
3,"PC Nwakile, BS Chori, B Danladi, A Umar…","Removing the mask on hypertension (REMAH) study: Design; quality of blood pressure phenotypes and characteristics of the first 490 participants",2019,"Blood …","Taylor & Francis","https://www.tandfonline.com/doi/abs/10.1080/08037051.2019.1612706","https://scholar.google.com/scholar?cites=12484059399628879947&as_sdt=2005&sciodt=0,5&hl=en",200,"2021-07-17 23:32:21","","10.1080/08037051.2019.1612706","","",,,,,3,1.50,1,5,2,"… The waist circumference should be done preferably after an overnight fast but in the event where … quality characteristics of the conventional BP recorded in the South East Nigeria in REMAH study was also similar to what was earlier reported in the Nigerian Population Research …","https://www.researchgate.net/profile/Kabiru-Sada/publication/332925697_Removing_the_mask_on_hypertension_REMAH_study_Design_quality_of_blood_pressure_phenotypes_and_characteristics_of_the_first_490_participants/links/5f83286b92851c14bcbec27c/Removing-the-mask-on-hypertension-REMAH-study-Design-quality-of-blood-pressure-phenotypes-and-characteristics-of-the-first-490-participants.pdf","https://scholar.google.com/scholar?q=related:S3jBbeFJQK0J:scholar.google.com/&scioq=%22waist+circumference%22+nigeria&hl=en&as_sdt=0,5&as_ylo=2019&as_yhi=2019&as_vis=1"
0,"LE Mubenga, D Chimanuka, P De Groote…","Comparison of prostate size and anthropometric parameters between diabetic and non-diabetic Congolese patients who underwent transurethral prostate …",2019,"African Journal of …","Springer","https://link.springer.com/article/10.1186/s12301-019-0008-z","",201,"2021-07-17 23:32:21","HTML","10.1186/s12301-019-0008-z","","",,,,,0,0.00,0,4,2,"… 0.001, respectively). BMI and waist circumference were statistically greater in non-diabetics than in diabetics (25.1 ± 3.3 kg/m 2 vs 23.6 ± 3.5 kg/m 2 , and p 0.008; 94.6 cm ± 10.3 vs 90.6 ± 10.4 cm, and p 0.018). Diabetic patients …","https://link.springer.com/article/10.1186/s12301-019-0008-z","https://scholar.google.com/scholar?q=related:gP_cVcp6MI4J:scholar.google.com/&scioq=%22waist+circumference%22+nigeria&hl=en&as_sdt=0,5&as_ylo=2019&as_yhi=2019&as_vis=1"
3,"HM Esmaeel, HA Mohammadien, AEM Saleh…","Prepolysomnography evaluation can predict obstructive sleep apnea and is correlated to its severity",2019,"Egyptian Journal of …","Springer","https://link.springer.com/article/10.4103/ejb.ejb_19_19","https://scholar.google.com/scholar?cites=167389976257373400&as_sdt=2005&sciodt=0,5&hl=en",202,"2021-07-17 23:32:21","","10.4103/ejb.ejb_19_19","","",,,,,3,1.50,1,4,2,"… Waist circumference 0.98 (0.94 : 1.03) 0.48 … 19 Adewole OO, Hakeem A, Fola A, Anteyi E, Ajuwon Z, Erhabor G. Obsructive sleep apnea among adults in Nigeria … 21 Olusola AS, Adegboyega O. Risk factors of obstructive sleep apnea among nigerian outpatients …","https://link.springer.com/content/pdf/10.4103/ejb.ejb_19_19.pdf","https://scholar.google.com/scholar?q=related:2CTI6UuwUgIJ:scholar.google.com/&scioq=%22waist+circumference%22+nigeria&hl=en&as_sdt=0,5&as_ylo=2019&as_yhi=2019&as_vis=1"
35,"A Sattarinezhad, J Roozbeh, BS Yeganeh…","Resveratrol reduces albuminuria in diabetic nephropathy: a randomized double-blind placebo-controlled clinical trial",2019,"Diabetes & …","Elsevier","https://www.sciencedirect.com/science/article/pii/S1262363618301149","https://scholar.google.com/scholar?cites=9780542140151395484&as_sdt=2005&sciodt=0,5&hl=en",203,"2021-07-17 23:32:21","","","","",,,,,35,17.50,9,4,2,"… Regression analysis revealed that every 1-cm decrease in waist circumference and 1-μmol/L increase in nitric oxide (NO) was associated with 9.4 mg/g and 4.0 mg/g reductions, respectively, of urine albumin/creatinine ratio … Waist circumference (cm), 100.6 ± 9.3, 99.7 ± 10.9 …","","https://scholar.google.com/scholar?q=related:nHR2xkF3u4cJ:scholar.google.com/&scioq=%22waist+circumference%22+nigeria&hl=en&as_sdt=0,5&as_ylo=2019&as_yhi=2019&as_vis=1"
0,"EM Umuerri","Ethnicity and Cut-Off Values in Obesity",2019,"Nutrition in the Prevention and Treatment of Abdominal …","Elsevier","https://www.sciencedirect.com/science/article/pii/B9780128160930000173","",204,"2021-07-17 23:32:21","","","","",,,,,0,0.00,0,1,2,"… Waist Circumference … 79 Another recently conducted cross-sectional study examined WC cut-off values that predict obesity using ROC analysis in apparently healthy adult Nigerians recruited from the six geopolitical zones in Nigeria …","",""
0,"OS Adediran, I Ogunlade, TH Raimi, AK Jimoh…","A Study of Blood Glucose Response Following Ingestion of Ripe Banana in Healthy and Diabetic Nigerian Adults",2019,"","phytopharmajournal.com","http://www.phytopharmajournal.com/Vol8_Issue6_03.pdf","",205,"2021-07-17 23:32:21","PDF","","","",,,,,0,0.00,0,5,2,"… older than the diabetics subjects; although the diabetics had a higher BMI and Waist Circumference (WC), it was … Previous works in Nigeria by Oli et al., [24] and Ohwovoriole et al., [25] also … High glycaemic index found by us and some Nigerian authors for banana may be due …","http://www.phytopharmajournal.com/Vol8_Issue6_03.pdf","https://scholar.google.com/scholar?q=related:fQIQ9ZKG70IJ:scholar.google.com/&scioq=%22waist+circumference%22+nigeria&hl=en&as_sdt=0,5&as_ylo=2019&as_yhi=2019&as_vis=1"
0,"KB Umar, B Danborno","Sex Variation in Digit Length and Hand Grip Strength among Selected Secondary School Students in Kano, Nigeria",,"fud.edu.ng","","https://fud.edu.ng/journals/dujopas/2019_JUNE_Vol_5_No_1b/22%20-%2029%2022%20edited-1.pdf","",206,"2021-07-17 23:32:21","PDF","","","",,,,,0,0.00,0,2,,"… present study agrees with the study of Danborno et al., (2008) on Nigerian population … across all the three different age spectra among Hausa population of Kano state Nigeria … Sexual Dimorphism and Relationship between chest, hip and waist circumference with 2D, 4D and 2D …","https://fud.edu.ng/journals/dujopas/2019_JUNE_Vol_5_No_1b/22%20-%2029%2022%20edited-1.pdf","https://scholar.google.com/scholar?q=related:ncBCSO6nbAMJ:scholar.google.com/&scioq=%22waist+circumference%22+nigeria&hl=en&as_sdt=0,5&as_ylo=2019&as_yhi=2019&as_vis=1"
0,"HM Ali, NA Alaagib…","Correlation of plasma uric acid with blood pressure and dyslipidaemia in young Sudanese adults in Khartoum, Sudan",2019,"Khartoum Medical …","onlinejournals.uofk.edu","https://onlinejournals.uofk.edu/index.php/kmj/article/view/2574","",207,"2021-07-17 23:32:21","HTML","","","",,,,,0,0.00,0,3,2,"Khartoum Medical Journal. Editor-in-Chief. Professor Mohamed Ahmed Hassan Abdel Galil. Editorial Board. Professor Abdel Aziz El Amin Professor Ahmed Hassan Fahal Professor Ahmed Mohamed El Hassan Professor Ali Mohamed …","https://onlinejournals.uofk.edu/index.php/kmj/article/view/2574","https://scholar.google.com/scholar?q=related:AazL1_74X5IJ:scholar.google.com/&scioq=%22waist+circumference%22+nigeria&hl=en&as_sdt=0,5&as_ylo=2019&as_yhi=2019&as_vis=1"
0,"NN Simelane, PP Pallangyo, EV Komba, F Mugusi","Prevalence Of Fatty Liver Disease And Associated Factors Among Outpatients At Muhas Academic Medical Centre, tanzania",2019,"","researchsquare.com","https://www.researchsquare.com/article/rs-9088/latest.pdf","",208,"2021-07-17 23:32:21","PDF","","","",,,,,0,0.00,0,4,2,"… disease In a logistic regression model of 19 potential associated factors for FLD, 10 factors including Male gender, age ≥45 years, BMI>25, waist circumference >94M/80F, history of medication use, DM, high … For instance, a Nigerian study by Asabamaka …","https://www.researchsquare.com/article/rs-9088/latest.pdf","https://scholar.google.com/scholar?q=related:Mim3dTU27zQJ:scholar.google.com/&scioq=%22waist+circumference%22+nigeria&hl=en&as_sdt=0,5&as_ylo=2019&as_yhi=2019&as_vis=1"
7,"J Jumare, SS El-Kamary, L Magder…","Body Mass Index and Cognitive Function among HIV-1 Infected Individuals in China, India and Nigeria.",2019,"Journal of acquired …","ncbi.nlm.nih.gov","https://www.ncbi.nlm.nih.gov/pmc/articles/pmc6331248/","https://scholar.google.com/scholar?cites=15829288894295210397&as_sdt=2005&sciodt=0,5&hl=en",209,"2021-07-17 23:32:21","HTML","","","",,,,,7,3.50,2,4,2,"… An even stronger association was found in that study for waist circumference, a better indicator of visceral adiposity, though among a much … Another limitation is the recruitment of only English-speaking participants in the Nigeria study and individuals with significant history of …","https://www.ncbi.nlm.nih.gov/pmc/articles/pmc6331248/","https://scholar.google.com/scholar?q=related:nXmA12HurNsJ:scholar.google.com/&scioq=%22waist+circumference%22+nigeria&hl=en&as_sdt=0,5&as_ylo=2019&as_yhi=2019&as_vis=1"
6,"B Liu, B Liu, G Wu, F Yin","Relationship between body-roundness index and metabolic syndrome in type 2 diabetes",2019,"Diabetes, metabolic syndrome and …","ncbi.nlm.nih.gov","https://www.ncbi.nlm.nih.gov/pmc/articles/pmc6590402/","https://scholar.google.com/scholar?cites=16213895813080818877&as_sdt=2005&sciodt=0,5&hl=en",210,"2021-07-17 23:32:21","HTML","","","",,,,,6,3.00,2,4,2,"… The prevalence of metabolic syndrome in persons with type 2 diabetes at the Lagos university tteaching hospital, Lagos, Nigeria … H. Feasibility of body roundness index for identifying a clustering of cardiometabolic abnormalities compared to BMI, waist circumference and other …","https://www.ncbi.nlm.nih.gov/pmc/articles/pmc6590402/","https://scholar.google.com/scholar?q=related:vSTgS1ZUA-EJ:scholar.google.com/&scioq=%22waist+circumference%22+nigeria&hl=en&as_sdt=0,5&as_ylo=2019&as_yhi=2019&as_vis=1"
0,"NM Oly-Alawuba, O Charles","Food Consumption Pattern, Anthropometric Indices and Health Status of Adult Women Aged 30-60 Years in Amucha Autonomous Community, Njaba LGA, Imo …",,"davidpublisher.com","","https://davidpublisher.com/Public/uploads/Contribute/5e041f4305ce5.pdf","",211,"2021-07-17 23:32:21","PDF","","","",,,,,0,0.00,0,2,,"… The WHR was then in cm calculated by dividing the waist circumference, by the hip circumference … and Federal Medical Center (FMC) Umuahia, Abia State.” Journal of Dietitians Association of Nigeria 3: 21 … “Prevalence of Overweight and Obesity in Adult Nigerians—A Systematic …","https://davidpublisher.com/Public/uploads/Contribute/5e041f4305ce5.pdf","https://scholar.google.com/scholar?q=related:0tnfglFQovIJ:scholar.google.com/&scioq=%22waist+circumference%22+nigeria&hl=en&as_sdt=0,5&as_ylo=2019&as_yhi=2019&as_vis=1"
1,"J Fabian, R Kalyesubula, LA Tomlinson…","SUN-192 EPIDEMIOLOGY OF CHRONIC KIDNEY DISEASE IN EAST AND SOUTHERN SUB-SAHARAN AFRICA-A MULTI-CENTER STUDY FROM UGANDA …",2019,"Kidney International …","kireports.org","https://www.kireports.org/article/S2468-0249(19)30791-0/pdf","https://scholar.google.com/scholar?cites=11237355037283329165&as_sdt=2005&sciodt=0,5&hl=en",212,"2021-07-17 23:32:21","PDF","","","",,,,,1,0.50,0,4,2,"… sociodemographic and phenotypic risk using assets-based household scores, CKD risk questionnaires, height, weight, BMI, hip/waist circumference, blood glucose … J2, Graham, P3, Duarte, R3, Naicker, S3 1Aminu Kano Teaching Hospital, Medicine, Kano, Nigeria, 2University of …","https://www.kireports.org/article/S2468-0249(19)30791-0/pdf","https://scholar.google.com/scholar?q=related:jSQ4TN4a85sJ:scholar.google.com/&scioq=%22waist+circumference%22+nigeria&hl=en&as_sdt=0,5&as_ylo=2019&as_yhi=2019&as_vis=1"
0,"EM Joseph-Shehu","A Brief Review on Health Implication of Skipping Breakfast with Emphasis on Weight Gain in Adults",,"Early Hum Dev","researchgate.net","https://www.researchgate.net/profile/Elizabeth-Joseph-Shehu/publication/333402772_A_Brief_Review_on_Health_Implication_of_Skipping_Breakfast_with_Emphasis_on_Weight_Gain_in_Adults/links/5cebf2b592851c1ad4970aa1/A-Brief-Review-on-Health-Implication-of-Skipping-Breakfast-with-Emphasis-on-Weight-Gain-in-Adults.pdf","",213,"2021-07-17 23:32:21","PDF","","","",,,,,0,0.00,0,1,,"… Nigeria, Nigeria *Corresponding author: Joseph-Shehu EM, Department of Nursing Science, National Open University of Nigeria, Nigeria Submission: June … a high glycaemic index [6]. A study reported lower mean values for total cholesterol, waist circumference, blood pressure …","https://www.researchgate.net/profile/Elizabeth-Joseph-Shehu/publication/333402772_A_Brief_Review_on_Health_Implication_of_Skipping_Breakfast_with_Emphasis_on_Weight_Gain_in_Adults/links/5cebf2b592851c1ad4970aa1/A-Brief-Review-on-Health-Implication-of-Skipping-Breakfast-with-Emphasis-on-Weight-Gain-in-Adults.pdf","https://scholar.google.com/scholar?q=related:amVm6GQnNnEJ:scholar.google.com/&scioq=%22waist+circumference%22+nigeria&hl=en&as_sdt=0,5&as_ylo=2019&as_yhi=2019&as_vis=1"
2,"KS Devi, M Dhall, S Kapoor","Adiposity markers and its association with age at menarche: A comparative study among rural and urban Meitei females of Manipur, North-East India",2019,"… & Metabolic Syndrome: Clinical Research & …","Elsevier","https://www.sciencedirect.com/science/article/pii/S1871402118304685","https://scholar.google.com/scholar?cites=17729033366294492105&as_sdt=2005&sciodt=0,5&hl=en",214,"2021-07-17 23:32:21","","","","",,,,,2,1.00,1,3,2,"… Odds of having early menarche were found to be highest among those with risk category of waist hip ratio, waist height ratio and waist circumference in both rural and urban females. Conclusion … Minimum waist circumference(cm), 74.5 ± 8.90, 73.0 ± 8.75, 1.67 …","","https://scholar.google.com/scholar?q=related:yfMHCeotCvYJ:scholar.google.com/&scioq=%22waist+circumference%22+nigeria&hl=en&as_sdt=0,5&as_ylo=2019&as_yhi=2019&as_vis=1"
28,"DT Dibaba, K Ogunsina, D Braithwaite…","Metabolic syndrome and risk of breast cancer mortality by menopause, obesity, and subtype",2019,"Breast cancer research …","Springer","https://link.springer.com/article/10.1007/s10549-018-5056-8","https://scholar.google.com/scholar?cites=2940340164183112198&as_sdt=2005&sciodt=0,5&hl=en",215,"2021-07-17 23:32:21","","10.1007/s10549-018-5056-8","","",,,,,28,14.00,7,4,2,"… Of the individual MetS components, high waist circumference (HR 1.32, 95% CI 1.03, 1.70), high cholesterol (HR 1.24, 95% CI 1.05, 1.46), and hypertension (HR 1.24, 95% CI 1.05, 1.46) were independently associated with increased risk of breast cancer mortality. Conclusions …","https://www.ncbi.nlm.nih.gov/pmc/articles/pmc6461393/","https://scholar.google.com/scholar?q=related:Brry_MwvzigJ:scholar.google.com/&scioq=%22waist+circumference%22+nigeria&hl=en&as_sdt=0,5&as_ylo=2019&as_yhi=2019&as_vis=1"
0,"MNA Abd-Elrahman, AA Fouad…","The relationship between the level of serum-free testosterone and depression in obese adolescent men in Sharkia Governorate",2019,"The Egyptian Journal of …","ejim.springeropen.com","https://ejim.springeropen.com/articles/10.4103/ejim.ejim_63_18","",216,"2021-07-17 23:32:21","HTML","10.4103/ejim.ejim_63_18","","",,,,,0,0.00,0,3,2,"Obesity among children and adolescents is considered as one of the most serious public health concerns; low levels of testosterone have been associated with higher levels of morbidity and may have been associated with depression. To assess the relationship between the level …","https://ejim.springeropen.com/articles/10.4103/ejim.ejim_63_18","https://scholar.google.com/scholar?q=related:BAbSFFd97jwJ:scholar.google.com/&scioq=%22waist+circumference%22+nigeria&hl=en&as_sdt=0,5&as_ylo=2019&as_yhi=2019&as_vis=1"
1,"F Montazerifar, M Karajibani, M Abbasi…","Prevalence of Obesity and Hypertension and Related Factors among Bank Employees in Zahedan, 2017",2019,"International Journal of …","ijer.skums.ac.ir","http://ijer.skums.ac.ir/article_36867_0789344de7bdbf5035157294e4fcefe5.pdf","https://scholar.google.com/scholar?cites=8529560957087886537&as_sdt=2005&sciodt=0,5&hl=en",217,"2021-07-17 23:32:21","PDF","","","",,,,,1,0.50,0,4,2,"… Knowledge and prevalence of risk factors for arterial hypertension and blood pressure pattern among bankers and traffic wardens in Ilorin, Nigeria. Afr Health Sci … 7. Waist circumference and waist–hip ratio … Nigerian Journal of Medical Rehabilitation. 2010;15(1-2):44-50 …","http://ijer.skums.ac.ir/article_36867_0789344de7bdbf5035157294e4fcefe5.pdf","https://scholar.google.com/scholar?q=related:yaxDuX8WX3YJ:scholar.google.com/&scioq=%22waist+circumference%22+nigeria&hl=en&as_sdt=0,5&as_ylo=2019&as_yhi=2019&as_vis=1"
1,"CBN Akpata, PO Uadia, FE Okonofua","Insulin resistance and its associated risk factors in Nigerian women with polycystic ovary syndrome",2019,"Open Journal of Obstetrics and …","scirp.org","https://www.scirp.org/html/11-1431869_91193.htm","https://scholar.google.com/scholar?cites=4205367315483299868&as_sdt=2005&sciodt=0,5&hl=en",218,"2021-07-17 23:32:21","HTML","","","",,,,,1,0.50,0,3,2,"… factors associated with IR in PCOS women to include age, BMI, waist circumference (WC), waist … Considering that the prevalence rate of PCOS among Nigerian women is as high as … the Women's Health and Action Research Centre (WHARC) in Benin City, Nigeria between April …","https://www.scirp.org/html/11-1431869_91193.htm","https://scholar.google.com/scholar?q=related:HJBr3Up3XDoJ:scholar.google.com/&scioq=%22waist+circumference%22+nigeria&hl=en&as_sdt=0,5&as_ylo=2019&as_yhi=2019&as_vis=1"
0,"NU Nqebelele, C Dickens, T Dix-Peek…","SUN-195 URINARY UROMODULIN LEVELS AND UROMODULIN GENE IN BLACK SOUTH AFRICANS WITH HYPERTENSION-ATTRIBUTED CHRONIC …",2019,"Kidney International …","kireports.org","https://www.kireports.org/article/S2468-0249(19)30794-6/pdf","",219,"2021-07-17 23:32:21","PDF","","","",,,,,0,0.00,0,4,2,"… of APOL1 and transforming growth factor-b1 (TGF-b1), an important renal pro-fibrotic cytokine, with CKD occurrence in extreme southern Nigeria … Group C) and 112 adults from the normal population (Group D). Phenotypic data (age, gender, BMI, waist circumference, CD4 count …","https://www.kireports.org/article/S2468-0249(19)30794-6/pdf",""
0,"E Afaq, SH ul Hassan, MR Khan, DA Zaidi…","Correlation of hand dynamometry with BMI and WHR in medical students",2019,"Pakistan Journal of …","pjp.pps.org.pk","http://pjp.pps.org.pk/index.php/PJP/article/view/560","",220,"2021-07-17 23:32:21","","","","",,,,,0,0.00,0,5,2,"… 7. Hammed AI, Agbonlahor EI. Relationship between anthropometrics and handgrip strength among Nigerian school children … 19. WHO. Waist circumference and waist-hip ratio: report of a WHO expert consultation, Geneva, 8−11 December 2008. 2011 …","https://pjp.pps.org.pk/index.php/PJP/article/view/560/567","https://scholar.google.com/scholar?q=related:wDl55d0Y7XQJ:scholar.google.com/&scioq=%22waist+circumference%22+nigeria&hl=en&as_sdt=0,5&as_ylo=2019&as_yhi=2019&as_vis=1"
5,"SA Lule, B Namara, H Akurut, L Lubyayi…","Blood pressure risk factors in early adolescents: results from a Ugandan birth cohort",2019,"Journal of human …","nature.com","https://www.nature.com/articles/s41371-019-0178-y","https://scholar.google.com/scholar?cites=8946198921846319716&as_sdt=2005&sciodt=0,5&hl=en",221,"2021-07-17 23:32:21","HTML","","","",,,,,5,2.50,1,5,2,"… Factors measured at time of BP measurement positively associated with systolic BP were age, BMI, waist circumference and Trichuris trichiura (whipworm) infection; higher vegetable consumption was associated with lower systolic BP …","https://www.nature.com/articles/s41371-019-0178-y","https://scholar.google.com/scholar?q=related:ZOqhOoVIJ3wJ:scholar.google.com/&scioq=%22waist+circumference%22+nigeria&hl=en&as_sdt=0,5&as_ylo=2019&as_yhi=2019&as_vis=1"
29,"D Kibirige, W Lumu, AG Jones…","Understanding the manifestation of diabetes in sub Saharan Africa to inform therapeutic approaches and preventive strategies: a narrative review",2019,"Clinical …","clindiabetesendo.biomedcentral …","https://clindiabetesendo.biomedcentral.com/articles/10.1186/s40842-019-0077-8","https://scholar.google.com/scholar?cites=1090803289066828107&as_sdt=2005&sciodt=0,5&hl=en",222,"2021-07-17 23:32:21","HTML","10.1186/s40842-019-0077-8","","",,,,,29,14.50,7,4,2,"Globally, the burden of diabetes mellitus has increased to epidemic proportions. Estimates from the International Diabetes Federation predict that the greatest future increase in the prevalence of diabetes mellitus will occur in Africa. This article reviews literature on the manifestation …","https://clindiabetesendo.biomedcentral.com/articles/10.1186/s40842-019-0077-8","https://scholar.google.com/scholar?q=related:S_Gn5M9PIw8J:scholar.google.com/&scioq=%22waist+circumference%22+nigeria&hl=en&as_sdt=0,5&as_ylo=2019&as_yhi=2019&as_vis=1"
0,"S Oh","SUN-196 BARIATRIC SURGERY REUDCES ELEVATED URINARY MITOCHONDRIAL DNA COPY NUMBER IN OBESE PATIENTS",2019,"Kidney International Reports","kireports.org","https://www.kireports.org/article/S2468-0249(19)30795-8/pdf","",223,"2021-07-17 23:32:21","PDF","","","",,,,,0,0.00,0,1,2,"… of APOL1 and transforming growth factor-b1 (TGF-b1), an important renal pro-fibrotic cytokine, with CKD occurrence in extreme southern Nigeria … Group C) and 112 adults from the normal population (Group D). Phenotypic data (age, gender, BMI, waist circumference, CD4 count …","https://www.kireports.org/article/S2468-0249(19)30795-8/pdf",""
3,"N Çöl, A Kilinc, B Demircioğlu-Kılıç…","Predictive value of the “Blood Pressure To Height Ratio” in diagnosis of prehypertension and hypertension during childhood in Southeastern Turkey",2019,"Clinical and …","Taylor & Francis","https://www.tandfonline.com/doi/abs/10.1080/10641963.2018.1433198","https://scholar.google.com/scholar?cites=17337157612135562119&as_sdt=2005&sciodt=0,5&hl=en",224,"2021-07-17 23:32:21","","10.1080/10641963.2018.1433198","","",,,,,3,1.50,1,4,2,"… Table 4. The assessment of blood pressure, body mass index, waist circumference, total body … in Chinese adolescents (4). Interestingly, similarly, with Chinese children and Nigerian adolescents, our … reported from Nigeria that sensitivities/specificities both SBPHR and DBPHR …","","https://scholar.google.com/scholar?q=related:h7tM9v30mfAJ:scholar.google.com/&scioq=%22waist+circumference%22+nigeria&hl=en&as_sdt=0,5&as_ylo=2019&as_yhi=2019&as_vis=1"
0,"IC Anioke, CA Okafor, IN Okonkwo, PN Kalu…","Metabolic health status and cardiovascular risk of different ABO blood group phenotypes",2019,"Int J Med …","jag.journalagent.com","https://jag.journalagent.com/z4/download_fulltext.asp?pdir=ijmb&plng=eng&un=IJMB-54154","",225,"2021-07-17 23:32:21","PDF","","","",,,,,0,0.00,0,5,2,"… 60) between the ages of 18 and 70 years, were recruited for a cross-sectional study in the city of Enugu, in southeastern Nigeria … on harmo- nizing a diagnosis of MetSyn, which requires the presence of 3 of 5 components for diagnosis: 1. Excessive waist circumference (WC) of …","https://jag.journalagent.com/z4/download_fulltext.asp?pdir=ijmb&plng=eng&un=IJMB-54154","https://scholar.google.com/scholar?q=related:2cinfLuihXsJ:scholar.google.com/&scioq=%22waist+circumference%22+nigeria&hl=en&as_sdt=0,5&as_ylo=2019&as_yhi=2019&as_vis=1"
0,"BJ Kamal","Hyperlipidaemia in Hypertensive Patients in Kirkuk City",2019,"Indian Journal of Public Health","researchgate.net","https://www.researchgate.net/profile/Bilal-Kamal/publication/336065650_Hyperlipidaemia_in_Hypertensive_Patients_in_Kirkuk_City/links/5f4a0280458515a88b83b626/Hyperlipidaemia-in-Hypertensive-Patients-in-Kirkuk-City.pdf","",226,"2021-07-17 23:32:21","PDF","","","",,,,,0,0.00,0,1,2,"… Abbreviations: SD, standard deviation;BMI, body mass index; WC, waist circumference.SBP, systolic blood pressure … Other studies conducted in India and Nigeria had found the relationship of high LDL, TG, TC and BMI in hypertensive patients and low HDL with high BMI and …","https://www.researchgate.net/profile/Bilal-Kamal/publication/336065650_Hyperlipidaemia_in_Hypertensive_Patients_in_Kirkuk_City/links/5f4a0280458515a88b83b626/Hyperlipidaemia-in-Hypertensive-Patients-in-Kirkuk-City.pdf","https://scholar.google.com/scholar?q=related:wYGv16wzSTgJ:scholar.google.com/&scioq=%22waist+circumference%22+nigeria&hl=en&as_sdt=0,5&as_ylo=2019&as_yhi=2019&as_vis=1"
0,"A Otovwe, OB Rume Oghenenioborue…","Effect of Bicycle Riding on the Blood Pressure and Body Mass Index of a Rural Community in North Central Nigeria",,"Open J Public Health …","researchgate.net","https://www.researchgate.net/profile/Otovwe-Agofure-2/publication/335928008_Effect_of_Bicycle_Riding_on_the_Blood_Pressure_and_Body_Mass_Index_of_a_Rural_Community_in_North_Central_Nigeria_OPEN_ACCESS/links/5d849236299bf1996f7e7549/Effect-of-Bicycle-Riding-on-the-Blood-Pressure-and-Body-Mass-Index-of-a-Rural-Community-in-North-Central-Nigeria-OPEN-ACCESS.pdf","",227,"2021-07-17 23:32:21","PDF","","","",,,,,0,0.00,0,3,,"… a study in Canada among adults aged 20 to 59 years showed that five health-related risk factors (Large waist circumference, High Blood … compared with those participants with fair rating or those that needs improvement in physical activity [5]. Similar studies in Nigeria and South …","https://www.researchgate.net/profile/Otovwe-Agofure-2/publication/335928008_Effect_of_Bicycle_Riding_on_the_Blood_Pressure_and_Body_Mass_Index_of_a_Rural_Community_in_North_Central_Nigeria_OPEN_ACCESS/links/5d849236299bf1996f7e7549/Effect-of-Bicycle-Riding-on-the-Blood-Pressure-and-Body-Mass-Index-of-a-Rural-Community-in-North-Central-Nigeria-OPEN-ACCESS.pdf","https://scholar.google.com/scholar?q=related:gumt_JbhFX0J:scholar.google.com/&scioq=%22waist+circumference%22+nigeria&hl=en&as_sdt=0,5&as_ylo=2019&as_yhi=2019&as_vis=1"
0,"TO Oladele","… non-communicable diseases amongst the mentally ill patients attending psychiatric out-patient clinic at the federal neuropsychiatric hospital Kware Sokoto in Nigeria",2019,"","etd.uwc.ac.za","https://etd.uwc.ac.za/handle/11394/7662","",228,"2021-07-17 23:32:21","","","","",,,,,0,0.00,0,1,2,"… CLINIC AT THE FEDERAL NEUROPSYCHIATRIC HOSPITAL KWARE SOKOTO IN NIGERIA. Tajudeen Olalekan Oladele A mini-thesis submitted in partial fulfilment of the requirements for the degree of … Wt: Weight WC: Waist Circumference SD: Standard Deviation …","https://etd.uwc.ac.za/bitstream/handle/11394/7662/oladele_m_chs_2019.pdf?sequence=1&isAllowed=y","https://scholar.google.com/scholar?q=related:1m6HXjvNb-4J:scholar.google.com/&scioq=%22waist+circumference%22+nigeria&hl=en&as_sdt=0,5&as_ylo=2019&as_yhi=2019&as_vis=1"
3,"P Mathiyalagen, V Govindasamy, A Rajagopal…","Magnitude and determinants of patients at risk of developing obstructive sleep apnea in a non-communicable disease clinic",2019,"Medicina","mdpi.com","https://www.mdpi.com/500230","https://scholar.google.com/scholar?cites=2954442393401532716&as_sdt=2005&sciodt=0,5&hl=en",229,"2021-07-17 23:32:21","","","","",,,,,3,1.50,1,4,2,"… sampling. Respondents' socio-demographic and morbidity characteristics, as well as clinical and anthropometric parameters including body weight, height, blood pressure, neck, hip and waist circumference were collected …","https://www.mdpi.com/1010-660X/55/7/391/htm","https://scholar.google.com/scholar?q=related:LKENGLRJACkJ:scholar.google.com/&scioq=%22waist+circumference%22+nigeria&hl=en&as_sdt=0,5&as_ylo=2019&as_yhi=2019&as_vis=1"
1,"OO Sonuga, OO Eluyera, AA Sonuga","Influence of vitamin D status on atherogenic profile of apparently healthy young adults",2019,"","researchgate.net","https://www.researchgate.net/profile/Oyebola-Sonuga/publication/335010424_INFLUENCE_OF_VITAMIN_D_STATUS_ON_ATHEROGENIC_PROFILE_OF_APPARENTLY_HEALTHY_YOUNG_ADULTS/links/5d9b2671299bf1c363fd4cd7/INFLUENCE-OF-VITAMIN-D-STATUS-ON-ATHEROGENIC-PROFILE-OF-APPARENTLY-HEALTHY-YOUNG-ADULTS.pdf","https://scholar.google.com/scholar?cites=7810739482644578299&as_sdt=2005&sciodt=0,5&hl=en",230,"2021-07-17 23:32:21","PDF","","","",,,,,1,0.50,0,3,2,"… It is important to note that all the participants of this study were from South-Western Nigeria and exposed to the same pattern of diet and … Waist circumference was measured in “cm” at the midpoint between the lower margin of the least palpable rib and the top of the iliac crest …","https://www.researchgate.net/profile/Oyebola-Sonuga/publication/335010424_INFLUENCE_OF_VITAMIN_D_STATUS_ON_ATHEROGENIC_PROFILE_OF_APPARENTLY_HEALTHY_YOUNG_ADULTS/links/5d9b2671299bf1c363fd4cd7/INFLUENCE-OF-VITAMIN-D-STATUS-ON-ATHEROGENIC-PROFILE-OF-APPARENTLY-HEALTHY-YOUNG-ADULTS.pdf","https://scholar.google.com/scholar?q=related:-_8lKC1SZWwJ:scholar.google.com/&scioq=%22waist+circumference%22+nigeria&hl=en&as_sdt=0,5&as_ylo=2019&as_yhi=2019&as_vis=1"
10,"MO Owolabi, OM Akpa, F Made…","Data resource profile: cardiovascular H3Africa innovation resource (CHAIR)",2019,"International journal …","academic.oup.com","https://academic.oup.com/ije/article-abstract/48/2/366/5232575","https://scholar.google.com/scholar?cites=5547951189123302118&as_sdt=2005&sciodt=0,5&hl=en",231,"2021-07-17 23:32:21","","","","",,,,,10,5.00,3,4,2,"… Department of Medicine and Center for Genomic and Precision Medicine, University of Ibadan, Ibadan, Nigeria … Center for Genomic and Precision Medicine. Department of Epidemiology and Medical Statistics, College of Medicine, University of Ibadan, Ibadan, Nigeria …","https://www.ncbi.nlm.nih.gov/pmc/articles/pmc6469307/","https://scholar.google.com/scholar?q=related:5oLmUjZI_kwJ:scholar.google.com/&scioq=%22waist+circumference%22+nigeria&hl=en&as_sdt=0,5&as_ylo=2019&as_yhi=2019&as_vis=1"
0,"IN Aprioku, AO Adio, CS Ejimadu…","Anthropometric Parameters Affecting Ocular Axial Length in Niger Delta Region of Nigeria",2019,"… Research: An International …","journalor.com","http://journalor.com/index.php/OR/article/view/30112","",232,"2021-07-17 23:32:21","","","","",,,,,0,0.00,0,4,2,"… children with mean age of 6 years measured height, weight and waist circumference using a … Arowolo D. Ocular axial length and keratometry readings of normal eyes in Southern Nigeria … Amadasun G. Central corneal thickness and axial length in an adult Nigerian population …","https://journalor.com/index.php/OR/article/download/30112/56496","https://scholar.google.com/scholar?q=related:S6QkG1L5628J:scholar.google.com/&scioq=%22waist+circumference%22+nigeria&hl=en&as_sdt=0,5&as_ylo=2019&as_yhi=2019&as_vis=1"
73,"JH Zhou, JJ Cai, ZG She, HL Li","Noninvasive evaluation of nonalcoholic fatty liver disease: Current evidence and practice",2019,"World journal of gastroenterology","ncbi.nlm.nih.gov","https://www.ncbi.nlm.nih.gov/pmc/articles/pmc6429343/","https://scholar.google.com/scholar?cites=13126400902631138473&as_sdt=2005&sciodt=0,5&hl=en",233,"2021-07-17 23:32:21","HTML","","","",,,,,73,36.50,18,4,2,"","https://www.ncbi.nlm.nih.gov/pmc/articles/pmc6429343/","https://scholar.google.com/scholar?q=related:qSSyBBNYKrYJ:scholar.google.com/&scioq=%22waist+circumference%22+nigeria&hl=en&as_sdt=0,5&as_ylo=2019&as_yhi=2019&as_vis=1"
14,"LH Rubin, D Gustafson, KL Hawkins, L Zhang…","Midlife adiposity predicts cognitive decline in the prospective Multicenter AIDS Cohort Study",2019,"Neurology","AAN Enterprises","https://n.neurology.org/content/93/3/e261.abstract","https://scholar.google.com/scholar?cites=14513873520311982130&as_sdt=2005&sciodt=0,5&hl=en",234,"2021-07-17 23:32:21","","","","",,,,,14,7.00,3,5,2,"Skip to main content. Advertisement. Neurology.org; Journals: Neurology; Clinical Practice; Genetics; Neuroimmunology & Neuroinflammation. Specialty Sites: COVID-19; Practice Current; Practice Buzz.","https://www.ncbi.nlm.nih.gov/pmc/articles/PMC6656644/","https://scholar.google.com/scholar?q=related:MtgkpRGja8kJ:scholar.google.com/&scioq=%22waist+circumference%22+nigeria&hl=en&as_sdt=0,5&as_ylo=2019&as_yhi=2019&as_vis=1"
2,"R Kelishadi, Z Hemati, M Khoshhali…","Association between Mean Adequacy Ratio as diet quality index and anthropometric indices in children and adolescents",2019,"… Journal of Nutrition …","content.iospress.com","https://content.iospress.com/articles/mediterranean-journal-of-nutrition-and-metabolism/mnm190320","https://scholar.google.com/scholar?cites=16672307393679693735&as_sdt=2005&sciodt=0,5&hl=en",235,"2021-07-17 23:32:21","","","","",,,,,2,1.00,1,4,2,"… [19]. Knowles K , Paiva L , Sanchez S , Revilla L , Lopez T , Yasuda M , et al. Waist circumference, body mass index, and other measures of adiposity in predicting cardiovascular disease risk factors among Peruvian adults … An assessment of dietary diversity in six Nigerian states …","","https://scholar.google.com/scholar?q=related:p5dlqj3vX-cJ:scholar.google.com/&scioq=%22waist+circumference%22+nigeria&hl=en&as_sdt=0,5&as_ylo=2019&as_yhi=2019&as_vis=1"
8,"IC Eze, FK Bassa, C Essé, S Koné, F Acka…","Epidemiological links between malaria parasitaemia and hypertension: findings from a population-based survey in rural Côte d'Ivoire",2019,"Journal of …","ncbi.nlm.nih.gov","https://www.ncbi.nlm.nih.gov/pmc/articles/PMC6587219/","https://scholar.google.com/scholar?cites=11296981324445497594&as_sdt=2005&sciodt=0,5&hl=en",236,"2021-07-17 23:32:21","HTML","","","",,,,,8,4.00,1,6,2,"… Weight (kg), height (m) and waist circumference (cm) were measured and BMI was calculated as the weight–height-squared ratio (kg/m 2 ). Body temperature was measured using Omron auricular thermometer (Omron Healthcare, Kyoto, Japan) and was classified along the …","https://www.ncbi.nlm.nih.gov/pmc/articles/PMC6587219/","https://scholar.google.com/scholar?q=related:-rjLHanwxpwJ:scholar.google.com/&scioq=%22waist+circumference%22+nigeria&hl=en&as_sdt=0,5&as_ylo=2019&as_yhi=2019&as_vis=1"
17,"Y Salimi, M Taghdir, M Sepandi, AAK Zarchi","The prevalence of overweight and obesity among Iranian military personnel: a systematic review and meta-analysis",2019,"BMC public health","Springer","https://link.springer.com/article/10.1186/s12889-019-6484-z","https://scholar.google.com/scholar?cites=6654245819803225832&as_sdt=2005&sciodt=0,5&hl=en",237,"2021-07-17 23:32:21","HTML","10.1186/s12889-019-6484-z","","",,,,,17,8.50,4,4,2,"… for overweight and obesity [1], we excluded the studies that reported the prevalence of overweight and obesity based on waist circumference or hip … 29%). One study among 30–39 years old Nigerian military population found that 40.4% of personnel were overweight or obese [39 …","https://link.springer.com/article/10.1186/s12889-019-6484-z","https://scholar.google.com/scholar?q=related:6M5_QVGhWFwJ:scholar.google.com/&scioq=%22waist+circumference%22+nigeria&hl=en&as_sdt=0,5&as_ylo=2019&as_yhi=2019&as_vis=1"
56,"E Razmpoosh, A Javadi, HS Ejtahed, P Mirmiran…","The effect of probiotic supplementation on glycemic control and lipid profile in patients with type 2 diabetes: A randomized placebo controlled trial",2019,"Diabetes & Metabolic …","Elsevier","https://www.sciencedirect.com/science/article/pii/S187140211830314X","https://scholar.google.com/scholar?cites=12950358661391630777&as_sdt=2005&sciodt=0,5&hl=en",238,"2021-07-17 23:32:21","","","","",,,,,56,28.00,11,5,2,"… No significant alterations were observed for within and between group comparisons in the levels of insulin, triglycerides, total cholesterol, insulin resistance and anthropometric measurements, including weight, waist circumference and body mass index (all P > 0.05) …","http://file.qums.ac.ir/repository/qcrdu/menu/article/The%20effect%20of%20probiotic%20supplementation%20on%20glycemic%20control%20and%20lipid.pdf","https://scholar.google.com/scholar?q=related:ucEmrpbquLMJ:scholar.google.com/&scioq=%22waist+circumference%22+nigeria&hl=en&as_sdt=0,5&as_ylo=2019&as_yhi=2019&as_vis=1"
52,"LM Goff","Ethnicity and Type 2 diabetes in the UK",2019,"Diabetic Medicine","Wiley Online Library","https://onlinelibrary.wiley.com/doi/abs/10.1111/dme.13895","https://scholar.google.com/scholar?cites=11131206756020826972&as_sdt=2005&sciodt=0,5&hl=en",239,"2021-07-17 23:32:21","","10.1111/dme.13895","","",,,,,52,26.00,52,1,2,"… the African continent form another significant proportion of the UK population; often from Commonwealth countries, such as Nigeria, Ghana and … definitions for obesity, that are derived from populations of white European descent (BMI ≥ 30 kg/m 2 ; waist circumference ≥ 88 cm …","https://kclpure.kcl.ac.uk/portal/files/105285536/Ethnicity_and_Type_2_GOFF_Publishedonline24January2019_GREEN_AAM.pdf","https://scholar.google.com/scholar?q=related:XLMMppH9eZoJ:scholar.google.com/&scioq=%22waist+circumference%22+nigeria&hl=en&as_sdt=0,5&as_ylo=2019&as_yhi=2019&as_vis=1"
0,"P Kanan, N Piaseu, P Malathum…","Predictors of Diabetes Self-Management in Older Adults with Poorly Controlled Type 2 Diabetes Mellitus",2019,"Pacific Rim International …","he02.tci-thaijo.org","https://he02.tci-thaijo.org/index.php/PRIJNR/article/view/158994","",240,"2021-07-17 23:32:21","","","","",,,,,0,0.00,0,4,2,"… 1. Health literacy 4.930 1.443 2.54 3.416 .001 2. Waist circumference -.219 .097 -.169 -2.259 .025 3. Time since diagnosis .325 .152 .159 2.138 .034 … 8. Adejoh SO. Family unit in the context of diabetes management among the Igala, North‐Central, Nigeria. Med Soc Online …","https://he02.tci-thaijo.org/index.php/PRIJNR/article/download/158994/150340","https://scholar.google.com/scholar?q=related:IBu5l5ZvjcwJ:scholar.google.com/&scioq=%22waist+circumference%22+nigeria&hl=en&as_sdt=0,5&as_ylo=2019&as_yhi=2019&as_vis=1"
0,"S Sharma, S Jain, N Bhatia","Blood pressure profile of school going adolescents (13-15 yrs): Relation with anthropometric variables and family history",,"School Health & Wellbeing","expressionsindia.org","https://expressionsindia.org/images/journals/chapters/aug18/10.pdf","",241,"2021-07-17 23:32:21","PDF","","","",,,,,0,0.00,0,3,,"… Objectives: The present study's objective was to screen adolescents for blood pressure and further compare the data on anthropometric variables – weight, height, BMI and waist circumference as well as family history amongst pre-hypertensive, hypertensive, hypotensive and …","https://expressionsindia.org/images/journals/chapters/aug18/10.pdf","https://scholar.google.com/scholar?q=related:hohetlHPUxkJ:scholar.google.com/&scioq=%22waist+circumference%22+nigeria&hl=en&as_sdt=0,5&as_ylo=2019&as_yhi=2019&as_vis=1"
0,"EP Ohwin, EG Abadom","Anthropometric Indicators of Executive Drivers as Physiological Correlates of Visual Capacities",2019,"The Journal of Medical Research","medicinearticle.com","http://www.medicinearticle.com/JMR_20193_04.pdf","",242,"2021-07-17 23:32:21","PDF","","","",,,,,0,0.00,0,2,2,"… Here, most sampled drivers appeared to have increased weight with accompanying BMI and waist circumference … staff drivers of the Delta state university, Abraka, delta State, Nigeria was investigated … of sex hormone levels on tear production in postmenopausal Nigerian wowen …","http://www.medicinearticle.com/JMR_20193_04.pdf","https://scholar.google.com/scholar?q=related:TTTPGxUcMjsJ:scholar.google.com/&scioq=%22waist+circumference%22+nigeria&hl=en&as_sdt=0,5&as_ylo=2019&as_yhi=2019&as_vis=1"
7,"AA Alali, NM Albagshi, SMA Alshaikh…","Primary care physicians' knowledge, attitudes and practices related to metabolic syndrome screening and management in Alahsa, Saudi Arabia",2019,"Diabetes & Metabolic …","Elsevier","https://www.sciencedirect.com/science/article/pii/S1871402119304333","https://scholar.google.com/scholar?cites=10639346666160036699&as_sdt=2005&sciodt=0,5&hl=en",243,"2021-07-17 23:32:21","","","","",,,,,7,3.50,2,4,2,"… Central obesity (defined as waist circumference with ethnicity-specific values) plus any two of the following four factors. ● … Another study published in Nigeria in 2014 that aims to identify physician's knowledge and pattern of treatment of metabolic syndrome …","","https://scholar.google.com/scholar?q=related:W5u0VmyNppMJ:scholar.google.com/&scioq=%22waist+circumference%22+nigeria&hl=en&as_sdt=0,5&as_ylo=2019&as_yhi=2019&as_vis=1"
2,"S Roy, J Ghosh","Comparison of adiposity measures in the identification of adolescents with hypertension",2019,"Sri Lanka J Child Health","pdfs.semanticscholar.org","https://pdfs.semanticscholar.org/86c2/96bace51f55d13ea0da213724dd686d5a2cd.pdf","https://scholar.google.com/scholar?cites=7784626040399909437&as_sdt=2005&sciodt=0,5&hl=en",244,"2021-07-17 23:32:21","PDF","","","",,,,,2,1.00,1,2,2,"… https://doi.org/10.3390/ijerph14090974 7. Chen B, Li H. Waist circumference as an indicator of high blood pressure in preschool obese children … In-school adolescents' weight status and blood pressure profile in South-western Nigeria: urban-rural comparison …","https://pdfs.semanticscholar.org/86c2/96bace51f55d13ea0da213724dd686d5a2cd.pdf","https://scholar.google.com/scholar?q=related:PdJKlyOMCGwJ:scholar.google.com/&scioq=%22waist+circumference%22+nigeria&hl=en&as_sdt=0,5&as_ylo=2019&as_yhi=2019&as_vis=1"
0,"CI Mmaju, PO Okonudo, G Ahaneku…","Comparative Analysis of Clinical History, Sociodemographic, Behavioural Factors and Cardiovascular Risk Factors among Hypertensive in Awka, Nigeria",2019,"Journal of Advances in …","journaljammr.com","http://journaljammr.com/index.php/JAMMR/article/view/30303","",245,"2021-07-17 23:32:21","","","","",,,,,0,0.00,0,4,2,"… 3. Janssen I, Katzmarzyk PT, Ross R. Body mass index, waist circumference, and health risk: Evidence in support of current National Institutes of … Nigerian Africans: A review … Onwuchekwa AC, Chineye S. Clinical profile of hypertension at a University Teaching Hospital in Nigeria …","http://journaljammr.com/index.php/JAMMR/article/download/30303/56859","https://scholar.google.com/scholar?q=related:MZaWqzMCllEJ:scholar.google.com/&scioq=%22waist+circumference%22+nigeria&hl=en&as_sdt=0,5&as_ylo=2019&as_yhi=2019&as_vis=1"
0,"D Adedia, AA Boakye, D Mensah, SY Lokpo, I Afeke…","Comparative assessment of methods for determining adiposity and a model for obesity index",2019,"bioRxiv","biorxiv.org","https://www.biorxiv.org/content/10.1101/710970v1.abstract","",246,"2021-07-17 23:32:21","","10.1101/710970v1.abstract","","",,,,,0,0.00,0,6,2,"… In a study among Australia women they showed that waist circumference and waist-to- 218 hip ratio were better predictors of cardiovascular disease risk than BMI [20] whereas in a Nigerian 219 population study, BMI in addition to both waist circumference and waist-to-hip ratio …","https://www.biorxiv.org/content/biorxiv/early/2019/07/22/710970.full.pdf","https://scholar.google.com/scholar?q=related:e3ptUajGdAgJ:scholar.google.com/&scioq=%22waist+circumference%22+nigeria&hl=en&as_sdt=0,5&as_ylo=2019&as_yhi=2019&as_vis=1"
19,"FS Sarfo, LM Mobula, O Sarfo-Kantanka…","Estimated glomerular filtration rate predicts incident stroke among Ghanaians with diabetes and hypertension",2019,"Journal of the …","Elsevier","https://www.sciencedirect.com/science/article/pii/S0022510X18304702","https://scholar.google.com/scholar?cites=11151948684010543127&as_sdt=2005&sciodt=0,5&hl=en",247,"2021-07-17 23:32:21","HTML","","","",,,,,19,9.50,5,4,2,"JavaScript is disabled on your browser. Please enable JavaScript to use all the features on this page. Skip to main content Skip to article …","https://www.sciencedirect.com/science/article/pii/S0022510X18304702","https://scholar.google.com/scholar?q=related:F1jVFz6uw5oJ:scholar.google.com/&scioq=%22waist+circumference%22+nigeria&hl=en&as_sdt=0,5&as_ylo=2019&as_yhi=2019&as_vis=1"
2,"S SAYIN, R Kutlu, A Koçak","The relationship between atherogenic index of plasma and major risk factors of cardiovascular disease in obese and non-obese individuals",2019,"The European Research Journal","dergipark.org.tr","https://dergipark.org.tr/en/pub/eurj/article/414561","https://scholar.google.com/scholar?cites=9878675037620028923&as_sdt=2005&sciodt=0,5&hl=en",248,"2021-07-17 23:32:21","HTML","","","",,,,,2,1.00,1,3,2,"… risk. Results: There was a statistically significant relationship between obesity, male gender, older age, smoking, insulin resistance, high waist circumference, elevation of the blood pressure, FBG and high CVD risk (p < 0.005) …","https://dergipark.org.tr/en/pub/eurj/article/414561","https://scholar.google.com/scholar?q=related:-0XcdJsaGIkJ:scholar.google.com/&scioq=%22waist+circumference%22+nigeria&hl=en&as_sdt=0,5&as_ylo=2019&as_yhi=2019&as_vis=1"
0,"P Das, AR Bandyopadhyay, JR Ghosh","Association between measures of obesity and hypertension in",2019,"","researchgate.net","https://www.researchgate.net/profile/Priyanka-Das-41/publication/337334932_Association_between_measures_of_obesity_and_hypertension_in_premenopausal_urban_Bengali_women/links/5dd2fc24299bf1b74b4e2221/Association-between-measures-of-obesity-and-hypertension-in-premenopausal-urban-Bengali-women.pdf","",249,"2021-07-17 23:32:21","PDF","","","",,,,,0,0.00,0,3,2,"… Effect of body mass index and waist circumference on blood pressure in adults. WJPPS 7: 237-248. Obesity and Overweight. 2019. Available online … 115-125 122 predictors of risk for hypertension and prehypertension in a population in Nigeria. CVJA 28:92- 99 …","https://www.researchgate.net/profile/Priyanka-Das-41/publication/337334932_Association_between_measures_of_obesity_and_hypertension_in_premenopausal_urban_Bengali_women/links/5dd2fc24299bf1b74b4e2221/Association-between-measures-of-obesity-and-hypertension-in-premenopausal-urban-Bengali-women.pdf","https://scholar.google.com/scholar?q=related:TxIRdS1UmtUJ:scholar.google.com/&scioq=%22waist+circumference%22+nigeria&hl=en&as_sdt=0,5&as_ylo=2019&as_yhi=2019&as_vis=1"
0,"SC Nwokediuko, UC Ijoma, O Obienu…","Defecation frequency and stool form in rural and urban african settings",2019,"Nigerian Journal of …","njghonweb.org","https://www.njghonweb.org/article.asp?issn=2251-0079;year=2019;volume=11;issue=2;spage=56;epage=60;aulast=Nwokediuko","",250,"2021-07-17 23:32:21","HTML","","","",,,,,0,0.00,0,4,2,"… Height, weight, body mass index (BMI), waist circumference, hip circumference, and waist: hip ratio were … Ani OE, Awofeso O. Diarrhea, constipation and intestinal transit in a Northern Nigerian population … Bowel habits of urban and rural populations on the Jos, Plateau, Nigeria …","https://www.njghonweb.org/article.asp?issn=2251-0079;year=2019;volume=11;issue=2;spage=56;epage=60;aulast=Nwokediuko","https://scholar.google.com/scholar?q=related:I-K7Hpc4k0EJ:scholar.google.com/&scioq=%22waist+circumference%22+nigeria&hl=en&as_sdt=0,5&as_ylo=2019&as_yhi=2019&as_vis=1"
10,"Y Zhang, J Hu, Z Li, T Li, M Chen, L Wu…","A novel indicator of lipid accumulation product associated with metabolic syndrome in Chinese children and adolescents",2019,"… syndrome and obesity …","ncbi.nlm.nih.gov","https://www.ncbi.nlm.nih.gov/pmc/articles/PMC6791402/","https://scholar.google.com/scholar?cites=5277976952438224561&as_sdt=2005&sciodt=0,5&hl=en",251,"2021-07-17 23:32:21","HTML","","","",,,,,10,5.00,1,7,2,"… the diagnostic criteria for MS in large-scale epidemiological studies due to the time and economic cost for measuring the required indicators.9 Some studies have shown that obesity is one of the main risk factors for MS and have proposed BMI, waist circumference (WC) and …","https://www.ncbi.nlm.nih.gov/pmc/articles/PMC6791402/","https://scholar.google.com/scholar?q=related:sXbHBhMkP0kJ:scholar.google.com/&scioq=%22waist+circumference%22+nigeria&hl=en&as_sdt=0,5&as_ylo=2019&as_yhi=2019&as_vis=1"
0,"P Nepomuceno, LM Schmidt, MH Glänzel…","Low back pain, anthropometric indexes and range of motion of rural workers",2019,"BrJP","SciELO Brasil","https://www.scielo.br/j/brjp/a/kGQSrnY6NQw7XNLmyvP6m9H/abstract/?lang=en","",252,"2021-07-17 23:32:21","HTML","","","",,,,,0,0.00,0,4,2,"… Waist circumference as a measure for indicating need for weight management. BMJ … Relationship between isometric endurance of back extensor muscles and selected anthropometric indices among some Nigerian undergraduates. J Back Musculoskelet Rehabil …","https://www.scielo.br/j/brjp/a/kGQSrnY6NQw7XNLmyvP6m9H/abstract/?lang=en","https://scholar.google.com/scholar?q=related:g96L73X8nOkJ:scholar.google.com/&scioq=%22waist+circumference%22+nigeria&hl=en&as_sdt=0,5&as_ylo=2019&as_yhi=2019&as_vis=1"
3,"MA Nascimento-Souza…","“A body shape index” and its association with arterial hypertension and diabetes mellitus among Brazilian older adults: National Health Survey (2013)",2019,"Cadernos de saude …","SciELO Public Health","https://www.scielosp.org/article/csp/2019.v35n8/e00175318/","https://scholar.google.com/scholar?cites=12912844449354006747&as_sdt=2005&sciodt=0,5&hl=en",253,"2021-07-17 23:32:21","HTML","","","",,,,,3,1.50,2,2,2,"… The magnitude of obesity and its relationship to blood pressure among the residents of Enugu metropolis in South East Nigeria … In addition, waist circumference (WC) has been used to complement BMI assessment, but this indicator has limitations to adequately estimate body …","https://www.scielosp.org/article/csp/2019.v35n8/e00175318/","https://scholar.google.com/scholar?q=related:28Cei5yjM7MJ:scholar.google.com/&scioq=%22waist+circumference%22+nigeria&hl=en&as_sdt=0,5&as_ylo=2019&as_yhi=2019&as_vis=1"
1,"S Pokhrel","Awareness Regarding Hypertension among Adults in a Community of Bhaktapur, Nepal",2019,"Journal of Institute of Medicine Nepal (JIOM Nepal …","nepmed.nhrc.gov.np","http://nepmed.nhrc.gov.np/index.php/jiomn/article/view/776","https://scholar.google.com/scholar?cites=1958152228137234128&as_sdt=2005&sciodt=0,5&hl=en",254,"2021-07-17 23:32:21","","","","",,,,,1,0.50,1,1,2,"… age and only 34.8% had idea about the risk of HTN with greater waist circumference … responsible for hypertension which is contradictory to the study done in Nigerian where only … Similar finding was mentioned in a study done in Nigeria where 36.1% mentioned asymptomatic …","http://nepmed.nhrc.gov.np/index.php/jiomn/article/download/776/622","https://scholar.google.com/scholar?q=related:0G5CphPBLBsJ:scholar.google.com/&scioq=%22waist+circumference%22+nigeria&hl=en&as_sdt=0,5&as_ylo=2019&as_yhi=2019&as_vis=1"
0,"C Ejike, GN Onyeji, M Odoh, CM Nwali…","Double Jeopardy: Preponderance of Impaired Glucose Homeostasis and Overweight/Obesity Among Adult Females in Ikwo, Ebonyi State",2019,"J Obes Chronic …","jobesitydiseases.com","https://jobesitydiseases.com/jocd/articles/v3n1/jocd-025-chukwunonso-e-c-c-ejike.pdf","",255,"2021-07-17 23:32:21","PDF","","","",,,,,0,0.00,0,5,2,"… in Ndufu-Echara, determined using (A) body mass index (BMI) and (B) waist circumference (WC) and … overweight/obesity were studied in a population of adults in Ikwo LGA, Ebonyi State, Nigeria … disease and BMI-metabolic-risk sub-phenotypes in an adult Nigerian population …","https://jobesitydiseases.com/jocd/articles/v3n1/jocd-025-chukwunonso-e-c-c-ejike.pdf","https://scholar.google.com/scholar?q=related:7bt1edXH1KgJ:scholar.google.com/&scioq=%22waist+circumference%22+nigeria&hl=en&as_sdt=0,5&as_ylo=2019&as_yhi=2019&as_vis=1"
0,"DG Mahdi, MI Maryaam","Menstrual Cycle Rhythm",2019,"","researchgate.net","https://www.researchgate.net/profile/Mahdi-Dissi-Gambo/publication/344571093_MENSTRUAL_CYCLE_RHYTHM_ITS_DISORDERS_AND_DETERMINANTS_AMONG_STUDENTS_OF_BASIC_MEDICAL_SCIENCES'_FACULTY_BAYERO_UNIVERSITY_KANO-NIGERIA/links/5f80b532299bf1b53e1b7145/MENSTRUAL-CYCLE-RHYTHM-ITS-DISORDERS-AND-DETERMINANTS-AMONG-STUDENTS-OF-BASIC-MEDICAL-SCIENCES-FACULTY-BAYERO-UNIVERSITY-KANO-NIGERIA.pdf","",256,"2021-07-17 23:32:21","PDF","","","",,,,,0,0.00,0,2,2,"… Waist circumference (WC) … This may be an indicator of an ongoing improvement in the socio-economic status of Nigerian girls in recent years … in northwest Ethiopia and by Esimai and Omoniyi (2010), among college students in urban area of Ile-Ife, Osun state, Nigeria, where the …","https://www.researchgate.net/profile/Mahdi-Dissi-Gambo/publication/344571093_MENSTRUAL_CYCLE_RHYTHM_ITS_DISORDERS_AND_DETERMINANTS_AMONG_STUDENTS_OF_BASIC_MEDICAL_SCIENCES'_FACULTY_BAYERO_UNIVERSITY_KANO-NIGERIA/links/5f80b532299bf1b53e1b7145/MENSTRUAL-CYCLE-RHYTHM-ITS-DISORDERS-AND-DETERMINANTS-AMONG-STUDENTS-OF-BASIC-MEDICAL-SCIENCES-FACULTY-BAYERO-UNIVERSITY-KANO-NIGERIA.pdf","https://scholar.google.com/scholar?q=related:DiE5AND0HxYJ:scholar.google.com/&scioq=%22waist+circumference%22+nigeria&hl=en&as_sdt=0,5&as_ylo=2019&as_yhi=2019&as_vis=1"
7,"Y Li, Y Liu, J He, P Ma, L Yu, G Sun","The association of wrist circumference with hypertension in northeastern Chinese residents in comparison with other anthropometric obesity indices",2019,"PeerJ","peerj.com","https://peerj.com/articles/7599/","https://scholar.google.com/scholar?cites=10646223387811229180&as_sdt=2005&sciodt=0,5&hl=en",257,"2021-07-17 23:32:21","HTML","","","",,,,,7,3.50,1,6,2,"… WrC and other five generally used obesity indices, including body mass index (BMI), waist circumference (WC), waist-to-hip ratio (WHR), waist-to-height ratio (WHtR) and neck circumference (NC) were measured … body mass index. WC waist circumference. WHR waist-to-hip ratio …","https://peerj.com/articles/7599/","https://scholar.google.com/scholar?q=related:_K3x3cP7vpMJ:scholar.google.com/&scioq=%22waist+circumference%22+nigeria&hl=en&as_sdt=0,5&as_ylo=2019&as_yhi=2019&as_vis=1"
15,"WJT Marbou, V Kuete","Prevalence of metabolic syndrome and its components in Bamboutos Division's adults, west region of Cameroon",2019,"BioMed research international","hindawi.com","https://www.hindawi.com/journals/bmri/2019/9676984/","https://scholar.google.com/scholar?cites=16168303863915632878&as_sdt=2005&sciodt=0,5&hl=en",258,"2021-07-17 23:32:21","HTML","","","",,,,,15,7.50,8,2,2,"… depending on the population and the criteria used in defining it [7]. The prevalence of MetS was found to be 35.1% (ATP III) in northwestern Nigeria, 21.8% (IDF … At the level of iliac crest, precisely at minimal respiration to the nearest 0.1 cm, the waist circumference was measured …","https://www.hindawi.com/journals/bmri/2019/9676984/","https://scholar.google.com/scholar?q=related:7lhEbbNaYeAJ:scholar.google.com/&scioq=%22waist+circumference%22+nigeria&hl=en&as_sdt=0,5&as_ylo=2019&as_yhi=2019&as_vis=1"
2,"F Ahmadi, S Moukhah, R Hosseini…","Ultrasound evaluation of visceral fat thickness for prediction of metabolic syndrome in the first trimester of pregnancy in a sample of non-obese Iranian women",2019,"Oman medical …","ncbi.nlm.nih.gov","https://www.ncbi.nlm.nih.gov/pmc/articles/PMC6642717/","https://scholar.google.com/scholar?cites=15252946164906231715&as_sdt=2005&sciodt=0,5&hl=en",259,"2021-07-17 23:32:21","HTML","","","",,,,,2,1.00,1,4,2,"… BMI: body mass index; WC: waist circumference; BP: blood pressure; TC: total cholesterol; TG: triglyceride; LDL: low-density lipoprotein; HDL: high … The overall prevalence of MS (29.2%) in pregnant Angolan women is similar to that observed in the Nigerian general population …","https://www.ncbi.nlm.nih.gov/pmc/articles/PMC6642717/","https://scholar.google.com/scholar?q=related:o4dkMblZrdMJ:scholar.google.com/&scioq=%22waist+circumference%22+nigeria&hl=en&as_sdt=0,5&as_ylo=2019&as_yhi=2019&as_vis=1"
0,"B Habib, S Ahmed, I Aftab, R Farrukh…","Frequency of Metabolic Syndrome in Patients with Hypertension",2019,"National Editorial …","researchgate.net","https://www.researchgate.net/profile/Hamid-Kalwar/publication/348592553_National_Editorial_Advisory_Board/links/6006b96692851c13fe1f7784/National-Editorial-Advisory-Board.pdf#page=15","",260,"2021-07-17 23:32:21","PDF","","","",,,,,0,0.00,0,5,2,"… A community- based study of hypertension and cardio-metabolic syndrome in semi-urban and rural communities in Nigeria. BMC Health Serv Res 2010; 19.10: 71. doi: 10.1186/1472-6963- 10-71. 17. Nurjono M, Lee J. Waist circumference is a potential indicator of Metabolic …","https://www.researchgate.net/profile/Hamid-Kalwar/publication/348592553_National_Editorial_Advisory_Board/links/6006b96692851c13fe1f7784/National-Editorial-Advisory-Board.pdf#page=15","https://scholar.google.com/scholar?q=related:z1LQ3d5bOvYJ:scholar.google.com/&scioq=%22waist+circumference%22+nigeria&hl=en&as_sdt=0,5&as_ylo=2019&as_yhi=2019&as_vis=1"
4,"JK Sackou, ML Tiadé, AA Hounsa…","Prevalence and factors associated with hypertension in Anonkoi 3, a peri-urban area in Abidjan (Côte d'Ivoire)",2019,"Journal of public …","ncbi.nlm.nih.gov","https://www.ncbi.nlm.nih.gov/pmc/articles/PMC7118436/","https://scholar.google.com/scholar?cites=3032076870870708035&as_sdt=2005&sciodt=0,5&hl=en",261,"2021-07-17 23:32:21","HTML","","","",,,,,4,2.00,1,4,2,"… Waist– to– hip Ratio (WHR) was determined by dividing waist circumference in cm by hip circumference in cm … 20 Similarly, Onwuchekwa had shown in a study in rural Nigeria that a high proportion of married people were hypertensive …","https://www.ncbi.nlm.nih.gov/pmc/articles/PMC7118436/","https://scholar.google.com/scholar?q=related:Qy_tc9kZFCoJ:scholar.google.com/&scioq=%22waist+circumference%22+nigeria&hl=en&as_sdt=0,5&as_ylo=2019&as_yhi=2019&as_vis=1"
0,"AC Nsonwu-Anyanwu, MC Nsonwu…","Hypoglycemic Agents and Changes in Oxidative Stress Indices, Electrolytes, and Cardiovascular Risk Factors in Type 2 Diabetes",2019,"International Journal of …","karger.com","https://www.karger.com/Article/Abstract/500912","",262,"2021-07-17 23:32:21","","","","",,,,,0,0.00,0,3,2,"… factors in T2DM, was carried out at the University of Calabar Teaching Hospital (UCTH), Calabar, Cross River State, Nigeria … Anthropometric indices such as height, weight, and hip and waist circumference were determined in order to calculate the BMI and waist-to-hip ratio …","https://www.karger.com/Article/PDF/500912","https://scholar.google.com/scholar?q=related:A6jm_Sdsn6cJ:scholar.google.com/&scioq=%22waist+circumference%22+nigeria&hl=en&as_sdt=0,5&as_ylo=2019&as_yhi=2019&as_vis=1"
0,"GP Balasubramanian, S Paruchuri, YP Ng…","Assessment of Health Status among General Public in Bukit Mertajam, Malaysia",2019,"International Journal …","researchgate.net","https://www.researchgate.net/profile/Ganesh-Balasubramanian/publication/339325177_Assessment_of_Health_status_among_general_public_in_Bukit_Mertajam_Malaysia/links/5e4b9558458515072da6fcf6/Assessment-of-Health-status-among-general-public-in-Bukit-Mertajam-Malaysia.pdf","",263,"2021-07-17 23:32:21","PDF","","","",,,,,0,0.00,0,4,2,"… blood pressure in developing countries: A study on the Ibos of Nigeria. North American journal of medical sciences, 2, 320– 324. 6. Hajian-Tilaki, K, O., Gholizadehpasha, A, R., Bozorgzadeh, S., &Hajian-Tilaki, E. (2010). Body mass index and waist circumference are predictor …","https://www.researchgate.net/profile/Ganesh-Balasubramanian/publication/339325177_Assessment_of_Health_status_among_general_public_in_Bukit_Mertajam_Malaysia/links/5e4b9558458515072da6fcf6/Assessment-of-Health-status-among-general-public-in-Bukit-Mertajam-Malaysia.pdf","https://scholar.google.com/scholar?q=related:59E1VufFU1MJ:scholar.google.com/&scioq=%22waist+circumference%22+nigeria&hl=en&as_sdt=0,5&as_ylo=2019&as_yhi=2019&as_vis=1"
1,"OO Sonuga, FM Abbiyesuku, KS Adedapo…","Insulin resistance index and proatherogenic lipid indices in the offspring of people with diabetes",2019,"International Journal of …","karger.com","https://www.karger.com/Article/Abstract/497079","https://scholar.google.com/scholar?cites=4817637974036552389&as_sdt=2005&sciodt=0,5&hl=en",264,"2021-07-17 23:32:21","","","","",,,,,1,0.50,0,4,2,"… There was no significant difference in the median weight, height, waist circumference, hip circumference, systolic … The burden of hypertension and diabetes mellitus in rural communities in southern Nigeria … Glucose and insulin responses in offspring of Nigerian Type 2 diabetics …","https://www.karger.com/Article/FullText/497079","https://scholar.google.com/scholar?q=related:xZrhYjaw20IJ:scholar.google.com/&scioq=%22waist+circumference%22+nigeria&hl=en&as_sdt=0,5&as_ylo=2019&as_yhi=2019&as_vis=1"
6,"A Coetzee, A Beukes, R Dreyer, S Solomon…","The prevalence and risk factors for diabetes mellitus in healthcare workers at Tygerberg hospital, Cape Town, South Africa: a retrospective study",2019,"… and Diabetes in South …","journals.co.za","https://journals.co.za/doi/abs/10.1080/16089677.2019.1620009","https://scholar.google.com/scholar?cites=3184260100181126476&as_sdt=2005&sciodt=0,5&hl=en",265,"2021-07-17 23:32:21","","10.1080/16089677.2019.1620009","","",,,,,6,3.00,1,5,2,"… LR = low risk, SR = slight risk, MR = moderate risk, HR = high risk; BMI = body mass index; WC = waist circumference; data expressed as n … preva- lence rates in North-West Africa (Ghana), and nearly three times higher than in HWs in other SSA countries (Nigeria and Botswana …","https://journals.co.za/doi/pdf/10.1080/16089677.2019.1620009","https://scholar.google.com/scholar?q=related:TO2-r7DDMCwJ:scholar.google.com/&scioq=%22waist+circumference%22+nigeria&hl=en&as_sdt=0,5&as_ylo=2019&as_yhi=2019&as_vis=1"
17,"P Modjadji, S Madiba","The double burden of malnutrition in a rural health and demographic surveillance system site in South Africa: A study of primary schoolchildren and their …",2019,"BMC Public Health","bmcpublichealth.biomedcentral.com","https://bmcpublichealth.biomedcentral.com/articles/10.1186/s12889-019-7412-y","https://scholar.google.com/scholar?cites=3216672403754574795&as_sdt=2005&sciodt=0,5&hl=en",266,"2021-07-17 23:32:21","HTML","10.1186/s12889-019-7412-y","","",,,,,17,8.50,9,2,2,"In South Africa, the occurrence of the double burden of malnutrition is on the rise at a household level predisposing children and their mothers to negative health outcomes. However, few studies have been conducted at a household level. Therefore, we studied a double burden of …","https://bmcpublichealth.biomedcentral.com/articles/10.1186/s12889-019-7412-y","https://scholar.google.com/scholar?q=related:y-OXMILqoywJ:scholar.google.com/&scioq=%22waist+circumference%22+nigeria&hl=en&as_sdt=0,5&as_ylo=2019&as_yhi=2019&as_vis=1"
0,"TM Adaja, MAO Ojo, CNA Ayina","Relationship of Apolipoprotein B-100 and Lipid Profile Parameters among Diabetic Patients in a Tertiary Hospital in Nigeria",,"researchgate.net","","https://www.researchgate.net/profile/Clarisse-Ayina-Ayina/publication/337331563_Relationship_of_Apolipoprotein_B-100_and_Lipid_Profile_Parameters_among_Diabetic_Patients_in_a_Tertiary_Hospital_in_Nigeria/links/5dd2af11a6fdcc7e138d1552/Relationship-of-Apolipoprotein-B-100-and-Lipid-Profile-Parameters-among-Diabetic-Patients-in-a-Tertiary-Hospital-in-Nigeria.pdf","",267,"2021-07-17 23:32:21","PDF","","","",,,,,0,0.00,0,3,,"… Waist circumference was measured midway between the inferior margin of the last rib and the iliac … B-100 and Lipid Profile Parameters among Diabetic Patients in a Tertiary Hospital in Nigeria … Assessment of serum lipids in Nigerians with type 2 diabetes mellitus complications …","https://www.researchgate.net/profile/Clarisse-Ayina-Ayina/publication/337331563_Relationship_of_Apolipoprotein_B-100_and_Lipid_Profile_Parameters_among_Diabetic_Patients_in_a_Tertiary_Hospital_in_Nigeria/links/5dd2af11a6fdcc7e138d1552/Relationship-of-Apolipoprotein-B-100-and-Lipid-Profile-Parameters-among-Diabetic-Patients-in-a-Tertiary-Hospital-in-Nigeria.pdf","https://scholar.google.com/scholar?q=related:Z8MqsbHTfK4J:scholar.google.com/&scioq=%22waist+circumference%22+nigeria&hl=en&as_sdt=0,5&as_ylo=2019&as_yhi=2019&as_vis=1"
0,"Y Kim","The Effects of Fiber on Visceral Fat",2019,"Nutrition in the Prevention and Treatment of Abdominal …","Elsevier","https://www.sciencedirect.com/science/article/pii/B9780128160930000318","",268,"2021-07-17 23:32:21","","","","",,,,,0,0.00,0,1,2,"… is more prevalent in women than in men—the most drastic differences between rates are found in Nigeria, where 39.2% of … 1 Studies using waist circumference, which measures both visceral and subcutaneous fat, demonstrate that women with high socioeconomic status have …","",""
2,"C Ma, Q Lu, R Wang, F Yin","Using height-corrected definition of metabolic syndrome in children and adolescents",2019,"Journal of Pediatric Endocrinology and …","degruyter.com","https://www.degruyter.com/document/doi/10.1515/jpem-2018-0414/html","https://scholar.google.com/scholar?cites=18436770747455664690&as_sdt=2005&sciodt=0,5&hl=en",269,"2021-07-17 23:32:21","","10.1515/jpem-2018-0414","","",,,,,2,1.00,1,4,2,"… More recently, an increasing number of studies documented that the ratio of waist circumference (WC) to height (WHtR) and blood pressure to height (BPHR) were easy anthropometric indexes for detection of obesity and hypertension in chil- dren and adolescents …","","https://scholar.google.com/scholar?q=related:MnJoB1CR3P8J:scholar.google.com/&scioq=%22waist+circumference%22+nigeria&hl=en&as_sdt=0,5&as_ylo=2019&as_yhi=2019&as_vis=1"
0,"PE Obasohan, JN Okorie, AL Sule, KJ Ndako","… patterns, individual and workplace characteristics on blood pressure status among civil servants in Bida and Wushishi communities of Niger State, Nigeria",2019,"PloS one","journals.plos.org","https://journals.plos.org/plosone/article?id=10.1371/journal.pone.0226231","",270,"2021-07-17 23:32:21","HTML","","","",,,,,0,0.00,0,4,2,"… Niger State and Nigerian civil workforce. However, the findings among this subset of civil workforce are quite important to undertake large scale assessment of the impact of variables considered in this study on blood pressure across the civil workforce in Niger state and Nigeria …","https://journals.plos.org/plosone/article?id=10.1371/journal.pone.0226231","https://scholar.google.com/scholar?q=related:VlDgsownHbEJ:scholar.google.com/&scioq=%22waist+circumference%22+nigeria&hl=en&as_sdt=0,5&as_ylo=2019&as_yhi=2019&as_vis=1"
2,"PS Bagdey, JA Ansari, RK Barnwal","Prevalence and epidemiological factors associated with hypertension among post-menopausal women in an urban area of central India",2019,"Clinical Epidemiology and Global …","Elsevier","https://www.sciencedirect.com/science/article/pii/S2213398417301264","https://scholar.google.com/scholar?cites=5122879655650665366&as_sdt=2005&sciodt=0,5&hl=en",271,"2021-07-17 23:32:21","","","","",,,,,2,1.00,1,3,2,"… Physical examination such as waist circumference, hip circumference, weight, height, blood pressure and pulse rate was recorded … Waist circumference was measured in standing position mid-way between lowest rib and iliac crest …","https://www.ceghonline.com/article/S2213-3984(17)30126-4/fulltext","https://scholar.google.com/scholar?q=related:liMilucfGEcJ:scholar.google.com/&scioq=%22waist+circumference%22+nigeria&hl=en&as_sdt=0,5&as_ylo=2019&as_yhi=2019&as_vis=1"
0,"MFBMN Rosli, S Abd Hamid","Physical Activity: Motivating & Barrier Factors of Condominium Residents in Dengkil, Sepang, Selangor, Malaysia",,"academia.edu","","https://www.academia.edu/download/63226269/IJSHR002720200507-111404-ws0nnd.pdf","",272,"2021-07-17 23:32:21","PDF","","","",,,,,0,0.00,0,2,,"… The study shows that waist circumference was the strongest and significant predictor for fitness … them to do physical exercise, as shown by a study in Ondo State, Nigeria where 96.5% and 88% teaching and non-teaching staff respectively claimed they participated in physical …","https://www.academia.edu/download/63226269/IJSHR002720200507-111404-ws0nnd.pdf","https://scholar.google.com/scholar?q=related:74_39t3G5EQJ:scholar.google.com/&scioq=%22waist+circumference%22+nigeria&hl=en&as_sdt=0,5&as_ylo=2019&as_yhi=2019&as_vis=1"
9,"LV Podrigalo, HP Artemieva, OA Rovnaya…","Features of physical development and somatotype of girls and women involved in fitness",2019,"… biological problems of …","cyberleninka.ru","https://cyberleninka.ru/article/n/18249388","https://scholar.google.com/scholar?cites=4094418552751229819&as_sdt=2005&sciodt=0,5&hl=en",273,"2021-07-17 23:32:21","HTML","","","",,,,,9,4.50,2,4,2,"… The girls confirmed a less value of hip circumference (t = 2.04, p <0.05) and a tendency to less waist circumference (t = 1.97, p <0.1) in comparison with group 2. The participants of group 2 had a larger wrist circumference (U = 891, p <0.05) …","https://cyberleninka.ru/article/n/18249388","https://scholar.google.com/scholar?q=related:e4uBBvtL0jgJ:scholar.google.com/&scioq=%22waist+circumference%22+nigeria&hl=en&as_sdt=0,5&as_ylo=2019&as_yhi=2019&as_vis=1"
7,"W Forczek, A Masłoń, B Frączek, M Curyło…","Does the first trimester of pregnancy induce alterations in the walking pattern?",2019,"Plos one","journals.plos.org","https://journals.plos.org/plosone/article?id=10.1371/journal.pone.0209766","https://scholar.google.com/scholar?cites=11186019963528961612&as_sdt=2005&sciodt=0,5&hl=en",274,"2021-07-17 23:32:21","HTML","","","",,,,,7,3.50,1,5,2,"… Results. An analysis of anthropometric parameters in 12 th pregnancy week demonstrated significant changes in mean values of waist circumference and waist to hip ratio as well as waist to height ratio indexes compared to the results before pregnancy …","https://journals.plos.org/plosone/article?id=10.1371/journal.pone.0209766","https://scholar.google.com/scholar?q=related:TF6SCOS5PJsJ:scholar.google.com/&scioq=%22waist+circumference%22+nigeria&hl=en&as_sdt=0,5&as_ylo=2019&as_yhi=2019&as_vis=1"
0,"MB Khorshed, AA Azeez, ASH Al-Shagi","Evaluation of Prevalence of the Metabolic Syndrome: In The Kirkuk Hospitals Reviewers from Employees Associated with H. Pylori AB Test as a Case Study",2019,"Prensa méd. argent","researchgate.net","https://www.researchgate.net/profile/Mohammad-Bahram/publication/339662229_La_Prensa_Medica_Argentina_Case_Study_Scholars_Evaluation_of_Prevalence_of_the_Metabolic_Syndrome_In_The_Kirkuk_Hospitals_Reviewers_from_Employees_Associated_with_H_Pylori_AB_Test_as_a_Case_Study/links/5e5e91e64585152ce804cfc4/La-Prensa-Medica-Argentina-Case-Study-Scholars-Evaluation-of-Prevalence-of-the-Metabolic-Syndrome-In-The-Kirkuk-Hospitals-Reviewers-from-Employees-Associated-with-H-Pylori-AB-Test-as-a-Case-Study.pdf","",275,"2021-07-17 23:32:21","PDF","","","",,,,,0,0.00,0,3,2,"… BMI (Kg/m2) 28.5 ± 4.6 28.7±4.8 0.762 Waist Circumference (cm) 83.3 ± 14.1 84.3±13.6 0.610 … Oluyemi A, Anomneze E, Smith S, Fasanmade O (2012) Prevalence of a marker of active Helicobacter pylori infection among patients with type 2 diabetes mellitus in Lagos, Nigeria …","https://www.researchgate.net/profile/Mohammad-Bahram/publication/339662229_La_Prensa_Medica_Argentina_Case_Study_Scholars_Evaluation_of_Prevalence_of_the_Metabolic_Syndrome_In_The_Kirkuk_Hospitals_Reviewers_from_Employees_Associated_with_H_Pylori_AB_Test_as_a_Case_Study/links/5e5e91e64585152ce804cfc4/La-Prensa-Medica-Argentina-Case-Study-Scholars-Evaluation-of-Prevalence-of-the-Metabolic-Syndrome-In-The-Kirkuk-Hospitals-Reviewers-from-Employees-Associated-with-H-Pylori-AB-Test-as-a-Case-Study.pdf","https://scholar.google.com/scholar?q=related:yUPs2kMFJkQJ:scholar.google.com/&scioq=%22waist+circumference%22+nigeria&hl=en&as_sdt=0,5&as_ylo=2019&as_yhi=2019&as_vis=1"
1,"S Teka, S Kinde, G Dedefo, K Mudi…","Hypogonadism and associated risk factors in male patients with type 2 diabetes mellitus attending the diabetic clinic of Tikur Anbessa Specialized Teaching Hospital …",2019,"… and Diabetes in South …","journals.co.za","https://journals.co.za/doi/abs/10.1080/16089677.2018.1541668","https://scholar.google.com/scholar?cites=4157096827869523993&as_sdt=2005&sciodt=0,5&hl=en",276,"2021-07-17 23:32:21","","10.1080/16089677.2018.1541668","","",,,,,1,0.50,0,5,2,"… Note: BMI = body mass index; WC = waist circumference; LH = luteinising hormone; FSH = follicle stimulating hormone; TC = total cholesterol; LDL-C = low-density … In line with our study, studies in Nigeria and Jordan reported a similar higher prevalence of these conditions.15,25 …","https://journals.co.za/doi/pdf/10.1080/16089677.2018.1541668","https://scholar.google.com/scholar?q=related:GfAQKor5sDkJ:scholar.google.com/&scioq=%22waist+circumference%22+nigeria&hl=en&as_sdt=0,5&as_ylo=2019&as_yhi=2019&as_vis=1"
11,"VA Benites-Zapata, CJ Toro-Huamanchumo…","High waist-to-hip ratio levels are associated with insulin resistance markers in normal-weight women",2019,"Diabetes & Metabolic …","Elsevier","https://www.sciencedirect.com/science/article/pii/S1871402118305125","https://scholar.google.com/scholar?cites=1300001614470233106&as_sdt=2005&sciodt=0,5&hl=en",277,"2021-07-17 23:32:21","","","","",,,,,11,5.50,4,3,2,"JavaScript is disabled on your browser. Please enable JavaScript to use all the features on this page. Skip to main content Skip to article …","","https://scholar.google.com/scholar?q=related:ErzupZSIChIJ:scholar.google.com/&scioq=%22waist+circumference%22+nigeria&hl=en&as_sdt=0,5&as_ylo=2019&as_yhi=2019&as_vis=1"
0,"B Janakiraman, SM Abebe, MB Chala, SF Demissie","Central obesity, not BMI explains cardio-metabolic risks among university employees, Ethiopia–a cross-sectional study",2019,"","researchsquare.com","https://www.researchsquare.com/article/rs-1817/latest.pdf","",278,"2021-07-17 23:32:21","PDF","","","",,,,,0,0.00,0,4,2,"… reported in a Nigerian study 45.5% (50). This variability in the prevalence of pre-hypertension and … (BMI), body adiposity index (BAI), waist circumference (WC), waist-to-hip ratio (WHR) … Towards prevention of hypertension in Nigeria: a study of prehypertension and its …","https://www.researchsquare.com/article/rs-1817/latest.pdf","https://scholar.google.com/scholar?q=related:qGbFfTLwTesJ:scholar.google.com/&scioq=%22waist+circumference%22+nigeria&hl=en&as_sdt=0,5&as_ylo=2019&as_yhi=2019&as_vis=1"
0,"OA Okosun","Akinbami FO Orimadegun AE Tunde-Oremodu II",,"researchgate.net","","https://www.researchgate.net/profile/Adebola-Orimadegun/publication/335160755_Accuracy_of_mid_upper_arm_circumference_in_detection_of_obesity_among_school_children_in_Yenagoa_City_South-south_region_of_Nigeria/links/5d53de7792851c93b62e81d8/Accuracy-of-mid-upper-arm-circumference-in-detection-of-obesity-among-school-children-in-Yenagoa-City-South-south-region-of-Nigeria.pdf","",279,"2021-07-17 23:32:21","PDF","","","",,,,,0,0.00,0,1,,"… of obesity is that its measurement is not influenced by respiratory movements and postprandial abdominal distension as in the case of waist circumference … Nigerian Jour- nal of Medicine: journal of the National Association of Resi- dent Doctors of Nigeria 2001;10 …","https://www.researchgate.net/profile/Adebola-Orimadegun/publication/335160755_Accuracy_of_mid_upper_arm_circumference_in_detection_of_obesity_among_school_children_in_Yenagoa_City_South-south_region_of_Nigeria/links/5d53de7792851c93b62e81d8/Accuracy-of-mid-upper-arm-circumference-in-detection-of-obesity-among-school-children-in-Yenagoa-City-South-south-region-of-Nigeria.pdf","https://scholar.google.com/scholar?q=related:cyNXYq11lQ4J:scholar.google.com/&scioq=%22waist+circumference%22+nigeria&hl=en&as_sdt=0,5&as_ylo=2019&as_yhi=2019&as_vis=1"
0,"AF Ogori, AT Girgih, MO Eke","Review on the Mechanism of Diabesity: In-vitro and In-vivo Methods of Evaluations",2019,"J Diab Obes Metab","yumedtext.com","https://www.yumedtext.com/files/publish/published-pdf--6-JDOM-112.pdf","",280,"2021-07-17 23:32:21","PDF","","","",,,,,0,0.00,0,3,2,"… Yobe state, Nigeria; Tel: +234 706 278 8002; E-mail: ogorifaraday@gmail.com Received … foods [5]. Prospective epidemiological studies have revealed that central obesity determined by waist circumference and Waist Hip Ratio are …","https://www.yumedtext.com/files/publish/published-pdf--6-JDOM-112.pdf","https://scholar.google.com/scholar?q=related:2WJde1VAI5EJ:scholar.google.com/&scioq=%22waist+circumference%22+nigeria&hl=en&as_sdt=0,5&as_ylo=2019&as_yhi=2019&as_vis=1"
0,"AN Onyiriuka, NJ Iduoriyekemwen…","Serum triglyceride-to-high-density lipoprotein cholesterol ratio: Profile and its use as surrogate for insulin resistance prevalence in overweight/obese adolescents",2019,"International Journal of …","search.proquest.com","https://search.proquest.com/openview/9264691f188ddc4959b940ee63bfaf47/1?pq-origsite=gscholar&cbl=2034872","",281,"2021-07-17 23:32:21","","","","",,,,,0,0.00,0,3,2,"… as a surrogate for identification of insulin resistance in overweight/obese Nigerian children and … urban secondary school in Egor Local Government Area (LGA) of Edo State, Nigeria … 25.8 0.363 (>0.05) 76.7 ± 20.2 73.1 ± 18.8 0.690 (>0.05) WC = Waist circumference; HC = Hip …","","https://scholar.google.com/scholar?q=related:g62uz9d1IjcJ:scholar.google.com/&scioq=%22waist+circumference%22+nigeria&hl=en&as_sdt=0,5&as_ylo=2019&as_yhi=2019&as_vis=1"
10,"SMJ Cho, H Lee, WB Pyun…","Differential control rate of systolic and diastolic blood pressure among Korean adults with hypertension: the Sixth Korean National Health and Nutrition …",2019,"Korean circulation …","synapse.koreamed.org","https://synapse.koreamed.org/articles/1135430","https://scholar.google.com/scholar?cites=6107313673721185641&as_sdt=2005&sciodt=0,5&hl=en",282,"2021-07-17 23:32:21","HTML","","","",,,,,10,5.00,3,4,2,"… In both participants with and treated for hypertension, men had significantly lower SBP yet higher DBP, younger age distribution, larger waist circumference, and higher proportion of current employment, completion of higher education, married persons, heavy drinkers, current …","https://synapse.koreamed.org/articles/1135430","https://scholar.google.com/scholar?q=related:aYUJpm2JwVQJ:scholar.google.com/&scioq=%22waist+circumference%22+nigeria&hl=en&as_sdt=0,5&as_ylo=2019&as_yhi=2019&as_vis=1"
6,"B Kolena, I Petrovicova, M Sidlovska, H Hlisnikova…","Phthalates exposure and occupational symptoms among Slovakian hairdressing apprentices",2019,"Applied Sciences","mdpi.com","https://www.mdpi.com/514478","https://scholar.google.com/scholar?cites=5611032378566926588&as_sdt=2005&sciodt=0,5&hl=en",283,"2021-07-17 23:32:21","","","","",,,,,6,3.00,1,5,2,"… Vital capacity (VC) and VC% of PV increased with weight, body mass index (BMI), waist circumference (WC), hip circumference (HC), waist-hip ratio (WHR), the waist-height ratio (WHtR), fat mass index (FMI) and FFMI in females (p ≤ 0.014) …","https://www.mdpi.com/2076-3417/9/16/3321/pdf","https://scholar.google.com/scholar?q=related:_GCyQzhk3k0J:scholar.google.com/&scioq=%22waist+circumference%22+nigeria&hl=en&as_sdt=0,5&as_ylo=2019&as_yhi=2019&as_vis=1"
2,"TC Jaja, IE Yarhere","Dyslipidaemia in Nigerian Children and Adolescents with Diabetes Mellitus: Prevalence and Associated Risk Factors",2019,"International Journal of Diabetes and Metabolism","karger.com","https://www.karger.com/Article/Abstract/499713","https://scholar.google.com/scholar?cites=7715889019343225355&as_sdt=2005&sciodt=0,5&hl=en",284,"2021-07-17 23:32:21","","","","",,,,,2,1.00,1,2,2,"… study is to determine the frequency and pattern of dyslipidaemia in Nigerian children with diabetes followed up at a paediatric endocrine clinic in southern Nigeria and to … Waist circumference was not measured in this study; however, even though there was no statistically …","https://www.karger.com/Article/FullText/499713","https://scholar.google.com/scholar?q=related:C0JKvC5YFGsJ:scholar.google.com/&scioq=%22waist+circumference%22+nigeria&hl=en&as_sdt=0,5&as_ylo=2019&as_yhi=2019&as_vis=1"
0,"UJA D'Souza, AF Siat","Obesity and Prolactin in Various Populations.",2019,"Indian Journal of Public Health …","search.ebscohost.com","http://search.ebscohost.com/login.aspx?direct=true&profile=ehost&scope=site&authtype=crawler&jrnl=09760245&AN=137833334&h=IWHMsLIsWJRUV5vOYXBULJR7h2%2BLlEcMQU4BO7ukj7Pe7P3%2BWSYMH2uOIiLNWZxcb8%2FaEsJKL0LoneNJShK7Ew%3D%3D&crl=c","",285,"2021-07-17 23:32:21","","","","",,,,,0,0.00,0,2,2,"… Studies that use at least one of the measures for obesity such as; body mass index (BMI), waist circumference (WC) or waist-hip ratio … German, American, Italian, Australian, Polish and Swiss), 3 studies observed 193 African & Middle Eastern people (Egyptian, Nigerian & Turkish …","","https://scholar.google.com/scholar?q=related:OylyRhgAx98J:scholar.google.com/&scioq=%22waist+circumference%22+nigeria&hl=en&as_sdt=0,5&as_ylo=2019&as_yhi=2019&as_vis=1"
0,"M Zin","Research Article Relationship Between Physical Activity Level and Cardiovascular Risk Factors among Teachers",,"researchgate.net","","https://www.researchgate.net/profile/Noraziah-Zin/publication/331376406_Relationship_Between_Physical_Activity_Level_and_Cardiovascular_Risk_Factors_among_Teachers/links/5d108b4f458515c11cf2f167/Relationship-Between-Physical-Activity-Level-and-Cardiovascular-Risk-Factors-among-Teachers.pdf","",286,"2021-07-17 23:32:21","PDF","","","",,,,,0,0.00,0,1,,"… Effect of age on physical activity levels among teachers in selected secondary schools, Ibadan, Nigeria. Medicina Sportiva, 8: 1978-1982. 14 … Abdominal obesity indicators: Waist circumference or waist-to-hip ratio in Malaysian adults population. Int. J. Prev …","https://www.researchgate.net/profile/Noraziah-Zin/publication/331376406_Relationship_Between_Physical_Activity_Level_and_Cardiovascular_Risk_Factors_among_Teachers/links/5d108b4f458515c11cf2f167/Relationship-Between-Physical-Activity-Level-and-Cardiovascular-Risk-Factors-among-Teachers.pdf","https://scholar.google.com/scholar?q=related:gnRptkkbAD0J:scholar.google.com/&scioq=%22waist+circumference%22+nigeria&hl=en&as_sdt=0,5&as_ylo=2019&as_yhi=2019&as_vis=1"
0,"J Dahal","NUTRITIONAL STATUS AND FOOD CONSUMPTION OF WORKING POPULATION OF DHARAN, NEPAL",2019,"","202.45.146.37","http://202.45.146.37:8080/xmlui/handle/123456789/136","",287,"2021-07-17 23:32:21","","","","",,,,,0,0.00,0,1,2,"… according to BMI. According to waist circumference and waist hip ratio, 34.5% and 65% were obese respectively … and occupation, gender, sleep, water intake, fruits, white meat, cold drinks consumption, carbohydrates and fat intake were associated with waist circumference …","http://202.45.146.37:8080/xmlui/bitstream/handle/123456789/136/NUTRITIONAL%20STATUS%20AND%20FOOD%20CONSUMPTION%20OF%20WORKING%20POPULATION%20OF%20DHARAN%20NEPAL%20BY%20JENISHA%20DAHAL.pdf?sequence=1","https://scholar.google.com/scholar?q=related:4BacUZtE2VMJ:scholar.google.com/&scioq=%22waist+circumference%22+nigeria&hl=en&as_sdt=0,5&as_ylo=2019&as_yhi=2019&as_vis=1"
0,"MA Salah, AS Abobaker","Association between Obesity and Blood pressure incidence among Minia University Students, Upper Egypt",2019,"Australian Journal of Basic and Applied …","researchgate.net","https://www.researchgate.net/profile/Medhat-Abdelhaleem/publication/350038614_Association_between_Obesity_and_Blood_pressure_incidence_among_Minia_University_Students_Upper_Egypt/links/604ca3d8458515e529a48c8a/Association-between-Obesity-and-Blood-pressure-incidence-among-Minia-University-Students-Upper-Egypt.pdf","",288,"2021-07-17 23:32:21","PDF","","","",,,,,0,0.00,0,2,2,"… level was 18.2% for 18 years old of age (Martins et al 2010), in Nigeria, 17.3% were … ""Variations in the prevalence of point (pre) hypertension in a Nigerian school-going … Waist circumference and waist-hip ratio: report of a WHO expert consultation, Geneva, 8-11 December 2008 …","https://www.researchgate.net/profile/Medhat-Abdelhaleem/publication/350038614_Association_between_Obesity_and_Blood_pressure_incidence_among_Minia_University_Students_Upper_Egypt/links/604ca3d8458515e529a48c8a/Association-between-Obesity-and-Blood-pressure-incidence-among-Minia-University-Students-Upper-Egypt.pdf","https://scholar.google.com/scholar?q=related:YvZPkm1UQ2IJ:scholar.google.com/&scioq=%22waist+circumference%22+nigeria&hl=en&as_sdt=0,5&as_ylo=2019&as_yhi=2019&as_vis=1"
0,"E UGWU, B NNOLIM, D SOYOYE…","Physical Activity and Sedentary Lifestyle among Diabetes Healthcare Providers in Nigeria: Time to Examine the Examiners.",2019,"Journal of Clinical & …","search.ebscohost.com","http://search.ebscohost.com/login.aspx?direct=true&profile=ehost&scope=site&authtype=crawler&jrnl=0973709X&AN=139128097&h=JMRp4yROAUp%2FLc2xrRndMfAHBMecYclnkRbbSzZABa%2BFEuE%2FHTfyGglfrwgId9jVDTaHQ5M4ebwbURRvkhDnzQ%3D%3D&crl=c","",289,"2021-07-17 23:32:21","","","","",,,,,0,0.00,0,4,2,"… level of PA was associated with smaller increases in BMI and Waist Circumference (WC) in … adults without obvious cardiovascular disease in a rural community in Ekiti State, Southwest Nigeria … F. Prevalence of physical activity [22] among adults in a metropolitan Nigerian city: A …","","https://scholar.google.com/scholar?q=related:yDZKw90izk0J:scholar.google.com/&scioq=%22waist+circumference%22+nigeria&hl=en&as_sdt=0,5&as_ylo=2019&as_yhi=2019&as_vis=1"
4,"L Barua, M Faruque, PC Banik, L Ali","Atherogenic index of plasma and its association with cardiovascular disease risk factors among postmenopausal rural women of Bangladesh",2019,"Indian heart journal","Elsevier","https://www.sciencedirect.com/science/article/pii/S0019483218311532","https://scholar.google.com/scholar?cites=17942472122858374161&as_sdt=2005&sciodt=0,5&hl=en",290,"2021-07-17 23:32:21","HTML","","","",,,,,4,2.00,1,4,2,"… Total 265 postmenopausal women who were 40–70 years old were selected using convenient sampling technique. The sample size was determined by using a CVD risk prevalence resulted from a study conducted among postmenopausal women of Nigeria …","https://www.sciencedirect.com/science/article/pii/S0019483218311532","https://scholar.google.com/scholar?q=related:EYRSG1V3APkJ:scholar.google.com/&scioq=%22waist+circumference%22+nigeria&hl=en&as_sdt=0,5&as_ylo=2019&as_yhi=2019&as_vis=1"
0,"JO Edah, JE Ojobi, EK Chuhwak","Pathophysiology of metabolic syndrome-The role of central obesity",2019,"","journalissues.org","https://journalissues.org/wp-content/uploads/2019/01/Odoh-et-al.pdf","",291,"2021-07-17 23:32:21","PDF","","","",,,,,0,0.00,0,3,2,"… 1Department of Internal medicine, Jos University Teaching Hospital, Jos, Nigeria … presence of any 3 of the following; hypertension ( > 130/85 mmHg), dyslipidaemia ( HDL-C < 1.0 mmol/L and/or triglycerides > 1.7 mmol/L) and abdominal obesity (waist circumference of 102cm in …","https://journalissues.org/wp-content/uploads/2019/01/Odoh-et-al.pdf","https://scholar.google.com/scholar?q=related:HxbK0bc5oH0J:scholar.google.com/&scioq=%22waist+circumference%22+nigeria&hl=en&as_sdt=0,5&as_ylo=2019&as_yhi=2019&as_vis=1"
12,"O Hakim, RC Bonadonna, C Mohandas…","Associations Between Pancreatic Lipids and β-Cell Function in Black African and White European Men With Type 2 Diabetes",2019,"The Journal of …","academic.oup.com","https://academic.oup.com/jcem/article-abstract/104/4/1201/5163765","https://scholar.google.com/scholar?cites=14467555965365317249&as_sdt=2005&sciodt=0,5&hl=en",292,"2021-07-17 23:32:21","","","","",,,,,12,6.00,3,4,2,"We have shown that IPL is associated with orally stimulated β-cell insulin secretory function in WE men but not BWA men with early T2D.","https://academic.oup.com/jcem/article/104/4/1201/5163765","https://scholar.google.com/scholar?q=related:ge6ug38Vx8gJ:scholar.google.com/&scioq=%22waist+circumference%22+nigeria&hl=en&as_sdt=0,5&as_ylo=2019&as_yhi=2019&as_vis=1"
32,"K Mudie, MM Jin, LK Tan, J Addo…","Non-communicable diseases in sub-Saharan Africa: a scoping review of large cohort studies",2019,"Journal of global …","ncbi.nlm.nih.gov","https://www.ncbi.nlm.nih.gov/pmc/articles/pmc6684871/","https://scholar.google.com/scholar?cites=15211264019145370177&as_sdt=2005&sciodt=0,5&hl=en",293,"2021-07-17 23:32:21","HTML","","","",,,,,32,16.00,6,5,2,"… from Health & Demographic Surveillance Systems (HDSSs) in SSA to help identify further cohort studies in West Africa (Benin, Burkina Faso, Ivory Coast, Guinea, Mali, Niger, Nigeria, Senegal, and … Height and weight, waist-circumference, BP, fasting/random blood glucose. Core …","https://www.ncbi.nlm.nih.gov/pmc/articles/pmc6684871/","https://scholar.google.com/scholar?q=related:QSrXXQhEGdMJ:scholar.google.com/&scioq=%22waist+circumference%22+nigeria&hl=en&as_sdt=0,5&as_ylo=2019&as_yhi=2019&as_vis=1"
2,"ES Chiaka, MB Adam","Bayesian analysis via markov chain monte carlo algorithm on logistic regression model",2019,"Glob J Pure Appl Mathe","ripublication.com","https://www.ripublication.com/gjpam19/gjpamv15n2_08.pdf","https://scholar.google.com/scholar?cites=7075110621220950110&as_sdt=2005&sciodt=0,5&hl=en",294,"2021-07-17 23:32:21","PDF","","","",,,,,2,1.00,1,2,2,"… Adam2 1Department of Mathematics and Statistics, College of Natural and Applied Sciences, Gregory University Uturu Abia State, Nigeria … that both the Frequentist logistic regression and Bayesian logistic regression suggest that family history, waist circumference and body …","https://www.ripublication.com/gjpam19/gjpamv15n2_08.pdf","https://scholar.google.com/scholar?q=related:XtB33J_XL2IJ:scholar.google.com/&scioq=%22waist+circumference%22+nigeria&hl=en&as_sdt=0,5&as_ylo=2019&as_yhi=2019&as_vis=1"
0,"DS Rao, P Verma, N Jennifer, P Digala…","Prevalence of metabolic syndrome and its association with type 2 diabetes in south Indian patients.",2019,"Revista …","search.ebscohost.com","http://search.ebscohost.com/login.aspx?direct=true&profile=ehost&scope=site&authtype=crawler&jrnl=1517106X&AN=139227321&h=vos%2FqhC6VmCgSjCgAU7UTGWXmqRzdT3h645Q7IYn9xFpHGQgmrhTZb99v%2BIdjSV6aJIoAs7gukTdeWjtAUdj4A%3D%3D&crl=c","",295,"2021-07-17 23:32:21","","","","",,,,,0,0.00,0,5,2,"… Cut-off syndrome and insulin resistance: underlying causes values for waist circumference in rural Iraqi adults for and modification by exercise training … Waist Abuja settlers in Nigeria. Journal of cardiovascular circumference, body mass index, and their disease research …","","https://scholar.google.com/scholar?q=related:MeymIjIDmcoJ:scholar.google.com/&scioq=%22waist+circumference%22+nigeria&hl=en&as_sdt=0,5&as_ylo=2019&as_yhi=2019&as_vis=1"
0,"NIM RURY TIARA OKTARIZA","HUBUNGAN INDEKS MASSA TUBUH DAN RASIO LINGKAR PINGGANG-PANGGUL DENGAN KADAR GLUKOSA DARAH PUASA PADA INDIVIDU DEWASA MUDA",2019,"","repository.unair.ac.id","http://repository.unair.ac.id/86069/","",296,"2021-07-17 23:32:21","","","","",,,,,0,0.00,0,1,2,"… Nigeria: a cross-sectional study, Cardiovasc Journal Afr, 29(2): 106–114. https://doi.org/10.5830/ CVJA-2018-006 … fat with waist–hip ratio, waist circumference and body mass index in healthy adults … index and blood glucose levels among some Nigerian undergraduates, HOAJ …","http://repository.unair.ac.id/86069/3/daftar%20pustaka.pdf","https://scholar.google.com/scholar?q=related:I6wxwX9LeucJ:scholar.google.com/&scioq=%22waist+circumference%22+nigeria&hl=en&as_sdt=0,5&as_ylo=2019&as_yhi=2019&as_vis=1"
14,"T Chivese, SA Norris, NS Levitt","Progression to type 2 diabetes mellitus and associated risk factors after hyperglycemia first detected in pregnancy: A cross-sectional study in Cape Town …",2019,"PLoS medicine","journals.plos.org","https://journals.plos.org/plosmedicine/article?id=10.1371/journal.pmed.1002865","https://scholar.google.com/scholar?cites=8361051557049154090&as_sdt=2005&sciodt=0,5&hl=en",297,"2021-07-17 23:32:21","HTML","","","",,,,,14,7.00,5,3,2,"… Recent studies that used the IADPSG [8] criteria for GDM diagnosis reported prevalence of 8.9% in Nigeria [16], 2.9% in Kenya … Risk factors for progression also vary widely—ethnicity, increased BMI, family history of T2DM, increased waist circumference and severity of GDM at …","https://journals.plos.org/plosmedicine/article?id=10.1371/journal.pmed.1002865","https://scholar.google.com/scholar?q=related:KjqkphdsCHQJ:scholar.google.com/&scioq=%22waist+circumference%22+nigeria&hl=en&as_sdt=0,5&as_ylo=2019&as_yhi=2019&as_vis=1"
1,"N Manafe, RN Matimbe, J Daniel…","Hypertension in a resource‐limited setting: Poor Outcomes on Short‐term Follow‐up in an Urban Hospital in Maputo, Mozambique",2019,"The Journal of …","Wiley Online Library","https://onlinelibrary.wiley.com/doi/abs/10.1111/jch.13732","https://scholar.google.com/scholar?cites=7373877483459041676&as_sdt=2005&sciodt=0,5&hl=en",298,"2021-07-17 23:32:21","","10.1111/jch.13732","","",,,,,1,0.50,0,4,2,"… Patients were submitted to physical examination, laboratory profile, electrocardiography, and transthoracic echocardiography. 2.1 Physical examination. Anthropometric measurements (weight, height, and waist circumference) were performed using standardized methods …","https://onlinelibrary.wiley.com/doi/pdfdirect/10.1111/jch.13732","https://scholar.google.com/scholar?q=related:jNnTsoBGVWYJ:scholar.google.com/&scioq=%22waist+circumference%22+nigeria&hl=en&as_sdt=0,5&as_ylo=2019&as_yhi=2019&as_vis=1"
2,"AM Adeoye, B Ovbiagele, JO Akinyemi…","Echocardiographic Abnormalities and Determinants of 1‐Month Outcome of Stroke Among West Africans in the SIREN Study",2019,"Journal of the …","Am Heart Assoc","https://www.ahajournals.org/doi/abs/10.1161/JAHA.118.010814","https://scholar.google.com/scholar?cites=18104524465645066928&as_sdt=2005&sciodt=0,5&hl=en",299,"2021-07-17 23:32:21","","10.1161/JAHA.118.010814","","",,,,,2,1.00,1,4,2,"… Research and Education Network) study is a multicenter case‐control investigation that involves 15 sites in Ghana and Nigeria … 9. Metabolic syndrome was defined according to International Diabetic Federation criteria by the presence of waist circumference ≥94 cm in men and …","https://www.ahajournals.org/doi/full/10.1161/JAHA.118.010814","https://scholar.google.com/scholar?q=related:sJokYhQxQPsJ:scholar.google.com/&scioq=%22waist+circumference%22+nigeria&hl=en&as_sdt=0,5&as_ylo=2019&as_yhi=2019&as_vis=1"
3,"N Freene, R Davey, SM McPhail","Frequency of a very brief intervention by physiotherapists to increase physical activity levels in adults: a pilot randomised controlled trial",2019,"BMC Sports Science, Medicine and …","Springer","https://link.springer.com/article/10.1186/s13102-019-0118-8","https://scholar.google.com/scholar?cites=2442235126915607145&as_sdt=2005&sciodt=0,5&hl=en",300,"2021-07-17 23:32:21","HTML","10.1186/s13102-019-0118-8","","",,,,,3,1.50,1,3,2,"… Secondary outcomes included functional aerobic capacity (STEP tool), quality-of-life (AQoL-6D), body mass index, waist circumference, waist-to-hip ratio and blood pressure. Results. Between-group comparisons were not significant in intention-to-treat analyses …","https://link.springer.com/article/10.1186/s13102-019-0118-8","https://scholar.google.com/scholar?q=related:aSrJjeiP5CEJ:scholar.google.com/&scioq=%22waist+circumference%22+nigeria&hl=en&as_sdt=0,5&as_ylo=2019&as_yhi=2019&as_vis=1"
1,"SY Sung, JH Han, JH Kim, KY Kwon…","The Relationship between Heart Rate Variability and Aortic Knob Width",2019,"Korean journal of family …","ncbi.nlm.nih.gov","https://www.ncbi.nlm.nih.gov/pmc/articles/pmc6351788/","https://scholar.google.com/scholar?cites=5809306218055384844&as_sdt=2005&sciodt=0,5&hl=en",301,"2021-07-17 23:32:21","HTML","","","",,,,,1,0.50,0,5,2,"… Multiple regression analysis was performed after adjusting for sex, drinking status, exercise habits, smoking status, waist circumference, and triglyceride, low-density lipoprotein … Transverse aortic arch diameters and relationship with heart size of Nigerians within the South East …","https://www.ncbi.nlm.nih.gov/pmc/articles/pmc6351788/","https://scholar.google.com/scholar?q=related:DL-o7jnNnlAJ:scholar.google.com/&scioq=%22waist+circumference%22+nigeria&hl=en&as_sdt=0,5&as_ylo=2019&as_yhi=2019&as_vis=1"
8,"T Martins-Silva, JS Vaz, CL Mola…","Prevalence of obesity in rural and urban areas in Brazil: National Health Survey, 2013",2019,"Revista Brasileira de …","SciELO Brasil","https://www.scielo.br/j/rbepid/a/gSVhW9vqfdDBPFjGYLc4Xkd/?lang=en","https://scholar.google.com/scholar?cites=33455503659465331&as_sdt=2005&sciodt=0,5&hl=en",302,"2021-07-17 23:32:21","HTML","","","",,,,,8,4.00,2,4,2,"… We assessed weight, height and waist circumference (WC) of individuals aged 18 years or older, of both genders … The values observed in Brazil are the highest reported when compared to rural areas of Nigeria (38.5%) 29 29 …","https://www.scielo.br/j/rbepid/a/gSVhW9vqfdDBPFjGYLc4Xkd/?lang=en","https://scholar.google.com/scholar?q=related:c3pnc5rbdgAJ:scholar.google.com/&scioq=%22waist+circumference%22+nigeria&hl=en&as_sdt=0,5&as_ylo=2019&as_yhi=2019&as_vis=1"
2,"M Megchún-Hernández, J Espinosa-Raya…","Asociación de indicadores antropométricos para evaluar el estado nutricional y el riesgo cardiometabólico en adolescentes mexicanos",2019,"Nutrición …","SciELO Espana","https://scielo.isciii.es/scielo.php?script=sci_arttext&pid=S0212-16112019000500008","https://scholar.google.com/scholar?cites=11240696061892413767&as_sdt=2005&sciodt=0,5&hl=en",303,"2021-07-17 23:32:21","HTML","","","",,,,,2,1.00,1,3,2,"… Central obesity in Africans: anthropometric assessment of abdominal adiposity and its predictors in urban Nigerians … Reference values of waist circumference and waist/hip ratio in children and adolescents of Mérida, Venezuela: comparison with international references …","https://scielo.isciii.es/scielo.php?script=sci_arttext&pid=S0212-16112019000500008","https://scholar.google.com/scholar?q=related:R8k6NYP5_psJ:scholar.google.com/&scioq=%22waist+circumference%22+nigeria&hl=en&as_sdt=0,5&as_ylo=2019&as_yhi=2019&as_vis=1"
0,"OT ADEPOJU, O Akinbode","Association of Paraga Consumption and Dietary Lifestyle on Nutritional Status of Commercial Drivers in Ibadan Municipality of Oyo State, Nigeria",2019,"Journal of Health Science","pdfs.semanticscholar.org","https://pdfs.semanticscholar.org/09e9/9b94b7328f5688e7dc3308b5c72193b22a4e.pdf","",304,"2021-07-17 23:32:21","PDF","","","",,,,,0,0.00,0,2,2,"… Lifestyle on Nutritional Status of Commercial Drivers in Ibadan Municipality of Oyo State, Nigeria ADEPOJU, Oladejo Thomas and Akinbode, Omotayo Department of Human Nutrition, Faculty of Public Health, College of Medicine, University of Ibadan, Ibadan 23402, Nigeria …","https://pdfs.semanticscholar.org/09e9/9b94b7328f5688e7dc3308b5c72193b22a4e.pdf","https://scholar.google.com/scholar?q=related:rFlsFPQLSboJ:scholar.google.com/&scioq=%22waist+circumference%22+nigeria&hl=en&as_sdt=0,5&as_ylo=2019&as_yhi=2019&as_vis=1"
21,"M Shirinzadeh, B Afshin-Pour…","The effect of community-based programs on diabetes prevention in low-and middle-income countries: a systematic review and meta-analysis",2019,"Globalization …","globalizationandhealth …","https://globalizationandhealth.biomedcentral.com/articles/10.1186/s12992-019-0451-4","https://scholar.google.com/scholar?cites=12073017904613073552&as_sdt=2005&sciodt=0,5&hl=en",305,"2021-07-17 23:32:21","HTML","10.1186/s12992-019-0451-4","","",,,,,21,10.50,7,3,2,"The increasing prevalence of type 2 diabetes mellitus (T2DM) can have a substantial impact in low- and middle-income countries (LMICs). Community-based programs addressing diet, physical activity, and health behaviors have shown significant benefits on the prevention and …","https://globalizationandhealth.biomedcentral.com/articles/10.1186/s12992-019-0451-4","https://scholar.google.com/scholar?q=related:kKJkk9H5i6cJ:scholar.google.com/&scioq=%22waist+circumference%22+nigeria&hl=en&as_sdt=0,5&as_ylo=2019&as_yhi=2019&as_vis=1"
1,"OD Padaruth, D Gomdola…","Is Soft Drink Consumption Linked to Higher Body Mass Index and Energy Intake Among Adults in Mauritius?",2019,"Current Research in …","foodandnutritionjournal.org","http://www.foodandnutritionjournal.org/volume7number3/is-soft-drink-consumption-linked-to-higher-body-mass-index-and-energy-intake-among-adults-in-mauritius/","https://scholar.google.com/scholar?cites=13059110158890854949&as_sdt=2005&sciodt=0,5&hl=en",306,"2021-07-17 23:32:21","HTML","","","",,,,,1,0.50,0,3,2,"… Reviewed by: Dr. Srijan Goswami India. Second Review by: Dr. Agugo Udodiri A Nigeria. Final Approval by: Prof. Min-Hsiung Pan … Anthropometric measurements (height, weight and waist circumference) were also taken. The data was analysed using SPSS version 2.0 …","http://www.foodandnutritionjournal.org/volume7number3/is-soft-drink-consumption-linked-to-higher-body-mass-index-and-energy-intake-among-adults-in-mauritius/","https://scholar.google.com/scholar?q=related:JWpi139HO7UJ:scholar.google.com/&scioq=%22waist+circumference%22+nigeria&hl=en&as_sdt=0,5&as_ylo=2019&as_yhi=2019&as_vis=1"
10,"II Chukwuonye, KA Ohagwu, OO Adelowo…","Prevalence and predictors of chronic kidney disease in a Semiurban Community in Lagos",2019,"International journal of …","hindawi.com","https://www.hindawi.com/journals/ijn/2019/1625837/","https://scholar.google.com/scholar?cites=16028131427324386370&as_sdt=2005&sciodt=0,5&hl=en",307,"2021-07-17 23:32:21","HTML","","","",,,,,10,5.00,3,4,2,"… 2.6.3. Waist Circumference … [18] C. Okwuonu, I. Chukwuonye, O. Adejumo, E. Agaba, and L. Ojogwu, “Prevalence of chronic kidney disease and its risk factors among adults in a semi-urban community of South-East Nigeria,” Nigerian Postgraduate Medical Journal, vol. 24, no …","https://www.hindawi.com/journals/ijn/2019/1625837/","https://scholar.google.com/scholar?q=related:Qtzxypxcb94J:scholar.google.com/&scioq=%22waist+circumference%22+nigeria&hl=en&as_sdt=0,5&as_ylo=2019&as_yhi=2019&as_vis=1"
0,"MA Charles-Davies","Factors of sexual function in males occupationally exposed to bisphenol-A in a plastic industry in Ibadan",2019,"African Journal of Medicine and Medical …","ojshostng.com","http://www.ojshostng.com/index.php/ajmms/article/view/293","",308,"2021-07-17 23:32:21","","","","",,,,,0,0.00,0,1,2,"… bisphenol-A had a direct relationship with systolic BP and waist circumference but indirect … Davies, Department of Chemical Pathology, College of Medicine, University of Ibadan, Nigeria … A. Serum Polychlorinated Biphenyls and Bisphenol-A levels in Nigerian women with Breast …","","https://scholar.google.com/scholar?q=related:SGmymieP4owJ:scholar.google.com/&scioq=%22waist+circumference%22+nigeria&hl=en&as_sdt=0,5&as_ylo=2019&as_yhi=2019&as_vis=1"
2,"Y Yodang, N Nuridah","Prevalence and determinants of hypertension in coastal and estuarine communities",2019,"International Journal of Medical Reviews","researchgate.net","https://www.researchgate.net/profile/Yodang-Yodang/publication/338829385_Prevalence_and_Determinants_of_Hypertension_in_Coastal_and_Estuarine_Communities/links/5e2d58cc92851c3aaddb120c/Prevalence-and-Determinants-of-Hypertension-in-Coastal-and-Estuarine-Communities.pdf","https://scholar.google.com/scholar?cites=12447277850596119099&as_sdt=2005&sciodt=0,5&hl=en",309,"2021-07-17 23:32:21","PDF","","","",,,,,2,1.00,1,2,2,"… Overweight • Low physical activity • Adiposity • Waist circumference Chen et al., 2016 … Hypertension and prehypertension among adolescents in secondary schools in Enugu, South East Nigeria. Italian Journal of Pediatrics. 2013;39(1):70 …","https://www.researchgate.net/profile/Yodang-Yodang/publication/338829385_Prevalence_and_Determinants_of_Hypertension_in_Coastal_and_Estuarine_Communities/links/5e2d58cc92851c3aaddb120c/Prevalence-and-Determinants-of-Hypertension-in-Coastal-and-Estuarine-Communities.pdf","https://scholar.google.com/scholar?q=related:O5JesUGdvawJ:scholar.google.com/&scioq=%22waist+circumference%22+nigeria&hl=en&as_sdt=0,5&as_ylo=2019&as_yhi=2019&as_vis=1"
0,"FS Bosun-Arije","International Journal of Africa Nursing Sciences",,"researchgate.net","","https://www.researchgate.net/profile/Jonathan-Ling-3/publication/333720828_A_systematic_review_of_factors_influencing_Type_2_Diabetes_Mellitus_management_in_Nigerian_public_hospitals/links/5d3b5f384585153e592520d6/A-systematic-review-of-factors-influencing-Type-2-Diabetes-Mellitus-management-in-Nigerian-public-hospitals.pdf","",310,"2021-07-17 23:32:21","PDF","","","",,,,,0,0.00,0,1,,"… conducted by Chinenye and Young (2011) that T2DM is commoner in Nigerian women than … Adult patients diagnosed with T2DM in public hospitals across Nigeria … BMI, HbA1c, medication adherence, blood pressure, self- management skills, waist circumference as well as the …","https://www.researchgate.net/profile/Jonathan-Ling-3/publication/333720828_A_systematic_review_of_factors_influencing_Type_2_Diabetes_Mellitus_management_in_Nigerian_public_hospitals/links/5d3b5f384585153e592520d6/A-systematic-review-of-factors-influencing-Type-2-Diabetes-Mellitus-management-in-Nigerian-public-hospitals.pdf","https://scholar.google.com/scholar?q=related:p5LwCSgs24wJ:scholar.google.com/&scioq=%22waist+circumference%22+nigeria&hl=en&as_sdt=0,5&as_ylo=2019&as_yhi=2019&as_vis=1"
0,"A TOPTAŞ","The Investigation Of Knowledge, Attitude And Practices Toward Of Cardiovascular Disease Risk Factors Among The Patients Of Metabolic Syndrome",,"International Journal of Disabilities Sports and Health …","dergipark.org.tr","https://dergipark.org.tr/en/pub/ijdshs/article/578453","",311,"2021-07-17 23:32:21","","","","",,,,,0,0.00,0,1,,"… In a study, Amarasekara et al. (2016) reported that patients with low waist circumference and low … Oguoma VM, Nwose EU, Bwititi PT (2014).Cardiovascular disease risk prevention: preliminary survey of baseline knowledge, attitude and practices of a Nigerian rural community …","https://dergipark.org.tr/en/download/article-file/755178","https://scholar.google.com/scholar?q=related:de1-IfZnl60J:scholar.google.com/&scioq=%22waist+circumference%22+nigeria&hl=en&as_sdt=0,5&as_ylo=2019&as_yhi=2019&as_vis=1"
4,"T Akinyemiju, O Salako, A Daramola…","Collaborative molecular epidemiology study of metabolic dysregulation, DNA methylation, and breast cancer risk among Nigerian women: MEND study objectives and …",2019,"Journal of global …","ascopubs.org","https://ascopubs.org/doi/abs/10.1200/JGO.18.00226","https://scholar.google.com/scholar?cites=9551736492181406372&as_sdt=2005&sciodt=0,5&hl=en",312,"2021-07-17 23:32:21","","10.1200/JGO.18.00226","","",,,,,4,2.00,1,4,2,"… a basis for future investigations into determinants of breast cancer risk and survival among African women in Nigeria. Here, we describe the design and methods of the Mechanisms for Novel and Established Risk Factors for Breast Cancer in Women of Nigerian Descent (MEND …","https://ascopubs.org/doi/pdfdirect/10.1200/JGO.18.00226","https://scholar.google.com/scholar?q=related:pMKbfLuVjoQJ:scholar.google.com/&scioq=%22waist+circumference%22+nigeria&hl=en&as_sdt=0,5&as_ylo=2019&as_yhi=2019&as_vis=1"
1,"RAB Ali, Z Hannoun, K Harraqui, L Zeghari…","Profile of diabetes and cardiovascular risk factors in adults Anjouan Island (Comoros)",2019,"The Pan African …","ncbi.nlm.nih.gov","https://www.ncbi.nlm.nih.gov/pmc/articles/PMC6754860/","https://scholar.google.com/scholar?cites=12696208607220074494&as_sdt=2005&sciodt=0,5&hl=en",313,"2021-07-17 23:32:21","HTML","","","",,,,,1,0.50,0,5,2,"… The risk factors for diabetes type 2 onset were a family history of diabetes (P = 0.006), older age (P = 0.000), glycemic control (P = 0.010), excess waist circumference (P = 0.03) and hypertension (p = 0.000), were significantly positively associated with DM, contrary to sex (P …","https://www.ncbi.nlm.nih.gov/pmc/articles/PMC6754860/","https://scholar.google.com/scholar?q=related:_gec-3X-MbAJ:scholar.google.com/&scioq=%22waist+circumference%22+nigeria&hl=en&as_sdt=0,5&as_ylo=2019&as_yhi=2019&as_vis=1"
0,"HGN ASSOUMOU, AN AFFANE, N Orianna","Evaluation Of Prevalence Of Metabolic Syndrome In Adult Subjects In University Settings: The Case Of The Ecole Normale Supérieure Of Libreville/Gabon",2019,"Evaluation","jmest.org","http://www.jmest.org/wp-content/uploads/JMESTN42352988.pdf","",314,"2021-07-17 23:32:21","PDF","","","",,,,,0,0.00,0,3,2,"… were hyperglycemia with 202 (42.71%) subjects affected, overweight with 145 (30.53%) sufferers, excessive blood pressure, heart rate and waist circumference … of the results reveals a low prevalence rate (4.83%) if we compare it to those found in Nigeria (62.5%), South Africa …","http://www.jmest.org/wp-content/uploads/JMESTN42352988.pdf","https://scholar.google.com/scholar?q=related:wgBcmu3RUrAJ:scholar.google.com/&scioq=%22waist+circumference%22+nigeria&hl=en&as_sdt=0,5&as_ylo=2019&as_yhi=2019&as_vis=1"
12,"SH Ahmed, HE Meyer, MK Kjøllesdal, N Marjerrison…","The prevalence of selected risk factors for non-communicable diseases in Hargeisa, Somaliland: a cross-sectional study",2019,"BMC Public Health","Springer","https://link.springer.com/article/10.1186/s12889-019-7101-x;","https://scholar.google.com/scholar?cites=6792583847729346227&as_sdt=2005&sciodt=0,5&hl=en",315,"2021-07-17 23:32:21","HTML","10.1186/s12889-019-7101-x;","","",,,,,12,6.00,2,5,2,"… Step 2 involved physical measurements including weight, height, waist circumference and blood pressure … High waist circumference was classified according to the European cut-off (> 94 cm for men, > 80 cm for women) because cut-offs for SSA were not available [23] …","https://link.springer.com/article/10.1186/s12889-019-7101-x;","https://scholar.google.com/scholar?q=related:s7b2VgUbRF4J:scholar.google.com/&scioq=%22waist+circumference%22+nigeria&hl=en&as_sdt=0,5&as_ylo=2019&as_yhi=2019&as_vis=1"
0,"K Yong, W Min, S Ambusam, M Sivaguru…","Prevalence of Overweight and Associated Risk Factors in Primary School Children in Nilai, Negeri Sembilan",2019,"INTI …","eprints.intimal.edu.my","http://eprints.intimal.edu.my/1295/","",316,"2021-07-17 23:32:21","","","","",,,,,0,0.00,0,5,2,"… association of 0.026 and 0.020 in terms of BMI and waist circumference with ethnicity … Prevalence of overweight and obesity among primary school children in Port Harcourt, Nigeria. The Nigerian Postgraduate Medical Journal, 22(1). Owens, JA, Spirito, A., & McGuinn, M. (2000) …","http://eprints.intimal.edu.my/1295/1/vol.2019_023.pdf","https://scholar.google.com/scholar?q=related:G4cT8HMwrBgJ:scholar.google.com/&scioq=%22waist+circumference%22+nigeria&hl=en&as_sdt=0,5&as_ylo=2019&as_yhi=2019&as_vis=1"
0,"نورس عدنان حسين فشاقشة","العلاقة بين تكوين الجسم والموشرات و القياسات البشرية وعوامل الخطر القلبية الوعائية بين الأطفال‎",,"2019‎","dspace.alquds.edu","https://dspace.alquds.edu/bitstream/handle/20.500.12213/5393/MT_2019_21710019_8021.pdf?sequence=1","",317,"2021-07-17 23:32:21","PDF","","","",,,,,0,0.00,0,1,,"… US United state WC Waist circumference WHO World health organization WHtR Waist height to ratio Page 16. 1 Chapter One Introduction … So (Valentino et al., 2015) the waist circumference (WC) is strongly associated with visceral fat rather than BMI to determine the risk for CV …","https://dspace.alquds.edu/bitstream/handle/20.500.12213/5393/MT_2019_21710019_8021.pdf?sequence=1","https://scholar.google.com/scholar?q=related:0onI6Z9lkZ0J:scholar.google.com/&scioq=%22waist+circumference%22+nigeria&hl=en&as_sdt=0,5&as_ylo=2019&as_yhi=2019&as_vis=1"
0,"MD Fatimah Bello, B Cantazaro, LP Garcia…","RARE CASE OF AUTOIMMUNE ADDISON'S DISEASE, HYPOTHYROIDISM AND LATENT AUTOIMMUNE DIABETES IN A HISPANIC MAN",2019,"Endocrine …","search.proquest.com","https://search.proquest.com/openview/5a3b51c6ae6f45184882676cf22b0d76/1?pq-origsite=gscholar&cbl=1896353","",318,"2021-07-17 23:32:21","","","","",,,,,0,0.00,0,4,2,"… 1. Olabisi Onabanjo University Teaching Hospital, Sagamu, Nigeria, 2. Obafemi Awolowo College of … bone markers, and some cardiovascular risk factors in healthy adult Nigerian population … of studied was 34.1 yrs (7.8), BMI =26.31 kg/m2 (4.02), waist circumference (WC) =78.6 …","",""
14,"A Akpalu, M Gebregziabher, B Ovbiagele, F Sarfo…","Differential impact of risk factors on stroke occurrence among men versus women in West Africa: the SIREN study",2019,"Stroke","Am Heart Assoc","https://www.ahajournals.org/doi/abs/10.1161/STROKEAHA.118.022786","https://scholar.google.com/scholar?cites=7737197534148253899&as_sdt=2005&sciodt=0,5&hl=en",319,"2021-07-17 23:32:21","","10.1161/STROKEAHA.118.022786","","",,,,,14,7.00,3,5,2,"Science Volunteer; Warning signs. SearchSearch. Advanced Search. Donate. Stroke logo. Hello Guest! MY ALERTS. SIGN IN; JOIN. Login to your account. Email. Password. Forgot password? Keep me logged in. Submit your article; AHA Logo. SearchSearch …","https://www.ahajournals.org/doi/full/10.1161/STROKEAHA.118.022786","https://scholar.google.com/scholar?q=related:y1jv8ykMYGsJ:scholar.google.com/&scioq=%22waist+circumference%22+nigeria&hl=en&as_sdt=0,5&as_ylo=2019&as_yhi=2019&as_vis=1"
0,"A Thakur","A Hospital-based Study for Clinico-investigative Profile of Newly Diagnosed Patients of Hypothyroidism",2019,"","academia.edu","https://www.academia.edu/download/62136607/2161-1017-8-30420200218-112229-rv93xl.pdf","",320,"2021-07-17 23:32:21","PDF","","","",,,,,0,0.00,0,1,2,"… Waist circumference ≥ 85 cm in males was present in 23 (48.9%) and ≥ 80 cm in females was present in 111 (84.1%). Significant difference was noted with P value 0.0001 … with p value of 0.0006. Out of 47 male's acanthosis Nigerians was present in 26 (55.3%) …","https://www.academia.edu/download/62136607/2161-1017-8-30420200218-112229-rv93xl.pdf","https://scholar.google.com/scholar?q=related:y8HsTQgUjkwJ:scholar.google.com/&scioq=%22waist+circumference%22+nigeria&hl=en&as_sdt=0,5&as_ylo=2019&as_yhi=2019&as_vis=1"
3,"L Foucan, V Bassien-Capsa, C Rambhojan…","Influence of K656N polymorphism of the leptin receptor gene on obesity-related traits in nondiabetic Afro-Caribbean individuals",2019,"… syndrome and related …","liebertpub.com","https://www.liebertpub.com/doi/abs/10.1089/met.2018.0133","https://scholar.google.com/scholar?cites=5360736977499688510&as_sdt=2005&sciodt=0,5&hl=en",321,"2021-07-17 23:32:21","","10.1089/met.2018.0133","","",,,,,3,1.50,1,4,2,"… BMI, body mass index; SD, standard deviation; WC, waist circumference … the proportion of subjects with the homozygous genotype (AA) of Q223R was lower in Caucasians (14%) than in African Caribbean (35%) and African American (33%).15 In Africa, Nigerian subjects had a …","","https://scholar.google.com/scholar?q=related:Po4r7uApZUoJ:scholar.google.com/&scioq=%22waist+circumference%22+nigeria&hl=en&as_sdt=0,5&as_ylo=2019&as_yhi=2019&as_vis=1"
0,"DP Tsygankova, KE Krivoshapova…","Obesity and hypertension: the role of criteria",2019,"Systemic …","syst-hypertension.ru","https://syst-hypertension.ru/2075-082X/article/view/33524/en_US","",322,"2021-07-17 23:32:21","HTML","","","",,,,,0,0.00,0,3,2,"… Statistical processing of data was carried out using the application programs Statistica 6.0. The presence of obesity by various criteria: body mass index (BMI), waist/hip ratio (WC/HC), waist circumference (WC), visceral fat (LV) level, visceral obesity index (IVO). Results …","https://syst-hypertension.ru/2075-082X/article/view/33524/en_US","https://scholar.google.com/scholar?q=related:xrQ8WwpuqU4J:scholar.google.com/&scioq=%22waist+circumference%22+nigeria&hl=en&as_sdt=0,5&as_ylo=2019&as_yhi=2019&as_vis=1"
14,"AM Rasoul, R Jalali, A Abdi…","The effect of self-management education through weblogs on the quality of life of diabetic patients",2019,"BMC medical …","bmcmedinformdecismak …","https://bmcmedinformdecismak.biomedcentral.com/articles/10.1186/s12911-019-0941-6","https://scholar.google.com/scholar?cites=11051944580682095346&as_sdt=2005&sciodt=0,5&hl=en",323,"2021-07-17 23:32:21","HTML","10.1186/s12911-019-0941-6","","",,,,,14,7.00,4,4,2,"Self-management education of diabetes which is one of the most important noncommunicable diseases worldwide involves facilitating knowledge, skills, and ability required for self-care in these patients. Concerning the progressive growth of use of Internet for educating patients …","https://bmcmedinformdecismak.biomedcentral.com/articles/10.1186/s12911-019-0941-6","https://scholar.google.com/scholar?q=related:8hrcWAplYJkJ:scholar.google.com/&scioq=%22waist+circumference%22+nigeria&hl=en&as_sdt=0,5&as_ylo=2019&as_yhi=2019&as_vis=1"
2,"OP Mbouemboue, TJO Ngoufack","High blood pressure prevalence, awareness, control, and associated factors in a low-resource african setting",2019,"Frontiers in cardiovascular …","frontiersin.org","https://www.frontiersin.org/articles/10.3389/fcvm.2019.00119/full","https://scholar.google.com/scholar?cites=16572186567774129916&as_sdt=2005&sciodt=0,5&hl=en",324,"2021-07-17 23:32:21","HTML","","","",,,,,2,1.00,1,2,2,"… age, gender, marital status, personal history of stroke or diabetes, family history of hypertension, body mass index, waist circumference, diabetes, serum … 45.2, 47, and 41.4%, have been reported in similar study populations in South Africa (20), Angola (21), Nigeria (22), and …","https://www.frontiersin.org/articles/10.3389/fcvm.2019.00119/full","https://scholar.google.com/scholar?q=related:_E6tU-E7_OUJ:scholar.google.com/&scioq=%22waist+circumference%22+nigeria&hl=en&as_sdt=0,5&as_ylo=2019&as_yhi=2019&as_vis=1"
0,"EM Ezzat, MA Al Amir, AA Ewais","Pattern of Hypertension in Fayoum Governorate",2019,"Asian Journal of …","pdfs.semanticscholar.org","https://pdfs.semanticscholar.org/d47e/5adcb0e5f3101434f998d96a5fe269dd9de0.pdf","",325,"2021-07-17 23:32:21","PDF","","","",,,,,0,0.00,0,3,2,"… (2) Jide Onyekwelu, Obinwanne Hospital and maternity, Nigeria … A thorough clinical examination was done for all participants comprising measurement of waist circumference (WC) in centimeters, height and weight with the calculation of body mass index was done by the …","https://pdfs.semanticscholar.org/d47e/5adcb0e5f3101434f998d96a5fe269dd9de0.pdf","https://scholar.google.com/scholar?q=related:sNJfHOmqzKUJ:scholar.google.com/&scioq=%22waist+circumference%22+nigeria&hl=en&as_sdt=0,5&as_ylo=2019&as_yhi=2019&as_vis=1"
7,"AH Alghadir, SA Gabr, AA Rizk","Plasmatic adipocyte biomarkers and foot pain associated with flatfoot in schoolchildren with obesity",2019,"Revista da Associação Médica …","SciELO Brasil","https://www.scielo.br/j/ramb/a/cBpTzRrpJ6mrtjkrLcrRh4N/?format=html&lang=en","https://scholar.google.com/scholar?cites=4944611090800011470&as_sdt=2005&sciodt=0,5&hl=en",326,"2021-07-17 23:32:21","HTML","","","",,,,,7,3.50,2,3,2,"… Ashwel M, Lejeune S, McPherson K. Ratio of waist circumference to height may be better indicator of need for weight management … A, Tella A, Akinbo S. Predictive factors for flatfoot: the role of age and footwear in children in urban and rural communities in South West Nigeria …","https://www.scielo.br/j/ramb/a/cBpTzRrpJ6mrtjkrLcrRh4N/?format=html&lang=en","https://scholar.google.com/scholar?q=related:zmiX45bJnkQJ:scholar.google.com/&scioq=%22waist+circumference%22+nigeria&hl=en&as_sdt=0,5&as_ylo=2019&as_yhi=2019&as_vis=1"
0,"M Ruhul-Kabir, ABM Kamrul-Hasan…","Serum magnesium status and its correlation with insulin resistance in newly diagnosed patients with type 2 diabetes mellitus",2019,"Sri Lanka Journal of …","sjdem.sljol.info","https://sjdem.sljol.info/articles/10.4038/sjdem.v9i1.7367/galley/5778/download/","",327,"2021-07-17 23:32:21","PDF","","","",,,,,0,0.00,0,3,2,"… El-said et al found no correlation of Mg with age and BMI; and Ilkay et al observed no correlation of Mg with BMI, waist circumference, hip circumference and the waist … Patterns and correlates of serum magnesium levels in subsets of type 2 diabetes mellitus patients in Nigeria …","https://sjdem.sljol.info/articles/10.4038/sjdem.v9i1.7367/galley/5778/download/","https://scholar.google.com/scholar?q=related:1JEC6-umXFsJ:scholar.google.com/&scioq=%22waist+circumference%22+nigeria&hl=en&as_sdt=0,5&as_ylo=2019&as_yhi=2019&as_vis=1"
5,"LT Williams, CE Collins, PJ Morgan, JL Hollis","Maintaining the outcomes of a successful weight gain prevention intervention in mid-age women: Two year results from the 40-something randomized control trial",2019,"Nutrients","mdpi.com","https://www.mdpi.com/464186","https://scholar.google.com/scholar?cites=15230872669305249453&as_sdt=2005&sciodt=0,5&hl=en",328,"2021-07-17 23:32:21","","","","",,,,,5,2.50,1,4,2,"… The MI group had a significantly lower weight at 24 months (64.6 kg, 95% CI: 63.2, 66.6, p = 0.015) compared with the SDI group (67.3 kg, 95% CI: 65.7, 68.8), and the secondary outcomes of percentage body fat and waist circumference were also significantly lower in the MI …","https://www.mdpi.com/2072-6643/11/5/1100/pdf","https://scholar.google.com/scholar?q=related:rR4lAf_tXtMJ:scholar.google.com/&scioq=%22waist+circumference%22+nigeria&hl=en&as_sdt=0,5&as_ylo=2019&as_yhi=2019&as_vis=1"
0,"D Dhar, SR Chandra, KB Gangadhar…","Beware of the cortical ribbon: The spectrum–experience from a case series",2019,"Journal of the …","researchgate.net","https://www.researchgate.net/profile/Debjyoti-Dhar/publication/338182780_Beware_of_the_cortical_ribbon_The_spectrum_-_experience_from_a_case_series/links/5ec3f7f7458515626cb8079b/Beware-of-the-cortical-ribbon-The-spectrum-experience-from-a-case-series.pdf","",329,"2021-07-17 23:32:21","PDF","","","",,,,,0,0.00,0,4,2,"… by trained investigator, to collect infor- mation on chronic health conditions, height, weight, hip and waist circumference, blood pressure … E. Iwuozoa, J. Ejioforb, O. Obiakoc, S. Abubakarc aFederal Medical Centre, Internal Medicine Department, Makurdi, Nigeria bAhmadu Bello …","https://www.researchgate.net/profile/Debjyoti-Dhar/publication/338182780_Beware_of_the_cortical_ribbon_The_spectrum_-_experience_from_a_case_series/links/5ec3f7f7458515626cb8079b/Beware-of-the-cortical-ribbon-The-spectrum-experience-from-a-case-series.pdf",""
0,"O Ergul-Erkec","Relaciones entre el Promedio de Dígitos 2D: 4D, Circunferencia de Cintura, Preferencias de Mano, Peso, Altura, Relación de Cintura a Altura e IMC en una …",2019,"International Journal of Morphology","scielo.conicyt.cl","https://scielo.conicyt.cl/scielo.php?pid=S0717-95022019000401299&script=sci_arttext","",330,"2021-07-17 23:32:21","HTML","","","",,,,,0,0.00,0,1,2,"… [ Links ]. Danborno, B.; Adebisi, S.; Adelaiye, A. & Ojo, S. Sexual dimorphism and relationship betweem chest, hip and waist circumference with 2D, 4D and 2D: 4D in Nigerians. Internet J. Biol. Anthropol., 1(2):1-5, 2008. [ Links ] …","https://scielo.conicyt.cl/scielo.php?pid=S0717-95022019000401299&script=sci_arttext","https://scholar.google.com/scholar?q=related:Ufy50wrJEhYJ:scholar.google.com/&scioq=%22waist+circumference%22+nigeria&hl=en&as_sdt=0,5&as_ylo=2019&as_yhi=2019&as_vis=1"
4,"A Hendarto, AK Alhadar, DR Sjarif","The effect of vitamin e supplementation on lipid profiles and adiponectin levels in obese adolescents: A randomized controlled trial",2019,"Acta Medica Indonesiana","core.ac.uk","https://core.ac.uk/download/pdf/268043182.pdf","https://scholar.google.com/scholar?cites=358794442274173482&as_sdt=2005&sciodt=0,5&hl=en",331,"2021-07-17 23:32:21","PDF","","","",,,,,4,2.00,1,3,2,"… Taylor RW, Jones IE, Williams SM, Goulding A. Evaluation of waist circumference, waist-to-hip ratio, and the conicity index as screening tools for high trunk fat mass, as … Effect of oral vitamin E supplementation on serum lipid profiles of apparently healthy Nigerians in Benin City …","https://core.ac.uk/download/pdf/268043182.pdf","https://scholar.google.com/scholar?q=related:KvIi76Sx-gQJ:scholar.google.com/&scioq=%22waist+circumference%22+nigeria&hl=en&as_sdt=0,5&as_ylo=2019&as_yhi=2019&as_vis=1"
4,"B Adams, K Fidler, N Demoes, EJ Aguiar…","Cardiometabolic thresholds for peak 30-min cadence and steps/day",2019,"PloS one","journals.plos.org","https://journals.plos.org/plosone/article?id=10.1371/journal.pone.0219933","https://scholar.google.com/scholar?cites=12270585739172168446&as_sdt=2005&sciodt=0,5&hl=en",332,"2021-07-17 23:32:21","HTML","","","",,,,,4,2.00,1,5,2,"… derived step data to determine steps/day and peak 30-min cadence as risk screening values (ie, thresholds) for fasting glucose, body mass index, waist circumference, high blood … Editor: Adewale L. Oyeyemi, University of Maiduguri College of Medical Sciences, NIGERIA …","https://journals.plos.org/plosone/article?id=10.1371/journal.pone.0219933","https://scholar.google.com/scholar?q=related:_sJUqbfgSaoJ:scholar.google.com/&scioq=%22waist+circumference%22+nigeria&hl=en&as_sdt=0,5&as_ylo=2019&as_yhi=2019&as_vis=1"
0,"M Essien, HE Lutterodt, RA Annan","Risk factors of ardiovascular disease among Ghanaian police officers",2019,"","dspace.knust.edu.gh","http://dspace.knust.edu.gh/handle/123456789/12850","",333,"2021-07-17 23:32:21","","","","",,,,,0,0.00,0,3,2,"… (2) Awofadeju Stephen Olajide, Obafemi Awolowo University, Nigeria … Methodology: Weight, height, Body Mass Index (BMI), waist circumference, lipid profile, systolic and diastolic blood pressure of 120 officers were measured …","http://dspace.knust.edu.gh/bitstream/123456789/12850/1/30109-Article%20Text-56479-1-10-20190909.pdf","https://scholar.google.com/scholar?q=related:CIRj1t6Rk4cJ:scholar.google.com/&scioq=%22waist+circumference%22+nigeria&hl=en&as_sdt=0,5&as_ylo=2019&as_yhi=2019&as_vis=1"
1,"J Amadi, C Asinobi, NC Okechukwu-Ezike…","Glycemic index and load responses of indigenous vegetable sauces among healthy young female adults",2019,"Functional Foods in …","ffhdj.com","https://ffhdj.com/index.php/ffhd/article/view/621","https://scholar.google.com/scholar?cites=10007187370781046072&as_sdt=2005&sciodt=0,5&hl=en",334,"2021-07-17 23:32:21","","","","",,,,,1,0.50,0,4,2,"… Cameroon with moisture content ranging from 62.04 to 85.26g, 63.11 to 74.23 on soups consumed in South- East geopolitical zones of Nigeria, and 67.57 … 23] on the Baskodje (okra) sauce but lower than some sauces prepared with moringa oleifera [25] and Nigerian soups [24] …","https://ffhdj.com/index.php/ffhd/article/download/621/1150","https://scholar.google.com/scholar?q=related:OPUttOSr4IoJ:scholar.google.com/&scioq=%22waist+circumference%22+nigeria&hl=en&as_sdt=0,5&as_ylo=2019&as_yhi=2019&as_vis=1"
8,"J Diendéré, J Kaboré, JW Somé, G Tougri…","Prevalence and factors associated with overweight and obesity among rural and urban women in Burkina Faso",2019,"The Pan African …","ncbi.nlm.nih.gov","https://www.ncbi.nlm.nih.gov/pmc/articles/PMC7060945/","https://scholar.google.com/scholar?cites=8606578313579134791&as_sdt=2005&sciodt=0,5&hl=en",335,"2021-07-17 23:32:21","HTML","","","",,,,,8,4.00,2,5,2,"… Waist circumference, mean (sd) in cm, 78.2 (12.7), 76.2 (11.6), 85.9 (13.8), 0.0001, 74.9 (10.5), 91.8 (12.1), 0.0001 … African countries reported a higher prevalence: 21.1% in Kenya [22], 22.0% in Tanzania [23], 22.3% in Senegal [24], 28.4% in Angola [25], 29.9% in Nigeria [26], 36.7 …","https://www.ncbi.nlm.nih.gov/pmc/articles/PMC7060945/","https://scholar.google.com/scholar?q=related:R_92aGC1cHcJ:scholar.google.com/&scioq=%22waist+circumference%22+nigeria&hl=en&as_sdt=0,5&as_ylo=2019&as_yhi=2019&as_vis=1"
1,"S Sharma, R Peddawad","Estimation of Stature and Gender from Biacromial Breadth Measurements in Adult Population of Bareilly.",2019,"Indian Journal of Forensic …","search.ebscohost.com","http://search.ebscohost.com/login.aspx?direct=true&profile=ehost&scope=site&authtype=crawler&jrnl=09739122&AN=143105292&h=IT1nxFz%2FkMiL%2B0x229xNKKi7TmkUlfu3ijhW7WKwg2G2EyvrfuTGsWffToPJfwBnGSdcHqpPxizEsuTvlUrN0g%3D%3D&crl=c","https://scholar.google.com/scholar?cites=8565868489172303503&as_sdt=2005&sciodt=0,5&hl=en",336,"2021-07-17 23:32:21","","","","",,,,,1,0.50,1,2,2,"… of gender determination, A Igiri conducted a study in 2009 among 500 nigerian subjects on … author noted that BAB was a better predictor of stature as compared to waist circumference … Anthropometric measure and sexual dimorphism in young adult nigerians resident in Calabar …","","https://scholar.google.com/scholar?q=related:j77TyQEU4HYJ:scholar.google.com/&scioq=%22waist+circumference%22+nigeria&hl=en&as_sdt=0,5&as_ylo=2019&as_yhi=2019&as_vis=1"
2,"B Hassen, H Mamo","Prevalence and associated anthropometric and lifestyle predictors of hypertension among adults in Kombolcha town and suburbs, Northeast Ethiopia: a …",2019,"BMC …","bmccardiovascdisord.biomedcentral …","https://bmccardiovascdisord.biomedcentral.com/articles/10.1186/s12872-019-1225-x","https://scholar.google.com/scholar?cites=8239208691252267061&as_sdt=2005&sciodt=0,5&hl=en",337,"2021-07-17 23:32:21","HTML","10.1186/s12872-019-1225-x","","",,,,,2,1.00,1,2,2,"… ratio (OR) 7.385, 95% CI 3.563–15.306, p < 0.0001), obesity (OR 126.286, 95% CI 34.481–462.514, p < 0.0001) and overweightness (OR 16.105, 95% CI 7.024–36.927, p < 0.0001), 'substantially high risk' (> 102 cm in men and > 88 cm in female) waist circumference (OR 1.788 …","https://bmccardiovascdisord.biomedcentral.com/articles/10.1186/s12872-019-1225-x","https://scholar.google.com/scholar?q=related:NQhnyKaMV3IJ:scholar.google.com/&scioq=%22waist+circumference%22+nigeria&hl=en&as_sdt=0,5&as_ylo=2019&as_yhi=2019&as_vis=1"
0,"AJ Gogoi","Obesity and Hypertension: A Cross-sectional Study among the Adult Individuals of Sonowal Kachari Tribe of Hatimora Village, Assam, India",2019,"","researchgate.net","https://www.researchgate.net/profile/Ananya-Jyoti-Gogoi/publication/337192979_Obesity_and_Hypertension_A_Cross-sectional_Study_among_the_Adult_Individuals_of_Sonowal_Kachari_Tribe_of_Hatimora_Village_Assam_India/links/5f44186e299bf13404ee8f5e/Obesity-and-Hypertension-A-Cross-sectional-Study-among-the-Adult-Individuals-of-Sonowal-Kachari-Tribe-of-Hatimora-Village-Assam-India.pdf","",338,"2021-07-17 23:32:21","PDF","","","",,,,,0,0.00,0,1,2,"… KEYWORDS Association. Body-Mass-Index. Korotkoff. Sphygmomanometer. Waist-Circumference … 2004; Weng et al. 2006). Apart from Body Mass Index, other measures such as waist circumference, waist-hip ratio and waist-height ratio also reflect abdominal adiposi- Page 2 …","https://www.researchgate.net/profile/Ananya-Jyoti-Gogoi/publication/337192979_Obesity_and_Hypertension_A_Cross-sectional_Study_among_the_Adult_Individuals_of_Sonowal_Kachari_Tribe_of_Hatimora_Village_Assam_India/links/5f44186e299bf13404ee8f5e/Obesity-and-Hypertension-A-Cross-sectional-Study-among-the-Adult-Individuals-of-Sonowal-Kachari-Tribe-of-Hatimora-Village-Assam-India.pdf","https://scholar.google.com/scholar?q=related:2-QzWi9WjfgJ:scholar.google.com/&scioq=%22waist+circumference%22+nigeria&hl=en&as_sdt=0,5&as_ylo=2019&as_yhi=2019&as_vis=1"
0,"MAN Souza, MFFL Costa, SWV Peixoto","“A body shape index” and its association with arterial hypertension and diabetes mellitus among Brazilian older adults: National Health Survey (2013)",2019,"","arca.fiocruz.br","https://www.arca.fiocruz.br/handle/icict/35323","",339,"2021-07-17 23:32:21","","","","",,,,,0,0.00,0,3,2,"… 4. Okafor C, Anyaehie U, Ofoegbu E. The mag- nitude of obesity and its relationship to blood pressure among the residents of Enugu me- tropolis in South East Nigeria … 11. World Health Organization. Expert Consulta- tion on Waist Circumference and Waist-Hip Ratio; 2008 …","https://www.arca.fiocruz.br/bitstream/icict/35323/2/A%20body%20shape%20index.pdf","https://scholar.google.com/scholar?q=related:6Dk51YIJDukJ:scholar.google.com/&scioq=%22waist+circumference%22+nigeria&hl=en&as_sdt=0,5&as_ylo=2019&as_yhi=2019&as_vis=1"
7,"S Moradi, H Mohammadi, A Javaheri…","Association between neck circumference and blood pressure: a systematic review and meta-analysis of observational studies",2019,"Hormone and …","thieme-connect.com","https://www.thieme-connect.com/products/ejournals/html/10.1055/a-0957-3256","https://scholar.google.com/scholar?cites=13946179414468354056&as_sdt=2005&sciodt=0,5&hl=en",340,"2021-07-17 23:32:21","","10.1055/a-0957-3256","","",,,,,7,3.50,2,4,2,"… not clear yet [11]. Previous studies suggested that usual indices of whole-body fat and central obesity (ie, body mass index and waist circumference) were related to the increased risk of HTN [12] [13]. However, body mass index …","https://www.researchgate.net/profile/Aftab-Javaheri/publication/335158144_Association_Between_Neck_Circumference_and_Blood_Pressure_A_Systematic_Review_and_Meta-Analysis_of_Observational_Studies/links/5ebc1a39458515626ca7cc19/Association-Between-Neck-Circumference-and-Blood-Pressure-A-Systematic-Review-and-Meta-Analysis-of-Observational-Studies.pdf","https://scholar.google.com/scholar?q=related:CGBAlUnIisEJ:scholar.google.com/&scioq=%22waist+circumference%22+nigeria&hl=en&as_sdt=0,5&as_ylo=2019&as_yhi=2019&as_vis=1"
2,"R Dasgupta, S Anoop, P Samuel, ME Kurian…","Bioimpedance analysis with a novel predictive equation-A reliable technique to estimate fat free mass in birth weight based cohorts of Asian Indian males",2019,"Diabetes & Metabolic …","Elsevier","https://www.sciencedirect.com/science/article/pii/S1871402118305423","https://scholar.google.com/scholar?cites=12433312278899580981&as_sdt=2005&sciodt=0,5&hl=en",341,"2021-07-17 23:32:21","","","","",,,,,2,1.00,0,5,2,"… FFM = 32.637 + (−0.222*age) + (−32.51*waist-to-hip ratio) + (0.33*body mass index) + (1.58 * 1 or 2 (1 = normal birth weight, 2 = low birth weight) + (0.510*waist circumference). Conclusions … Waist circumference (cms), 70.9 ± 7.0, 69.4 ± 7.5, 0.25 …","http://www.cmcendovellore.org/wp-content/uploads/2020/10/23-2018-Bioimpedance-analysis-with-a-novel-predictive-equation.pdf","https://scholar.google.com/scholar?q=related:NeBPpaT_i6wJ:scholar.google.com/&scioq=%22waist+circumference%22+nigeria&hl=en&as_sdt=0,5&as_ylo=2019&as_yhi=2019&as_vis=1"
0,"MS Ellulu, IA Naser","Potential Role of Undesirable Inflammatory Status in the Prediction of Metabolic Abnormalities Among Hypertensive Patients",2019,"SN Comprehensive Clinical Medicine","Springer","https://link.springer.com/article/10.1007/s42399-019-00072-7","",342,"2021-07-17 23:32:21","","10.1007/s42399-019-00072-7","","",,,,,0,0.00,0,2,2,"… 24.8 ± 10.7 kg/m 2 , P ˂ 0.001) and overall waist circumference (112.0 ± 12 vs. 105.0 ± 19 cm, P = 0.006). The gender-adjusted difference of the waist circumference revealed that UIS patients were higher among men (105.0 ± 19 vs …","https://www.researchgate.net/profile/Ihab-N/publication/333206360_Potential_Role_of_Undesirable_Inflammatory_Status_in_the_Prediction_of_Metabolic_Abnormalities_Among_Hypertensive_Patients/links/5ce71f6b458515712ebdaafd/Potential-Role-of-Undesirable-Inflammatory-Status-in-the-Prediction-of-Metabolic-Abnormalities-Among-Hypertensive-Patients.pdf","https://scholar.google.com/scholar?q=related:fEBbsyrTrEgJ:scholar.google.com/&scioq=%22waist+circumference%22+nigeria&hl=en&as_sdt=0,5&as_ylo=2019&as_yhi=2019&as_vis=1"
7,"LE Davidson, SC Hunt, TD Adams","Fitness versus adiposity in cardiovascular disease risk",2019,"European journal of clinical …","nature.com","https://www.nature.com/articles/s41430-018-0333-5","https://scholar.google.com/scholar?cites=4053762399971517909&as_sdt=2005&sciodt=0,5&hl=en",343,"2021-07-17 23:32:21","","","","",,,,,7,3.50,2,3,2,"Obesity and low cardiorespiratory fitness are both established predictors of cardiovascular disease morbidity and mortality. Whether the protective effects of fitness outweigh the deleterious effects of obesity, however, remains a topic of debate. To extend knowledge of the relative …","","https://scholar.google.com/scholar?q=related:1SUjzmzbQTgJ:scholar.google.com/&scioq=%22waist+circumference%22+nigeria&hl=en&as_sdt=0,5&as_ylo=2019&as_yhi=2019&as_vis=1"
5,"FC Chow, A Makanjuola, K Wu…","Physical activity is associated with lower odds of cognitive impairment in women but not men living with human immunodeficiency virus infection",2019,"The Journal of …","academic.oup.com","https://academic.oup.com/jid/article-abstract/219/2/264/5075993","https://scholar.google.com/scholar?cites=9448746726426487075&as_sdt=2005&sciodt=0,5&hl=en",344,"2021-07-17 23:32:21","","","","",,,,,5,2.50,1,4,2,"… ucsf.edu). Search for other works by this author on: Oxford Academic. PubMed. Google Scholar. Akintomiwa Makanjuola, Akintomiwa Makanjuola. Department of Medicine (Neurology), University of Ibadan, Nigeria. Search for other …","https://academic.oup.com/jid/article/219/2/264/5075993","https://scholar.google.com/scholar?q=related:IylJCRaxIIMJ:scholar.google.com/&scioq=%22waist+circumference%22+nigeria&hl=en&as_sdt=0,5&as_ylo=2019&as_yhi=2019&as_vis=1"
0,"NN Oranye, PO Anaja, AG Bakari","Evaluation of Insulin Resistance in Type 2 Diabetic Nigerians",2019,"International Journal","ijmpnet.com","http://ijmpnet.com/journals/ijmp/Vol_7_No_1_June_2019/3.pdf","",345,"2021-07-17 23:32:21","PDF","","","",,,,,0,0.00,0,3,2,"… mail: anaja2ng@yahoo.com 3 Dept of Medicine, Abu Teaching Hospital, Shika -Zaria, Nigeria … men and women had a disproportionate increase in BMI and waist circumference than the … between body mass index and blood glucose levels among some Nigerian undergraduates …","http://ijmpnet.com/journals/ijmp/Vol_7_No_1_June_2019/3.pdf","https://scholar.google.com/scholar?q=related:1vSNGPLOl_sJ:scholar.google.com/&scioq=%22waist+circumference%22+nigeria&hl=en&as_sdt=0,5&as_ylo=2019&as_yhi=2019&as_vis=1"
5,"AC Ihim, MI Nwanua, EC Ogbodo, SC Meludu","Effect of coffee consumption on blood glucose and lipid profile levels in male Students at Nnamdi Azikiwe University, Nnewi Campus, Anambra State",2019,"J Med Lab Sci","researchgate.net","https://www.researchgate.net/profile/Ogbodo-C/publication/335777338_Effect_of_Coffee_Consumption_on_Blood_Glucose_and_Lipid_Profile_Levels_in_Male_Students_at_Nnamdi_Azikiwe_University_Nnewi_Campus_Anambra_State_Ihim_et_al_A_Publication_of_the_Association_of_Medical_L/links/5d7a8d51299bf1d5a96d9eb3/Effect-of-Coffee-Consumption-on-Blood-Glucose-and-Lipid-Profile-Levels-in-Male-Students-at-Nnamdi-Azikiwe-University-Nnewi-Campus-Anambra-State-Ihim-et-al-A-Publication-of-the-Association-of-Medical.pdf","https://scholar.google.com/scholar?cites=17203445006412106993&as_sdt=2005&sciodt=0,5&hl=en",346,"2021-07-17 23:32:21","PDF","","","",,,,,5,2.50,1,4,2,"… Of these deaths, 85% are due to heart attack and stroke (3). Also, In Nigeria, CVDs accounted for 11% of all … Hypertension and dyslipidemia affect 20%–40% of the population, showing a significant association with elevated BMI, waist circumference, and fasting blood glucose (6 …","https://www.researchgate.net/profile/Ogbodo-C/publication/335777338_Effect_of_Coffee_Consumption_on_Blood_Glucose_and_Lipid_Profile_Levels_in_Male_Students_at_Nnamdi_Azikiwe_University_Nnewi_Campus_Anambra_State_Ihim_et_al_A_Publication_of_the_Association_of_Medical_L/links/5d7a8d51299bf1d5a96d9eb3/Effect-of-Coffee-Consumption-on-Blood-Glucose-and-Lipid-Profile-Levels-in-Male-Students-at-Nnamdi-Azikiwe-University-Nnewi-Campus-Anambra-State-Ihim-et-al-A-Publication-of-the-Association-of-Medical.pdf","https://scholar.google.com/scholar?q=related:8Uwp6BXqvu4J:scholar.google.com/&scioq=%22waist+circumference%22+nigeria&hl=en&as_sdt=0,5&as_ylo=2019&as_yhi=2019&as_vis=1"
13,"L Calza, V Colangeli, M Borderi…","Improvement in insulin sensitivity and serum leptin concentration after the switch from a ritonavir-boosted PI to raltegravir or dolutegravir in non-diabetic HIV-infected …",2019,"Journal of …","academic.oup.com","https://academic.oup.com/jac/article-abstract/74/3/731/5240942","https://scholar.google.com/scholar?cites=11988462873413041658&as_sdt=2005&sciodt=0,5&hl=en",347,"2021-07-17 23:32:21","","","","",,,,,13,6.50,3,4,2,"… Eventual clinical adverse events and adherence to drug therapies were carefully checked on monthly outpatient visits, while physical examination (including height, weight, waist circumference, blood pressure); measurement of plasma fasting glucose, triglycerides, total …","","https://scholar.google.com/scholar?q=related:-j2-PHeTX6YJ:scholar.google.com/&scioq=%22waist+circumference%22+nigeria&hl=en&as_sdt=0,5&as_ylo=2019&as_yhi=2019&as_vis=1"
1,"DR Faisal, S Syarif","Comparative Analysis of Anthropometric Indexs to Predict Hypertension Risk in Employees Cimahi City 2018",2019,"Jurnal Ilmu Kesehatan Masyarakat","ejournal.fkm.unsri.ac.id","https://ejournal.fkm.unsri.ac.id/index.php/jikm/article/view/325","https://scholar.google.com/scholar?cites=7544152715874102384&as_sdt=2005&sciodt=0,5&hl=en",348,"2021-07-17 23:32:21","","","","",,,,,1,0.50,1,2,2,"… in a population in Nigeria. Cardiovascular Journal of Africa [Internet]. 2017;28(2):92–9. Available from: http://cvja.co.za/onlinejournal/vol28/vol2 8_issue2/#26/z 30. Li WC, Chen IC, Chang YC, Loke SS, Wang SH, Hsiao KY. Waist-to-height ratio, waist circumference, and body …","https://ejournal.fkm.unsri.ac.id/index.php/jikm/article/download/325/257","https://scholar.google.com/scholar?q=related:cGz5qOw2smgJ:scholar.google.com/&scioq=%22waist+circumference%22+nigeria&hl=en&as_sdt=0,5&as_ylo=2019&as_yhi=2019&as_vis=1"
11,"L Farzin, S Asghari, M Rafraf…","No beneficial effects of resveratrol supplementation on atherogenic risk factors in patients with nonalcoholic fatty liver disease",2019,"… Journal for Vitamin …","econtent.hogrefe.com","https://econtent.hogrefe.com/doi/full/10.1024/0300-9831/a000528","https://scholar.google.com/scholar?cites=11762446797760764329&as_sdt=2005&sciodt=0,5&hl=en",349,"2021-07-17 23:32:21","","10.1024/0300-9831","","",,,,,11,5.50,3,4,2,"… 0.01) significantly compared to the placebo group. A significant reduction in waist circumference was observed within resveratrol group (from 102.70 ± 7.68 to 101.39 ± 7.62 cm, P = 0.02). There were no significant changes in …","","https://scholar.google.com/scholar?q=related:qRn23QqbPKMJ:scholar.google.com/&scioq=%22waist+circumference%22+nigeria&hl=en&as_sdt=0,5&as_ylo=2019&as_yhi=2019&as_vis=1"
38,"KE Grinde, Q Qi, TA Thornton, S Liu…","Generalizing polygenic risk scores from Europeans to Hispanics/Latinos",2019,"Genetic …","Wiley Online Library","https://onlinelibrary.wiley.com/doi/abs/10.1002/gepi.22166","https://scholar.google.com/scholar?cites=7139374745566931196&as_sdt=2005&sciodt=0,5&hl=en",350,"2021-07-17 23:32:21","","10.1002/gepi.22166","","",,,,,38,19.00,8,5,2,"… PP, Pulse pressure. PRS, Polygenic risk score. RMSPE, Root mean squared prediction error. SBP, Systolic blood pressure. SNP, Single-nucleotide polymorphism. WBC, White blood cell count. WC, Waist circumference. WHI, Women's Health Initiative. WHI-SHARe, Women's H.","https://onlinelibrary.wiley.com/doi/am-pdf/10.1002/gepi.22166","https://scholar.google.com/scholar?q=related:_GjpS4EnFGMJ:scholar.google.com/&scioq=%22waist+circumference%22+nigeria&hl=en&as_sdt=0,5&as_ylo=2019&as_yhi=2019&as_vis=1"
0,"A Allen Nnanwuba, E Ogochukwu Charity, EO Ojinime…","The Displacement Effect of Screen Time among In-School Adolescents in Anambra State, Nigeria",,"iiardpub.org","","http://iiardpub.org/get/RJMCIT/VOL.%205%20NO.%202%202019/The%20Displacement%20Effect.pdf","",351,"2021-07-17 23:32:21","PDF","","","",,,,,0,0.00,0,4,,"… The researchers also observed a 'negative influence of TV viewing on waist circumference.' [3] In … four randomly selected private and government-owned secondary schools in Anambra State, Nigeria … indicates to a great extent the living condition of most Nigerian homes, which …","http://iiardpub.org/get/RJMCIT/VOL.%205%20NO.%202%202019/The%20Displacement%20Effect.pdf","https://scholar.google.com/scholar?q=related:YE3CAE0A5mQJ:scholar.google.com/&scioq=%22waist+circumference%22+nigeria&hl=en&as_sdt=0,5&as_ylo=2019&as_yhi=2019&as_vis=1"
0,"SO Ajayi, AM Adeoye, YR Raji, B Tayo, BL Salako…","WESTAFRICAN JOURNAL OF MEDICINE",2019,"WAJM","researchgate.net","https://www.researchgate.net/profile/Abiodun-Adeoye-2/publication/333173604_Self-reported_Sleep_Disorder_and_Ambulatory_Blood_Pressure_Phenotypes_in_Patients_with_or_without_Chronic_Kidney_Disease_Findings_from_Ibadan_CRECKID_Study/links/5da4e39a92851c6b4bd6ac4d/Self-reported-Sleep-Disorder-and-Ambulatory-Blood-Pressure-Phenotypes-in-Patients-with-or-without-Chronic-Kidney-Disease-Findings-from-Ibadan-CRECKID-Study.pdf","",352,"2021-07-17 23:32:21","PDF","","","",,,,,0,0.00,0,6,2,"… The prevalence of obstructive sleep apnoea was 50% in a Nigerian cohort of hypertensive … The waist circumference was measured as the midway circumference between the rib cage and the iliac … ris factors and pattern of chronic idney disease in Osun State, South West Nigeria …","https://www.researchgate.net/profile/Abiodun-Adeoye-2/publication/333173604_Self-reported_Sleep_Disorder_and_Ambulatory_Blood_Pressure_Phenotypes_in_Patients_with_or_without_Chronic_Kidney_Disease_Findings_from_Ibadan_CRECKID_Study/links/5da4e39a92851c6b4bd6ac4d/Self-reported-Sleep-Disorder-and-Ambulatory-Blood-Pressure-Phenotypes-in-Patients-with-or-without-Chronic-Kidney-Disease-Findings-from-Ibadan-CRECKID-Study.pdf","https://scholar.google.com/scholar?q=related:CDbijrTQXxMJ:scholar.google.com/&scioq=%22waist+circumference%22+nigeria&hl=en&as_sdt=0,5&as_ylo=2019&as_yhi=2019&as_vis=1"
0,"M Czeczelewski, J Czeczelewski, E Czeczelewska…","Obesity Medicine",,"sochob.cl","","https://www.sochob.cl/web1/wp-content/uploads/2019/12/Association-of-body-composition-indexes-with-cardio-metabolic-risk-factors.pdf","",353,"2021-07-17 23:32:21","PDF","","","",,,,,0,0.00,0,4,,"… Huxley, R., Mendis, S., Zheleznyakov, E., Reddy, S., Chan, J., 2010 Jan 5. Body mass index, waist circumference and waist:hip … Comparison of the per- formance of two measures of central adiposity among apparently healthy Nigerians using the receiver operating characteristic …","https://www.sochob.cl/web1/wp-content/uploads/2019/12/Association-of-body-composition-indexes-with-cardio-metabolic-risk-factors.pdf","https://scholar.google.com/scholar?q=related:jmi9UTdLyt0J:scholar.google.com/&scioq=%22waist+circumference%22+nigeria&hl=en&as_sdt=0,5&as_ylo=2019&as_yhi=2019&as_vis=1"
0,"HN Henry-Unaeze, EK Ngwu, JU Nwamara","Association of demographic and socioeconomic characteristics with body mass index of outpatient diabetic adults attending a tertiary health facility in Enugu, Nigeria",2019,"Diabetes & Metabolic …","Elsevier","https://www.sciencedirect.com/science/article/pii/S1871402118306362","",354,"2021-07-17 23:32:21","","","","",,,,,0,0.00,0,3,2,"… Research & Reviews. Original Article. Association of demographic and socioeconomic characteristics with body mass index of outpatient diabetic adults attending a tertiary health facility in Enugu, Nigeria. Author links open overlay …","","https://scholar.google.com/scholar?q=related:GGubJYCRhdwJ:scholar.google.com/&scioq=%22waist+circumference%22+nigeria&hl=en&as_sdt=0,5&as_ylo=2019&as_yhi=2019&as_vis=1"
0,"S Niknamian","Assessment of Risk Factors in Patients with Chronic Hepatitis B",2019,"Preprints","academia.edu","https://www.academia.edu/download/61674419/Assessment_of_Risk_Factors_in_Patients_with_Chronic_Hepatitis_B__-_120200103-9055-1t945z7.pdf","",355,"2021-07-17 23:32:21","PDF","","","",,,,,0,0.00,0,1,2,"… There was no significant relationship between the risk of having a disease with gender, age, weight, height, waist circumference, hip circumference, body mass index, and waist–hip ratio (P > 0.05) … index was calculated by dividing waist circumference to hip circumference …","https://www.academia.edu/download/61674419/Assessment_of_Risk_Factors_in_Patients_with_Chronic_Hepatitis_B__-_120200103-9055-1t945z7.pdf","https://scholar.google.com/scholar?q=related:PGd4-Zy6UDYJ:scholar.google.com/&scioq=%22waist+circumference%22+nigeria&hl=en&as_sdt=0,5&as_ylo=2019&as_yhi=2019&as_vis=1"
0,"NM Radwan, HM Al-Khashan, FA Alamri…","Effectiveness of Health Education Interventions on Modifying Cardiovascular Diseases Risk Factors: Systematic Review and Meta-Analysis",2019,"J Community Med …","researchgate.net","https://www.researchgate.net/profile/Mira-Maged/publication/343021089_Community_Medicine_Health_Education_Effectiveness_of_Health_Education_Interventions_on_Modifying_Cardiovascular_Diseases_Risk_Factors_Systematic_Review_and_Meta-_Analysis/links/5f11db6b92851c1eff18f2fa/Community-Medicine-Health-Education-Effectiveness-of-Health-Education-Interventions-on-Modifying-Cardiovascular-Diseases-Risk-Factors-Systematic-Review-and-Meta-Analysis.pdf","",356,"2021-07-17 23:32:21","PDF","","","",,,,,0,0.00,0,4,2,"… Nutritional counselling After 6 months of follow-up, body weight, waist circumference, diastolic blood pressure, fasting blood glucose, total and low-density lipoprotein cholesterol … Behavioural risk factors had improved among intervention in patients in Nigeria but not in China …","https://www.researchgate.net/profile/Mira-Maged/publication/343021089_Community_Medicine_Health_Education_Effectiveness_of_Health_Education_Interventions_on_Modifying_Cardiovascular_Diseases_Risk_Factors_Systematic_Review_and_Meta-_Analysis/links/5f11db6b92851c1eff18f2fa/Community-Medicine-Health-Education-Effectiveness-of-Health-Education-Interventions-on-Modifying-Cardiovascular-Diseases-Risk-Factors-Systematic-Review-and-Meta-Analysis.pdf","https://scholar.google.com/scholar?q=related:5YgieMubLs4J:scholar.google.com/&scioq=%22waist+circumference%22+nigeria&hl=en&as_sdt=0,5&as_ylo=2019&as_yhi=2019&as_vis=1"
13,"MC Picasso, JA Lo-Tayraco, JM Ramos-Villanueva…","Effect of vegetarian diets on the presentation of metabolic syndrome or its components: A systematic review and meta-analysis",2019,"Clinical Nutrition","Elsevier","https://www.sciencedirect.com/science/article/pii/S0261561418302073","https://scholar.google.com/scholar?cites=6792598676584242882&as_sdt=2005&sciodt=0,5&hl=en",357,"2021-07-17 23:32:21","","","","",,,,,13,6.50,3,4,2,"","","https://scholar.google.com/scholar?q=related:wp6X84EoRF4J:scholar.google.com/&scioq=%22waist+circumference%22+nigeria&hl=en&as_sdt=0,5&as_ylo=2019&as_yhi=2019&as_vis=1"
0,"C Christina","Hubungan night eating syndrome dengan lingkar perut pada usia produktif",2019,"SKRIPSI-2016","repository.trisakti.ac.id","http://repository.trisakti.ac.id/usaktiana/index.php/home/detail/detail_koleksi/0/SKR/jurusan/00000000000000098695/S1%20Arsitektur","",358,"2021-07-17 23:32:21","","","","",,,,,0,0.00,0,1,2,"… of obesity in pregnancy in Nigeria: a cross- sectional study. Afr Health Sci 2013;13:1034-40. 26. Mezick EJ, Wing RR, McCaffery JM. Associations of Self-Reported and Actigraphy-Assessed Sleep Characteristics with Body Mass Index and Waist Circumference in Adults …","http://repository.trisakti.ac.id/usaktiana/digital/00000000000000098695/2016_TA_KD_03012052_Daftar-pustaka.pdf","https://scholar.google.com/scholar?q=related:GQYvuLQXbvUJ:scholar.google.com/&scioq=%22waist+circumference%22+nigeria&hl=en&as_sdt=0,5&as_ylo=2019&as_yhi=2019&as_vis=1"
0,"AA Adeyemo, NA Zaghloul, G Chen, AP Doumatey…","ZRANB3 is an African-specific type 2 diabetes locus associated with beta-cell mass and insulin",,"core.ac.uk","","https://core.ac.uk/download/pdf/226941515.pdf","",359,"2021-07-17 23:32:21","PDF","","","",,,,,0,0.00,0,5,,"… In the present study, we conduct a GWAS of T2D in Africa using data from over 5,000 Africans enrolled from Nigeria, Ghana, and Kenya as part of the Africa America … How- ever, cases had a significantly bigger waist circumference than controls (mean 93.7cm versus 88.5cm) …","https://core.ac.uk/download/pdf/226941515.pdf","https://scholar.google.com/scholar?q=related:-RqJx1MH9R8J:scholar.google.com/&scioq=%22waist+circumference%22+nigeria&hl=en&as_sdt=0,5&as_ylo=2019&as_yhi=2019&as_vis=1"
5,"E EssawABDEFG, MO MosesACDEF…","Physical activity patterns and dietary habits of undergraduate students",2019,"Baltic Journal of …","researchgate.net","https://www.researchgate.net/profile/Isaac-Acheampong/publication/332100887_Physical_activity_patterns_and_dietary_habits_of_undergraduate_students_article_details/links/5c9ff00945851506d7361ee5/Physical-activity-patterns-and-dietary-habits-of-undergraduate-students-article-details.pdf","https://scholar.google.com/scholar?cites=16263217217186321548&as_sdt=2005&sciodt=0,5&hl=en",360,"2021-07-17 23:32:21","PDF","","","",,,,,5,2.50,2,3,2,"… Waist circumference, waist-to-hip ratio and waist-to-height ratio reference percentiles for abdominal obesity among Greek adolescents … 17] Length F. Dietary pattern, lifestyle, nutrition status and prevalence of hypertension among traders in Sokoto Central market, Sokoto, Nigeria …","https://www.researchgate.net/profile/Isaac-Acheampong/publication/332100887_Physical_activity_patterns_and_dietary_habits_of_undergraduate_students_article_details/links/5c9ff00945851506d7361ee5/Physical-activity-patterns-and-dietary-habits-of-undergraduate-students-article-details.pdf","https://scholar.google.com/scholar?q=related:jFRoj-SNsuEJ:scholar.google.com/&scioq=%22waist+circumference%22+nigeria&hl=en&as_sdt=0,5&as_ylo=2019&as_yhi=2019&as_vis=1"
8,"A Zekewos, T Egeno, E Loha","The magnitude of hypertension and its risk factors in southern Ethiopia: A community based study",2019,"PloS one","journals.plos.org","https://journals.plos.org/plosone/article?id=10.1371/journal.pone.0221726","https://scholar.google.com/scholar?cites=2358431705358825527&as_sdt=2005&sciodt=0,5&hl=en",361,"2021-07-17 23:32:21","HTML","","","",,,,,8,4.00,3,3,2,"… Waist-to-height ratio (WHtR) was calculated by dividing waist circumference in meters by height in meters … 13.2% in southwest Ethiopia that had included both rural and urban participants [10], 19.7% among workers of Hawassa University [16], 19.3% in rural Nigeria, and 14.5 …","https://journals.plos.org/plosone/article?id=10.1371/journal.pone.0221726","https://scholar.google.com/scholar?q=related:N3ju-CPVuiAJ:scholar.google.com/&scioq=%22waist+circumference%22+nigeria&hl=en&as_sdt=0,5&as_ylo=2019&as_yhi=2019&as_vis=1"
0,"AI Ofoegbu","The Benefits of Weight Management for Individuals with Pre-diabetes or Type 2 Diabetes Mellitus",2019,"","search.proquest.com","https://search.proquest.com/openview/ee2b379231d1020fc76705e896327290/1?pq-origsite=gscholar&cbl=18750&diss=y","",362,"2021-07-17 23:32:21","","","","",,,,,0,0.00,0,1,2,"… period of 8 weeks. Reduction in weight, body mass index and waist circumference measurements were monitored midway and 4 weeks post-intervention … promote decrease in body mass index and waist circumference (O) over a period of 3 months (t). Page 17. 10 …","","https://scholar.google.com/scholar?q=related:zNqOeGmYKt4J:scholar.google.com/&scioq=%22waist+circumference%22+nigeria&hl=en&as_sdt=0,5&as_ylo=2019&as_yhi=2019&as_vis=1"
7,"N Panon, K Luangsawang, C Rugaber…","Correlation between body mass index and ocular parameters",2019,"Clinical …","ncbi.nlm.nih.gov","https://www.ncbi.nlm.nih.gov/pmc/articles/pmc6503310/","https://scholar.google.com/scholar?cites=16637084833301570834&as_sdt=2005&sciodt=0,5&hl=en",363,"2021-07-17 23:32:21","HTML","","","",,,,,7,3.50,2,4,2,"… disability were excluded. All subjects underwent a medical history interview, arterial blood pressure, height, weight, waist circumference and hip circumference measurements, and BMI and waist-hip ratio calculation. The intraocular …","https://www.ncbi.nlm.nih.gov/pmc/articles/pmc6503310/","https://scholar.google.com/scholar?q=related:EqX6QoLM4uYJ:scholar.google.com/&scioq=%22waist+circumference%22+nigeria&hl=en&as_sdt=0,5&as_ylo=2019&as_yhi=2019&as_vis=1"
5,"EM Alissa, LS Alzughaibi, ZM Marzouki","Association between serum resistin, adiposity measures and inflammatory makers in women without cardiovascular diseases",2019,"Chemistry and physics of lipids","Elsevier","https://www.sciencedirect.com/science/article/pii/S000930841830135X","https://scholar.google.com/scholar?cites=5529317015036735337&as_sdt=2005&sciodt=0,5&hl=en",364,"2021-07-17 23:32:21","","","","",,,,,5,2.50,2,3,2,"… Central obesity was defined by WC > 88 cm and by WHR ≥ 0.8 in women (Valsamakis et al., 2004; World Health Organization. Waist Circumference and Waist-Hip Ratio, 2008) … WC: waist circumference, WHR: waist hip ratio …","","https://scholar.google.com/scholar?q=related:aa_Jk4cUvEwJ:scholar.google.com/&scioq=%22waist+circumference%22+nigeria&hl=en&as_sdt=0,5&as_ylo=2019&as_yhi=2019&as_vis=1"
33,"AA Adeyemo, NA Zaghloul, G Chen…","ZRANB3 is an African-specific type 2 diabetes locus associated with beta-cell mass and insulin response",2019,"Nature …","nature.com","https://www.nature.com/articles/s41467-019-10967-7","https://scholar.google.com/scholar?cites=15445125946023850907&as_sdt=2005&sciodt=0,5&hl=en",365,"2021-07-17 23:32:21","HTML","","","",,,,,33,16.50,8,4,2,"Genome analysis of diverse human populations has contributed to the identification of novel genomic loci for diseases of major clinical and public health impact. Here, we report a genome-wide analysis of type 2 diabetes (T2D) in sub-Saharan Africans, an understudied …","https://www.nature.com/articles/s41467-019-10967-7","https://scholar.google.com/scholar?q=related:m7PrUzccWNYJ:scholar.google.com/&scioq=%22waist+circumference%22+nigeria&hl=en&as_sdt=0,5&as_ylo=2019&as_yhi=2019&as_vis=1"
2,"EU Nwose, B Ekotogbo, CN Ogbolu…","Evaluation of ADL and BMI in the management of diabetes mellitus at secondary and tertiary health facilities",2019,"Diabetes & Metabolic …","Elsevier","https://www.sciencedirect.com/science/article/pii/S1871402119302954","https://scholar.google.com/scholar?cites=17716287128164394283&as_sdt=2005&sciodt=0,5&hl=en",366,"2021-07-17 23:32:21","","","","",,,,,2,1.00,1,4,2,"… In Nigeria and Delta State in particular, gym and physiotherapy practices are very limited in the cities and non-existent in the … lipid profiles are 31% and 25% respectively; including 22% that has both clinical measurements (Table 1). Measurement of waist circumference was not …","","https://scholar.google.com/scholar?q=related:K2UQNUfl3PUJ:scholar.google.com/&scioq=%22waist+circumference%22+nigeria&hl=en&as_sdt=0,5&as_ylo=2019&as_yhi=2019&as_vis=1"
5,"MAM Shalash, KH Rohoma, NS Kandil…","Serum sclerostin level and its relation to subclinical atherosclerosis in subjects with type 2 diabetes",2019,"Journal of Diabetes and …","Elsevier","https://www.sciencedirect.com/science/article/pii/S1056872718314211","https://scholar.google.com/scholar?cites=7796876330903921500&as_sdt=2005&sciodt=0,5&hl=en",367,"2021-07-17 23:32:21","","","","",,,,,5,2.50,1,4,2,"… The waist circumference was measured at the midpoint between the lower margin of the last palpable rib and the top of the iliac crest, using a stretch-resistant tape … Waist circumference (cm), 112.2 ± 11.29, 92.50 ± 10.09, <0.001 ⁎ …","","https://scholar.google.com/scholar?q=related:XOMtnbYRNGwJ:scholar.google.com/&scioq=%22waist+circumference%22+nigeria&hl=en&as_sdt=0,5&as_ylo=2019&as_yhi=2019&as_vis=1"
0,"D Szafraniec, W Czarny","High normal blood pressure and hypertension among Polish students: prevalence and risk factors",2019,"Anthropological Review","search.proquest.com","https://search.proquest.com/openview/98fa79a04aae5e21c9fcfddcffafa8e8/1?pq-origsite=gscholar&cbl=1976405","",368,"2021-07-17 23:32:21","","","","",,,,,0,0.00,0,2,2,"… The percentage of fat was determined using the body composition analyzer. Body height and mass, waist circumference, hips and the largest right thigh circum- ference were measured and anthropometric indices calculated …","","https://scholar.google.com/scholar?q=related:abu_UF3zPikJ:scholar.google.com/&scioq=%22waist+circumference%22+nigeria&hl=en&as_sdt=0,5&as_ylo=2019&as_yhi=2019&as_vis=1"
0,"RM Gol, M Rafraf, MA Jafarabadi","THE RELATIONSHIP OF SERUM LIPID PROFILE AND SOME CARDIOVASCULAR RISK FACTORS IN APPARENTLY HEALTHY WOMEN IN TABRIZ, IRAN",2019,"Pakistan Heart Journal","pakheartjournal.com","https://pakheartjournal.com/index.php/pk/article/view/1825","",369,"2021-07-17 23:32:21","","","","",,,,,0,0.00,0,3,2,"… LDL-C, low-density lipoprotein cholesterol;BMI, body mass index; WC, waist circumference; WHR, waist-hip ratio; SBP, systolic blood pressure; DBP … on 205 19 apparently healthy men and women aged 21-60 years in Nigeria, positive correlation was found between TG …","https://pakheartjournal.com/index.php/pk/article/view/1825/940","https://scholar.google.com/scholar?q=related:_qzriHr65aYJ:scholar.google.com/&scioq=%22waist+circumference%22+nigeria&hl=en&as_sdt=0,5&as_ylo=2019&as_yhi=2019&as_vis=1"
0,"L KIT","DETERMINANTS OF OBESITY INDICES AMONG PRIMARY HEALTHCARE WORKERS IN PERAK, MALAYSIA",2019,"","psasir.upm.edu.my","http://psasir.upm.edu.my/id/eprint/84225/1/FPSK%20%28m%29%202019%2056%20UPM%20IR.pdf","",370,"2021-07-17 23:32:21","PDF","","","",,,,,0,0.00,0,1,2,"… The most commonly used obesity indices to classify obesity are body mass index (BMI) and waist circumference, yet it has some drawbacks which affecting their reliability … ii status was found to be another predictors for both waist circumference and body fat percentage …","http://psasir.upm.edu.my/id/eprint/84225/1/FPSK%20%28m%29%202019%2056%20UPM%20IR.pdf","https://scholar.google.com/scholar?q=related:hzRMIBYX_esJ:scholar.google.com/&scioq=%22waist+circumference%22+nigeria&hl=en&as_sdt=0,5&as_ylo=2019&as_yhi=2019&as_vis=1"
268,"LM Jaacks, S Vandevijvere, A Pan…","The obesity transition: stages of the global epidemic",2019,"The lancet Diabetes & …","Elsevier","https://www.sciencedirect.com/science/article/pii/S2213858719300269","https://scholar.google.com/scholar?cites=3628501921163764361&as_sdt=2005&sciodt=0,5&hl=en",371,"2021-07-17 23:32:21","","","","",,,,,268,134.00,67,4,2,"JavaScript is disabled on your browser. Please enable JavaScript to use all the features on this page. Skip to main content Skip to article …","https://www.ncbi.nlm.nih.gov/pmc/articles/PMC7360432/","https://scholar.google.com/scholar?q=related:ieLJzUUHWzIJ:scholar.google.com/&scioq=%22waist+circumference%22+nigeria&hl=en&as_sdt=0,5&as_ylo=2019&as_yhi=2019&as_vis=1"
0,"N Yadav, Z Singh, S Shukla, S Nirmal","ASSOCIATION BETWEEN OBESITY INDICES AND BLOOD PRESSURE AMONG SELECTED POPULATION OF ALLAHABAD CITY",,"researchgate.net","","https://www.researchgate.net/profile/Zoomi-Singh/publication/336591529_ASSOCIATION_BETWEEN_OBESITY_INDICES_AND_BLOOD_PRESSURE_AMONG_SELECTED_POPULATION_OF_ALLAHABAD_CITY/links/5ef45b5592851c35353fc731/ASSOCIATION-BETWEEN-OBESITY-INDICES-AND-BLOOD-PRESSURE-AMONG-SELECTED-POPULATION-OF-ALLAHABAD-CITY.pdf","",372,"2021-07-17 23:32:21","PDF","","","",,,,,0,0.00,0,4,,"… (2007) found that waist circumference was significantly & strongly associated with hypertension, than BMI, body fat percentage and skinfold thickness … and obesity among patients attending a Nigerian oral surgery clinic : implication for oral surgical practice in Nigeria …","https://www.researchgate.net/profile/Zoomi-Singh/publication/336591529_ASSOCIATION_BETWEEN_OBESITY_INDICES_AND_BLOOD_PRESSURE_AMONG_SELECTED_POPULATION_OF_ALLAHABAD_CITY/links/5ef45b5592851c35353fc731/ASSOCIATION-BETWEEN-OBESITY-INDICES-AND-BLOOD-PRESSURE-AMONG-SELECTED-POPULATION-OF-ALLAHABAD-CITY.pdf","https://scholar.google.com/scholar?q=related:9B5H4-3QwjoJ:scholar.google.com/&scioq=%22waist+circumference%22+nigeria&hl=en&as_sdt=0,5&as_ylo=2019&as_yhi=2019&as_vis=1"
3,"MW Abrha, O Seid, K Gebremariam, A Kahsay…","Nutritional status significantly affects hospital length of stay among surgical patients in public hospitals of Northern Ethiopia: single cohort study",2019,"BMC research …","Springer","https://link.springer.com/article/10.1186/s13104-019-4451-5","https://scholar.google.com/scholar?cites=3242633031501146175&as_sdt=2005&sciodt=0,5&hl=en",373,"2021-07-17 23:32:21","HTML","10.1186/s13104-019-4451-5","","",,,,,3,1.50,1,5,2,"… LOS: length of stay. MUAC: mid upper arm circumference. WC: waist circumference. WHO: World Health Organization. WHR: waist hip ratio. References. 1. Ilesanmi OS, Fatiregun AA. Length of stay of surgical inpatients at University College Hospital, Ibadan, Nigeria …","https://link.springer.com/article/10.1186/s13104-019-4451-5","https://scholar.google.com/scholar?q=related:P-iS248lAC0J:scholar.google.com/&scioq=%22waist+circumference%22+nigeria&hl=en&as_sdt=0,5&as_ylo=2019&as_yhi=2019&as_vis=1"
1,"N Gerard, TTJ Judith, S Gustave…","Lipid Profile and Prevalence of Dyslipidemia in Pre-and Postmenopausal Women in Yaounde, Cameroon",2019,"… Research & Review","researchgate.net","https://www.researchgate.net/profile/Tambe-Ayuk/publication/333020084_Lipid_Profile_and_Prevalence_of_Dyslipidemia_in_Pre-_and_Postmenopausal_Women_in_Yaounde_Cameroon/links/5d09ea6692851cfcc622c758/Lipid-Profile-and-Prevalence-of-Dyslipidemia-in-Pre-and-Postmenopausal-Women-in-Yaounde-Cameroon.pdf","https://scholar.google.com/scholar?cites=4714013708372170204&as_sdt=2005&sciodt=0,5&hl=en",374,"2021-07-17 23:32:21","PDF","","","",,,,,1,0.50,0,4,2,"… Waist circumference, as well as BMI, was significantly higher in postmenopausal participants when compared to premenopausal. 3.2 Lipid Profile … In other African countries such as Nigeria, Manafa et al … postmenopausal Nigerian women compared to premenopausal subjects …","https://www.researchgate.net/profile/Tambe-Ayuk/publication/333020084_Lipid_Profile_and_Prevalence_of_Dyslipidemia_in_Pre-_and_Postmenopausal_Women_in_Yaounde_Cameroon/links/5d09ea6692851cfcc622c758/Lipid-Profile-and-Prevalence-of-Dyslipidemia-in-Pre-and-Postmenopausal-Women-in-Yaounde-Cameroon.pdf","https://scholar.google.com/scholar?q=related:3FXY6X2Ka0EJ:scholar.google.com/&scioq=%22waist+circumference%22+nigeria&hl=en&as_sdt=0,5&as_ylo=2019&as_yhi=2019&as_vis=1"
0,"G Inekwe, O Oduma, CS Agu, CE Igboayaka…","Assessement of sitting anthropometry of male and female tractor operators in Abia state",2019,"Poljoprivredna …","scindeks.ceon.rs","http://scindeks.ceon.rs/article.aspx?artid=0554-55871904039I","",375,"2021-07-17 23:32:21","","","","",,,,,0,0.00,0,5,2,"… The measuring tape was used to measure waist breadth, waist circumference, foot length, and hand breadth … Comparative analysis of anthropometric dimensions of male and female agricultural workers in south-eastern Nigeria. Nigerian Journal of Technology (NIJOTECH) Vol …","http://scindeks-clanci.ceon.rs/data/pdf/0554-5587/2019/0554-55871904039I.pdf","https://scholar.google.com/scholar?q=related:bEyNBm6nmjIJ:scholar.google.com/&scioq=%22waist+circumference%22+nigeria&hl=en&as_sdt=0,5&as_ylo=2019&as_yhi=2019&as_vis=1"
3,"P Nie, L Ding, A Sousa-Poza","Obesity inequality and the changing shape of the bodyweight distribution in China",2019,"China Economic Review","Elsevier","https://www.sciencedirect.com/science/article/pii/S1043951X19301099","https://scholar.google.com/scholar?cites=8238539569637672374&as_sdt=2005&sciodt=0,5&hl=en",376,"2021-07-17 23:32:21","","","","",,,,,3,1.50,1,3,2,"… waist circumference. a 30 countries include Bangladesh, Burkina Faso, Bolivia, Benin, Cameroon, Côte d'Ivoire, Chad, Colombia, Dom. Republic, Egypt, Guatemala, Ghana, Haiti, Kenya, Kazakhstan, Madagascar, Malawi, Mozambique, Mali, Morocco, Nepal, Nigeria, Nicaragua …","https://www.econstor.eu/bitstream/10419/183240/1/dp-24-2018.pdf","https://scholar.google.com/scholar?q=related:tsVAxBYsVXIJ:scholar.google.com/&scioq=%22waist+circumference%22+nigeria&hl=en&as_sdt=0,5&as_ylo=2019&as_yhi=2019&as_vis=1"
0,"QD Quan, TC Nguyen, BH Tran, AD Chung…","Based zoometric description of adult Phu Quoc Ridgeback dog (Canis familiaris)",2019,"Journal of Agricultural …","ijat-aatsea.com","http://www.ijat-aatsea.com/pdf/v15_n5_2019_September/7_IJAT_15(5)_2019_Quan,%20Q.%20D..pdf","",377,"2021-07-17 23:32:21","PDF","","","",,,,,0,0.00,0,5,2,"… is no difference in common phenotypic traits (body height and length, chest and waist circumference, ear length … Relationships between zoometric measurements, coat colors and body condition scores of the Nigerian indigenous dogs in Maiduguri, Northeastern Nigeria …","http://www.ijat-aatsea.com/pdf/v15_n5_2019_September/7_IJAT_15(5)_2019_Quan,%20Q.%20D..pdf","https://scholar.google.com/scholar?q=related:E5jvHLQyCmwJ:scholar.google.com/&scioq=%22waist+circumference%22+nigeria&hl=en&as_sdt=0,5&as_ylo=2019&as_yhi=2019&as_vis=1"
0,"I Goziechukwu, O Okechukwu, A Chukwulebile…","Assessment of Sitting Anthropometry of Male and Female Tractor Operators in Abia State",2019,"","147.91.222.221","http://147.91.222.221/handle/123456789/2384","",378,"2021-07-17 23:32:21","","","","",,,,,0,0.00,0,4,2,"… The measuring tape was used to measure waist breadth, waist circumference, foot length, and hand breadth … Comparative analysis of anthropometric dimensions of male and female agricultural workers in south-eastern Nigeria. Nigerian Journal of Technology (NIJOTECH) Vol …","http://147.91.222.221/bitstream/handle/123456789/2384/03%20ODUMA%20Antropometrija%20FINAL.pdf?sequence=1&isAllowed=y","https://scholar.google.com/scholar?q=related:yvNTsF-o3tYJ:scholar.google.com/&scioq=%22waist+circumference%22+nigeria&hl=en&as_sdt=0,5&as_ylo=2019&as_yhi=2019&as_vis=1"
575,"ZM Younossi","Non-alcoholic fatty liver disease–A global public health perspective",2019,"Journal of hepatology","Elsevier","https://www.sciencedirect.com/science/article/pii/S0168827818325170","https://scholar.google.com/scholar?cites=16852690672807396155&as_sdt=2005&sciodt=0,5&hl=en",379,"2021-07-17 23:32:21","","","","",,,,,575,287.50,575,1,2,"","https://www.journal-of-hepatology.eu/article/S0168-8278%252818%252932517-0/fulltext","https://scholar.google.com/scholar?q=related:O0M5puDI4OkJ:scholar.google.com/&scioq=%22waist+circumference%22+nigeria&hl=en&as_sdt=0,5&as_ylo=2019&as_yhi=2019&as_vis=1"
0,"A Bakshi, J Bavikar, S Asegaonkar","Comparative study of calculated lipid indices viz atherogenic index of plasma, atherogenic coefficient and lipid accumulation product over conventional lipid …",,"academia.edu","","https://www.academia.edu/download/63428276/IJCBR-6-1-2-6120200526-6689-2m11r4.pdf","",380,"2021-07-17 23:32:21","PDF","","","",,,,,0,0.00,0,3,,"… 13. Antoninus OE, Elias OA. Anthropometric measures of adiposity as correlates of atherogenic index of plasma in nonobese sedentary Nigerian males … Association of waist circumference with atherogenic cardiovascular risks in centrally obese Myanmar male subjects …","https://www.academia.edu/download/63428276/IJCBR-6-1-2-6120200526-6689-2m11r4.pdf","https://scholar.google.com/scholar?q=related:-0XJF-0kiWwJ:scholar.google.com/&scioq=%22waist+circumference%22+nigeria&hl=en&as_sdt=0,5&as_ylo=2019&as_yhi=2019&as_vis=1"
0,"HO Bâ, I Menta, I Sangaré, N Sidibé, Y Camara…","Management of Hypertension (HTN) in a Cardiology Department in Bamako (Mali): Financial Aspects",2019,"World Journal of …","scirp.org","https://www.scirp.org/html/2-1910885_93251.htm","",381,"2021-07-17 23:32:21","HTML","","","",,,,,0,0.00,0,6,2,"… https://doi.org/10.1155/2016/9754230; 8. Ilesanmi, OS, Ige, OK and Adebiyi, AO (2012) The Managed Hypertensive: The Costs of Blood Pressure Control in a Nigerian Town … (2001) A Comparative Evaluation of Waist Circumference, Waist-to-Hip Ratio and Body Mass Index as …","https://www.scirp.org/html/2-1910885_93251.htm","https://scholar.google.com/scholar?q=related:IjQddKDTu9cJ:scholar.google.com/&scioq=%22waist+circumference%22+nigeria&hl=en&as_sdt=0,5&as_ylo=2019&as_yhi=2019&as_vis=1"
0,"PA Reyes-Castillo, R González-Vázquez…","Medidas antropométricas y niveles de adipocinas de una población joven de pregrado con dieta habitual",2019,"Nutrición …","SciELO Espana","https://scielo.isciii.es/scielo.php?pid=S0212-16112019000100080&script=sci_arttext&tlng=pt","",382,"2021-07-17 23:32:21","HTML","","","",,,,,0,0.00,0,3,2,"… Comparison of body mass index (BMI), body adiposity index (BAI), waist circumference (WC), waist-to-hip ratio (WHR) and waist-to-height ratio (WHtR) as predictors of cardiovascular disease risk factors in an … Waist-hip ratio and breast cancer risk in urbanized Nigerian women …","https://scielo.isciii.es/scielo.php?pid=S0212-16112019000100080&script=sci_arttext&tlng=pt","https://scholar.google.com/scholar?q=related:zPg1411m8dcJ:scholar.google.com/&scioq=%22waist+circumference%22+nigeria&hl=en&as_sdt=0,5&as_ylo=2019&as_yhi=2019&as_vis=1"
0,"FXHH Jong, PA Mellow","The Association Between Risk Factors And Ultrasound-Based Grades Of Non-Alcoholic Fatty Liver Disease In Type-2 Diabetes Patients",2019,"JURNAL WIDYA MEDIKA","jurnal.wima.ac.id","http://jurnal.wima.ac.id/index.php/JWM/article/view/1998","",383,"2021-07-17 23:32:21","","","","",,,,,0,0.00,0,2,2,"… The p-value of comparative test between two waist circumference groups was 0.063 (no significant difference) … carcinoma (29). A hospital-based study in Nigeria has shown that there was no … glycemic control between different NAFLD grades of the Nigerian type-2 diabetes …","http://jurnal.wima.ac.id/index.php/JWM/article/download/1998/1771","https://scholar.google.com/scholar?q=related:fbPQkFFXJj8J:scholar.google.com/&scioq=%22waist+circumference%22+nigeria&hl=en&as_sdt=0,5&as_ylo=2019&as_yhi=2019&as_vis=1"
2,"NFA Norhizan, HF Ghazi, HA Abdalrazak…","Social phobia and its association with body shape and internet addiction among private university students in Selangor, Malaysia",2019,"… Journal of Medical …","indianjournals.com","https://www.indianjournals.com/ijor.aspx?target=ijor:ijmtlm&volume=22&issue=1and2&article=025","https://scholar.google.com/scholar?cites=15899932454784941499&as_sdt=2005&sciodt=0,5&hl=en",384,"2021-07-17 23:32:21","","","","",,,,,2,1.00,1,4,2,"… There was no significant association between them and social phobia (p=0.60, 0.63, 0.74 respectively). Table 4: Association between Age, Income, Waist circumference and Social Phobia … Social phobia in Nigerian university students: Prevalence, correlates and co- morbidity …","https://www.researchgate.net/profile/Hasanain-Ghazi/publication/335444736_Social_phobia_and_its_association_with_body_shape_and_internet_addiction_among_private_university_students_in_Selangor_Malaysia/links/5d665a6592851c70c4c3a2af/Social-phobia-and-its-association-with-body-shape-and-internet-addiction-among-private-university-students-in-Selangor-Malaysia.pdf","https://scholar.google.com/scholar?q=related:uz0pgFPop9wJ:scholar.google.com/&scioq=%22waist+circumference%22+nigeria&hl=en&as_sdt=0,5&as_ylo=2019&as_yhi=2019&as_vis=1"
0,"L Yu-Li, W Chih-Hsien, K Chiu-Huang…","SAT-261 RELATIONSHIP OF SERUM CREATININE TO CYSTATIN C RATIO WITH SKELETAL MUSCLE MASS AND MUSCLE STRENGTH IN PATIENTS WITH …",2019,"Kidney International …","kireports.org","https://www.kireports.org/article/S2468-0249(19)30493-0/pdf","",385,"2021-07-17 23:32:21","PDF","","","",,,,,0,0.00,0,4,2,"… Ong C, A2, Chico, T2 1Lagos State University Teaching Hospital, Nephrology Unit- Department of Medicine, Lagos, Nigeria, 2University of … After adjusting multiple confounders, age, sex, waist circumference, body fat mass and the Cr/CysC ratio were in- dependent predictors for …","https://www.kireports.org/article/S2468-0249(19)30493-0/pdf",""
15,"P Modjadji, S Madiba","Childhood undernutrition and its predictors in a rural health and demographic surveillance system site in South Africa",2019,"… journal of environmental research and public …","mdpi.com","https://www.mdpi.com/519064","https://scholar.google.com/scholar?cites=16225791164147319055&as_sdt=2005&sciodt=0,5&hl=en",386,"2021-07-17 23:32:21","","","","",,,,,15,7.50,8,2,2,"… kg/m 2 ) = weight (kg)/height (m 2 )). Normal BMI is within 19 to 24 kg/m 2 . Underweight is defined as BMI < 18.5 kg/m 2 , overweight as BMI of 25 to 29.9 kg/m 2 , and obesity as BMI ≥ 30 kg/m 2 . The cut-off point for central obesity in females is a waist circumference ≥88 cm …","https://www.mdpi.com/1660-4601/16/17/3021/pdf","https://scholar.google.com/scholar?q=related:D0GsihiXLeEJ:scholar.google.com/&scioq=%22waist+circumference%22+nigeria&hl=en&as_sdt=0,5&as_ylo=2019&as_yhi=2019&as_vis=1"
8,"G Şengör, C Gezer","Food addiction and its relationship with disordered eating behaviours and obesity",2019,"Eating and Weight Disorders-Studies on Anorexia …","Springer","https://link.springer.com/article/10.1007/s40519-019-00662-3","https://scholar.google.com/scholar?cites=8964915657683322052&as_sdt=2005&sciodt=0,5&hl=en",387,"2021-07-17 23:32:21","","10.1007/s40519-019-00662-3","","",,,,,8,4.00,4,2,2,"… Cutoff points for waist circumference are 80 cm and 94 cm for females and males, respectively. Values above these for waist circumference indicate an elevated risk of hypertension and diabetes. The waist-to-hip ratio was calculated …","","https://scholar.google.com/scholar?q=related:xESN4UrHaXwJ:scholar.google.com/&scioq=%22waist+circumference%22+nigeria&hl=en&as_sdt=0,5&as_ylo=2019&as_yhi=2019&as_vis=1"
3,"E Muya, A Kamuhabwa","Comparative Assessment of the Magnitude of Hyperlipidemia in HIV-Infected Patients Receiving Lopinavir/r-and Atazanavir/r-Based Antiretroviral Drugs",2019,"… of Providers of AIDS Care (JIAPAC …","journals.sagepub.com","https://journals.sagepub.com/doi/abs/10.1177/2325958219841908","https://scholar.google.com/scholar?cites=16322404885404332929&as_sdt=2005&sciodt=0,5&hl=en",388,"2021-07-17 23:32:21","","10.1177/2325958219841908","","",,,,,3,1.50,2,2,2,"Objective:To assess prevalence of hyperlipidemia in patients receiving lopinavir boosted with ritonavir (LPV/r) and atazanavir boosted with ritonavir (ATV/r) antiretroviral drugs.Methods:HIV-infect...","https://journals.sagepub.com/doi/pdf/10.1177/2325958219841908","https://scholar.google.com/scholar?q=related:gTOgcsPUhOIJ:scholar.google.com/&scioq=%22waist+circumference%22+nigeria&hl=en&as_sdt=0,5&as_ylo=2019&as_yhi=2019&as_vis=1"
3,"J Shapouri, M Aghaali, M Aghaei…","Prevalence of Lower Extremities' Postural Deformities in Overweight and Normal Weight School Children",2019,"Iranian Journal of …","sites.kowsarpub.com","https://sites.kowsarpub.com/ijp/articles/89138.html","https://scholar.google.com/scholar?cites=14567783796080912232&as_sdt=2005&sciodt=0,5&hl=en",389,"2021-07-17 23:32:21","HTML","","","",,,,,3,1.50,1,4,2,"… measuring tape. Waist circumference to hip ratio (WHR) was calculated by dividing WC to HC in cm. For consistency … obese children. Ezema et al. in Nigeria have demonstrated that obesity is a risk factor for flat foot (26). Chang et al. in a …","https://sites.kowsarpub.com/ijp/articles/89138.html","https://scholar.google.com/scholar?q=related:aCcY2i0qK8oJ:scholar.google.com/&scioq=%22waist+circumference%22+nigeria&hl=en&as_sdt=0,5&as_ylo=2019&as_yhi=2019&as_vis=1"
1,"F Ahsan","Metabolic Syndrome: Mini Review",2019,"JSM Human Nutri Food Sci","researchgate.net","https://www.researchgate.net/profile/Fasiha-Ahsan/publication/334285753_Metabolic_Syndrome_Cluster_of_Diseases/links/5d223bc5458515c11c1bfa29/Metabolic-Syndrome-Cluster-of-Diseases.pdf","https://scholar.google.com/scholar?cites=14688110773704264820&as_sdt=2005&sciodt=0,5&hl=en",390,"2021-07-17 23:32:21","PDF","","","",,,,,1,0.50,1,1,2,"… Other countries, such as Malaysia, India, Philippines, Nigeria, Brazil, Turkey, and Iran have also observed metabolic syndrome in greater than 25 … In Pakistani population, obesity in terms of waist circumference is ranges from 45-68%, with a strong relationship found between arm …","https://www.researchgate.net/profile/Fasiha-Ahsan/publication/334285753_Metabolic_Syndrome_Cluster_of_Diseases/links/5d223bc5458515c11c1bfa29/Metabolic-Syndrome-Cluster-of-Diseases.pdf","https://scholar.google.com/scholar?q=related:dAw7gO2m1ssJ:scholar.google.com/&scioq=%22waist+circumference%22+nigeria&hl=en&as_sdt=0,5&as_ylo=2019&as_yhi=2019&as_vis=1"
10,"OA Ayeni, M Joffe, H Cubasch, S Rinaldi…","Prevalence of comorbidities in women with and without breast cancer in Soweto, South Africa: Results from the SABC study",2019,"South African Medical …","journals.co.za","https://journals.co.za/doi/abs/10.7196/SAMJ.2019.v109i4.13465","https://scholar.google.com/scholar?cites=508196989042369643&as_sdt=2005&sciodt=0,5&hl=en",391,"2021-07-17 23:32:21","","10.7196/SAMJ.2019.v109i4.13465","","",,,,,10,5.00,2,5,2,"… 215 (26.9) 105 (26.3) 110 (27.6) Morbidly obese ( ≥40) 241 (30.2) 119 (29.8) 122 (30.6) Waist circumference (cm), mean (SD) 94.6 (13.8) 93.4 (13.8) 95.9 (13.7) 0.009* Abdominal adiposity (waist circumference in cm), n (%) <80 117 (14.7) 64 (16.0) 53 (13.3) 0.271 ≥80 …","https://journals.co.za/doi/pdf/10.7196/SAMJ.2019.v109i4.13465","https://scholar.google.com/scholar?q=related:ayTLD3h6DQcJ:scholar.google.com/&scioq=%22waist+circumference%22+nigeria&hl=en&as_sdt=0,5&as_ylo=2019&as_yhi=2019&as_vis=1"
7,"EW Abd El–Wahab, HZ Shatat…","Adapting a prediction rule for metabolic syndrome risk assessment suitable for developing countries",2019,"Journal of primary care …","journals.sagepub.com","https://journals.sagepub.com/doi/abs/10.1177/2150132719882760","https://scholar.google.com/scholar?cites=17545316169204339345&as_sdt=2005&sciodt=0,5&hl=en",392,"2021-07-17 23:32:21","","10.1177/2150132719882760","","",,,,,7,3.50,2,3,2,"Background: Metabolic syndrome (MetS) is a cluster of cardiometabolic disturbances that increases the risk of cardiovascular diseases (CVD) and type 2 diabetes mellitus (DM). The early identificati...","https://journals.sagepub.com/doi/pdf/10.1177/2150132719882760","https://scholar.google.com/scholar?q=related:kZJXyRh8ffMJ:scholar.google.com/&scioq=%22waist+circumference%22+nigeria&hl=en&as_sdt=0,5&as_ylo=2019&as_yhi=2019&as_vis=1"
9,"F Nouh, M Omar, M Younis","Risk factors and management of hyperlipidemia",2019,"Asian Journal of Cardiology Research","journalajcr.com","http://journalajcr.com/index.php/AJCR/article/view/29680","https://scholar.google.com/scholar?cites=15959617013026286981&as_sdt=2005&sciodt=0,5&hl=en",393,"2021-07-17 23:32:21","","","","",,,,,9,4.50,3,3,2,"… Reviewers: (1) Mra Aye, Melaka Manipal Medical College, Malaysia. (2) Jibril Zuberu, Ahmadu Bello University, Nigeria … The risk increases if the patient is a man with a waist circumference of at least (102 cm) or a woman with a waist circumference of at least (89 cm) [21]. Fig …","http://journalajcr.com/index.php/AJCR/article/download/29680/55794","https://scholar.google.com/scholar?q=related:hW22nB3ze90J:scholar.google.com/&scioq=%22waist+circumference%22+nigeria&hl=en&as_sdt=0,5&as_ylo=2019&as_yhi=2019&as_vis=1"
1,"W Oldewage-Theron, A Egal","The effect of consumption of soy foods on metabolic syndrome in women: a case study from peri-urban Qwa-Qwa, South Africa",2019,"South African Journal of Clinical …","Taylor & Francis","https://www.tandfonline.com/doi/abs/10.1080/16070658.2018.1438340","https://scholar.google.com/scholar?cites=2604140345997897410&as_sdt=2005&sciodt=0,5&hl=en",394,"2021-07-17 23:32:21","","10.1080/16070658.2018.1438340","","",,,,,1,0.50,1,2,2,"… Waist circumference (WC) was measured at the area halfway between lower rib and iliac crest with a non-stretchable measuring tape in a horizontal position around … SA has a high prevalence of MetS compared with other African countries such as Nigeria, Ethiopia and Tunisia …","https://www.tandfonline.com/doi/pdf/10.1080/16070658.2018.1438340","https://scholar.google.com/scholar?q=related:wq537NjDIyQJ:scholar.google.com/&scioq=%22waist+circumference%22+nigeria&hl=en&as_sdt=0,5&as_ylo=2019&as_yhi=2019&as_vis=1"
7,"SH Assaad Khalil, SI Abdelaziz…","Prediabetes management in the Middle East, Africa and Russia: Current status and call for action",2019,"Diabetes and …","journals.sagepub.com","https://journals.sagepub.com/doi/abs/10.1177/1479164118819665","https://scholar.google.com/scholar?cites=3207130944658133797&as_sdt=2005&sciodt=0,5&hl=en",395,"2021-07-17 23:32:21","","10.1177/1479164118819665","","",,,,,7,3.50,2,3,2,"Most data on the burden of diabetes and prediabetes are from countries where local infrastructure can support reliable estimates of the burden of non-communicable diseases. Countries in the Middle ...","https://journals.sagepub.com/doi/pdf/10.1177/1479164118819665","https://scholar.google.com/scholar?q=related:JdOCIJoEgiwJ:scholar.google.com/&scioq=%22waist+circumference%22+nigeria&hl=en&as_sdt=0,5&as_ylo=2019&as_yhi=2019&as_vis=1"
2,"GK Kshatriya, A Kumari, SK Acharya","Comparing the ability of anthropometric indicators in determining the prevalence of hypertension among Indian tribes",2019,"Diabetes & Metabolic Syndrome …","Elsevier","https://www.sciencedirect.com/science/article/pii/S1871402118304879","https://scholar.google.com/scholar?cites=270517752843643701&as_sdt=2005&sciodt=0,5&hl=en",396,"2021-07-17 23:32:21","","","","",,,,,2,1.00,1,3,2,"… Selected anthropometric indicators such as body mass index (BMI), waist-hip-ratio (WHR), waist-height-ratio (WHtR), percentage body fat (PBF), visceral fat (VF), minimum-waist- circumference (MWC) and sum-of-the-four skinfold thickness (SF4), along with the physiological …","","https://scholar.google.com/scholar?q=related:Nauug3YSwQMJ:scholar.google.com/&scioq=%22waist+circumference%22+nigeria&hl=en&as_sdt=0,5&as_ylo=2019&as_yhi=2019&as_vis=1"
0,"RP Nusantari, S Husin, S Subandrate","FAKTOR RISIKO OBESITAS SENTRAL PADA MAHASISWA FAKULTAS KEDOKTERAN UNIVERSITAS SRIWIJAYA",2019,"","repository.unsri.ac.id","https://repository.unsri.ac.id/24900/","",397,"2021-07-17 23:32:21","","","","",,,,,0,0.00,0,3,2,"… causes fat accumulation around the stomach and it is assessed based on waist circumference … High Prevalence Of Obesity Among Indigenous Residents Of A Nigerian Ethnic Group: The … Prevalence Of Abdominal Obesity In Abia State, Nigeria: Results Of A Population-Based …","https://repository.unsri.ac.id/24900/3/RAMA_11201_04011281621096_0009126104_0016058404_01_front-ref.pdf","https://scholar.google.com/scholar?q=related:ORX60ome9agJ:scholar.google.com/&scioq=%22waist+circumference%22+nigeria&hl=en&as_sdt=0,5&as_ylo=2019&as_yhi=2019&as_vis=1"
13,"N Kapoor, J Audsley, P Rupali, J Sasadeusz, TV Paul…","A gathering storm: HIV infection and nonalcoholic fatty liver disease in low and middle-income countries",2019,"Aids","journals.lww.com","https://journals.lww.com/aidsonline/fulltext/2019/06010/a_gathering_storm__hiv_infection_and_nonalcoholic.1.aspx","https://scholar.google.com/scholar?cites=10575954033243862682&as_sdt=2005&sciodt=0,5&hl=en",398,"2021-07-17 23:32:21","","","","",,,,,13,6.50,2,6,2,"Despite the decreasing total incidence of liver-related deaths, liver disease remains one of the maj.","https://minerva-access.unimelb.edu.au/bitstream/handle/11343/227817/AIDS-S-18-01099.pdf","https://scholar.google.com/scholar?q=related:mjZc0ChWxZIJ:scholar.google.com/&scioq=%22waist+circumference%22+nigeria&hl=en&as_sdt=0,5&as_ylo=2019&as_yhi=2019&as_vis=1"
9,"MC das Merces, AIC Santana, I Lua…","Metabolic syndrome among primary health care nursing professionals: A cross-sectional population-based study",2019,"International journal of …","mdpi.com","https://www.mdpi.com/504472","https://scholar.google.com/scholar?cites=12789508813698882459&as_sdt=2005&sciodt=0,5&hl=en",399,"2021-07-17 23:32:21","HTML","","","",,,,,9,4.50,2,4,2,"This research aims at evaluating prevalence and factors associated with metabolic syndrome (MS) in primary health care (PHC) nursing professionals. A multicenter, population-based and cross-sectional study was conducted in a team-tested sample of 1125 PHC nurses in the state …","https://www.mdpi.com/504472","https://scholar.google.com/scholar?q=related:m9s_HIF2fbEJ:scholar.google.com/&scioq=%22waist+circumference%22+nigeria&hl=en&as_sdt=0,5&as_ylo=2019&as_yhi=2019&as_vis=1"
0,"M Phaswana","Association of lifestyle and sleep behaviours with blood pressure and body composition: a cross-sectional study of rural black South African women living in Tshino …",2019,"","wiredspace.wits.ac.za","http://wiredspace.wits.ac.za/handle/10539/28091","",400,"2021-07-17 23:32:21","","","","",,,,,0,0.00,0,1,2,"… Data Collection included, anthropometry (weight, height, waist circumference, and hip circumference); systolic blood pressure and diastolic blood pressure and … Body mass index was positively associated with waist circumference (r=0.75, p<0.0001). Total …","http://wiredspace.wits.ac.za/bitstream/handle/10539/28091/Merling%20Phaswana%20ETD.pdf?sequence=1","https://scholar.google.com/scholar?q=related:Jd4ERShB9ywJ:scholar.google.com/&scioq=%22waist+circumference%22+nigeria&hl=en&as_sdt=0,5&as_ylo=2019&as_yhi=2019&as_vis=1"
0,"B Sahin, I Inanli, AM Caliskan, S Uysal","Chitinase-3-like protein 1 levels in bipolar disorder",2019,"Saudi medical journal","ncbi.nlm.nih.gov","https://www.ncbi.nlm.nih.gov/pmc/articles/pmc6452616/","",401,"2021-07-17 23:32:21","HTML","","","",,,,,0,0.00,0,4,2,"… However, in our study, the rate of smoking was higher in both groups. In this study, obesity indicators such as BMI and waist circumference of BD patients were higher than the control group … Quantitative exploration of factors influencing psychotic disorder ailments in Nigeria …","https://www.ncbi.nlm.nih.gov/pmc/articles/pmc6452616/","https://scholar.google.com/scholar?q=related:mj6xN7iNUlgJ:scholar.google.com/&scioq=%22waist+circumference%22+nigeria&hl=en&as_sdt=0,5&as_ylo=2019&as_yhi=2019&as_vis=1"
2,"K Lee, H Lee, J Park, SH Jee","Sex differences in factors associated with metabolic syndrome among Korean adults without diabetes mellitus: results from the Korea National health and nutrition …",2019,"Family practice","academic.oup.com","https://academic.oup.com/fampra/article-abstract/36/2/140/5033475","https://scholar.google.com/scholar?cites=17040693126752598033&as_sdt=2005&sciodt=0,5&hl=en",402,"2021-07-17 23:32:21","","","","",,,,,2,1.00,1,4,2,"… years old and older was 28.9% and was 30.8% and 26.3% in men and women, respectively (2). The diagnostic criteria for metabolic syndrome by the National Cholesterol Education Program (3) are as follows: (i) blood pressure ≥130/85 mmHg, (ii) waist circumference >90 cm …","","https://scholar.google.com/scholar?q=related:EXiHAh20fOwJ:scholar.google.com/&scioq=%22waist+circumference%22+nigeria&hl=en&as_sdt=0,5&as_ylo=2019&as_yhi=2019&as_vis=1"
1,"Z Gholampour, A Zarifian, S Ansari, A Amini…","Changes in adiposity and dietary intake during Nowruz holiday in university students",2019,"Journal of …","journaljpri.com","http://www.journaljpri.com/index.php/JPRI/article/view/30202","https://scholar.google.com/scholar?cites=2028527311101694111&as_sdt=2005&sciodt=0,5&hl=en",403,"2021-07-17 23:32:21","","","","",,,,,1,0.50,0,5,2,"… (5) Arthur N. Chuemere, University of Port Harcourt, Nigeria … index (BMI) [9]. It has been indicated that only a few weeks of overeating and reduced physical activity causes many harmful effects on the body including increased fat percentage, waist circumference, body mass …","http://www.journaljpri.com/index.php/JPRI/article/download/30202/56651","https://scholar.google.com/scholar?q=related:nxBlg9fGJhwJ:scholar.google.com/&scioq=%22waist+circumference%22+nigeria&hl=en&as_sdt=0,5&as_ylo=2019&as_yhi=2019&as_vis=1"
3,"S Afroz, S Debsarma, S Dutta…","Prevalence of helminthic infestations among Bangladeshi rural children and its trend since mid-seventies",2019,"IMC Journal of …","researchgate.net","https://www.researchgate.net/profile/Masuda-Mohsena/publication/331465355_Prevalence_of_helminthic_infestations_among_Bangladeshi_rural_children_and_its_trend_since_mid-seventies/links/5c7a31fea6fdcc4715a6f54f/Prevalence-of-helminthic-infestations-among-Bangladeshi-rural-children-and-its-trend-since-mid-seventies.pdf","https://scholar.google.com/scholar?cites=11829052921805193830&as_sdt=2005&sciodt=0,5&hl=en",404,"2021-07-17 23:32:21","PDF","","","",,,,,3,1.50,1,4,2,"… Waist circumference (cm) 52.63 ± 5.99 52.43 ± 5.35 52.76 ± 6.39 ns … Asia, and East Asia, followed by sub-Saharan Africa and Latin America [2]. In terms of specific countries, the greatest numbers of children with intestinal worms lived in India, followed by Nigeria, Indonesia, and …","https://www.researchgate.net/profile/Masuda-Mohsena/publication/331465355_Prevalence_of_helminthic_infestations_among_Bangladeshi_rural_children_and_its_trend_since_mid-seventies/links/5c7a31fea6fdcc4715a6f54f/Prevalence-of-helminthic-infestations-among-Bangladeshi-rural-children-and-its-trend-since-mid-seventies.pdf","https://scholar.google.com/scholar?q=related:ZsJ-mfU8KaQJ:scholar.google.com/&scioq=%22waist+circumference%22+nigeria&hl=en&as_sdt=0,5&as_ylo=2019&as_yhi=2019&as_vis=1"
0,"NRA PUTRI, W Wardiansah, B Santoso","KORELASI ANTARA LINGKAR PINGGANG, LINGKAR LENGAN ATAS, DAN LINGKAR LEHER DENGAN INDEKS MASSA TUBUH",2019,"","repository.unsri.ac.id","https://repository.unsri.ac.id/23517/","",405,"2021-07-17 23:32:21","","","","",,,,,0,0.00,0,3,2,"… Chinedu, SN, Ogunlana, OO, Azuh, DE, Iweala, EEJ, Afolabi, IS, Uhuegbu, CC, … Osamor, VC (2013). Correlation between body mass index and waist circumference in Nigerian adults: implication as indicators of health status. Journal of Public Health Research, 2(2), 16 …","https://repository.unsri.ac.id/23517/9/RAMA_11201_04011381621167_0010067503_01_front_ref.pdf","https://scholar.google.com/scholar?q=related:DHSlEN8BAEEJ:scholar.google.com/&scioq=%22waist+circumference%22+nigeria&hl=en&as_sdt=0,5&as_ylo=2019&as_yhi=2019&as_vis=1"
2,"MA Elsaied, D Masallat…","Correlation of adiponectin with testosterone in patients with and without type 2 diabetes and erectile dysfunction",2019,"American journal of …","journals.sagepub.com","https://journals.sagepub.com/doi/abs/10.1177/1557988318807049","https://scholar.google.com/scholar?cites=2990999685398447911&as_sdt=2005&sciodt=0,5&hl=en",406,"2021-07-17 23:32:21","","10.1177/1557988318807049","","",,,,,2,1.00,1,3,2,"The aim of this study was to evaluate the levels of adiponectin in diabetic patients with and without erectile dysfunction (ED). In addition, the correlations of adiponectin with the scores of inte...","https://journals.sagepub.com/doi/pdf/10.1177/1557988318807049","https://scholar.google.com/scholar?q=related:J8d6610qgikJ:scholar.google.com/&scioq=%22waist+circumference%22+nigeria&hl=en&as_sdt=0,5&as_ylo=2019&as_yhi=2019&as_vis=1"
0,"PA Reyes-Castillo, R González-Vázquez…","Anthropometric measure and adipokine levels of a young undergraduate population with a usual diet",2019,"Nutricion …","hal.inrae.fr","https://hal.inrae.fr/hal-02618468","",407,"2021-07-17 23:32:21","","","","",,,,,0,0.00,0,3,2,"… Comparison of body mass index (BMI), body adiposity index (BAI), waist circumference (WC), waist-to-hip ratio (WHR) and waist-to-height ratio (WHtR) as predictors of cardiovascular disease risk factors in an … Waist-hip ratio and breast cancer risk in urbanized Nigerian women …","https://hal.inrae.fr/hal-02618468/document","https://scholar.google.com/scholar?q=related:1qL3WDifdmoJ:scholar.google.com/&scioq=%22waist+circumference%22+nigeria&hl=en&as_sdt=0,5&as_ylo=2019&as_yhi=2019&as_vis=1"
0,"ASV Prasad","Metabolic Syndrome Associated with Subclinical Hypothyroidism and Vit D Insufficiency-A Case Report and Discussion",2019,"Asian Journal of Case Reports in Medicine and …","journalajcrmh.com","https://journalajcrmh.com/index.php/AJCRMH/article/view/30109","",408,"2021-07-17 23:32:21","","","","",,,,,0,0.00,0,1,2,"… In a study in Nigeria, metabolic syndrome was significantly associated with higher free T4 … Thyroid function is associated with certain components of metabolic syndrome (waist circumference and HDL … Udenze I, Nnaji I, Oshodi T. Thyroid function in adult Nigerians with metabolic …","https://journalajcrmh.com/index.php/AJCRMH/article/download/30109/56490","https://scholar.google.com/scholar?q=related:XN32DqiMyvsJ:scholar.google.com/&scioq=%22waist+circumference%22+nigeria&hl=en&as_sdt=0,5&as_ylo=2019&as_yhi=2019&as_vis=1"
10,"T Endris, A Worede, D Asmelash","Prevalence of diabetes mellitus, prediabetes and its associated factors in Dessie Town, Northeast Ethiopia: a community-based study",2019,"Diabetes, metabolic syndrome …","ncbi.nlm.nih.gov","https://www.ncbi.nlm.nih.gov/pmc/articles/PMC6942533/","https://scholar.google.com/scholar?cites=14199773424477760895&as_sdt=2005&sciodt=0,5&hl=en",409,"2021-07-17 23:32:21","HTML","","","",,,,,10,5.00,3,3,2,"… In addition, this result was higher than those from other studies done in Benin (1.4%)21 and suburban population of Northwest Nigeria (4.3%),22 in Southern Ethiopia, Sidama zone (1.9%)23 and in northwest Ethiopia, Gondar (5.1%).24 This may be due to differences in the …","https://www.ncbi.nlm.nih.gov/pmc/articles/PMC6942533/","https://scholar.google.com/scholar?q=related:f20HKbK6D8UJ:scholar.google.com/&scioq=%22waist+circumference%22+nigeria&hl=en&as_sdt=0,5&as_ylo=2019&as_yhi=2019&as_vis=1"
0,"E Muitta, T Were, AN Kebira","Reproductive and Lifestyle Characteristics of Kenyan Women Presenting With Precancerous Cervical Lesions: A Hospital-Based Case–Control Study",2019,"EA Health Research Journal","eahrj.eahealth.org","https://eahrj.eahealth.org/index.php/eah/article/view/608","",410,"2021-07-17 23:32:21","","","","",,,,,0,0.00,0,3,2,"… performed on signifi- cantly different variables from the Kruskall–Wallis ANOVA (age, weight, bust measurement, and waist circumference) (Table 5) … associated with detection of precancerous cervical lesions, which is consistent with other studies conducted in Nigeria, the USA …","https://eahrj.eahealth.org/index.php/eah/article/download/608/1027","https://scholar.google.com/scholar?q=related:iJlwTDSfF-gJ:scholar.google.com/&scioq=%22waist+circumference%22+nigeria&hl=en&as_sdt=0,5&as_ylo=2019&as_yhi=2019&as_vis=1"
0,"M Sayahi, A Haseli, P Abedi, Z Sohrabi…","The relationship between serum ferritin levels and metabolic syndrome in menopausal women, a cross-sectional study",2019,"The Iranian Journal of …","eprints.mums.ac.ir","http://eprints.mums.ac.ir/11491/","",411,"2021-07-17 23:32:21","","","","",,,,,0,0.00,0,5,2,"Page 1. 26 سرزب ی زف حطس طببترا یتی ي لَببته مرذٌس ٍ مزس ی ک رد ىبًس ی ،ِسئب ی ک عطقه ِعلبطه ی ِهَصعه سی حب ی 1 لصبح ٍسرآ ، ی 2 ٍزپ ، یي ذببع ی 3 س ، ی بٌ بازْس ی 4 ض اربس ، ی نغب 1* 1. ثشٔ ی بٔبٔ ٜٚشٌ یی، ىؿضپ ّْٛػ ٜذىـ٘اد ی ا ،شتؿٛؿ ،شتؿٛؿ ی ٖاش … ‎","http://eprints.mums.ac.ir/11491/1/IJOGI_Volume%2022_Issue%202_Pages%2026-33.pdf","https://scholar.google.com/scholar?q=related:-BGEt_DA-JoJ:scholar.google.com/&scioq=%22waist+circumference%22+nigeria&hl=en&as_sdt=0,5&as_ylo=2019&as_yhi=2019&as_vis=1"
0,"OA Mostafa, MMA Razik, RN Marzaban…","Epidemiologic Profile and Predictors of Fatty Liver: A Hospital-Based Study",2019,"… Journal of TROPICAL …","journalbank.org","https://journalbank.org/index.php/IJTDH/article/view/1598","",412,"2021-07-17 23:32:21","","","","",,,,,0,0.00,0,4,2,"… Cases showed significantly higher body mass index (BMI), waist circumference (WC), total cholesterol, triglyceride, low density lipoprotein (LDL), and lower high … A Nigerian study estimated the prevalence to be 9% [3]. In Egypt, a hospital-based study in Alexandria concluded …","https://journalbank.org/index.php/IJTDH/article/download/1598/3193","https://scholar.google.com/scholar?q=related:-FyyDuH3ShcJ:scholar.google.com/&scioq=%22waist+circumference%22+nigeria&hl=en&as_sdt=0,5&as_ylo=2019&as_yhi=2019&as_vis=1"
0,"A Bhattacharya, S Mukherjee…","Nutritional assessment of Oraons of West Bengal: a comparison between biochemical and anthropometric methods",2019,"Anthropological Review","search.proquest.com","https://search.proquest.com/openview/cfd2e6873b46d17f47ac262273051a0a/1?pq-origsite=gscholar&cbl=1976405","",413,"2021-07-17 23:32:21","","","","",,,,,0,0.00,0,3,2,"… Weight (Wt, kg) 50.17 6.43 42.35 6.27 45.67 7.41 Circumferences Mid-upper arm circumference (MUAC, cm) 22.99 2.86 20.9 3.64 21.79 3.48 Waist circumference (WC, cm) 71.73 5.82 70.46 8.29 71.00 7.35 Hip circumference (HC, cm) 80.96 5.02 79.41 8.71 80.07 7.40 …","","https://scholar.google.com/scholar?q=related:ZCe3oUZKUogJ:scholar.google.com/&scioq=%22waist+circumference%22+nigeria&hl=en&as_sdt=0,5&as_ylo=2019&as_yhi=2019&as_vis=1"
0,"N Amidu, WKBA Owiredu, L Quaye…","Comparative Abilities of Fasting Plasma Glucose and Haemoglobin A1c in Predicting Metabolic Syndrome among Apparently Healthy Normoglycemic …",2019,"International journal of …","hindawi.com","https://www.hindawi.com/journals/ijcd/2019/2578171/abs/","",414,"2021-07-17 23:32:21","HTML","","","",,,,,0,0.00,0,4,2,"… or more of the following five components: (1) abdominal obesity (waist circumference, Male ≥94 … cardio-metabolic syndrome in semi-urban and rural communities in Nigeria,” BMC Health … of cardiometabolic risk factors among a rural Yoruba south-western Nigerian population: a …","https://www.hindawi.com/journals/ijcd/2019/2578171/abs/","https://scholar.google.com/scholar?q=related:AyLXi9FLpaIJ:scholar.google.com/&scioq=%22waist+circumference%22+nigeria&hl=en&as_sdt=0,5&as_ylo=2019&as_yhi=2019&as_vis=1"
0,"PK Gaa, C Apprey, R Annan, V Mogre, VP Dzogbefia","The home and school environments, physical activity levels, and adiposity indices of school-age children",2019,"","ir.knust.edu.gh","http://ir.knust.edu.gh/handle/123456789/11720","",415,"2021-07-17 23:32:21","","","","",,,,,0,0.00,0,5,2,"… Waist circumference 10.75 0.51 Child's level of activity -0.65 0.14 <0.001 -0.75 … These findings are consistent with the 2.34 reported among Senegalese children aged 8 to 11 years and the moderate level of physical activity reported among children from Ile-Ife, Nigeria [24] …","http://ir.knust.edu.gh/bitstream/123456789/11720/1/Physical%20activity%20and%20obesity%20index%20of%20school%20and%20home%20environment%20for%20Children.pdf","https://scholar.google.com/scholar?q=related:M_QPrHMDGBIJ:scholar.google.com/&scioq=%22waist+circumference%22+nigeria&hl=en&as_sdt=0,5&as_ylo=2019&as_yhi=2019&as_vis=1"
9,"GT Bune, AW Yalew, A Kumie","The global magnitude of metabolic syndrome among antiretroviral therapy (ART) exposed and ART-naïve adult HIV-infected patients in gedio-zone, southern Ethiopia …",2019,"Diabetes & Metabolic Syndrome: Clinical …","Elsevier","https://www.sciencedirect.com/science/article/pii/S1871402119304722","https://scholar.google.com/scholar?cites=7270701777906541188&as_sdt=2005&sciodt=0,5&hl=en",416,"2021-07-17 23:32:21","","","","",,,,,9,4.50,3,3,2,"… Waist circumference (WC) was measured by placing a tape measure around the abdomen at the midpoint between the lower margin of the last palpable rib and the top of the iliac crest of the hip bone, with the bare or light clothing, at the end of a normal expiration …","","https://scholar.google.com/scholar?q=related:hKLrw7645mQJ:scholar.google.com/&scioq=%22waist+circumference%22+nigeria&hl=en&as_sdt=0,5&as_ylo=2019&as_yhi=2019&as_vis=1"
1,"CB Munganyinka, S Musafiri, P Rutayisire…","Socio-demographic and clinical characteristics of diabetes mellitus in rural Rwanda: Time to contextualize the interventions? A cross-sectional study",2019,"BMC Endocr …","researchsquare.com","https://www.researchsquare.com/article/rs-1434/latest.pdf","https://scholar.google.com/scholar?cites=14871715440283976608&as_sdt=2005&sciodt=0,5&hl=en",417,"2021-07-17 23:32:21","PDF","","","",,,,,1,0.50,0,4,2,"… The Body Mass Index (BMI) was the result of weight in kilograms divided by the square of height in meters (Kg/m2). The waist circumference was … A family history of diabetes, obesity and high waist circumference were signi cantly less common in rural residents than in …","https://www.researchsquare.com/article/rs-1434/latest.pdf","https://scholar.google.com/scholar?q=related:oIPRMmbyYs4J:scholar.google.com/&scioq=%22waist+circumference%22+nigeria&hl=en&as_sdt=0,5&as_ylo=2019&as_yhi=2019&as_vis=1"
52,"A Misra, H Gopalan, R Jayawardena…","Diabetes in developing countries",2019,"Journal of …","Wiley Online Library","https://onlinelibrary.wiley.com/doi/abs/10.1111/1753-0407.12913","https://scholar.google.com/scholar?cites=9022568597807938695&as_sdt=2005&sciodt=0,5&hl=en",418,"2021-07-17 23:32:21","","10.1111/1753-0407.12913","","",,,,,52,26.00,13,4,2,"Abstract There has been a rapid escalation of type 2 diabetes (T2D) in developing countries, with varied prevalence according to rural vs urban habitat and degree of urbanization. Some ethnic group...","http://globaldisha.org/wp-content/uploads/2019/04/diabetes-in-developing-countries-march-2019.pdf","https://scholar.google.com/scholar?q=related:h7zvCVaaNn0J:scholar.google.com/&scioq=%22waist+circumference%22+nigeria&hl=en&as_sdt=0,5&as_ylo=2019&as_yhi=2019&as_vis=1"
13,"HI Castellucci, CA Viviani, JFM Molenbroek…","Anthropometric characteristics of Chilean workers for ergonomic and design purposes",2019,"Ergonomics","Taylor & Francis","https://www.tandfonline.com/doi/abs/10.1080/00140139.2018.1540725","https://scholar.google.com/scholar?cites=8763849355205277152&as_sdt=2005&sciodt=0,5&hl=en",419,"2021-07-17 23:32:21","","10.1080/00140139.2018.1540725","","",,,,,13,6.50,3,4,2,"… flotation suits for UK offshore workers (Stewart, Ledingham, and Williams 2017), tractor and hand tool designs for Nigerian farmers (Obi … adult population in Chile, and the only currently known dimensions for this population are height, weight, neck and waist circumference …","","https://scholar.google.com/scholar?q=related:4PULQo5yn3kJ:scholar.google.com/&scioq=%22waist+circumference%22+nigeria&hl=en&as_sdt=0,5&as_ylo=2019&as_yhi=2019&as_vis=1"
3,"SK Gupta, R Kumar, D Basu, D Parekh…","The BDFOOT IDGDC study: Burden of diabetic foot ulcers and its determinants among Type 2 diabetes patients attending an “Integrated Diabetes and …",2019,"Int J Med Sci Public …","researchgate.net","https://www.researchgate.net/profile/Boudhayan-Das-Munshi/publication/333739341_The_BDFOOT-_IDGDC_study_Burden_of_diabetic_foot_ulcers_and_its_determinants_among_type_2_diabetes_patients_attending_an_Integrated_Diabetes_and_Gestational_Diabetes_Clinic_of_Eastern_India/links/5d105c1992851cf44046475b/The-BDFOOT-IDGDC-study-Burden-of-diabetic-foot-ulcers-and-its-determinants-among-type-2-diabetes-patients-attending-an-Integrated-Diabetes-and-Gestational-Diabetes-Clinic-of-Eastern-India.pdf","https://scholar.google.com/scholar?cites=12171733212984434451&as_sdt=2005&sciodt=0,5&hl=en",420,"2021-07-17 23:32:21","PDF","","","",,,,,3,1.50,1,5,2,"… World Health Organization. Waist Circumference and Waist- hip Ratio … 32. Ogbera AO, Adedokun A, Fasanmade OA, Ohwovoriole AE, Ajani M. The foot at risk in Nigerians with diabetes mellitus- the Nigerian scenario. Int J Endocrinol Metab 2005;4:165-73. 33 …","https://www.researchgate.net/profile/Boudhayan-Das-Munshi/publication/333739341_The_BDFOOT-_IDGDC_study_Burden_of_diabetic_foot_ulcers_and_its_determinants_among_type_2_diabetes_patients_attending_an_Integrated_Diabetes_and_Gestational_Diabetes_Clinic_of_Eastern_India/links/5d105c1992851cf44046475b/The-BDFOOT-IDGDC-study-Burden-of-diabetic-foot-ulcers-and-its-determinants-among-type-2-diabetes-patients-attending-an-Integrated-Diabetes-and-Gestational-Diabetes-Clinic-of-Eastern-India.pdf","https://scholar.google.com/scholar?q=related:E9_CXN6u6qgJ:scholar.google.com/&scioq=%22waist+circumference%22+nigeria&hl=en&as_sdt=0,5&as_ylo=2019&as_yhi=2019&as_vis=1"
0,"MT Atule, C Larbie, C Afriyie","Dietary Pattern and prevalence of metabolic syndrome in hypertensive outpatients and associated effect on target organ damage",2019,"","dspace.knust.edu.gh","http://dspace.knust.edu.gh/handle/123456789/12846","",421,"2021-07-17 23:32:21","","","","",,,,,0,0.00,0,3,2,"… Anthropometrics such as body mass index, waist circumference, body fat, visceral fat, blood pressure and biochemical parameters including lipid profile, urea, AST, ALT, and coronary risk were determined using standard procedures …","http://dspace.knust.edu.gh/bitstream/123456789/12846/1/2019JAND.pdf","https://scholar.google.com/scholar?q=related:dsFcRS0bpZ8J:scholar.google.com/&scioq=%22waist+circumference%22+nigeria&hl=en&as_sdt=0,5&as_ylo=2019&as_yhi=2019&as_vis=1"
4,"S Pengpid, M Vonglokham, S Kounnavong…","The prevalence, awareness, treatment, and control of hypertension among adults: the first cross-sectional national population-based survey in Laos",2019,"Vascular health and …","ncbi.nlm.nih.gov","https://www.ncbi.nlm.nih.gov/pmc/articles/PMC6398413/","https://scholar.google.com/scholar?cites=12050998016194884391&as_sdt=2005&sciodt=0,5&hl=en",422,"2021-07-17 23:32:21","HTML","","","",,,,,4,2.00,1,4,2,"… 33. BMI was classified according to Asian criteria: normal weight (18.5 to <23.0 kg/m 2 ), overweight (23.0 to <25.0 kg/m 2 ), and obese (25+ kg/m 2 ). 34 Central obesity was classified as “waist circumference (WC) 90 cm or more in men and 80 cm or more in women” …","https://www.ncbi.nlm.nih.gov/pmc/articles/PMC6398413/","https://scholar.google.com/scholar?q=related:J7M7yNi-PacJ:scholar.google.com/&scioq=%22waist+circumference%22+nigeria&hl=en&as_sdt=0,5&as_ylo=2019&as_yhi=2019&as_vis=1"
0,"GR Sanchi, LR Borges","Estilo de vida e estado nutricional de trabalhadores de uma rede bancária do município de Pelotas (RS)",2019,"Revista Brasileira de Medicina do Trabalho","rbmt.org.br","http://www.rbmt.org.br/details/419/en-US/lifestyle-and-nutritional-status-of-employees-of-a-chain-of-banks-in-pelotas--rio-grande-do-sul--brazil","",423,"2021-07-17 23:32:21","HTML","","","",,,,,0,0.00,0,2,2,"… Awareness of food nutritive value and eating practices among Nigerian bank workers: Implications for … hypertension and blood pressure pattern among bankers and traffic wardens in Ilorin, Nigeria … Waist circumference and waist-hip ratio: report of a WHO expert consultation …","http://www.rbmt.org.br/details/419/en-US/lifestyle-and-nutritional-status-of-employees-of-a-chain-of-banks-in-pelotas--rio-grande-do-sul--brazil","https://scholar.google.com/scholar?q=related:vh90i6csR50J:scholar.google.com/&scioq=%22waist+circumference%22+nigeria&hl=en&as_sdt=0,5&as_ylo=2019&as_yhi=2019&as_vis=1"
23,"A Bhattacharya, B Pal, S Mukherjee, SK Roy","Assessment of nutritional status using anthropometric variables by multivariate analysis",2019,"BMC public health","Springer","https://link.springer.com/article/10.1186/s12889-019-7372-2","https://scholar.google.com/scholar?cites=2202571900306659674&as_sdt=2005&sciodt=0,5&hl=en",424,"2021-07-17 23:32:21","HTML","10.1186/s12889-019-7372-2","","",,,,,23,11.50,6,4,2,"Undernutrition is a serious health problem and highly prevalent in developing countries. There is no as such confirmatory test to measure undernutrition. The objective of the present study is to determine a new Composite Score using anthropometric measurements. Composite Score …","https://link.springer.com/article/10.1186/s12889-019-7372-2","https://scholar.google.com/scholar?q=related:WhkJPnkbkR4J:scholar.google.com/&scioq=%22waist+circumference%22+nigeria&hl=en&as_sdt=0,5&as_ylo=2019&as_yhi=2019&as_vis=1"
4,"T Boozalis, S Devaraj, OO Okusaga","Correlations between body mass index, plasma high-sensitivity C-reactive protein and lipids in patients with schizophrenia",2019,"Psychiatric Quarterly","Springer","https://link.springer.com/article/10.1007/s11126-018-9606-3","https://scholar.google.com/scholar?cites=3136898597377058872&as_sdt=2005&sciodt=0,5&hl=en",425,"2021-07-17 23:32:21","","10.1007/s11126-018-9606-3","","",,,,,4,2.00,1,3,2,"… In two other independent studies that employed waist circumference as an additional measure of overweight/obesity status, CRP positively correlated with waist circumference [39, 40]; however, CRP also correlated with BMI and waist/hip ratio in one of the two studies [40 …","","https://scholar.google.com/scholar?q=related:OKgUgaeAiCsJ:scholar.google.com/&scioq=%22waist+circumference%22+nigeria&hl=en&as_sdt=0,5&as_ylo=2019&as_yhi=2019&as_vis=1"
2,"G Luntsi, FA Burabe, PA Ogenyi, JD Zira…","Sonographic estimation of amniotic fluid volume using the amniotic fluid index and the single deepest pocket in a resource-limited setting",2019,"Journal of medical …","ncbi.nlm.nih.gov","https://www.ncbi.nlm.nih.gov/pmc/articles/PMC6607887/","https://scholar.google.com/scholar?cites=10887189382218987426&as_sdt=2005&sciodt=0,5&hl=en",426,"2021-07-17 23:32:21","HTML","","","",,,,,2,1.00,0,5,2,"… for correspondence: Mr. Geofery Luntsi, Department of Medical Radiography, College of Medical Sciences, University of Maiduguri, Maiduguri, Nigeria … To determine the normal value of amniotic fluid (AF) volume among pregnant women in a Northern Nigerian population and …","https://www.ncbi.nlm.nih.gov/pmc/articles/PMC6607887/","https://scholar.google.com/scholar?q=related:ojeRcQ8RF5cJ:scholar.google.com/&scioq=%22waist+circumference%22+nigeria&hl=en&as_sdt=0,5&as_ylo=2019&as_yhi=2019&as_vis=1"
14,"HP Gunawardena, R Silva, R Sivakanesan…","Poor glycaemic control is associated with increased lipid peroxidation and glutathione peroxidase activity in type 2 diabetes patients",2019,"… medicine and cellular …","hindawi.com","https://www.hindawi.com/journals/omcl/2019/9471697/abs/","https://scholar.google.com/scholar?cites=4402380828932033984&as_sdt=2005&sciodt=0,5&hl=en",427,"2021-07-17 23:32:21","HTML","","","",,,,,14,7.00,4,4,2,"… Weight and height of the subjects were measured using standard methods in light indoor clothing. The waist circumference of the subjects was measured around the point of the umbilicus using a nonstretchable plastic tape …","https://www.hindawi.com/journals/omcl/2019/9471697/abs/","https://scholar.google.com/scholar?q=related:wM17AgpmGD0J:scholar.google.com/&scioq=%22waist+circumference%22+nigeria&hl=en&as_sdt=0,5&as_ylo=2019&as_yhi=2019&as_vis=1"
0,"A Kumar","body Shape Index, body Mass Index and Their relation to blood Pressure",2019,"SCOPUS IJPHRD CITATION SCORE","researchgate.net","https://www.researchgate.net/profile/Santhi-Silambanan/publication/338689449_Cardiac_markers_Meghna_Jun_2019/links/5e2564d7458515ba2096595e/Cardiac-markers-Meghna-Jun-2019.pdf#page=499","",428,"2021-07-17 23:32:21","PDF","","","",,,,,0,0.00,0,1,2,"… 4. Ahmad N, Adam SI, Nawi AM, Hassan MR, Ghazi HF. Abdominal obesity indicators: Waist circumference or waist-to-hip ratio in Malaysian adults population. International journal of preventive medicine … 10, No. 5 southwest Nigeria. Journal of health, population, and nutrition …","https://www.researchgate.net/profile/Santhi-Silambanan/publication/338689449_Cardiac_markers_Meghna_Jun_2019/links/5e2564d7458515ba2096595e/Cardiac-markers-Meghna-Jun-2019.pdf#page=499","https://scholar.google.com/scholar?q=related:EYoZeegikdwJ:scholar.google.com/&scioq=%22waist+circumference%22+nigeria&hl=en&as_sdt=0,5&as_ylo=2019&as_yhi=2019&as_vis=1"
0,"AK Jeppu, HN Bin Mohamad Johari…","Body Shape Index, Body Mass Index and Their Relation to Blood Pressure.",2019,"Indian Journal of …","search.ebscohost.com","http://search.ebscohost.com/login.aspx?direct=true&profile=ehost&scope=site&authtype=crawler&jrnl=09760245&AN=137482737&h=h9TszDvniBd8grzpbh8HVNtE1a5b4qoGd9MnY9QiMtTShvCLpK7%2FXM3fVA6Bibgx1wKtM1PTlKVTyuiwipTmIA%3D%3D&crl=c","",429,"2021-07-17 23:32:21","","","","",,,,,0,0.00,0,3,2,"… 4. Ahmad N, Adam SI, Nawi AM, Hassan MR, Ghazi HF. Abdominal obesity indicators: Waist circumference or waist-to-hip ratio in Malaysian adults population. International journal of preventive medicine … 5 493 southwest Nigeria. Journal of health, population, and nutrition …","","https://scholar.google.com/scholar?q=related:l2-KlGqHtUcJ:scholar.google.com/&scioq=%22waist+circumference%22+nigeria&hl=en&as_sdt=0,5&as_ylo=2019&as_yhi=2019&as_vis=1"
0,"GH Ghanwat, AV Sontakke","Vitamin C Intake Improve the Anthropometric Measurements, Lipid Profile and Atherogenic Indices in Obese and Non Obese Females",2019,"EXECUTIVE EDITOR","researchgate.net","https://www.researchgate.net/profile/Saleh-Aloraibi/publication/331253246_Method_and_Frequency_of_Stethoscope_Cleaning_among_Respiratory_Therapists_in_Intensive_Care_Units_at_KAMC_Riyadh/links/5e26b1fc92851c89c9b5b339/Method-and-Frequency-of-Stethoscope-Cleaning-among-Respiratory-Therapists-in-Intensive-Care-Units-at-KAMC-Riyadh.pdf#page=188","",430,"2021-07-17 23:32:21","PDF","","","",,,,,0,0.00,0,2,2,"… 33. Ashwell M, Gunn P, Gibson S. Waist-to- height ratio is a better screening tool than waist circumference and BMI for adult cardiometabolic risk factors: systematic … Overweight and Obesity, Lipid Profile and Atherogenic Indices among Civil Servants in, South Eastern Nigeria …","https://www.researchgate.net/profile/Saleh-Aloraibi/publication/331253246_Method_and_Frequency_of_Stethoscope_Cleaning_among_Respiratory_Therapists_in_Intensive_Care_Units_at_KAMC_Riyadh/links/5e26b1fc92851c89c9b5b339/Method-and-Frequency-of-Stethoscope-Cleaning-among-Respiratory-Therapists-in-Intensive-Care-Units-at-KAMC-Riyadh.pdf#page=188","https://scholar.google.com/scholar?q=related:3jfNRmSPo6YJ:scholar.google.com/&scioq=%22waist+circumference%22+nigeria&hl=en&as_sdt=0,5&as_ylo=2019&as_yhi=2019&as_vis=1"
2,"B Cham, S Scholes, NE Groce, JS Mindell","Prevalence and predictors of smoking among Gambian men: a cross-sectional national WHO STEP survey",2019,"International journal of …","mdpi.com","https://www.mdpi.com/582464","https://scholar.google.com/scholar?cites=9692041805522658497&as_sdt=2005&sciodt=0,5&hl=en",431,"2021-07-17 23:32:21","","","","",,,,,2,1.00,1,4,2,"… collected. Physical measurements of weight, height, waist circumference and blood pressure are collected in step two … BMI and waist circumference were used to determine generalised and abdominal obesity, respectively. The …","https://www.mdpi.com/1660-4601/16/23/4719/pdf","https://scholar.google.com/scholar?q=related:weRp5qsMgYYJ:scholar.google.com/&scioq=%22waist+circumference%22+nigeria&hl=en&as_sdt=0,5&as_ylo=2019&as_yhi=2019&as_vis=1"
11,"RK Mahat, N Singh, M Arora, V Rathore","Health risks and interventions in prediabetes: A review",2019,"Diabetes & Metabolic Syndrome …","Elsevier","https://www.sciencedirect.com/science/article/pii/S1871402119304424","https://scholar.google.com/scholar?cites=16152737118781655949&as_sdt=2005&sciodt=0,5&hl=en",432,"2021-07-17 23:32:21","","","","",,,,,11,5.50,3,4,2,"","","https://scholar.google.com/scholar?q=related:jUs_I9QMKuAJ:scholar.google.com/&scioq=%22waist+circumference%22+nigeria&hl=en&as_sdt=0,5&as_ylo=2019&as_yhi=2019&as_vis=1"
0,"S Balsamo, APM Gomides, LMH da Mota…","Six-Minute Walk Test in Patients with Rheumatoid Arthritis",2019,"Open Journal of …","scirp.org","https://www.scirp.org/journal/paperinformation.aspx?paperid=90782","",433,"2021-07-17 23:32:21","HTML","","","",,,,,0,0.00,0,4,2,"Background: The 6-minute walk test (6TC) was initially used as an instrument for assessing physical and cardiorespiratory capacity, but is currently being used to monitor treatments, and compare physical interventions and prognostic evaluation. Although already recognized as a …","https://www.scirp.org/journal/paperinformation.aspx?paperid=90782","https://scholar.google.com/scholar?q=related:nwMKHjo_PHoJ:scholar.google.com/&scioq=%22waist+circumference%22+nigeria&hl=en&as_sdt=0,5&as_ylo=2019&as_yhi=2019&as_vis=1"
2,"R Taleban, R Sirous, M Sirous, S Razavi…","The relationship between anthropometric indices and breast cancer in central Iran",2019,"Nutrition and …","Taylor & Francis","https://www.tandfonline.com/doi/abs/10.1080/01635581.2019.1604005","https://scholar.google.com/scholar?cites=13935902420520907761&as_sdt=2005&sciodt=0,5&hl=en",434,"2021-07-17 23:32:21","","10.1080/01635581.2019.1604005","","",,,,,2,1.00,0,5,2,"… Hip and waist circumference were measured in accordance with WHO protocol (17). To elaborate, mid-point between the highest part of the iliac crest and the last floating rib was applied for waist circumference measurement …","https://www.researchgate.net/profile/Farnaz-Khalighinejad/publication/332695079_The_Relationship_between_Anthropometric_Indices_and_Breast_Cancer_in_Central_Iran/links/5d9bb17e92851c2f70f4005d/The-Relationship-between-Anthropometric-Indices-and-Breast-Cancer-in-Central-Iran.pdf","https://scholar.google.com/scholar?q=related:8bOnd2pFZsEJ:scholar.google.com/&scioq=%22waist+circumference%22+nigeria&hl=en&as_sdt=0,5&as_ylo=2019&as_yhi=2019&as_vis=1"
0,"C Ellis, HS Kruger, P Ukegbu, IM Kruger…","Differences between bone mineral density, lean and fat mass of HIV-positive and HIV-negative black women",2019,"… and Diabetes in South …","journals.co.za","https://journals.co.za/doi/abs/10.1080/16089677.2019.1589047","",435,"2021-07-17 23:32:21","","10.1080/16089677.2019.1589047","","",,,,,0,0.00,0,5,2,"… Results: HIV-negative women had significantly higher median BMD, %BF, appendicular skeletal mass (ASM), ASM index, body mass index (BMI) and waist circumference than HIV-positive women … Waist circumference (cm) 439 90.3 (79;100) 103 79.1 (70;88) < 0.001 …","https://journals.co.za/doi/pdf/10.1080/16089677.2019.1589047","https://scholar.google.com/scholar?q=related:eqZeVZaQYxwJ:scholar.google.com/&scioq=%22waist+circumference%22+nigeria&hl=en&as_sdt=0,5&as_ylo=2019&as_yhi=2019&as_vis=1"
1,"JU Sumanu","Comparison of Nutrition Knowledge Among Older African American Women in Faith-Based Settings",2019,"","search.proquest.com","https://search.proquest.com/openview/eab00d5e9106b9c8bc3dd6c2d3e4d4b1/1?pq-origsite=gscholar&cbl=18750&diss=y","https://scholar.google.com/scholar?cites=16155352709074550914&as_sdt=2005&sciodt=0,5&hl=en",436,"2021-07-17 23:32:21","","","","",,,,,1,0.50,1,1,2,"… onto a Ph.D program in Human Nutrition. She plans going back to Nigeria to promote the use of food labels and dietary guidelines to help Nigerians (young and old) lead healthier lives. Page 6. v … 10 2.1.3.2 Waist circumference ..... 10 …","","https://scholar.google.com/scholar?q=related:goCItbFXM-AJ:scholar.google.com/&scioq=%22waist+circumference%22+nigeria&hl=en&as_sdt=0,5&as_ylo=2019&as_yhi=2019&as_vis=1"
0,"MM Kamel, MA Desoky, ESA Mahran, NA Al-sayed…","Anthropometric measures in association with blood pressure level in physical education and medical male college students, El-minia University",,"minia.edu.eg","","https://www.minia.edu.eg/med/Files/5.%20SayedF.El-Sheikh%20.pdf","",437,"2021-07-17 23:32:21","PDF","","","",,,,,0,0.00,0,5,,"… Waist-stature ratio (WSR) is identi- fied as the waist circumference divided by the height, both measured in the same units … ""Obesity and elevated blood pressure among adolescents in Lagos, Nigeria: a cross-sectional study."" BMC Public Health 12(1): 616. 19 …","https://www.minia.edu.eg/med/Files/5.%20SayedF.El-Sheikh%20.pdf","https://scholar.google.com/scholar?q=related:OsOTHz08shUJ:scholar.google.com/&scioq=%22waist+circumference%22+nigeria&hl=en&as_sdt=0,5&as_ylo=2019&as_yhi=2019&as_vis=1"
1,"C Eleazu, N Omar, OZ Lim, BS Yeoh…","Corrigendum: Obesity and Comorbidity: Could Simultaneous Targeting of esRAGE and sRAGE Be the Panacea?",2019,"Frontiers in …","frontiersin.org","https://www.frontiersin.org/articles/10.3389/fphys.2019.01017/full","https://scholar.google.com/scholar?cites=2993788867901341609&as_sdt=2005&sciodt=0,5&hl=en",438,"2021-07-17 23:32:21","HTML","","","",,,,,1,0.50,0,5,2,"… 2 Department of Chemistry/Biochemistry/Molecular Biology, Alex Ekwueme Federal University, Ndufu-Alike, Ikwo, Nigeria; 3 Women's Health … the following measures of adiposity in young adults were inversely correlated with sRAGE level: weight, waist circumference, BMI, and …","https://www.frontiersin.org/articles/10.3389/fphys.2019.01017/full","https://scholar.google.com/scholar?q=related:qT_HEx0TjCkJ:scholar.google.com/&scioq=%22waist+circumference%22+nigeria&hl=en&as_sdt=0,5&as_ylo=2019&as_yhi=2019&as_vis=1"
7,"JR Nansseu, BS Kameni, FK Assah, JJ Bigna…","Prevalence of major cardiovascular disease risk factors among a group of sub-Saharan African young adults: a population-based cross-sectional study in Yaoundé …",2019,"BMJ open","bmjopen.bmj.com","https://bmjopen.bmj.com/content/9/10/e029858.abstract","https://scholar.google.com/scholar?cites=4299063617060870410&as_sdt=2005&sciodt=0,5&hl=en",439,"2021-07-17 23:32:21","","","","",,,,,7,3.50,1,5,2,"Skip to main content. Viewing from: Google Indexer. BMJ Journals. Log In More …","https://bmjopen.bmj.com/content/bmjopen/9/10/e029858.full.pdf","https://scholar.google.com/scholar?q=related:Chm4EZVXqTsJ:scholar.google.com/&scioq=%22waist+circumference%22+nigeria&hl=en&as_sdt=0,5&as_ylo=2019&as_yhi=2019&as_vis=1"
1,"LE Mubenga, D Gruson, MP Hermans…","Metabolic syndrome components and prostatic hyperplasia among diabetic and non-diabetic men in the Eastern DR Congo: A cross-sectional study",2019,"Diabetes & Metabolic …","dial.uclouvain.be","https://dial.uclouvain.be/pr/boreal/object/boreal%3A211508/datastream/PDF_01/view","https://scholar.google.com/scholar?cites=6664734196577748557&as_sdt=2005&sciodt=0,5&hl=en",440,"2021-07-17 23:32:21","PDF","","","",,,,,1,0.50,0,4,2,"… For each participant, blood pressure, anthropometric parame- ters measurement (body mass index (BMI), waist circumference), and a blood sample collection were realized in the fasting state … DBP: Diastolic blood pressure (mm Hg). Waist circ: Waist circumference (cm) …","https://dial.uclouvain.be/pr/boreal/object/boreal%3A211508/datastream/PDF_01/view","https://scholar.google.com/scholar?q=related:TUZqxXDkfVwJ:scholar.google.com/&scioq=%22waist+circumference%22+nigeria&hl=en&as_sdt=0,5&as_ylo=2019&as_yhi=2019&as_vis=1"
3,"A Mirizzi, I Franco, CM Leone, C Bonfiglio…","Effects of some food components on non-alcoholic fatty liver disease severity: Results from a cross-sectional study",2019,"Nutrients","mdpi.com","https://www.mdpi.com/572222","https://scholar.google.com/scholar?cites=12822208955835379882&as_sdt=2005&sciodt=0,5&hl=en",441,"2021-07-17 23:32:21","","","","",,,,,3,1.50,1,5,2,"… and lifestyle. Anthropometric (waist circumference (WC), hip circumference (HC), height, weight) and bio-impedentiometric analyses (Akern SRL, Via Lisbona 32/34, 50065 Pontassieve (FI) Italy) were also performed. A blood …","https://www.mdpi.com/2072-6643/11/11/2744/pdf","https://scholar.google.com/scholar?q=related:qnBmQByj8bEJ:scholar.google.com/&scioq=%22waist+circumference%22+nigeria&hl=en&as_sdt=0,5&as_ylo=2019&as_yhi=2019&as_vis=1"
0,"E Lawson, O Lawrence","A Review of Contemporary Markers of Insulin Resistance",2019,"Endocrinology","researchgate.net","https://www.researchgate.net/profile/Lawson-Ekpe/publication/331287702_A_Review_of_Contemporary_Markers_of_Insulin_Resistance/links/5c7077b6458515831f67bb91/A-Review-of-Contemporary-Markers-of-Insulin-Resistance.pdf","",442,"2021-07-17 23:32:21","PDF","","","",,,,,0,0.00,0,2,2,"… Chemical Pathology, University of Calabar, Calabar, Nigeria 2Department of Chemical Pathology, University of Calabar Teaching Hospital, Calabar, Nigeria … IR is related to waist circumference, hyperglycemia, and dyslipidemia with a distortion of lipid profile so there is reduced …","https://www.researchgate.net/profile/Lawson-Ekpe/publication/331287702_A_Review_of_Contemporary_Markers_of_Insulin_Resistance/links/5c7077b6458515831f67bb91/A-Review-of-Contemporary-Markers-of-Insulin-Resistance.pdf","https://scholar.google.com/scholar?q=related:skFataE48JYJ:scholar.google.com/&scioq=%22waist+circumference%22+nigeria&hl=en&as_sdt=0,5&as_ylo=2019&as_yhi=2019&as_vis=1"
5,"Y Hasni, S Bachrouch, M Mahjoub…","Biochemical data and metabolic profiles of male exclusive narghile smokers (ENSs) compared with apparently healthy nonsmokers (AHNSs)",2019,"American journal of …","journals.sagepub.com","https://journals.sagepub.com/doi/abs/10.1177/1557988319825754","https://scholar.google.com/scholar?cites=12237156168748470649&as_sdt=2005&sciodt=0,5&hl=en",443,"2021-07-17 23:32:21","","10.1177/1557988319825754","","",,,,,5,2.50,1,4,2,"Studies evaluating the metabolic profiles of ENSs are scarce and presented controversial conclusions. This study aimed to compare the metabolic profiles of ENSs' and AHNSs' groups. Males aged 25–45...","https://journals.sagepub.com/doi/pdf/10.1177/1557988319825754","https://scholar.google.com/scholar?q=related:eZE7Q7Mc06kJ:scholar.google.com/&scioq=%22waist+circumference%22+nigeria&hl=en&as_sdt=0,5&as_ylo=2019&as_yhi=2019&as_vis=1"
4,"B Sufa, G Abebe, W Cheneke","Dyslipidemia and associated factors among women using hormonal contraceptives in Harar town, Eastern Ethiopia",2019,"BMC research notes","Springer","https://link.springer.com/article/10.1186/s13104-019-4148-9","https://scholar.google.com/scholar?cites=5519759696385808920&as_sdt=2005&sciodt=0,5&hl=en",444,"2021-07-17 23:32:21","HTML","10.1186/s13104-019-4148-9","","",,,,,4,2.00,1,3,2,"… ethnicity, marital status, educational status and occupation (Table 1). Additionally, the presence of dyslipidemia was assessed based on BP, BMI, waist circumference, waist-to … This agrees with a study in Nigeria [17] but the LDL-C level is different from Basra; Iraq [11] in which it …","https://link.springer.com/article/10.1186/s13104-019-4148-9","https://scholar.google.com/scholar?q=related:GBqY7DIgmkwJ:scholar.google.com/&scioq=%22waist+circumference%22+nigeria&hl=en&as_sdt=0,5&as_ylo=2019&as_yhi=2019&as_vis=1"
1,"IG Azevedo, NSO Holanda, NMR Arrais, RTG Santos…","Chest circumference in full-term newborns: how can it be predicted?",2019,"BMC pediatrics","Springer","https://link.springer.com/article/10.1186/s12887-019-1712-3","https://scholar.google.com/scholar?cites=15474561956487850375&as_sdt=2005&sciodt=0,5&hl=en",445,"2021-07-17 23:32:21","HTML","10.1186/s12887-019-1712-3","","",,,,,1,0.50,0,5,2,"… Ndu et al. [36] took anthropometric measures (CC and HC) to detect low birth weight among NB from the Igbo people of Nigeria. These authors also found CC to be the best predictor to detect low-birth-weight babies, indicating that CC is a strong marker of development …","https://link.springer.com/article/10.1186/s12887-019-1712-3","https://scholar.google.com/scholar?q=related:h2k7lxywwNYJ:scholar.google.com/&scioq=%22waist+circumference%22+nigeria&hl=en&as_sdt=0,5&as_ylo=2019&as_yhi=2019&as_vis=1"
3,"M Abebe, T Adane, K Kefyalew, T Munduno…","Variation of urine parameters among diabetic patients: A cross-sectional study",2019,"Ethiopian journal of …","ajol.info","https://www.ajol.info/index.php/ejhs/article/view/187191","https://scholar.google.com/scholar?cites=7638636611382262890&as_sdt=2005&sciodt=0,5&hl=en",446,"2021-07-17 23:32:21","","","","",,,,,3,1.50,1,5,2,"… BMI was categorized into <18.5 kg/m2 (underweight), 18.5–24.9 kg/m2 (normal), 25–29.9 kg/m2 (overweight) and ≥30 kg/m2 (obese). Waist Circumference (WC) was measured midway of lower rib and iliac crest … Waist circumference Low risk 230 65.2 High risk 123 34.8 …","https://www.ajol.info/index.php/ejhs/article/download/187191/176467","https://scholar.google.com/scholar?q=related:ary73YbjAWoJ:scholar.google.com/&scioq=%22waist+circumference%22+nigeria&hl=en&as_sdt=0,5&as_ylo=2019&as_yhi=2019&as_vis=1"
0,"M Ebadi-Vanestanagh, M Azizi-Lalabadi…","Challenges of Food Insecurity Indicators, Diet Quality and Weight Outcomes in Women: A Cross-Sectional Study",2019,"… nutrition and food …","ncbi.nlm.nih.gov","https://www.ncbi.nlm.nih.gov/pmc/articles/pmc6941719/","",447,"2021-07-17 23:32:21","HTML","","","",,,,,0,0.00,0,3,2,"… CI, confidence interval; BMI, body mass index; WC, Waist circumference; WHR, waist to hip ratio; SMM, skeletal muscle mass; FM, fat mass; HES-5 … family size, household food security status, and child care practices on the nutritional status of under-five children in Ile-Ife, Nigeria …","https://www.ncbi.nlm.nih.gov/pmc/articles/pmc6941719/","https://scholar.google.com/scholar?q=related:XAWSkj961UcJ:scholar.google.com/&scioq=%22waist+circumference%22+nigeria&hl=en&as_sdt=0,5&as_ylo=2019&as_yhi=2019&as_vis=1"
0,"G Cicek, U Gorkem, F Yamaner, A Gullu, E Gullu","Adverse Effect of Different Exercise Types on Ovarian Reserve.",2019,"Journal of Education and …","ERIC","https://eric.ed.gov/?id=EJ1202033","",448,"2021-07-17 23:32:21","","","","",,,,,0,0.00,0,5,2,"… Our study found that the body weight, BMI, and waist circumference were reduced favorably after the exercising period of 16 weeks in our … Effect of moderate-vigorous intensity physical exercise on female sex hormones in premenopausal university students in Nnewi, Nigeria …","https://files.eric.ed.gov/fulltext/EJ1202033.pdf","https://scholar.google.com/scholar?q=related:ayEAoYKZdCAJ:scholar.google.com/&scioq=%22waist+circumference%22+nigeria&hl=en&as_sdt=0,5&as_ylo=2019&as_yhi=2019&as_vis=1"
0,"FA Siregar","Early Detection of Hypertension in Elderly and Improving The Quality of Life through Healthy Life Behavior",2019,"Journal of Saintech Transfer","talenta.usu.ac.id","https://talenta.usu.ac.id/jst/article/download/966/2151","",449,"2021-07-17 23:32:21","PDF","","","",,,,,0,0.00,0,1,2,"… circumference, 8 people (16.3%) were with a risk waist circumference. Based on measurement of systolic blood pressure, it was found that 17 people (34.6%) … [8] Akuyam S, Aghogho U, Aliyu, Bakari A. Serum total cholesterol in hypertensive Northern Nigerians …","https://talenta.usu.ac.id/jst/article/download/966/2151","https://scholar.google.com/scholar?q=related:dmuFaDsWaj0J:scholar.google.com/&scioq=%22waist+circumference%22+nigeria&hl=en&as_sdt=0,5&as_ylo=2019&as_yhi=2019&as_vis=1"
4,"ALG Soares, L Banda, A Amberbir, S Jaffar…","Sex and area differences in the association between adiposity and lipid profile in Malawi",2019,"BMJ global …","gh.bmj.com","https://gh.bmj.com/content/4/5/e001542.abstract","https://scholar.google.com/scholar?cites=8550244884962666970&as_sdt=2005&sciodt=0,5&hl=en",450,"2021-07-17 23:32:21","HTML","","","",,,,,4,2.00,1,5,2,"Skip to main content. Viewing from: Google Indexer. BMJ Journals. Log In More …","https://gh.bmj.com/content/4/5/e001542.abstract","https://scholar.google.com/scholar?q=related:2unM9muSqHYJ:scholar.google.com/&scioq=%22waist+circumference%22+nigeria&hl=en&as_sdt=0,5&as_ylo=2019&as_yhi=2019&as_vis=1"
0,"UE Mmanwanne, EA Obinna, UC Ikenna…","Cardiovascular Recovery and Adiposity Indices among Sedentary Young Adults Following a Structured Physical Activity",2019,"Asian Journal of …","journalajcr.com","http://www.journalajcr.com/index.php/AJCR/article/view/30098","",451,"2021-07-17 23:32:21","","","","",,,,,0,0.00,0,4,2,"… study. The study was conducted in the gymnasium of the Department of Medical Rehabilitation, University of Nigeria, Enugu Campus … order. The waist-hip ratio was calculated by dividing the waist circumference (cm) by the hip (cm) …","https://www.journalajcr.com/index.php/AJCR/article/download/30098/56472","https://scholar.google.com/scholar?q=related:HrnVSiplstAJ:scholar.google.com/&scioq=%22waist+circumference%22+nigeria&hl=en&as_sdt=0,5&as_ylo=2019&as_yhi=2019&as_vis=1"
7,"E Dhaifullah, SA Al-Maweri, P Koppolu…","Body mass index and periodontal health status among young Saudi adults: a cross-sectional study",2019,"Annals of Saudi …","annsaudimed.net","https://www.annsaudimed.net/doi/abs/10.5144/0256-4947.2019.433","https://scholar.google.com/scholar?cites=9821712288601064507&as_sdt=2005&sciodt=0,5&hl=en",452,"2021-07-17 23:32:21","","10.5144/0256-4947.2019.433","","",,,,,7,3.50,2,4,2,"… is in agreement with De Castilhos et al findings where no association was reported between obesity (measured by waist circumference), and periodontitis … 27. In a Nigerian study, all subjects, who had Basic Periodontal Examination scores of 4 were obese although this was not …","https://www.annsaudimed.net/doi/pdf/10.5144/0256-4947.2019.433","https://scholar.google.com/scholar?q=related:O8Qn8Em7TYgJ:scholar.google.com/&scioq=%22waist+circumference%22+nigeria&hl=en&as_sdt=0,5&as_ylo=2019&as_yhi=2019&as_vis=1"
30,"C Godfrey, A Bremer, D Alba, C Apovian…","Obesity and fat metabolism in human immunodeficiency virus–infected individuals: Immunopathogenic mechanisms and clinical implications",2019,"The Journal of …","academic.oup.com","https://academic.oup.com/jid/article-abstract/220/3/420/5407906","https://scholar.google.com/scholar?cites=6671211332911536946&as_sdt=2005&sciodt=0,5&hl=en",453,"2021-07-17 23:32:21","","","","",,,,,30,15.00,6,5,2,"This review describes immunopathogenic mechanisms leading to obesity in individuals living with HIV, with a view to therapeutic interventions.","https://academic.oup.com/jid/article/220/3/420/5407906","https://scholar.google.com/scholar?q=related:MpvAl1znlFwJ:scholar.google.com/&scioq=%22waist+circumference%22+nigeria&hl=en&as_sdt=0,5&as_ylo=2019&as_yhi=2019&as_vis=1"
2,"Y Heianza, L Qi","Genetics of Central Obesity and Body Fat",2019,"Nutrition in the Prevention and Treatment of Abdominal …","Elsevier","https://www.sciencedirect.com/science/article/pii/B9780128160930000148","https://scholar.google.com/scholar?cites=11824251614563002269&as_sdt=2005&sciodt=0,5&hl=en",454,"2021-07-17 23:32:21","","","","",,,,,2,1.00,1,2,2,"… and total mortality. The most widely used measures for abdominal obesity include waist circumference (WC) and waist-to-hip ratio (WHR), which are determined by both environmental and genetic factors. Classic genetic studies …","","https://scholar.google.com/scholar?q=related:nefdJDIuGKQJ:scholar.google.com/&scioq=%22waist+circumference%22+nigeria&hl=en&as_sdt=0,5&as_ylo=2019&as_yhi=2019&as_vis=1"
4,"SK Masenga, BM Hamooya…","HIV, immune activation and salt-sensitive hypertension (HISH): a research proposal",2019,"BMC …","bmcresnotes.biomedcentral.com","https://bmcresnotes.biomedcentral.com/articles/10.1186/s13104-019-4470-2","https://scholar.google.com/scholar?cites=13764819483390412358&as_sdt=2005&sciodt=0,5&hl=en",455,"2021-07-17 23:32:21","HTML","10.1186/s13104-019-4470-2","","",,,,,4,2.00,1,3,2,"… We propose to conduct a three-week prospective study at Livingstone Central Hospital (LCH) involving PLWH attending routine ART and HIV negative controls from volunteer health workers who will be matched for age, sex, body mass index (BMI), and waist circumference (WC …","https://bmcresnotes.biomedcentral.com/articles/10.1186/s13104-019-4470-2","https://scholar.google.com/scholar?q=related:RobcGGR2Br8J:scholar.google.com/&scioq=%22waist+circumference%22+nigeria&hl=en&as_sdt=0,5&as_ylo=2019&as_yhi=2019&as_vis=1"
0,"CRP Detregiachi, K Quesada, SM Barbalho, RJ Tofano…","Relationship between obstructive sleep Apnea Syndrome and Anthropometric Measures",,"academia.edu","","https://www.academia.edu/download/59657312/4_Relationship20190610-66155-1bcpt8o.pdf","",456,"2021-07-17 23:32:21","PDF","","","",,,,,0,0.00,0,5,,"… WC: waist circumference. NC: circumference of the neck … (2016) evaluated 1635 patients from a surgical hospital and found that 14.89% had intermediate risk of OSA and only 3.93% were at high risk. Patients from a hospital in Nigeria were evaluated by Ozoh et al. (2014) …","https://www.academia.edu/download/59657312/4_Relationship20190610-66155-1bcpt8o.pdf","https://scholar.google.com/scholar?q=related:zXFOE7399QcJ:scholar.google.com/&scioq=%22waist+circumference%22+nigeria&hl=en&as_sdt=0,5&as_ylo=2019&as_yhi=2019&as_vis=1"
0,"M Zigová, MM Blaščáková, E Petrejčíková…","HODNOTENIE INDEXOV KARDIOMETABOLICKÝCH ABNORMALÍT U SLOVENSKÝCH PACIENTOV S KARDIOLOGICKÝMI KOMPLIKÁCIAMI",,"SLOVENSKÁ …","anthropology.sk","https://anthropology.sk/wp-content/uploads/2020/11/SlovAntropol_2019_22_1.pdf#page=26","",457,"2021-07-17 23:32:21","PDF","","","",,,,,0,0.00,0,4,,"… TT) and indexes indicated cardiometabolic complications calculated from main anthropological characteristics (high, weight, waist circumference, and hip … OK, OGUNDAHUNSI, OA, 2019: Anthropometric parameter that best predict metabolic syndrome in Southwest Nigeria …","https://anthropology.sk/wp-content/uploads/2020/11/SlovAntropol_2019_22_1.pdf#page=26","https://scholar.google.com/scholar?q=related:Gq73-z8giboJ:scholar.google.com/&scioq=%22waist+circumference%22+nigeria&hl=en&as_sdt=0,5&as_ylo=2019&as_yhi=2019&as_vis=1"
0,"S Wharton, C Costanian, T Gershon…","Obesity and Diabetes",2019,"The Diabetes …","Springer","https://link.springer.com/chapter/10.1007/978-3-030-11815-0_39","",458,"2021-07-17 23:32:21","","10.1007/978-3-030-11815-0_39","","",,,,,0,0.00,0,4,2,"… Body Circumference(s). Waist Circumference. Excess … As such, waist circumference can be used to assess health. However, there is considerable disagreement regarding the most optimal site to measure waist circumference. The …","","https://scholar.google.com/scholar?q=related:66VG6345CNEJ:scholar.google.com/&scioq=%22waist+circumference%22+nigeria&hl=en&as_sdt=0,5&as_ylo=2019&as_yhi=2019&as_vis=1"
1,"A Raizada, KM Shruthy, R Takiar, S Bhuvanesh","CHANGES IN QUADRICEPS ANGLE (Q-ANGLE) WITH REGARD TO GENDER AND DIFFERENT ANTHROPOMETRIC PARAMETERS",2019,"Int J Anat Res","researchgate.net","https://www.researchgate.net/profile/Ramnath-Takiar-2/publication/334268637_CHANGES_IN_QUADRICEPS_ANGLE_Q-ANGLE_WITH_REGARD_TO_GENDER_AND_DIFFERENT_ANTHROPOMETRIC_PARAMETERS/links/5da85aaf92851caa1babce39/CHANGES-IN-QUADRICEPS-ANGLE-Q-ANGLE-WITH-REGARD-TO-GENDER-AND-DIFFERENT-ANTHROPOMETRIC-PARAMETERS.pdf","https://scholar.google.com/scholar?cites=1032951647590669747&as_sdt=2005&sciodt=0,5&hl=en",459,"2021-07-17 23:32:21","PDF","","","",,,,,1,0.50,0,4,2,"… Waist circumference (cm) was measured at the level of the umbilicus with the subject in mid- expiratory position … The study conducted by Bade et al established Q-angles of as much as 14.5° as the upper limit of normal for adult Nigerian men and 27.5° as the upper limit of normal …","https://www.researchgate.net/profile/Ramnath-Takiar-2/publication/334268637_CHANGES_IN_QUADRICEPS_ANGLE_Q-ANGLE_WITH_REGARD_TO_GENDER_AND_DIFFERENT_ANTHROPOMETRIC_PARAMETERS/links/5da85aaf92851caa1babce39/CHANGES-IN-QUADRICEPS-ANGLE-Q-ANGLE-WITH-REGARD-TO-GENDER-AND-DIFFERENT-ANTHROPOMETRIC-PARAMETERS.pdf","https://scholar.google.com/scholar?q=related:s93L-AzIVQ4J:scholar.google.com/&scioq=%22waist+circumference%22+nigeria&hl=en&as_sdt=0,5&as_ylo=2019&as_yhi=2019&as_vis=1"
5,"AP Doumatey, K Ekoru, A Adeyemo, CN Rotimi","Genetic basis of obesity and type 2 diabetes in Africans: impact on precision medicine",2019,"Current diabetes reports","Springer","https://link.springer.com/article/10.1007/s11892-019-1215-5","https://scholar.google.com/scholar?cites=16573725613486979795&as_sdt=2005&sciodt=0,5&hl=en",460,"2021-07-17 23:32:21","","10.1007/s11892-019-1215-5","","",,,,,5,2.50,1,4,2,"… Furthermore, waist circumference (WC) and WHR are markers of abdominal obesity that has been demonstrated … addition to a previously reported genome-wide linkage study in Nigerians and Ghanaians … enrolled in the AADM study with study sites in Ghana, Nigeria, and Kenya …","https://www.researchgate.net/profile/Kenneth-Ekoru/publication/335818437_Genetic_Basis_of_Obesity_and_Type_2_Diabetes_in_Africans_Impact_on_Precision_Medicine/links/5daddc28299bf111d4bf86bd/Genetic-Basis-of-Obesity-and-Type-2-Diabetes-in-Africans-Impact-on-Precision-Medicine.pdf","https://scholar.google.com/scholar?q=related:0zqvVKKzAeYJ:scholar.google.com/&scioq=%22waist+circumference%22+nigeria&hl=en&as_sdt=0,5&as_ylo=2019&as_yhi=2019&as_vis=1"
9,"GB Gebremichael, KK Berhe, BG Beyene…","Self-care practices and associated factors among adult hypertensive patients in Ayder Comprehensive Specialized Hospital, Tigray, Ethiopia, 2018",2019,"BMC research …","Springer","https://link.springer.com/article/10.1186/s13104-019-4502-y","https://scholar.google.com/scholar?cites=871471876930149665&as_sdt=2005&sciodt=0,5&hl=en",461,"2021-07-17 23:32:21","HTML","10.1186/s13104-019-4502-y","","",,,,,9,4.50,2,4,2,"… self-care practices for hypertension include medication adherence, maintenance of healthy body weight (body mass index (BMI) 18.5 to 24.9, and waist circumference 102 cm … This finding is consistent with the studies conducted in Addis Ababa (23%) [20] and Nigeria (16.4%) [19 …","https://link.springer.com/article/10.1186/s13104-019-4502-y","https://scholar.google.com/scholar?q=related:IR0qCA4XGAwJ:scholar.google.com/&scioq=%22waist+circumference%22+nigeria&hl=en&as_sdt=0,5&as_ylo=2019&as_yhi=2019&as_vis=1"
2,"K Upadhyay-Dhungel, B Adhikari","Overweight and obesity and associated factors among medical representatives in Kathmandu valley",2019,"Janaki Medical College Journal of …","nepjol.info","https://www.nepjol.info/index.php/JMCJMS/article/view/30003","https://scholar.google.com/scholar?cites=10372962090143314780&as_sdt=2005&sciodt=0,5&hl=en",462,"2021-07-17 23:32:21","HTML","","","",,,,,2,1.00,1,2,2,"… International day for the evaluation of abdominal obesity (IDEA): a study of waist circumference, cardiovascular disease, and diabetes mellitus in 168,000 primary care patients in 63 countries … Prevalence of obesity and overweight in urban adult Nigerians. Obes Rev …","https://www.nepjol.info/index.php/JMCJMS/article/view/30003","https://scholar.google.com/scholar?q=related:XPOVCxAq9I8J:scholar.google.com/&scioq=%22waist+circumference%22+nigeria&hl=en&as_sdt=0,5&as_ylo=2019&as_yhi=2019&as_vis=1"
0,"U SN, AC Ayuk, UN Chikani, JN Eze, KD Adiele…","Association of Pediatric Obesity with Adult Cardiovascular Disease: A Narrative Review of Published Evidence",2019,"","researchgate.net","https://www.researchgate.net/profile/Adaeze-Ayuk/publication/336749253_Association_of_Pediatric_Obesity_with_Adult_Cardiovascular_Disease_A_Narrative_Review_of_Published_Evidence/links/5db0aceb4585155e27f82d5d/Association-of-Pediatric-Obesity-with-Adult-Cardiovascular-Disease-A-Narrative-Review-of-Published-Evidence.pdf","",463,"2021-07-17 23:32:21","PDF","","","",,,,,0,0.00,0,6,2,"… authors have, however, proposed five diagnostic components for the syndrome, namely abdominal obesity (increased waist circumference), hyperglycemia (glucose … Corresponding author: Samuel N Uwaezuoke, Department of Pediatrics, University of Nigeria Teaching Hospital …","https://www.researchgate.net/profile/Adaeze-Ayuk/publication/336749253_Association_of_Pediatric_Obesity_with_Adult_Cardiovascular_Disease_A_Narrative_Review_of_Published_Evidence/links/5db0aceb4585155e27f82d5d/Association-of-Pediatric-Obesity-with-Adult-Cardiovascular-Disease-A-Narrative-Review-of-Published-Evidence.pdf","https://scholar.google.com/scholar?q=related:O-3sqUawwLwJ:scholar.google.com/&scioq=%22waist+circumference%22+nigeria&hl=en&as_sdt=0,5&as_ylo=2019&as_yhi=2019&as_vis=1"
1,"AV Nersesov, AM Raissova, JA Kaibullayeva…","Epidemiological Investigation of Fatty Liver Disease and Abnormal Liver Function in the Republic of Kazakhstan",2019,"Open Journal of …","scirp.org","https://www.scirp.org/html/3-1890329_96358.htm","https://scholar.google.com/scholar?cites=12899665050737792967&as_sdt=2005&sciodt=0,5&hl=en",464,"2021-07-17 23:32:21","HTML","","","",,,,,1,0.50,0,4,2,"… regression. Predictors for IHC diagnosed based on simplified criteria were male gender, waist circumference, BMI, MetS, and fatigue (as a symptom of IHC) … Developments. Nigerian Journal of Clinical Practice, 18, 703-712 …","https://www.scirp.org/html/3-1890329_96358.htm","https://scholar.google.com/scholar?q=related:x1e_rgTRBLMJ:scholar.google.com/&scioq=%22waist+circumference%22+nigeria&hl=en&as_sdt=0,5&as_ylo=2019&as_yhi=2019&as_vis=1"
4,"K Rampersad, S Rangiah, M Kendon","Compliance with local diabetic guidelines at a district hospital in KwaZulu-Natal, South Africa",2019,"South African Family Practice","journals.co.za","https://journals.co.za/doi/abs/10.1080/20786190.2018.1507565","https://scholar.google.com/scholar?cites=12486526849562239414&as_sdt=2005&sciodt=0,5&hl=en",465,"2021-07-17 23:32:21","","10.1080/20786190.2018.1507565","","",,,,,4,2.00,1,3,2,"… BMI 21 4.2 Waist circumference 21 4.2 … A 2009 study conducted in a teaching hospital in Nigeria showed similar poor results with urinalysis and serum creatinine done only 50% of the time.11 Foot examinations and education on foot care is an essential step in diabetic care …","https://www.tandfonline.com/doi/pdf/10.1080/20786190.2018.1507565","https://scholar.google.com/scholar?q=related:tuGIYgMOSa0J:scholar.google.com/&scioq=%22waist+circumference%22+nigeria&hl=en&as_sdt=0,5&as_ylo=2019&as_yhi=2019&as_vis=1"
10,"JC Mwita, JM Francis, B Omech, E Botsile, A Oyewo…","Glycaemic, blood pressure and low-density lipoprotein-cholesterol control among patients with diabetes mellitus in a specialised clinic in Botswana: a cross …",2019,"BMJ open","bmjopen.bmj.com","https://bmjopen.bmj.com/content/9/7/e026807.abstract","https://scholar.google.com/scholar?cites=9429836754256669637&as_sdt=2005&sciodt=0,5&hl=en",466,"2021-07-17 23:32:21","HTML","","","",,,,,10,5.00,2,6,2,"Skip to main content. Viewing from: Google Indexer. BMJ Journals. Log In More …","https://bmjopen.bmj.com/content/9/7/e026807.abstract","https://scholar.google.com/scholar?q=related:xStkC5GC3YIJ:scholar.google.com/&scioq=%22waist+circumference%22+nigeria&hl=en&as_sdt=0,5&as_ylo=2019&as_yhi=2019&as_vis=1"
0,"WC Lwabukuna","Early clinical markers of metabolic syndrome among secondary school adolescents in Dar Es Salaam region 2019.",2019,"","41.93.40.22","http://41.93.40.22:8080/xmlui/handle/123456789/610","",467,"2021-07-17 23:32:21","","","","",,,,,0,0.00,0,1,2,"… demographic data. Blood pressure and anthropometric measurements (body weight, height and waist circumference) were taken by using standardized methods. Fasting … set of criteria that included waist circumference, blood lipids, blood pressure, and fasting glucose …","http://41.93.40.22:8080/xmlui/bitstream/handle/123456789/610/WARLES'%20DISSERTATION...pdf?sequence=1","https://scholar.google.com/scholar?q=related:LxSQfe4F8vAJ:scholar.google.com/&scioq=%22waist+circumference%22+nigeria&hl=en&as_sdt=0,5&as_ylo=2019&as_yhi=2019&as_vis=1"
3,"R Kshirsagar, S Deoke, S Akhtar","Platelet indices in type 2 diabetes mellitus and their association with microvascular complications",2019,"Panacea J Med Sci","researchgate.net","https://www.researchgate.net/profile/Shilpa-Deoke/publication/334019094_Platelet_indices_in_type_2_diabetes_mellitus_and_their_association_with_microvascular_complications/links/5da938c292851c577eb814fc/Platelet-indices-in-type-2-diabetes-mellitus-and-their-association-with-microvascular-complications.pdf","https://scholar.google.com/scholar?cites=6521013092580809731&as_sdt=2005&sciodt=0,5&hl=en",468,"2021-07-17 23:32:21","PDF","","","",,,,,3,1.50,1,3,2,"… 3 BMI (Kg/M 2) 23.40±2.88 21.75±3.52 <0.001* 5 Waist Circumference (cms) 90.67 ± 6.18 76.68 ± 9.52 <0.001 … Mean platelet volume and platelet counts in type 2 diabetes: mellitus on treatment and non-diabetic mellitus controls in Lagos, Nigeria. Pan Afr Med J 2014;18:42 …","https://www.researchgate.net/profile/Shilpa-Deoke/publication/334019094_Platelet_indices_in_type_2_diabetes_mellitus_and_their_association_with_microvascular_complications/links/5da938c292851c577eb814fc/Platelet-indices-in-type-2-diabetes-mellitus-and-their-association-with-microvascular-complications.pdf","https://scholar.google.com/scholar?q=related:A1zznttKf1oJ:scholar.google.com/&scioq=%22waist+circumference%22+nigeria&hl=en&as_sdt=0,5&as_ylo=2019&as_yhi=2019&as_vis=1"
7,"AR Bonikowske, MI Barillas Lara, KE Koepp…","Fat mass index better identifies metabolic syndrome: insights from patients in early outpatient cardiac rehabilitation",2019,"Journal of clinical …","mdpi.com","https://www.mdpi.com/588672","https://scholar.google.com/scholar?cites=12546280211176108155&as_sdt=2005&sciodt=0,5&hl=en",469,"2021-07-17 23:32:21","","","","",,,,,7,3.50,2,4,2,"… Previous Article in Journal PrimeStore MTM and OMNIgene Sputum for the Preservation of Sputum for Xpert MTB/RIF Testing in Nigeria … disease [7,8,9]. The diagnosis of MetS is dependent on adiposity distribution, defined by increased waist circumference and metabolically …","https://www.mdpi.com/2077-0383/8/12/2147/pdf","https://scholar.google.com/scholar?q=related:ezCqB2FXHa4J:scholar.google.com/&scioq=%22waist+circumference%22+nigeria&hl=en&as_sdt=0,5&as_ylo=2019&as_yhi=2019&as_vis=1"
1,"N Persaud, L Steiner, H Woods, T Aratangy…","Health outcomes related to the provision of free, tangible goods: A systematic review",2019,"PloS one","journals.plos.org","https://journals.plos.org/plosone/article?id=10.1371/journal.pone.0213845","https://scholar.google.com/scholar?cites=16928901947984681267&as_sdt=2005&sciodt=0,5&hl=en",470,"2021-07-17 23:32:21","HTML","","","",,,,,1,0.50,0,5,2,"… 23·7%) were from countries considered low or medium income by the 2016 World Bank Report.[20] These countries included India (three studies), Cameroon (two studies), and one study each from Mexico, Colombia, Ukraine, Pakistan, Ghana, Kenya, Nigeria, China and …","https://journals.plos.org/plosone/article?id=10.1371/journal.pone.0213845","https://scholar.google.com/scholar?q=related:M5kL56CK7-oJ:scholar.google.com/&scioq=%22waist+circumference%22+nigeria&hl=en&as_sdt=0,5&as_ylo=2019&as_yhi=2019&as_vis=1"
2,"J Papanna, S Bettegowda","Thyroid dysfunction among type 2 diabetes mellitus patients: A study from rural hospital",2019,"Journal of Medical Science and Clinical …","216.10.240.19","http://216.10.240.19/v7-i4/74%20jmscr.pdf","https://scholar.google.com/scholar?cites=765348670517029315&as_sdt=2005&sciodt=0,5&hl=en",471,"2021-07-17 23:32:21","PDF","","","",,,,,2,1.00,1,2,2,"… Waist circumference was measured in the centre of the iliac crest and the coastal margin, and hip circumference was measured at the widest point on buttocks below the iliac crest … Evaluation of thyroid function in diabetes mellitus in Calabar, Nigeria, Indian J. Clin …","http://216.10.240.19/v7-i4/74%20jmscr.pdf","https://scholar.google.com/scholar?q=related:wyl8k48QnwoJ:scholar.google.com/&scioq=%22waist+circumference%22+nigeria&hl=en&as_sdt=0,5&as_ylo=2019&as_yhi=2019&as_vis=1"
3,"A Afroz, K Alam, MJ Alramadan…","Cost-Of-Illness and its Determinants for Type 2 Diabetes Mellitus in Bangladesh: Protocol for a Cross-Sectional Study",2019,"… Journal of Medical …","research.monash.edu","https://research.monash.edu/files/285250043/283731410_oa.pdf","https://scholar.google.com/scholar?cites=11125517992283761963&as_sdt=2005&sciodt=0,5&hl=en",472,"2021-07-17 23:32:21","PDF","","","",,,,,3,1.50,1,4,2,"… This will be done twice and if the measurements differ by more than 2 cm, a third measurement will be taken. The waist circumference will be recorded to the nearest 0.5 cm … 26. Suleiman IA, Festus JA. Cost of illness among diabetes mellitus patients in Niger Delta, Nigeria …","https://research.monash.edu/files/285250043/283731410_oa.pdf","https://scholar.google.com/scholar?q=related:K21KIKvHZZoJ:scholar.google.com/&scioq=%22waist+circumference%22+nigeria&hl=en&as_sdt=0,5&as_ylo=2019&as_yhi=2019&as_vis=1"
3,"AT Timnou, J Boombhi, SRJS Njonnou…","Prevalence of hypertension and associated risk factors among a group of prisoners in Yaoundé Central Prison: a cross-sectional study",2019,"Journal of Xiangya …","researchgate.net","https://www.researchgate.net/profile/Ahmadou-Jingi/publication/333448670_Prevalence_of_hypertension_and_associated_risk_factors_among_a_group_of_prisoners_in_Yaounde_Central_Prison_a_cross-sectional_study/links/5cee5ed2a6fdcc18c8e9b872/Prevalence-of-hypertension-and-associated-risk-factors-among-a-group-of-prisoners-in-Yaounde-Central-Prison-a-cross-sectional-study.pdf","https://scholar.google.com/scholar?cites=13610574337691200516&as_sdt=2005&sciodt=0,5&hl=en",473,"2021-07-17 23:32:21","PDF","","","",,,,,3,1.50,1,4,2,"… one of the principal cardiovascular risk factors affecting approximately 30% of adults (8). Recent studies on hypertension in Nigeria and in … Body mass index was calculated as weight (kg)/height (m) × height (m). Waist circumference was measured between the iliac crest and the …","https://www.researchgate.net/profile/Ahmadou-Jingi/publication/333448670_Prevalence_of_hypertension_and_associated_risk_factors_among_a_group_of_prisoners_in_Yaounde_Central_Prison_a_cross-sectional_study/links/5cee5ed2a6fdcc18c8e9b872/Prevalence-of-hypertension-and-associated-risk-factors-among-a-group-of-prisoners-in-Yaounde-Central-Prison-a-cross-sectional-study.pdf","https://scholar.google.com/scholar?q=related:BKwhiz954rwJ:scholar.google.com/&scioq=%22waist+circumference%22+nigeria&hl=en&as_sdt=0,5&as_ylo=2019&as_yhi=2019&as_vis=1"
0,"MA moneim Shalash, KH Rohoma, NS Kandil…","Serum Sclerostin Level and Its Relation to Subclinical Atherosclerosis in Subjects with Type 2 Diabetes",,"academia.edu","","https://www.academia.edu/download/59148540/8_pdf20190506-5473-1758tvl.pdf","",474,"2021-07-17 23:32:21","PDF","","","",,,,,0,0.00,0,4,,"… The waist circumference was measured at the midpoint between the lower margin of the last palpable rib and the top of the iliac crest, using a stretch‐resistant tape … BMI (kg/m2) a 29.88±3.56 25.57±1.84 <0.001* Waist circumference (cm) 112.2 ±11.29 92.50±10.09 <0.001 …","https://www.academia.edu/download/59148540/8_pdf20190506-5473-1758tvl.pdf","https://scholar.google.com/scholar?q=related:7HL76twFXrMJ:scholar.google.com/&scioq=%22waist+circumference%22+nigeria&hl=en&as_sdt=0,5&as_ylo=2019&as_yhi=2019&as_vis=1"
0,"PK Baghel, K Singh, JK Dandotiya","CLINICODEMOGRAPHIC PROFILE AND RISK FACTORS OF STROKE IN DIABETIC AND NONDIABETIC PATIENTS IN VINDHYA REGION",2019,"… of Evolution of Medical and Dental …","go.gale.com","https://go.gale.com/ps/i.do?id=GALE%7CA573241037&sid=googleScholar&v=2.1&it=r&linkaccess=abs&issn=22784748&p=HRCA&sw=w","",475,"2021-07-17 23:32:21","","","","",,,,,0,0.00,0,3,2,"… [12] Ukoha OB, Ajaegbu O, Eke CO. A review of stroke cases in a military hospital in Nigeria. AFRIMEDIC J 2012;3(2):30-3 … [15] Ali A, Abbasi SA, Mushtaq S, et al. A comparative study of waist circumference, waist hip ratio and BMI in diabetics and non-diabetic …","","https://scholar.google.com/scholar?q=related:MecHK1oq3AIJ:scholar.google.com/&scioq=%22waist+circumference%22+nigeria&hl=en&as_sdt=0,5&as_ylo=2019&as_yhi=2019&as_vis=1"
2,"S Rosa, L Riamawati","Hubungan Asupan Kalsium, Air, dan Aktivitas Fisik dengan Kejadian Obesitas Sentral pada Pekerja Bagian Perkantoran",2019,"Amerta Nutrition","e-journal.unair.ac.id","https://www.e-journal.unair.ac.id/AMNT/article/view/10337","https://scholar.google.com/scholar?cites=4029590583594995039&as_sdt=2005&sciodt=0,5&hl=en",476,"2021-07-17 23:32:21","HTML","","","",,,,,2,1.00,1,2,2,"… Data collected included measurements of waist circumference, measurements of body weight and height, 3x24 hour food recall and physical activity questionnaire … (Elmont, 2005). Jogunola, OO, Awoyemi, A. . Journal of the Nigeria medical rehabilitation therapists : JNMRT …","https://www.e-journal.unair.ac.id/AMNT/article/view/10337","https://scholar.google.com/scholar?q=related:X01wPUn76zcJ:scholar.google.com/&scioq=%22waist+circumference%22+nigeria&hl=en&as_sdt=0,5&as_ylo=2019&as_yhi=2019&as_vis=1"
0,"OM Akinlade, AA Akintunde, OP Olabode…","Evaluation of Tp-e Interval and Tp-e/QTc Ratio among Patients with Steady State Sickle Cell Disease",2019,"World Journal of …","scirp.org","https://www.scirp.org/journal/paperinformation.aspx?paperid=93300","",477,"2021-07-17 23:32:21","HTML","","","",,,,,0,0.00,0,4,2,"… and Tp-e/QTc ratio patterns has not been studied among patients with sickle cell anaemia in Nigeria … Elevated waist circumference (WC) defined as ≥94 cm in men and ≥80 cm in women … this study was consistent with that of Odia who in an ECG study of 30 Nigerian sickle cell …","https://www.scirp.org/journal/paperinformation.aspx?paperid=93300","https://scholar.google.com/scholar?q=related:LxR979twgQ8J:scholar.google.com/&scioq=%22waist+circumference%22+nigeria&hl=en&as_sdt=0,5&as_ylo=2019&as_yhi=2019&as_vis=1"
1,"CAV Nogueira, NC Leite","Non-alcoholic Fatty Liver in the Pathogenesis of Diabetes",2019,"The Diabetes Textbook","Springer","https://link.springer.com/chapter/10.1007/978-3-030-11815-0_15","https://scholar.google.com/scholar?cites=7986658053988746587&as_sdt=2005&sciodt=0,5&hl=en",478,"2021-07-17 23:32:21","","10.1007/978-3-030-11815-0_15","","",,,,,1,0.50,1,2,2,"… Data is lacking in the African continent; however, one study from Nigeria, which included patients with and without diabetes mellitus … However, a physical exam with signs of insulin resistance like acanthosis nigricans, an enlarged waist circumference (usually over 88 cm in …","","https://scholar.google.com/scholar?q=related:WwWDWi9P1m4J:scholar.google.com/&scioq=%22waist+circumference%22+nigeria&hl=en&as_sdt=0,5&as_ylo=2019&as_yhi=2019&as_vis=1"
0,"J Yo, C Karschimkus, F Volpato, S Christov…","MON-323 Proof of Concept Study of Wearable Devices to Detect Inflammation",2019,"Kidney International …","kireports.org","https://www.kireports.org/article/S2468-0249(19)31338-5/pdf","",479,"2021-07-17 23:32:21","PDF","","","",,,,,0,0.00,0,5,2,"… Division Of nephrology, Vancouver, Can- ada, 3NAUTH, Renal unit, Nnewi, Nigeria, 4UNTH, Renal unit, Enugu, Nigeria Introduction: Emphysematous … MetS was defined as the presence of three of more of the following measurements: Waist circumference of greater than 40 …","https://www.kireports.org/article/S2468-0249(19)31338-5/pdf",""
1,"RA Aringazina, YS Bazargaliyev…","Comorbidity of the metabolic syndrome: Hyperuricemia, gallstone disease, hormonal disorders",2019,"Journal of Global …","sirius.zkgmu.kz","https://sirius.zkgmu.kz/sirius/src/PpsModuleFiles/publication/445/651_650_911_%D0%A1%D1%82%D0%B0%D1%82%D1%8C%D1%8F%20%D0%B8%D1%8E%D0%BB%D1%8C2019%20%D0%A1%D0%BA%D0%BE%D0%BF%D1%83%D1%81.pdf","https://scholar.google.com/scholar?cites=3778116255350844166&as_sdt=2005&sciodt=0,5&hl=en",480,"2021-07-17 23:32:21","PDF","","","",,,,,1,0.50,0,3,2,"… Body weight, BMI and waist circumference have all been positively associated with prostate volume … 39 11. Ajayi EA, Ajayi OA, Adeoti OA (2014) Metabolic syndrome: prevalence and association with electrocardiographic abnormalities in Nigerian hypertensive patients. Metab …","https://sirius.zkgmu.kz/sirius/src/PpsModuleFiles/publication/445/651_650_911_%D0%A1%D1%82%D0%B0%D1%82%D1%8C%D1%8F%20%D0%B8%D1%8E%D0%BB%D1%8C2019%20%D0%A1%D0%BA%D0%BE%D0%BF%D1%83%D1%81.pdf","https://scholar.google.com/scholar?q=related:ButQiLeQbjQJ:scholar.google.com/&scioq=%22waist+circumference%22+nigeria&hl=en&as_sdt=0,5&as_ylo=2019&as_yhi=2019&as_vis=1"
0,"M Matshipi","The relationship between physical activity and the risk of type 2 diabetes mellitus in Ellisras rural young adults aged 22 to 20 years: Ellisras longitudinal study",2019,"","ulspace.ul.ac.za","http://ulspace.ul.ac.za/handle/10386/2935","",481,"2021-07-17 23:32:21","","","","",,,,,0,0.00,0,1,2,"… resistance. Anthropometric measurements (waist circumference and height) were … Page 7. vii relationship (p<0.05) between physical activity and blood glucose (ß =5.715; 95% CI 4.545; 6.885), waist circumference (ß = 37.572; 95% CI 25.970; 49.174) and waist-to …","http://ulspace.ul.ac.za/bitstream/handle/10386/2935/matshipi_m_2019.pdf?sequence=1","https://scholar.google.com/scholar?q=related:PRtkiV1Ni5kJ:scholar.google.com/&scioq=%22waist+circumference%22+nigeria&hl=en&as_sdt=0,5&as_ylo=2019&as_yhi=2019&as_vis=1"
7,"R Alonso-Domínguez, MC Patino-Alonso…","Effect of a multifactorial intervention on the increase in physical activity in subjects with type 2 diabetes mellitus: a randomized clinical trial (EMID study)",2019,"European Journal of …","academic.oup.com","https://academic.oup.com/eurjcn/article-abstract/18/5/399/5925258","https://scholar.google.com/scholar?cites=780101177013154872&as_sdt=2005&sciodt=0,5&hl=en",482,"2021-07-17 23:32:21","","","","",,,,,7,3.50,2,3,2,"AbstractBackground. Regular physical activity is essential for metabolic control in type 2 diabetes mellitus.Aims. The aim of this study was to assess the short.","","https://scholar.google.com/scholar?q=related:OLS7KON50woJ:scholar.google.com/&scioq=%22waist+circumference%22+nigeria&hl=en&as_sdt=0,5&as_ylo=2019&as_yhi=2019&as_vis=1"
0,"G Odoh, JO Edah, JE Ojobi, JN Uwakwe…","Management of the metabolic syndrome and the emerging role of nutraceutical",2019,"Jos Journal of …","ajol.info","https://www.ajol.info/index.php/jjm/article/view/191402","",483,"2021-07-17 23:32:21","","","","",,,,,0,0.00,0,5,2,"… Corresponding Author, Dr Odoh, Gabriel. Department of Internal medicine, Jos University Teaching Hospital, Jos, Nigeria … Studies in human with Mets have reported a reduction in waist circumference, triglycerides levels and systolic blood pressure 56 especially in women …","https://www.ajol.info/index.php/jjm/article/download/191402/180572","https://scholar.google.com/scholar?q=related:h5ld7UCZWrIJ:scholar.google.com/&scioq=%22waist+circumference%22+nigeria&hl=en&as_sdt=0,5&as_ylo=2019&as_yhi=2019&as_vis=1"
0,"JM Ngango, OB Omole","Prevalence and sociodemographic correlates of cardiovascular risk factors among patients with hypertension in South African primary care",2019,"South African Journal of Diabetes and …","journals.co.za","https://journals.co.za/doi/abs/10.10520/EJC-16d751a436","",484,"2021-07-17 23:32:21","","10.10520/EJC-16d751a436","","",,,,,0,0.00,0,2,2,"… Obesity was considered if BMI was > 30 kg/m². • Waist circumference: flexible, non-elastic metric tape. The research assistant used a flexible non-elastic tape measure 154 cm long and 15 mm wide, with 1-cm graduation intervals for the waist circumference measurement …","","https://scholar.google.com/scholar?q=related:1yIQ-9gSMmAJ:scholar.google.com/&scioq=%22waist+circumference%22+nigeria&hl=en&as_sdt=0,5&as_ylo=2019&as_yhi=2019&as_vis=1"
0,"P Nepomuceno, LM Schmidt, MH Glänzel…","Dor lombar, índices antropométricos e flexibilidade em trabalhadores rurais",2019,"BrJP","SciELO Brasil","https://www.scielo.br/j/brjp/a/kGQSrnY6NQw7XNLmyvP6m9H/abstract/?lang=pt","",485,"2021-07-17 23:32:21","","","","",,,,,0,0.00,0,4,2,"… Waist circumference as a measure for indicating need for weight management. BMJ … Relationship between isometric endurance of back extensor muscles and selected anthropometric indices among some Nigerian undergraduates. J Back Musculoskelet Rehabil …","https://www.scielo.br/j/brjp/a/kGQSrnY6NQw7XNLmyvP6m9H/?format=html&lang=pt","https://scholar.google.com/scholar?q=related:yNUKrNEvuO8J:scholar.google.com/&scioq=%22waist+circumference%22+nigeria&hl=en&as_sdt=0,5&as_ylo=2019&as_yhi=2019&as_vis=1"
4,"E van der Linden, K Meeks, E Beune, AG Aikins…","Dyslipidaemia among Ghanaian migrants in three European countries and their compatriots in rural and urban Ghana: the RODAM study",2019,"Atherosclerosis","Elsevier","https://www.sciencedirect.com/science/article/pii/S0021915019301170","https://scholar.google.com/scholar?cites=5457458505877885287&as_sdt=2005&sciodt=0,5&hl=en",486,"2021-07-17 23:32:21","HTML","","","",,,,,4,2.00,1,5,2,"… meters. Waist circumference (cm) and hip circumference (cm) were measured using measuring tape at the midpoint between the lower rib and the upper margin of the iliac crest, and around the major trochanter, respectively …","https://www.sciencedirect.com/science/article/pii/S0021915019301170","https://scholar.google.com/scholar?q=related:ZxFJo5jJvEsJ:scholar.google.com/&scioq=%22waist+circumference%22+nigeria&hl=en&as_sdt=0,5&as_ylo=2019&as_yhi=2019&as_vis=1"
0,"N Zarei, N Nemati, T Bagherpour","Effect of Exercise Type and Adenosine on the Concentration of Lipoprotein Lipase, Triglyceride and Very Low Lipoprotein in High Fat Diets Fed Rats",2019,"Journal of Chemical Health Risks","jchr.org","http://www.jchr.org/index.php/JCHR/article/view/article_665824.html","",487,"2021-07-17 23:32:21","","","","",,,,,0,0.00,0,3,2,"… from the Nigerian breast cancer study. Cancer Causes & Control. 23(4), 565-574. 18. Delavari A., Forouzanfar MH, Alikhani S., Sharifian A., Kelishadi R., 2009. First nationwide study of the prevalence of the metabolic syndrome and optimal cutoff points of waist circumference in …","http://www.jchr.org/article_665824_1ce90f4b26a9ce93f72fb1adb0e906b4.pdf","https://scholar.google.com/scholar?q=related:CuEx8sOH-poJ:scholar.google.com/&scioq=%22waist+circumference%22+nigeria&hl=en&as_sdt=0,5&as_ylo=2019&as_yhi=2019&as_vis=1"
0,"TM Mashonganyika","Dads matter too: the role of paternal factors on birth outcomes",2019,"","wiredspace.wits.ac.za","http://wiredspace.wits.ac.za/handle/10539/29760","",488,"2021-07-17 23:32:21","","","","",,,,,0,0.00,0,1,2,"… Norway Population based study N = 14079 pairs Parental BMI, waist circumference, blood pressure, glucose, and serum lipids … Nigeria A cross- sectional descriptive study … Mothers from the Northern side of Nigerian had multiparity and systolic and/or diastolic hypertension …","http://wiredspace.wits.ac.za/bitstream/handle/10539/29760/Revised%20Msc%20Dissertation.pdf?sequence=1","https://scholar.google.com/scholar?q=related:hdX_S7Ve_2UJ:scholar.google.com/&scioq=%22waist+circumference%22+nigeria&hl=en&as_sdt=0,5&as_ylo=2019&as_yhi=2019&as_vis=1"
0,"KS Malik, A Adoubi, K Kouadio, J Kouamé…","Overweight and obesity among women living in peri-urban areas in West Africa",2019,"… European Journal of …","seejph.com","https://www.seejph.com/index.php/seejph/article/view/1888","",489,"2021-07-17 23:32:21","","","","",,,,,0,0.00,0,5,2,"… Some studies in Nigeria, Cameroon and Togo found an association between age and obesity later (after … Waist circumference is a simple indicator of excess abdominal fat in adults … and Socio- Demographic Determinants of Obesity Among Adults In An Urban Nigerian Population …","https://www.seejph.com/index.php/seejph/article/download/1888/1808","https://scholar.google.com/scholar?q=related:n1iyzbBKnsoJ:scholar.google.com/&scioq=%22waist+circumference%22+nigeria&hl=en&as_sdt=0,5&as_ylo=2019&as_yhi=2019&as_vis=1"
0,"N Singh, AT Sherpa, S Pandey, A Pradhan","Association of Random Blood Sugar with Body Mass Index in Habitants of Suburban Kathmandu District",2019,"Journal of Chitwan Medical …","nepjol.info","https://www.nepjol.info/index.php/JCMC/article/view/24532","",490,"2021-07-17 23:32:21","","","","",,,,,0,0.00,0,4,2,"… 14. Waist Circumference and Waist-Hip Ratio Report of a WHO Expert Consultation Geneva … 16. Innocent O, Thank God O, Etumah, SandraO, Josiah IE. Correlation between body mass index and blood glucose levels among some Nigerian undergraduates …","https://www.nepjol.info/index.php/JCMC/article/view/24532/20640","https://scholar.google.com/scholar?q=related:z9ILYjzO9UYJ:scholar.google.com/&scioq=%22waist+circumference%22+nigeria&hl=en&as_sdt=0,5&as_ylo=2019&as_yhi=2019&as_vis=1"
9,"HB Jemaa, A Mankaï, S Khlifi, R Minaoui, D Ghozzi…","Development and validation of impedance-based equations for the prediction of total body water and fat-free mass in children aged 8–11 years",2019,"Clinical Nutrition","Elsevier","https://www.sciencedirect.com/science/article/pii/S0261561418300487","https://scholar.google.com/scholar?cites=15136706566782022631&as_sdt=2005&sciodt=0,5&hl=en",491,"2021-07-17 23:32:21","","","","",,,,,9,4.50,2,6,2,"… Waist circumference (WC) was measured with a 2-m long, flexible, inelastic anthropometric tape, divided into centimeters and subdivided into millimeters. All assessments were performed in the morning 07.00 and 11.00 h in the same season. 2.4. Impedance analysis …","","https://scholar.google.com/scholar?q=related:53NdvmxiENIJ:scholar.google.com/&scioq=%22waist+circumference%22+nigeria&hl=en&as_sdt=0,5&as_ylo=2019&as_yhi=2019&as_vis=1"
1,"AO Ezeukwu, GC Ebisike, DO John…","Predictors of self-reported physical activity level in patients with non-specific chronic low back pain",2019,"Int Phys Med …","researchgate.net","https://www.researchgate.net/profile/Jeneviv-John-2/publication/333457796_Predictors_of_self-reported_physical_activity_level_among_patients_with_non-specific_chronic_low_back_pain/links/5ceef611299bf1fb184946b3/Predictors-of-self-reported-physical-activity-level-among-patients-with-non-specific-chronic-low-back-pain.pdf","https://scholar.google.com/scholar?cites=676802854457002041&as_sdt=2005&sciodt=0,5&hl=en",492,"2021-07-17 23:32:21","PDF","","","",,,,,1,0.50,0,4,2,"… Faculty of Health Sciences and Technology, College of Medicine, University of Nigeria, PMB 01129 Enugu State, Nigeria, Tel+2348038781954 … Waist circumference was measured with the subject standing, arms at the sides, feet together and abdomen relaxed, a horizontal …","https://www.researchgate.net/profile/Jeneviv-John-2/publication/333457796_Predictors_of_self-reported_physical_activity_level_among_patients_with_non-specific_chronic_low_back_pain/links/5ceef611299bf1fb184946b3/Predictors-of-self-reported-physical-activity-level-among-patients-with-non-specific-chronic-low-back-pain.pdf","https://scholar.google.com/scholar?q=related:OUjhOpx8ZAkJ:scholar.google.com/&scioq=%22waist+circumference%22+nigeria&hl=en&as_sdt=0,5&as_ylo=2019&as_yhi=2019&as_vis=1"
7,"E Msopa, V Mwanakasale","Identification of risk factors of diabetes mellitus in bank employees of selected banks in Ndola town",2019,"… & Metabolic Syndrome: Clinical Research & …","Elsevier","https://www.sciencedirect.com/science/article/pii/S1871402118305344","https://scholar.google.com/scholar?cites=6236342315801286764&as_sdt=2005&sciodt=0,5&hl=en",493,"2021-07-17 23:32:21","","","","",,,,,7,3.50,4,2,2,"… Several studies have indicated that breaking long sitting hours with bouts of light or moderate intensity walking yields reduction of waist circumference, BMI, plasma glucose and triglyceride levels [15]. 2. Problem statement. There …","","https://scholar.google.com/scholar?q=related:bJgSb0vwi1YJ:scholar.google.com/&scioq=%22waist+circumference%22+nigeria&hl=en&as_sdt=0,5&as_ylo=2019&as_yhi=2019&as_vis=1"
1,"R Loganathan, SR Vethakkan…","Red palm olein supplementation on cytokines, endothelial function and lipid profile in centrally overweight individuals: a randomised controlled trial",2019,"European journal of …","nature.com","https://www.nature.com/articles/s41430-018-0236-5","https://scholar.google.com/scholar?cites=9043864160114413452&as_sdt=2005&sciodt=0,5&hl=en",494,"2021-07-17 23:32:21","","","","",,,,,1,0.50,0,3,2,"… Participants recruited were abdominally obese males and females (waist circumference > 90 cm for males, > 80 cm for females), aged between 20–50 years and with BMI ≥ 18.5 kg/m 2 . Exclusion criteria were: BMI < 18.5 kg/m 2 , fasting plasma cholesterol > 7.0 mmol/L …","https://www.researchgate.net/profile/Kim-Tiu-Teng/publication/325998286_Red_palm_olein_supplementation_on_cytokines_endothelial_function_and_lipid_profile_in_centrally_overweight_individuals_a_randomised_controlled_trial/links/5c0fbcf2a6fdcc494fec007e/Red-palm-olein-supplementation-on-cytokines-endothelial-function-and-lipid-profile-in-centrally-overweight-individuals-a-randomised-controlled-trial.pdf","https://scholar.google.com/scholar?q=related:jI-BhIlCgn0J:scholar.google.com/&scioq=%22waist+circumference%22+nigeria&hl=en&as_sdt=0,5&as_ylo=2019&as_yhi=2019&as_vis=1"
20,"C Yuan, Y Ding, K Zhou, Y Huang…","Clinical outcomes of community pharmacy services: A systematic review and meta‐analysis",2019,"Health & social care in …","Wiley Online Library","https://onlinelibrary.wiley.com/doi/abs/10.1111/hsc.12794","https://scholar.google.com/scholar?cites=14183524814922013970&as_sdt=2005&sciodt=0,5&hl=en",495,"2021-07-17 23:32:21","","10.1111/hsc.12794","","",,,,,20,10.00,4,5,2,"Abstract Community pharmacy services (CPS) have been shown to be positive in many disease management and patient care programs, but clinical outcomes were followed by process indicators and methodo...","https://onlinelibrary.wiley.com/doi/pdfdirect/10.1111/hsc.12794","https://scholar.google.com/scholar?q=related:El1d8KsA1sQJ:scholar.google.com/&scioq=%22waist+circumference%22+nigeria&hl=en&as_sdt=0,5&as_ylo=2019&as_yhi=2019&as_vis=1"
0,"FDF Rats","Journal of Chemical Health Risks",,"sid.ir","","https://www.sid.ir/FileServer/JE/53000620190206.pdf","",496,"2021-07-17 23:32:21","PDF","","","",,,,,0,0.00,0,1,,"… from the Nigerian breast cancer study. Cancer Causes & Control. 23(4), 565-574. 18. Delavari A., Forouzanfar MH, Alikhani S., Sharifian A., Kelishadi R., 2009. First nationwide study of the prevalence of the metabolic syndrome and optimal cutoff points of waist circumference in …","https://www.sid.ir/FileServer/JE/53000620190206.pdf","https://scholar.google.com/scholar?q=related:i3436uq-Q34J:scholar.google.com/&scioq=%22waist+circumference%22+nigeria&hl=en&as_sdt=0,5&as_ylo=2019&as_yhi=2019&as_vis=1"
5,"O Tymejczyk, ML McNairy, JS Petion…","Hypertension prevalence and risk factors among residents of four slum communities: population-representative findings from Port-au-Prince, Haiti",2019,"Journal of …","ncbi.nlm.nih.gov","https://www.ncbi.nlm.nih.gov/pmc/articles/PMC7680636/","https://scholar.google.com/scholar?cites=4984068383726771047&as_sdt=2005&sciodt=0,5&hl=en",497,"2021-07-17 23:32:21","HTML","","","",,,,,5,2.50,1,4,2,"… factors. All surveys were in Haitian Creole, after translation from and back-translation into English. Anthropometrics (height and weight without shoes, waist circumference) and blood pressure were also recorded. Blood pressure …","https://www.ncbi.nlm.nih.gov/pmc/articles/PMC7680636/","https://scholar.google.com/scholar?q=related:ZxtKzMn3KkUJ:scholar.google.com/&scioq=%22waist+circumference%22+nigeria&hl=en&as_sdt=0,5&as_ylo=2019&as_yhi=2019&as_vis=1"
1,"H van Aswegen, H Myezwa, R Roos","Factors associated with physical function capacity in an urban cohort of people living with the human immunodeficiency virus in South Africa",2019,"South African Journal of …","journals.co.za","https://journals.co.za/doi/abs/10.4102/sajp.v75i1.1323","https://scholar.google.com/scholar?cites=9715051303334686724&as_sdt=2005&sciodt=0,5&hl=en",498,"2021-07-17 23:32:21","","10.4102/sajp.v75i1.1323","","",,,,,1,0.50,0,3,2,"… rate; kg, kilogram; kg/m2, kilogram per square metre; mmHg, millimetre of mercury; RR, respiratory rate; SBP, systolic blood pressure; WC, waist circumference … related QOL and physical function capacity in a cohort of PLWH attending a virology research clinic in Ile-Ife, Nigeria …","https://www.ncbi.nlm.nih.gov/pmc/articles/PMC6780000/","https://scholar.google.com/scholar?q=related:BLD1FbDL0oYJ:scholar.google.com/&scioq=%22waist+circumference%22+nigeria&hl=en&as_sdt=0,5&as_ylo=2019&as_yhi=2019&as_vis=1"
0,"AA Adeyemo, G Chen, AP Doumatey, TL Hostelley…","A Novel Type 2 Diabetes Locus in sub-Saharan Africans, ZRANB3, is Implicated in Beta Cell Proliferation",2019,"bioRxiv","biorxiv.org","https://www.biorxiv.org/content/10.1101/646513v1.abstract","",499,"2021-07-17 23:32:21","","10.1101/646513v1.abstract","","",,,,,0,0.00,0,5,2,"… medical centers in Nigeria (Ibadan, Lagos and Enugu), Ghana (Accra and Kumasi) and Kenya (Eldoret) … Clinic procedures included anthropometry for weight, height, waist circumference and hip circumference; three blood pressure measurements in the …","https://www.biorxiv.org/content/biorxiv/early/2019/05/24/646513.full.pdf","https://scholar.google.com/scholar?q=related:S2olH14kgDsJ:scholar.google.com/&scioq=%22waist+circumference%22+nigeria&hl=en&as_sdt=0,5&as_ylo=2019&as_yhi=2019&as_vis=1"
0,"S Battaglia","Pink grapefruit",2019,"","salvatorebattaglia.com.au","http://www.salvatorebattaglia.com.au/images/pdf/A4-Monograph_Pink-Grapefruit.pdf","",500,"2021-07-17 23:32:21","PDF","","","",,,,,0,0.00,0,1,2,"… sometime in the seventeenth century.1 The oil is produced in the USA, the West Indies, Brazil, Israel and Nigeria.2 Grapefruit … The cross-sectional study also reported that grapefruit fruit consumption was associated with lower body weight, waist circumference, BMI, and a higher …","http://www.salvatorebattaglia.com.au/images/pdf/A4-Monograph_Pink-Grapefruit.pdf","https://scholar.google.com/scholar?q=related:7C321wRBErQJ:scholar.google.com/&scioq=%22waist+circumference%22+nigeria&hl=en&as_sdt=0,5&as_ylo=2019&as_yhi=2019&as_vis=1"
0,"AA Rufa'i, BV V Muralikrishna, SH Yen…","Physical Activity and Health-Related Quality of Life in Breast Cancer Patients: A Multicenter Cross-Sectional Survey",2019,"Middle East Journal …","sites.kowsarpub.com","https://sites.kowsarpub.com/mejrh/articles/89858.html","",501,"2021-07-17 23:32:21","HTML","","","",,,,,0,0.00,0,4,2,"… Corresponding Author: Department of Physiotherapy, University of Maiduguri, PMB 1069, Maiduguri, Nigeria. Tel: +234-8109607918, Email: [email protected] … The median waist circumference and the waist-to-hip ratio were 80.0 (15.9) and 0.8 (0.10), respectively …","https://sites.kowsarpub.com/mejrh/articles/89858.html","https://scholar.google.com/scholar?q=related:gyywaOwgC04J:scholar.google.com/&scioq=%22waist+circumference%22+nigeria&hl=en&as_sdt=0,5&as_ylo=2019&as_yhi=2019&as_vis=1"
0,"X Du, S Nie, X Li, X Cai, Q Wang","Prevalence and related risk factors of hypertension and normal-high blood pressure in patients with type 2 diabetes mellitus admitted to hospital: a cross …",2019,"Prevention and treatment","cancercellresearch.org","http://www.cancercellresearch.org/data/PDF/20191204.pdf","",502,"2021-07-17 23:32:21","PDF","","","",,,,,0,0.00,0,5,2,"… Co-occurrence of diabetes and hypertension: pattern and factors associated with order of diagnosis among nigerians[J]. Annals of Ibadan postgraduate medicine, 2011, 9(2):89-93 … 2018. [14] Zhou B. Predictive values of body mass index and waist circumference to risk factors …","http://www.cancercellresearch.org/data/PDF/20191204.pdf","https://scholar.google.com/scholar?q=related:Kos_pce5Kz4J:scholar.google.com/&scioq=%22waist+circumference%22+nigeria&hl=en&as_sdt=0,5&as_ylo=2019&as_yhi=2019&as_vis=1"
5,"H Bosso, GEP Soares Arantes, SM Barbalho…","Effects of green and ripe coffee in the metabolic profile and muscle enzymes in animals practicing physical exercise",2019,"Journal of medicinal …","liebertpub.com","https://www.liebertpub.com/doi/abs/10.1089/jmf.2018.0162","https://scholar.google.com/scholar?cites=6433951900727284709&as_sdt=2005&sciodt=0,5&hl=en",503,"2021-07-17 23:32:21","","10.1089/jmf.2018.0162","","",,,,,5,2.50,1,4,2,"… They also observed a significant decline in the waist circumference, body weight, body mass index, and appetite score. Sarriá et al … Erejuwa OO, Nwobodo NN, Akpan JL, et al.: Nigerian honey ameliorates hyperglycemia and dyslipidemia in alloxan-induced diabetic rats …","https://www.researchgate.net/profile/Sandra-Barbalho/publication/331722470_Effects_of_Green_and_Ripe_Coffee_in_the_Metabolic_Profile_and_Muscle_Enzymes_in_Animals_Practicing_Physical_Exercise/links/5d9f1eac458515df0ae937a9/Effects-of-Green-and-Ripe-Coffee-in-the-Metabolic-Profile-and-Muscle-Enzymes-in-Animals-Practicing-Physical-Exercise.pdf","https://scholar.google.com/scholar?q=related:5ZPMSCr9SVkJ:scholar.google.com/&scioq=%22waist+circumference%22+nigeria&hl=en&as_sdt=0,5&as_ylo=2019&as_yhi=2019&as_vis=1"
1,"G Sanchez-Samaniego, D Mäusezahl, C Carcamo…","Improved cookstoves and the prevalence of metabolic syndrome in the rural Peruvian Andes: a quasi-experimental study",2019,"","researchsquare.com","https://www.researchsquare.com/article/rs-5375/latest.pdf","https://scholar.google.com/scholar?cites=11393661871986647848&as_sdt=2005&sciodt=0,5&hl=en",504,"2021-07-17 23:32:21","PDF","","","",,,,,1,0.50,0,4,2,"… cluster of metabolic abnormalities that includes elevated waist circumference, elevated blood … household. Data collection Physical examination The physical examination comprised measurements of weight, height, waist circumference, blood …","https://www.researchsquare.com/article/rs-5375/latest.pdf","https://scholar.google.com/scholar?q=related:KCOtOhtrHp4J:scholar.google.com/&scioq=%22waist+circumference%22+nigeria&hl=en&as_sdt=0,5&as_ylo=2019&as_yhi=2019&as_vis=1"
2,"X Wang, J Fu, Y Gu, VTQ Chi, Q Zhang, L Liu…","Relationship between serum levels of immunoglobulins and metabolic syndrome in an adult population: a population study from the TCLSIH cohort study",2019,"Nutrition, Metabolism …","Elsevier","https://www.sciencedirect.com/science/article/pii/S0939475319302005","https://scholar.google.com/scholar?cites=15446475519878026759&as_sdt=2005&sciodt=0,5&hl=en",505,"2021-07-17 23:32:21","","","","",,,,,2,1.00,0,7,2,"… Participants were considered to have MetS when they presented three or more of the following components: (1) elevated waist circumference in Chinese individuals (≥85 cm in males; ≥80 cm in females), (2) elevated triglycerides (TG) (≥1.7 mmol/L), or drug treatment for …","","https://scholar.google.com/scholar?q=related:B9YYeqXnXNYJ:scholar.google.com/&scioq=%22waist+circumference%22+nigeria&hl=en&as_sdt=0,5&as_ylo=2019&as_yhi=2019&as_vis=1"
0,"C Edward Ukamaka, U Nwanjo Harrison…","Studies on Acute Phase Inflamatory Proteins of Type 2 Diabetics in Owerri",2019,"","saudijournals.com","https://saudijournals.com/media/articles/SJBR_410_324-332_c.pdf","",506,"2021-07-17 23:32:21","PDF","","","",,,,,0,0.00,0,3,2,"… According to Adeloye et al., [5], the pooled prevalence of type 2 diabetes in Nigeria in 2017 was 5.7 … et al., [22], observed that long term inflammation mediated by inflammatory markers such as C -reactive protein was due to increase in body mass, waist circumference that plays …","https://saudijournals.com/media/articles/SJBR_410_324-332_c.pdf","https://scholar.google.com/scholar?q=related:BjHms6KTpFEJ:scholar.google.com/&scioq=%22waist+circumference%22+nigeria&hl=en&as_sdt=0,5&as_ylo=2019&as_yhi=2019&as_vis=1"
0,"IM Abdul-Rahman…","Reproductive Hormonal Assay of a Sample of Iraqi Obese Males.",2019,"Iraqi Journal of Medical …","search.ebscohost.com","http://search.ebscohost.com/login.aspx?direct=true&profile=ehost&scope=site&authtype=crawler&jrnl=16816579&AN=140055988&h=Y1zGayPajOYYJMxuhj4mIXUd6NsaJ9s5N0l777eNANo34gSFShVaX0sqHyKkZyFAoXyn8jqT3pXEGH0g2ZS%2BOQ%3D%3D&crl=c","",507,"2021-07-17 23:32:21","","","","",,,,,0,0.00,0,2,2,"… A Nigerian study had found non-significant associations between BMI and serum levels of PRL, T, or LH (23) … 2. Eisenberg ML, Kim S, Chen Z, et al. The relationship between male BMI and waist circumference on semen quality: Data from the LIFE study. Hum Reprod …","","https://scholar.google.com/scholar?q=related:QG6CvwFnWG8J:scholar.google.com/&scioq=%22waist+circumference%22+nigeria&hl=en&as_sdt=0,5&as_ylo=2019&as_yhi=2019&as_vis=1"
3,"E Bossone, B Ranieri, E Coscioni, RR Baliga","Community health and prevention: It takes a village to reduce cardiovascular risk! Let us do it together!",2019,"","journals.sagepub.com","https://journals.sagepub.com/doi/abs/10.1177/2047487319867505","https://scholar.google.com/scholar?cites=177502330216473410&as_sdt=2005&sciodt=0,5&hl=en",508,"2021-07-17 23:32:21","","10.1177/2047487319867505","","",,,,,3,1.50,1,4,2,"Skip to main content. Intended for healthcare professionals …","","https://scholar.google.com/scholar?q=related:QmNby22ddgIJ:scholar.google.com/&scioq=%22waist+circumference%22+nigeria&hl=en&as_sdt=0,5&as_ylo=2019&as_yhi=2019&as_vis=1"
0,"DO Leah, J Abolarin, IY Seidina, N Atikumi…","Влияние состава тела на состояние здоровья государственный служащих в местном правительстве г. Эфон штата Экити, Нигерия",2019,"… культуры и спорта","cyberleninka.ru","https://cyberleninka.ru/article/n/18263941","",509,"2021-07-17 23:32:21","HTML","","","",,,,,0,0.00,0,5,2,"… Influence of body composition on health status of civil servants in Efon local government of Ekiti State, Nigeria … The study was conducted to determine influence of body composition on health status of Civil Servants in Efon Local Government of Ekiti State, Nigeria …","https://cyberleninka.ru/article/n/18263941","https://scholar.google.com/scholar?q=related:Qr6XbvuKAUwJ:scholar.google.com/&scioq=%22waist+circumference%22+nigeria&hl=en&as_sdt=0,5&as_ylo=2019&as_yhi=2019&as_vis=1"
0,"H Bajit, H BENKIRANE, A BOUZIANI…","Association of Socioeconomic status, Dietary behavior and Obesity among Moroccan Adults of the Region of Rabat: A case-control study",2019,"The North African …","asjp.cerist.dz","https://www.asjp.cerist.dz/en/article/116145","",510,"2021-07-17 23:32:21","","","","",,,,,0,0.00,0,4,2,"… The BMI was defined as the body weight (kg) divided by the height squared (m2). Waist circumference (WC) was measured midway between the lowest ribs and the iliac crest in a horizontal plane, as to the hip circumference (HC); it was measured at the widest point Page …","https://www.asjp.cerist.dz/en/downArticle/514/3/1/116145","https://scholar.google.com/scholar?q=related:KhQ9OwAcxWgJ:scholar.google.com/&scioq=%22waist+circumference%22+nigeria&hl=en&as_sdt=0,5&as_ylo=2019&as_yhi=2019&as_vis=1"
5,"D Busingye, S Arabshahi, RG Evans, MA Riddell…","Knowledge of risk factors for hypertension in a rural Indian population",2019,"Heart …","heartasia.bmj.com","https://heartasia.bmj.com/content/11/1/e011136.abstract","https://scholar.google.com/scholar?cites=5866008519620538908&as_sdt=2005&sciodt=0,5&hl=en",511,"2021-07-17 23:32:21","","","","",,,,,5,2.50,1,5,2,"Skip to main content. Viewing from: Google Indexer. BMJ Journals. Log In More …","https://www.ncbi.nlm.nih.gov/pmc/articles/PMC6454325/","https://scholar.google.com/scholar?q=related:HLJlTas_aFEJ:scholar.google.com/&scioq=%22waist+circumference%22+nigeria&hl=en&as_sdt=0,5&as_ylo=2019&as_yhi=2019&as_vis=1"
5,"YS Wang, J Ye, X Yang, GP Zhang…","Association of retinol binding protein-4, cystatin C, homocysteine and high-sensitivity C-reactive protein levels in patients with newly diagnosed type 2 …",2019,"Archives of medical …","ncbi.nlm.nih.gov","https://www.ncbi.nlm.nih.gov/pmc/articles/pmc6764307/","https://scholar.google.com/scholar?cites=1887172087212813729&as_sdt=2005&sciodt=0,5&hl=en",512,"2021-07-17 23:32:21","HTML","","","",,,,,5,2.50,1,5,2,"… However, there were significant differences in BMI, waist circumference (WC), hip circumference, waist-to-hip ratio (WHR), systolic blood pressure (SBP), diastolic blood pressure (DBP), UA, IBIL, ALT, GGT, LDH, TC, TG, LDL-C, HDL-C and VLDL-C levels among NT2DM, PDM …","https://www.ncbi.nlm.nih.gov/pmc/articles/pmc6764307/","https://scholar.google.com/scholar?q=related:oS1awAOVMBoJ:scholar.google.com/&scioq=%22waist+circumference%22+nigeria&hl=en&as_sdt=0,5&as_ylo=2019&as_yhi=2019&as_vis=1"
4,"SJ Nyante, R Biritwum, J Figueroa, B Graubard…","Recruiting population controls for case-control studies in sub-Saharan Africa: The Ghana Breast Health Study",2019,"PloS one","journals.plos.org","https://journals.plos.org/plosone/article?id=10.1371/journal.pone.0215347","https://scholar.google.com/scholar?cites=575004353724649321&as_sdt=2005&sciodt=0,5&hl=en",513,"2021-07-17 23:32:21","HTML","","","",,,,,4,2.00,1,5,2,"… questions. Weight, standing height, sitting height, waist circumference, and hip circumference were measured using standardized protocols by trained staff; scales were calibrated periodically using metal weight standards. Additionally …","https://journals.plos.org/plosone/article?id=10.1371/journal.pone.0215347","https://scholar.google.com/scholar?q=related:aY8PyGnT-gcJ:scholar.google.com/&scioq=%22waist+circumference%22+nigeria&hl=en&as_sdt=0,5&as_ylo=2019&as_yhi=2019&as_vis=1"
7,"AS Oyekale","Effect of obesity and other risk factors on hypertension among women of reproductive age in Ghana: an instrumental variable probit model",2019,"International journal of environmental research and …","mdpi.com","https://www.mdpi.com/581732","https://scholar.google.com/scholar?cites=8989372856382463133&as_sdt=2005&sciodt=0,5&hl=en",514,"2021-07-17 23:32:21","","","","",,,,,7,3.50,7,1,2,"Background: The growing incidence of mortality as a result cardiovascular diseases (CVDs) is a major public health concern in several developing countries. In Ghana, unhealthy food consumption pattern and sedentary lifestyle are promoting overweight and obesity, with significant …","https://www.mdpi.com/1660-4601/16/23/4699/pdf","https://scholar.google.com/scholar?q=related:nRw3MvyqwHwJ:scholar.google.com/&scioq=%22waist+circumference%22+nigeria&hl=en&as_sdt=0,5&as_ylo=2019&as_yhi=2019&as_vis=1"
0,"SU Gulumbe, S Suleiman, S Badamasi…","Predicting Diabetes Mellitus Using Artificial Neural Network Through a Simulation Study",2019,"Machine Learning …","researchgate.net","https://www.researchgate.net/profile/Shamsuddeen-Suleiman/publication/337766513_Predicting_Diabetes_Mellitus_Using_Artificial_Neural_Network_Through_a_Simulation_Study/links/5ef31f91a6fdcc158d2611c1/Predicting-Diabetes-Mellitus-Using-Artificial-Neural-Network-Through-a-Simulation-Study.pdf","",515,"2021-07-17 23:32:21","PDF","","","",,,,,0,0.00,0,4,2,"… Deaths related to diabetes in Nigeria in 2013 were estimated to be 105,091 cases [1]. Today, modern techniques such as … The result shows that the simple anthropometric variables like waist circumference are better predictors, than the three month average blood glucose level …","https://www.researchgate.net/profile/Shamsuddeen-Suleiman/publication/337766513_Predicting_Diabetes_Mellitus_Using_Artificial_Neural_Network_Through_a_Simulation_Study/links/5ef31f91a6fdcc158d2611c1/Predicting-Diabetes-Mellitus-Using-Artificial-Neural-Network-Through-a-Simulation-Study.pdf","https://scholar.google.com/scholar?q=related:LpJCtpjdarkJ:scholar.google.com/&scioq=%22waist+circumference%22+nigeria&hl=en&as_sdt=0,5&as_ylo=2019&as_yhi=2019&as_vis=1"
0,"K De Buys","Identifying relevant novel markers of cardiometabolic risk in the Cardiovascular Risk in Black South Africans (CRIBSA) Study",2019,"","scholar.sun.ac.za","https://scholar.sun.ac.za/handle/10019.1/105641","",516,"2021-07-17 23:32:21","","","","",,,,,0,0.00,0,1,2,"… TNFα – Tumour necrosis factor alpha WC – Waist circumference WHO – World Health Organization … Africa (SSA), with the highest death rates observed in the Democratic Republic of Congo, Ethiopia, Nigeria and SA (Dalal et al., 2011). The rising trend of NCDs in SA is evident …","https://scholar.sun.ac.za/bitstream/handle/10019.1/105641/debuys_identifying_2019.pdf?sequence=2&isAllowed=y","https://scholar.google.com/scholar?q=related:ZiXUqvWg3wYJ:scholar.google.com/&scioq=%22waist+circumference%22+nigeria&hl=en&as_sdt=0,5&as_ylo=2019&as_yhi=2019&as_vis=1"
0,"FK Syailawan","Pengaruh susu kedelai (glycine max) dan bubur kacang hijau (vigna radiata) terhadap trigliserida darah, lingkar pinggang dan rasio lingkar pinggang-pinggul pada …",2019,"","digilib.uns.ac.id","https://digilib.uns.ac.id/dokumen/detail/70120/Pengaruh-susu-kedelai-glycine-max-dan-bubur-kacang-hijau-vigna-radiata-terhadap-trigliserida-darah-lingkar-pinggang-dan-rasio-lingkar-pinggang-pinggul-pada-wanita-pascamenopause","",517,"2021-07-17 23:32:21","","","","",,,,,0,0.00,0,1,2,"… Effect of Soymilk Consumption on Waist Circumference and Cardiovascular Risks among Overweight and Obese Female AdultsInt … 2015. Comparative assessment of lipid profile in pre-menopausal dan menopausal women in Nnewi Nigeria …","https://digilib.uns.ac.id/dokumen/download/70120/MzU0NTg5/Pengaruh-susu-kedelai-glycine-max-dan-bubur-kacang-hijau-vigna-radiata-terhadap-trigliserida-darah-lingkar-pinggang-dan-rasio-lingkar-pinggang-pinggul-pada-wanita-pascamenopause-DAFTAR-PUSTAKA.pdf",""
24,"A Calvano, K Izuora, EC Oh, JL Ebersole, TJ Lyons…","Dietary berries, insulin resistance and type 2 diabetes: An overview of human feeding trials",2019,"Food & function","pubs.rsc.org","https://pubs.rsc.org/en/content/articlehtml/2019/fo/c9fo01426h","https://scholar.google.com/scholar?cites=17765892887657720572&as_sdt=2005&sciodt=0,5&hl=en",518,"2021-07-17 23:32:21","","","","",,,,,24,12.00,4,6,2,"… He received his medical degree from the University of Nigeria, completed residency training at Unity Health Program of … upon Activation, Normal T cell Expressed and Secreted, SOD: superoxide dismutase, TG: triglycerides, Tx: treatment group, WC: waist circumference …","https://www.ncbi.nlm.nih.gov/pmc/articles/PMC7202899/","https://scholar.google.com/scholar?q=related:_Cp6HnQhjfYJ:scholar.google.com/&scioq=%22waist+circumference%22+nigeria&hl=en&as_sdt=0,5&as_ylo=2019&as_yhi=2019&as_vis=1"
0,"I Adam","Assessing risk factors associated with overweight and obesity among the employees of Arua Regional referral Hospital",2019,"","dissertations.mak.ac.ug","http://dissertations.mak.ac.ug/handle/20.500.12281/6378","",519,"2021-07-17 23:32:21","","","","",,,,,0,0.00,0,1,2,"… including Nigerian (Adeboye et al., 2012 and Akarolo et al., 2014). Besides the social and … carried out on obesity among various population groups in Nigeria (Adebayo, et al., 2012) … Abdominal obesity (which is defined as a waist circumference of 90 centimeters or higher in …","http://dissertations.mak.ac.ug/bitstream/handle/20.500.12281/6378/Adam-CAES-BSCHUN.pdf?sequence=1&isAllowed=y","https://scholar.google.com/scholar?q=related:6UOC_pxZIFYJ:scholar.google.com/&scioq=%22waist+circumference%22+nigeria&hl=en&as_sdt=0,5&as_ylo=2019&as_yhi=2019&as_vis=1"
3,"B Kavishe, F Vanobberghen, D Katende, S Kapiga…","Dyslipidemias and cardiovascular risk scores in urban and rural populations in north-western Tanzania and southern Uganda",2019,"PloS one","journals.plos.org","https://journals.plos.org/plosone/article?id=10.1371/journal.pone.0223189","https://scholar.google.com/scholar?cites=13506520101182598258&as_sdt=2005&sciodt=0,5&hl=en",520,"2021-07-17 23:32:21","HTML","","","",,,,,3,1.50,1,5,2,"… BMI (kg/m 2 ) was classified as underweight (<18.5), normal weight (18.5-<25), overweight (25-<30) and obese (≥30). Abdominal obesity was defined as waist circumference >94 cm for men and >80 cm for women [26]. The …","https://journals.plos.org/plosone/article?id=10.1371/journal.pone.0223189","https://scholar.google.com/scholar?q=related:cmyprnjMcLsJ:scholar.google.com/&scioq=%22waist+circumference%22+nigeria&hl=en&as_sdt=0,5&as_ylo=2019&as_yhi=2019&as_vis=1"
4,"J Ross, C Field, S Kaye, J Bowman","Prevalence and correlates of low self-reported physical health status among prisoners in New South Wales, Australia",2019,"International journal of prisoner …","emerald.com","https://www.emerald.com/insight/content/doi/10.1108/IJPH-06-2018-0039/full/html","https://scholar.google.com/scholar?cites=6098979791952867243&as_sdt=2005&sciodt=0,5&hl=en",521,"2021-07-17 23:32:21","","10.1108/IJPH-06-2018-0039","","",,,,,4,2.00,1,4,2,"Prevalence and correlates of low self-reported physical health status among prisoners in New South Wales, Australia - Author: Joanne Ross, Courtney Field, Sharlene Kaye, Julia Bowman.","https://www.researchgate.net/profile/Courtney-Field-2/publication/331685612_Prevalence_and_correlates_of_low_self-reported_physical_health_status_among_prisoners_in_New_South_Wales_Australia/links/5c884416299bf14e7e782825/Prevalence-and-correlates-of-low-self-reported-physical-health-status-among-prisoners-in-New-South-Wales-Australia.pdf","https://scholar.google.com/scholar?q=related:q--il87to1QJ:scholar.google.com/&scioq=%22waist+circumference%22+nigeria&hl=en&as_sdt=0,5&as_ylo=2019&as_yhi=2019&as_vis=1"
3,"A El Hamdouchi, T Adom, A Aouidet…","Protocol for validating simple measures of body fatness and physical activity of children in twelve African countries: the ROUND-IT Africa Study",2019,"African Journal for …","journals.co.za","https://journals.co.za/doi/abs/10.10520/EJC-180bf19279","https://scholar.google.com/scholar?cites=9467517948248740359&as_sdt=2005&sciodt=0,5&hl=en",522,"2021-07-17 23:32:21","","10.10520/EJC-180bf19279","","",,,,,3,1.50,1,4,2,"… Data collection began in April 2014 and was completed at the end of 2018. Height, body weight and waist circumference were measured using standard methods. Obesity was defined based on WHO's BMI-for-age criteria … height, weight and waist circumference …","https://strathprints.strath.ac.uk/69364/1/El_Hamdouchi_etal_AJPAHS_2019_Protocol_for_validating_simple_measures_of_body_fatness.pdf","https://scholar.google.com/scholar?q=related:B1IAsmlhY4MJ:scholar.google.com/&scioq=%22waist+circumference%22+nigeria&hl=en&as_sdt=0,5&as_ylo=2019&as_yhi=2019&as_vis=1"
2,"L Zhang, JL Li, LL Zhang, LL Guo, H Li, W Yan, D Li","Relationship between adiposity parameters and cognition: the “fat and jolly” hypothesis in middle-aged and elderly people in China",2019,"Medicine","ncbi.nlm.nih.gov","https://www.ncbi.nlm.nih.gov/pmc/articles/pmc6417533/","https://scholar.google.com/scholar?cites=14653144887866834572&as_sdt=2005&sciodt=0,5&hl=en",523,"2021-07-17 23:32:21","HTML","","","",,,,,2,1.00,0,7,2,"… Our study demonstrated a significant relationship between adiposity parameters and cognition that supports the “jolly fat” hypothesis. Keywords: adiposity, body mass index, cognition, jolly fat, waist circumference. 1. Introduction …","https://www.ncbi.nlm.nih.gov/pmc/articles/pmc6417533/","https://scholar.google.com/scholar?q=related:jD6iy6NtWssJ:scholar.google.com/&scioq=%22waist+circumference%22+nigeria&hl=en&as_sdt=0,5&as_ylo=2019&as_yhi=2019&as_vis=1"
0,"EA Callahan…","Global Trends in Obesity",2019,"Current Status and …","ncbi.nlm.nih.gov","https://www.ncbi.nlm.nih.gov/books/NBK544130/","",524,"2021-07-17 23:32:21","HTML","","","",,,,,0,0.00,0,2,2,"… Appealing for more local data, she mentioned China, Nigeria, and the United States as other large countries with high subnational variability … 2 and for Asian populations, ≥27.5 kg/m 2 . Ethnic-specific cutoff points have also been suggested for waist circumference (WHO, 2011 …","https://www.ncbi.nlm.nih.gov/books/NBK544130/",""
0,"C Lobo, V Aithal, RK Raj","Nutritional Assessment in Patients with Leprosy",2019,"Indian J Lepr","ijl.org.in","https://www.ijl.org.in/2019/08%20C%20Lobo%20et%20al%20(315-323).pdf","",525,"2021-07-17 23:32:21","PDF","","","",,,,,0,0.00,0,3,2,"… Silva et al (2017) observed higher risk of acquiring cardiovascular diseases due to increased waist circumference in leprosy patients … Male–female (sex) differences in leprosy patients in south eastern Nigeria: females present late for diagnosis and treatment and have higher …","https://www.ijl.org.in/2019/08%20C%20Lobo%20et%20al%20(315-323).pdf","https://scholar.google.com/scholar?q=related:b-_-B69xW_0J:scholar.google.com/&scioq=%22waist+circumference%22+nigeria&hl=en&as_sdt=0,5&as_ylo=2019&as_yhi=2019&as_vis=1"
0,"VW Mathenge","The association between alcohol consumption and the metabolic syndrome and its component diseases in a rural Ghanaian population",2019,"","wiredspace.wits.ac.za","http://wiredspace.wits.ac.za/handle/10539/29724","",526,"2021-07-17 23:32:21","","","","",,,,,0,0.00,0,1,2,"… Blood Institute/ American Heart Association (IDF/AHA/NHLBI) harmonized definition of MS includes the presence of three or more of: elevated waist circumference (WC ≥ … Sumner et al, 2010 (29) Nigeria and Ghana (urban) 32.0 38.0 25-64 364 NCEP ATP III IDF …","http://wiredspace.wits.ac.za/bitstream/handle/10539/29724/Alcohol%20&%20Metabolic%20Syndrome.pdf?sequence=1","https://scholar.google.com/scholar?q=related:9dDKKJsojTsJ:scholar.google.com/&scioq=%22waist+circumference%22+nigeria&hl=en&as_sdt=0,5&as_ylo=2019&as_yhi=2019&as_vis=1"
5,"X Du, L Fang, J Xu, X Chen, J Zhang, Y Bai, J Wu…","Prevalence, awareness, treatment and control of hypertension and sodium intake in Zhejiang Province, China: A cross-sectional survey in 2017",2019,"PloS one","journals.plos.org","https://journals.plos.org/plosone/article?id=10.1371/journal.pone.0226756","https://scholar.google.com/scholar?cites=669047823457998147&as_sdt=2005&sciodt=0,5&hl=en",527,"2021-07-17 23:32:21","HTML","","","",,,,,5,2.50,1,8,2,"… The physical measurements included height, body weight, waist circumference, hip circumference, and blood pressure … Waist circumference was measured by tape measure on the plane of the midpoint of the line connecting the iliac crest to the lower edge of the rib …","https://journals.plos.org/plosone/article?id=10.1371/journal.pone.0226756","https://scholar.google.com/scholar?q=related:Q1X2XnPvSAkJ:scholar.google.com/&scioq=%22waist+circumference%22+nigeria&hl=en&as_sdt=0,5&as_ylo=2019&as_yhi=2019&as_vis=1"
9,"MF Horlyck-Romanovsky, M Fuster…","Black immigrants from Africa and the Caribbean have similar rates of diabetes but Africans are less obese: the New York City Community Health Survey 2009–2013",2019,"Journal of racial and …","Springer","https://link.springer.com/article/10.1007/s40615-019-00562-3","https://scholar.google.com/scholar?cites=13099853379088472131&as_sdt=2005&sciodt=0,5&hl=en",528,"2021-07-17 23:32:21","","10.1007/s40615-019-00562-3","","",,,,,9,4.50,3,3,2,"… Africans were born in 27 different sub-Saharan African countries. However, 41.6% of Africans were from Ghana (N = 158 of 380) and 26.3% were from Nigeria (N = 100 of 380). Caribbeans were born in 32 countries in the Caribbean region …","","https://scholar.google.com/scholar?q=related:Q9hEBj4HzLUJ:scholar.google.com/&scioq=%22waist+circumference%22+nigeria&hl=en&as_sdt=0,5&as_ylo=2019&as_yhi=2019&as_vis=1"
3,"M RamyaBai, NM Wedick, S Shanmugam…","Glycemic index and microstructure evaluation of four cereal grain foods",2019,"Journal of food …","Wiley Online Library","https://onlinelibrary.wiley.com/doi/abs/10.1111/1750-3841.14945","https://scholar.google.com/scholar?cites=7423792208651848357&as_sdt=2005&sciodt=0,5&hl=en",529,"2021-07-17 23:32:21","","10.1111/1750-3841.14945","","",,,,,3,1.50,1,4,2,"Abstract To determine the glycemic index (GI) of selected cereals and association with their microstructure. The GI of whole grain pilaf (WGP), instant brown rice (IBR), whole maize ugali (MWU), an...","http://mdrf-eprints.in/1156/1/Glycaemic_Index_and_microstructure_evaluation_of_4_cereal_grain_foods_JFS_2019.pdf","https://scholar.google.com/scholar?q=related:pYoBS66bBmcJ:scholar.google.com/&scioq=%22waist+circumference%22+nigeria&hl=en&as_sdt=0,5&as_ylo=2019&as_yhi=2019&as_vis=1"
4,"S Ibeneme, C Ezeigwe, GC Ibeneme, A Ezuma…","Response of gait output and handgrip strength to changes in body fat mass in pre-and postmenopausal women",2019,"Current Therapeutic …","Elsevier","https://www.sciencedirect.com/science/article/pii/S0011393X16301205","https://scholar.google.com/scholar?cites=7397668218886368234&as_sdt=2005&sciodt=0,5&hl=en",530,"2021-07-17 23:32:21","HTML","","","",,,,,4,2.00,1,5,2,"… Ninety consenting (45 postmenopausal and 45 premenopausal) female staff of the University of Nigeria Teaching Hospital, Enugu, were randomly selected and assessed for BFM and HGS with a hydration monitor and dynamometer, respectively, in an observational study …","https://www.sciencedirect.com/science/article/pii/S0011393X16301205","https://scholar.google.com/scholar?q=related:6ivr8AzMqWYJ:scholar.google.com/&scioq=%22waist+circumference%22+nigeria&hl=en&as_sdt=0,5&as_ylo=2019&as_yhi=2019&as_vis=1"
18,"NFM Rivan, S Shahar, NF Rajab…","Cognitive frailty among Malaysian older adults: baseline findings from the LRGS TUA cohort study",2019,"… interventions in aging","ncbi.nlm.nih.gov","https://www.ncbi.nlm.nih.gov/pmc/articles/PMC6663036/","https://scholar.google.com/scholar?cites=10522853721762325712&as_sdt=2005&sciodt=0,5&hl=en",531,"2021-07-17 23:32:21","HTML","","","",,,,,18,9.00,5,4,2,"… The nutritional status indicators included measurements of the weight, height, arm span, waist circumference, hip circumference, mid-upper arm circumference, and calf circumference as well as body composition [fat percentage (%), fat mass (kg), free fat mass (kg), and muscle …","https://www.ncbi.nlm.nih.gov/pmc/articles/PMC6663036/","https://scholar.google.com/scholar?q=related:0GQKHbWvCJIJ:scholar.google.com/&scioq=%22waist+circumference%22+nigeria&hl=en&as_sdt=0,5&as_ylo=2019&as_yhi=2019&as_vis=1"
3,"A Kavi, PR Walvekar, RS Patil","Biological risk factors for coronary artery disease among adults residing in rural area of North Karnataka, India",2019,"Journal of family medicine and …","ncbi.nlm.nih.gov","https://www.ncbi.nlm.nih.gov/pmc/articles/PMC6396633/","https://scholar.google.com/scholar?cites=10628420156934217107&as_sdt=2005&sciodt=0,5&hl=en",532,"2021-07-17 23:32:21","HTML","","","",,,,,3,1.50,1,3,2,"… weight,” 25.0–29.99 were classified as “overweight/preobese,” and 30.0 and above were classified as “obese.”[13] Waist circumference (WC) >80 … a higher prevalence among women (4.4%) than men (3.3%).[25] A study conducted in the rural area of Nigeria reported prevalence …","https://www.ncbi.nlm.nih.gov/pmc/articles/PMC6396633/","https://scholar.google.com/scholar?q=related:k12qKdK7f5MJ:scholar.google.com/&scioq=%22waist+circumference%22+nigeria&hl=en&as_sdt=0,5&as_ylo=2019&as_yhi=2019&as_vis=1"
0,"AH El Bilbeisi, A El Afifi, K Djafarian","Association of healthy eating index with metabolic syndrome and its components among type 2 diabetes patients in Gaza Strip, Palestine: A cross sectional …",2019,"","researchgate.net","https://www.researchgate.net/profile/Abdel-El-Bilbeisi/publication/337769149_Association_of_Healthy_Eating_Index_with_Metabolic_Syndrome_and_Its_Components_among_Type_2_Diabetes_Patients_in_Gaza_Strip_Palestine_A_Cross_Sectional_Study/links/5de91fb4a6fdcc28370928d2/Association-of-Healthy-Eating-Index-with-Metabolic-Syndrome-and-Its-Components-among-Type-2-Diabetes-Patients-in-Gaza-Strip-Palestine-A-Cross-Sectional-Study.pdf","",533,"2021-07-17 23:32:21","PDF","","","",,,,,0,0.00,0,3,2,"… Central obesity (waist circumference > 90 cm for men or > 80 cm for women) … several studies reporting prevalence of the MetS in this T2DM population more than double the prevalence in the general populations [4,5]. In similar studies amongst T2DM subjects in Nigeria, a high …","https://www.researchgate.net/profile/Abdel-El-Bilbeisi/publication/337769149_Association_of_Healthy_Eating_Index_with_Metabolic_Syndrome_and_Its_Components_among_Type_2_Diabetes_Patients_in_Gaza_Strip_Palestine_A_Cross_Sectional_Study/links/5de91fb4a6fdcc28370928d2/Association-of-Healthy-Eating-Index-with-Metabolic-Syndrome-and-Its-Components-among-Type-2-Diabetes-Patients-in-Gaza-Strip-Palestine-A-Cross-Sectional-Study.pdf","https://scholar.google.com/scholar?q=related:aHPyhy7NaF4J:scholar.google.com/&scioq=%22waist+circumference%22+nigeria&hl=en&as_sdt=0,5&as_ylo=2019&as_yhi=2019&as_vis=1"
3,"L Zheng, W Hong, W Geng, S Stock, J Pan","A comparison of the BISAP score and Amylase and BMI (CAB) score versus for predicting severe acute pancreatitis",2019,"Acta Gastro-Enterol. Belg","ageb.be","https://www.ageb.be/Articles/Volume%2082%20(2019)/Fasc3/07-Hong.pdf","https://scholar.google.com/scholar?cites=12842961042122558433&as_sdt=2005&sciodt=0,5&hl=en",534,"2021-07-17 23:32:21","PDF","","","",,,,,3,1.50,1,5,2,"… (12) showed that waist circumference (as a proxy for … 14. LUKE A., DURAZO-ARVIZU R., ROTIMI C., PREWITT TE, FORRESTER T., WILKS R, et al. Relation between body mass index and body fat in black population samples from Nigeria, Jamaica, and the United States. Am …","https://www.ageb.be/Articles/Volume%2082%20(2019)/Fasc3/07-Hong.pdf","https://scholar.google.com/scholar?q=related:4Uvl2wVdO7IJ:scholar.google.com/&scioq=%22waist+circumference%22+nigeria&hl=en&as_sdt=0,5&as_ylo=2019&as_yhi=2019&as_vis=1"
6,"MZ Iqbal, AH Khan, MS Iqbal…","A review of pharmacist-led interventions on diabetes outcomes: An observational analysis to explore diabetes care opportunities for pharmacists",2019,"Journal of pharmacy & …","ncbi.nlm.nih.gov","https://www.ncbi.nlm.nih.gov/pmc/articles/PMC6791080/","https://scholar.google.com/scholar?cites=4600209547983564746&as_sdt=2005&sciodt=0,5&hl=en",535,"2021-07-17 23:32:21","HTML","","","",,,,,6,3.00,2,4,2,"… significantly reduced BMI and waist circumference by a difference of 1.87 (P = 0.014) and 1.27 (P = 0.002) between the control and intervention groups. A significant increase in disease-related knowledge was seen in the intervention group. 7. Adibe et al., Nigeria, 2013[11 …","https://www.ncbi.nlm.nih.gov/pmc/articles/PMC6791080/","https://scholar.google.com/scholar?q=related:yq_r_zU61z8J:scholar.google.com/&scioq=%22waist+circumference%22+nigeria&hl=en&as_sdt=0,5&as_ylo=2019&as_yhi=2019&as_vis=1"
2,"Y Liu, X Wang, J Han, L Liu, Y Jin, L Jin, P Ye","PCSK9 positively correlates with plasma sdLDL in community-dwelling population but not in diabetic participants after confounder adjustment",2019,"Medicine","ncbi.nlm.nih.gov","https://www.ncbi.nlm.nih.gov/pmc/articles/pmc6456037/","https://scholar.google.com/scholar?cites=3051157751295045316&as_sdt=2005&sciodt=0,5&hl=en",536,"2021-07-17 23:32:21","HTML","","","",,,,,2,1.00,0,7,2,"… Height was measured with a tape and weight with a digital scale. Waist circumference was defined as the circumference at the middle part between the last rib and the iliac crest. Hip circumference was defined as the circumference at the widest part of the hips …","https://www.ncbi.nlm.nih.gov/pmc/articles/pmc6456037/","https://scholar.google.com/scholar?q=related:xO6eH8_jVyoJ:scholar.google.com/&scioq=%22waist+circumference%22+nigeria&hl=en&as_sdt=0,5&as_ylo=2019&as_yhi=2019&as_vis=1"
0,"AO Adebayo, AK Akinloye, BO Oke…","ASSOCIATION OF ANTHROPOMETRICAL INDEX, REPRODUCTIVE PARAMETERS AND REPRODUCTIVE HORMONAL LEVELS IN MALE GREATER CANE …",2019,"Animal Health and …","repository.au-ibar.org","http://repository.au-ibar.org/bitstream/handle/123456789/452/BAHPA_67-4.pdf?sequence=1&isAllowed=y#page=7","",537,"2021-07-17 23:32:21","PDF","","","",,,,,0,0.00,0,4,2,"… Ultrasound measurement of testicular volume in healthy Nigerian adults … Evaluation of waist circumference, waist to hip ratio, and the conicity index as screening tool for high … Nigeria Adoun C Place de l'aulacode (Thryonomys swinderianus) dans le regne animal et sa repartition …","http://repository.au-ibar.org/bitstream/handle/123456789/452/BAHPA_67-4.pdf?sequence=1&isAllowed=y#page=7",""
0,"H Rouhani","Association between neck circumference and blood pressure: A systematic",,"researchgate.net","","https://www.researchgate.net/profile/Sajjad-Moradi/publication/335158144_Association_Between_Neck_Circumference_and_Blood_Pressure_A_Systematic_Review_and_Meta-Analysis_of_Observational_Studies/links/5db5a743a6fdccc99da806e6/Association-Between-Neck-Circumference-and-Blood-Pressure-A-Systematic-Review-and-Meta-Analysis-of-Observational-Studies.pdf","",538,"2021-07-17 23:32:21","PDF","","","",,,,,0,0.00,0,1,,"… Blood pressure, prevalence of hypertension and ٢٩٩ hypertension related complications in Nigerian Africans: A review … Prevalence and risk factors for hypertension in Hong Kong ٣١٧ Chinese adolescents: waist circumference predicts hypertension, exercise decreases risk …","https://www.researchgate.net/profile/Sajjad-Moradi/publication/335158144_Association_Between_Neck_Circumference_and_Blood_Pressure_A_Systematic_Review_and_Meta-Analysis_of_Observational_Studies/links/5db5a743a6fdccc99da806e6/Association-Between-Neck-Circumference-and-Blood-Pressure-A-Systematic-Review-and-Meta-Analysis-of-Observational-Studies.pdf","https://scholar.google.com/scholar?q=related:t3BN4_MUmxMJ:scholar.google.com/&scioq=%22waist+circumference%22+nigeria&hl=en&as_sdt=0,5&as_ylo=2019&as_yhi=2019&as_vis=1"
0,"M Hemmati, M Abdolhossini, S Satari","Survey of vitamin D Serum levels and its affecting factors in infants aged 2 to 6 years in Kermanshah",2019,"Razi Journal of Medical …","rjms.iums.ac.ir","http://rjms.iums.ac.ir/browse.php?a_id=5300&sid=1&slc_lang=en","",539,"2021-07-17 23:32:21","HTML","","","",,,,,0,0.00,0,3,2,"… Rafraf M, Asghari-Jafarabadi M. Prevalence of vitamin d deficiency and its relationship with body mass index and waist circumference in female … O. Perception and knowledge of mothers on causes and treatment of rickets associated knee deformity in Ile-Ife, Osun State, Nigeria …","http://rjms.iums.ac.ir/browse.php?a_id=5300&sid=1&slc_lang=en","https://scholar.google.com/scholar?q=related:KhN2FctCjZIJ:scholar.google.com/&scioq=%22waist+circumference%22+nigeria&hl=en&as_sdt=0,5&as_ylo=2019&as_yhi=2019&as_vis=1"
0,"AS Lule","Investigating the impact of early-life, life-course and genetic factors on blood pressure among young Africans",2019,"","researchonline.lshtm.ac.uk","https://researchonline.lshtm.ac.uk/id/eprint/4652298/","",540,"2021-07-17 23:32:21","","","","",,,,,0,0.00,0,1,2,"… Adolescent factors positively associated with higher BP were age, waist circumference, BMI, family … 3 to 6 years from China, Guatemala, Chile, Nigeria and Sweden summarised in [95] showed that BP was inversely associated with size at birth except in Nigerian children …","https://researchonline.lshtm.ac.uk/id/eprint/4652298/1/2018_EPH_PhD_LULE_A_S-1.pdf","https://scholar.google.com/scholar?q=related:tjVEUZdv7rwJ:scholar.google.com/&scioq=%22waist+circumference%22+nigeria&hl=en&as_sdt=0,5&as_ylo=2019&as_yhi=2019&as_vis=1"
0,"IM Ositadinma, NA Martina…","Relationship among HbA1c and Some Markers of Endothelial Damage in Type 2 Diabetes Mellitus",2019,"… Blood Research & …","journalibrr.com","http://journalibrr.com/index.php/IBRR/article/view/30097","",541,"2021-07-17 23:32:21","","","","",,,,,0,0.00,0,3,2,"… 3Department of Medical Laboratory Science, University of Nigeria, Enugu Campus, Enugu State, Nigeria. Authors' contributions … 6. LIMITATIONS OF THE STUDY There is no data on blood pressure, BMI and waist circumference of the patients …","https://journalibrr.com/index.php/IBRR/article/download/30097/56470","https://scholar.google.com/scholar?q=related:2uv82p2tUycJ:scholar.google.com/&scioq=%22waist+circumference%22+nigeria&hl=en&as_sdt=0,5&as_ylo=2019&as_yhi=2019&as_vis=1"
3,"N Shimpi, R Pathak, A Acharya","Interdisciplinary care model: Metabolic syndrome and oral health",2019,"Integration of Medical and Dental Care …","Springer","https://link.springer.com/chapter/10.1007/978-3-319-98298-4_10","https://scholar.google.com/scholar?cites=5657551386466661026&as_sdt=2005&sciodt=0,5&hl=en",542,"2021-07-17 23:32:21","","10.1007/978-3-319-98298-4_10","","",,,,,3,1.50,1,3,2,"… The State of Missouri uses a MetS screening and monitoring tool that incorporates the vital history such as height, weight, BMI, waist circumference and BP (Missouri 2018) … Plasma levels of inflammatory cytokines in adult Nigerians with the metabolic syndrome …","","https://scholar.google.com/scholar?q=related:ojLd0AKpg04J:scholar.google.com/&scioq=%22waist+circumference%22+nigeria&hl=en&as_sdt=0,5&as_ylo=2019&as_yhi=2019&as_vis=1"
0,"A Javaid, S Sohail, TA Khan, H Zahir…","ISCHEMIC HEART DISEASE AND OBESITY: PLASMA LIPIDS, HOMOCYSTEINE AND HEMATOLOGICAL STUDIES",2019,"International Journal of …","academia.edu","https://www.academia.edu/download/58472541/7_Zahir.pdf","",543,"2021-07-17 23:32:21","PDF","","","",,,,,0,0.00,0,5,2,"… is linked with abdominal obesity, hypertension, low HDL-C and cholesterol related with RBC count, body weight, waist circumference, fibrinogen, glucose … A study carried out in the adult population in Northern Nigeria indicates serum Hcy levels of the patients with myocardial …","https://www.academia.edu/download/58472541/7_Zahir.pdf","https://scholar.google.com/scholar?q=related:57pY-8v43psJ:scholar.google.com/&scioq=%22waist+circumference%22+nigeria&hl=en&as_sdt=0,5&as_ylo=2019&as_yhi=2019&as_vis=1"
23,"JA George, JT Brandenburg, J Fabian…","Kidney damage and associated risk factors in rural and urban sub-Saharan Africa (AWI-Gen): a cross-sectional population study",2019,"The Lancet Global …","Elsevier","https://www.sciencedirect.com/science/article/pii/S2214109X19304437","https://scholar.google.com/scholar?cites=763046392122098053&as_sdt=2005&sciodt=0,5&hl=en",544,"2021-07-17 23:32:21","HTML","","","",,,,,23,11.50,6,4,2,"… Body-mass index (BMI) was calculated (kg/m 2 ). Waist circumference was measured using a stretch-resistant tape (SECA, Hamburg, Germany) placed around the narrowest part of the torso, halfway between the iliac crest and the lowest rib, and hip circumference around the …","https://www.sciencedirect.com/science/article/pii/S2214109X19304437","https://scholar.google.com/scholar?q=related:hcGUnabilgoJ:scholar.google.com/&scioq=%22waist+circumference%22+nigeria&hl=en&as_sdt=0,5&as_ylo=2019&as_yhi=2019&as_vis=1"
10,"M Blanquet, A Legrand, A Pélissier…","Socio-economics status and metabolic syndrome: A meta-analysis",2019,"Diabetes & Metabolic …","Elsevier","https://www.sciencedirect.com/science/article/pii/S1871402119302012","https://scholar.google.com/scholar?cites=6730392340763859495&as_sdt=2005&sciodt=0,5&hl=en",545,"2021-07-17 23:32:21","","","","",,,,,10,5.00,3,4,2,"… IDF/AHA/National Heart Lung and Blood Institute has been performed considering ethnic group's characteristics (2009) [8]. Differences between those definitions relate to the number of criteria (blood pressure, triglycerides, HDLC, Fasting glucose BMI or waist circumference) …","https://www.sciencedirect.com/science/article/am/pii/S1871402119302012","https://scholar.google.com/scholar?q=related:J1o9viwoZ10J:scholar.google.com/&scioq=%22waist+circumference%22+nigeria&hl=en&as_sdt=0,5&as_ylo=2019&as_yhi=2019&as_vis=1"
5,"K Perslev, OA Msemo, DTR Minja, SL Møller…","Marked reduction in fertility among African women with urogenital infections: A prospective cohort study",2019,"PloS one","journals.plos.org","https://journals.plos.org/plosone/article?id=10.1371/journal.pone.0210421","https://scholar.google.com/scholar?cites=16546375425727207246&as_sdt=2005&sciodt=0,5&hl=en",546,"2021-07-17 23:32:21","HTML","","","",,,,,5,2.50,1,5,2,"… KG., Hamburg, Germany), and mid-upper arm circumference (MUAC), waist circumference measured just above the iliac crest in the horizontal plane, and hip circumference measured at the point yielding the maximum circumference over the buttocks, all using a standard …","https://journals.plos.org/plosone/article?id=10.1371/journal.pone.0210421","https://scholar.google.com/scholar?q=related:The5gsiIoOUJ:scholar.google.com/&scioq=%22waist+circumference%22+nigeria&hl=en&as_sdt=0,5&as_ylo=2019&as_yhi=2019&as_vis=1"
0,"AM Nalado, J Mahlangu, P Graham, R Duarte…","SUN-193 GDF-15, Hepcidin, and Iron deficiency Anaemia as Predictors of Disease Progression and Mortality in CKD Patients",2019,"Kidney International …","kireports.org","https://www.kireports.org/article/S2468-0249(19)30792-2/pdf","",547,"2021-07-17 23:32:21","PDF","","","",,,,,0,0.00,0,5,2,"… sociodemographic and phenotypic risk using assets-based household scores, CKD risk questionnaires, height, weight, BMI, hip/waist circumference, blood glucose … J2, Graham, P3, Duarte, R3, Naicker, S3 1Aminu Kano Teaching Hospital, Medicine, Kano, Nigeria, 2University of …","https://www.kireports.org/article/S2468-0249(19)30792-2/pdf",""
1,"IC Eze, C Essé, FK Bassa, S Koné, F Acka…","Asymptomatic Plasmodium infection and glycemic control in adults: Results from a population-based survey in south-central Coˆte d'Ivoire",2019,"diabetes research and …","Elsevier","https://www.sciencedirect.com/science/article/pii/S0168822719309684","https://scholar.google.com/scholar?cites=8961899052489264771&as_sdt=2005&sciodt=0,5&hl=en",548,"2021-07-17 23:32:21","HTML","","","",,,,,1,0.50,0,6,2,"… We also measured body weight (kg), height (cm), and waist circumference (WC; cm) using Omron weighing scale, body meter, and tape (SECA GmbH; Hamburg, Germany), respectively, and derived body mass index (BMI; kg/m 2 ). 2.5. Statistical analysis …","https://www.sciencedirect.com/science/article/pii/S0168822719309684","https://scholar.google.com/scholar?q=related:g06IwLQPX3wJ:scholar.google.com/&scioq=%22waist+circumference%22+nigeria&hl=en&as_sdt=0,5&as_ylo=2019&as_yhi=2019&as_vis=1"
0,"K Sgambat, K Amatya, A Moudgil","Nutritional challenges across the spectrum of chronic kidney disease",2019,"Asian Journal of Pediatric …","ajpn-online.org","https://www.ajpn-online.org/article.asp?issn=2589-9309;year=2019;volume=2;issue=1;spage=2;epage=15;aulast=Sgambat","",549,"2021-07-17 23:32:21","HTML","","","",,,,,0,0.00,0,3,2,"… 22] Short stature with central adiposity leads to increased WHr, which is considered more sensitive than BMI and waist circumference alone in … common in developing countries, affecting 42.7% of households in India, [59] 53%–87% in South Africa, [60] 61.8% in Nigeria, [61] and …","https://www.ajpn-online.org/article.asp?issn=2589-9309;year=2019;volume=2;issue=1;spage=2;epage=15;aulast=Sgambat","https://scholar.google.com/scholar?q=related:tzPrtI8eQKYJ:scholar.google.com/&scioq=%22waist+circumference%22+nigeria&hl=en&as_sdt=0,5&as_ylo=2019&as_yhi=2019&as_vis=1"
0,"G Agongo","The effect of genetic variants, anthropometry and the environment on lipid profile in adults in Northern Ghana",2019,"","wiredspace.wits.ac.za","http://wiredspace.wits.ac.za/handle/10539/29842","",550,"2021-07-17 23:32:21","","","","",,,,,0,0.00,0,1,2,"… VLDL Very low density lipoprotein WC Waist circumference WHR Waist-to-hip ratio WtHR Waist-to-height ratio … For instance, a study among rural Nigeria adults reported high TC=31.7%, high LDL-C=18.6%, high TC=31.7%, and low HDL-C=10.6% (Okaka et al., 2013) …","http://wiredspace.wits.ac.za/bitstream/handle/10539/29842/Godfred%27s%20PhD%20thesis_final.pdf?sequence=1&isAllowed=y","https://scholar.google.com/scholar?q=related:qgpr6Cl_aPoJ:scholar.google.com/&scioq=%22waist+circumference%22+nigeria&hl=en&as_sdt=0,5&as_ylo=2019&as_yhi=2019&as_vis=1"
0,"YOFAGEIN ARIARIA","NUTRITIONAL STATUS AND DIETARY HABITS OF WOMEN UNDER 30-60 YEARS OF AGE IN ARIARIA INTERNATIONAL MARKET ABA, ABIA STATE",2019,"","pdfs.semanticscholar.org","https://pdfs.semanticscholar.org/fc53/b26f4e1be2ab3b321098ee795fe8a4c83338.pdf","",551,"2021-07-17 23:32:21","PDF","","","",,,,,0,0.00,0,1,2,"… Aba. It is an open air market located in Aba, a city in Abia state south western Nigeria (Okuta et al., 2012) … pattern. The anthropometric measurement such as height, weight, BMI waist circumference, and circumference was obtained …","https://pdfs.semanticscholar.org/fc53/b26f4e1be2ab3b321098ee795fe8a4c83338.pdf","https://scholar.google.com/scholar?q=related:L6SHmsYWPHAJ:scholar.google.com/&scioq=%22waist+circumference%22+nigeria&hl=en&as_sdt=0,5&as_ylo=2019&as_yhi=2019&as_vis=1"
12,"SY Jung, SH Kim, SG Yeo","Association of nutritional factors with hearing loss",2019,"Nutrients","mdpi.com","https://www.mdpi.com/405454","https://scholar.google.com/scholar?cites=16928936593035569418&as_sdt=2005&sciodt=0,5&hl=en",552,"2021-07-17 23:32:21","","","","",,,,,12,6.00,4,3,2,"… Like adults, the relationship between general hearing status and nutrition in children can be divided into studies about single and general nutritional statuses (Table 3). One cross-sectional study assessed the HL of 0–3-month-old infants (n = 3386) in Nigeria …","https://www.mdpi.com/2072-6643/11/2/307/pdf","https://scholar.google.com/scholar?q=related:Cin_VCOq7-oJ:scholar.google.com/&scioq=%22waist+circumference%22+nigeria&hl=en&as_sdt=0,5&as_ylo=2019&as_yhi=2019&as_vis=1"
16,"N Cano-Ibáñez, A Gea, MA Martínez-González…","Dietary diversity and nutritional adequacy among an older Spanish population with metabolic syndrome in the PREDIMED-plus study: A cross-sectional …",2019,"Nutrients","mdpi.com","https://www.mdpi.com/452564","https://scholar.google.com/scholar?cites=2712482340563298107&as_sdt=2005&sciodt=0,5&hl=en",553,"2021-07-17 23:32:21","HTML","","","",,,,,16,8.00,4,4,2,"Dietary guidelines emphasize the importance of a varied diet to provide an adequate nutrient intake. However, an older age is often associated with consumption of monotonous diets that can be nutritionally inadequate, increasing the risk for the development or progression of diet …","https://www.mdpi.com/452564","https://scholar.google.com/scholar?q=related:O6fLQFGspCUJ:scholar.google.com/&scioq=%22waist+circumference%22+nigeria&hl=en&as_sdt=0,5&as_ylo=2019&as_yhi=2019&as_vis=1"
7,"M Rivera, A Porras-Segovia, P Rovira, E Molina…","Associations of major depressive disorder with chronic physical conditions, obesity and medication use: Results from the PISMA-ep study",2019,"European …","cambridge.org","https://www.cambridge.org/core/journals/european-psychiatry/article/associations-of-major-depressive-disorder-with-chronic-physical-conditions-obesity-and-medication-use-results-from-the-pismaep-study/B5F174D4FBD818AC92D339B8A3E52F65","https://scholar.google.com/scholar?cites=8604903952012476286&as_sdt=2005&sciodt=0,5&hl=en",554,"2021-07-17 23:32:21","","","","",,,,,7,3.50,1,5,2,"… Waist and hip circumferences were also significantly associated with MDD in women. In men, only waist circumference showed weak correlation with MDD … Waist circumference 1.03* (1.02-1.04) <0.001 1.02* (1.01-1.03) <0.001 0.99 (0.97-1.00) 0.058 0.98* (0.97-1.00) 0.019 …","https://www.researchgate.net/profile/Paula-Rovira/publication/333320964_Associations_of_major_depressive_disorder_with_chronic_physical_conditions_obesity_and_medication_use_Results_from_the_PISMA-ep_study/links/5d15cdd892851cf44051917f/Associations-of-major-depressive-disorder-with-chronic-physical-conditions-obesity-and-medication-use-Results-from-the-PISMA-ep-study.pdf","https://scholar.google.com/scholar?q=related:fv8Ouo3CancJ:scholar.google.com/&scioq=%22waist+circumference%22+nigeria&hl=en&as_sdt=0,5&as_ylo=2019&as_yhi=2019&as_vis=1"
36,"G Fekadu, L Chelkeba, A Kebede","Risk factors, clinical presentations and predictors of stroke among adult patients admitted to stroke unit of Jimma university medical center, south west Ethiopia …",2019,"BMC neurology","bmcneurol.biomedcentral.com","https://bmcneurol.biomedcentral.com/articles/10.1186/s12883-019-1409-0","https://scholar.google.com/scholar?cites=5849207058049269907&as_sdt=2005&sciodt=0,5&hl=en",555,"2021-07-17 23:32:21","HTML","10.1186/s12883-019-1409-0","","",,,,,36,18.00,12,3,2,"Stroke is the second-leading global cause of death behind heart disease in 2013 and is a major cause of permanent disability. The burden of stroke in terms of mortality, morbidity and disability is increasing across the world. It is currently observed to be one of the commonest reasons …","https://bmcneurol.biomedcentral.com/articles/10.1186/s12883-019-1409-0","https://scholar.google.com/scholar?q=related:kwC8MNSOLFEJ:scholar.google.com/&scioq=%22waist+circumference%22+nigeria&hl=en&as_sdt=0,5&as_ylo=2019&as_yhi=2019&as_vis=1"
0,"R Török-Oance, MN Filimon, R Bodea…","INTERRELATIONSHIP BETWEEN ANTHROPOMETRIC VARIABLES AND ESTIMATION OF HEIGHT IN ADOLESCENTS",2019,"Annales of West …","search.proquest.com","https://search.proquest.com/openview/fdfa3d434a87ba0abc75d265fdc0c0a1/1?pq-origsite=gscholar&cbl=2030649","",556,"2021-07-17 23:32:21","","","","",,,,,0,0.00,0,4,2,"… The results of other research show that waist circumference is correlated with body mass index, and a predictor of … and height (0.76 in men, 0.72 in women) was also found in a study conducted in Nigeria (Goon et … The relationship between arm span and stature in Nigerian adults …","","https://scholar.google.com/scholar?q=related:NZu6JT8H9EEJ:scholar.google.com/&scioq=%22waist+circumference%22+nigeria&hl=en&as_sdt=0,5&as_ylo=2019&as_yhi=2019&as_vis=1"
2,"O Sison, N Castillo-Carandang, MA Ladia…","Prevalence of metabolic syndrome and cardiovascular risk factors among community health workers in selected villages in the Philippines",2019,"Journal of the ASEAN …","ncbi.nlm.nih.gov","https://www.ncbi.nlm.nih.gov/pmc/articles/PMC7784100/","https://scholar.google.com/scholar?cites=14035364365507355562&as_sdt=2005&sciodt=0,5&hl=en",557,"2021-07-17 23:32:21","HTML","","","",,,,,2,1.00,1,4,2,"… used). The height was measured with a stadiometer. The waist circumference was determined at midway between the sub-costal margin and the iliac crest while the hip circumference was taken at the widest diameter. The blood …","https://www.ncbi.nlm.nih.gov/pmc/articles/PMC7784100/","https://scholar.google.com/scholar?q=related:quM9I4ehx8IJ:scholar.google.com/&scioq=%22waist+circumference%22+nigeria&hl=en&as_sdt=0,5&as_ylo=2019&as_yhi=2019&as_vis=1"
0,"FK Apungu, C Apprey, EKA Amewu, ST Ahuno…","Nutritional and health status of people living with HIV/AIDS in the eastern region of Ghana",2019,"Nutrition & Food …","emerald.com","https://www.emerald.com/insight/content/doi/10.1108/NFS-05-2019-0145/full/html","",558,"2021-07-17 23:32:21","","10.1108/NFS-05-2019-0145","","",,,,,0,0.00,0,5,2,"Nutritional and health status of people living with HIV/AIDS in the eastern region of Ghana - Author: Francis Kwotua Apungu, Charles Apprey, Emmanuel Kobla Atsu Amewu, Samuel Terkper Ahuno, Alexander Kwarteng.","http://dspace.knust.edu.gh/xmlui/bitstream/handle/123456789/12949/22nd%20Publication.pdf?sequence=1","https://scholar.google.com/scholar?q=related:eWwMmXAcZRcJ:scholar.google.com/&scioq=%22waist+circumference%22+nigeria&hl=en&as_sdt=0,5&as_ylo=2019&as_yhi=2019&as_vis=1"
4,"S Syarifuddin, A Nasution…","Impact of pharmacist intervention on improving the quality of life of patients with type 2 diabetes mellitus",2019,"… Macedonian journal of …","ncbi.nlm.nih.gov","https://www.ncbi.nlm.nih.gov/pmc/articles/pmc6514344/","https://scholar.google.com/scholar?cites=6828494018819578737&as_sdt=2005&sciodt=0,5&hl=en",559,"2021-07-17 23:32:21","HTML","","","",,,,,4,2.00,1,3,2,"… centre in Medan, Indonesia [16], in the rural areas of Kumarapalayam, India [17] and Alimosho general hospital, Nigeria [18] … The researchers also reported that blood glucose concentration, body mass index, and waist circumference were significantly improved (p < 0.05) [28] …","https://www.ncbi.nlm.nih.gov/pmc/articles/pmc6514344/","https://scholar.google.com/scholar?q=related:cdueliGvw14J:scholar.google.com/&scioq=%22waist+circumference%22+nigeria&hl=en&as_sdt=0,5&as_ylo=2019&as_yhi=2019&as_vis=1"
0,"IN Mohamed, ZA Karrar","Perception of medical students and faculty on teaching of professionalism: challenges and suggestions for improvement",,"… scroto-perineal eumycetoma and its therapeutic …","researchgate.net","https://www.researchgate.net/profile/Sahar-Bakhiet/publication/334509507_Massive_progressive_scroto-perineal_eumycetoma_and_its_therapeutic_challenges/links/5d2f54e3458515c11c392440/Massive-progressive-scroto-perineal-eumycetoma-and-its-therapeutic-challenges.pdf#page=3","",560,"2021-07-17 23:32:21","PDF","","","",,,,,0,0.00,0,2,,"… of it. Methods: This is a cross-sectional study done on 150 subjects aged between 18-25 years. The weight, height and waist circumference (WC) were measured and Body Mass Index (BMI) was calculated. Skin fold thickness …","https://www.researchgate.net/profile/Sahar-Bakhiet/publication/334509507_Massive_progressive_scroto-perineal_eumycetoma_and_its_therapeutic_challenges/links/5d2f54e3458515c11c392440/Massive-progressive-scroto-perineal-eumycetoma-and-its-therapeutic-challenges.pdf#page=3","https://scholar.google.com/scholar?q=related:dRm6aqtmfyUJ:scholar.google.com/&scioq=%22waist+circumference%22+nigeria&hl=en&as_sdt=0,5&as_ylo=2019&as_yhi=2019&as_vis=1"
0,"RL Mathebula","Profile of selected cardiovascular disease risk factors among HIV patients on anti-retroviral therapy in Bushbuckridge Sub-District, Mpumalanga Province",2019,"","ulspace.ul.ac.za","http://ulspace.ul.ac.za/handle/10386/2933","",561,"2021-07-17 23:32:21","","","","",,,,,0,0.00,0,1,2,"… or HAART induce these lipid abnormalities are unknown. 3.2.6 Body mass index and waist circumference A study conducted by Ogunmola, Oladusu and Olamogegun (2014) in Nigeria found a high prevalence of obesity in the general population compared to HIV-infected …","http://ulspace.ul.ac.za/bitstream/handle/10386/2933/mathebula_rl_2019.pdf?sequence=1","https://scholar.google.com/scholar?q=related:9zJd9RN6KBEJ:scholar.google.com/&scioq=%22waist+circumference%22+nigeria&hl=en&as_sdt=0,5&as_ylo=2019&as_yhi=2019&as_vis=1"
7,"AC Nsonwu-Anyanwu, ER Ekong, SJ Offor…","Heavy metals, biomarkers of oxidative stress and changes in sperm function: A case-control study",2019,"International Journal …","ncbi.nlm.nih.gov","https://www.ncbi.nlm.nih.gov/pmc/articles/pmc6661137/","https://scholar.google.com/scholar?cites=14234293819931993092&as_sdt=2005&sciodt=0,5&hl=en",562,"2021-07-17 23:32:21","HTML","","","",,,,,7,3.50,2,4,2,"… case-control study was carried out at the Microbiology unit of the University of Calabar Teaching Hospital, Calabar, Nigeria from February … Anthropometric data as height, weight, hip and waist circumference were obtained and used to calculate body mass index and waist-to-hip …","https://www.ncbi.nlm.nih.gov/pmc/articles/pmc6661137/","https://scholar.google.com/scholar?q=related:BKSVDdBeisUJ:scholar.google.com/&scioq=%22waist+circumference%22+nigeria&hl=en&as_sdt=0,5&as_ylo=2019&as_yhi=2019&as_vis=1"
4,"MH Daghestani, MH Daghestani…","The influence of the rs1137101 genotypes of leptin receptor gene on the demographic and metabolic profile of normal Saudi females and those suffering from …",2019,"BMC …","bmcwomenshealth.biomedcentral …","https://bmcwomenshealth.biomedcentral.com/articles/10.1186/s12905-018-0706-x","https://scholar.google.com/scholar?cites=16720139692309526236&as_sdt=2005&sciodt=0,5&hl=en",563,"2021-07-17 23:32:21","HTML","10.1186/s12905-018-0706-x","","",,,,,4,2.00,1,3,2,"Polycystic ovarian syndrome (PCOS) is of frequent occurrence in Saudi females and is often associated with obesity, insulin resistance, hypogonadotropic hypogonadism, and infertility. Since these features are also associated with leptin receptor (LEP-R) deficiency, several studies …","https://bmcwomenshealth.biomedcentral.com/articles/10.1186/s12905-018-0706-x","https://scholar.google.com/scholar?q=related:3LYEi3beCegJ:scholar.google.com/&scioq=%22waist+circumference%22+nigeria&hl=en&as_sdt=0,5&as_ylo=2019&as_yhi=2019&as_vis=1"
0,"EM Andrade Júnior, AAO Abrahão, RAS Rodrigues…","Diagnoses of athletic potential for the students of Arena School: A pilot study",2019,"","rua.ua.es","http://rua.ua.es/dspace/handle/10045/91922","",564,"2021-07-17 23:32:21","","","","",,,,,0,0.00,0,4,2,"… cm 9 WHR: Wais-hip ratio Waist Circumference / Hip Circumference … For measurement: 1. Waist circumference, measured in the narrowest part of the abdomen or in the region between the last rib and the navel; 2. Hip circumference measured at the widest part of the buttocks …","http://rua.ua.es/dspace/bitstream/10045/91922/6/JHSE_15-1_19.pdf","https://scholar.google.com/scholar?q=related:9xzoT8ZTq8gJ:scholar.google.com/&scioq=%22waist+circumference%22+nigeria&hl=en&as_sdt=0,5&as_ylo=2019&as_yhi=2019&as_vis=1"
0,"정현훈, 정민기","12 주간의 복합운동이 대사증후군 중년여성들의 신체조성과 건강체력 및 동맥경화지수에 미치는 영향",2019,"한국체육과학회지","dbpia.co.kr","https://www.dbpia.co.kr/Journal/articleDetail?nodeId=NODE08767746","",565,"2021-07-17 23:32:21","","","","",,,,,0,0.00,0,2,2,"… Control 3.00±0.50 2.90±0.50 -0.83 Waist circumference(cm) Exercise 88.20±4.20 84.80±3.50 -3.78** .003 … Atherogenic index of plasma as useful predictor of car- diovascular risk among postmenopausal women in Enugu, Nigeria. African health sciences, 10(3), 248-52. 30 …","","https://scholar.google.com/scholar?q=related:U-QsjYlgu0IJ:scholar.google.com/&scioq=%22waist+circumference%22+nigeria&hl=en&as_sdt=0,5&as_ylo=2019&as_yhi=2019&as_vis=1"
1,"R Sengupta, N Ghorai, SK Basu, P Zandi…","A Review on the Nutritional Challenges of School Children from the Perspective Developing Countries",2019,"The Role of Functional …","Elsevier","https://www.sciencedirect.com/science/article/pii/B9780128131480000074","https://scholar.google.com/scholar?cites=10425954446760080888&as_sdt=2005&sciodt=0,5&hl=en",566,"2021-07-17 23:32:21","","","","",,,,,1,0.50,0,5,2,"… WC Waist circumference. WHO … Those methods are used to assess from moderate to severe [25] and acute to chronic malnutrition. These are also inexpensive and reproducible. The major indices are: height, weight, waist circumference (WC), and hip circumference (HC) …","https://www.researchgate.net/profile/Peiman-Zandi/publication/330053934_A_Review_on_the_Nutritional_Challenges_of_School_Children_From_the_Perspective_Developing_Countries/links/6002787d92851c13fe147c8a/A-Review-on-the-Nutritional-Challenges-of-School-Children-From-the-Perspective-Developing-Countries.pdf","https://scholar.google.com/scholar?q=related:-PWJi1RusJAJ:scholar.google.com/&scioq=%22waist+circumference%22+nigeria&hl=en&as_sdt=0,5&as_ylo=2019&as_yhi=2019&as_vis=1"
0,"TA Bugam","Development and Evaluation of a Metabolic Risk Screening Program for Adults Receiving Antipsychotic Medication Therapy",2019,"","search.proquest.com","https://search.proquest.com/openview/67c4689fafc7c09fee5cefdce9b7fc55/1?pq-origsite=gscholar&cbl=18750&diss=y","",567,"2021-07-17 23:32:21","BOOK","","","",,,,,0,0.00,0,1,2,"… 79 Appendix B: Waist Circumference Measurement Education for Staff ..... 80 … setting's workflow process to accommodate integration of these recommendations: First, obtaining personal and family history, weight, Body Mass Index (BMI), waist circumference …","","https://scholar.google.com/scholar?q=related:thFv0L5IEGYJ:scholar.google.com/&scioq=%22waist+circumference%22+nigeria&hl=en&as_sdt=0,5&as_ylo=2019&as_yhi=2019&as_vis=1"
0,"MA Nascimento-Souza, MF Lima-Costa…","“A body shape index” ea associação com hipertensão arterial e diabetes mellitus entre idosos brasileiros: a Pesquisa Nacional de Saúde (2013)",2019,"Cadernos de Saúde …","SciELO Brasil","https://www.scielo.br/scielo.php?pid=S0102-311X2019001005001&script=sci_abstract&tlng=pt","",568,"2021-07-17 23:32:21","","","","",,,,,0,0.00,0,3,2,"… 4. Okafor C, Anyaehie U, Ofoegbu E. The mag- nitude of obesity and its relationship to blood pressure among the residents of Enugu me- tropolis in South East Nigeria … 11. World Health Organization. Expert Consulta- tion on Waist Circumference and Waist-Hip Ratio; 2008 …","https://www.scielo.br/pdf/csp/v35n8/1678-4464-csp-35-08-e00175318.pdf","https://scholar.google.com/scholar?q=related:c74R7EGr2JsJ:scholar.google.com/&scioq=%22waist+circumference%22+nigeria&hl=en&as_sdt=0,5&as_ylo=2019&as_yhi=2019&as_vis=1"
4,"L Tolentino, M Yigeremu, S Teklu, S Attia…","Three-dimensional camera anthropometry to assess risk of cephalopelvic disproportion-related obstructed labour in Ethiopia",2019,"Interface …","royalsocietypublishing.org","https://royalsocietypublishing.org/doi/abs/10.1098/rsfs.2019.0036","https://scholar.google.com/scholar?cites=1342902504767251862&as_sdt=2005&sciodt=0,5&hl=en",569,"2021-07-17 23:32:21","","10.1098/rsfs.2019.0036","","",,,,,4,2.00,1,5,2,"… scale. Tape measurements of shoulder height, waist height, hip height, head circumference, shoulder diameter, waist circumference, hip circumference and foot length were collected following the published methods [14]. The …","https://royalsocietypublishing.org/doi/pdf/10.1098/rsfs.2019.0036","https://scholar.google.com/scholar?q=related:lmWijLbyohIJ:scholar.google.com/&scioq=%22waist+circumference%22+nigeria&hl=en&as_sdt=0,5&as_ylo=2019&as_yhi=2019&as_vis=1"
1,"S Shozi","Physical activity, body composition and handgrip strength among South African adults: the PURE study",2019,"","repository.nwu.ac.za","http://repository.nwu.ac.za/handle/10394/32781","https://scholar.google.com/scholar?cites=12144872318954529548&as_sdt=2005&sciodt=0,5&hl=en",570,"2021-07-17 23:32:21","","","","",,,,,1,0.50,1,1,2,"… held model (TKK54010 Takei) dynamometer; while anthropometric indicators of height, body mass, and waist circumference were measured using the standard procedures … The women reported high mean values for triceps, subscapular and waist circumference compared to …","http://repository.nwu.ac.za/bitstream/handle/10394/32781/Shozi_S_2019.pdf?sequence=1","https://scholar.google.com/scholar?q=related:DGPCHQdBi6gJ:scholar.google.com/&scioq=%22waist+circumference%22+nigeria&hl=en&as_sdt=0,5&as_ylo=2019&as_yhi=2019&as_vis=1"
0,"L Vishalakshi","A Study on Metabolic Syndrome in Persons Suffering from Schizophrenia Treated with Antipsychotics",2019,"","repository-tnmgrmu.ac.in","http://repository-tnmgrmu.ac.in/10965/","",571,"2021-07-17 23:32:21","","","","",,,,,0,0.00,0,1,2,"… 7 . International Diabetes Federation (IDF) criteria defines metabolic syndrome as high waist circumference (>80 cm for females and >90 cm for … The presence of any of the three is sufficient 9 .Whereas the modified NCEP ATP-III criteria the waist circumference criterion for …","http://repository-tnmgrmu.ac.in/10965/1/201800119vishalakshi.pdf","https://scholar.google.com/scholar?q=related:r36SLLEFdlsJ:scholar.google.com/&scioq=%22waist+circumference%22+nigeria&hl=en&as_sdt=0,5&as_ylo=2019&as_yhi=2019&as_vis=1"
2,"MA Bakir, K Hammad, K Bagdadi","Prevalence of metabolic syndrome and its components among type 2 diabetic mellitus Syrian patients according to NCEP-ATP III and IDF diagnostic criteria",2019,"Anthropological Review","search.proquest.com","https://search.proquest.com/openview/81cea25d70e87dcc8b9a115fb3c72921/1?pq-origsite=gscholar&cbl=1976405","https://scholar.google.com/scholar?cites=6275045954529829970&as_sdt=2005&sciodt=0,5&hl=en",572,"2021-07-17 23:32:21","","","","",,,,,2,1.00,1,3,2,"… sphygmomanometer. The mean of the three readings was taken for all the measurements. Anthropometric measurements Anthropometric measurements includ- ed: weight, height, hip circumference (HC), and waist circumference (WC). Body …","","https://scholar.google.com/scholar?q=related:UqQAjQxxFVcJ:scholar.google.com/&scioq=%22waist+circumference%22+nigeria&hl=en&as_sdt=0,5&as_ylo=2019&as_yhi=2019&as_vis=1"
0,"FB Ali","Body Weight Self-Perceptions and Experiences of Nigerian Women Immigrants",2019,"","search.proquest.com","https://search.proquest.com/openview/348896b23540957ca067f0713cf4367b/1?pq-origsite=gscholar&cbl=18750&diss=y","",573,"2021-07-17 23:32:21","","","","",,,,,0,0.00,0,1,2,"… I recruited 10 English-speaking NWIs who were originally from the southern region of Nigeria, living in Middle Tennessee, and members of a Nigerian American Association. This number was sufficient to gather the required information since …","https://scholarworks.waldenu.edu/cgi/viewcontent.cgi?article=8241&context=dissertations","https://scholar.google.com/scholar?q=related:pW9ApiI1GvgJ:scholar.google.com/&scioq=%22waist+circumference%22+nigeria&hl=en&as_sdt=0,5&as_ylo=2019&as_yhi=2019&as_vis=1"
8,"B Gyawali, J Bloch, A Vaidya…","Community-based interventions for prevention of Type 2 diabetes in low-and middle-income countries: a systematic review",2019,"Health promotion …","academic.oup.com","https://academic.oup.com/heapro/article-abstract/34/6/1218/5133273","https://scholar.google.com/scholar?cites=12799424117232846219&as_sdt=2005&sciodt=0,5&hl=en",574,"2021-07-17 23:32:21","","","","",,,,,8,4.00,2,4,2,"… conducted in LMICs and if they reported on any one of the outcomes of interest: fasting blood glucose (FBG)/fasting capillary glucose (FCG), glycated hemoglobin (HbA1c), systolic blood pressure (SBP), body weight, body mass index (BMI), waist circumference (WC), physical …","https://www.researchgate.net/profile/Per-Kallestrup/publication/328365499_Community-based_interventions_for_prevention_of_Type_2_diabetes_in_low-_And_middle-income_countries_A_systematic_review/links/5bcd9aed458515f7d9d032a1/Community-based-interventions-for-prevention-of-Type-2-diabetes-in-low-And-middle-income-countries-A-systematic-review.pdf","https://scholar.google.com/scholar?q=related:i0U7nWuwoLEJ:scholar.google.com/&scioq=%22waist+circumference%22+nigeria&hl=en&as_sdt=0,5&as_ylo=2019&as_yhi=2019&as_vis=1"
7,"HA Su, HY Hsieh, CT Lee, SC Liao, CH Chu, CH Wu","Reference ranges for ultrasonographic renal dimensions as functions of age and body indices: A retrospective observational study in Taiwan",2019,"PloS one","journals.plos.org","https://journals.plos.org/plosone/article?id=10.1371/journal.pone.0224785","https://scholar.google.com/scholar?cites=9130388525870507914&as_sdt=2005&sciodt=0,5&hl=en",575,"2021-07-17 23:32:21","HTML","","","",,,,,7,3.50,1,6,2,"An ethnicity-based reference range for normal renal size is fundamental for ultrasonographic assessment. Herein, we aimed to establish a Chinese renal reference by a large sample size, as well as to elucidate the relationship of renal dimension to age and body indices, with the …","https://journals.plos.org/plosone/article?id=10.1371/journal.pone.0224785","https://scholar.google.com/scholar?q=related:imfQSf2ntX4J:scholar.google.com/&scioq=%22waist+circumference%22+nigeria&hl=en&as_sdt=0,5&as_ylo=2019&as_yhi=2019&as_vis=1"
1,"FK Syailawan, B Mostafa…","Effect of Soy Milk and Mung Bean Porridge on Serum Triglycerides among Postmen-opausal Women",2019,"Arab Journal of Nutrition …","knepublishing.com","https://knepublishing.com/index.php/AJNE/article/view/4482","https://scholar.google.com/scholar?cites=2804025006094229937&as_sdt=2005&sciodt=0,5&hl=en",576,"2021-07-17 23:32:21","","","","",,,,,1,0.50,0,3,2,"… (2012). Effect of Soy Milk Consumption on Waist Circumference and Cardiovascular Risks among Overweight and Obese Female Adults … Comparative Assessment of Lipid Profile in Pre-menopausal dan Menopausal Women in Nnewi Nigeria. European Scientific Journal, vol …","https://knepublishing.com/index.php/AJNE/article/view/4482/9174","https://scholar.google.com/scholar?q=related:sSGP_eLl6SYJ:scholar.google.com/&scioq=%22waist+circumference%22+nigeria&hl=en&as_sdt=0,5&as_ylo=2019&as_yhi=2019&as_vis=1"
0,"AM Rexhepi, B Brestovci","Relaciones Latentes entre Parámetros Morfométricos, Fisiológicos y Bioquímicos Seleccionados",2019,"International Journal of Morphology","scielo.conicyt.cl","https://scielo.conicyt.cl/scielo.php?pid=S0717-95022019000300830&script=sci_arttext&tlng=e","",577,"2021-07-17 23:32:21","HTML","","","",,,,,0,0.00,0,2,2,"… for developing of the pathological condition such as insulin resistance have found strong statistically significant relations between waist circumference and waist to … the collected data from this study may be suitable as a database for school design in Nigerian tertiary institutions …","https://scielo.conicyt.cl/scielo.php?pid=S0717-95022019000300830&script=sci_arttext&tlng=e","https://scholar.google.com/scholar?q=related:AbfBbzVidOgJ:scholar.google.com/&scioq=%22waist+circumference%22+nigeria&hl=en&as_sdt=0,5&as_ylo=2019&as_yhi=2019&as_vis=1"
1,"H Kim, H Kim, O Kwon, H Park","Food and nutrient intake level by the risk of osteoporosis and cardiovascular disease in postmenopausal women: The use of the 5th Korean National Health …",2019,"Korean Journal of …","synapse.koreamed.org","https://synapse.koreamed.org/articles/1122136","https://scholar.google.com/scholar?cites=5291781688789505581&as_sdt=2005&sciodt=0,5&hl=en",578,"2021-07-17 23:32:21","HTML","","","",,,,,1,0.50,0,4,2,"… Results: Waist circumference, total body fat percentage, blood pressure, fasting plasma glucose, total cholesterol, triglyceride, and LDL-cholesterol were higher, and HDL-cholesterol and BMD were lower in the OP+CVD group than in the control group …","https://synapse.koreamed.org/articles/1122136","https://scholar.google.com/scholar?q=related:LRY3rWgvcEkJ:scholar.google.com/&scioq=%22waist+circumference%22+nigeria&hl=en&as_sdt=0,5&as_ylo=2019&as_yhi=2019&as_vis=1"
3,"S Botlani Esfahani, S Pal","Does metabolic syndrome impair sexual functioning in adults with overweight and obesity?",2019,"International Journal of Sexual Health","Taylor & Francis","https://www.tandfonline.com/doi/abs/10.1080/19317611.2019.1611688","https://scholar.google.com/scholar?cites=11279661271647303130&as_sdt=2005&sciodt=0,5&hl=en",579,"2021-07-17 23:32:21","","10.1080/19317611.2019.1611688","","",,,,,3,1.50,2,2,2,"… The results showed that women with the highest FSFI scores had lower BMI, waist circumference, a lower prevalence of MS, better … Okeahialam and Obeka (2006) conducted an investigation in Nigeria with newly diagnosed, untreated patients with hypertension (n = 44), as well …","","https://scholar.google.com/scholar?q=related:2rVEEypoiZwJ:scholar.google.com/&scioq=%22waist+circumference%22+nigeria&hl=en&as_sdt=0,5&as_ylo=2019&as_yhi=2019&as_vis=1"
0,"UC Hilton","16TH Annual World Congress on Insulin Resistance, Diabetes & Cardiovascular Disease (WCIRDC)",2019,"Endocrine Practice","search.proquest.com","https://search.proquest.com/openview/0a8954f2dafe688d97864ef19d16d4e9/1?pq-origsite=gscholar&cbl=1896353","",580,"2021-07-17 23:32:21","","","","",,,,,0,0.00,0,1,2,"… SBP); diastolic blood pressure (DBP); kidney health; eye health; periodon- tal health; foot health; functionality based on Functional Independence Measure (FIM) and Lower Extremity Functional Scale (LEFS); body mass index (BMI) and waist circumference (WC); Patient Health …","https://www.endocrinepractice.org/article/S1530-891X(20)35930-9/pdf",""
2,"L Costa, E Henriques, M Rodrigues, T Esmeraldo","Composição corporal e hábitos alimentares da população adulta da região autónoma da madeira",2019,"","comum.rcaap.pt","https://comum.rcaap.pt/handle/10400.26/31942","https://scholar.google.com/scholar?cites=2749190205307088574&as_sdt=2005&sciodt=0,5&hl=en",581,"2021-07-17 23:32:21","","","","",,,,,2,1.00,1,4,2,"… 13. World Health Organization. Waist circumference and waist-hip ratio: report of a WHO expert consultation, Geneva, 8-11 December 2008 … Gender-and age-related differences in anthropometric and body composition parameters in Nigerians, Zaria, Nigeria …","https://comum.rcaap.pt/bitstream/10400.26/31942/1/Composi%C3%A7%C3%A3o%20corporal%20e%20h%C3%A1bitos%20alimentares%20da%20popula%C3%A7%C3%A3o%20adulta%20da%20Regi%C3%A3o%20Aut%C3%B3noma%20da%20Madeira.pdf","https://scholar.google.com/scholar?q=related:vu5PB-0VJyYJ:scholar.google.com/&scioq=%22waist+circumference%22+nigeria&hl=en&as_sdt=0,5&as_ylo=2019&as_yhi=2019&as_vis=1"
0,"SN Debeila, SEP Modjadji","Overweight and obesity, nutrition knowledge and dietary practices of adolescents in secondary schools of the Fetakgomo Municipality, Limpopo Province",2019,"","repository.smu.ac.za","https://repository.smu.ac.za/handle/20.500.12308/614","",582,"2021-07-17 23:32:21","","","","",,,,,0,0.00,0,2,2,"… procedures and body mass index [(BMI (kg/m2) = weight (kg)/ height (m2)] and waist-hip ratio [waist circumference (WC)/hip circumference (HC)] were calculated. Overweight (BMI … NCDs Non-Communicable Diseases WC Waist Circumference WHR Waist Hip Ratio …","https://repository.smu.ac.za/bitstream/handle/20.500.12308/614/Debeila%20S.N.%20MPH%20Final%20Dissertation%20MAY2019.pdf?sequence=1","https://scholar.google.com/scholar?q=related:6ldzHIcBPO0J:scholar.google.com/&scioq=%22waist+circumference%22+nigeria&hl=en&as_sdt=0,5&as_ylo=2019&as_yhi=2019&as_vis=1"
7,"Y Sofiatin, A Pusparani, TD Judistiani…","Maternal and environmental risk for faltered growth in the first 5 years for Tanjungsari children in West Java, Indonesia",2019,"Asia Pacific journal …","search.informit.org","https://search.informit.org/doi/abs/10.3316/ielapa.194273063154580","https://scholar.google.com/scholar?cites=2206685685111854538&as_sdt=2005&sciodt=0,5&hl=en",583,"2021-07-17 23:32:21","","10.3316/ielapa.194273063154580","","",,,,,7,3.50,2,4,2,"… and waist circumference at 8 years old, whereas rapid weight gain at 6 months resulted in in- creased BMI and waist circumference at the … 44 The findings are similar to previous studies in some 137 developing countries, in Metro Cebu Philip- pines, and in Nigeria, namely that …","","https://scholar.google.com/scholar?q=related:yhUIaPC4nx4J:scholar.google.com/&scioq=%22waist+circumference%22+nigeria&hl=en&as_sdt=0,5&as_ylo=2019&as_yhi=2019&as_vis=1"
2,"BP Moura, RL Rufino, RC Faria, JE Sasaki…","Can Replacing Sitting Time with Standing Time Improve Adolescents' Cardiometabolic Health?",2019,"International journal of …","mdpi.com","https://www.mdpi.com/522616","https://scholar.google.com/scholar?cites=17499956195774371512&as_sdt=2005&sciodt=0,5&hl=en",584,"2021-07-17 23:32:21","","","","",,,,,2,1.00,0,5,2,"… Article in Journal Effects of Prices on Youth Cigarette Smoking and Tobacco Use Initiation in Ghana and Nigeria. Previous Article … Measurements of body weight (kg), height (m), waist circumference (cm), and triceps skinfold (mm) were obtained by a trained technician, according …","https://www.mdpi.com/1660-4601/16/17/3115/pdf","https://scholar.google.com/scholar?q=related:uBYH-nBV3PIJ:scholar.google.com/&scioq=%22waist+circumference%22+nigeria&hl=en&as_sdt=0,5&as_ylo=2019&as_yhi=2019&as_vis=1"
1,"A Anand, P Bhati, A Mujaddadi, S Verma…","Influence of physical activity on cardiac autonomic control in patients with dyslipidaemia",2019,"Comparative …","ingentaconnect.com","https://www.ingentaconnect.com/content/wagac/cep/2019/00000015/00000004/art00001","https://scholar.google.com/scholar?cites=11108261379448634786&as_sdt=2005&sciodt=0,5&hl=en",585,"2021-07-17 23:32:21","","","","",,,,,1,0.50,0,5,2,"… Measurement of anthropometric data, heart rate, and blood pressure Anthropometric measures such as weight, height, waist circumference (WC) and hip circumference (HC) were recorded as per the standard procedures (Tran et al., 2018) …","","https://scholar.google.com/scholar?q=related:ov052t54KJoJ:scholar.google.com/&scioq=%22waist+circumference%22+nigeria&hl=en&as_sdt=0,5&as_ylo=2019&as_yhi=2019&as_vis=1"
0,"MJ Manyelo","Assessment of follow-up care received by patients with hypertension at primary health care facilities in Tshwane district of Gauteng Province, South Africa",2019,"","uir.unisa.ac.za","http://uir.unisa.ac.za/handle/10500/26329","",586,"2021-07-17 23:32:21","","","","",,,,,0,0.00,0,1,2,"… ventricular failure. Cyanosis (72%), clubbing (72%), history of chest pains (100%), body mass index (BMI) (82%), waist circumference (100%), blood glucose (77%) … 70 4.3.5.2 Waist circumference ..... 70 …","http://uir.unisa.ac.za/bitstream/handle/10500/26329/dissertation_manyelo_mj.pdf?sequence=1&isAllowed=y","https://scholar.google.com/scholar?q=related:ZJUd_o75nEQJ:scholar.google.com/&scioq=%22waist+circumference%22+nigeria&hl=en&as_sdt=0,5&as_ylo=2019&as_yhi=2019&as_vis=1"
0,"AO Werneck, DR Silva, AL Oyeyemi, RA Fernandes","Original Research Article Physical activity attenuates metabolic risk of adolescents with overweight or obesity: The ICAD Multi-country Study",,"portal.findresearcher.sdu.dk","","https://portal.findresearcher.sdu.dk/files/172991763/Physical_activity_attenuates_metabolic_risk_of_adolescents_with_overweight.pdf","",587,"2021-07-17 23:32:21","PDF","","","",,,,,0,0.00,0,4,,"… 3. Department of Physiotherapy, College of Medical Sciences, University of Maiduguri, Borno State, Nigeria. 4. Norwegian School of Sport Science, Oslo, Norway … Page 7. 6 Waist circumference was not included in the overall indicator of metabolic risk …","https://portal.findresearcher.sdu.dk/files/172991763/Physical_activity_attenuates_metabolic_risk_of_adolescents_with_overweight.pdf","https://scholar.google.com/scholar?q=related:U1e5FCEOry0J:scholar.google.com/&scioq=%22waist+circumference%22+nigeria&hl=en&as_sdt=0,5&as_ylo=2019&as_yhi=2019&as_vis=1"
0,"R Van Aardt","Nutritional assessment of professional rugby players in Mpumalanga: are requirements being met according to current sports nutrition standards?",2019,"","scholar.ufs.ac.za","https://scholar.ufs.ac.za/handle/11660/10023","",588,"2021-07-17 23:32:21","","","","",,,,,0,0.00,0,1,2,"… (95% CI = [0.3kg/m² ; 4.6kg/m²]). Participants with a body fat percentage in the low category also had a significantly lower waist circumference compared to those with a … fatigue, injury and illness (Bean, 2017:5). In a study undertaken amongst Nigerian athletes, Folasire et al …","https://scholar.ufs.ac.za/bitstream/handle/11660/10023/VanAardtR.pdf?sequence=1&isAllowed=y","https://scholar.google.com/scholar?q=related:dxtiiemvcYgJ:scholar.google.com/&scioq=%22waist+circumference%22+nigeria&hl=en&as_sdt=0,5&as_ylo=2019&as_yhi=2019&as_vis=1"
2,"OU Onyemelukwe, AI Oyati, SS Danbauchi…","B-type natriuretic peptides (BNP) and tissue doppler E/é before and after 4 weeks standard treatment of African heart failure subjects: the ABU-BNP …",2019,"Vascular health and …","ncbi.nlm.nih.gov","https://www.ncbi.nlm.nih.gov/pmc/articles/PMC6929926/","https://scholar.google.com/scholar?cites=15290597750508754719&as_sdt=2005&sciodt=0,5&hl=en",589,"2021-07-17 23:32:21","HTML","","","",,,,,2,1.00,1,4,2,"… Obiageli Uzoamaka Onyemelukwe. 1 Department of Medicine, Ahmadu Bello University Teaching Hospital, Zaria, Nigeria … Albert Imhoagene Oyati. 1 Department of Medicine, Ahmadu Bello University Teaching Hospital, Zaria, Nigeria. Find articles by Albert Imhoagene Oyati …","https://www.ncbi.nlm.nih.gov/pmc/articles/PMC6929926/","https://scholar.google.com/scholar?q=related:Hxd2GqQdM9QJ:scholar.google.com/&scioq=%22waist+circumference%22+nigeria&hl=en&as_sdt=0,5&as_ylo=2019&as_yhi=2019&as_vis=1"
0,"J Afrifa, FA Botchway, YK Opoku, J Badohu, HE Ocran…","in Ghana [version 1; peer review: awaiting peer review]",,"pdfs.semanticscholar.org","","https://pdfs.semanticscholar.org/335e/035654b853570cb31687f13d3da59585911e.pdf","",590,"2021-07-17 23:32:21","PDF","","","",,,,,0,0.00,0,6,,"… Low 3(4.0) 0(0) 0.1037 Normal 31(41.3) 25(33.3) Pre-diabetes 41(54.7) 50(66.7) WC, waist circumference; HC, hip circumference; WC/HC, waist to hip ratio; FBS, fasting blood sugar; BMI, body mass index; SBP, systolic blood pressure; DBP, diastolic blood pressure …","https://pdfs.semanticscholar.org/335e/035654b853570cb31687f13d3da59585911e.pdf","https://scholar.google.com/scholar?q=related:TY33Eww9jmQJ:scholar.google.com/&scioq=%22waist+circumference%22+nigeria&hl=en&as_sdt=0,5&as_ylo=2019&as_yhi=2019&as_vis=1"
51,"M Supervia, K Turk-Adawi, F Lopez-Jimenez, E Pesah…","Nature of cardiac rehabilitation around the globe",2019,"EClinicalMedicine","Elsevier","https://www.sciencedirect.com/science/article/pii/S2589537019300999","https://scholar.google.com/scholar?cites=18301948812631417444&as_sdt=2005&sciodt=0,5&hl=en",591,"2021-07-17 23:32:21","HTML","","","",,,,,51,25.50,10,5,2,"JavaScript is disabled on your browser. Please enable JavaScript to use all the features on this page. Skip to main content Skip to article …","https://www.sciencedirect.com/science/article/pii/S2589537019300999","https://scholar.google.com/scholar?q=related:ZCJHKnqV_f0J:scholar.google.com/&scioq=%22waist+circumference%22+nigeria&hl=en&as_sdt=0,5&as_ylo=2019&as_yhi=2019&as_vis=1"
4,"V Bagweneza, P Musabirema, MJ Mwiseneza…","Diabetes health education: nurses' knowledge of essential components at a Rwandan hospital",2019,"Rwanda Journal of …","ajol.info","https://www.ajol.info/index.php/rjmhs/article/view/186894","https://scholar.google.com/scholar?cites=3429791811519180551&as_sdt=2005&sciodt=0,5&hl=en",592,"2021-07-17 23:32:21","","","","",,,,,4,2.00,1,4,2,"… self-blood glucose monitoring among people with diabetes cannot be well taught or remembered, and similar to a study in Nigeria where three … is related to a BMI higher than normal (>25 kg/m2), high calorie diet, sedentary lifestyle, and greater waist circumference, with women …","https://www.ajol.info/index.php/rjmhs/article/view/186894/176167","https://scholar.google.com/scholar?q=related:B-8kE3sRmS8J:scholar.google.com/&scioq=%22waist+circumference%22+nigeria&hl=en&as_sdt=0,5&as_ylo=2019&as_yhi=2019&as_vis=1"
0,"MB Ahmad, PO Anaja, SA Akuyam, AG Bakari","Antioxidant Status and the risk of Diabetic Nephropathy among Patients with Type 2 Diabetic disease: a one-year follow-up study",,"fud.edu.ng","","https://fud.edu.ng/journals/dujopas/2019_JUNE_Vol_5_No_1a/196%20-%20204%2043%20EDITED.pdf","",593,"2021-07-17 23:32:21","PDF","","","",,,,,0,0.00,0,4,,"… In Nigeria, there is paucity of data on kidney injury assessment in relation to the effect of antioxidant and phase II enzymes among diabetic … Assessments such as blood pressure (BP), waist circumference, weight (W), height (H) and body mass index (BMI) was also observed …","https://fud.edu.ng/journals/dujopas/2019_JUNE_Vol_5_No_1a/196%20-%20204%2043%20EDITED.pdf","https://scholar.google.com/scholar?q=related:FrBCb1hKNPsJ:scholar.google.com/&scioq=%22waist+circumference%22+nigeria&hl=en&as_sdt=0,5&as_ylo=2019&as_yhi=2019&as_vis=1"
1,"J Afrifa, FA Botchway, YK Opoku, J Badohu…","Assessment of cardiovascular risk in post-menopausal women in Ghana",2019,"…","f1000research.com","https://f1000research.com/articles/8-845","https://scholar.google.com/scholar?cites=12667298515780587648&as_sdt=2005&sciodt=0,5&hl=en",594,"2021-07-17 23:32:21","HTML","","","",,,,,1,0.50,0,5,2,"… Pre-diabetes, 41(54.7), 50(66.7), WC, waist circumference; HC, hip circumference; WC/HC, waist to hip ratio; FBS, fasting blood sugar; BMI, body mass index; SBP, systolic blood pressure; DBP, diastolic blood pressure. Cardiovascular and atherogenic markers …","https://f1000research.com/articles/8-845","https://scholar.google.com/scholar?q=related:gFDvyOJIy68J:scholar.google.com/&scioq=%22waist+circumference%22+nigeria&hl=en&as_sdt=0,5&as_ylo=2019&as_yhi=2019&as_vis=1"
0,"AA Boahen","Prevalence and Determinants of Hypertension among Diabetes Mellitus Patients Attending Kintampo Municipal Hospital",2019,"","ugspace.ug.edu.gh","http://ugspace.ug.edu.gh/xmlui/handle/123456789/33261","",595,"2021-07-17 23:32:21","","","","",,,,,0,0.00,0,1,2,"… Behavioural factors ✓ Consumption of salty and fatty foods ✓ Excessive alcohol intake ✓ Smoking ✓ Physical activity Anthropometric measurement ✓ Height ✓ Weight ✓ BMI ✓ Waist circumference ✓ Hip circumference ✓ Waist to Hip Ratio Obesity Knowledge level on …","http://ugspace.ug.edu.gh/xmlui/bitstream/handle/123456789/33261/Prevalence%20and%20Determinants%20of%20Hypertension%20among%20Diabetes%20Mellitus%20Patients%20Attending%20Kintampo%20Municipal%20Hospital.pdf?sequence=1&isAllowed=y","https://scholar.google.com/scholar?q=related:30aPHCkSN0AJ:scholar.google.com/&scioq=%22waist+circumference%22+nigeria&hl=en&as_sdt=0,5&as_ylo=2019&as_yhi=2019&as_vis=1"
19,"T Biswas, N Townsend, MS Islam, MR Islam…","Association between socioeconomic status and prevalence of non-communicable diseases risk factors and comorbidities in Bangladesh: findings from a …",2019,"BMJ open","bmjopen.bmj.com","https://bmjopen.bmj.com/content/9/3/e025538.abstract","https://scholar.google.com/scholar?cites=12676977204222909925&as_sdt=2005&sciodt=0,5&hl=en",596,"2021-07-17 23:32:21","HTML","","","",,,,,19,9.50,4,5,2,"Skip to main content. Viewing from: Google Indexer. BMJ Journals. Log In More …","https://bmjopen.bmj.com/content/9/3/e025538.abstract","https://scholar.google.com/scholar?q=related:5V1uC5qr7a8J:scholar.google.com/&scioq=%22waist+circumference%22+nigeria&hl=en&as_sdt=0,5&as_ylo=2019&as_yhi=2019&as_vis=1"
5,"A Samanta, J Thakur, M Goswami","Menstrual characteristics and its association with socio-demographic factors and nutritional status: a study among the urban slum adolescent girls of West Bengal …",2019,"Anthropological Review","search.proquest.com","https://search.proquest.com/openview/e6f986e9aa0d5c64b7f385f09142a821/1?pq-origsite=gscholar&cbl=1976405","https://scholar.google.com/scholar?cites=11409133223012452547&as_sdt=2005&sciodt=0,5&hl=en",597,"2021-07-17 23:32:21","","","","",,,,,5,2.50,2,3,2,"… peak discharge, NGO – Non-governmental organisation, PBF – Percent body fat, PMS – Premenstrual syndrome, SISF – Su- pra-iliac, SPSS – Statistical package for social sciences, SSF – Subscapular skinfold, TSF – Triceps skinfold, WC – Waist circumference, WHO – World …","","https://scholar.google.com/scholar?q=related:w8jD2DdiVZ4J:scholar.google.com/&scioq=%22waist+circumference%22+nigeria&hl=en&as_sdt=0,5&as_ylo=2019&as_yhi=2019&as_vis=1"
7,"SN Clark, AM Schmidt, EM Carter, JJ Schauer…","Longitudinal evaluation of a household energy package on blood pressure, central hemodynamics, and arterial stiffness in China",2019,"Environmental …","Elsevier","https://www.sciencedirect.com/science/article/pii/S0013935119303895","https://scholar.google.com/scholar?cites=1656352294226003874&as_sdt=2005&sciodt=0,5&hl=en",598,"2021-07-17 23:32:21","","","","",,,,,7,3.50,1,5,2,"… In controlled, household-randomized trials in Guatemala and Nigeria, the introduction of wood-chimney and ethanol cookstoves lowered women's diastolic BP and improved ST-segment depression (Alexander et al., 2017; Fatmi and Coggon, 2016) …","","https://scholar.google.com/scholar?q=related:ooc-yKKL_BYJ:scholar.google.com/&scioq=%22waist+circumference%22+nigeria&hl=en&as_sdt=0,5&as_ylo=2019&as_yhi=2019&as_vis=1"
0,"KS Ntalima","Hyperglycemia and associated risk factors among formal sector employees in Dodoma city council-Tanzania: A cross sectional study",2019,"","41.78.64.25","http://41.78.64.25/handle/20.500.12661/2088","",599,"2021-07-17 23:32:21","","","","",,,,,0,0.00,0,1,2,"… the people with sedentary lifestyle. In Nigeria, community and hospital-based studies were conducted to assess the prevalence of hyperglycemia, the results … males (10%) (Ojo et al., 2017). Addition study conducted in Nigeria showed that the …","http://41.78.64.25/bitstream/handle/20.500.12661/2088/KALOLI-_DISSERTATION%5B1%5D.pdf?sequence=1&isAllowed=y","https://scholar.google.com/scholar?q=related:A9vO-oIO8g8J:scholar.google.com/&scioq=%22waist+circumference%22+nigeria&hl=en&as_sdt=0,5&as_ylo=2019&as_yhi=2019&as_vis=1"
11,"M Qasemi, M Afsharnia, M Farhang…","Spatial distribution of fluoride and nitrate in groundwater and its associated human health risk assessment in residents living in Western Khorasan Razavi, Iran",2019,"Desalin. Water …","deswater.com","https://www.deswater.com/DWT_articles/vol_170_papers/170_2019_176.pdf","https://scholar.google.com/scholar?cites=6531712522359340861&as_sdt=2005&sciodt=0,5&hl=en",600,"2021-07-17 23:32:21","PDF","","","",,,,,11,5.50,3,4,2,"… HN Saleh, M. Yaseri, M. Jalilzadeh, AA Mohammadi, Association of consumption of excess hard water, body mass index and waist circumference with risk of … A. Amadi, J. Yisa, J. Jacob, Spatial and temporal distribution of nitrate pollution in groundwater of Abuja, Nigeria, Int …","https://www.deswater.com/DWT_articles/vol_170_papers/170_2019_176.pdf","https://scholar.google.com/scholar?q=related:Pf8yvu5NpVoJ:scholar.google.com/&scioq=%22waist+circumference%22+nigeria&hl=en&as_sdt=0,5&as_ylo=2019&as_yhi=2019&as_vis=1"
0,"K Silpakampises, S Suwanwaha","Risk Factors Affecting Falls among Old Adults in Community: A Systematic Review",2019,"KASEM BUNDIT JOURNAL","so04.tci-thaijo.org","https://so04.tci-thaijo.org/index.php/jkbu/article/view/173417","",601,"2021-07-17 23:32:21","","","","",,,,,0,0.00,0,2,2,"… acuity, 5) functional status, 6) serum albumin level. Older age, female gender, larger waist circumference, poorer visual acuity, lower functional … Fall incidence in a population of elderly persons in Nigeria. Gerontology, 56(3), 278-283. Bergland, A. (2012) …","https://so04.tci-thaijo.org/index.php/jkbu/article/download/173417/125131","https://scholar.google.com/scholar?q=related:YEUu7NpD5iEJ:scholar.google.com/&scioq=%22waist+circumference%22+nigeria&hl=en&as_sdt=0,5&as_ylo=2019&as_yhi=2019&as_vis=1"
0,"VT Ravikant, S Verma, S Saini…","Awareness about Lifestyle, Diet & Physical Activity among Diabetic Patients in a Tertiary Care Teaching Hospital",2019,"1. A Hospital based …","upchapterapi.com","http://upchapterapi.com/uploaded/journalPdf/journal_pdf_12_5620.pdf#page=36","",602,"2021-07-17 23:32:21","PDF","","","",,,,,0,0.00,0,4,2,"… The mean height was 157.87+-5.7 cm, weight was 64.1+ 9.2 kg, Mean BMI was 24.13+ 26 kg/m2 , Mean waist circumference was 89.4+ 9.3 cm & Mean HbA1c was 8.8+ 1.2 … reported low level of knowledge in Iran [22], Kuwait [23], Nigeria [24], and in United Arab Emirates [25 …","http://upchapterapi.com/uploaded/journalPdf/journal_pdf_12_5620.pdf#page=36","https://scholar.google.com/scholar?q=related:YtRIsy3TEAEJ:scholar.google.com/&scioq=%22waist+circumference%22+nigeria&hl=en&as_sdt=0,5&as_ylo=2019&as_yhi=2019&as_vis=1"
0,"J Athieno","Factors associated with nutritional status of women 18-59 years in Mukono municipality, Uganda.",2019,"","kyuir.kyu.ac.ug","https://kyuir.kyu.ac.ug/handle/20.500.12504/299","",603,"2021-07-17 23:32:21","","","","",,,,,0,0.00,0,1,2,"… UBOS Uganda Bureau of Statistics UNCST Uganda National Council for Science &Technology UNICEF United Nations International Children‟s Fund WC Waist Circumference WEF World Economic Forum WHO Word Heath Organization WHR Waist Hip Ratio Page 17. xvi …","https://kyuir.kyu.ac.ug/xmlui/bitstream/handle/20.500.12504/299/Athieno%20MSc.%20%20draft%20final%20submission%203.pdf?sequence=1&isAllowed=y",""
0,"UE Ekrikpo","Chronic kidney disease in HIV populations: prevalence, risk factors and role of transforming growth factor beta (TGF-߀1) polymorphisms",2019,"","open.uct.ac.za","https://open.uct.ac.za/handle/11427/31740","",604,"2021-07-17 23:32:21","","","","",,,,,0,0.00,0,1,2,"… study from Nigeria had a high prevalence of 24% (31). Another Nigerian study had 38% of their HIV cohort having either elevated serum creatinine or persistent proteinuria but was only able to biopsy ten individuals because of the lack of histopathological facilities (32, 33) …","https://open.uct.ac.za/bitstream/handle/11427/31740/2019_Ekrikpo_Udeme_Ekpenyong.pdf?sequence=4","https://scholar.google.com/scholar?q=related:y5imKuLTHesJ:scholar.google.com/&scioq=%22waist+circumference%22+nigeria&hl=en&as_sdt=0,5&as_ylo=2019&as_yhi=2019&as_vis=1"
0,"D Karuppiah, S Pathmanathan","Vitamin D supplementation in patients with type 2 diabetes",2019,"Sri Lanka Journal of Diabetes …","endocrinesl.org","http://www.endocrinesl.org/assets/downloads/SJDEM-2019-i2.pdf","",605,"2021-07-17 23:32:21","PDF","","","",,,,,0,0.00,0,2,2,"… Few years later we analyzed children along with their parents with their anthropometry along with the biochemical analytes. Maternal weight circumference strongly correlated with the waist circumference of the children, indicating an unhealthy phenotype …","http://www.endocrinesl.org/assets/downloads/SJDEM-2019-i2.pdf","https://scholar.google.com/scholar?q=related:uKUgS5N_VDsJ:scholar.google.com/&scioq=%22waist+circumference%22+nigeria&hl=en&as_sdt=0,5&as_ylo=2019&as_yhi=2019&as_vis=1"
10,"WK Bosu, JMK Aheto, E Zucchelli, ST Reilly","Determinants of systemic hypertension in older adults in Africa: a systematic review",2019,"BMC cardiovascular …","Springer","https://link.springer.com/article/10.1186/s12872-019-1147-7","https://scholar.google.com/scholar?cites=2201350445653725300&as_sdt=2005&sciodt=0,5&hl=en",606,"2021-07-17 23:32:21","HTML","10.1186/s12872-019-1147-7","","",,,,,10,5.00,3,4,2,"An estimated 55% of older adults in Africa have systemic hypertension, a major risk factor for stroke, heart failure and dementia in the region. The risk factors associated with hypertension in this population group in Africa have not been systematically evaluated. We, therefore, undertook …","https://link.springer.com/article/10.1186/s12872-019-1147-7","https://scholar.google.com/scholar?q=related:dJBWK5HEjB4J:scholar.google.com/&scioq=%22waist+circumference%22+nigeria&hl=en&as_sdt=0,5&as_ylo=2019&as_yhi=2019&as_vis=1"
21,"S Sarkar","Potentiality of probiotic yoghurt as a functional food–a review",2019,"Nutrition & Food Science","emerald.com","https://www.emerald.com/insight/content/doi/10.1108/NFS-05-2018-0139/full/html","https://scholar.google.com/scholar?cites=6512770468960060664&as_sdt=2005&sciodt=0,5&hl=en",607,"2021-07-17 23:32:21","","10.1108/NFS-05-2018-0139","","",,,,,21,10.50,21,1,2,"","https://www.researchgate.net/profile/Surajit-Sarkar-6/publication/327499750_Potentiality_of_probiotic_yoghurt_as_a_functional_food_-_a_review/links/5fb79151299bf104cf5fdaf5/Potentiality-of-probiotic-yoghurt-as-a-functional-food-a-review.pdf","https://scholar.google.com/scholar?q=related:-MQEQjwCYloJ:scholar.google.com/&scioq=%22waist+circumference%22+nigeria&hl=en&as_sdt=0,5&as_ylo=2019&as_yhi=2019&as_vis=1"
0,"E Malama, D Ndhlovu","Nutrition Education, Counselling and Assessment Support Approach for People Living with HIV and AIDS: A Literature Review",,"ijcar.net","","http://ijcar.net/assets/pdf/Vol6-No10-October2019/2.-Nutrition-Education-Counselling-and-Assessment-Support-Approach-for-People-Living-with-HIV-and-AIDS-A-Literature-Review.pdf","",608,"2021-07-17 23:32:21","PDF","","","",,,,,0,0.00,0,2,,"… body composition, height, weight, weight change, body mass index (BMI), mid-upper arm circumference (MUAC), waist circumference, waist-to-hip ratio, and lean and fat tissue … A cross section descriptive study in Nigeria by (Banwat: 2014) reported that a good knowledge …","http://ijcar.net/assets/pdf/Vol6-No10-October2019/2.-Nutrition-Education-Counselling-and-Assessment-Support-Approach-for-People-Living-with-HIV-and-AIDS-A-Literature-Review.pdf","https://scholar.google.com/scholar?q=related:EckkyGikbukJ:scholar.google.com/&scioq=%22waist+circumference%22+nigeria&hl=en&as_sdt=0,5&as_ylo=2019&as_yhi=2019&as_vis=1"
0,"ID Ozodiegwu","The Prevalence and Context of Adult Female Overweight and Obesity in Sub-Saharan Africa",2019,"","search.proquest.com","https://search.proquest.com/openview/1151e5b3f7e0f43ea9a69747ed6437a9/1?pq-origsite=gscholar&cbl=44156","",609,"2021-07-17 23:32:21","","","","",,,,,0,0.00,0,1,2,"… 35 Page 10. 8 Anthropometric Indicators – Waist Circumference, Waist-Hip Ratio and Waist-Height … among Women, 18 Years and Older in Nigeria……………138 … Nigerian LGAs Overlapped with Relative Uncertainty (2013)…………163 …","https://dc.etsu.edu/cgi/viewcontent.cgi?article=5018&context=etd","https://scholar.google.com/scholar?q=related:POkd1BK9olIJ:scholar.google.com/&scioq=%22waist+circumference%22+nigeria&hl=en&as_sdt=0,5&as_ylo=2019&as_yhi=2019&as_vis=1"
0,"B Kalayci, T Karabağ, S Kalaycı, YT Erten…","Effect of Vitamin D and parathyroid hormone levels on the coronary slow-flow phenomenon",2019,"Nigerian journal of …","njcponline.com","https://www.njcponline.com/article.asp?issn=1119-3077;year=2019;volume=22;issue=9;spage=1201;epage=1207;aulast=Kalayci","",610,"2021-07-17 23:32:21","HTML","","","",,,,,0,0.00,0,5,2,"… There was no statistically significant difference in hypertension, gender, BMI, waist circumference, systolic blood pressure, or diastolic blood pressure between the groups … Nigerian Journal of Clinical Practice | Published by Wolters Kluwer - Medknow …","https://www.njcponline.com/article.asp?issn=1119-3077;year=2019;volume=22;issue=9;spage=1201;epage=1207;aulast=Kalayci","https://scholar.google.com/scholar?q=related:3kETNSmCVk4J:scholar.google.com/&scioq=%22waist+circumference%22+nigeria&hl=en&as_sdt=0,5&as_ylo=2019&as_yhi=2019&as_vis=1"
3,"F Mashili, S Aboud, M Mchembe, F Chiwanga…","Prospective exploration of the effect of adiposity and associated microbial factors on healing and progression of diabetic foot ulcers in Tanzania: study …",2019,"BMJ open","bmjopen.bmj.com","https://bmjopen.bmj.com/content/9/12/e031896.abstract","https://scholar.google.com/scholar?cites=11672460319985611420&as_sdt=2005&sciodt=0,5&hl=en",611,"2021-07-17 23:32:21","HTML","","","",,,,,3,1.50,1,5,2,"Skip to main content. Viewing from: Google Indexer. BMJ Journals. Log In More …","https://bmjopen.bmj.com/content/9/12/e031896.abstract","https://scholar.google.com/scholar?q=related:nLKVU9Ho_KEJ:scholar.google.com/&scioq=%22waist+circumference%22+nigeria&hl=en&as_sdt=0,5&as_ylo=2019&as_yhi=2019&as_vis=1"
6,"M Kazemi, S Buddemeyer, CM Fassett, WM Gans…","Pulses and prevention and management of chronic disease",2019,"Health benefits of …","Springer","https://link.springer.com/chapter/10.1007/978-3-030-12763-3_5","https://scholar.google.com/scholar?cites=148181990821969497&as_sdt=2005&sciodt=0,5&hl=en",612,"2021-07-17 23:32:21","","10.1007/978-3-030-12763-3_5","","",,,,,6,3.00,1,5,2,"… 2018). In adults, intake of plant proteins, including pulses and soy, were inversely associated with BMI and waist circumference (Lin et al. 2011). Data from the US National Health and Nutrition Examination Survey (NHANES …","","https://scholar.google.com/scholar?q=related:Wb4NTbxyDgIJ:scholar.google.com/&scioq=%22waist+circumference%22+nigeria&hl=en&as_sdt=0,5&as_ylo=2019&as_yhi=2019&as_vis=1"
1,"ДП Цыганкова, КЕ Кривошапова…","Ожирение и артериальная гипертензия: роль критериев",2019,"Системные …","cyberleninka.ru","https://cyberleninka.ru/article/n/18242333","https://scholar.google.com/scholar?cites=12693569949676892658&as_sdt=2005&sciodt=0,5&hl=en",613,"2021-07-17 23:32:21","HTML","","","",,,,,1,0.50,0,3,2,"… Statistical processing of data was carried out using the application programs Statistica 6.0. The presence of obesity by various criteria: body mass index (BMI), waist/hip ratio (WC/HC), waist circumference (WC), visceral fat (LV) level, visceral obesity index (IVO). Results …","https://cyberleninka.ru/article/n/18242333","https://scholar.google.com/scholar?q=related:8nEQpp2eKLAJ:scholar.google.com/&scioq=%22waist+circumference%22+nigeria&hl=en&as_sdt=0,5&as_ylo=2019&as_yhi=2019&as_vis=1"
0,"SS SS, SHR SHR, AP AP, LHÄ LHÄ, TJ TJ, KHA KA…","Associations between adult height and type 2 diabetes mellitus–a systematic review and meta-analysis of observational studies",2019,"","research.regionh.dk","https://research.regionh.dk/files/57167096/JECH_20190311_Associations_between_adult_height_and_T2DM_repository.pdf","",614,"2021-07-17 23:32:21","PDF","","","",,,,,0,0.00,0,7,2,"… Olatunbosun & Bella, 2000 33 M: 581 W: 417 N/R Nigeria Height (cm) Glucose intolerance N/R M+W combined: OR=0.01, (95%CI N/R … cm) Incident diabetes M: 85 W: 139 6 M: HR=1.02 (95%CI: 0.69, 1.50) W: HR=0.71 (95%CI: 0.52, 0.96) Age, waist circumference, family history …","https://research.regionh.dk/files/57167096/JECH_20190311_Associations_between_adult_height_and_T2DM_repository.pdf","https://scholar.google.com/scholar?q=related:F8_dCdWtXfIJ:scholar.google.com/&scioq=%22waist+circumference%22+nigeria&hl=en&as_sdt=0,5&as_ylo=2019&as_yhi=2019&as_vis=1"
1,"乔晓彤, 陈潇潇, 林海江, 宁晨曦, 许圆圆, 沈伟伟…","男性 HIV 阳性者与 HIV 阴性对照者饮酒现状及其影响因素",2019,"中华流行病学 …","html.rhhz.net","http://html.rhhz.net/zhlxbx/20190501.htm","https://scholar.google.com/scholar?cites=9076000660564446394&as_sdt=2005&sciodt=0,5&hl=en",615,"2021-07-17 23:32:21","HTML","","","",,,,,1,0.50,0,7,2,"… Relationship between hypertension and body mass index, waist circumference and waist-hip ratio in middle-aged and elderly residents[J]. Chin J … Depression, suicidality, and alcohol use disorder among people living with HIV/AIDS in Nigeria[J]. BMC Public Health, 2017, 17(1 …","http://html.rhhz.net/zhlxbx/20190501.htm","https://scholar.google.com/scholar?q=related:uownmoNu9H0J:scholar.google.com/&scioq=%22waist+circumference%22+nigeria&hl=en&as_sdt=0,5&as_ylo=2019&as_yhi=2019&as_vis=1"
1,"WB Park, HS Cho, MG Lee","Effects of 12 weeks of high intensity circuit training on abdominal fat, physical fitness, blood lipids, and insulin resistance in middle-aged obese women",2019,"Korean Journal of Sport …","pdfs.semanticscholar.org","https://pdfs.semanticscholar.org/6c73/87adb89fe6885af208853703dee09d6131b0.pdf","https://scholar.google.com/scholar?cites=8435774428010375396&as_sdt=2005&sciodt=0,5&hl=en",616,"2021-07-17 23:32:21","PDF","","","",,,,,1,0.50,0,3,2,"… [Results] Main findings of the pre- sent study were as follows: 1) compared to the CON group, the TR group had significant reductions in overall (ie, body mass index and percent body fat) and abdominal obesity (ie, waist circumference, total abdominal fat area, visceral fat area …","https://pdfs.semanticscholar.org/6c73/87adb89fe6885af208853703dee09d6131b0.pdf","https://scholar.google.com/scholar?q=related:5OjhyiXkEXUJ:scholar.google.com/&scioq=%22waist+circumference%22+nigeria&hl=en&as_sdt=0,5&as_ylo=2019&as_yhi=2019&as_vis=1"
3,"LM Agraib, M Azab, AE Al-Shudifat, SS Allehdan…","Dietary inflammatory index and odds of coronary artery disease in a case-control study from Jordan",2019,"Nutrition","Elsevier","https://www.sciencedirect.com/science/article/pii/S0899900718305392","https://scholar.google.com/scholar?cites=13080865146783042540&as_sdt=2005&sciodt=0,5&hl=en",617,"2021-07-17 23:32:21","","","","",,,,,3,1.50,1,5,2,"… Height and waist circumference were measured to the nearest 1cm with participants in standing position without shoes using a calibrated portable measuring rod. Dietary intake. Dietary data were collected from 400 participants who met the inclusion exclusion criteria …","","https://scholar.google.com/scholar?q=related:7IvKrIuRiLUJ:scholar.google.com/&scioq=%22waist+circumference%22+nigeria&hl=en&as_sdt=0,5&as_ylo=2019&as_yhi=2019&as_vis=1"
0,"AK Park","Self-monitoring of Blood Glucose Among Type-2 Diabetic Patients: An Analytical Cross-Sectional Study",,"MIDDLE EAST JOURNAL OF FAMILY MEDICINE","mejfm.com","http://mejfm.com/March%202019%20WFM/March%202019%20WFM.pdf","",618,"2021-07-17 23:32:21","PDF","","","",,,,,0,0.00,0,1,,"… April 2018. All the study group undergo full clinical history and examina- tion includes measurement of BP and waist circumference and the following laboratory investigation ( FBS , serum TG , HDL , and LDL ). the prevalence …","http://mejfm.com/March%202019%20WFM/March%202019%20WFM.pdf","https://scholar.google.com/scholar?q=related:9Tc0CRMqgHoJ:scholar.google.com/&scioq=%22waist+circumference%22+nigeria&hl=en&as_sdt=0,5&as_ylo=2019&as_yhi=2019&as_vis=1"
0,"AM Heydari Gorgi, A Pahnabi","The Study of musculoskeletal disorders associated with labor in midwives working in educational centers of Mazandaran University of Medical Sciences",2019,"Tabari Biomedical Student …","tbsrj.mazums.ac.ir","http://tbsrj.mazums.ac.ir/browse.php?a_code=A-10-3481-1&slc_lang=en&sid=1","",619,"2021-07-17 23:32:21","","","","",,,,,0,0.00,0,2,2,"… In Nigeria, the prevalence of musculoskeletal disorders was observed in the waist circumference (44.1%), neck (28%) and the knee (22.4%). Also, in the study of Ashiyat K and colleagues the low back pain was reported in the most common musculoskeletal disorders [30] …","http://tbsrj.mazums.ac.ir/files/site1/user_files_d258bd/solaleramzani-A-10-3481-1-e799bc2.pdf","https://scholar.google.com/scholar?q=related:fh-d_yW4kgwJ:scholar.google.com/&scioq=%22waist+circumference%22+nigeria&hl=en&as_sdt=0,5&as_ylo=2019&as_yhi=2019&as_vis=1"
0,"J Omile","Staff education on Metabolic Syndrome in Patients Taking Antipsychotic Medications",2019,"","search.proquest.com","https://search.proquest.com/openview/39979aea382d42cd5363a726aaf50cb3/1?pq-origsite=gscholar&cbl=18750&diss=y","",620,"2021-07-17 23:32:21","","","","",,,,,0,0.00,0,1,2,"… type two diabetes. High values of blood pressure, cholesterol, blood sugar, and increased waist circumference should be warning signs for the development of MetS. Individuals … Waist circumference (at the level of the umbilicus) . Blood pressure . Fasting plasma glucose …","https://scholarworks.waldenu.edu/cgi/viewcontent.cgi?article=8599&context=dissertations","https://scholar.google.com/scholar?q=related:dX4uHrAq5sEJ:scholar.google.com/&scioq=%22waist+circumference%22+nigeria&hl=en&as_sdt=0,5&as_ylo=2019&as_yhi=2019&as_vis=1"
0,"EA Gatea, IAA Hamdan…","Effect of Polycystic Ovarian Syndrome on the Lipid Profile and sexual Hormones",2019,"Journal of Pharmaceutical …","researchgate.net","https://www.researchgate.net/profile/Israa-Abd-Alhassan-Hamdan/publication/335753303_Effect_of_Polycystic_Ovarian_Syndrome_on_the_Lipid_Profile_and_sexual_Hormones/links/5d793930299bf1cb80996daa/Effect-of-Polycystic-Ovarian-Syndrome-on-the-Lipid-Profile-and-sexual-Hormones.pdf","",621,"2021-07-17 23:32:21","PDF","","","",,,,,0,0.00,0,3,2,"… Central obesity was calculated by dividing by waist circumference (cm) by height [17] … A.; and Oti Wilberforce, JO2016.Investigation Of Levels Of Luteinizing Hormone And Follicular Stimulating Hormone Among Women With Polycystic Ovary Syndrome In Abakaliki, Nigeria …","https://www.researchgate.net/profile/Israa-Abd-Alhassan-Hamdan/publication/335753303_Effect_of_Polycystic_Ovarian_Syndrome_on_the_Lipid_Profile_and_sexual_Hormones/links/5d793930299bf1cb80996daa/Effect-of-Polycystic-Ovarian-Syndrome-on-the-Lipid-Profile-and-sexual-Hormones.pdf","https://scholar.google.com/scholar?q=related:sN5-hlOlw8gJ:scholar.google.com/&scioq=%22waist+circumference%22+nigeria&hl=en&as_sdt=0,5&as_ylo=2019&as_yhi=2019&as_vis=1"
0,"HAA Al-Daghir","www. muthjm. com Muthanna Medical Journal",,"iasj.net","","https://www.iasj.net/iasj/download/60d8af9f13287bff","",622,"2021-07-17 23:32:21","PDF","","","",,,,,0,0.00,0,1,,"… Lipodystrophy 6 (2.4 %) Polycystic ovaries 2 (0.8%) Acanthosis Nigerians 0 % PAD 12 (4.8%) … In the IPC population, we found that the most deleterious associations pertaining to all-cause mortality risk were, regardless of definition used, elevated waist circumference, glycaemia …","https://www.iasj.net/iasj/download/60d8af9f13287bff","https://scholar.google.com/scholar?q=related:4TleBwG6UBMJ:scholar.google.com/&scioq=%22waist+circumference%22+nigeria&hl=en&as_sdt=0,5&as_ylo=2019&as_yhi=2019&as_vis=1"
1,"M Bjerregaard-Andersen, GM Gomes…","The Guinea-Bissau Twin Registry Update: A Platform for Studying Twin Mortality and Metabolic Disease",2019,"Twin Research and …","cambridge.org","https://www.cambridge.org/core/journals/twin-research-and-human-genetics/article/guineabissau-twin-registry-update-a-platform-for-studying-twin-mortality-and-metabolic-disease/E5B3682F7EF6C8EAAD5699035480F43C","https://scholar.google.com/scholar?cites=3169993420531825452&as_sdt=2005&sciodt=0,5&hl=en",623,"2021-07-17 23:32:21","","","","",,,,,1,0.50,0,3,2,"… waist circumference, blood pressure, F-glucose and levels of tri- glycerides and HDL cholesterol to define the MS, we found an MS prevalence of 3.0% (11/364) among twins and 3.6% (13/360 … Frequency of twinning in southwest Nigeria … The Nigerian twin and sibling registry …","https://www.cambridge.org/core/services/aop-cambridge-core/content/view/E5B3682F7EF6C8EAAD5699035480F43C/S1832427419000392a.pdf/the-guinea-bissau-twin-registry-update-a-platform-for-studying-twin-mortality-and-metabolic-disease.pdf","https://scholar.google.com/scholar?q=related:LPsfezgU_isJ:scholar.google.com/&scioq=%22waist+circumference%22+nigeria&hl=en&as_sdt=0,5&as_ylo=2019&as_yhi=2019&as_vis=1"
0,"M Rahimi, M Lu","Analysis of the Risk Factors and their Association with Diabetes among Population of African-Americans",2019,"","frenxiv.org","https://frenxiv.org/frb96/","",624,"2021-07-17 23:32:21","","","","",,,,,0,0.00,0,2,2,"… This condition, called Acanthosis Nigerians, may be a sign of insulin resistance (Mayo Foundation for Medical Education … A 7‐year prospective study showed that the waist circumference is the best predictor of noninsulin dependent diabetes mellitus (NIDDM) compared …","https://frenxiv.org/frb96/download?format=pdf","https://scholar.google.com/scholar?q=related:UGgeoKPpn0cJ:scholar.google.com/&scioq=%22waist+circumference%22+nigeria&hl=en&as_sdt=0,5&as_ylo=2019&as_yhi=2019&as_vis=1"
0,"DE Simangunsong","Pemberdayaan Berbasis Health Belief dalam Mengelola Pola Makan Seimbang Sebagai Upaya Pengendalian Keluhan Klimakterium",2019,"Jurnal Penelitian Kesehatan SUARA …","forikes-ejournal.com","http://www.forikes-ejournal.com/index.php/SF/article/view/422","",625,"2021-07-17 23:32:21","","","","",,,,,0,0.00,0,1,2,"… DAFTAR PUSTAKA 1. Achie LN, Olorunshola KV, Toryila JE, Tende JA. The Body Mass Index, Waist Circumference and Blood Pressure of Postmenopausal Women in Zaria, Northern Nigeria; Current Research Journal of Biological Science. 2012;4(3):329-332 …","http://www.forikes-ejournal.com/index.php/SF/article/download/sf10209/10209","https://scholar.google.com/scholar?q=related:1iSfv57CuxgJ:scholar.google.com/&scioq=%22waist+circumference%22+nigeria&hl=en&as_sdt=0,5&as_ylo=2019&as_yhi=2019&as_vis=1"
3,"AA Oumar, M Dakouo, A Tchibozo…","Antiretroviral-induced adverse drug reactions in HIV-infected patients in Mali: a resource-limited setting experience",2019,"… journal of basic and …","ncbi.nlm.nih.gov","https://www.ncbi.nlm.nih.gov/pmc/articles/PMC6931397/","https://scholar.google.com/scholar?cites=2522902693107410889&as_sdt=2005&sciodt=0,5&hl=en",626,"2021-07-17 23:32:21","HTML","","","",,,,,3,1.50,1,4,2,"… Metabolic side effects was defined using IDF 2005 criteria, which included waist circumference ≥94 cm in men or ≥80 cm in women … KA, Akpoigbe KJ, Chabikuli O, Hamelmann C Adverse drug reactions to antiretroviral therapy (ARVs): incidence, type and risk factors in Nigeria …","https://www.ncbi.nlm.nih.gov/pmc/articles/PMC6931397/","https://scholar.google.com/scholar?q=related:ySeL6aEmAyMJ:scholar.google.com/&scioq=%22waist+circumference%22+nigeria&hl=en&as_sdt=0,5&as_ylo=2019&as_yhi=2019&as_vis=1"
0,"L Jadresic, S Kinra, D Nitsch","Can childhood obesity influence later CKD?",,"core.ac.uk","","https://core.ac.uk/download/pdf/161818254.pdf","",627,"2021-07-17 23:32:21","PDF","","","",,,,,0,0.00,0,3,,"… Other measures such as waist circumference and waist to … Patel HP, Saland JM, Ng DK, Jiang S, Warady BA, Furth SL, Flynn JT (2017) Waist Circumference and Body Mass Index in Children with Chronic Kidney Disease and Metabolic, Cardiovascular, and Renal Outcomes …","https://core.ac.uk/download/pdf/161818254.pdf","https://scholar.google.com/scholar?q=related:GtlmiVQU1wMJ:scholar.google.com/&scioq=%22waist+circumference%22+nigeria&hl=en&as_sdt=0,5&as_ylo=2019&as_yhi=2019&as_vis=1"
1,"S Amini, S Jafarirad, R Amani, MS Bargard…","The relationship between dietary intakes during pregnancy and incidence of postpartum depression: a case-control study",2019,"Nutrition & Food …","emerald.com","https://www.emerald.com/insight/content/doi/10.1108/NFS-07-2019-0229/full/html","https://scholar.google.com/scholar?cites=9913519932446359383&as_sdt=2005&sciodt=0,5&hl=en",628,"2021-07-17 23:32:21","","10.1108/NFS-07-2019-0229","","",,,,,1,0.50,0,5,2,"","","https://scholar.google.com/scholar?q=related:Vz84v9rlk4kJ:scholar.google.com/&scioq=%22waist+circumference%22+nigeria&hl=en&as_sdt=0,5&as_ylo=2019&as_yhi=2019&as_vis=1"
3,"C Bo, Y Jie, GX E, FG Chuan…","A method for estimating fetal weight based on body composition",2019,"The Journal of Maternal …","Taylor & Francis","https://www.tandfonline.com/doi/abs/10.1080/14767058.2018.1459555","https://scholar.google.com/scholar?cites=4772862142036569112&as_sdt=2005&sciodt=0,5&hl=en",629,"2021-07-17 23:32:21","","10.1080/14767058.2018.1459555","","",,,,,3,1.50,1,5,2,"… Liu et al. [7] estimated the fetal weight by using the palace * based high waist circumference, which took into account the influence of abdominal wall fat thickness as well as the level of exposure. It is very difficult to measure the thickness of abdominal wall before delivery …","","https://scholar.google.com/scholar?q=related:GOz_mdScPEIJ:scholar.google.com/&scioq=%22waist+circumference%22+nigeria&hl=en&as_sdt=0,5&as_ylo=2019&as_yhi=2019&as_vis=1"
877,"M Blüher","Obesity: global epidemiology and pathogenesis",2019,"Nature Reviews Endocrinology","nature.com","https://www.nature.com/articles/s41574-019-0176-8?s=03","https://scholar.google.com/scholar?cites=1847902104398871879&as_sdt=2005&sciodt=0,5&hl=en",630,"2021-07-17 23:32:21","","","","",,,,,877,438.50,877,1,2,"The prevalence of obesity has increased worldwide in the past ~50 years, reaching pandemic levels. Obesity represents a major health challenge because it substantially increases the risk of diseases such as type 2 diabetes mellitus, fatty liver disease, hypertension, myocardial …","","https://scholar.google.com/scholar?q=related:Rz1kYCwRpRkJ:scholar.google.com/&scioq=%22waist+circumference%22+nigeria&hl=en&as_sdt=0,5&as_ylo=2019&as_yhi=2019&as_vis=1"
0,"H Nakitende","Assessment of knowledge and consumption patterns of fibre rich foods among diabetic patients aged 18 years and above at kiruddu hospital",2019,"","dissertations.mak.ac.ug","http://dissertations.mak.ac.ug/handle/20.500.12281/6610","",631,"2021-07-17 23:32:21","","","","",,,,,0,0.00,0,1,2,"… 23 Figure 3: Waist circumference of the respondents and blood sugar levels……………24 … Page 17. 6 Nigeria, South Africa and Uganda and a very high prevalence (> 10%) was recorded in Zimbabwe (Hendrickson, 2011) …","http://dissertations.mak.ac.ug/bitstream/handle/20.500.12281/6610/HAJARAH_CAES_HUM.pdf?sequence=2&isAllowed=y","https://scholar.google.com/scholar?q=related:Y2ishcwX8hMJ:scholar.google.com/&scioq=%22waist+circumference%22+nigeria&hl=en&as_sdt=0,5&as_ylo=2019&as_yhi=2019&as_vis=1"
1,"K Atta, S Zia, F Jabeen","Impact of Anthropometric Parameters on Peak Expiratory Flow Rate",2019,"Journal of Aziz Fatimah Medical & …","journal.afmdc.edu.pk","http://www.journal.afmdc.edu.pk/index.php/AFMDC/article/view/55","https://scholar.google.com/scholar?cites=6362934041760642436&as_sdt=2005&sciodt=0,5&hl=en",632,"2021-07-17 23:32:21","","","","",,,,,1,0.50,0,3,2,"… 5. Wehrmeister FC Menezes AMB, Muniz LC, -Mesa JM, Domingues MR, Horta B L. Waist circumference and pulmonary function: a systematic review and … Effects of socio-demographic and nutritional status on Peak Expiratory Flow Rates of rural school children in Ilesa, Nigeria …","http://www.journal.afmdc.edu.pk/index.php/AFMDC/article/download/55/32","https://scholar.google.com/scholar?q=related:hDVieMyuTVgJ:scholar.google.com/&scioq=%22waist+circumference%22+nigeria&hl=en&as_sdt=0,5&as_ylo=2019&as_yhi=2019&as_vis=1"
1,"L Barua, M Faruque, PC Banik, L Ali","Concordance between two versions of world health organization/international society of hypertension risk prediction chart and framingham risk score among …",2019,"Indian journal of public health","ijph.in","https://www.ijph.in/article.asp?issn=0019-557X;year=2019;volume=63;issue=2;spage=101;epage=106;aulast=Barua","https://scholar.google.com/scholar?cites=9103220919447737759&as_sdt=2005&sciodt=0,5&hl=en",633,"2021-07-17 23:32:21","HTML","","","",,,,,1,0.50,0,4,2,"… [7] The sample size was determined using a CVD risk prevalence resulted from a study conducted among postmenopausal women of Nigeria … [9] Physical measurements (height, weight, waist circumference, hip circumference, and blood pressure [BP]) were carried out …","https://www.ijph.in/article.asp?issn=0019-557X;year=2019;volume=63;issue=2;spage=101;epage=106;aulast=Barua","https://scholar.google.com/scholar?q=related:n1WW_zEjVX4J:scholar.google.com/&scioq=%22waist+circumference%22+nigeria&hl=en&as_sdt=0,5&as_ylo=2019&as_yhi=2019&as_vis=1"
13,"E Cohen, PJL Gradidge, A Ndao, P Duboz…","Biocultural determinants of overweight and obesity in the context of nutrition transition in Senegal: a holistic anthropological approach",2019,"Journal of biosocial …","cambridge.org","https://www.cambridge.org/core/journals/journal-of-biosocial-science/article/biocultural-determinants-of-overweight-and-obesity-in-the-context-of-nutrition-transition-in-senegal-a-holistic-anthropological-approach/F9DB939E1941DA03DEB3150B941DB071","https://scholar.google.com/scholar?cites=5037503693557959564&as_sdt=2005&sciodt=0,5&hl=en",634,"2021-07-17 23:32:21","","","","",,,,,13,6.50,3,5,2,"… for stoutness (overweight/obesity) seems to remain in these obesogenic areas, as observed in Ghana, Cameroon and Nigeria (Appiah et al … Hip circumference and waist circumference were measured to the nearest millimetre in a standing position using a non-stretchable tape …","https://eprints.whiterose.ac.uk/138304/1/paper.pdf","https://scholar.google.com/scholar?q=related:jIs9YevO6EUJ:scholar.google.com/&scioq=%22waist+circumference%22+nigeria&hl=en&as_sdt=0,5&as_ylo=2019&as_yhi=2019&as_vis=1"
0,"F Restutiwati, EA Murbawani…","KUALITAS DIET, AKTIVITAS FISIK, DAN STATUS GIZI PADA PEROKOK DEWASA AWAL",2019,"Journal of Nutrition …","ejournal3.undip.ac.id","https://ejournal3.undip.ac.id/index.php/jnc/article/view/25805","",635,"2021-07-17 23:32:21","","","","",,,,,0,0.00,0,3,2,"… quality was obtained by the Semi Quantitative-Food Frequency Questionniare (SQ-FFQ) method, physical activity obtained by the International Physical Activity Questionnaire-Short Form (IPAQ-SF) method, and nutritional status was measured using waist circumference and/or …","https://ejournal3.undip.ac.id/index.php/jnc/article/download/25805/23009","https://scholar.google.com/scholar?q=related:RLinwkZdCHQJ:scholar.google.com/&scioq=%22waist+circumference%22+nigeria&hl=en&as_sdt=0,5&as_ylo=2019&as_yhi=2019&as_vis=1"
0,"G Franck, CD Joseph","Associated Factors to Nutritional Status and Infant and Young Child Feeding (IYCF) Practices in Rural Area of Burkina Faso: A Study in Ouargaye Health District",2019,"American Journal of Pediatrics","researchgate.net","https://www.researchgate.net/profile/Baperman-Abdel-Aziz-Siri/publication/334259531_Associated_Factors_to_Nutritional_Status_and_Infant_and_Young_Child_Feeding_IYCF_Practices_in_Rural_Area_of_Burkina_Faso_A_Study_in_Ouargaye_Health_District/links/5d1f4398458515c11c13a7aa/Associated-Factors-to-Nutritional-Status-and-Infant-and-Young-Child-Feeding-IYCF-Practices-in-Rural-Area-of-Burkina-Faso-A-Study-in-Ouargaye-Health-District.pdf","",636,"2021-07-17 23:32:21","PDF","","","",,,,,0,0.00,0,2,2,"… obesity. c) Mother's Waist circumference was used as measures of abdominal obesity, defined as a waist circumference> 88 cm … 1.58 ) Cement 90 14.4 1 90 20 1 90 13.3 1 Mother's Waist circumference (cm) 0.722 0.95 0.716 …","https://www.researchgate.net/profile/Baperman-Abdel-Aziz-Siri/publication/334259531_Associated_Factors_to_Nutritional_Status_and_Infant_and_Young_Child_Feeding_IYCF_Practices_in_Rural_Area_of_Burkina_Faso_A_Study_in_Ouargaye_Health_District/links/5d1f4398458515c11c13a7aa/Associated-Factors-to-Nutritional-Status-and-Infant-and-Young-Child-Feeding-IYCF-Practices-in-Rural-Area-of-Burkina-Faso-A-Study-in-Ouargaye-Health-District.pdf","https://scholar.google.com/scholar?q=related:yKZLRWq7PHYJ:scholar.google.com/&scioq=%22waist+circumference%22+nigeria&hl=en&as_sdt=0,5&as_ylo=2019&as_yhi=2019&as_vis=1"
0,"S Syarifuddin, A Nasution, A Dalimunthe","Khairunnisa. Impact of Pharmacist Intervention on Improving the Quality of Life of Patients with Type 2 Diabetes Mellitus. Open Access Maced J Med Sci. 2019 …",2019,"","core.ac.uk","https://core.ac.uk/download/pdf/199186716.pdf","",637,"2021-07-17 23:32:21","PDF","","","",,,,,0,0.00,0,3,2,"… centre in Medan, Indonesia [16], in the rural areas of Kumarapalayam, India [17] and Alimosho general hospital, Nigeria [18] … The researchers also reported that blood glucose concentration, body mass index, and waist circumference were significantly improved (p < 0.05) [28] …","https://core.ac.uk/download/pdf/199186716.pdf","https://scholar.google.com/scholar?q=related:XtghHC272WMJ:scholar.google.com/&scioq=%22waist+circumference%22+nigeria&hl=en&as_sdt=0,5&as_ylo=2019&as_yhi=2019&as_vis=1"
8,"W Ni, R Weng, X Yuan, D Lv, J Song, H Chi, H Liu…","Clustering of cardiovascular disease biological risk factors among older adults in Shenzhen City, China: a cross-sectional study",2019,"BMJ open","bmjopen.bmj.com","https://bmjopen.bmj.com/content/9/3/e024336.abstract","https://scholar.google.com/scholar?cites=10257195134698253115&as_sdt=2005&sciodt=0,5&hl=en",638,"2021-07-17 23:32:21","","","","",,,,,8,4.00,1,8,2,"… We asked the participants to complete a questionnaire, provide a fasting blood sample and attend physical examinations including measurement of weight, height, waist circumference (WC), systolic blood pressure (SBP) or diastolic blood pressure (DBP) …","https://bmjopen.bmj.com/content/bmjopen/9/3/e024336.full.pdf","https://scholar.google.com/scholar?q=related:O-uNS6HgWI4J:scholar.google.com/&scioq=%22waist+circumference%22+nigeria&hl=en&as_sdt=0,5&as_ylo=2019&as_yhi=2019&as_vis=1"
7,"X Qiao, H Lin, X Chen, C Ning, K Wang, W Shen…","Sex differences in neurocognitive screening among adults living with HIV in China",2019,"Journal of …","Springer","https://link.springer.com/article/10.1007/s13365-019-00727-0","https://scholar.google.com/scholar?cites=11292727109891222022&as_sdt=2005&sciodt=0,5&hl=en",639,"2021-07-17 23:32:21","","10.1007/s13365-019-00727-0","","",,,,,7,3.50,1,7,2,"HIV-infected (HIV+) women may be more vulnerable to neurocognitive impairment (NCI) due to psychological and physiological factors but previous studies sho.","","https://scholar.google.com/scholar?q=related:Bmp9mnnTt5wJ:scholar.google.com/&scioq=%22waist+circumference%22+nigeria&hl=en&as_sdt=0,5&as_ylo=2019&as_yhi=2019&as_vis=1"
0,"M David Roldan","Investigating factors associated with raised blood pressure in New Zealand school children: a thesis presented in partial fulfilment of the requirements for the degree of …",2019,"","mro.massey.ac.nz","https://mro.massey.ac.nz/handle/10179/15413","",640,"2021-07-17 23:32:21","","","","",,,,,0,0.00,0,1,2,"… Methods: We examined cross-sectional data for school children participating in The Children's Bone Study. Anthropometric measures included weight, height, BMI, waist circumference and percent body fat … US United States WC Waist circumference WHtR Waist-to-height ratio …","https://mro.massey.ac.nz/bitstream/handle/10179/15413/David%20RoldanMScThesis.pdf?sequence=1","https://scholar.google.com/scholar?q=related:9KwtcamwovkJ:scholar.google.com/&scioq=%22waist+circumference%22+nigeria&hl=en&as_sdt=0,5&as_ylo=2019&as_yhi=2019&as_vis=1"
12,"FS Sarfo, P Berchie, A Singh, M Nichols…","Prevalence, trajectory, and predictors of poststroke fatigue among Ghanaians",2019,"Journal of Stroke and …","Elsevier","https://www.sciencedirect.com/science/article/pii/S1052305719300461","https://scholar.google.com/scholar?cites=12746167625238238252&as_sdt=2005&sciodt=0,5&hl=en",641,"2021-07-17 23:32:21","","","","",,,,,12,6.00,2,5,2,"… Systolic BP, mean ± SD, 153.7 ± 21.8, 137.3 ± 27.8, 143.8 ± 26.6, .02. Diastolic BP, mean ± SD, 94.8 ± 13.4, 87.7 ± 16.4, 90.5 ± 15.5, .08. Waist circumference, mean ± SD, 93.3 ± 12.4, 91.0 ± 11.6, 91.9 ± 11.9, .48. Body mass index, mean ± SD, 27.7 ± 5.2, 26.2 ± 5.6, 26.8 ± 5.5, .33 …","https://www.sciencedirect.com/science/article/am/pii/S1052305719300461","https://scholar.google.com/scholar?q=related:LNToTex747AJ:scholar.google.com/&scioq=%22waist+circumference%22+nigeria&hl=en&as_sdt=0,5&as_ylo=2019&as_yhi=2019&as_vis=1"
4,"O Putcharoen, S Pleumkanitkul, A Chutinet…","Comparable carotid intima-media thickness among long-term virologically suppressed individuals with HIV and those without HIV in Thailand",2019,"Journal of virus …","ncbi.nlm.nih.gov","https://www.ncbi.nlm.nih.gov/pmc/articles/PMC6362911/","https://scholar.google.com/scholar?cites=12420492814564008159&as_sdt=2005&sciodt=0,5&hl=en",642,"2021-07-17 23:32:21","HTML","","","",,,,,4,2.00,1,4,2,"… Median body weight (kg, IQR), 59.00 (53–66), 63 (56–70), 0.124. Median BMI (kg/m 2 , IQR), 22.70 (20.6–24.3), 24.41 (21.3–25.7), 0.069. Median waist circumference (cm, IQR), 84.25 (79–89), 85.75 (81–90), 0.413. Median hip circumference (cm, IQR), 92.25 (89–98), 96 (93–98) …","https://www.ncbi.nlm.nih.gov/pmc/articles/PMC6362911/","https://scholar.google.com/scholar?q=related:3yBhg2h0XqwJ:scholar.google.com/&scioq=%22waist+circumference%22+nigeria&hl=en&as_sdt=0,5&as_ylo=2019&as_yhi=2019&as_vis=1"
1,"S Monakali, D Ter Goon, E Seekoe…","A Cross-Sectional Survey of the Prevalence and Determinants of Overweight and Obesity Among Primary Healthcare Professional Nurses In Eastern Cape …",2019,"Global Journal of …","pdfs.semanticscholar.org","https://pdfs.semanticscholar.org/e72e/bfdad1c6c41e8330862383ede39bb561a6ea.pdf","https://scholar.google.com/scholar?cites=5093642291932541613&as_sdt=2005&sciodt=0,5&hl=en",643,"2021-07-17 23:32:21","PDF","","","",,,,,1,0.50,0,4,2,"… (2013). Prevalence of overweight and obesity in adult Nigerians &ndash; a systematic review … Prevalence of obesity among Nigeria nurses: The Akwa Ibom state experience … (2011). Waist Circumference and Waist-Hip Ratio Report of a WHO Expert Consultation. Geneva. 2011 …","https://pdfs.semanticscholar.org/e72e/bfdad1c6c41e8330862383ede39bb561a6ea.pdf","https://scholar.google.com/scholar?q=related:rbKLX61AsEYJ:scholar.google.com/&scioq=%22waist+circumference%22+nigeria&hl=en&as_sdt=0,5&as_ylo=2019&as_yhi=2019&as_vis=1"
7,"HA Robinson, R Dam, L Hassan, D Jenkins…","Post-2000 growth trajectories in children aged 4–11 years: A review and quantitative analysis",2019,"Preventive medicine …","Elsevier","https://www.sciencedirect.com/science/article/pii/S2211335519300233","https://scholar.google.com/scholar?cites=3142470535013554069&as_sdt=2005&sciodt=0,5&hl=en",644,"2021-07-17 23:32:21","HTML","","","",,,,,7,3.50,1,5,2,"JavaScript is disabled on your browser. Please enable JavaScript to use all the features on this page. Skip to main content Skip to article …","https://www.sciencedirect.com/science/article/pii/S2211335519300233","https://scholar.google.com/scholar?q=related:lVedVE1MnCsJ:scholar.google.com/&scioq=%22waist+circumference%22+nigeria&hl=en&as_sdt=0,5&as_ylo=2019&as_yhi=2019&as_vis=1"
0,"PA Reyes-Castillo…","Trabajo Original Valoración nutricional",2019,"Nutrición …","nutricionhospitalaria.org","https://www.nutricionhospitalaria.org/magazines/filesPortalWeb/54#page=92","",645,"2021-07-17 23:32:21","PDF","","","",,,,,0,0.00,0,2,2,"… Comparison of body mass index (BMI), body adiposity index (BAI), waist circumference (WC), waist-to-hip ratio (WHR) and waist-to-height ratio (WHtR) as predictors of cardiovascular disease risk factors in an … Waist-hip ratio and breast cancer risk in urbanized Nigerian women …","https://www.nutricionhospitalaria.org/magazines/filesPortalWeb/54#page=92","https://scholar.google.com/scholar?q=related:FjqREDwnSxcJ:scholar.google.com/&scioq=%22waist+circumference%22+nigeria&hl=en&as_sdt=0,5&as_ylo=2019&as_yhi=2019&as_vis=1"
0,"DS Mabassa","Effets benefiques de la pratique gymnique aerobic chez des femmes menopausees a Brazzaville",2019,"Journal de la Recherche Scientifique de l'Université de …","ajol.info","https://www.ajol.info/index.php/jrsul/article/view/205985","",646,"2021-07-17 23:32:21","","","","",,,,,0,0.00,0,1,2,"… Postmenopausal women lost weight, body fat, reduced their body mass index, their waist circumference and their physical condition was improved … 30) Ghana (27) Kenya (29) Lesotho (1) Libya (2) Madagascar (1) Malawi (4) Mauritius (3) Mozambique (1) Nigeria (222) Rwanda …","",""
0,"DD Olana, AM Ayana…","Sleep quality and its associated factors among nurses in jimma zone public hospitals, Southwest Ethiopia, 2018",2019,"Sleep and Hypnosis …","sleepandhypnosis.org","http://www.sleepandhypnosis.org/ing/Pdf/c4d052b8c3b0480c86187f995dcbda7e.pdf","",647,"2021-07-17 23:32:21","PDF","","","",,,,,0,0.00,0,3,2,"… height in M2, blood pressure at sitting position from left arm three times and aver- age was taken after at least five minutes rest, waist circumference at the … Sleep quality among nurses in a tertiary hospital in North-West Nigeria. Nigerian Postgraduate Medical Journal, 24(3), 168 …","http://www.sleepandhypnosis.org/ing/Pdf/c4d052b8c3b0480c86187f995dcbda7e.pdf","https://scholar.google.com/scholar?q=related:TUj6sFVJHXgJ:scholar.google.com/&scioq=%22waist+circumference%22+nigeria&hl=en&as_sdt=0,5&as_ylo=2019&as_yhi=2019&as_vis=1"
10,"A Hussain, I Ali, WA Kaleem…","Correlation between Body Mass Index and Lipid Profile in patients with Type 2 Diabetes attending a tertiary care hospital in Peshawar",2019,"Pakistan journal of …","ncbi.nlm.nih.gov","https://www.ncbi.nlm.nih.gov/pmc/articles/PMC6572993/","https://scholar.google.com/scholar?cites=3891818901631684547&as_sdt=2005&sciodt=0,5&hl=en",648,"2021-07-17 23:32:21","HTML","","","",,,,,10,5.00,3,4,2,"… LDL-C correlation.28,29 A weak negative correlation of HDL-C with BMI was also reported by a similar study conducted in Nigeria.6 Likewise in a study by Shamai et al there was an association between BMI, HDL-C and TG … Similarly waist circumference (WC) was not measured …","https://www.ncbi.nlm.nih.gov/pmc/articles/PMC6572993/","https://scholar.google.com/scholar?q=related:w0_o2auEAjYJ:scholar.google.com/&scioq=%22waist+circumference%22+nigeria&hl=en&as_sdt=0,5&as_ylo=2019&as_yhi=2019&as_vis=1"
13,"C Eleazu, N Omar, OZ Lim, BS Yeoh…","Obesity and comorbidity: could simultaneous targeting of esRAGE and sRAGE be the panacea?",2019,"Frontiers in …","frontiersin.org","https://www.frontiersin.org/articles/10.3389/fphys.2019.00787/full","https://scholar.google.com/scholar?cites=17544083528548974004&as_sdt=2005&sciodt=0,5&hl=en",649,"2021-07-17 23:32:21","HTML","","","",,,,,13,6.50,3,5,2,"… 2 Department of Chemistry/Biochemistry/Molecular Biology, Alex Ekwueme Federal University, Ndufu-Alike, Ikwo, Nigeria; 3 Women's Health Development Unit … Measurement of the waist circumference using a tape has also been found to be diagnostic of obesity as it reveals the …","https://www.frontiersin.org/articles/10.3389/fphys.2019.00787/full","https://scholar.google.com/scholar?q=related:tH3xRAQbefMJ:scholar.google.com/&scioq=%22waist+circumference%22+nigeria&hl=en&as_sdt=0,5&as_ylo=2019&as_yhi=2019&as_vis=1"
11,"A Maugeri, S Cirmi, PL Minciullo, S Gangemi…","Citrus fruits and inflammaging: A systematic review",2019,"Phytochemistry …","Springer","https://link.springer.com/article/10.1007/s11101-019-09613-3","https://scholar.google.com/scholar?cites=10356168203469994262&as_sdt=2005&sciodt=0,5&hl=en",650,"2021-07-17 23:32:21","","10.1007/s11101-019-09613-3","","",,,,,11,5.50,2,5,2,"Inflammaging is a low-grade, chronic, asymptomatic, controlled and systemic pro-inflammatory status that appears during the aging process and is linked to.","","https://scholar.google.com/scholar?q=related:FjkGmhyAuI8J:scholar.google.com/&scioq=%22waist+circumference%22+nigeria&hl=en&as_sdt=0,5&as_ylo=2019&as_yhi=2019&as_vis=1"
3,"G Fekadu, L Chelkeba, A Kebede","RETRACTED ARTICLE: Risk factors, clinical presentations and predictors of stroke among adult patients admitted to stroke unit of Jimma university medical …",2019,"BMC neurology","bmcneurol.biomedcentral.com","https://bmcneurol.biomedcentral.com/articles/10.1186/s12883-019-1412-5","https://scholar.google.com/scholar?cites=301729976544989554&as_sdt=2005&sciodt=0,5&hl=en",651,"2021-07-17 23:32:21","HTML","10.1186/s12883-019-1412-5","","",,,,,3,1.50,1,3,2,"Stroke is the second-leading global cause of death behind heart disease in 2013 and is a major cause of permanent disability. The burden of stroke in terms of mortality, morbidity and disability is increasing across the world. It is currently observed to be one of the commonest reasons …","https://bmcneurol.biomedcentral.com/articles/10.1186/s12883-019-1412-5","https://scholar.google.com/scholar?q=related:chENptD1LwQJ:scholar.google.com/&scioq=%22waist+circumference%22+nigeria&hl=en&as_sdt=0,5&as_ylo=2019&as_yhi=2019&as_vis=1"
7,"KMP Kumar, M Chawla, A Sanghvi…","Adherence, satisfaction, and experience with metformin 500 mg prolonged release formulation in Indian patients with type 2 diabetes mellitus: a …",2019,"… journal of general …","ncbi.nlm.nih.gov","https://www.ncbi.nlm.nih.gov/pmc/articles/PMC6460999/","https://scholar.google.com/scholar?cites=6591861800540843533&as_sdt=2005&sciodt=0,5&hl=en",652,"2021-07-17 23:32:21","HTML","","","",,,,,7,3.50,2,4,2,"… Of 1,000 enrolled patients, 548 were men and 452 were women. The mean age, body mass index, and waist circumference were 46.6±9.3 years, 26.5±4.3 kg/m 2 , and 90.2±11.0 cm, respectively … Waist circumference (cm), n, mean ± SD (range), 965, 90.2±11.0 (1.0:176.0) …","https://www.ncbi.nlm.nih.gov/pmc/articles/PMC6460999/","https://scholar.google.com/scholar?q=related:DS605WH_elsJ:scholar.google.com/&scioq=%22waist+circumference%22+nigeria&hl=en&as_sdt=0,5&as_ylo=2019&as_yhi=2019&as_vis=1"
0,"NIM KRISNAWAN ANDY PRADANA","HUBUNGAN ANTARA IMT DENGAN PROFIL HASIL URINALISIS PADA INDIVIDU DEWASA MUDA",2019,"","repository.unair.ac.id","http://repository.unair.ac.id/86068/","",653,"2021-07-17 23:32:21","","","","",,,,,0,0.00,0,1,2,"… Abdominal Obesity Indicators: Waist Circumference or Waist-to-hip Ratio in Malaysian Adults Population. Int. J. Prev … Prevalence of cardiometabolic risk factors among professional male long-distance bus drivers in Lagos, south-west Nigeria: a cross-sectional study. Cardiovasc …","http://repository.unair.ac.id/86068/3/daftar%20pustaka.pdf","https://scholar.google.com/scholar?q=related:LTk7woUwhmoJ:scholar.google.com/&scioq=%22waist+circumference%22+nigeria&hl=en&as_sdt=0,5&as_ylo=2019&as_yhi=2019&as_vis=1"
13,"R Tu, Y Li, L Shen, HJ Yuan, Z Mao, X Liu, H Zhang…","The prevalence and influencing factors of physical activity and sedentary behaviour in the rural population in China: the Henan Rural Cohort Study",2019,"BMJ open","bmjopen.bmj.com","https://bmjopen.bmj.com/content/9/9/e029590.abstract","https://scholar.google.com/scholar?cites=11943615628256437071&as_sdt=2005&sciodt=0,5&hl=en",654,"2021-07-17 23:32:21","HTML","","","",,,,,13,6.50,2,8,2,"… The waist circumference was measured to the nearest 0.1 cm at 1 cm above the navel in a horizontal plane, by a non-elastic tape. Height was measured twice to the nearest 0.1 cm, without shoes, using a wall-mounted ruler tape with an insertion buckle at one end …","https://bmjopen.bmj.com/content/9/9/e029590.abstract","https://scholar.google.com/scholar?q=related:T2MHSCI_wKUJ:scholar.google.com/&scioq=%22waist+circumference%22+nigeria&hl=en&as_sdt=0,5&as_ylo=2019&as_yhi=2019&as_vis=1"
20,"GE Nam, YG Park, K Han, MK Kim, ES Koh…","BMI, weight change, and dementia risk in patients with new-onset type 2 diabetes: a nationwide cohort study",2019,"Diabetes …","Am Diabetes Assoc","https://care.diabetesjournals.org/content/42/7/1217.abstract","https://scholar.google.com/scholar?cites=13466295146187063309&as_sdt=2005&sciodt=0,5&hl=en",655,"2021-07-17 23:32:21","","","","",,,,,20,10.00,3,6,2,"","https://care.diabetesjournals.org/content/diacare/42/7/1217.full.pdf","https://scholar.google.com/scholar?q=related:DQAMhRbk4boJ:scholar.google.com/&scioq=%22waist+circumference%22+nigeria&hl=en&as_sdt=0,5&as_ylo=2019&as_yhi=2019&as_vis=1"
3,"D Raczkiewicz, I Bojar, E Humeniuk","Work ability, functional exercise capacity and prevalence of obesity in perimenopausal and postmenopausal women with non-manual employment",2019,"International Journal of …","Taylor & Francis","https://www.tandfonline.com/doi/abs/10.1080/10803548.2019.1676565","https://scholar.google.com/scholar?cites=7235512448608378650&as_sdt=2005&sciodt=0,5&hl=en",656,"2021-07-17 23:32:21","","10.1080/10803548.2019.1676565","","",,,,,3,1.50,1,3,2,"… In all of the women in the study, measurement of the height, body weight, waist circumference and hips circumference was performed and the following … The results for the WAI among perimenopausal women in Nigeria ranged from 20 to 49, with a mean result of 42.16 ± 6.13 [28 …","https://www.erkenmenopoz.com/konu/dosyalar/menopoz_makale_ozetleri/ekim2019_5.pdf","https://scholar.google.com/scholar?q=related:Gh84kzy0aWQJ:scholar.google.com/&scioq=%22waist+circumference%22+nigeria&hl=en&as_sdt=0,5&as_ylo=2019&as_yhi=2019&as_vis=1"
14,"EM Joseph-Shehu, BP Ncama, N Mooi…","The use of information and communication technologies to promote healthy lifestyle behaviour: a systematic scoping review",2019,"BMJ open","bmjopen.bmj.com","https://bmjopen.bmj.com/content/9/10/e029872.abstract","https://scholar.google.com/scholar?cites=17251021999528262239&as_sdt=2005&sciodt=0,5&hl=en",657,"2021-07-17 23:32:21","HTML","","","",,,,,14,7.00,4,4,2,"… 2 Nursing Science, National Open University of Nigeria, Jabi, Abuja, Nigeria. Correspondence to Dr Elizabeth Musili Joseph-Shehu; ejoseph-shehu{at}noun.edu. ng. Abstract. Introduction Health-promoting lifestyle behaviours …","https://bmjopen.bmj.com/content/9/10/e029872.abstract","https://scholar.google.com/scholar?q=related:X7pU1hvxZ-8J:scholar.google.com/&scioq=%22waist+circumference%22+nigeria&hl=en&as_sdt=0,5&as_ylo=2019&as_yhi=2019&as_vis=1"
1,"A Koszowska, A Brończyk-Puzoń…","Ocena wybranych parametrów antropometrycznych i biochemicznych u pacjentek z przewlekłym autoimmunologicznym zapaleniem tarczycy ze szczególnym …",2019,"Forum Zaburzeń …","journals.viamedica.pl","https://journals.viamedica.pl/forum_zaburzen_metabolicznych/article/view/64798","https://scholar.google.com/scholar?cites=4674013086598690012&as_sdt=2005&sciodt=0,5&hl=en",658,"2021-07-17 23:32:21","","","","",,,,,1,0.50,0,3,2,"… 2012; 47: 28S–35S. Waist circumference and waist–hip ratio. Report of a WHO expert consultation, Geneva 8-11 December 2008, 2011, World Health Organization … Anthropometric parameter that best predict metabolic syndrome in South west Nigeria. Diabetes Metab Syndr …","","https://scholar.google.com/scholar?q=related:3PQ9ZiNu3UAJ:scholar.google.com/&scioq=%22waist+circumference%22+nigeria&hl=en&as_sdt=0,5&as_ylo=2019&as_yhi=2019&as_vis=1"
0,"CW Kuzawa, TM Barrett, JB Borja…","Ankle brachial index (ABI) in a cohort of older women in the Philippines: Prevalence of peripheral artery disease and predictors of ABI",2019,"American Journal of …","Wiley Online Library","https://onlinelibrary.wiley.com/doi/abs/10.1002/ajhb.23237","",659,"2021-07-17 23:32:21","","10.1002/ajhb.23237","","",,,,,0,0.00,0,4,2,"… When compared to women visited in 2012 but excluded from the ABI analysis, the ABI subsample was slightly heavier (57.2 kg vs 55.9, P < 0.031), had a higher BMI (25.3 vs 24.7 kg/m 2 , P < 0.011) and waist circumference (WC; 83.0 vs 81.6 cm, P < 0.03), and had borderline …","","https://scholar.google.com/scholar?q=related:7KDjVrgjmsoJ:scholar.google.com/&scioq=%22waist+circumference%22+nigeria&hl=en&as_sdt=0,5&as_ylo=2019&as_yhi=2019&as_vis=1"
1,"D Purnamasari, R Aulia, MS Abdaly, A Hazim","Hypercholesterolemia as the first manifestation of metabolic abnormalities in normoglycemic young adult male with family history of Type 2 diabetes mellitus",2019,"Diabetes & Metabolic …","Elsevier","https://www.sciencedirect.com/science/article/pii/S1871402118305794","https://scholar.google.com/scholar?cites=2699931070262082692&as_sdt=2005&sciodt=0,5&hl=en",660,"2021-07-17 23:32:21","","","","",,,,,1,0.50,0,4,2,"… and HDL-C <40 mg/dL for male or taking lipid lowering agents), hypertension (blood pressure ≥ 130/85 mmHg or taking hypertension drugs) and central obesity (Waist Circumference/WC, male ≥ 90 cm and female ≥ 80 cm) [11]. Ogedengbe et al. in Nigeria showed that the …","","https://scholar.google.com/scholar?q=related:hPwC6QAVeCUJ:scholar.google.com/&scioq=%22waist+circumference%22+nigeria&hl=en&as_sdt=0,5&as_ylo=2019&as_yhi=2019&as_vis=1"
0,"H Ganesan, P Gopinath","Prevalence of hypoalbuminemia among tuberculosis patients receiving anti tuberculosis therapy: A cross sectional study",,"biochemjournal.com","","https://www.biochemjournal.com/articles/34/3-2-2-340.pdf","",661,"2021-07-17 23:32:21","PDF","","","",,,,,0,0.00,0,2,,"… PTB EPTB p Value 1 Number 65 35 2 Age (in years) 40.0 ± 15.3 36.7 ± 17.1 0.3 3 Waist circumference (cm) 37 ± 20 34 … The usefulness of serum albumin and urinary creatinine as biochemical indices for monitoring the nutritional status of Nigerians with pulmonary tuberculosis …","https://www.biochemjournal.com/articles/34/3-2-2-340.pdf","https://scholar.google.com/scholar?q=related:7qWrfxuoHHMJ:scholar.google.com/&scioq=%22waist+circumference%22+nigeria&hl=en&as_sdt=0,5&as_ylo=2019&as_yhi=2019&as_vis=1"
5,"L Barua, M Faruque, PC Banik, L Ali","Agreement between 2017 acc/aha hypertension clinical practice guidelines and seventh report of the joint national committee guidelines to estimate prevalence of …",2019,"Medicina","mdpi.com","https://www.mdpi.com/486512","https://scholar.google.com/scholar?cites=1639248882994163648&as_sdt=2005&sciodt=0,5&hl=en",662,"2021-07-17 23:32:21","","","","",,,,,5,2.50,1,4,2,"… disease (CVD) risk prevalence obtained from a study conducted among postmenopausal women of Nigeria, another developing … The anthropometric measurements included height, weight, waist circumference, hip circumference, and their derivatives like body mass index (BMI …","https://www.mdpi.com/1010-660X/55/7/315/htm","https://scholar.google.com/scholar?q=related:wK9SiSzIvxYJ:scholar.google.com/&scioq=%22waist+circumference%22+nigeria&hl=en&as_sdt=0,5&as_ylo=2019&as_yhi=2019&as_vis=1"
2,"IK Mohan, NN Sreedevi, KSS Baba…","Application of multiple linear regression and machine learning algorithms to elucidate the association of poor glycemic control and hyperhomocysteinemia with …",2019,"Indian Journal of …","14.139.47.23","http://14.139.47.23/index.php/IJBB/article/view/27669","https://scholar.google.com/scholar?cites=12470834854728501501&as_sdt=2005&sciodt=0,5&hl=en",663,"2021-07-17 23:32:21","","","","",,,,,2,1.00,1,4,2,"… with microalbuminuria even after adjusting for confounding factors such as age, gender, smoking, systolic blood pressure, waist circumference and serum … between insulin resistance and total plasma homocysteine levels in type 2 diabetes mellitus patients in south west Nigeria …","http://14.139.47.23/index.php/IJBB/article/viewFile/27669/465477117","https://scholar.google.com/scholar?q=related:_QinIDpOEa0J:scholar.google.com/&scioq=%22waist+circumference%22+nigeria&hl=en&as_sdt=0,5&as_ylo=2019&as_yhi=2019&as_vis=1"
0,"NIM BAMBANG EDI SUWITO","HUBUNGAN FENOTIP GOLONGAN DARAH SISTEM ABO, INDEKS MASSA TUBUH DAN TEKANAN DARAH PADA INDIVIDU DEWASA MUDA FAKULTAS …",2019,"","repository.unair.ac.id","http://repository.unair.ac.id/86070/","",664,"2021-07-17 23:32:21","","","","",,,,,0,0.00,0,1,2,"… Body mass index, Waist Hip ratio, blood sugar levels and blood pressure in apparently healthy adult Nigerians. IOSR Journal of Dental and Medical … Body mass index, waist circumference and waist:hip ratio as predictors of cardiovascular risk- -a review of the literature …","http://repository.unair.ac.id/86070/3/daftar%20pustaka.pdf","https://scholar.google.com/scholar?q=related:nqxs1XxNv_QJ:scholar.google.com/&scioq=%22waist+circumference%22+nigeria&hl=en&as_sdt=0,5&as_ylo=2019&as_yhi=2019&as_vis=1"
99,"JL Waters, RE Ley","The human gut bacteria Christensenellaceae are widespread, heritable, and associated with health",2019,"BMC biology","bmcbiol.biomedcentral.com","https://bmcbiol.biomedcentral.com/articles/10.1186/s12915-019-0699-4","https://scholar.google.com/scholar?cites=12041333303985319466&as_sdt=2005&sciodt=0,5&hl=en",665,"2021-07-17 23:32:21","HTML","10.1186/s12915-019-0699-4","","",,,,,99,49.50,50,2,2,"The Christensenellaceae, a recently described family in the phylum Firmicutes, is emerging as an important player in human health. The relative abundance of Christensenellaceae in the human gut is inversely related to host body mass index (BMI) in different populations and multiple …","https://bmcbiol.biomedcentral.com/articles/10.1186/s12915-019-0699-4","https://scholar.google.com/scholar?q=related:Ki4gntdoG6cJ:scholar.google.com/&scioq=%22waist+circumference%22+nigeria&hl=en&as_sdt=0,5&as_ylo=2019&as_yhi=2019&as_vis=1"
1,"MT Jameel, S Haider, M SanaUllah…","The Comparison of BMI in Cricket, Football and Hockey Athletes: A comparative cross-sectional Survey: JRCRS. 2019; 7 (2): 65-68",2019,"… Riphah College of …","journals.riphah.edu.pk","https://journals.riphah.edu.pk/index.php/jrcrs/article/view/347","https://scholar.google.com/scholar?cites=16810180933575666775&as_sdt=2005&sciodt=0,5&hl=en",666,"2021-07-17 23:32:21","","","","",,,,,1,0.50,0,4,2,"… References 1. Mathur D, Salokun S. Body composition of successful Nigerian female athletes … 13. Ardern CI, Janssen I, Ross R, Katzmarzyk PT. Development of health‐related waist circumference thresholds within BMI categories. Obesity research. 2004;12(7):1094-103. 14 …","https://journals.riphah.edu.pk/index.php/jrcrs/article/download/347/168","https://scholar.google.com/scholar?q=related:V2zSs37CSekJ:scholar.google.com/&scioq=%22waist+circumference%22+nigeria&hl=en&as_sdt=0,5&as_ylo=2019&as_yhi=2019&as_vis=1"
16,"R Wang, Y Liu, Y Lu, Y Yuan…","The linkage between the perception of neighbourhood and physical activity in Guangzhou, China: using street view imagery with deep learning techniques",2019,"International …","ij-healthgeographics.biomedcentral …","https://ij-healthgeographics.biomedcentral.com/articles/10.1186/s12942-019-0182-z","https://scholar.google.com/scholar?cites=11187233548416767804&as_sdt=2005&sciodt=0,5&hl=en",667,"2021-07-17 23:32:21","HTML","10.1186/s12942-019-0182-z","","",,,,,16,8.00,3,5,2,"Neighbourhood environment characteristics have been found to be associated with residents' willingness to conduct physical activity (PA). Traditional methods to assess perceived neighbourhood environment characteristics are often subjective, costly, and time-consuming …","https://ij-healthgeographics.biomedcentral.com/articles/10.1186/s12942-019-0182-z","https://scholar.google.com/scholar?q=related:PNe2yKMJQZsJ:scholar.google.com/&scioq=%22waist+circumference%22+nigeria&hl=en&as_sdt=0,5&as_ylo=2019&as_yhi=2019&as_vis=1"
3,"A Idoko, AN Onyinye, NO Blessing…","Heating Effect on Phytochemical and Proximate Contents of Cooked Aqueous Extract of Phaseolus vulgaris (Kidney Beans)",2019,"Pharmaceutical …","pdfs.semanticscholar.org","https://pdfs.semanticscholar.org/20dc/e005ea8170fef458e158db7d71038c5903ae.pdf","https://scholar.google.com/scholar?cites=2545196991119201750&as_sdt=2005&sciodt=0,5&hl=en",668,"2021-07-17 23:32:21","PDF","","","",,,,,3,1.50,1,4,2,"… given by Mr. Onyeukwu Chijioke John a plant Taxonomist, Department of Plant Science and Biotechnology, University of Nigeria, Nsukka, Enugu … Protein consumption in legumes was found to be associated to decrease in blood pressure, total cholesterol, waist circumference …","https://pdfs.semanticscholar.org/20dc/e005ea8170fef458e158db7d71038c5903ae.pdf","https://scholar.google.com/scholar?q=related:1pUNqy1bUiMJ:scholar.google.com/&scioq=%22waist+circumference%22+nigeria&hl=en&as_sdt=0,5&as_ylo=2019&as_yhi=2019&as_vis=1"
0,"AL MAGHFIROH","HUBUNGAN PENGETAHUAN GIZI, ASUPAN MAKANAN DAN AKTIVITAS FISIK DENGAN PRODUKTIVITAS PADA PEKERJA DENGAN GIZI LEBIH DI PT. TIMUR …",2019,"","repository.unair.ac.id","http://repository.unair.ac.id/90161/","",669,"2021-07-17 23:32:21","","","","",,,,,0,0.00,0,1,2,"… Odenigbo, UM, Odenigbo, UC, Oguejiofor, OC and Adogu, POU, 2011. Relationship of waist circumference, waist hip ratio and body mass index as predictors of obesity in adult Nigerians. Pakistan Journal of Nutrition, 10(1), pp.15-8. Reilly MC, Zbrozek AS, Dukes EM. 1993 …","http://repository.unair.ac.id/90161/3/FKM.GZ.46-19%20Mag%20h%20daftar%20pustaka.pdf",""
4,"AA Awofala, OE Ogundele, KO Adekoya…","Adiponectin and human eating behaviour: a Mendelian randomization study",2019,"Egyptian Journal of …","Springer","https://link.springer.com/article/10.1186/s43042-019-0022-5","https://scholar.google.com/scholar?cites=6629963103342549142&as_sdt=2005&sciodt=0,5&hl=en",670,"2021-07-17 23:32:21","HTML","10.1186/s43042-019-0022-5","","",,,,,4,2.00,1,4,2,"Adiponectin plays key roles in regulating appetite and food intake. Altered circulating adiponectin levels have been observed in human eating disorders such as anorexia nervosa, bulimia nervosa or binge eating. In addition, an association between circulating adiponectin levels …","https://link.springer.com/article/10.1186/s43042-019-0022-5","https://scholar.google.com/scholar?q=related:ltitwFBcAlwJ:scholar.google.com/&scioq=%22waist+circumference%22+nigeria&hl=en&as_sdt=0,5&as_ylo=2019&as_yhi=2019&as_vis=1"
2,"AG Baraki, LD Gezie, EG Zeleke, T Awoke…","Body mass index variation over time and associated factors among HIV-positive adults on second-line ART in north-west Ethiopia: a retrospective follow-up study",2019,"BMJ open","bmjopen.bmj.com","https://bmjopen.bmj.com/content/9/9/e033393.abstract","https://scholar.google.com/scholar?cites=6827316114493025745&as_sdt=2005&sciodt=0,5&hl=en",671,"2021-07-17 23:32:21","","","","",,,,,2,1.00,0,5,2,"Skip to main content. Viewing from: Google Indexer. BMJ Journals. Log In More …","https://bmjopen.bmj.com/content/bmjopen/9/9/e033393.full.pdf","https://scholar.google.com/scholar?q=related:0S2oXdV_v14J:scholar.google.com/&scioq=%22waist+circumference%22+nigeria&hl=en&as_sdt=0,5&as_ylo=2019&as_yhi=2019&as_vis=1"
2,"GI Wanghi, PB Mutombo, EK Sumaili","Prevalence and determinants of hypertension among students of the University of Kinshasa, Democratic Republic of Congo: a cross-sectional study",2019,"African health sciences","ajol.info","https://www.ajol.info/index.php/ahs/article/view/192252","https://scholar.google.com/scholar?cites=5716105516685576868&as_sdt=2005&sciodt=0,5&hl=en",672,"2021-07-17 23:32:21","","","","",,,,,2,1.00,1,3,2,"… The waist circumference was measured along the axillary line at the narrowest part of the abdomen midway be- tween the lower part of the last rib and the upper iliac crest, during exhalation using a new ribbon tape applied to the skin …","https://www.ajol.info/index.php/ahs/article/view/192252/181376","https://scholar.google.com/scholar?q=related:pMqxpK6vU08J:scholar.google.com/&scioq=%22waist+circumference%22+nigeria&hl=en&as_sdt=0,5&as_ylo=2019&as_yhi=2019&as_vis=1"
0,"T Bofosa, KAM Eric, B Miangindula","Contribution of adapted physical activity on body composition and fitness related to the health of vascular hemiplegic patients",2019,"Journal of Surgery and …","dergipark.org.tr","https://dergipark.org.tr/en/download/article-file/757512","",673,"2021-07-17 23:32:21","PDF","","","",,,,,0,0.00,0,3,2,"… Waist circumference (cm): Waist circumference will be measured using a single anatomical landmark, the upper lateral ridge of the iliac crest at the midaxillary line … Ogun SA, Ojini FI, Ogungbo B, Kolapo KO, Danesi MA. Stroke in South West Nigeria: a 10- year review. Stroke …","https://dergipark.org.tr/en/download/article-file/757512","https://scholar.google.com/scholar?q=related:kGup_AjgN8IJ:scholar.google.com/&scioq=%22waist+circumference%22+nigeria&hl=en&as_sdt=0,5&as_ylo=2019&as_yhi=2019&as_vis=1"
3,"P Prasertsri, S Singsanan, C Chonanant…","Effects of arm swing exercise training on cardiac autonomic modulation, cardiovascular risk factors, and electrolytes in persons aged 60–80 years with …",2019,"Journal of Exercise …","Elsevier","https://www.sciencedirect.com/science/article/pii/S1728869X18300492","https://scholar.google.com/scholar?cites=13950633689408271835&as_sdt=2005&sciodt=0,5&hl=en",674,"2021-07-17 23:32:21","HTML","","","",,,,,3,1.50,1,4,2,"… Measurements of waist and hip circumferences using a standard measuring tape and their ratio were gained to assess fat distribution. Waist circumference was measured at the end of a normal expiration and at the mid-point between the bottom rib and the superior iliac spine …","https://www.sciencedirect.com/science/article/pii/S1728869X18300492","https://scholar.google.com/scholar?q=related:2_XGSG2bmsEJ:scholar.google.com/&scioq=%22waist+circumference%22+nigeria&hl=en&as_sdt=0,5&as_ylo=2019&as_yhi=2019&as_vis=1"
0,"کردی, صفارکهنه قوچان, رهنما, حجت, شربتی…","تدوین و به‌روزرسانی هنجارآمادگی جسمانی مرتبط با سلامت در مردان 60-18 سال استان تهران‎",,"فیزیولوژی ورزشی, 2019‎","spj.ssrc.ac.ir","https://spj.ssrc.ac.ir/article_1735.html","",675,"2021-07-17 23:32:21","","","","",,,,,0,0.00,0,6,,"… BMC Psychiatry. 2014;14:3-15. Al-Lawati JA, Jousilahti P. Body mass index, waist circumference and waist-to-hip ratio cut-off points for categorisation of obesity among Omani Arabs. Public Health Nutr … Reference values for handgrip strength among healthy adults in Nigeria …","",""
6,"S Madiba, PK Chelule, MM Mokgatle","Attending informal preschools and daycare centers is a risk factor for underweight, stunting and wasting in children under the age of five years in underprivileged …",2019,"International journal of …","mdpi.com","https://www.mdpi.com/500178","https://scholar.google.com/scholar?cites=16329699410114138341&as_sdt=2005&sciodt=0,5&hl=en",676,"2021-07-17 23:32:21","","","","",,,,,6,3.00,2,3,2,"… Tanzania reported higher rates of stunting, underweight and wasting of 41.9%, 46.0%, and 24.7% respectively. Similarly, the rate of stunting of 44.9% reported in an earlier study in Nigeria was relatively higher than the rates of the current study [25] …","https://www.mdpi.com/1660-4601/16/14/2589/pdf","https://scholar.google.com/scholar?q=related:5VDCVBi_nuIJ:scholar.google.com/&scioq=%22waist+circumference%22+nigeria&hl=en&as_sdt=0,5&as_ylo=2019&as_yhi=2019&as_vis=1"
24,"A Cerani, S Zhou, V Forgetta, JA Morris, K Trajanoska…","Genetic predisposition to increased serum calcium, bone mineral density, and fracture risk in individuals with normal calcium levels: mendelian randomisation …",2019,"Bmj","bmj.com","https://www.bmj.com/content/366/bmj.l4410","https://scholar.google.com/scholar?cites=5146881275660594406&as_sdt=2005&sciodt=0,5&hl=en",677,"2021-07-17 23:32:21","HTML","","","",,,,,24,12.00,4,6,2,"Skip to main content. Intended for healthcare professionals …","https://www.bmj.com/content/366/bmj.l4410","https://scholar.google.com/scholar?q=related:5uzbOEBlbUcJ:scholar.google.com/&scioq=%22waist+circumference%22+nigeria&hl=en&as_sdt=0,5&as_ylo=2019&as_yhi=2019&as_vis=1"
8,"KY Kim, JM Yun","Analysis of the association between health-related and work-related factors among workers and metabolic syndrome using data from the Korean National …",2019,"Nutrition research and practice","synapse.koreamed.org","https://synapse.koreamed.org/articles/1133658","https://scholar.google.com/scholar?cites=4909755213867209387&as_sdt=2005&sciodt=0,5&hl=en",678,"2021-07-17 23:32:21","HTML","","","",,,,,8,4.00,4,2,2,"… Prevalence among auto technicians and school teachers in South West Nigeria. Diabetes Metab Syndr 2017;11 Suppl 1:S223–S227 … Cut-off points of waist circumference for defining abdominal obesity in the Korean population. Korean J Obes 2006;15:1–9. 17 …","https://synapse.koreamed.org/articles/1133658","https://scholar.google.com/scholar?q=related:q1KtoFr0IkQJ:scholar.google.com/&scioq=%22waist+circumference%22+nigeria&hl=en&as_sdt=0,5&as_ylo=2019&as_yhi=2019&as_vis=1"
0,"B Ejara, K Taye, T Tiki","Level of Overweight, Obesity and Associated Factors Among Preschool Children in Dire Dawa City, Eastern Ethiopia, 2016",2016,"researchgate.net","","https://www.researchgate.net/profile/Kefyalew-Taye-2/publication/333339599_Level_of_Overweight_Obesity_and_Associated_Factors_Among_Preschool_Children_in_Dire_Dawa_City_Eastern_Ethiopia_2016/links/5ce7ad84a6fdccc9ddca78b4/Level-of-Overweight-Obesity-and-Associated-Factors-Among-Preschool-Children-in-Dire-Dawa-City-Eastern-Ethiopia-2016.pdf","",679,"2021-07-17 23:32:21","PDF","","","",,,,,0,0.00,0,3,5,"… obesity. This study is limited by the fact that Body Mass Index was used to measure body fat in these children. The waist circumference or Waist/Hip ratios are better tools to measure the health impact of excess fat. Food frequency …","https://www.researchgate.net/profile/Kefyalew-Taye-2/publication/333339599_Level_of_Overweight_Obesity_and_Associated_Factors_Among_Preschool_Children_in_Dire_Dawa_City_Eastern_Ethiopia_2016/links/5ce7ad84a6fdccc9ddca78b4/Level-of-Overweight-Obesity-and-Associated-Factors-Among-Preschool-Children-in-Dire-Dawa-City-Eastern-Ethiopia-2016.pdf","https://scholar.google.com/scholar?q=related:OH9LKbQwZFUJ:scholar.google.com/&scioq=%22waist+circumference%22+nigeria&hl=en&as_sdt=0,5&as_ylo=2019&as_yhi=2019&as_vis=1"
2,"M Boronat, A Tugores, P Saavedra, P Garay…","Association between polymorphism rs2032487 in the non-muscle myosin heavy chain IIA gene (MHY9) and chronic kidney disease secondary to type 2 diabetes …",2019,"… , Diabetes y Nutrición …","Elsevier","https://www.sciencedirect.com/science/article/pii/S2530018019301374","https://scholar.google.com/scholar?cites=12799987863859124078&as_sdt=2005&sciodt=0,5&hl=en",680,"2021-07-17 23:32:21","","","","",,,,,2,1.00,0,5,2,"… of men was significantly higher among the individuals with advanced CKD, which also exhibited lower glycosylated hemoglobin (HbA 1c ) levels, a greater cardiovascular risk (larger proportion of active smokers, higher blood pressure and waist circumference values, and …","","https://scholar.google.com/scholar?q=related:bleiGiWxorEJ:scholar.google.com/&scioq=%22waist+circumference%22+nigeria&hl=en&as_sdt=0,5&as_ylo=2019&as_yhi=2019&as_vis=1"
0,"JJN Nzeale","Prevalence of dyslipidaemia among adults in Africa: a systematic review and meta-analysis",2019,"","open.uct.ac.za","https://open.uct.ac.za/handle/11427/31183","",681,"2021-07-17 23:32:21","","","","",,,,,0,0.00,0,1,2,"Page 1. Prevalence of dyslipidaemia among adults in Africa: a systematic review and meta-analysis Presented by Dr Jean Jacques Noubiap Nzeale Student number: NBPJEA001 Submitted to the University of Cape Town In fulfilment of the requirement of the degree …","https://open.uct.ac.za/bitstream/handle/11427/31183/thesis_hsf_2019_nzeale_jean_jacques_noubiap.pdf?sequence=1&isAllowed=y","https://scholar.google.com/scholar?q=related:c5Nx6A7DtwIJ:scholar.google.com/&scioq=%22waist+circumference%22+nigeria&hl=en&as_sdt=0,5&as_ylo=2019&as_yhi=2019&as_vis=1"
8,"AP Moore, CA Rivas, S Stanton-Fay, S Harding…","Designing the Healthy Eating and Active Lifestyles for Diabetes (HEAL-D) self-management and support programme for UK African and Caribbean …",2019,"BMC public health","Springer","https://link.springer.com/article/10.1186/s12889-019-7411-z","https://scholar.google.com/scholar?cites=3448089979469169780&as_sdt=2005&sciodt=0,5&hl=en",682,"2021-07-17 23:32:21","HTML","10.1186/s12889-019-7411-z","","",,,,,8,4.00,2,5,2,"UK African and Caribbean (AfC) communities are disproportionately burdened by type 2 diabetes (T2D). Promoting healthy eating and physical activity through structured education is the cornerstone of T2D care, however cultural barriers may limit engagement in these communities …","https://link.springer.com/article/10.1186/s12889-019-7411-z","https://scholar.google.com/scholar?q=related:dATYS5ET2i8J:scholar.google.com/&scioq=%22waist+circumference%22+nigeria&hl=en&as_sdt=0,5&as_ylo=2019&as_yhi=2019&as_vis=1"
0,"N Kalam, P KANRAR, M Goswami","Prevalence of Hypertension among the Urban Slum Muslim Women of Kolkata, West Bengal",2019,"South Asian Anthropologist","researchgate.net","https://www.researchgate.net/profile/Monali-Goswami-2/publication/339841490_Prevalence_of_Hypertension_among_the_Urban_Slum_Muslim_Women_of_Kolkata_West_Bengal/links/5e686e86299bf1744f72cec1/Prevalence-of-Hypertension-among-the-Urban-Slum-Muslim-Women-of-Kolkata-West-Bengal.pdf","",683,"2021-07-17 23:32:21","PDF","","","",,,,,0,0.00,0,3,2,"… The mid-upper arm circumference (MUAC) and waist circumference (WC) was measured using a non- stretchable measuring tape to the nearest 0.1 cm … The mean systolic and diastolic blood pressure was lower than the slum dwellers of Lagos, Nigeria (Daniel et al., 2013) …","https://www.researchgate.net/profile/Monali-Goswami-2/publication/339841490_Prevalence_of_Hypertension_among_the_Urban_Slum_Muslim_Women_of_Kolkata_West_Bengal/links/5e686e86299bf1744f72cec1/Prevalence-of-Hypertension-among-the-Urban-Slum-Muslim-Women-of-Kolkata-West-Bengal.pdf","https://scholar.google.com/scholar?q=related:Iwo6y6aei4gJ:scholar.google.com/&scioq=%22waist+circumference%22+nigeria&hl=en&as_sdt=0,5&as_ylo=2019&as_yhi=2019&as_vis=1"
12,"SMT Hasan, MA Khan, T Ahmed","Inadequate maternal weight gain in the third trimester increases the risk of intrauterine growth restriction in rural Bangladesh",2019,"PloS one","journals.plos.org","https://journals.plos.org/plosone/article?id=10.1371/journal.pone.0212116","https://scholar.google.com/scholar?cites=14955060399932827327&as_sdt=2005&sciodt=0,5&hl=en",684,"2021-07-17 23:32:21","HTML","","","",,,,,12,6.00,4,3,2,"Objective To estimate the effect of inadequate maternal weight gain in the third trimester on the risk of intrauterine growth restriction (IUGR) in rural Bangladesh. Methods This study analyzed data from 1463 mother-infant pairs in Matlab, Bangladesh which were available through …","https://journals.plos.org/plosone/article?id=10.1371/journal.pone.0212116","https://scholar.google.com/scholar?q=related:v-aBzDIMi88J:scholar.google.com/&scioq=%22waist+circumference%22+nigeria&hl=en&as_sdt=0,5&as_ylo=2019&as_yhi=2019&as_vis=1"
9,"R Echeverría, P Vrhovnik, I Salcedo-Bellido…","Levels and determinants of adipose tissue cadmium concentrations in an adult cohort from southern Spain",2019,"Science of the total …","Elsevier","https://www.sciencedirect.com/science/article/pii/S0048969719310964","https://scholar.google.com/scholar?cites=9195691654879810586&as_sdt=2005&sciodt=0,5&hl=en",685,"2021-07-17 23:32:21","","","","",,,,,9,4.50,2,4,2,"","","https://scholar.google.com/scholar?q=related:GpQi2daonX8J:scholar.google.com/&scioq=%22waist+circumference%22+nigeria&hl=en&as_sdt=0,5&as_ylo=2019&as_yhi=2019&as_vis=1"
0,"YOS Mohammed","Determination of Normal Main Portal Vein Diameter using Ultrasonography",2019,"","repository.sustech.edu","http://repository.sustech.edu/handle/123456789/22919","",686,"2021-07-17 23:32:21","","","","",,,,,0,0.00,0,1,2,"… However, mean normal portal vein diameter greater than 10 mm was also indicated from previous studies: 13 mm, greater than 11mm in Nigeria (Anakwue et al., (2009)), 11.54 mm in Lopamudraet al., (2011), which contradicts with the mentioned cutoff point …","http://repository.sustech.edu/bitstream/handle/123456789/22919/Research.pdf?sequence=3","https://scholar.google.com/scholar?q=related:lQBCSZCWPYkJ:scholar.google.com/&scioq=%22waist+circumference%22+nigeria&hl=en&as_sdt=0,5&as_ylo=2019&as_yhi=2019&as_vis=1"
0,"T Adom","Individual and environmental factors associated with overweight among children in primary schools in Ghana",2019,"","etd.uwc.ac.za","https://etd.uwc.ac.za/handle/11394/7219","",687,"2021-07-17 23:32:21","","","","",,,,,0,0.00,0,1,2,"… collect individual and family data from 543 learners in 14 schools to assess family socio- demographics characteristics, dietary, PA, and sedentary behaviours, and sleep duration. Body weight, height, and waist circumference were measured. Data on perceived school Page 3. iii …","https://etd.uwc.ac.za/bitstream/handle/11394/7219/adom_phd_chs_2020.pdf?sequence=1&isAllowed=y","https://scholar.google.com/scholar?q=related:TJyBWmw0KlUJ:scholar.google.com/&scioq=%22waist+circumference%22+nigeria&hl=en&as_sdt=0,5&as_ylo=2019&as_yhi=2019&as_vis=1"
9,"M Gholami, F Sharifi, S Shahriari, K Khoshnevisan…","Association of interleukin-6 polymorphisms with obesity: A systematic review and meta-analysis",2019,"Cytokine","Elsevier","https://www.sciencedirect.com/science/article/pii/S104346661930198X","https://scholar.google.com/scholar?cites=8401624225095708176&as_sdt=2005&sciodt=0,5&hl=en",688,"2021-07-17 23:32:21","","","","",,,,,9,4.50,2,5,2,"… Obesity related traits, BMI, waist-to-hip ratio (WHR), Waist circumference (WC), were included. Subjects included as control group should be clearly divided in mentioned studies (according to the above traits) based on normal weight, and obesity/overweight …","","https://scholar.google.com/scholar?q=related:EG4lEbiQmHQJ:scholar.google.com/&scioq=%22waist+circumference%22+nigeria&hl=en&as_sdt=0,5&as_ylo=2019&as_yhi=2019&as_vis=1"
4,"YN Mapoure, CM Ayeah, H Ba…","The prognostic value of serum uric acid in the acute phase of hemorrhagic stroke patients in black Africans",2019,"The Pan African …","ncbi.nlm.nih.gov","https://www.ncbi.nlm.nih.gov/pmc/articles/PMC6607265/","https://scholar.google.com/scholar?cites=13619353407647126754&as_sdt=2005&sciodt=0,5&hl=en",689,"2021-07-17 23:32:21","HTML","","","",,,,,4,2.00,1,4,2,"","https://www.ncbi.nlm.nih.gov/pmc/articles/PMC6607265/","https://scholar.google.com/scholar?q=related:4hRQDcSpAb0J:scholar.google.com/&scioq=%22waist+circumference%22+nigeria&hl=en&as_sdt=0,5&as_ylo=2019&as_yhi=2019&as_vis=1"
50,"MNK Boulos, G Peng, T VoPham","An overview of GeoAI applications in health and healthcare",2019,"International Journal of Health …","Springer","https://link.springer.com/article/10.1186/s12942-019-0171-2","https://scholar.google.com/scholar?cites=9633165492842055999&as_sdt=2005&sciodt=0,5&hl=en",690,"2021-07-17 23:32:21","HTML","10.1186/s12942-019-0171-2","","",,,,,50,25.00,17,3,2,"… goals related to disaster relief and poverty reduction, deep learning (convolutional neural networks or CNNs) were applied to WorldView-2 satellite remote sensing images and volunteered geographic information (VGI) to automate map generation for buildings in Nigeria [22] …","https://link.springer.com/article/10.1186/s12942-019-0171-2","https://scholar.google.com/scholar?q=related:P8lmH_rgr4UJ:scholar.google.com/&scioq=%22waist+circumference%22+nigeria&hl=en&as_sdt=0,5&as_ylo=2019&as_yhi=2019&as_vis=1"
10,"K Mendoza-Herrera, A Pedroza-Tobías…","Attributable burden and expenditure of cardiovascular diseases and associated risk factors in Mexico and other selected mega-countries",2019,"International journal of …","mdpi.com","https://www.mdpi.com/557896","https://scholar.google.com/scholar?cites=15709083073107670256&as_sdt=2005&sciodt=0,5&hl=en",691,"2021-07-17 23:32:21","","","","",,,,,10,5.00,3,3,2,"… review of literature and datasets. Methods: Mega-countries with a low (Nigeria), middle (India), high (China/Brazil/Mexico), and very high (the USA/Japan) human development index were included. The review was focused on …","https://www.mdpi.com/1660-4601/16/20/4041/pdf","https://scholar.google.com/scholar?q=related:8DSvH9PfAdoJ:scholar.google.com/&scioq=%22waist+circumference%22+nigeria&hl=en&as_sdt=0,5&as_ylo=2019&as_yhi=2019&as_vis=1"
0,"H Nagasu, Y Sogawa, K Kidokoro…","SUN-191 Bardoxolone methyl analog attenuates proteinuria-induced tubular damage by modulating mitochondrial function",2019,"Kidney International …","kireports.org","https://www.kireports.org/article/S2468-0249(19)30790-9/pdf","",692,"2021-07-17 23:32:21","PDF","","","",,,,,0,0.00,0,4,2,"… sociodemographic and phenotypic risk using assets-based household scores, CKD risk questionnaires, height, weight, BMI, hip/waist circumference, blood glucose … J2, Graham, P3, Duarte, R3, Naicker, S3 1Aminu Kano Teaching Hospital, Medicine, Kano, Nigeria, 2University of …","https://www.kireports.org/article/S2468-0249(19)30790-9/pdf",""
6,"R Galdamez, JA García, M Fernández…","Short-term increase in risk of overweight and concomitant systolic blood pressure elevation in treatment-naive persons starting INSTI-based antiretroviral therapy",2019,"Open forum …","academic.oup.com","https://academic.oup.com/ofid/article-abstract/6/12/ofz491/5625166","https://scholar.google.com/scholar?cites=10099260557918642090&as_sdt=2005&sciodt=0,5&hl=en",693,"2021-07-17 23:32:21","","","","",,,,,6,3.00,2,4,2,"AbstractObjective. Integrase strand transfer inhibitors (INSTI) have been associated with weight gain, but their effect on short-term overweight and obesity inc.","https://academic.oup.com/ofid/article/6/12/ofz491/5625166","https://scholar.google.com/scholar?q=related:qp_aIPjHJ4wJ:scholar.google.com/&scioq=%22waist+circumference%22+nigeria&hl=en&as_sdt=0,5&as_ylo=2019&as_yhi=2019&as_vis=1"
0,"FAA Alriyahee, MJ Al-Jboori…","Association Serum Lipid Profile with Glutathione S-Transferas M and T genes Polymorphisms in Hypertension of Post-Menopausal Women",2019,"…","ijpqa.openresearchjournals.com","https://ijpqa.openresearchjournals.com/index.php/ijpqa/article/view/321","",694,"2021-07-17 23:32:21","","","","",,,,,0,0.00,0,3,2,"… 202–6. 3. ldemudiaJ,Ugwuja E. Plasma lipid profiles in hypertensive 1. Nigerians … 2015) Associations Between Hypertension and Body Mass Index and Waist Circumference in US … of Newly Diagnosed Hypertensive Patients in Nnewi, South-East Nigeria,” International Journal …","https://ijpqa.openresearchjournals.com/index.php/ijpqa/article/download/321/240","https://scholar.google.com/scholar?q=related:4VtkFVPpIZEJ:scholar.google.com/&scioq=%22waist+circumference%22+nigeria&hl=en&as_sdt=0,5&as_ylo=2019&as_yhi=2019&as_vis=1"
1,"H Pavlyshyn, K Kozak","The role of multiple regression analysis in prediction of insulin resistance in overweight and obese children",2019,"Arch Balk Med Union","researchgate.net","https://www.researchgate.net/profile/Halyna-Pavlyshyn/publication/335787110_The_role_of_multiple_regression_analysis_in_prediction_of_insulin_resistance_in_overweight_and_obese_children/links/5df885294585159aa48307c6/The-role-of-multiple-regression-analysis-in-prediction-of-insulin-resistance-in-overweight-and-obese-children.pdf","https://scholar.google.com/scholar?cites=11007721340526679148&as_sdt=2005&sciodt=0,5&hl=en",695,"2021-07-17 23:32:21","PDF","","","",,,,,1,0.50,1,2,2,"… Abbreviations: IR – insulin resistance; WC – waist circumference; HC – hip circumference; W/H ratio – waist-hip ratio; BMI – body mass index; AO – abdominal obesity; HOMA-IR – insulin resis- tance index HOMA (Homeostasis model assessment); CI – confidence interval …","https://www.researchgate.net/profile/Halyna-Pavlyshyn/publication/335787110_The_role_of_multiple_regression_analysis_in_prediction_of_insulin_resistance_in_overweight_and_obese_children/links/5df885294585159aa48307c6/The-role-of-multiple-regression-analysis-in-prediction-of-insulin-resistance-in-overweight-and-obese-children.pdf","https://scholar.google.com/scholar?q=related:bFSU4DxIw5gJ:scholar.google.com/&scioq=%22waist+circumference%22+nigeria&hl=en&as_sdt=0,5&as_ylo=2019&as_yhi=2019&as_vis=1"
3,"T Nagamma, NL Madhikarmi, PP Singh","Assessment of oxidative damage and lipid profile levels in tobacco chewers with Type 2 diabetes mellitus",2019,"Bangladesh Journal of …","banglajol.info","https://www.banglajol.info/index.php/BJMS/article/view/39554","https://scholar.google.com/scholar?cites=11058990111406192704&as_sdt=2005&sciodt=0,5&hl=en",696,"2021-07-17 23:32:21","","","","",,,,,3,1.50,1,3,2,"… Atherogenic index of plasma as useful predictor of cardiovascular risk among postmenopausal women in Enugu Nigeria … Katzmarzyk PT, Srinivasan SR, Chen W, Malina RM, Bouchard C, Gerald S. Berenson Body Mass Index, Waist Circumference, and Clustering of …","https://www.banglajol.info/index.php/BJMS/article/download/39554/29861","https://scholar.google.com/scholar?q=related:QHjszOlseZkJ:scholar.google.com/&scioq=%22waist+circumference%22+nigeria&hl=en&as_sdt=0,5&as_ylo=2019&as_yhi=2019&as_vis=1"
0,"A Sharma, RP Sharma","Erectile Dysfunction: The Male Stigma",2019,"International Journal of Surgery and Medicine","ejos.org","http://ejos.org/fulltext/136-1562165840.pdf","",697,"2021-07-17 23:32:21","PDF","","","",,,,,0,0.00,0,2,2,"… The age-adjusted prevalence rates of ED is reported to be 57.4% in the primary care facility in Nigeria, 63.6% in Egypt, and … should be subjected to different physi- cal examination such as meas-urement of blood pressure, body mass index, and waist circumference to assess …","http://ejos.org/fulltext/136-1562165840.pdf","https://scholar.google.com/scholar?q=related:b-x8U0pPb6gJ:scholar.google.com/&scioq=%22waist+circumference%22+nigeria&hl=en&as_sdt=0,5&as_ylo=2019&as_yhi=2019&as_vis=1"
0,"HM Tayabali","Subclinical Atherosclerosis in Diabetic Patients in Knh Diabetic Outpatient Clinic",2019,"","erepository.uonbi.ac.ke","http://erepository.uonbi.ac.ke/bitstream/handle/11295/108161/Tayabali_Subclinical%20Atherosclerosis%20in%20Diabetic%20Patients%20in%20Knh%20Diabetic%20Outpatient%20Clinic.pdf?sequence=1","",698,"2021-07-17 23:32:21","PDF","","","",,,,,0,0.00,0,1,2,"… Study participants' medical records were examined to obtain socio-demographic and clinical data. Study subjects underwent a clinical assessment of their weight, height, body mass index (BMI), waist circumference, hip circumference, waist hip ratio and blood pressure …","http://erepository.uonbi.ac.ke/bitstream/handle/11295/108161/Tayabali_Subclinical%20Atherosclerosis%20in%20Diabetic%20Patients%20in%20Knh%20Diabetic%20Outpatient%20Clinic.pdf?sequence=1","https://scholar.google.com/scholar?q=related:iJQTeFZlSNMJ:scholar.google.com/&scioq=%22waist+circumference%22+nigeria&hl=en&as_sdt=0,5&as_ylo=2019&as_yhi=2019&as_vis=1"
16,"A Cheng, MN Raai, NAM Zain, F Massawe, A Singh…","In search of alternative proteins: unlocking the potential of underutilized tropical legumes",2019,"Food Security","Springer","https://link.springer.com/article/10.1007/s12571-019-00977-0","https://scholar.google.com/scholar?cites=14350673757225780975&as_sdt=2005&sciodt=0,5&hl=en",699,"2021-07-17 23:32:21","","10.1007/s12571-019-00977-0","","",,,,,16,8.00,3,6,2,"Protein is one of the essential nutrients required for almost every task of a human's cellular life. Severe protein malnutrition, which can cause af.","","https://scholar.google.com/scholar?q=related:74b2wr_VJ8cJ:scholar.google.com/&scioq=%22waist+circumference%22+nigeria&hl=en&as_sdt=0,5&as_ylo=2019&as_yhi=2019&as_vis=1"
0,"M Hamidullah","The association of body mass index values with severity and phenotype of sleep-disordered breathing",2019,"Tuberk Toraks","tuberktoraks.org","http://www.tuberktoraks.org/managete/fu_folder/2019-04/2019-67-4-265-271.pdf","",700,"2021-07-17 23:32:21","PDF","","","",,,,,0,0.00,0,1,2,"… Weight 87.6 15.0 50.0 170.0 0.01 Waist circumference (cm) 107.9 10.9 74.0 160.0 0.00 Neck circumference (cm) 40.5 2.9 10.0 54.0 0.00 … Obesity and obstructive sleep apnea risk among Nigerians. J Med Trop 2017;19:110-5. 12. Garvey JF, Pengo MF, Drakatos P, Kent BD …","http://www.tuberktoraks.org/managete/fu_folder/2019-04/2019-67-4-265-271.pdf","https://scholar.google.com/scholar?q=related:pu8jM3eHn-QJ:scholar.google.com/&scioq=%22waist+circumference%22+nigeria&hl=en&as_sdt=0,5&as_ylo=2019&as_yhi=2019&as_vis=1"
0,"AM Elemam, AM Ismail…","Obese Family Members of Chronic Renal Failure Patients are at Higher Risk for Developing Kidney Diseases: In a Cross-sectional Study",2019,"Sudan Journal of Medical …","researchgate.net","https://www.researchgate.net/profile/Amar-Ismail-2/publication/336459553_Obese_Family_Members_of_Chronic_Renal_Failure_Patients_are_at_Higher_Risk_for_Developing_Kidney_Diseases_In_a_Cross-sectional_Study/links/5da173ed45851553ff88ed1f/Obese-Family-Members-of-Chronic-Renal-Failure-Patients-are-at-Higher-Risk-for-Developing-Kidney-Diseases-In-a-Cross-sectional-Study.pdf","",701,"2021-07-17 23:32:21","PDF","","","",,,,,0,0.00,0,3,2,"… Chukwuonye ME, Obi EC, Oviasu E. Prevalence of chronic kidney disease in Nigeria: systematic review of population-based studies. International journal of nephrology … and waist circumference and waist-to-height ratio in Chinese urban adults. Medicine. 2016 Jun;95(25) …","https://www.researchgate.net/profile/Amar-Ismail-2/publication/336459553_Obese_Family_Members_of_Chronic_Renal_Failure_Patients_are_at_Higher_Risk_for_Developing_Kidney_Diseases_In_a_Cross-sectional_Study/links/5da173ed45851553ff88ed1f/Obese-Family-Members-of-Chronic-Renal-Failure-Patients-are-at-Higher-Risk-for-Developing-Kidney-Diseases-In-a-Cross-sectional-Study.pdf","https://scholar.google.com/scholar?q=related:v8dhBu_6ySAJ:scholar.google.com/&scioq=%22waist+circumference%22+nigeria&hl=en&as_sdt=0,5&as_ylo=2019&as_yhi=2019&as_vis=1"
1,"JC Mwita","Statin prescription among patients with type 2 diabetes at a specialised diabetes clinic, Botswana",2019,"","scholar.sun.ac.za","https://scholar.sun.ac.za/bitstream/handle/10019.1/106905/nwita_statin_2019.pdf?sequence=1","https://scholar.google.com/scholar?cites=5895703926157895590&as_sdt=2005&sciodt=0,5&hl=en",702,"2021-07-17 23:32:21","PDF","","","",,,,,1,0.50,1,1,2,"… AA, Ogbera AO, Ogbu OO, Oli JM, Girei BA, Adamu A: Profile of Nigerians with diabetes … risks in sub- Saharan Africa: a review of the evidence for Ghana, Nigeria, South Africa … World Health Organization: Waist circumference and waist-hip ratio: report of a WHO expert consultation …","https://scholar.sun.ac.za/bitstream/handle/10019.1/106905/nwita_statin_2019.pdf?sequence=1","https://scholar.google.com/scholar?q=related:pmeE63u_0VEJ:scholar.google.com/&scioq=%22waist+circumference%22+nigeria&hl=en&as_sdt=0,5&as_ylo=2019&as_yhi=2019&as_vis=1"
0,"S Shoukat, M Jadoon, S Sadiq, U Faryal…","Association of BMI with Blood Glucose Levels in Type 2 Diabetes Mellitus",2019,"National Editorial …","researchgate.net","https://www.researchgate.net/profile/Ghulam-Mujtaba-Dahri/publication/348540904_Anthropometric_Modification_can_be_Useful_for_Gastro-Esophageal_Reflux_Disease_Symptoms_which_Parameter_should_be_Targeted_Most_In_a_Tertiary_Care_Hospital_at_Karachi/links/600c0515a6fdccdcb8736fd9/Anthropometric-Modification-can-be-Useful-for-Gastro-Esophageal-Reflux-Disease-Symptoms-which-Parameter-should-be-Targeted-Most-In-a-Tertiary-Care-Hospital-at-Karachi.pdf#page=131","",703,"2021-07-17 23:32:21","PDF","","","",,,,,0,0.00,0,5,2,"… Several studies consider waist circumference or waist-to-hip ratios as a better anthropometric measure while in Japanese American population … Relationship between casual blood sugar and body mass index in a suburban northern Nigerian population: a short communication …","https://www.researchgate.net/profile/Ghulam-Mujtaba-Dahri/publication/348540904_Anthropometric_Modification_can_be_Useful_for_Gastro-Esophageal_Reflux_Disease_Symptoms_which_Parameter_should_be_Targeted_Most_In_a_Tertiary_Care_Hospital_at_Karachi/links/600c0515a6fdccdcb8736fd9/Anthropometric-Modification-can-be-Useful-for-Gastro-Esophageal-Reflux-Disease-Symptoms-which-Parameter-should-be-Targeted-Most-In-a-Tertiary-Care-Hospital-at-Karachi.pdf#page=131","https://scholar.google.com/scholar?q=related:aVL_I0_dk1gJ:scholar.google.com/&scioq=%22waist+circumference%22+nigeria&hl=en&as_sdt=0,5&as_ylo=2019&as_yhi=2019&as_vis=1"
0,"R Sue, N Jitnarin, ML Vidoni, CM Kaipust…","Epidemiology of Adult Obesity",2019,"Lifestyle …","taylorfrancis.com","https://www.taylorfrancis.com/chapters/edit/10.1201/9781315201108-36/epidemiology-adult-obesity-sue-nattinee-jitnarin-michelle-vidoni-christopher-kaipust-austin-brown","",704,"2021-07-17 23:32:21","","","","",,,,,0,0.00,0,5,2,"… The WHtR is cal- culated by dividing waist circumference by height … Cambodia East Timor India China Ethiopia Japan Kenya Thailand Congo An gua and Barbuda Panama Algeria Uzbekistan Brazil Nigeria Venezuela South Africa Pakistan Fiji Russia Barbados Poland Austria …","","https://scholar.google.com/scholar?q=related:hfKKf6QdXYEJ:scholar.google.com/&scioq=%22waist+circumference%22+nigeria&hl=en&as_sdt=0,5&as_ylo=2019&as_yhi=2019&as_vis=1"
0,"KA Shaw","The Effects of Antiseptic Mouthwash Use and Sodium Intake on Systemic Blood Pressure Regulation and Salivary Nitrate Levels: A Randomized Controlled Crossover …",2019,"","search.proquest.com","https://search.proquest.com/openview/86ad644e1c1e63abeb3f09f5316bc11e/1?pq-origsite=gscholar&cbl=18750&diss=y","",705,"2021-07-17 23:32:21","","","","",,,,,0,0.00,0,1,2,"Page 1. The Effects of Antiseptic Mouthwash Use and Sodium Intake on Systemic Blood Pressure Regulation and Salivary Nitrate Levels: A Randomized Controlled Crossover Trial by Karrol Anne Shaw A Thesis Presented in …","https://repository.asu.edu/attachments/221644/content/Shaw_asu_0010N_19219.pdf","https://scholar.google.com/scholar?q=related:wwQh65H1S-cJ:scholar.google.com/&scioq=%22waist+circumference%22+nigeria&hl=en&as_sdt=0,5&as_ylo=2019&as_yhi=2019&as_vis=1"
0,"V Masocha","Two-year longitudinal changes in body composition, physical activity and TV watching in relation to selected metabolic risk factors: the PAHL study",2019,"","repository.nwu.ac.za","http://repository.nwu.ac.za/handle/10394/32786","",706,"2021-07-17 23:32:21","","","","",,,,,0,0.00,0,1,2,"… Activity Questionnaire (IPAQ). Abdominal obesity was determined using waist circumference (WC) measurements, and blood pressure (BP) was determined by Omron MIT Elite Plus, while TV watching … WC : Waist circumference WHO : World Health Organization …","http://repository.nwu.ac.za/bitstream/handle/10394/32786/Masocha_V.pdf?sequence=1",""
0,"L Xue","Correlation between SES and BMI and gender-disparity of mediation of lifestyle among Chinese people aged 45 and over",2019,"","researchsquare.com","https://www.researchsquare.com/article/rs-6739/latest.pdf","",707,"2021-07-17 23:32:21","PDF","","","",,,,,0,0.00,0,1,2,"Page 1. 1 Preprint: Please note that this article has not completed peer review. Correlation between SES and BMI and gender- disparity of mediation of lifestyle among Chinese people aged 45 and over CURRENT STATUS: POSTED Li Xue Sichuan University xiaohui ren …","https://www.researchsquare.com/article/rs-6739/latest.pdf","https://scholar.google.com/scholar?q=related:LGutXX_FRioJ:scholar.google.com/&scioq=%22waist+circumference%22+nigeria&hl=en&as_sdt=0,5&as_ylo=2019&as_yhi=2019&as_vis=1"
1,"R Singh, I Kazmi, M Afzal, F Imam…","Dietary Phytochemicals and Their Potential Effects on Diabetes Mellitus 2",2019,"Plant and Human Health …","Springer","https://link.springer.com/chapter/10.1007/978-3-030-04408-4_4","https://scholar.google.com/scholar?cites=2866595177857702785&as_sdt=2005&sciodt=0,5&hl=en",708,"2021-07-17 23:32:21","","10.1007/978-3-030-04408-4_4","","",,,,,1,0.50,0,5,2,"… 2010). Combretum micranthum is a medicinal plant used for treating diabetes in Northwestern Nigeria … The findings were characterized by significantly decreased body weight, waist circumference, hepatic fat content, and triglyceride and improved liver function tests …","https://www.researchgate.net/profile/Nazim-Mamedov-3/publication/328407685_Phytochemical_Constituents_and_Pharmacological_Effects_of_Liquorice_A_Review/links/5c6ccceba6fdcc404ebef6c2/Phytochemical-Constituents-and-Pharmacological-Effects-of-Liquorice-A-Review.pdf#page=80","https://scholar.google.com/scholar?q=related:gVsOWyAxyCcJ:scholar.google.com/&scioq=%22waist+circumference%22+nigeria&hl=en&as_sdt=0,5&as_ylo=2019&as_yhi=2019&as_vis=1"
0,"PRM Lins","Análise e utilização do indicador antropométrico razão cintura-estatura na avaliação do risco metabólico em adolescentes brasileiros",2019,"","repositorio.ufpb.br","https://repositorio.ufpb.br/jspui/handle/123456789/16276","",709,"2021-07-17 23:32:21","","","","",,,,,0,0.00,0,1,2,"… Variables of sexual maturation (Tanner planks), anthropometric variables (weight, height, waist circumference (CC), and biochemical variables (fasting glucose, fasting insulin, HOMA-IR, total cholesterol and fractions c and HDL- c) and triglycerides), as well as demographic …","https://repositorio.ufpb.br/jspui/bitstream/123456789/16276/1/Arquivototal.pdf","https://scholar.google.com/scholar?q=related:T-6UuyFUj1kJ:scholar.google.com/&scioq=%22waist+circumference%22+nigeria&hl=en&as_sdt=0,5&as_ylo=2019&as_yhi=2019&as_vis=1"
0,"R Alonso Domínguez","Efectividad de una intervención multifactorial basada en la mejora de la dieta y la actividad física, en pacientes con Diabetes mellitus tipo 2, en Atención Primaria",2019,"","gredos.usal.es","https://gredos.usal.es/handle/10366/140354","",710,"2021-07-17 23:32:21","","","","",,,,,0,0.00,0,1,2,"… In the bio- chemical variables, there was a significant improvement in the IG relative to the CG in BMI (−0.3 kg/m) and in the waist circumference (−2.3 cm) (P<0.05 for all) … Waist Circumference, cm 104.9 (13.1) 102.2 (11.5) 0.113 …","https://gredos.usal.es/bitstream/handle/10366/140354/DME_AlonsoDom%C3%ADnguezR_Intervenci%C3%B3nMultifactorialDiabetesII.pdf?sequence=1","https://scholar.google.com/scholar?q=related:bL3ZvDWlj58J:scholar.google.com/&scioq=%22waist+circumference%22+nigeria&hl=en&as_sdt=0,5&as_ylo=2019&as_yhi=2019&as_vis=1"
1,"HYA Alsaghah, MJM Alkhabbaz, NAM AlAithan…","Hypertension and associated morbidity in Saudi Arabia: a cross-sectional study",2019,"Atherosclerosis","ijmdc.com","http://ijmdc.com/?mno=21810&html=1","https://scholar.google.com/scholar?cites=6492323733757299354&as_sdt=2005&sciodt=0,5&hl=en",711,"2021-07-17 23:32:21","HTML","","","",,,,,1,0.50,0,4,2,"… in obese patients [3–5]. Criteria for obesity have been written regarding both the body mass index (BMI) and the waist circumference; in other … J. 2000;21(4):340-3. Amodu PH, Mbah IO, Lawson L. Prevalence of obesity and dyslipidemia in hypertensives seen in Abuja, Nigeria …","http://ijmdc.com/?mno=21810&html=1","https://scholar.google.com/scholar?q=related:mgpxvQleGVoJ:scholar.google.com/&scioq=%22waist+circumference%22+nigeria&hl=en&as_sdt=0,5&as_ylo=2019&as_yhi=2019&as_vis=1"
7,"TL Yeh, HH Chen, HH Chiu, YH Chiu…","Morbidity associated with overweight and obesity in health personnel: a 10-year retrospective of hospital-based cohort study in Taiwan",2019,"… syndrome and obesity …","ncbi.nlm.nih.gov","https://www.ncbi.nlm.nih.gov/pmc/articles/PMC6410747/","https://scholar.google.com/scholar?cites=10460456616105672586&as_sdt=2005&sciodt=0,5&hl=en",712,"2021-07-17 23:32:21","HTML","","","",,,,,7,3.50,1,5,2,"… Second, we only addressed overweight and obesity as defined by BMI. Central obesity measured by waist circumference was not evaluated. Further research focusing on central obesity or metabolic syndrome would provide useful information …","https://www.ncbi.nlm.nih.gov/pmc/articles/PMC6410747/","https://scholar.google.com/scholar?q=related:iv9c194BK5EJ:scholar.google.com/&scioq=%22waist+circumference%22+nigeria&hl=en&as_sdt=0,5&as_ylo=2019&as_yhi=2019&as_vis=1"
1,"FM Mohammed, CIA Pambuk","Evaluation of Interleukin 17 A Level and Lipid Profile in Diabetic Female Patients Treated by Metformin and Glimepiride in Kirkuk City Iraq.",2019,"Biomedical and Pharmacology Journal","go.gale.com","https://go.gale.com/ps/i.do?id=GALE%7CA628404720&sid=googleScholar&v=2.1&it=r&linkaccess=abs&issn=09746242&p=HRCA&sw=w","https://scholar.google.com/scholar?cites=15296199860827110797&as_sdt=2005&sciodt=0,5&hl=en",713,"2021-07-17 23:32:21","","","","",,,,,1,0.50,1,2,2,"… (24.) Odenigbo U, Odenigbo U, Oguejiofor O. and Adogu P (2011). Relationship of Waist Circumference, Waist Hip Ratio and Body Mass Index as Predictors of Obesity in Adult Nigerians. Pakistan Journal of Nutrition;, 10(1). (25.) Adeniran Samuel Atiba et al., 2012 …","","https://scholar.google.com/scholar?q=related:jb36DbsER9QJ:scholar.google.com/&scioq=%22waist+circumference%22+nigeria&hl=en&as_sdt=0,5&as_ylo=2019&as_yhi=2019&as_vis=1"
0,"R Kasole","Food related myths and use of alternative medicine in management of type 2 diabetes in northern Tanzania",2019,"","dspace.nm-aist.ac.tz","https://dspace.nm-aist.ac.tz/handle/20.500.12479/1018","",714,"2021-07-17 23:32:21","","","","",,,,,0,0.00,0,1,2,"… TZS Tanzania shillings WC Waist circumference WHO World Health Organization … and lead to insulin resistance (Ebbeling, Pawlak, & Ludwig, 2002; Kerner & Brückel, 2014). Anthropometric measurements involving body mass index, waist circumference and waist …","https://dspace.nm-aist.ac.tz/bitstream/handle/20.500.12479/1018/MSc_LiSe_Rose_Kasole_2020.pdf?sequence=1&isAllowed=y","https://scholar.google.com/scholar?q=related:J0cHLwRARBwJ:scholar.google.com/&scioq=%22waist+circumference%22+nigeria&hl=en&as_sdt=0,5&as_ylo=2019&as_yhi=2019&as_vis=1"
0,"MK Simone, C Madikiny, K Jerome…","Arterial hypertension in a black peri-urban population in west Africa: analysis of some factors",2019,"Int. J. of Multidisciplinary …","ijmcr.com","http://ijmcr.com/wp-content/uploads/2019/11/Paper9764-770.pdf","",715,"2021-07-17 23:32:21","PDF","","","",,,,,0,0.00,0,4,2,"… Abdominal obesity was measured by a tape measure and defined as a waist circumference (WT) to … Blood pressure and educational level among factory workers in Ibadan, Nigeria … prevalence and biosocial determinants of high blood pressure in a group of urban Nigerians …","http://ijmcr.com/wp-content/uploads/2019/11/Paper9764-770.pdf","https://scholar.google.com/scholar?q=related:g_Y3EJNKE-EJ:scholar.google.com/&scioq=%22waist+circumference%22+nigeria&hl=en&as_sdt=0,5&as_ylo=2019&as_yhi=2019&as_vis=1"
0,"R Biritwum, J Figueroa, B Graubard, B Awuah…","Recruiting population controls for case-control studies in sub-Saharan Africa: The Ghana Breast Health Study",,"research.ed.ac.uk","","https://www.research.ed.ac.uk/files/120425400/journal.pone.0215347.pdf","",716,"2021-07-17 23:32:21","PDF","","","",,,,,0,0.00,0,5,,"… questions. Weight, stand- ing height, sitting height, waist circumference, and hip circumference were measured using standardized protocols by trained staff; scales were calibrated periodically using metal weight standards …","https://www.research.ed.ac.uk/files/120425400/journal.pone.0215347.pdf","https://scholar.google.com/scholar?q=related:yJXITcPx5SMJ:scholar.google.com/&scioq=%22waist+circumference%22+nigeria&hl=en&as_sdt=0,5&as_ylo=2019&as_yhi=2019&as_vis=1"
2,"YF Li, D Wang, B Li, L Dong, G Sun","Development of Arsenic Removal Technology from Drinking Water in Developing Countries",2019,"Arsenic Contamination in Asia","Springer","https://link.springer.com/chapter/10.1007/978-981-13-2565-6_10","https://scholar.google.com/scholar?cites=9611902652413690145&as_sdt=2005&sciodt=0,5&hl=en",717,"2021-07-17 23:32:21","","10.1007/978-981-13-2565-6_10","","",,,,,2,1.00,0,5,2,"… 1]. It has been estimated that more than 30 developing countries around the world were influenced by the arsenic contamination, including Bangladesh, India, China, Vietnam, Thailand, Argentina, Chile, Bolivia, Mexico, Nepal, Pakistan, Afghanistan, Mali, Nigeria, and so on [2, 3 …","","https://scholar.google.com/scholar?q=related:IcHATIlWZIUJ:scholar.google.com/&scioq=%22waist+circumference%22+nigeria&hl=en&as_sdt=0,5&as_ylo=2019&as_yhi=2019&as_vis=1"
0,"M Fuentes-Guajardo","Identification of genes responsible for the variation in facial and teeth morphology in Latin Americans",2019,"","discovery.ucl.ac.uk","https://discovery.ucl.ac.uk/id/eprint/10087617/","",718,"2021-07-17 23:32:21","","","","",,,,,0,0.00,0,1,2,"Page 1. 1 Identification of genes responsible for the variation in facial and teeth morphology in Latin Americans A Thesis submitted for the Degree of Doctor of Philosophy Author: Macarena Fuentes-Guajardo Supervisors: Prof. Andrés Ruiz-Linares Prof. Claudio Stern …","https://discovery.ucl.ac.uk/id/eprint/10087617/3/Fuentes%20Guajardo_10087617_thesis.pdf","https://scholar.google.com/scholar?q=related:wwSeNucVsYIJ:scholar.google.com/&scioq=%22waist+circumference%22+nigeria&hl=en&as_sdt=0,5&as_ylo=2019&as_yhi=2019&as_vis=1"
4,"I Desormais, V Aboyans, M Guerchet…","Body mass index and peripheral arterial disease, a “U-shaped” relationship in elderly African population–the EPIDEMCA study",2019,"Vasa","econtent.hogrefe.com","https://econtent.hogrefe.com/doi/full/10.1024/0301-1526/a000825","https://scholar.google.com/scholar?cites=10578467464753209132&as_sdt=2005&sciodt=0,5&hl=en",719,"2021-07-17 23:32:21","HTML","10.1024/0301-1526","","",,,,,4,2.00,1,4,2,"… 2 ) [14]. Abdominal obesity was determined following the recommended waist circumference thresholds (80 cm for women and 94 cm in men) in sub-Saharan Africans [15]. Ankle-brachial index and PAD. Ankle-brachial index …","https://econtent.hogrefe.com/doi/full/10.1024/0301-1526/a000825","https://scholar.google.com/scholar?q=related:LF-ksBxEzpIJ:scholar.google.com/&scioq=%22waist+circumference%22+nigeria&hl=en&as_sdt=0,5&as_ylo=2019&as_yhi=2019&as_vis=1"
16,"FS Sarfo, M Nichols, B Agyei, A Singh, E Ennin…","Burden of subclinical carotid atherosclerosis and vascular risk factors among people living with HIV in Ghana",2019,"Journal of the …","Elsevier","https://www.sciencedirect.com/science/article/pii/S0022510X18305124","https://scholar.google.com/scholar?cites=4125917005450069066&as_sdt=2005&sciodt=0,5&hl=en",720,"2021-07-17 23:32:21","","","","",,,,,16,8.00,3,6,2,"JavaScript is disabled on your browser. Please enable JavaScript to use all the features on this page. Skip to main content Skip to article …","https://www.ncbi.nlm.nih.gov/pmc/articles/pmc6368351/","https://scholar.google.com/scholar?q=related:SkSYCqgzQjkJ:scholar.google.com/&scioq=%22waist+circumference%22+nigeria&hl=en&as_sdt=0,5&as_ylo=2019&as_yhi=2019&as_vis=1"
0,"RMA de Carvalho, DJS da Costa, DY Pureza…","ACURÁCIA DOS PONTOS DE CORTES DE IMC BASEADO NO CRITÉRIO DA OMS PARA SOBREPESO/OBESIDADE EM ADOLESCENTES EM MACAPÁ, AP …",,"temasemsaude.com","","http://temasemsaude.com/wp-content/uploads/2019/10/19501.pdf","",721,"2021-07-17 23:32:21","PDF","","","",,,,,0,0.00,0,4,,"… Validity of body mass index and waist circumference in the classification of obesity as compared to percent body fat in Chinese middle-aged women … Relation between body mass index and body fat in black population samples from Nigeria, Jamaica, and the United States …","http://temasemsaude.com/wp-content/uploads/2019/10/19501.pdf","https://scholar.google.com/scholar?q=related:RdjW-fFfPikJ:scholar.google.com/&scioq=%22waist+circumference%22+nigeria&hl=en&as_sdt=0,5&as_ylo=2019&as_yhi=2019&as_vis=1"
2,"MM Kolokoltsev, SS Iermakov","Morphofunctional and motor characteristics of Baikal region's students (Russia) with overweight",2019,"Pedagogics, psychology, medical …","cyberleninka.ru","https://cyberleninka.ru/article/n/18214250","https://scholar.google.com/scholar?cites=16559600226386470887&as_sdt=2005&sciodt=0,5&hl=en",722,"2021-07-17 23:32:21","HTML","","","",,,,,2,1.00,1,2,2,"… 2015;13(1 ):83. https://doi.org/10.3390/ijerph13010083. 16.Rivera-Soto WT, Rodriguez-Figueroa L. Is Waist-to-Height Ratio a Better Obesity Risk-Factor Indicator for Puerto Rican Children than is BMI or Waist Circumference? Puerto Rico Health Sciences Journal …","https://cyberleninka.ru/article/n/18214250","https://scholar.google.com/scholar?q=related:52c-XKuEz-UJ:scholar.google.com/&scioq=%22waist+circumference%22+nigeria&hl=en&as_sdt=0,5&as_ylo=2019&as_yhi=2019&as_vis=1"
0,"DA Nyakotey","Investigating the Impact of Nutrition and Physical Activity on Cardiometabolic Diseases among Adults in Kumasi, Ghana",2019,"","ir.knust.edu.gh","http://ir.knust.edu.gh/handle/123456789/11780","",723,"2021-07-17 23:32:21","","","","",,,,,0,0.00,0,1,2,"… Treatment Panel III RDA Recommended Dietary Allowance SBP Systolic Blood Pressure SPSS Statistical Package for the Social Sciences T2DM Type 2 Diabetes Mellitus TC Total Cholesterol TG Triglyceride µg/dL Microgram per deciliter WC Waist Circumference WHR Waist …","http://ir.knust.edu.gh/bitstream/123456789/11780/1/David%20Adjatey%20Nyakotey.pdf","https://scholar.google.com/scholar?q=related:RpsgytDCvX8J:scholar.google.com/&scioq=%22waist+circumference%22+nigeria&hl=en&as_sdt=0,5&as_ylo=2019&as_yhi=2019&as_vis=1"
0,"R CHERONO","DIETARY PRACTICES, BODY IMAGE, PHYSICAL ACTIVITY LEVEL AND NUTRITION STATUS OF POSTPARTUM WOMEN IN NAIROBI CITY COUNTY …",2019,"","ir-library.ku.ac.ke","https://ir-library.ku.ac.ke/bitstream/handle/123456789/20480/Dietary%20Practices,%20Body%20Image,%20Physical%20Activity.....pdf?sequence=1","",724,"2021-07-17 23:32:21","PDF","","","",,,,,0,0.00,0,1,2,"… 95 APPENDIX C: WHO BMI CLASIFICATION (WHO, 2015) .... 113 APPENDIX D: WAIST CIRCUMFERENCE RISK CATEGORIES ..... 114 … 43 Figure 4.7: Desired weight change by waist circumference ..... 44 Page 11. xi …","https://ir-library.ku.ac.ke/bitstream/handle/123456789/20480/Dietary%20Practices,%20Body%20Image,%20Physical%20Activity.....pdf?sequence=1","https://scholar.google.com/scholar?q=related:MowK_SBNE7sJ:scholar.google.com/&scioq=%22waist+circumference%22+nigeria&hl=en&as_sdt=0,5&as_ylo=2019&as_yhi=2019&as_vis=1"
0,"J Sunaryo","Hubungan antara menarke dini dengan obesitas pada usia 15-18 tahun",2019,"SKRIPSI-2019","repository.trisakti.ac.id","http://repository.trisakti.ac.id/usaktiana/index.php/home/detail/detail_koleksi/6/SKR/penerbit/00000000000000099773/6","",725,"2021-07-17 23:32:21","","","","",,,,,0,0.00,0,1,2,"… The association of fasting blood glucose (FBG) and waist circumference in northern adults in Iran: a population based study. J Diabetes Metab Disord … 46. Tunau K, Adamu A, Hassan M, Ahmed Y, Ekele B. Age at menarche among school girls in Sokoto, Northern Nigeria …","http://repository.trisakti.ac.id/usaktiana/digital/00000000000000099773/2019_TA_KD_03015094_Daftar-pustaka.pdf","https://scholar.google.com/scholar?q=related:51Di-y0QergJ:scholar.google.com/&scioq=%22waist+circumference%22+nigeria&hl=en&as_sdt=0,5&as_ylo=2019&as_yhi=2019&as_vis=1"
1,"NI Siddiqui, A Soni, SA Khan","Association of ABO blood types and novel obesity markers in healthy adolescents",2019,"Journal of education and health …","ncbi.nlm.nih.gov","https://www.ncbi.nlm.nih.gov/pmc/articles/PMC6745878/","https://scholar.google.com/scholar?cites=15692003633327759440&as_sdt=2005&sciodt=0,5&hl=en",726,"2021-07-17 23:32:21","HTML","","","",,,,,1,0.50,0,3,2,"… Association of ABO and Rh blood groups, haemoglobin genotype and diabetes mellitus in diabetic and non-diabetic sticklers in a population of Nigerians. Afr J Appl Zool Environ Biol … The use of BMI and waist circumference as surrogates of body fat differs by ethnicity …","https://www.ncbi.nlm.nih.gov/pmc/articles/PMC6745878/","https://scholar.google.com/scholar?q=related:UOCjKioyxdkJ:scholar.google.com/&scioq=%22waist+circumference%22+nigeria&hl=en&as_sdt=0,5&as_ylo=2019&as_yhi=2019&as_vis=1"
0,"DK Vijayan, LS Ani","Eating habits and knowledge of nutrition status among medical students of Medical Faculty, Udayana University",,"isainsmedis.id","","https://www.isainsmedis.id/index.php/ism/article/view/406","",727,"2021-07-17 23:32:21","","","","",,,,,0,0.00,0,2,,"… research methods, nutrition knowledge, attitudes and practices, socio-demographic factors, food frequency, weight, height, waist circumference (WC) and … nutritional status and knowledge of students from selected secondary schools in Sokoto metropolis, Sokoto State, Nigeria …","https://www.isainsmedis.id/index.php/ism/article/viewFile/406/299","https://scholar.google.com/scholar?q=related:stVGvigG4kkJ:scholar.google.com/&scioq=%22waist+circumference%22+nigeria&hl=en&as_sdt=0,5&as_ylo=2019&as_yhi=2019&as_vis=1"
2,"MA Rahman, MM Rahman, MM Rahman, SS Jesmin","The double burden of under-and overnutrition among Bangladeshi women: Socioeconomic and community-level inequalities",2019,"Plos one","journals.plos.org","https://journals.plos.org/plosone/article?id=10.1371/journal.pone.0219968","https://scholar.google.com/scholar?cites=10646372918731104498&as_sdt=2005&sciodt=0,5&hl=en",728,"2021-07-17 23:32:21","HTML","","","",,,,,2,1.00,1,4,2,"Background The prevalence of overweightness in Bangladesh is increasing, while underweightness also continues to persist. A better understanding of the patterns and socioeconomic risk factors of both conditions, particularly among women, is critical in order to …","https://journals.plos.org/plosone/article?id=10.1371/journal.pone.0219968","https://scholar.google.com/scholar?q=related:8mBOP8ODv5MJ:scholar.google.com/&scioq=%22waist+circumference%22+nigeria&hl=en&as_sdt=0,5&as_ylo=2019&as_yhi=2019&as_vis=1"
2,"H Khodabakhshi, A Tiyuri, E Yari…","Prevalence of non-communicable disease risk factors among the elderly of Birjand in 2014",2019,"Iranian Journal of …","eprints.mums.ac.ir","http://eprints.mums.ac.ir/18470/","https://scholar.google.com/scholar?cites=587095114871278786&as_sdt=2005&sciodt=0,5&hl=en",729,"2021-07-17 23:32:21","","","","",,,,,2,1.00,1,4,2,"Page 1. 52 Spring 2019. Vol 14. Num 1 * Corresponding Author: Amir Tiyuri, PhD. Address: Department of Epidemiology, School of Public Health, Iran University of Medical Sciences, Tehran, Iran. Tel: +98 (936) 8896017 E-mail: amir.turi@yahoo.com …","http://eprints.mums.ac.ir/18470/1/Prevalence%20of%20non-communicable%20disease%20risk%20factors%20among%20the%20elderly%20of%20Birjand%20in%202014.pdf","https://scholar.google.com/scholar?q=related:wgxFe-XHJQgJ:scholar.google.com/&scioq=%22waist+circumference%22+nigeria&hl=en&as_sdt=0,5&as_ylo=2019&as_yhi=2019&as_vis=1"
0,"D De Beer","Left ventricular structure and urinary metabolomics in young adults: the African-PREDICT study",2019,"","repository.nwu.ac.za","http://repository.nwu.ac.za/handle/10394/33748","",730,"2021-07-17 23:32:21","","","","",,,,,0,0.00,0,1,2,"… hour dietary recall questionnaire. Anthropometric measurements included body height and weight to calculate body mass index, as well as waist circumference. Body surface area was additionally calculated. Twenty-four-hour …","http://repository.nwu.ac.za/bitstream/handle/10394/33748/De%20Beer_D.pdf?sequence=1","https://scholar.google.com/scholar?q=related:3YXNksUYl3YJ:scholar.google.com/&scioq=%22waist+circumference%22+nigeria&hl=en&as_sdt=0,5&as_ylo=2019&as_yhi=2019&as_vis=1"
6,"CT Ndagire, JH Muyonga…","Fruit and vegetable consumption, leisure‐time physical activity, and sedentary behavior among children and adolescent students in Uganda",2019,"Food science & …","Wiley Online Library","https://onlinelibrary.wiley.com/doi/abs/10.1002/fsn3.883","https://scholar.google.com/scholar?cites=13535560923767892165&as_sdt=2005&sciodt=0,5&hl=en",731,"2021-07-17 23:32:21","","10.1002/fsn3.883","","",,,,,6,3.00,2,3,2,"… intake. Thus, the diets of children and adolescents are most likely to be low in micronutrients, fiber, and are consequently associated with a high waist circumference and therefore overweight and obesity (Francis et al., 2009) …","https://onlinelibrary.wiley.com/doi/pdf/10.1002/fsn3.883","https://scholar.google.com/scholar?q=related:xejXGPL417sJ:scholar.google.com/&scioq=%22waist+circumference%22+nigeria&hl=en&as_sdt=0,5&as_ylo=2019&as_yhi=2019&as_vis=1"
2,"J Li, SC Yang, TJ Moullaali, R Chen…","Sex differences in blood pressure after stroke: a systematic review and meta-analysis",2019,"Journal of …","journals.lww.com","https://journals.lww.com/jhypertension/Fulltext/2019/10000/Sex_differences_in_blood_pressure_after_stroke__a.12.aspx","https://scholar.google.com/scholar?cites=8645613080782322578&as_sdt=2005&sciodt=0,5&hl=en",732,"2021-07-17 23:32:21","","","","",,,,,2,1.00,0,5,2,"Objectives: Evidence about sex differences in blood pressure (BP) at the time of acute stroke pres.","","https://scholar.google.com/scholar?q=related:kjuAYUpj-3cJ:scholar.google.com/&scioq=%22waist+circumference%22+nigeria&hl=en&as_sdt=0,5&as_ylo=2019&as_yhi=2019&as_vis=1"
1,"JH Hwang","Treatment of postpill amenorrhea with abdominal obesity by traditional Korean medicine treatment focused on pharmacopuncture and moxibustion: A case …",2019,"Medicine","ncbi.nlm.nih.gov","https://www.ncbi.nlm.nih.gov/pmc/articles/PMC6736472/","https://scholar.google.com/scholar?cites=9657453434707983075&as_sdt=2005&sciodt=0,5&hl=en",733,"2021-07-17 23:32:21","HTML","","","",,,,,1,0.50,1,1,2,"… Birth control pills profile of acceptors at the University of Port Harcourt Teaching Hospital, Port Harcourt Nigeria … Google Scholar]. [28] Janssen I, Katzmarzyk PT, Ross R. Body mass index is inversely related to mortality in older people after adjustment for waist circumference …","https://www.ncbi.nlm.nih.gov/pmc/articles/PMC6736472/","https://scholar.google.com/scholar?q=related:4zqlQrsqBoYJ:scholar.google.com/&scioq=%22waist+circumference%22+nigeria&hl=en&as_sdt=0,5&as_ylo=2019&as_yhi=2019&as_vis=1"
0,"EC Johns, DQ Stoye, L Yang, RM Reynolds","Influence of Maternal Obesity on the Long-Term Health of Offspring",2019,"Early Life Origins of Ageing …","Springer","https://link.springer.com/chapter/10.1007/978-3-030-24958-8_11","",734,"2021-07-17 23:32:21","","10.1007/978-3-030-24958-8_11","","",,,,,0,0.00,0,4,2,"… For example, increases of 69.1% in Pakistan, 72.7%% in Indonesia and 96.9% in Nigeria were identified in analyses using WHO data … 1.27–1.95, p < 0.001), body fat percentage > 85th percentile (OR 1.35, 95% CI 1.08–1.68, p = 0.007) and waist circumference > 85th percentile …","","https://scholar.google.com/scholar?q=related:dpsuWTkxJFYJ:scholar.google.com/&scioq=%22waist+circumference%22+nigeria&hl=en&as_sdt=0,5&as_ylo=2019&as_yhi=2019&as_vis=1"
5,"M Costa, TR Rojas, D Lacoste, V Villes…","Sleep disturbances in HIV-HCV coinfected patients: indications for clinical management in the HCV cure era (ANRS CO13 HEPAVIH cohort)",2019,"European journal of …","journals.lww.com","https://journals.lww.com/eurojgh/Fulltext/2019/12000/Sleep_disturbances_in_HIV_HCV_coinfected_patients_.5.aspx","https://scholar.google.com/scholar?cites=4282229374508652141&as_sdt=2005&sciodt=0,5&hl=en",735,"2021-07-17 23:32:21","","","","",,,,,5,2.50,1,5,2,"Objectives Although common among patients coinfected with HIV and hepatitis C virus (HCV), sleep d.","","https://scholar.google.com/scholar?q=related:bdZUiu2IbTsJ:scholar.google.com/&scioq=%22waist+circumference%22+nigeria&hl=en&as_sdt=0,5&as_ylo=2019&as_yhi=2019&as_vis=1"
0,"OE Abd Elmoneim, FHE Humida…","Assessment of Knowledge, Attitudes and Practice of Community Pharmacists towards Weight Management in Khartoum State, Sudan",2019,"Journal of Advances …","journaljammr.com","http://www.journaljammr.com/index.php/JAMMR/article/view/30312","",736,"2021-07-17 23:32:21","","","","",,,,,0,0.00,0,3,2,"… (2) Awofadeju Stephen Olajide, Wesley Guild Hospital Ilesha, Obafemi Awolowo University Teaching Hospital, Nigeria … to have a much more visible and active role in improving public health and specifically measurement of BMI and waist circumference, weight-management to …","https://www.journaljammr.com/index.php/JAMMR/article/download/30312/56875","https://scholar.google.com/scholar?q=related:Fc0PcR3EaTQJ:scholar.google.com/&scioq=%22waist+circumference%22+nigeria&hl=en&as_sdt=0,5&as_ylo=2019&as_yhi=2019&as_vis=1"
0,"MR Muyinda","Physical activity and associated factors among type 2 Diabetes Mellitus Patients (Aged≥ 20 Years) Attending Care at Kiruddu Hospital",2019,"","196.43.133.120","http://196.43.133.120/handle/20.500.12281/6853","",737,"2021-07-17 23:32:21","","","","",,,,,0,0.00,0,1,2,"… 33 Table 4-4 Waist circumference of respondents ..... 33 … inactive participants ..... 49 Table 4-20 Waist circumference of active vs. inactive participants ..... 49 …","http://196.43.133.120/bitstream/handle/20.500.12281/6853/Muyinda_CAES_B.HUM.pdf?sequence=2&isAllowed=y","https://scholar.google.com/scholar?q=related:pZ4hei71QNUJ:scholar.google.com/&scioq=%22waist+circumference%22+nigeria&hl=en&as_sdt=0,5&as_ylo=2019&as_yhi=2019&as_vis=1"
0,"A Businge","PREVALENCE OF AND RISK FACTORS FOR HYPERTENSION AMONG MAKERERE UNIVERSITY TEACHING STAFF",2019,"","dissertations.mak.ac.ug","http://dissertations.mak.ac.ug/handle/20.500.12281/6645","",738,"2021-07-17 23:32:21","","","","",,,,,0,0.00,0,1,2,"… (Diaz & Shimbo, 2013). Almost a quarter of Nigerians have been found to be physically inactive (19.2%), with more females (28.7%) than males (14.5%) being affected … et al., 2014). High waist circumference is associated with a 2-fold risk than normal waist circumference …","http://dissertations.mak.ac.ug/bitstream/handle/20.500.12281/6645/BUSINGE-MAKCHS-BSN.pdf?sequence=1","https://scholar.google.com/scholar?q=related:BSn8zNJCuc8J:scholar.google.com/&scioq=%22waist+circumference%22+nigeria&hl=en&as_sdt=0,5&as_ylo=2019&as_yhi=2019&as_vis=1"
0,"RB Asante","Determining the glycemic load of boiled yam, cassava and plantain in Abura, Central Region of Ghana",2019,"","ir.ucc.edu.gh","https://ir.ucc.edu.gh/xmlui/handle/123456789/4225","",739,"2021-07-17 23:32:21","","","","",,,,,0,0.00,0,1,2,"Page 1. UNIVERSITY OF CAPE COAST DETERMINING THE GLYCEMIC LOAD OF BOILED YAM, CASSAVA AND PLANTAIN IN ABURA, CENTRAL REGION OF GHANA ROSINA BONYAH ASANTE 2019 © University of Cape Coast https://erl.ucc.edu.gh/jspui …","https://ir.ucc.edu.gh/xmlui/bitstream/handle/123456789/4225/ASANTE%202019.pdf?sequence=1&isAllowed=y","https://scholar.google.com/scholar?q=related:o7pl7MoEs18J:scholar.google.com/&scioq=%22waist+circumference%22+nigeria&hl=en&as_sdt=0,5&as_ylo=2019&as_yhi=2019&as_vis=1"
0,"I Goni","Machine Learning Algorithms and Wireless Sensor Network Applied to Medical Diagnosis: A Systematic",2019,"American Journal of Electromagnetics and …","pdfs.semanticscholar.org","https://pdfs.semanticscholar.org/b6d2/e9b43164ee59b73eed54d7830177dc816b3a.pdf","",740,"2021-07-17 23:32:21","PDF","","","",,,,,0,0.00,0,1,2,"… Department of Computer Science, Faculty of Science, Adamawa State University, Mubi, Nigeria … were developed on the basis of Body Mass Index, Waist Circumference and Weight to … of Mycobacterium Tuberculosis” 36th Annual Conference of the Nigerian Mathematical Society …","https://pdfs.semanticscholar.org/b6d2/e9b43164ee59b73eed54d7830177dc816b3a.pdf","https://scholar.google.com/scholar?q=related:eecMZmtnQ9QJ:scholar.google.com/&scioq=%22waist+circumference%22+nigeria&hl=en&as_sdt=0,5&as_ylo=2019&as_yhi=2019&as_vis=1"
1,"S Baral, AB Hamal, SK BK, S Gupta, M Sigdel…","Assessment of lipid abnormalities and cardiovascular risk indices in type 2 diabetes mellitus",2019,"Asian Journal of …","nepjol.info","https://www.nepjol.info/index.php/AJMS/article/view/25337","https://scholar.google.com/scholar?cites=10404220364620471988&as_sdt=2005&sciodt=0,5&hl=en",741,"2021-07-17 23:32:21","","","","",,,,,1,0.50,0,6,2,"… S, Choudury KA, Verma P, Jain N and Garg N. Association of lipid profile, body mass index, and waist circumference as cardiovascular … Inokon A. A Study of Correlation of Anthropometric Data with Atherogenic Indices of Students of Rivers State University, Port Harcourt, Nigeria …","https://www.nepjol.info/index.php/AJMS/article/view/25337/21809","https://scholar.google.com/scholar?q=related:tJ4WNkw3Y5AJ:scholar.google.com/&scioq=%22waist+circumference%22+nigeria&hl=en&as_sdt=0,5&as_ylo=2019&as_yhi=2019&as_vis=1"
3,"P Prangthip, YM Soe, JF Signar","Literature review: nutritional factors influencing academic achievement in school age children",2019,"International journal of adolescent …","degruyter.com","https://www.degruyter.com/document/doi/10.1515/ijamh-2018-0142/html","https://scholar.google.com/scholar?cites=1625335680340624986&as_sdt=2005&sciodt=0,5&hl=en",742,"2021-07-17 23:32:21","","10.1515/ijamh-2018-0142","","",,,,,3,1.50,1,3,2,"… 15] Mosikanon K, Arthan D, Kettawan A, Tungtrongjitr R, Prangthip P. Yeast β-glucan modulates inflammation and waist circumference in overweight … Omobuwa O, Alebiosu C, Olajide F, Adebimpe W. Assessment of nutritional status of in-school adolescents in Ibadan, Nigeria …","","https://scholar.google.com/scholar?q=related:WoZ4mzBajhYJ:scholar.google.com/&scioq=%22waist+circumference%22+nigeria&hl=en&as_sdt=0,5&as_ylo=2019&as_yhi=2019&as_vis=1"
0,"AD Wandawa","Hubungan antara overweight dengan fungsi paru pada anggota KRI-TNI-AL usia 40-55 tahun",2019,"SKRIPSI-2016","repository.trisakti.ac.id","http://repository.trisakti.ac.id/usaktiana/index.php/home/detail/detail_koleksi/6/SKR/penerbit/00000000000000098660/6","",743,"2021-07-17 23:32:21","","","","",,,,,0,0.00,0,1,2,"… Relationship Between Body Circumferences and Lung Function Tests Among Undergraduate Students of Nigerian University … 53. Chen Y, Rennie D, Cormier YF, Dosman J .Waist circumference is associated with pulmonary function in normal-weight, over- weight, and obese …","http://repository.trisakti.ac.id/usaktiana/digital/00000000000000098660/2016_TA_KD_03012045_Daftar-pustaka.pdf","https://scholar.google.com/scholar?q=related:pZR6kma0OrMJ:scholar.google.com/&scioq=%22waist+circumference%22+nigeria&hl=en&as_sdt=0,5&as_ylo=2019&as_yhi=2019&as_vis=1"
20,"Y Wu, Z Chen, WS Darwish, K Terada…","Choline and ethanolamine plasmalogens prevent lead-induced cytotoxicity and lipid oxidation in HepG2 cells",2019,"Journal of agricultural …","ACS Publications","https://pubs.acs.org/doi/abs/10.1021/acs.jafc.9b02485","https://scholar.google.com/scholar?cites=1719888415223539046&as_sdt=2005&sciodt=0,5&hl=en",744,"2021-07-17 23:32:21","","10.1021/acs.jafc.9b02485","","",,,,,20,10.00,4,5,2,"Plasmalogens derived from dietary phospholipids are considered to be potential protectors against oxidation-related disorders, while lead (Pb) is an environmental contaminant worldwide and is known...","","https://scholar.google.com/scholar?q=related:ZmW1umZF3hcJ:scholar.google.com/&scioq=%22waist+circumference%22+nigeria&hl=en&as_sdt=0,5&as_ylo=2019&as_yhi=2019&as_vis=1"
0,"NM Dawoud, OA Bakry…","Atherogenic Index of Plasma: A Marker for Undetectable Dyslipidaemia among Lichen Planus Patients.",2019,"Journal of Clinical & …","search.ebscohost.com","http://search.ebscohost.com/login.aspx?direct=true&profile=ehost&scope=site&authtype=crawler&jrnl=0973709X&AN=134212709&h=24aZwQ6zuxiDWjGNJh4MBba4FIrdibCYyhvIJC2lt4IdGCmSMG8Tf83bAD3YC4xd5irlYAmj2uWhOAZB61TVLQ%3D%3D&crl=c","",745,"2021-07-17 23:32:21","","","","",,,,,0,0.00,0,3,2,"… Obesity, waist circumference, weight change [9] and the risk of psoriasis in women: nurses' health study II. Arch Intern Med … Atherogenic Index of Plasma: A significant indicator [22] for the onset of Atherosclerosis during menopause in hypertensive females of South East Nigeria …","","https://scholar.google.com/scholar?q=related:cJSgG5OYVNwJ:scholar.google.com/&scioq=%22waist+circumference%22+nigeria&hl=en&as_sdt=0,5&as_ylo=2019&as_yhi=2019&as_vis=1"
1,"SS Msollo, HD Martin, AW Mwanri…","Insulin Resistance Among Pregnant Women in Urban Areas of Arusha Region, Tanzania",2019,"Metabolic syndrome and …","liebertpub.com","https://www.liebertpub.com/doi/abs/10.1089/met.2019.0077","https://scholar.google.com/scholar?cites=2917653223684490661&as_sdt=2005&sciodt=0,5&hl=en",746,"2021-07-17 23:32:21","","10.1089/met.2019.0077","","",,,,,1,0.50,0,4,2,"… 11,12 IR was reported at 45.3% in a small urban nonpregnant group in the South-Eastern part of Nigeria 13 but evidence on prevalence of IR among pregnant women in Africa, generally, and Tanzania, specifically, is scant …","","https://scholar.google.com/scholar?q=related:pcV8ByaWfSgJ:scholar.google.com/&scioq=%22waist+circumference%22+nigeria&hl=en&as_sdt=0,5&as_ylo=2019&as_yhi=2019&as_vis=1"
3,"EE Oyhenart, MF Torres, M Garraza, MF Cesani Rossi…","Reference percentiles for mid-upper arm circumference, upper arm muscle and fat areas in the Argentine child and adolescent population (4-14 years old)",2019,"","ri.conicet.gov.ar","https://ri.conicet.gov.ar/handle/11336/121689","https://scholar.google.com/scholar?cites=14070052770102312078&as_sdt=2005&sciodt=0,5&hl=en",747,"2021-07-17 23:32:21","","","","",,,,,3,1.50,1,5,2,"… In addition, the strong correlation between the MUAC and several adiposity indicators (weight and body mass index, body fat percentage and waist circumference) would also help to assess overweight and obesity in children between 9 and 11 years old.10 Based on the …","https://ri.conicet.gov.ar/bitstream/handle/11336/121689/CONICET_Digital_Nro.2129a41b-8dec-40ec-96b1-3323f6a44402_A.pdf?sequence=2","https://scholar.google.com/scholar?q=related:jvzytHLeQsMJ:scholar.google.com/&scioq=%22waist+circumference%22+nigeria&hl=en&as_sdt=0,5&as_ylo=2019&as_yhi=2019&as_vis=1"
13,"P Malovic","Anthropometric indices as indicators of obesity of children from elementary school in Montenegro",2019,"Journal of Anthropology of Sport and Physical …","pdfs.semanticscholar.org","https://pdfs.semanticscholar.org/5252/4a83253860785ecc8892b38d91167618c70d.pdf","https://scholar.google.com/scholar?cites=2996612138347190752&as_sdt=2005&sciodt=0,5&hl=en",748,"2021-07-17 23:32:21","PDF","","","",,,,,13,6.50,13,1,2,"… A study of central fatnessusing waist-to- height ratios in UK children and adolescents over two decades supports the simple message—'keep your waist circumference to less than half your … Body Fat Dis tribution of Children and Adolescents in Abeokuta, South- west Nigeria …","https://pdfs.semanticscholar.org/5252/4a83253860785ecc8892b38d91167618c70d.pdf","https://scholar.google.com/scholar?q=related:4NnO89walikJ:scholar.google.com/&scioq=%22waist+circumference%22+nigeria&hl=en&as_sdt=0,5&as_ylo=2019&as_yhi=2019&as_vis=1"
0,"O Semola","Effect of Advanced Glycation End Products on Regulation of Placental Growth Factor",2019,"","search.proquest.com","https://search.proquest.com/openview/175a5934c7a36e0fd797da24c1376886/1?pq-origsite=gscholar&cbl=51922&diss=y","",749,"2021-07-17 23:32:21","","","","",,,,,0,0.00,0,1,2,"… Bachelor of Pharmacy University of Lagos Idi-Araba, Lagos, Nigeria 1999 … muscles are also part of heart disease. Cardiovascular risk factors include a high body mass index (BMI), large waist circumference, high blood pressure and lipids, elevated levels of …","https://shareok.org/bitstream/handle/11244/324911/Semola_okstate_0664M_16574.pdf?sequence=1","https://scholar.google.com/scholar?q=related:Jr0BQVMWEJ4J:scholar.google.com/&scioq=%22waist+circumference%22+nigeria&hl=en&as_sdt=0,5&as_ylo=2019&as_yhi=2019&as_vis=1"
0,"ЭА Бондарева, ЛВ Задорожная…","ПОЛИМОРФИЗМ ГЕНА FTO КАК ФАКТОР ПРЕДРАСПОЛОЖЕННОСТИ К ЦЕНТРАЛЬНОМУ ОЖИРЕНИЮ У МОНГОЛОВ",2019,"Вестник Московского …","cyberleninka.ru","https://cyberleninka.ru/article/n/polimorfizm-gena-fto-kak-faktor-predraspolozhennosti-k-tsentralnomu-ozhireniyu-u-mongolov","",750,"2021-07-17 23:32:21","HTML","","","",,,,,0,0.00,0,3,2,"Материалы и методы. В рамках исследования по комплексной антропогенетической программе были обследованы 247 мужчин этнических монголов в возрасте от 18 до 24 лет, проживающих в Улан-Баторе. Материалы обследования были собраны с 2012 по 2018 …","https://cyberleninka.ru/article/n/polimorfizm-gena-fto-kak-faktor-predraspolozhennosti-k-tsentralnomu-ozhireniyu-u-mongolov","https://scholar.google.com/scholar?q=related:pszE2B-QewIJ:scholar.google.com/&scioq=%22waist+circumference%22+nigeria&hl=en&as_sdt=0,5&as_ylo=2019&as_yhi=2019&as_vis=1"
0,"A Januszewicz, A Prejbisz","Prehypertension, Statistics and Health Burden",2019,"Prehypertension and Cardiometabolic …","Springer","https://link.springer.com/chapter/10.1007/978-3-319-75310-2_7","",751,"2021-07-17 23:32:21","","10.1007/978-3-319-75310-2_7","","",,,,,0,0.00,0,2,2,"… regression revealed that age and BMI were the determinants of prehypertensive status in men while age, waist circumference, and triglycerides … the prevalence of prehypertension in Africa in two ethnic groups of 782 individuals representing Sokoto State of northwestern Nigeria …","","https://scholar.google.com/scholar?q=related:5HN88-xJUywJ:scholar.google.com/&scioq=%22waist+circumference%22+nigeria&hl=en&as_sdt=0,5&as_ylo=2019&as_yhi=2019&as_vis=1"
6,"T Odinets, Y Briskin, M Pityn","Effect of individualized physical rehabilitation programs on respiratory function in women with post-mastectomy syndrome",2019,"Physiotherapy theory and practice","Taylor & Francis","https://www.tandfonline.com/doi/abs/10.1080/09593985.2018.1444117","https://scholar.google.com/scholar?cites=4620057877643130760&as_sdt=2005&sciodt=0,5&hl=en",752,"2021-07-17 23:32:21","","10.1080/09593985.2018.1444117","","",,,,,6,3.00,2,3,2,"… (2016) and Cantarero-Villanueva et al. (2013a) suggest that conducting training over 8 weeks may reduce pain and waist circumference in breast cancer … Nigerian Quarterly Journal of Hospital Medicine 25: 177–183. [PubMed], [Google Scholar]; Balazs IB, Phillip T 201.","https://khnnra.edu.ua/wp-content/uploads/2019/12/Odinets-T.YE.-Effect-of-individualized-physical-rehabilitation-programs-on-respiratory-function-in-women-with-post-mastectomy-syndrome.pdf","https://scholar.google.com/scholar?q=related:iPepXim-HUAJ:scholar.google.com/&scioq=%22waist+circumference%22+nigeria&hl=en&as_sdt=0,5&as_ylo=2019&as_yhi=2019&as_vis=1"
0,"H Harahap, EI Ayudia…","Efek Indeks Massa Tubuh dan Lingkar Pinggang terhadap Arus Puncak Ekspirasi",2019,"… Natalis Faculty of …","conference.uppmfkunsri.com","http://conference.uppmfkunsri.com/index.php/diesnatalis/article/download/33/33","",753,"2021-07-17 23:32:21","PDF","","","",,,,,0,0.00,0,3,2,"… 6. Agaba, PA et al. 2003. Peak expiratory flow rates in healthy Nigerian children . Journal … 121. 13. Wehrmeister, FC et al. 2012. Waist circumference and pulmonary function: A systematic review and meta-analysis', Systematic Reviews.Journal Biomedical; 1(1) : 1–9.","http://conference.uppmfkunsri.com/index.php/diesnatalis/article/download/33/33","https://scholar.google.com/scholar?q=related:rg83lzUWEGUJ:scholar.google.com/&scioq=%22waist+circumference%22+nigeria&hl=en&as_sdt=0,5&as_ylo=2019&as_yhi=2019&as_vis=1"
20,"VG Pluimakers, M van Waas, S Neggers…","Metabolic syndrome as cardiovascular risk factor in childhood cancer survivors",2019,"Critical reviews in …","Elsevier","https://www.sciencedirect.com/science/article/pii/S104084281830204X","https://scholar.google.com/scholar?cites=9843282276103616071&as_sdt=2005&sciodt=0,5&hl=en",754,"2021-07-17 23:32:21","","","","",,,,,20,10.00,5,4,2,"","","https://scholar.google.com/scholar?q=related:R_YNAxRdmogJ:scholar.google.com/&scioq=%22waist+circumference%22+nigeria&hl=en&as_sdt=0,5&as_ylo=2019&as_yhi=2019&as_vis=1"
0,"Z Vergou, SA Paschou, A Bargiota, GN Koukoulis","Alterations in hearing function of patients with glucose disorders",2019,"Hormones","Springer","https://link.springer.com/article/10.1007/s42000-019-00120-w","",755,"2021-07-17 23:32:21","","10.1007/s42000-019-00120-w","","",,,,,0,0.00,0,4,2,"… status, and various lifestyle factors. Systolic and diastolic blood pressure was measured and all participants underwent a fundoscopic examination. Waist circumference was also measured. Blood samples were obtained on …","","https://scholar.google.com/scholar?q=related:H3OB262iLhoJ:scholar.google.com/&scioq=%22waist+circumference%22+nigeria&hl=en&as_sdt=0,5&as_ylo=2019&as_yhi=2019&as_vis=1"
0,"김효빈, 김혜숙, 권오란…","폐경 후 여성의 골다공증 및 심혈관계질환 위험도에 따른 영양소 및 식품섭취상태: 제 5 기 국민건강영양조사 (2010-2011) 자료를 이용하여",2019,"대한지역사회영양 …","pdfs.semanticscholar.org","https://pdfs.semanticscholar.org/d4ab/f21d19d09204b35131da8b3ef5e798a4f6dc.pdf","",756,"2021-07-17 23:32:21","PDF","","","",,,,,0,0.00,0,4,2,"… Results: Waist circumference, total body fat percentage, blood pressure, fasting plasma glucose, total cholesterol, triglyceride, and LDL-cholesterol were higher, and HDL-cholesterol and BMD were lower in the OP+CVD group than in the control group …","https://pdfs.semanticscholar.org/d4ab/f21d19d09204b35131da8b3ef5e798a4f6dc.pdf","https://scholar.google.com/scholar?q=related:RBTNu9E3D8gJ:scholar.google.com/&scioq=%22waist+circumference%22+nigeria&hl=en&as_sdt=0,5&as_ylo=2019&as_yhi=2019&as_vis=1"
0,"LB Nkinda","Inflammatory markers among hiv participants with and without glucose metabolic disorder after attaining undetectable viremia in Dar Es Salaam Tanzania",2019,"","ir.mu.ac.ke","https://ir.mu.ac.ke/xmlui/handle/123456789/4584","",757,"2021-07-17 23:32:21","","","","",,,,,0,0.00,0,1,2,"… with the epidemic rise of obesity in the general population with six fold the risk (Luft et al. 2013) specifically due to the increase in waist circumference and higher waist to hip ratio (Eckel et al … weight, height and waist circumference and social behavioral characteristics like …","https://ir.mu.ac.ke/xmlui/bitstream/handle/123456789/4584/Dr.%20Lilian%20B.%20Nkinda%202020.pdf?sequence=1&isAllowed=y","https://scholar.google.com/scholar?q=related:SQQFX5ta2ckJ:scholar.google.com/&scioq=%22waist+circumference%22+nigeria&hl=en&as_sdt=0,5&as_ylo=2019&as_yhi=2019&as_vis=1"
0,"A Vijay, P Ranganathan, B Vellingiri","A survey to validate the traditional Siddha perception of diabetes mellitus",2019,"Journal of Public Health","Springer","https://link.springer.com/article/10.1007/s10389-018-0980-y","",758,"2021-07-17 23:32:21","","10.1007/s10389-018-0980-y","","",,,,,0,0.00,0,3,2,"To investigate the influence of gender, marital status, specific food, and lifestyle habits that could possibly be the causative factor according to ancien.","","https://scholar.google.com/scholar?q=related:psepgs3dt5UJ:scholar.google.com/&scioq=%22waist+circumference%22+nigeria&hl=en&as_sdt=0,5&as_ylo=2019&as_yhi=2019&as_vis=1"
11,"KL LaBat, KS Ryan","Human body: A wearable product designer's guide",2019,"","taylorfrancis.com","https://www.taylorfrancis.com/books/mono/10.1201/9780429055690/human-body-karen-labat-karen-ryan","https://scholar.google.com/scholar?cites=16208540908669531526&as_sdt=2005&sciodt=0,5&hl=en",759,"2021-07-17 23:32:21","BOOK","","","",,,,,11,5.50,6,2,2,"… 301 6.1 Waist Circumference Location .....302 6.2 Waist Circumference Location Methods .....303 6.2.1 Wearer-Defined Product Waistline Placement and Waist Circumference Location .....304 6.2.2 Observer …","","https://scholar.google.com/scholar?q=related:hnWidBRO8OAJ:scholar.google.com/&scioq=%22waist+circumference%22+nigeria&hl=en&as_sdt=0,5&as_ylo=2019&as_yhi=2019&as_vis=1"
0,"B AÇIKGÖZ, İ ZORLU, A EKEMEN…","Tip 2 Diyabetlilerde Metabolik Kontrol ve Komplikasyonlarla Segmental Vücut Yağ Dağılımı Arasındaki İlişki",2019,"Türkiye Diyabet ve …","dergipark.org.tr","https://dergipark.org.tr/en/pub/tudod/issue/44870/543457","",760,"2021-07-17 23:32:21","","","","",,,,,0,0.00,0,4,2,"… Patients with at least one complication had higher disease duration, waist circumference, fasting blood glucose … body composition analysis in type-2 diabetes mellitus patients and healthy Nigerians using bioelectric … Nigerian Journal of Basic and Clinical Sciences 2016;13(1):13 …","https://dergipark.org.tr/en/download/article-file/704429","https://scholar.google.com/scholar?q=related:okegCy1jMyQJ:scholar.google.com/&scioq=%22waist+circumference%22+nigeria&hl=en&as_sdt=0,5&as_ylo=2019&as_yhi=2019&as_vis=1"
0,"PKC SAPUTRA","HUBUNGAN ANTARA LINGKAR PERUT TERHADAP USIA MENARCHE SISWI SMP NEGERI 15 YOGYAKARTA",,"katalog.ukdw.ac.id","","https://katalog.ukdw.ac.id/873/","",761,"2021-07-17 23:32:21","","","","",,,,,0,0.00,0,1,,"… Mustelin L et al. (2009) Physical Activity Reduces the Influence of Genetic Effects on BMI and Waist Circumference: a study in young adult twins. Int J Obes. 33:29-36 … 64 Ofuya, Z M. (2007). The age menarche in Nigerian adolescent from two different socioeconomic classes …","https://katalog.ukdw.ac.id/873/1/41140003_bab1_bab5_daftarpustaka.pdf","https://scholar.google.com/scholar?q=related:cQ03la2MGXwJ:scholar.google.com/&scioq=%22waist+circumference%22+nigeria&hl=en&as_sdt=0,5&as_ylo=2019&as_yhi=2019&as_vis=1"
1,"T Hussain, BS Barik, AR Nayak, S Das…","Prevalence and predictors of thyroid dysfunction among patients with type 2 diabetes mellitus attending a tertiary care hospital in an urban area of …",2019,"Thyroid Research and …","thetrp.net","https://www.thetrp.net/article.asp?issn=0973-0354;year=2019;volume=16;issue=1;spage=26;epage=35;aulast=Hussain","https://scholar.google.com/scholar?cites=4956589315052234979&as_sdt=2005&sciodt=0,5&hl=en",762,"2021-07-17 23:32:21","HTML","","","",,,,,1,0.50,0,5,2,"… anthropometric, and clinical profiles such as age, gender, marital status, literacy status, occupation, weight (in kg), BMI (weight, height, and waist circumference), lifestyle (sedentary … Thyroid dysfunction in type 2 diabetics seen at the university college hospital, Ibadan, Nigeria …","https://www.thetrp.net/article.asp?issn=0973-0354;year=2019;volume=16;issue=1;spage=26;epage=35;aulast=Hussain","https://scholar.google.com/scholar?q=related:42gvjbhXyUQJ:scholar.google.com/&scioq=%22waist+circumference%22+nigeria&hl=en&as_sdt=0,5&as_ylo=2019&as_yhi=2019&as_vis=1"
0,"YAM Sulaiman, FAA Al-Mfrgi","Promote Scientific Research is Our Way to Serve the Community",,"csci.tu.edu.iq","","https://csci.tu.edu.iq/images/Conference_of_the_Third_Faculty_of_Sciences/Science_Conference3_92.pdf","",763,"2021-07-17 23:32:21","PDF","","","",,,,,0,0.00,0,2,,"… of cortisol and growth hormone in type 2 diabetic subjects attending university of Mardugur teaching hospital, Nigeria, IOSRJDMS, Vol … 10. 47. Tseng, CH,(2006) Body mass index and waist circumference as determinants of coronary artery disease in Taiwanese adults with type2 …","https://csci.tu.edu.iq/images/Conference_of_the_Third_Faculty_of_Sciences/Science_Conference3_92.pdf","https://scholar.google.com/scholar?q=related:dpqveEgvPW8J:scholar.google.com/&scioq=%22waist+circumference%22+nigeria&hl=en&as_sdt=0,5&as_ylo=2019&as_yhi=2019&as_vis=1"
0,"B Cham","A population based epidemiological study on the prevalence and risk factors of cardiovascular diseases in The Gambia",2019,"","discovery.ucl.ac.uk","https://discovery.ucl.ac.uk/id/eprint/10070117/","",764,"2021-07-17 23:32:21","","","","",,,,,0,0.00,0,1,2,"Page 1. UCL RESEARCH DEPARTMENT OF EPIDEMIOLOGY AND PUBLIC HEALTH A population based epidemiological study on the prevalence and risk factors of cardiovascular diseases in The Gambia Bai Cham Thesis submitted for the degree of Doctor of Philosophy …","https://discovery.ucl.ac.uk/id/eprint/10070117/1/Fiinal%20Thesis_BCHAM_2019.pdf","https://scholar.google.com/scholar?q=related:w3bLgEY6LIcJ:scholar.google.com/&scioq=%22waist+circumference%22+nigeria&hl=en&as_sdt=0,5&as_ylo=2019&as_yhi=2019&as_vis=1"
8,"P Trouiller-Gerfaux, E Podglajen, S Hulo…","The association between blood cadmium and glycated haemoglobin among never-, former, and current smokers: A cross-sectional study in France",2019,"Environmental …","Elsevier","https://www.sciencedirect.com/science/article/pii/S0013935119304700","https://scholar.google.com/scholar?cites=7494746775480289329&as_sdt=2005&sciodt=0,5&hl=en",765,"2021-07-17 23:32:21","","","","",,,,,8,4.00,2,4,2,"JavaScript is disabled on your browser. Please enable JavaScript to use all the features on this page. Skip to main content Skip to article …","https://www.sciencedirect.com/science/article/am/pii/S0013935119304700","https://scholar.google.com/scholar?q=related:McgBwnuwAmgJ:scholar.google.com/&scioq=%22waist+circumference%22+nigeria&hl=en&as_sdt=0,5&as_ylo=2019&as_yhi=2019&as_vis=1"
2,"H Chae","Relationships between obesity, body image perception, and weight control in adult women",2019,"Korean Journal of Women Health Nursing","synapse.koreamed.org","https://synapse.koreamed.org/articles/1127352","https://scholar.google.com/scholar?cites=14553850356797751508&as_sdt=2005&sciodt=0,5&hl=en",766,"2021-07-17 23:32:21","","","","",,,,,2,1.00,2,1,2,"… (N=3,617) Variables n Body mass index Waist circumference Body image perception Weight control … SE=standard error; BMI=body mass index; WC=waist circumference. Table 3. Weight Control according to Obesity and Body Image Perception (N=3,167) …","https://synapse.koreamed.org/upload/SynapseData/PDFData/2102kjwhn/kjwhn-25-129.pdf","https://scholar.google.com/scholar?q=related:1EAfN8qp-ckJ:scholar.google.com/&scioq=%22waist+circumference%22+nigeria&hl=en&as_sdt=0,5&as_ylo=2019&as_yhi=2019&as_vis=1"
4,"M Mogharnasi, A TajiTabas, M Tashakorizadeh…","The Effects of resistance and endurance training on levels of nesfatin-1, HSP70, insulin resistance and body composition in women with type 2 diabetes mellitus",2019,"Science & Sports","Elsevier","https://www.sciencedirect.com/science/article/pii/S0765159718302193","https://scholar.google.com/scholar?cites=5905961678502103685&as_sdt=2005&sciodt=0,5&hl=en",767,"2021-07-17 23:32:21","","","","",,,,,4,2.00,1,4,2,"… WHR was calculated using anon-elastic measuring tape and without bearing any pressure on the body (with an accuracy of 1 cm) by measuring the waist circumference (WC) midway between the lowest ribs and the iliac crest, and having it divided by the hip circumference in …","","https://scholar.google.com/scholar?q=related:hQowANsw9lEJ:scholar.google.com/&scioq=%22waist+circumference%22+nigeria&hl=en&as_sdt=0,5&as_ylo=2019&as_yhi=2019&as_vis=1"
0,"AM Rexhepi, B Brestovci","Latent Relations Between Selected Morphometric, Physiological and Biochemical Parameters.",2019,"International Journal of …","pdfs.semanticscholar.org","https://pdfs.semanticscholar.org/558e/f457b6d9f00338a44dab733c7c19e1e66794.pdf","",768,"2021-07-17 23:32:21","PDF","","","",,,,,0,0.00,0,2,2,"… for developing of the pathological condition such as insulin resistance have found strong statistically significant relations between waist circumference and waist to … the collected data from this study may be suitable as a database for school design in Nigerian tertiary institutions …","https://pdfs.semanticscholar.org/558e/f457b6d9f00338a44dab733c7c19e1e66794.pdf","https://scholar.google.com/scholar?q=related:QVXQ2jXKnSkJ:scholar.google.com/&scioq=%22waist+circumference%22+nigeria&hl=en&as_sdt=0,5&as_ylo=2019&as_yhi=2019&as_vis=1"
10,"JG Do, CH Park, YT Lee, KJ Yoon","Association between underweight and pulmonary function in 282,135 healthy adults: A cross-sectional study in Korean population",2019,"Scientific reports","nature.com","https://www.nature.com/articles/s41598-019-50488-3","https://scholar.google.com/scholar?cites=190880131055525014&as_sdt=2005&sciodt=0,5&hl=en",769,"2021-07-17 23:32:21","HTML","","","",,,,,10,5.00,3,4,2,"… Frequencies of hypertension, diabetes and values of weight, height, waist circumference, glycated hemoglobin (HbA1c), glucose, fasting insulin, total cholesterol, triglyceride, low-density lipoprotein-cholesterol (LDL-C), and homeostatic model assessment of insulin resistance …","https://www.nature.com/articles/s41598-019-50488-3","https://scholar.google.com/scholar?q=related:lpw-xnckpgIJ:scholar.google.com/&scioq=%22waist+circumference%22+nigeria&hl=en&as_sdt=0,5&as_ylo=2019&as_yhi=2019&as_vis=1"
0,"A Ako","Non-communicable Diseases in sub-Saharan Africa: A Scoping Review of Large Cohort Studies",2019,"","academia.edu","https://www.academia.edu/download/63433775/jogh.09.pdf","",770,"2021-07-17 23:32:21","PDF","","","",,,,,0,0.00,0,1,2,"… in SSA to help identify further cohort studies in West Africa (Benin, Burkina Faso, Ivory Coast, Guinea, Mali, Niger, Nigeria, Senegal, and … Basic Age, sex, rural/urban location Smoking status, alcohol use Height and weight, waist-circumference, bp, fasting/random blood glucose …","https://www.academia.edu/download/63433775/jogh.09.pdf","https://scholar.google.com/scholar?q=related:zM2LC8-RspgJ:scholar.google.com/&scioq=%22waist+circumference%22+nigeria&hl=en&as_sdt=0,5&as_ylo=2019&as_yhi=2019&as_vis=1"
0,"SS Khayyatzadeh, F Rahmani, M Masoudifar, GA Ferns","Dietary behaviors Are Associated with Excessive Daytime Sleepiness",2019,"","researchsquare.com","https://www.researchsquare.com/article/rs-3965/latest.pdf","",771,"2021-07-17 23:32:21","PDF","","","",,,,,0,0.00,0,4,2,"… Nutritionist IV software. Body weight, height and waist circumference were measured by a trained … 8. Mume CO, Olawale KO, Osundina AF: Excessive daytime sleepiness, nocturnal sleep duration and psychopathology among Nigerian university students …","https://www.researchsquare.com/article/rs-3965/latest.pdf","https://scholar.google.com/scholar?q=related:I31ccFFmKk0J:scholar.google.com/&scioq=%22waist+circumference%22+nigeria&hl=en&as_sdt=0,5&as_ylo=2019&as_yhi=2019&as_vis=1"
18,"S Atindama, EY Ayamba, I Agorinya…","Descriptive epidemiology of anaemia among pregnant women initiating antenatal care in rural Northern Ghana",2019,"African Journal of …","journals.co.za","https://journals.co.za/doi/abs/10.4102/phcfm.v11i1.1892","https://scholar.google.com/scholar?cites=11465243474711620462&as_sdt=2005&sciodt=0,5&hl=en",772,"2021-07-17 23:32:21","","10.4102/phcfm.v11i1.1892","","",,,,,18,9.00,5,4,2,"… Public Health Nutr. 2009;12(4):444–454. https://doi.org/10.1017/S13 68980008002401 2. Erhabor O, Isaac IZ, Isah A, Udomah FP. Iron deficiency anaemia among antenatal women in Sokoto, Nigeria. Br J Med Health Sci. 2013;1(4):47–57 …","http://www.scielo.org.za/scielo.php?pid=S2071-29362019000100007&script=sci_arttext&tlng=en","https://scholar.google.com/scholar?q=related:biuN3TG6HJ8J:scholar.google.com/&scioq=%22waist+circumference%22+nigeria&hl=en&as_sdt=0,5&as_ylo=2019&as_yhi=2019&as_vis=1"
19,"LK English, JE Obbagy, YP Wong…","Timing of introduction of complementary foods and beverages and growth, size, and body composition: a systematic review",2019,"… American journal of …","academic.oup.com","https://academic.oup.com/ajcn/article-abstract/109/Supplement_1/935S/5456692","https://scholar.google.com/scholar?cites=7883013940940425013&as_sdt=2005&sciodt=0,5&hl=en",773,"2021-07-17 23:32:21","","","","",,,,,19,9.50,5,4,2,"ABSTRACTBackground. The systematic review described in this article was conducted as part of the USDA and Department of Health and Human Services Pregnancy and.","https://www.researchgate.net/profile/Laural-English/publication/332871429_Timing_of_introduction_of_complementary_foods_and_beverages_and_growth_size_and_body_composition_a_systematic_review/links/606c5762a6fdccf289fca757/Timing-of-introduction-of-complementary-foods-and-beverages-and-growth-size-and-body-composition-a-systematic-review.pdf","https://scholar.google.com/scholar?q=related:Ncc0zWkXZm0J:scholar.google.com/&scioq=%22waist+circumference%22+nigeria&hl=en&as_sdt=0,5&as_ylo=2019&as_yhi=2019&as_vis=1"
96,"B Salehi, A Ata, NV Anil Kumar, F Sharopov…","Antidiabetic potential of medicinal plants and their active components",2019,"Biomolecules","mdpi.com","https://www.mdpi.com/544966","https://scholar.google.com/scholar?cites=7770843894497605580&as_sdt=2005&sciodt=0,5&hl=en",774,"2021-07-17 23:32:21","HTML","","","",,,,,96,48.00,19,5,2,"Diabetes mellitus is one of the major health problems in the world, the incidence and associated mortality are increasing. Inadequate regulation of the blood sugar imposes serious consequences for health. Conventional antidiabetic drugs are effective, however, also with unavoidable …","https://www.mdpi.com/544966","https://scholar.google.com/scholar?q=related:zPeKsFmV12sJ:scholar.google.com/&scioq=%22waist+circumference%22+nigeria&hl=en&as_sdt=0,5&as_ylo=2019&as_yhi=2019&as_vis=1"
8,"F Mukora-Mutseyekwa, H Zeeb…","Trends in prevalence and related risk factors of overweight and obesity among women of reproductive age in Zimbabwe, 2005–2015",2019,"International journal of …","mdpi.com","https://www.mdpi.com/508164","https://scholar.google.com/scholar?cites=14958631507846713225&as_sdt=2005&sciodt=0,5&hl=en",775,"2021-07-17 23:32:21","","","","",,,,,8,4.00,3,3,2,"Background: The prevalence of non-communicable diseases is rising in low and middle-income countries (LMICs) such as Zimbabwe, yet, the risk factors associated with overweight and obesity among women in the country have not been explored. This study investigated the trends …","https://www.mdpi.com/1660-4601/16/15/2758/pdf","https://scholar.google.com/scholar?q=related:iU8rJxq8l88J:scholar.google.com/&scioq=%22waist+circumference%22+nigeria&hl=en&as_sdt=0,5&as_ylo=2019&as_yhi=2019&as_vis=1"
2,"OO Badmus, LA Olatunji","Involvement of glucocorticoid and mineralocorticoid receptors in lipid accumulation and depressed G6PD activity in the livers of rats treated with postpartum oral …",2019,"Naunyn-Schmiedeberg's archives of …","Springer","https://link.springer.com/article/10.1007/s00210-019-01634-1","https://scholar.google.com/scholar?cites=3967261654242737708&as_sdt=2005&sciodt=0,5&hl=en",776,"2021-07-17 23:32:21","","10.1007/s00210-019-01634-1","","",,,,,2,1.00,1,2,2,"Postpartum contraception is an important step for preventing closely spaced pregnancy. Combined oral contraceptive (COC) has been linked to cardiometabolic.","","https://scholar.google.com/scholar?q=related:LL4qgHSLDjcJ:scholar.google.com/&scioq=%22waist+circumference%22+nigeria&hl=en&as_sdt=0,5&as_ylo=2019&as_yhi=2019&as_vis=1"
1,"X Gao, W Sun, Y Wang, Y Zhang, R Li…","Prevalence of positive islet autoantibody in type 2 diabetes patients: a cross-sectional study in a Chinese community",2019,"Endocrine …","ec.bioscientifica.com","https://ec.bioscientifica.com/view/journals/ec/aop/ec-19-0379.xml","https://scholar.google.com/scholar?cites=18346146651480461483&as_sdt=2005&sciodt=0,5&hl=en",777,"2021-07-17 23:32:21","HTML","","","",,,,,1,0.50,0,6,2,"Jump to Content Jump to Main Navigation …","https://ec.bioscientifica.com/view/journals/ec/aop/ec-19-0379.xml","https://scholar.google.com/scholar?q=related:qxC3bi2bmv4J:scholar.google.com/&scioq=%22waist+circumference%22+nigeria&hl=en&as_sdt=0,5&as_ylo=2019&as_yhi=2019&as_vis=1"
6,"M Ladwa, O Hakim, SA Amiel, LM Goff","A systematic review of beta cell function in adults of black African ethnicity",2019,"Journal of diabetes research","hindawi.com","https://www.hindawi.com/journals/jdr/2019/7891359/","https://scholar.google.com/scholar?cites=10515654002738920836&as_sdt=2005&sciodt=0,5&hl=en",778,"2021-07-17 23:32:21","HTML","","","",,,,,6,3.00,2,4,2,"Page 1. Review Article A Systematic Review of Beta Cell Function in Adults of Black African Ethnicity M. Ladwa , O. Hakim, SA Amiel, and LM Goff Diabetes Research Group, Department of Diabetes, School of Life Course Sciences …","https://www.hindawi.com/journals/jdr/2019/7891359/","https://scholar.google.com/scholar?q=related:hP0q5pkb75EJ:scholar.google.com/&scioq=%22waist+circumference%22+nigeria&hl=en&as_sdt=0,5&as_ylo=2019&as_yhi=2019&as_vis=1"
0,"P Gurav, S Saini, TJ Palekar","CORRELATION BETWEEN BODY COMPOSITION AND HAND GRIP STRENGTH AMONGST YOUNG PHYSICAL THERAPISTS.",2019,"","researchgate.net","https://www.researchgate.net/profile/Seema-Saini-6/publication/336021449_Correlation_between_body_composition_and_hand_grip_strength_amongst_young_physical_therapists/links/5d8d970392851c33e9407618/Correlation-between-body-composition-and-hand-grip-strength-amongst-young-physical-therapists.pdf","",779,"2021-07-17 23:32:21","PDF","","","",,,,,0,0.00,0,3,2,"… angle of tendon at time of contraction, nutritional status, BMI, fatigue tendencies, hand dominance, pain threshold, cooperation of the patient, sensory loss, hip/waist circumference, body size, arm … Association of handgrip strength with body mass index among Nigerian students …","https://www.researchgate.net/profile/Seema-Saini-6/publication/336021449_Correlation_between_body_composition_and_hand_grip_strength_amongst_young_physical_therapists/links/5d8d970392851c33e9407618/Correlation-between-body-composition-and-hand-grip-strength-amongst-young-physical-therapists.pdf","https://scholar.google.com/scholar?q=related:Vr6mdIjt9rgJ:scholar.google.com/&scioq=%22waist+circumference%22+nigeria&hl=en&as_sdt=0,5&as_ylo=2019&as_yhi=2019&as_vis=1"
0,"ZA Mposula","Selected clinical risk factors for lifestyle diseases in relation to the current dietary practices of sponsored vs. non-sponsored African university students in Durban",2019,"","openscholar.dut.ac.za","https://openscholar.dut.ac.za/handle/10321/3353","",780,"2021-07-17 23:32:21","","","","",,,,,0,0.00,0,1,2,"… and sponsored participants (n=130) Figure 4.2 Waist circumference cut-off points as indicators for risk for 87 … NCDs is higher in at least four SSA countries (Democratic Republic of the Congo, Nigeria, Ethiopia and SA) than in high income countries. According to Abegunde et al …","https://openscholar.dut.ac.za/bitstream/10321/3353/1/MPOSULAZA_2019.pdf","https://scholar.google.com/scholar?q=related:hl_GDAzv5QUJ:scholar.google.com/&scioq=%22waist+circumference%22+nigeria&hl=en&as_sdt=0,5&as_ylo=2019&as_yhi=2019&as_vis=1"
0,"연수진, 김지영, 김민재, 전용관","만 50 세 이상 국내 여성의 요통과 복부비만 및 신체활동의 관계: 제 6 기 2014 년-2015 년 국민건강영양조사 자료 분석",2019,"한국체육학회지 제","researchgate.net","https://www.researchgate.net/profile/Ji-Young-Kim-2/publication/340456330_Relationship_between_Low_Back_Pain_and_Physical_Activity_Central_Obesity_in_Korean_Female_above_50_Years_The_Korean_National_Health_and_Nutrition_Examination_Survey_VI_2014-2015/links/605bf69992851cd8ce65e3c7/Relationship-between-Low-Back-Pain-and-Physical-Activity-Central-Obesity-in-Korean-Female-above-50-Years-The-Korean-National-Health-and-Nutrition-Examination-Survey-VI-2014-2015.pdf","",781,"2021-07-17 23:32:21","PDF","","","",,,,,0,0.00,0,4,2,"Page 1. 한국체육학회지, 2019, 제58권 제6호, 415-426 The Korean Journal of Physical Education, 2019, 58(6), 415-426 https://doi.org/10.23949/kjpe.2019.11.58.6.33 ISSN 1738-964X(Print) / ISSN 2508-7029(Online) * jjeon@yonsei.ac.kr Copyrightⓒ2019 KAHPERD …","https://www.researchgate.net/profile/Ji-Young-Kim-2/publication/340456330_Relationship_between_Low_Back_Pain_and_Physical_Activity_Central_Obesity_in_Korean_Female_above_50_Years_The_Korean_National_Health_and_Nutrition_Examination_Survey_VI_2014-2015/links/605bf69992851cd8ce65e3c7/Relationship-between-Low-Back-Pain-and-Physical-Activity-Central-Obesity-in-Korean-Female-above-50-Years-The-Korean-National-Health-and-Nutrition-Examination-Survey-VI-2014-2015.pdf","https://scholar.google.com/scholar?q=related:hcn3eTuObaUJ:scholar.google.com/&scioq=%22waist+circumference%22+nigeria&hl=en&as_sdt=0,5&as_ylo=2019&as_yhi=2019&as_vis=1"
5,"MA Sanchez-Lastra…","Effectiveness of Prison-Based Exercise Training Programs: A Systematic Review",2019,"Journal of Physical …","journals.humankinetics.com","https://journals.humankinetics.com/view/journals/jpah/16/12/article-p1196.xml","https://scholar.google.com/scholar?cites=3183910340128815813&as_sdt=2005&sciodt=0,5&hl=en",782,"2021-07-17 23:32:21","","","","",,,,,5,2.50,3,2,2,"Jump to Content Jump to Main Navigation …","","https://scholar.google.com/scholar?q=related:xToS1JWFLywJ:scholar.google.com/&scioq=%22waist+circumference%22+nigeria&hl=en&as_sdt=0,5&as_ylo=2019&as_yhi=2019&as_vis=1"
0,"M Omar, F Nouh, M Younis, M Younis…","Fad Diet",2019,"Asian Food Science …","journalafsj.com","http://www.journalafsj.com/index.php/AFSJ/article/view/29987","",783,"2021-07-17 23:32:21","","","","",,,,,0,0.00,0,5,2,"… Similarly, in Nigeria the mean BMI for men and women has been reported as 21.7 … United States [37] For instance, the prevalence of hypertension in adult Nigerians living in … Waist circumference action levels in the identification of cardiovascular risk factors: Prevalence study in a …","https://www.journalafsj.com/index.php/AFSJ/article/download/29987/56285","https://scholar.google.com/scholar?q=related:ucoVnc4rU-sJ:scholar.google.com/&scioq=%22waist+circumference%22+nigeria&hl=en&as_sdt=0,5&as_ylo=2019&as_yhi=2019&as_vis=1"
9,"M Vicente, E Priehodová, I Diallo, E Podgorná…","Population history and genetic adaptation of the Fulani nomads: inferences from genome-wide data and the lactase persistence trait",2019,"BMC genomics","Springer","https://link.springer.com/article/10.1186/s12864-019-6296-7","https://scholar.google.com/scholar?cites=1521023164207909581&as_sdt=2005&sciodt=0,5&hl=en",784,"2021-07-17 23:32:21","HTML","10.1186/s12864-019-6296-7","","",,,,,9,4.50,2,5,2,"Human population history in the Holocene was profoundly impacted by changes in lifestyle following the invention and adoption of food-production practices. These changes triggered significant increases in population sizes and expansions over large distances. Here we investigate …","https://link.springer.com/article/10.1186/s12864-019-6296-7","https://scholar.google.com/scholar?q=related:zcrAVYLCGxUJ:scholar.google.com/&scioq=%22waist+circumference%22+nigeria&hl=en&as_sdt=0,5&as_ylo=2019&as_yhi=2019&as_vis=1"
5,"EM Webb, P Rheeder, JE Wolvaardt","The ability of primary healthcare clinics to provide quality diabetes care: An audit",2019,"… journal of primary health care & …","scielo.org.za","http://www.scielo.org.za/scielo.php?script=sci_arttext&pid=S2071-29362019000100073","https://scholar.google.com/scholar?cites=1570049211129668433&as_sdt=2005&sciodt=0,5&hl=en",785,"2021-07-17 23:32:21","HTML","","","",,,,,5,2.50,2,3,2,"… Ten of the 12 clinics (83%) had a combined machine. Almost all of the clinics (83%, n = 10) had a tape measure for waist circumference measurement and all clinics had glucometers. All clinics had blood pressure machines and obese cuffs were available in 11 clinics (92%) …","http://www.scielo.org.za/scielo.php?script=sci_arttext&pid=S2071-29362019000100073","https://scholar.google.com/scholar?q=related:USNEZXDvyRUJ:scholar.google.com/&scioq=%22waist+circumference%22+nigeria&hl=en&as_sdt=0,5&as_ylo=2019&as_yhi=2019&as_vis=1"
3,"M Sinaga, T Yemane, E Tegene…","Performance of newly developed body mass index cut-off for diagnosing obesity among Ethiopian adults",2019,"Journal of …","jphysiolanthropol.biomedcentral …","https://jphysiolanthropol.biomedcentral.com/articles/10.1186/s40101-019-0205-2","https://scholar.google.com/scholar?cites=448998575709840975&as_sdt=2005&sciodt=0,5&hl=en",786,"2021-07-17 23:32:21","HTML","10.1186/s40101-019-0205-2","","",,,,,3,1.50,1,4,2,"Obesity is defined as unhealthy excess body fat, which increases the risk of premature mortality from noncommunicable diseases. Early screening and prevention of obesity is critical for averting associated morbidity, disability, and mortality. Ethiopia has been using the international …","https://jphysiolanthropol.biomedcentral.com/articles/10.1186/s40101-019-0205-2","https://scholar.google.com/scholar?q=related:T2bXYdMpOwYJ:scholar.google.com/&scioq=%22waist+circumference%22+nigeria&hl=en&as_sdt=0,5&as_ylo=2019&as_yhi=2019&as_vis=1"
2,"C Pesaresi","Geographical Health Education for knowing and preventing risk factors",2019,"J-READING Journal of reasearch and didatics in …","j-reading.org","http://www.j-reading.org/index.php/geography/article/view/227","https://scholar.google.com/scholar?cites=4817995428269241966&as_sdt=2005&sciodt=0,5&hl=en",787,"2021-07-17 23:32:21","","","","",,,,,2,1.00,2,1,2,"… high values in many countries (Figure 2), where – ac- cording to the De Agostini – DeA WING 2019 data collection – sometimes it is more than 100‰: Somalia (132.5‰), Chad (127.3‰), Central African Republic (123.6‰), Sierra Leo- ne (113.5‰), Mali (110.6‰), Nigeria (104.3 …","http://www.j-reading.org/index.php/geography/article/download/227/177","https://scholar.google.com/scholar?q=related:brZxr1D13EIJ:scholar.google.com/&scioq=%22waist+circumference%22+nigeria&hl=en&as_sdt=0,5&as_ylo=2019&as_yhi=2019&as_vis=1"
0,"CL Borges, AAP Junior, TMM Moreira","Jarbas de Sá Roriz Filho et al. 2019.“",,"Prevalence and risk factors …","researchgate.net","https://www.researchgate.net/profile/Cintia-Borges/publication/336613955_PREVALENCE_AND_RISK_FACTORS_ASSOCIATED_WITH_SARCOPENIA_IN_ELDERLY_PATIENTS_A_SYSTEMATIC_REVIEW/links/5da881d1299bf1c1e4c999db/PREVALENCE-AND-RISK-FACTORS-ASSOCIATED-WITH-SARCOPENIA-IN-ELDERLY-PATIENTS-A-SYSTEMATIC-REVIEW.pdf","",788,"2021-07-17 23:32:21","PDF","","","",,,,,0,0.00,0,3,,"… CONFORTINet al., 201723 1069 Male and female 9.3% Adjustment for gender, age, physical activity, smoking, alcohol consumption Anthropometric indicator (made by BMI cut points, waist/height ratio, and waist circumference). 17.21 (1.50-196.78) …","https://www.researchgate.net/profile/Cintia-Borges/publication/336613955_PREVALENCE_AND_RISK_FACTORS_ASSOCIATED_WITH_SARCOPENIA_IN_ELDERLY_PATIENTS_A_SYSTEMATIC_REVIEW/links/5da881d1299bf1c1e4c999db/PREVALENCE-AND-RISK-FACTORS-ASSOCIATED-WITH-SARCOPENIA-IN-ELDERLY-PATIENTS-A-SYSTEMATIC-REVIEW.pdf","https://scholar.google.com/scholar?q=related:k1z8tUvjLssJ:scholar.google.com/&scioq=%22waist+circumference%22+nigeria&hl=en&as_sdt=0,5&as_ylo=2019&as_yhi=2019&as_vis=1"
2,"L Nkinda, K Patel, B Njuguna…","C-reactive protein and interleukin-6 levels among human immunodeficiency virus-infected patients with dysglycemia in Tanzania",2019,"BMC …","bmcendocrdisord.biomedcentral …","https://bmcendocrdisord.biomedcentral.com/articles/10.1186/s12902-019-0407-y","https://scholar.google.com/scholar?cites=14668844970187191965&as_sdt=2005&sciodt=0,5&hl=en",789,"2021-07-17 23:32:21","HTML","10.1186/s12902-019-0407-y","","",,,,,2,1.00,1,4,2,"Chronic inflammation has been associated with dysglycemia among people living with HIV (PLHIV). There is however, limited data regarding this phenomenon in sub-Sahara Africa (SSA). Therefore we assessed the levels of C-reactive protein (CRP) and Interleukin 6 (IL-6) on a …","https://bmcendocrdisord.biomedcentral.com/articles/10.1186/s12902-019-0407-y","https://scholar.google.com/scholar?q=related:nXZIEcg0kssJ:scholar.google.com/&scioq=%22waist+circumference%22+nigeria&hl=en&as_sdt=0,5&as_ylo=2019&as_yhi=2019&as_vis=1"
5,"RM Kamanga, L Mndala","Crop abiotic stresses and nutrition of harvested food crops: a review of impacts, interventions and their effectiveness",2019,"African Journal of Agricultural …","academicjournals.org","https://academicjournals.org/journal/AJAR/article-abstract/3C65E4059891","https://scholar.google.com/scholar?cites=15199798870257812054&as_sdt=2005&sciodt=0,5&hl=en",790,"2021-07-17 23:32:21","","","","",,,,,5,2.50,3,2,2,"… Body Mass Index (BMI) is 25.0 to 29.9 kg/ m2 and ≥30.0 kg/m2,respectively (WHO, Waist circumference and waist-hip ratio: report … review of micronutrient status in women of reproductive age and pregnant women in African countries (that is Ethiopia, Kenya, Nigeria and South …","https://academicjournals.org/journal/AJAR/article-full-text-pdf/3C65E4059891.pdf","https://scholar.google.com/scholar?q=related:VsIZX4qI8NIJ:scholar.google.com/&scioq=%22waist+circumference%22+nigeria&hl=en&as_sdt=0,5&as_ylo=2019&as_yhi=2019&as_vis=1"
0,"CVB Neves, JVM Mambrini, KCL Torres…","Association of metabolic syndrome with inflammatory markers in a sample of community-dwelling older adults",2019,"Cadernos de saude …","SciELO Brasil","https://www.scielo.br/j/csp/a/kctXgd4Jf4WPgyRYK4Lr5xr/abstract/?lang=en","",791,"2021-07-17 23:32:21","","","","",,,,,0,0.00,0,4,2,"… Plasma levels of inflammatory cytokines in adult Nigerians with the metabolic syndrome … 110mg/dL; (b) blood pressure ≥ 130/85mmHg; (c) triglycerides ≥ 150mg/dL; (d) HDL-cholesterol < 40mg/dL in men and < 50mg/dL in women; and (e) waist circumference > 102cm in men …","https://www.scielo.br/j/csp/a/kctXgd4Jf4WPgyRYK4Lr5xr/?lang=en","https://scholar.google.com/scholar?q=related:6d-OBbmvd04J:scholar.google.com/&scioq=%22waist+circumference%22+nigeria&hl=en&as_sdt=0,5&as_ylo=2019&as_yhi=2019&as_vis=1"
0,"Y Oyeneyin, L El Bizri, K Billberg, D Criddle, M Gharat…","Copyright 2019 International Pharmaceutical Federation (FIP) International Pharmaceutical Federation (FIP) Andries Bickerweg 5 2517 JP The Hague The …",2019,"","fip.org","https://www.fip.org/files/fip/publications/NCDs/beating-ncds-in-the-community-the-contribution-of-pharmacists.pdf","",792,"2021-07-17 23:32:21","PDF","","","",,,,,0,0.00,0,6,2,"… Chair: Isabel Jacinto (Portugal) Chair 2015 2017: Isabelle Adenot (France) Yetunde Oyeneyin (Nigeria) Luna El Bizri (Lebanon … resource management in healthcare systems through symptom assessment and point-of-care measurement (eg, waist circumference, blood pressure …","https://www.fip.org/files/fip/publications/NCDs/beating-ncds-in-the-community-the-contribution-of-pharmacists.pdf","https://scholar.google.com/scholar?q=related:coYGtou2dmIJ:scholar.google.com/&scioq=%22waist+circumference%22+nigeria&hl=en&as_sdt=0,5&as_ylo=2019&as_yhi=2019&as_vis=1"
3,"WM Arika, CM Kibiti, JM Njagi, MP Ngugi","Anti-obesity effects of dichloromethane leaf extract of Gnidia glauca in high fat diet-induced obese rats",2019,"Heliyon","Elsevier","https://www.sciencedirect.com/science/article/pii/S2405844019364606","https://scholar.google.com/scholar?cites=16632994581012214818&as_sdt=2005&sciodt=0,5&hl=en",793,"2021-07-17 23:32:21","HTML","","","",,,,,3,1.50,1,4,2,"… The procedures for qualitative and quantitative measurement of body adiposity ranges from simple and effective anthropometric methods (such as body mass index (BMI), waist circumference (WC), waist-to-hip ratio (WHR) and waist-to-height ratio (WHtR)) to magnetic …","https://www.sciencedirect.com/science/article/pii/S2405844019364606","https://scholar.google.com/scholar?q=related:IvQ6MHJE1OYJ:scholar.google.com/&scioq=%22waist+circumference%22+nigeria&hl=en&as_sdt=0,5&as_ylo=2019&as_yhi=2019&as_vis=1"
1,"LR Fernández, DMG Esplugas…","Valor de corte del índice de conicidad como predictor independiente de disglucemias",2019,"Revista Cubana de …","medigraphic.com","https://www.medigraphic.com/cgi-bin/new/resumen.cgi?IDARTICULO=93638","https://scholar.google.com/scholar?cites=16611510402177657999&as_sdt=2005&sciodt=0,5&hl=en",794,"2021-07-17 23:32:21","HTML","","","",,,,,1,0.50,0,3,2,"… Study of conicity index, body mass index and waist circumference as predictors of coronary artery disease … O. Comparative analysis of anthropometric indices of obesity as correlates and potential predictors of risk for hypertension and prehypertension in a population in Nigeria …","https://www.medigraphic.com/cgi-bin/new/resumen.cgi?IDARTICULO=93638","https://scholar.google.com/scholar?q=related:j2yBALPwh-YJ:scholar.google.com/&scioq=%22waist+circumference%22+nigeria&hl=en&as_sdt=0,5&as_ylo=2019&as_yhi=2019&as_vis=1"
0,"A Fowokan","Elevated blood pressure and hypertension in South Asian children: A mixed-methods analysis exploring associated factors and behavioural influences",2019,"","summit.sfu.ca","https://summit.sfu.ca/item/19805","",795,"2021-07-17 23:32:21","","","","",,,,,0,0.00,0,1,2,"… SBP Systolic blood pressure WC Waist circumference WHO World health organization … Waist circumference A measure used to determine the amount of fat around the abdomen Waist to height ratio A ratio of waist circumference to height used to assess central adiposity …","http://summit.sfu.ca/system/files/iritems1/19805/etd20567.pdf","https://scholar.google.com/scholar?q=related:bPcYpFsF0-YJ:scholar.google.com/&scioq=%22waist+circumference%22+nigeria&hl=en&as_sdt=0,5&as_ylo=2019&as_yhi=2019&as_vis=1"
0,"G Achempim-Ansong","Development and pilot testing of a metabolic syndrome intervention among market woman in Accra, Ghana",2019,"","wiredspace.wits.ac.za","http://wiredspace.wits.ac.za/handle/10539/29611","",796,"2021-07-17 23:32:21","","","","",,,,,0,0.00,0,1,2,"Page 1. DEVELOPMENT AND PILOT TESTING OF A METABOLIC SYNDROME INTERVENTION AMONG MARKET WOMEN IN ACCRA, GHANA GLORIA ACHEMPIM-ANSONG A THESIS SUBMITTED TO THE FACULTY OF …","http://wiredspace.wits.ac.za/bitstream/handle/10539/29611/GLORIA%20ACHEMPIM-ANSONG.pdf?sequence=1","https://scholar.google.com/scholar?q=related:_ym3w-rSNCUJ:scholar.google.com/&scioq=%22waist+circumference%22+nigeria&hl=en&as_sdt=0,5&as_ylo=2019&as_yhi=2019&as_vis=1"
3,"TS Mazahreh, M Alfaqih, R Saadeh, NA Al-Zoubi…","The effects of laparoscopic sleeve gastrectomy on the parameters of leptin resistance in obesity",2019,"Biomolecules","mdpi.com","https://www.mdpi.com/541546","https://scholar.google.com/scholar?cites=9687631370841587468&as_sdt=2005&sciodt=0,5&hl=en",797,"2021-07-17 23:32:21","","","","",,,,,3,1.50,1,5,2,"Obesity is a growing public health problem worldwide. Bariatric surgical procedures achieve the most sustainable and efficacious outcomes in the treatment of morbid obesity. However, little is known about the underlying molecular pathways modulated by these surgical interventions …","https://www.mdpi.com/2218-273X/9/10/533/pdf","https://scholar.google.com/scholar?q=related:DH_xjWdhcYYJ:scholar.google.com/&scioq=%22waist+circumference%22+nigeria&hl=en&as_sdt=0,5&as_ylo=2019&as_yhi=2019&as_vis=1"
16,"VT Adekanmbi, OA Uthman, S Erqou…","Epidemiology of prediabetes and diabetes in Namibia, Africa: A multilevel analysis",2019,"Journal of …","Wiley Online Library","https://onlinelibrary.wiley.com/doi/abs/10.1111/1753-0407.12829","https://scholar.google.com/scholar?cites=14656235947992554127&as_sdt=2005&sciodt=0,5&hl=en",798,"2021-07-17 23:32:21","","10.1111/1753-0407.12829","","",,,,,16,8.00,4,4,2,"… Anthropometric measurements (weight, height and waist circumference) were made by trained survey staff using standardized methods (ie the same methods and equipment in all households selected for this survey).17. Measurement of blood glucose and diabetes definition …","https://onlinelibrary.wiley.com/doi/pdfdirect/10.1111/1753-0407.12829","https://scholar.google.com/scholar?q=related:jxpoUPFoZcsJ:scholar.google.com/&scioq=%22waist+circumference%22+nigeria&hl=en&as_sdt=0,5&as_ylo=2019&as_yhi=2019&as_vis=1"
0,"RN HIREMATH, SS PATIL…","Quality of Life and Nutritional Status of People Living with HIV/AIDS (PLHA's) in Western Maharashtra-A Prospective Cohort Study.",2019,"Journal of Clinical & …","search.ebscohost.com","http://search.ebscohost.com/login.aspx?direct=true&profile=ehost&scope=site&authtype=crawler&jrnl=0973709X&AN=136886708&h=D76or71HwJc%2BYJm%2FVaZHsmQnUQs81Joi4GWYU6moXFvuPjVLSEgLFc94H3HengUOixSF9A%2BrYudGzogmMphQsA%3D%3D&crl=c","",799,"2021-07-17 23:32:21","","","","",,,,,0,0.00,0,3,2,"… PLHAs on ART with low energy intake, undernutrition and increased waist circumference had poor QOL … with poor QOL whereas a study by Folasire OF et al., did not find any significant difference in QOL scores between males and females living with HIV/AIDS in Nigeria [19,20] …","",""
0,"F Nouh","FAD DIET",,"sdiarticle3.com","","http://www.sdiarticle3.com/wp-content/uploads/2019/04/Revised-ms_AFSJ_46454_v8.pdf","",800,"2021-07-17 23:32:21","PDF","","","",,,,,0,0.00,0,1,,"… than Pima Indians living in Mexico (7). Similarly, in Nigeria the mean BMI for men … United States (7) For instance, the prevalence of hypertension in adult Nigerians living in … Waist circumference action levels in the identification of cardiovascular risk factors: Prevalence study in a …","http://www.sdiarticle3.com/wp-content/uploads/2019/04/Revised-ms_AFSJ_46454_v8.pdf","https://scholar.google.com/scholar?q=related:bsHGx0n9FXcJ:scholar.google.com/&scioq=%22waist+circumference%22+nigeria&hl=en&as_sdt=0,5&as_ylo=2019&as_yhi=2019&as_vis=1"
2,"W Fatima, NSM Alqhatani","Assessment of nutritional status and its related factors among female adolescent girls: A school based study in Arar city, Kingdom of Saudi Arabia",2019,"International Journal of Medical …","indianjournals.com","https://www.indianjournals.com/ijor.aspx?target=ijor:ijmrhs&volume=8&issue=2&article=018","https://scholar.google.com/scholar?cites=3426379951746942568&as_sdt=2005&sciodt=0,5&hl=en",801,"2021-07-17 23:32:21","","","","",,,,,2,1.00,1,2,2,"Page 1. www.IndianJournals.com Members Copy, Not for Commercial Sale Downloaded From IP - 66.249.79.215 on dated 22-Jan-2021 Available online at www.ijmrhs.com Inte rn atio n a l J o u rn al of M edical Research & H e a lth S cien ces • IJMRHS • …","https://www.researchgate.net/profile/Nasser-Alqahtani-3/publication/334194268_Assessment_of_Nutritional_Status_and_its_Related_Factors_among_Female_Adolescent_Girls_A_School_based_Study_in_Arar_city_Kingdom_of_Saudi_Arabia/links/5fb2c37da6fdcc9ae05af0e7/Assessment-of-Nutritional-Status-and-its-Related-Factors-among-Female-Adolescent-Girls-A-School-based-Study-in-Arar-city-Kingdom-of-Saudi-Arabia.pdf","https://scholar.google.com/scholar?q=related:aIZlkWnyjC8J:scholar.google.com/&scioq=%22waist+circumference%22+nigeria&hl=en&as_sdt=0,5&as_ylo=2019&as_yhi=2019&as_vis=1"
0,"DJ Melis","An investigation of the changing commercial airline passenger anthropometry and its effects on aircraft safety and performance",2019,"","core.ac.uk","https://core.ac.uk/download/pdf/237478316.pdf","",802,"2021-07-17 23:32:21","PDF","","","",,,,,0,0.00,0,1,2,"… 59 Figure 4-1 Boxplots of age, weight, height, waist circumference and BMI for NHANES data ..... 63 … xiii ~ List of Tables Table 2-1 Waist circumference and waist–hip ratio (WHO 2008) .... 12 …","https://core.ac.uk/download/pdf/237478316.pdf","https://scholar.google.com/scholar?q=related:w4vOSxEp1HEJ:scholar.google.com/&scioq=%22waist+circumference%22+nigeria&hl=en&as_sdt=0,5&as_ylo=2019&as_yhi=2019&as_vis=1"
5,"K Aldubayan, M Murimi","Compliance with school nutrition policy in Saudi Arabia: a quantitative study.",2019,"Eastern Mediterranean Health Journal","apps.who.int","https://apps.who.int/iris/bitstream/handle/10665/327244/EMHJ_25_4_2019.pdf?sa=X&ved=2ahUKEwj_7aOZ-p7nAhXRbsAKHYA2Ce4QFjAJegQIARAB#page=12","https://scholar.google.com/scholar?cites=13572920354272504790&as_sdt=2005&sciodt=0,5&hl=en",803,"2021-07-17 23:32:21","PDF","","","",,,,,5,2.50,3,2,2,"… In addition, two non-school studies conducted in Kenya and Nigeria showed that … Sugar-sweetened carbonated beverage con- sumption correlates with BMI, waist circumference, and poor … T. Problems of Policy Implementation in Developing Nations: The Nigerian Experience …","https://apps.who.int/iris/bitstream/handle/10665/327244/EMHJ_25_4_2019.pdf?sa=X&ved=2ahUKEwj_7aOZ-p7nAhXRbsAKHYA2Ce4QFjAJegQIARAB#page=12","https://scholar.google.com/scholar?q=related:1usUWSazXLwJ:scholar.google.com/&scioq=%22waist+circumference%22+nigeria&hl=en&as_sdt=0,5&as_ylo=2019&as_yhi=2019&as_vis=1"
5,"R Paul, MV Prasanna, RR Gantayat, MK Singh","Groundwater quality assessment in Jirania Block, west district of Tripura, India, using hydrogeochemical fingerprints",2019,"SN Applied Sciences","Springer","https://link.springer.com/article/10.1007/s42452-019-1092-1","https://scholar.google.com/scholar?cites=17245250556260139615&as_sdt=2005&sciodt=0,5&hl=en",804,"2021-07-17 23:32:21","HTML","10.1007/s42452-019-1092-1","","",,,,,5,2.50,1,4,2,"A hydrogeochemical assessment was carried out in Jirania Block of west district of Tripura, India, to evaluate the geochemical processes and groundwater su.","https://link.springer.com/article/10.1007/s42452-019-1092-1","https://scholar.google.com/scholar?q=related:X0J-_AJwU-8J:scholar.google.com/&scioq=%22waist+circumference%22+nigeria&hl=en&as_sdt=0,5&as_ylo=2019&as_yhi=2019&as_vis=1"
0,"KG Ibrahim","The potential protective effects of curcumin against diet-induced neonatal programming of metabolic dysfunction in growing rats",2019,"","wiredspace.wits.ac.za","http://wiredspace.wits.ac.za/handle/10539/29883","",805,"2021-07-17 23:32:21","","","","",,,,,0,0.00,0,1,2,"… I really appreciate. Finally, I would like to thank the Usmanu Danfodiyo University, Sokoto, Nigeria for granting me a study fellowship to pursue this doctorate degree. Page 9. ix … WBC: White blood cells WC: Waist circumference WHF: World Heart Federation …","http://wiredspace.wits.ac.za/bitstream/handle/10539/29883/K.%20G.%20Ibrahim%20Revised%20PhD%20thesis%20%28784794%29.pdf?sequence=2&isAllowed=y","https://scholar.google.com/scholar?q=related:Sw6pE-DxdBYJ:scholar.google.com/&scioq=%22waist+circumference%22+nigeria&hl=en&as_sdt=0,5&as_ylo=2019&as_yhi=2019&as_vis=1"
0,"LR Fernández, DMG Esplugas…","Cut-off value of the conicity index as an independent predictor of dysglycemia",2019,"Revista Cubana de …","medigraphic.com","https://www.medigraphic.com/cgi-bin/new/resumenI.cgi?IDARTICULO=93638","",806,"2021-07-17 23:32:21","HTML","","","",,,,,0,0.00,0,3,2,"… Study of conicity index, body mass index and waist circumference as predictors of coronary artery disease … O. Comparative analysis of anthropometric indices of obesity as correlates and potential predictors of risk for hypertension and prehypertension in a population in Nigeria …","https://www.medigraphic.com/cgi-bin/new/resumenI.cgi?IDARTICULO=93638","https://scholar.google.com/scholar?q=related:fV3Q-h5qeBYJ:scholar.google.com/&scioq=%22waist+circumference%22+nigeria&hl=en&as_sdt=0,5&as_ylo=2019&as_yhi=2019&as_vis=1"
0,"RR Cook","The Effects of HIV, Obesity, and Methamphetamine Use on the Gastrointestinal Microbiome of Young Men who have Sex with Men",2019,"","search.proquest.com","https://search.proquest.com/openview/73b896e11e2eefed9a7630a25b68128f/1?pq-origsite=gscholar&cbl=18750&diss=y","",807,"2021-07-17 23:32:21","BOOK","","","",,,,,0,0.00,0,1,2,"… 10 measures are described in Appendix 1. Dichotomous variables for obesity (defined as BMI > 30 or waist circumference > 40 inches), and antibiotic use in the past month were also included in the analyses; these data were collected by clinical staff. Statistical analyses …","https://escholarship.org/content/qt84k7h90b/qt84k7h90b.pdf","https://scholar.google.com/scholar?q=related:qtIS7A6j9K8J:scholar.google.com/&scioq=%22waist+circumference%22+nigeria&hl=en&as_sdt=0,5&as_ylo=2019&as_yhi=2019&as_vis=1"
0,"JC Manrique Huamán","Perímetro de cuello una alternativa a los métodos antropométricos convencionales para determinar sobrepeso y obesidad en conductores de la Empresa de …",2019,"","repositorio.upeu.edu.pe","https://repositorio.upeu.edu.pe/handle/20.500.12840/1642","",808,"2021-07-17 23:32:21","","","","",,,,,0,0.00,0,1,2,"… Thus measure of perimeter of the neck, was investigated under the argument of the limitations presented by the waist circumference with lack of uniformity … próxima herramienta de índices de adiposidad” Nigeria. El objetivo de este …","https://repositorio.upeu.edu.pe/bitstream/handle/20.500.12840/1642/Jossel_Tesis_Licenciatura_2019.pdf?sequence=1&isAllowed=y","https://scholar.google.com/scholar?q=related:oy-muEmXyrcJ:scholar.google.com/&scioq=%22waist+circumference%22+nigeria&hl=en&as_sdt=0,5&as_ylo=2019&as_yhi=2019&as_vis=1"
12,"NA Lui, G Jeyaram, A Henry","Postpartum interventions to reduce long-term cardiovascular disease risk in women after hypertensive disorders of pregnancy: a systematic review",2019,"Frontiers in cardiovascular medicine","frontiersin.org","https://www.frontiersin.org/articles/10.3389/fcvm.2019.00160/full","https://scholar.google.com/scholar?cites=1204722834135015787&as_sdt=2005&sciodt=0,5&hl=en",809,"2021-07-17 23:32:21","HTML","","","",,,,,12,6.00,4,3,2,"… Primary outcomes include change in blood pressure, weight and waist circumference (clinically recorded) and secondary outcomes include self-reported changes (validated questionnaire), serological measures, vascular function, maternal satisfaction with the programme and …","https://www.frontiersin.org/articles/10.3389/fcvm.2019.00160/full","https://scholar.google.com/scholar?q=related:a2Fr5QgJuBAJ:scholar.google.com/&scioq=%22waist+circumference%22+nigeria&hl=en&as_sdt=0,5&as_ylo=2019&as_yhi=2019&as_vis=1"
0,"M Van Hoogland, OHI Majane, LH Bohmer","Biomarkers of heart failure with a preserved ejection fraction in patients with aortic dysfunction",2019,"","repository.smu.ac.za","https://repository.smu.ac.za/bitstream/handle/20.500.12308/603/van%20Hoogland%20Maryland.pdf?sequence=1","",810,"2021-07-17 23:32:21","PDF","","","",,,,,0,0.00,0,3,2,"Page 1. BIOMARKERS OF HEART FAILURE WITH A PRESERVED EJECTION FRACTION IN PATIENTS WITH AORTIC DYSFUNCTION Page 2. by MARILET VAN HOOGLAND (201507150) DISSERTATION Submitted in fulfilment of the requirements for the degree of …","https://repository.smu.ac.za/bitstream/handle/20.500.12308/603/van%20Hoogland%20Maryland.pdf?sequence=1","https://scholar.google.com/scholar?q=related:UGkA6CNPLf0J:scholar.google.com/&scioq=%22waist+circumference%22+nigeria&hl=en&as_sdt=0,5&as_ylo=2019&as_yhi=2019&as_vis=1"
0,"PP Boakye","Prevalence of Chidhood Obesity and Risk Factors for Childhood Obesity among Pupils in Two Basic Schools in the Tema Metropolis of the Greater Accra Region",2019,"","ugspace.ug.edu.gh","http://ugspace.ug.edu.gh/handle/123456789/33615","",811,"2021-07-17 23:32:21","","","","",,,,,0,0.00,0,1,2,"… Moreover, a similar study among 9 –16 year old primary and secondary school pupils in Benue State of Nigeria using the International … In contrast however, a study piloted amongst primary school students in an urban area in Nigeria reported that …","http://ugspace.ug.edu.gh/xmlui/bitstream/handle/123456789/33615/Prevalence%20of%20Chidhood%20Obesity%20and%20Risk%20Factors%20for%20Childhood%20Obesity%20among%20Pupils%20in%20Two%20Basic%20Schools%20in%20the%20Tema%20Metropolis%20of%20the%20Greater%20Accra%20Region.pdf?sequence=1&isAllowed=y","https://scholar.google.com/scholar?q=related:UB6qzGV24eYJ:scholar.google.com/&scioq=%22waist+circumference%22+nigeria&hl=en&as_sdt=0,5&as_ylo=2019&as_yhi=2019&as_vis=1"
6,"Z Cao, R Wang, Y Cheng, H Yang, S Li, L Sun…","Adherence to a healthy lifestyle counteracts the negative effects of risk factors on all-cause mortality in the oldest-old",2019,"Aging (Albany …","ncbi.nlm.nih.gov","https://www.ncbi.nlm.nih.gov/pmc/articles/PMC6781993/","https://scholar.google.com/scholar?cites=5387320073296562464&as_sdt=2005&sciodt=0,5&hl=en",812,"2021-07-17 23:32:21","HTML","","","",,,,,6,3.00,1,7,2,"","https://www.ncbi.nlm.nih.gov/pmc/articles/PMC6781993/","https://scholar.google.com/scholar?q=related:IEksPBCbw0oJ:scholar.google.com/&scioq=%22waist+circumference%22+nigeria&hl=en&as_sdt=0,5&as_ylo=2019&as_yhi=2019&as_vis=1"
117,"L Speidel, M Forest, S Shi, SR Myers","A method for genome-wide genealogy estimation for thousands of samples",2019,"Nature genetics","nature.com","https://www.nature.com/articles/s41588-019-0484-x?proof\u003dtrue\u0026draft\u003dcollection","https://scholar.google.com/scholar?cites=12788864312933975804&as_sdt=2005&sciodt=0,5&hl=en",813,"2021-07-17 23:32:21","","","","",,,,,117,58.50,29,4,2,"Knowledge of genome-wide genealogies for thousands of individuals would simplify most evolutionary analyses for humans and other species, but has remained computationally infeasible. We have developed a method, Relate, scaling to >10000 sequences while simultaneously …","https://www.ncbi.nlm.nih.gov/pmc/articles/PMC7610517/","https://scholar.google.com/scholar?q=related:_IYZlVUse7EJ:scholar.google.com/&scioq=%22waist+circumference%22+nigeria&hl=en&as_sdt=0,5&as_ylo=2019&as_yhi=2019&as_vis=1"
0,"DJ Stegall","Impact of Race/Ethnicity and Gender on Obesity and Sleeping Difficulties among College Students at Fresno State",2019,"","repository.library.fresnostate.edu","http://repository.library.fresnostate.edu/handle/10211.3/210942","",814,"2021-07-17 23:32:21","","","","",,,,,0,0.00,0,1,2,"Page 1. ABSTRACT IMPACT OF RACE/ETHNICITY AND GENDER ON SLEEPING DIFFICULTIES AMONG OBESE COLLEGE STUDENTS AT FRESNO STATE The purpose of this study was to investigate the possible influences of …","https://repository.library.fresnostate.edu/bitstream/handle/10211.3/210942/Stegall_csu_6050N_10655.pdf?sequence=1","https://scholar.google.com/scholar?q=related:rYbmuI8N0ZIJ:scholar.google.com/&scioq=%22waist+circumference%22+nigeria&hl=en&as_sdt=0,5&as_ylo=2019&as_yhi=2019&as_vis=1"
0,"JM Maldonado-Duran, TL Becerra, K Gomez","Culture and Eating in the Perinatal Period and Early Childhood",2019,"Clinical Handbook of …","Springer","https://link.springer.com/chapter/10.1007/978-3-030-23440-9_14","",815,"2021-07-17 23:32:21","","10.1007/978-3-030-23440-9_14","","",,,,,0,0.00,0,3,2,"… Traditionally, in some parts of Nigeria, young children are not given meat or eggs … have been called globally the “X syndrome,” which includes obesity, high waist circumference, higher risk … In Nigerian expecting women eating clay seems almost normative, as a majority of women …","https://www.researchgate.net/profile/Martin-Maldonado-Duran/publication/348923286_ClinicalHandbookofTransculturalInfan/links/601714d592851c2d4d0a7b37/Clinical-Handbook-of-Transcultural-Infan.pdf#page=187","https://scholar.google.com/scholar?q=related:GSNSShKdvJkJ:scholar.google.com/&scioq=%22waist+circumference%22+nigeria&hl=en&as_sdt=0,5&as_ylo=2019&as_yhi=2019&as_vis=1"
6,"M Sheilini, HM Hande, MM Prabhu…","Impact of multimodal interventions on medication nonadherence among elderly hypertensives: a randomized controlled study",2019,"Patient preference …","ncbi.nlm.nih.gov","https://www.ncbi.nlm.nih.gov/pmc/articles/PMC6489579/","https://scholar.google.com/scholar?cites=2842962939490041549&as_sdt=2005&sciodt=0,5&hl=en",816,"2021-07-17 23:32:21","HTML","","","",,,,,6,3.00,2,4,2,"","https://www.ncbi.nlm.nih.gov/pmc/articles/PMC6489579/","https://scholar.google.com/scholar?q=related:zX7nFbs7dCcJ:scholar.google.com/&scioq=%22waist+circumference%22+nigeria&hl=en&as_sdt=0,5&as_ylo=2019&as_yhi=2019&as_vis=1"
4,"LH Rubin, PM Maki","Neurocognitive complications of hiv infection in women: insights from the WIHS cohort",2019,"","Springer","https://link.springer.com/chapter/10.1007/7854_2019_101","https://scholar.google.com/scholar?cites=15970658355304597158&as_sdt=2005&sciodt=0,5&hl=en",817,"2021-07-17 23:32:21","","10.1007/7854_2019_101","","",,,,,4,2.00,2,2,2,"… In another early WIHS study, body mass index (BMI), waist circumference (WC), and waist-to-hip ratio (WHR) were examined in relation to cognition and showed some stronger relationships with cognition in WLWH compared to HIV− women (Gustafson et al. 2013) …","","https://scholar.google.com/scholar?q=related:pgYOcSgto90J:scholar.google.com/&scioq=%22waist+circumference%22+nigeria&hl=en&as_sdt=0,5&as_ylo=2019&as_yhi=2019&as_vis=1"
2,"B Dhir, N Singla","Consumption Pattern and Health Implications of Convenience Foods: A Practical Review",2019,"Curr. J. Appl. Sci. Technol","researchgate.net","https://www.researchgate.net/profile/Dietitian-Dhir/publication/338670489_Consumption_Pattern_and_Health_Implications_of_Convenience_Foods_A_Practical_Review/links/5e22c21f92851cafc38c866d/Consumption-Pattern-and-Health-Implications-of-Convenience-Foods-A-Practical-Review.pdf","https://scholar.google.com/scholar?cites=8392857665651996688&as_sdt=2005&sciodt=0,5&hl=en",818,"2021-07-17 23:32:21","PDF","","","",,,,,2,1.00,1,2,2,"… (3) Itodo, Sunday Ewaoche, Niger Delta University, Nigeria. (4) Batho Peter Maballa, Stella Maris Mtwara University College, Tanzania … Costa et al. [11] reported a positive correlation for the increase in waist circumference of those children consuming more ultra-processed food …","https://www.researchgate.net/profile/Dietitian-Dhir/publication/338670489_Consumption_Pattern_and_Health_Implications_of_Convenience_Foods_A_Practical_Review/links/5e22c21f92851cafc38c866d/Consumption-Pattern-and-Health-Implications-of-Convenience-Foods-A-Practical-Review.pdf","https://scholar.google.com/scholar?q=related:EPiZY5RreXQJ:scholar.google.com/&scioq=%22waist+circumference%22+nigeria&hl=en&as_sdt=0,5&as_ylo=2019&as_yhi=2019&as_vis=1"
0,"ميترا همتي, منصور رضايي…","و برخي فاكتورهاي مؤثر بر آن در كودكان 2 تا 6 سال در شهر كرمانشاه D بررسي سطح سرمي ويتامين‎",,"Razi Journal of …, 2019‎","search.ebscohost.com","http://search.ebscohost.com/login.aspx?direct=true&profile=ehost&scope=site&authtype=crawler&jrnl=22287043&AN=137702175&h=pU4fefmuG8BHNpwyRLtmdvZlHmIsLfnOAjXkJXHSzyv%2BC1f1tUJHFKbfmCeg0EiGY97OxkNjzsrNDfRwJPuZwg%3D%3D&crl=c","",819,"2021-07-17 23:32:21","","","","",,,,,0,0.00,0,3,,"Page 1. ﻪﻟﺎﻘﻣ ﻲﺸﻫوﮋﭘ ٥٨ يزار ﻲﻜﺷﺰﭘ مﻮﻠﻋ ﻪﻠﺠﻣ هرود 62 هرﺎﻤﺷ ، 2، ﺖﺸﻬﺒﻳدرا 8139 http://rjms.iums. ac.ir ﺳرﺮﺑ ﻲ ﺢﻄﺳ ﻣﺮﺳ ﻲ وﻳ ﻣﺎﺘ ﻴﻦ D و ﺧﺮﺑ ﻲ ﺎﻫرﻮﺘﻛﺎﻓ ي ﺮﺛﺆﻣ ﺮﺑ نآ رد نﺎﻛدﻮﻛ 2 ﺎﺗ 6 لﺎﺳ رد ﺮﻬﺷ هﺎﺸﻧﺎﻣﺮﻛ ﻣﻴ اﺮﺘ ﺘﻤﻫ ﻲ: ﺸﻧاد ﻴرﺎ و ﺺﺼﺨﺘﻣ ،نﺎﻛدﻮﻛ هﺎﮕﺸﻧاد مﻮﻠﻋ ﻜﺷﺰﭘ ﻲ ،هﺎﺸﻧﺎﻣﺮﻛ ،هﺎﺸﻧﺎﻣﺮﻛ اﻳ ناﺮ … ‎","","https://scholar.google.com/scholar?q=related:gJI86xPhN14J:scholar.google.com/&scioq=%22waist+circumference%22+nigeria&hl=en&as_sdt=0,5&as_ylo=2019&as_yhi=2019&as_vis=1"
0,"P Mitra Hemmati, M Rezaei, M Abdolhossini, S Satari…","Survey of vitamin D Serum levels and some factors affected it in infants aged 2 to 6 years in Kermanshah",,"rjms.iums.ac.ir","","http://rjms.iums.ac.ir/browse.php?a_id=5300&sid=1&slc_lang=en&ftxt=1","",820,"2021-07-17 23:32:21","PDF","","","",,,,,0,0.00,0,5,,"Page 1. ﻪﻟﺎﻘﻣ ﻲﺸﻫوﮋﭘ ٥٨ يزار ﻲﻜﺷﺰﭘ مﻮﻠﻋ ﻪﻠﺠﻣ هرود 62 هرﺎﻤﺷ ، 2، ﺖﺸﻬﺒﻳدرا 8139 http://rjms.iums. ac.ir ﺳرﺮﺑ ﻲ ﺢﻄﺳ ﻣﺮﺳ ﻲ وﻳ ﻣﺎﺘ ﻴﻦ D و ﺧﺮﺑ ﻲ ﺎﻫرﻮﺘﻛﺎﻓ ي ﺮﺛﺆﻣ ﺮﺑ نآ رد نﺎﻛدﻮﻛ 2 ﺎﺗ 6 لﺎﺳ رد ﺮﻬﺷ هﺎﺸﻧﺎﻣﺮﻛ ﻣﻴ اﺮﺘ ﺘﻤﻫ ﻲ: ﺸﻧاد ﻴرﺎ و ﺺﺼﺨﺘﻣ ،نﺎﻛدﻮﻛ هﺎﮕﺸﻧاد مﻮﻠﻋ ﻜﺷﺰﭘ ﻲ ،هﺎﺸﻧﺎﻣﺮﻛ ،هﺎﺸﻧﺎﻣﺮﻛ اﻳ ناﺮ … ‎","http://rjms.iums.ac.ir/browse.php?a_id=5300&sid=1&slc_lang=en&ftxt=1","https://scholar.google.com/scholar?q=related:cMEmA_SiEygJ:scholar.google.com/&scioq=%22waist+circumference%22+nigeria&hl=en&as_sdt=0,5&as_ylo=2019&as_yhi=2019&as_vis=1"
0,"ME Dimitriades","Practices and perceptions of registered dietitians regarding the use of carbohydrate counting and barriers associated with it in the dietary management of type 1 …",2019,"","ukzn-dspace.ukzn.ac.za","http://ukzn-dspace.ukzn.ac.za/handle/10413/18741","",821,"2021-07-17 23:32:21","","","","",,,,,0,0.00,0,1,2,"… undiagnosed in 2017. South Africa has 1.8 million people living with DM, the highest prevalence in the African region, alongside Ethiopia (2.6 million), Nigeria (1.7 million) and the Democratic Republic of Congo (1.7 million) (IDF Diabetes Atlas 2017, p47) …","http://ukzn-dspace.ukzn.ac.za/bitstream/handle/10413/18741/Dimitriades_Megan_Esm%C3%A9_2019.pdf?sequence=1&isAllowed=y","https://scholar.google.com/scholar?q=related:a9H8BaaLSDYJ:scholar.google.com/&scioq=%22waist+circumference%22+nigeria&hl=en&as_sdt=0,5&as_ylo=2019&as_yhi=2019&as_vis=1"
1,"JM Musung, EK Muyumba, DN Nkulu…","Prevalence of overweight and obesity among adolescents in school in Lubumbashi, Democratic Republic of Congo",2019,"The Pan African …","europepmc.org","https://europepmc.org/article/pmc/6522159","https://scholar.google.com/scholar?cites=17062990113719127599&as_sdt=2005&sciodt=0,5&hl=en",822,"2021-07-17 23:32:21","","","","",,,,,1,0.50,0,4,2,"Europe PMC is an archive of life sciences journal literature.","","https://scholar.google.com/scholar?q=related:Lw471hrry-wJ:scholar.google.com/&scioq=%22waist+circumference%22+nigeria&hl=en&as_sdt=0,5&as_ylo=2019&as_yhi=2019&as_vis=1"
0,"J Wang","Metabolic risk factors in mothers and metabolic profile of neonates",2019,"","etheses.bham.ac.uk","http://etheses.bham.ac.uk/id/eprint/9741/","",823,"2021-07-17 23:32:21","","","","",,,,,0,0.00,0,1,2,"… Other available measurements of fat mass include waist circumference, skinfold thickness, Bioelectrical Impedance Analysis, and Dual-Energy … The estimated prevalence of gestational hypertension was 7.5% in Brazil (1991-95) and was 5.9% in Nigeria (2016) (57, 58) …","http://etheses.bham.ac.uk/id/eprint/9741/7/Wang2019PhD.pdf","https://scholar.google.com/scholar?q=related:hwQSUhAb0bsJ:scholar.google.com/&scioq=%22waist+circumference%22+nigeria&hl=en&as_sdt=0,5&as_ylo=2019&as_yhi=2019&as_vis=1"
4,"H Chomba, HD Martin, J Kimywe","Prevalence and predictors of obesity among 7-to 17-year-old schoolchildren in Urban Arusha, Tanzania",2019,"Journal of nutrition and metabolism","hindawi.com","https://www.hindawi.com/journals/jnme/2019/3106597/","https://scholar.google.com/scholar?cites=8611572167180871668&as_sdt=2005&sciodt=0,5&hl=en",824,"2021-07-17 23:32:21","HTML","","","",,,,,4,2.00,1,3,2,"… Weight (kg) 38.1 ± 8.4 38.6 ± 8.5 37.4 ± 8.3 Height (cm) 141.3 ± 18.3 140.1 ± 19.9 142.9 ± 15.7 Waist circumference (cm) 28.4 ± 14.7 27.7 ± 3.0 29.5 ± 22.2 Hip circumference (cm) 32.5 ± 3.4 33.1 ± 3.4 31.7 ± 3.2 Waist-hip ratio 0.9 ± 0.4 0.8 ± 0.1 0.9 ± 0.6 …","https://www.hindawi.com/journals/jnme/2019/3106597/","https://scholar.google.com/scholar?q=related:9Od0jkJzgncJ:scholar.google.com/&scioq=%22waist+circumference%22+nigeria&hl=en&as_sdt=0,5&as_ylo=2019&as_yhi=2019&as_vis=1"
0,"S Masoudi","Evaluation of the relationship between body mass index (BMI) with malocclusion in adolescents who were referred to the dentistry department of Tabriz university of …",2019,"","80.191.203.9","http://80.191.203.9/xmlui/handle/123456789/60319","",825,"2021-07-17 23:32:21","","","","",,,,,0,0.00,0,1,2,"Page 1. Page 2. Tabriz University of Medical Sciences Faculty of Dentistry Graduation Dissertation for DDS Degree Title: Evaluation of the relationship between body mass index (BMI) with malocclusion in adolescents who were referred …","http://80.191.203.9/xmlui/bitstream/handle/123456789/60319/payannameh%20masoudi.pdf?sequence=2&isAllowed=n","https://scholar.google.com/scholar?q=related:nXSCNwU5PzMJ:scholar.google.com/&scioq=%22waist+circumference%22+nigeria&hl=en&as_sdt=0,5&as_ylo=2019&as_yhi=2019&as_vis=1"
4,"V Koncz, P Geldsetzer, J Manne‐Goehler, AS Wendt…","Shorter height is associated with diabetes in women but not in men: nationally representative evidence from Namibia",2019,"…","Wiley Online Library","https://onlinelibrary.wiley.com/doi/abs/10.1002/oby.22394","https://scholar.google.com/scholar?cites=11036127451325193034&as_sdt=2005&sciodt=0,5&hl=en",826,"2021-07-17 23:32:21","","10.1002/oby.22394","","",,,,,4,2.00,1,5,2,"Objective This study aimed to test the hypothesis that attained adult height, as an indicator of childhood nutrition, is associated with diabetes in adulthood in Namibia, a country where stunting i...","https://onlinelibrary.wiley.com/doi/pdf/10.1002/oby.22394","https://scholar.google.com/scholar?q=related:Stss8HEzKJkJ:scholar.google.com/&scioq=%22waist+circumference%22+nigeria&hl=en&as_sdt=0,5&as_ylo=2019&as_yhi=2019&as_vis=1"
0,"JJA De Smidt","The effect of maternal exposure to alcohol and nicotine on pancreas and kidney size, aorta and carotid intima thickness and visceral fat in their children.",2019,"","etd.uwc.ac.za","https://etd.uwc.ac.za/handle/11394/7849","",827,"2021-07-17 23:32:21","","","","",,,,,0,0.00,0,1,2,"… circumference (MUAC). And, body mass index (BMI), skinfold thickness (SFT) and waist circumference (WC) at age five years. Also, clinical assessments at five years, blood pressure (BP), mean arterial pressure (MAP) and heart rate (HR). And …","https://etd.uwc.ac.za/bitstream/handle/11394/7849/de%20smidt_phd_nsc_2019.pdf?sequence=1&isAllowed=y","https://scholar.google.com/scholar?q=related:0fXzE5CxU2IJ:scholar.google.com/&scioq=%22waist+circumference%22+nigeria&hl=en&as_sdt=0,5&as_ylo=2019&as_yhi=2019&as_vis=1"
0,"FT Nigusso","Support programme for facilitating the integration of nutrition and food security with HIV prevention, treatment and care",2019,"","core.ac.uk","https://core.ac.uk/download/pdf/224785045.pdf","",828,"2021-07-17 23:32:21","PDF","","","",,,,,0,0.00,0,1,2,"Page 1. SUPPORT PROGRAMME FOR FACILITATING THE INTEGRATION OF NUTRITION AND FOOD SECURITY WITH HIV PREVENTION, TREATMENT AND CARE by FIKADU TADESSE NIGUSSO Submitted in accordance with the requirements for the degree of …","https://core.ac.uk/download/pdf/224785045.pdf","https://scholar.google.com/scholar?q=related:5c1BRvBBEUUJ:scholar.google.com/&scioq=%22waist+circumference%22+nigeria&hl=en&as_sdt=0,5&as_ylo=2019&as_yhi=2019&as_vis=1"
0,"MC Molopo","The effects of quercetin in preventing metabolic dysfunction in male sprague dawley rats fed a high fructose diet, post weaning",2019,"","wiredspace.wits.ac.za","http://wiredspace.wits.ac.za/handle/10539/29731","",829,"2021-07-17 23:32:21","","","","",,,,,0,0.00,0,1,2,"… Association (ADA) will be highlighted. Diagnosis of MetS is defined by meeting three or more of the following criteria: Increased waist circumference (102 cm for men and 88 cm … (Modak et al., 2007a; Umashanker and Shruti, 2011). A study in Nigeria which evaluated …","http://wiredspace.wits.ac.za/bitstream/handle/10539/29731/Final%20Dissertation%20Molopo%20MC%209th%20July%202019%20FINAL%20Submitted%20to%20faculty%20%281%29.pdf?sequence=1&isAllowed=y","https://scholar.google.com/scholar?q=related:NvaHqtA_z7QJ:scholar.google.com/&scioq=%22waist+circumference%22+nigeria&hl=en&as_sdt=0,5&as_ylo=2019&as_yhi=2019&as_vis=1"
0,"GS Bansah","EATING PATTERN, PHYSICAL ACTIVITY AND NUTRITIONAL STATUS OF POLICE PERSONNEL IN THE TAMALE METROPOLIS",2019,"","udsspace.uds.edu.gh","http://www.udsspace.uds.edu.gh/handle/123456789/2936","",830,"2021-07-17 23:32:21","","","","",,,,,0,0.00,0,1,2,"… 56 3.7. Anthropometric measurements ..... 60 3.7.1 Waist Circumference as a Proxy Method for Adiposity ..... 61 … TV Television WC Waist Circumference WHO World Health Organization …","http://www.udsspace.uds.edu.gh/bitstream/123456789/2936/1/EATING%20PATTERN%2C%20PHYSICAL%20ACTIVITY%20AND%20NUTRITIONAL%20STATUS%20OF%20POLICE%20PERSONNEL%20IN%20THE%20TAMALE%20METROPOLIS.pdf","https://scholar.google.com/scholar?q=related:KsdBA_xIbN0J:scholar.google.com/&scioq=%22waist+circumference%22+nigeria&hl=en&as_sdt=0,5&as_ylo=2019&as_yhi=2019&as_vis=1"
1,"AS Hoyle","The Role of Supplemental Beef vs Sugar during Pregnancy on Fetal and Offspring Developmental Programming in Swine",2019,"","search.proquest.com","https://search.proquest.com/openview/29a0db2c671e7ddb521ee2db3a634ba3/1?pq-origsite=gscholar&cbl=18750&diss=y","https://scholar.google.com/scholar?cites=16521029983812820065&as_sdt=2005&sciodt=0,5&hl=en",831,"2021-07-17 23:32:21","","","","",,,,,1,0.50,1,1,2,"… Famine has occurred all around the globe from the Chinese famine (1959-1961) to the Nigerian famine (1967-1970), and the Dutch hunger … body weights, BMI and waist circumference in women but not men at the age of 50. From these …","https://library.ndsu.edu/ir/bitstream/handle/10365/29794/Hoyle_ndsu_0157N_12292.pdf?sequence=1&isAllowed=y","https://scholar.google.com/scholar?q=related:YZy99Dx9RuUJ:scholar.google.com/&scioq=%22waist+circumference%22+nigeria&hl=en&as_sdt=0,5&as_ylo=2019&as_yhi=2019&as_vis=1"
0,"CA Pérez Espinoza","Perfil epidemiológico de la obesidad y el sobrepeso, principales comorbilidades en adultos, Hospital Referencial Ferreñafe 2018",2019,"","repositorio.unprg.edu.pe","https://repositorio.unprg.edu.pe/handle/20.500.12893/4076","",832,"2021-07-17 23:32:21","","","","",,,,,0,0.00,0,1,2,"… índices antropométricos de obesidad y si relación como potenciales predictores de hipertensión y prehipertensión en una población de Nigeria”, cuyo objetivo fue el de comparar los índices de antropométricos de obesidad como potenciales predictores de hipertensión …","https://repositorio.unprg.edu.pe/bitstream/handle/20.500.12893/4076/BC-TES-TMP-2894.pdf?sequence=1","https://scholar.google.com/scholar?q=related:fkHUTMKYCFoJ:scholar.google.com/&scioq=%22waist+circumference%22+nigeria&hl=en&as_sdt=0,5&as_ylo=2019&as_yhi=2019&as_vis=1"
0,"MS Mosamer, SA Elmahdi, D Mursi","Leptin and Serum Lipids among Sudanese Obese In Khartoum State",,"researchgate.net","","https://www.researchgate.net/profile/Dalia-Mursi/publication/339875380_Leptin_and_Serum_Lipids_among_Sudanese_Obese_In_Khartoum_State/links/5e69fe3f458515c5de628f71/Leptin-and-Serum-Lipids-among-Sudanese-Obese-In-Khartoum-State.pdf","",833,"2021-07-17 23:32:21","PDF","","","",,,,,0,0.00,0,3,,"… Effect of Body Mass Index on Lipid Profile of Type 2 Diabetic Patients at An Urban Tertiary Hospital In Nigeria, Journal of Dental … Adiponectin, in contrast to leptin, is not associated with body mass index, waist circumference and HOMA-IR in subjects of a west- African population …","https://www.researchgate.net/profile/Dalia-Mursi/publication/339875380_Leptin_and_Serum_Lipids_among_Sudanese_Obese_In_Khartoum_State/links/5e69fe3f458515c5de628f71/Leptin-and-Serum-Lipids-among-Sudanese-Obese-In-Khartoum-State.pdf","https://scholar.google.com/scholar?q=related:RsNmK84jMiwJ:scholar.google.com/&scioq=%22waist+circumference%22+nigeria&hl=en&as_sdt=0,5&as_ylo=2019&as_yhi=2019&as_vis=1"
0,"MS Bashandy, HM Abd Elgalil…","Epidemiological and clinical profile of acute coronary syndrome of Egyptian patients admitted to the Coronary Care Unit, Al-Azhar University Hospital, New …",2019,"The Scientific Journal of …","sjamf.eg.net","https://www.sjamf.eg.net/article.asp?issn=1110-2381;year=2019;volume=3;issue=3;spage=625;epage=634;aulast=Bashandy","",834,"2021-07-17 23:32:21","HTML","","","",,,,,0,0.00,0,3,2,"… and alcohol intake) or physical factors [eg diabetes mellitus (DM), hypertension (HTN), dyslipidemia, increased waist circumference, and improper … VO, Ojediran B. Profile of problems and risk factors associated with tobacco consumption among professional drivers in Nigeria …","https://www.sjamf.eg.net/article.asp?issn=1110-2381;year=2019;volume=3;issue=3;spage=625;epage=634;aulast=Bashandy","https://scholar.google.com/scholar?q=related:z5vWXKx13B8J:scholar.google.com/&scioq=%22waist+circumference%22+nigeria&hl=en&as_sdt=0,5&as_ylo=2019&as_yhi=2019&as_vis=1"
0,"NIM DZANUAR RAHMAWAN","HUBUNGAN INDEKS MASSA TUBUH DENGAN STATUS KESEHATAN ORAL (DECAYED MISSING FILLED TEETH INDEX, STIMULATED SALIVARY FLOW RATE …",2019,"","repository.unair.ac.id","http://repository.unair.ac.id/86067/","",835,"2021-07-17 23:32:21","","","","",,,,,0,0.00,0,1,2,"… Prevalence of cardiometabolic risk factors among professional male long-distance bus drivers in Lagos, south-west Nigeria: a cross-sectional study … Total Body Weight and Waist Circumference Associated With Chronic Periodontitis Among Adolescents in the United States …","http://repository.unair.ac.id/86067/3/daftar%20pustaka.pdf","https://scholar.google.com/scholar?q=related:QqetcwTBGDAJ:scholar.google.com/&scioq=%22waist+circumference%22+nigeria&hl=en&as_sdt=0,5&as_ylo=2019&as_yhi=2019&as_vis=1"
0,"ZY Farsani, F Taghian, E Banitalebi","Effects of different intensities of endurance training on serum fibroblast growth factor level, glucose, and insulin resistance in streptozotocin-diabetic male rats",2019,"Journal of Shahrekord University …","j.skums.ac.ir","http://j.skums.ac.ir/Article/jskums-77","",836,"2021-07-17 23:32:21","","","","",,,,,0,0.00,0,3,2,"… Based on the results, a significant reduction was observed in FGF21 after training evidenced by a significant decline in the waist circumference to the body mass index ratio … 3. Oguejiofor O, Odenigbo C, Onwukwe C. Diabetes in Nigeria: Impact, Challenges, Future Directions …","http://j.skums.ac.ir/PDF/jskums-21-118.pdf","https://scholar.google.com/scholar?q=related:HAX6cs71AJ0J:scholar.google.com/&scioq=%22waist+circumference%22+nigeria&hl=en&as_sdt=0,5&as_ylo=2019&as_yhi=2019&as_vis=1"
1,"Ö Kose","Women's Obesity and Sexual Quality: A Dyadic Study on Women and Their Male Partners",2019,"","search.proquest.com","https://search.proquest.com/openview/a038abe953228714024a74cdef8364ea/1?pq-origsite=gscholar&cbl=18750&diss=y","https://scholar.google.com/scholar?cites=2910972675012186607&as_sdt=2005&sciodt=0,5&hl=en",837,"2021-07-17 23:32:21","BOOK","","","",,,,,1,0.50,1,1,2,"… The results of actor-partner interdependence model (APIM) suggested that female obesity parameters (ie, body mass index and waist circumference) did not have an actor or partner … waist circumference of male partners was associated with lower quality of sex among female …","","https://scholar.google.com/scholar?q=related:71H4lDnaZSgJ:scholar.google.com/&scioq=%22waist+circumference%22+nigeria&hl=en&as_sdt=0,5&as_ylo=2019&as_yhi=2019&as_vis=1"
1,"RJ Shephard","I blame my parents for my waistline. But is this genetic alibi valid?",2019,"The Health & Fitness Journal of Canada","hfjc.library.ubc.ca","https://hfjc.library.ubc.ca/index.php/HFJC/article/view/268","https://scholar.google.com/scholar?cites=13713681338783122283&as_sdt=2005&sciodt=0,5&hl=en",838,"2021-07-17 23:32:21","","","","",,,,,1,0.50,1,1,2,"… The last issue is usually the most contentious, since undertaking regular vigorous physical activity at an early age can minimize the influence of an adverse genetic profile upon BMI and waist circumference (Andreasen, Syender-Petersen, & …","https://hfjc.library.ubc.ca/index.php/HFJC/article/download/268/294","https://scholar.google.com/scholar?q=related:a0MS-YTIUL4J:scholar.google.com/&scioq=%22waist+circumference%22+nigeria&hl=en&as_sdt=0,5&as_ylo=2019&as_yhi=2019&as_vis=1"
58,"LQ Su, JM Fu, SL Sun, GG Zhao, W Cheng, CC Dou…","Effects of HIIT and MICT on cardiovascular risk factors in adults with overweight and/or obesity: A meta-analysis",2019,"PLoS …","journals.plos.org","https://journals.plos.org/plosone/article?id=10.1371/journal.pone.0210644","https://scholar.google.com/scholar?cites=3250527181731051313&as_sdt=2005&sciodt=0,5&hl=en",839,"2021-07-17 23:32:21","HTML","","","",,,,,58,29.00,8,7,2,"… BMI and waist circumference are correlated with risk for CVD, its risk factors, and overall mortality,additionallyweight loss medications, but not behavior-based interventions, were associated with higher rates of harms[3]. Therefore, it is of practical importance to identify an …","https://journals.plos.org/plosone/article?id=10.1371/journal.pone.0210644","https://scholar.google.com/scholar?q=related:MbfU7z8xHC0J:scholar.google.com/&scioq=%22waist+circumference%22+nigeria&hl=en&as_sdt=0,5&as_ylo=2019&as_yhi=2019&as_vis=1"
0,"C Britz","An investigation into the risk factors of musculoskeletal diseases and the association between chronic diseases of lifestyle in an under-resourced area of the Cape …",2019,"","open.uct.ac.za","https://open.uct.ac.za/handle/11427/31092","",840,"2021-07-17 23:32:21","","","","",,,,,0,0.00,0,1,2,"Page 1. An investigation into the risk factors of musculoskeletal diseases and the association between chronic diseases of lifestyle in an under-resourced area of the Cape Town Metropole A dissertation prepared and submitted to the University of Cape Town by: Carmen Britz …","https://open.uct.ac.za/bitstream/handle/11427/31092/thesis_hsf_2019_britz_carmen.pdf?isAllowed=y&sequence=4","https://scholar.google.com/scholar?q=related:YBm33sfm1SEJ:scholar.google.com/&scioq=%22waist+circumference%22+nigeria&hl=en&as_sdt=0,5&as_ylo=2019&as_yhi=2019&as_vis=1"
0,"MO Olutende, MN Wanzala, AM Wangui…","COMPARATIVE STUDY OF ANTHROPOMETRICS, BLOOD PRESSURE PHENOTYPES AND BIOMOTOR VARIABLES AMONG SPORTS AND NON-SPORTS …",2019,"European Journal of …","oapub.org","https://www.oapub.org/edu/index.php/ejep/article/view/2453","",841,"2021-07-17 23:32:21","","","","",,,,,0,0.00,0,4,2,"… Other studies found that athletes were having less waist circumference, the thickness of four skin-fold, waist- to- hip ratio, body fat percentage; fat mass but higher in lean body mass than the non-athletes (Pallob & Sanjib, 2015). Kruschitzthe et al …","https://www.oapub.org/edu/index.php/ejep/article/download/2453/5091","https://scholar.google.com/scholar?q=related:fLZ5klxZ7JEJ:scholar.google.com/&scioq=%22waist+circumference%22+nigeria&hl=en&as_sdt=0,5&as_ylo=2019&as_yhi=2019&as_vis=1"
0,"HF Navratilova, NM Nurdin, KR Ekawidyani…","Sosialisasi Program Mobil Curhat di Kota Bogor Tahun 2015–2017",2019,"Agrokreatif: Jurnal …","jurnal.ipb.ac.id","https://jurnal.ipb.ac.id/index.php/j-agrokreatif/article/view/26539","",842,"2021-07-17 23:32:21","","","","",,,,,0,0.00,0,4,2,"… Konsep mobile clinic yang diadopsi oleh Mobil Curhat telah secara luas digunakan di berbagai negara, seperti di Nigeria (Onyia & Sanda … Waist-to- height ratio is a better screening tool than waist circumference and BMI for adult cardiometabolic risk factors: systematic review …","https://jurnal.ipb.ac.id/index.php/j-agrokreatif/article/download/26539/17145","https://scholar.google.com/scholar?q=related:fnvxMxunUYkJ:scholar.google.com/&scioq=%22waist+circumference%22+nigeria&hl=en&as_sdt=0,5&as_ylo=2019&as_yhi=2019&as_vis=1"
0,"N NURZAKIAH","EFEK PENDIDIKAN GIZI SEIMBANG MELALUI PENDEKATAN SELF DETERMINATION THEORY TERHADAP PARAMETER SINDROM METABOLIK PADA GURU DI …",2019,"","repository.unhas.ac.id","http://repository.unhas.ac.id/id/eprint/3626/","",843,"2021-07-17 23:32:21","","","","",,,,,0,0.00,0,1,2,"… Effects of whole and refined grains in a weight- loss diet on markers of metabolic syndrome in individuals with increased waist circumference: a randomized controlled-feeding trial. The American Journal of Clinical Nutrition … Nigerian Postgraduate Medical Journal …","http://repository.unhas.ac.id/id/eprint/3626/2/19_P1000315010_Disertasi%28FILEminimizer%29%20...%20ok%201-2.pdf","https://scholar.google.com/scholar?q=related:iGlpcFMkPSIJ:scholar.google.com/&scioq=%22waist+circumference%22+nigeria&hl=en&as_sdt=0,5&as_ylo=2019&as_yhi=2019&as_vis=1"
0,"GS Braley","A Net-Risk Approach to Displacement and Reoccupation Decision Making",2019,"","search.proquest.com","https://search.proquest.com/openview/efee4beefb4e43303936080c919c4710/1?pq-origsite=gscholar&cbl=18750&diss=y","",844,"2021-07-17 23:32:21","","","","",,,,,0,0.00,0,1,2,"… 124 Japan Displacement ..... 125 Nigeria Radiation..... 127 Nigeria Displacement ..... 127 Page 9. 1 …","https://mountainscholar.org/bitstream/handle/10217/199859/Braley_colostate_0053A_15839.pdf?sequence=1","https://scholar.google.com/scholar?q=related:K8TkeL-Pk7AJ:scholar.google.com/&scioq=%22waist+circumference%22+nigeria&hl=en&as_sdt=0,5&as_ylo=2019&as_yhi=2019&as_vis=1"
0,"JR Jaggers, HA Gregory","HIV and Exercise",2019,"Lifestyle Medicine","taylorfrancis.com","https://www.taylorfrancis.com/chapters/edit/10.1201/9781315201108-45/hiv-exercise-jason-jaggers-gregory","",845,"2021-07-17 23:32:21","","","","",,,,,0,0.00,0,2,2,"… These exer- cise-induced changes include decreases in total cholesterol and triglycerides, decreased fat mass, increased lean tissue mass, decreased waist circumference, and increased insu- lin sensitivity.30–36 45.5.2 Exercise as Medicine for Managing Art Toxicities …","","https://scholar.google.com/scholar?q=related:4CiOVkNHe1sJ:scholar.google.com/&scioq=%22waist+circumference%22+nigeria&hl=en&as_sdt=0,5&as_ylo=2019&as_yhi=2019&as_vis=1"
0,"AG ELMoslemany, AM ELBbandrawy, EA Elhosary…","Relation between body mass index and iron deficiency anemia in adolescent females",,"curresweb.com","","https://www.curresweb.com/csi/csi/2019/403-410.pdf","",846,"2021-07-17 23:32:21","PDF","","","",,,,,0,0.00,0,4,,"… Anemia in Relation to Body Mass Index and Waist Circumference among Chinese Women. Nutrition Journal, 1(12):10 … Anaemia in Relation to Body Mass Index (Bmi) and Socio-Demographic Characteristics in Adult Nigerians in Ebonyi State …","https://www.curresweb.com/csi/csi/2019/403-410.pdf","https://scholar.google.com/scholar?q=related:W6nK95X_OisJ:scholar.google.com/&scioq=%22waist+circumference%22+nigeria&hl=en&as_sdt=0,5&as_ylo=2019&as_yhi=2019&as_vis=1"
1,"TV Popova, B Pance, GI Maksutova…","Psychophysiological status in overweight Individuals",2019,"Человек. Спорт …","cyberleninka.ru","https://cyberleninka.ru/article/n/18282484","https://scholar.google.com/scholar?cites=15970376455616990435&as_sdt=2005&sciodt=0,5&hl=en",847,"2021-07-17 23:32:21","HTML","","","",,,,,1,0.50,0,4,2,"… Even 7-minute aerobic load each day for six weeks results in reducing fat mass and waist circumference as well as improving the cardiovascular system in young people [4]. The control of a balanced nutrition and body structure plays an important role in sport. A cor …","https://cyberleninka.ru/article/n/18282484","https://scholar.google.com/scholar?q=related:4wxQjsUsot0J:scholar.google.com/&scioq=%22waist+circumference%22+nigeria&hl=en&as_sdt=0,5&as_ylo=2019&as_yhi=2019&as_vis=1"
0,"J Burgess","Diet and Nutrition in the Prevention and Adjuvant Treatment of Psychiatric Disorders",2019,"Lifestyle Psychiatry","books.google.com","https://books.google.com/books?hl=en&lr=&id=fJqRDwAAQBAJ&oi=fnd&pg=PA201&dq=%22waist+circumference%22+nigeria&ots=acfFdkX0Dy&sig=PToCWeuLrAVgzzLysSrUaSRaQ90","",848,"2021-07-17 23:32:21","","","","",,,,,0,0.00,0,1,2,"… Peet based his hypothesis that diet impacts schizo- phrenia on prior observational studies that found the following: 1) out- comes for people with schizophrenia spectrum disorders were better in some developing nations (eg, Nigeria, India) than in developed nations (eg, United …","","https://scholar.google.com/scholar?q=related:IGBQiypdsREJ:scholar.google.com/&scioq=%22waist+circumference%22+nigeria&hl=en&as_sdt=0,5&as_ylo=2019&as_yhi=2019&as_vis=1"
0,"IW SIAGA","HUBUNGAN INDEKS MASSA TUBUH DENGAN GLUKOSA DARAH SEWAKTU PADA LANSIA DI KAMPUNG GAMPINGAN KELURAHAN PAKUNCEN KECAMATAN …",,"katalog.ukdw.ac.id","","https://katalog.ukdw.ac.id/768/","",849,"2021-07-17 23:32:21","","","","",,,,,0,0.00,0,1,,"Page 1. i i HUBUNGAN INDEKS MASSA TUBUH DENGAN GLUKOSA DARAH SEWAKTU PADA LANSIA DI KAMPUNG GAMPINGAN KELURAHAN PAKUNCEN KECAMATAN WIROBRAJAN YOGYAKARTA KARYA TULIS ILMIAH …","https://katalog.ukdw.ac.id/768/1/41130066_bab1_bab5_daftarpustaka.pdf","https://scholar.google.com/scholar?q=related:-EBwkPKXijIJ:scholar.google.com/&scioq=%22waist+circumference%22+nigeria&hl=en&as_sdt=0,5&as_ylo=2019&as_yhi=2019&as_vis=1"
0,"AA Javed","Defining Age-Appropriate BMI Cut-Points for Older Adults",2019,"","macsphere.mcmaster.ca","https://macsphere.mcmaster.ca/handle/11375/24899","",850,"2021-07-17 23:32:21","","","","",,,,,0,0.00,0,1,2,"… 30 3.4.1 Hearing Status ..... 30 3.4.2 Agreement with Waist Circumference … 43 4.5.2 Agreement with Waist Circumference ..... 44 …","https://macsphere.mcmaster.ca/bitstream/11375/24899/2/Javed_Ayesha_A_2019September_MSc.pdf","https://scholar.google.com/scholar?q=related:UKldmt-GU5wJ:scholar.google.com/&scioq=%22waist+circumference%22+nigeria&hl=en&as_sdt=0,5&as_ylo=2019&as_yhi=2019&as_vis=1"
8,"H Omar, M Ali, A Jaharadak","Green supply chain integrations and corporate sustainability",2019,"Uncertain Supply Chain …","m.growingscience.com","http://m.growingscience.com/beta/uscm/3264-green-supply-chain-integrations-and-corporate-sustainability.html","https://scholar.google.com/scholar?cites=11291938174794807011&as_sdt=2005&sciodt=0,5&hl=en",851,"2021-07-17 23:32:21","","","","",,,,,8,4.00,3,3,2,"… Journal of Cleaner Production, 86, 360-377. Alkali, MY, & Imam, MI (2016). Accountability and Environmental Sustainability: Nigerian Maritime Experience … Waist circumference reference values for screening cardiovascular risk factors in Chinese children and adolescents …","http://m.growingscience.com/uscm/Vol7/uscm_2019_7.pdf","https://scholar.google.com/scholar?q=related:4zZRVvEFtZwJ:scholar.google.com/&scioq=%22waist+circumference%22+nigeria&hl=en&as_sdt=0,5&as_ylo=2019&as_yhi=2019&as_vis=1"
0,"RJ Vera Olvera, IR Zambrano Córdova","Variable metabólica y su relación con el riesgo cardiovascular en personal administrativo y docentes de la Facultad de Ciencias de la Salud de la Universidad …",2019,"","dspace.utb.edu.ec","http://dspace.utb.edu.ec/handle/49000/7016","",852,"2021-07-17 23:32:21","","","","",,,,,0,0.00,0,2,2,"… Todos los países, excepto Egipto, registran elevadas cifras de Hipertensión Arterial entre el 40 y el 50% de toda la población. Nigeria con un 52,3% y Mozambique con el 50,9% son uno de los países con elevados niveles de Hipertensión Arterial …","http://dspace.utb.edu.ec/bitstream/handle/49000/7016/P-UTB-FCS-NUT-000035.pdf?sequence=1&isAllowed=y","https://scholar.google.com/scholar?q=related:BzpKF9rTpAkJ:scholar.google.com/&scioq=%22waist+circumference%22+nigeria&hl=en&as_sdt=0,5&as_ylo=2019&as_yhi=2019&as_vis=1"
0,"AK Poakwah","The Effect of a Dietary Supplement with Alpha Lipoic Acid and Other Neutraceuticals on Weight Control and Serum Lipid Profile in Sprague Dawley Rats",2019,"","197.255.68.205","http://197.255.68.205/handle/123456789/29537","",853,"2021-07-17 23:32:21","","","","",,,,,0,0.00,0,1,2,"… and 69% have been found using community-level assessments (Manning et al., 2016). In Nigeria, the prevalence of dyslipidaemia ranged from 60% among apparently healthy Nigerians to 89% among diabetic Nigerians (Oguejiofor et al., 2012). The prevalence of …","http://197.255.68.205/bitstream/handle/123456789/29537/The%20Effect%20of%20a%20Dietary%20Supplement%20with%20Alpha%20Lipoic%20Acid%20and%20Other%20Neutraceuticals%20on%20Weight%20Control%20and%20Serum%20Lipid%20Profile%20in%20Sprague%20Dawley%20Rats.pdf?sequence=1&isAllowed=y","https://scholar.google.com/scholar?q=related:54zN-s50hE8J:scholar.google.com/&scioq=%22waist+circumference%22+nigeria&hl=en&as_sdt=0,5&as_ylo=2019&as_yhi=2019&as_vis=1"
0,"S Pessinaba, M Pio, S Baragou, K Yayehd…","Prevalence, Characteristics and Management of Hypertension in an Outpatient Clinic at the Cardiology Department in Lome (Togo).",2019,"… Medical and Dental …","researchgate.net","https://www.researchgate.net/profile/Soulemane-Pessinaba/publication/330506575_Original_Article_Section_Medicine_Cardiology_Prevalence_Characteristics_and_Management_of_Hypertension_in_an_Outpatient_Clinic_at_the_Cardiology_Department_in_Lome_Togo/links/5c44454592851c22a382cd46/Original-Article-Section-Medicine-Cardiology-Prevalence-Characteristics-and-Management-of-Hypertension-in-an-Outpatient-Clinic-at-the-Cardiology-Department-in-Lome-Togo.pdf","",854,"2021-07-17 23:32:21","PDF","","","",,,,,0,0.00,0,5,2,"… BMI : body mass index ; WC : waist circumference ; SBP : systolic blood pressure ; DBP : diastolic blood pressure … In monotherapy, calcium antagonists had the greatest lower in blood pressure as found in Côte d'Ivoire and Nigeria.[14,28] This reinforces the recommendations …","https://www.researchgate.net/profile/Soulemane-Pessinaba/publication/330506575_Original_Article_Section_Medicine_Cardiology_Prevalence_Characteristics_and_Management_of_Hypertension_in_an_Outpatient_Clinic_at_the_Cardiology_Department_in_Lome_Togo/links/5c44454592851c22a382cd46/Original-Article-Section-Medicine-Cardiology-Prevalence-Characteristics-and-Management-of-Hypertension-in-an-Outpatient-Clinic-at-the-Cardiology-Department-in-Lome-Togo.pdf","https://scholar.google.com/scholar?q=related:LXwPsrxQ-sAJ:scholar.google.com/&scioq=%22waist+circumference%22+nigeria&hl=en&as_sdt=0,5&as_ylo=2019&as_yhi=2019&as_vis=1"
2,"MJ Prince, D Acosta, M Guerra, Y Huang, KS Jacob…","Intrinsic capacity as a framework for Integrated Care for Older People (ICOPE); insights from the 10/66 Dementia Research Group cohort studies in Latin America …",2019,"medRxiv","medrxiv.org","https://www.medrxiv.org/content/10.1101/19006403v1.abstract","https://scholar.google.com/scholar?cites=16563171369088650420&as_sdt=2005&sciodt=0,5&hl=en",855,"2021-07-17 23:32:21","","10.1101/19006403v1.abstract","","",,,,,2,1.00,0,6,2,"… days. Waist circumference was measured in centimetres using a flexible tape measure; central obesity was defined according to the criteria for metabolic syndrome in the Third Report of the National Cholesterol Education Program - a waist circumference of more than …","https://www.medrxiv.org/content/medrxiv/early/2019/09/12/19006403.full.pdf","https://scholar.google.com/scholar?q=related:tAxz0Jo03OUJ:scholar.google.com/&scioq=%22waist+circumference%22+nigeria&hl=en&as_sdt=0,5&as_ylo=2019&as_yhi=2019&as_vis=1"
0,"RA Ebere","Glycemic Indices of Foods in Association With Diabetes Among Rural Women of Kenya-Case of Amagoro in Busia County",2019,"","erepository.uonbi.ac.ke","http://erepository.uonbi.ac.ke/handle/11295/106705","",856,"2021-07-17 23:32:21","","","","",,,,,0,0.00,0,1,2,"… MoPHS: Ministry of Public Health and Sanitation of the Government of Kenya SPSS: Statistical Package for Social Sciences USDA: United States, Department of Agriculture WC: Waist Circumference WHO: World Health Organization WHR: Waist to Hip Ratio Page 11. xi …","http://erepository.uonbi.ac.ke/bitstream/handle/11295/106705/Ebere%20R_Glycemic%20Indices%20of%20Foods%20in%20Association%20With%20Diabetes%20Among%20Rural%20Women%20of%20Kenya-%20Case%20of%20Amagoro%20in%20Busia%20County.pdf?sequence=1","https://scholar.google.com/scholar?q=related:nv3kRKKhJ_EJ:scholar.google.com/&scioq=%22waist+circumference%22+nigeria&hl=en&as_sdt=0,5&as_ylo=2019&as_yhi=2019&as_vis=1"
0,"MEH Esmael, GA Abdelsamea, AB Nashed","Effect of pulsed electromagnetic field versus aerobic exercises on women with polycystic ovary syndrome: A single-blind randomized controlled trial",,"scholar.cu.edu.eg","","https://scholar.cu.edu.eg/sites/default/files/gehan_saeed/files/jcam_6101.pdf","",857,"2021-07-17 23:32:21","PDF","","","",,,,,0,0.00,0,3,,"… training program in obese women with PCOS leads to a significant reduction of body weight, body fat percentage, and waist circumference … Effect of moderate-vigorous intensity physical exercise on female sex hor- mones in premenopausal university students in Nnewi, Nigeria …","https://scholar.cu.edu.eg/sites/default/files/gehan_saeed/files/jcam_6101.pdf","https://scholar.google.com/scholar?q=related:epcD3BaaBnQJ:scholar.google.com/&scioq=%22waist+circumference%22+nigeria&hl=en&as_sdt=0,5&as_ylo=2019&as_yhi=2019&as_vis=1"
2,"JK Fajar, M Susanti, BS Pikir, PNB Saka, EP Sidarta…","The association between angiotensin II type 1 receptor A1166C gene polymorphism and the risk of essential hypertension: a meta-analysis",2019,"","jmhg.springeropen.com","https://jmhg.springeropen.com/articles/10.1186/s43042-019-0016-3","https://scholar.google.com/scholar?cites=14576703681738303743&as_sdt=2005&sciodt=0,5&hl=en",858,"2021-07-17 23:32:21","HTML","10.1186/s43042-019-0016-3","","",,,,,2,1.00,0,6,2,"Since first reported having the association with essential hypertension, angiotensin II type 1 receptor (AT1R) A1166C was globally investigated worldwide. However, controversy was found. Furthermore, previous meta-analyses did not adequate to clarify the precise correlation due …","https://jmhg.springeropen.com/articles/10.1186/s43042-019-0016-3","https://scholar.google.com/scholar?q=related:_-gjksTaSsoJ:scholar.google.com/&scioq=%22waist+circumference%22+nigeria&hl=en&as_sdt=0,5&as_ylo=2019&as_yhi=2019&as_vis=1"
1,"LL Niba, PB Itor, YKS Aurelie, FM Singam…","A Median Analysis of Factors Influencing Body Fatness in Urban School-Age Children in Cameroon",2019,"Journal of nutrition and …","hindawi.com","https://www.hindawi.com/journals/jnme/2019/1856069/","https://scholar.google.com/scholar?cites=2267570190050419135&as_sdt=2005&sciodt=0,5&hl=en",859,"2021-07-17 23:32:21","HTML","","","",,,,,1,0.50,0,5,2,"… However, such comparisons that include African countries are not available because of limited data on the assessment of body fatness using other simple (skinfold thickness and waist circumference) and two- compartment (bioelectrical impedance analysis (BIA) and dual …","https://www.hindawi.com/journals/jnme/2019/1856069/","https://scholar.google.com/scholar?q=related:v2E44RIHeB8J:scholar.google.com/&scioq=%22waist+circumference%22+nigeria&hl=en&as_sdt=0,5&as_ylo=2019&as_yhi=2019&as_vis=1"
56,"D Gurdasani, T Carstensen, S Fatumo, G Chen…","Uganda genome resource enables insights into population history and genomic discovery in Africa",2019,"Cell","Elsevier","https://www.sciencedirect.com/science/article/pii/S0092867419311201","https://scholar.google.com/scholar?cites=14196243981589891016&as_sdt=2005&sciodt=0,5&hl=en",860,"2021-07-17 23:32:21","HTML","","","",,,,,56,28.00,11,5,2,"","https://www.sciencedirect.com/science/article/pii/S0092867419311201","https://scholar.google.com/scholar?q=related:yEdxs68wA8UJ:scholar.google.com/&scioq=%22waist+circumference%22+nigeria&hl=en&as_sdt=0,5&as_ylo=2019&as_yhi=2019&as_vis=1"
