Cites,Authors,Title,Year,Source,Publisher,ArticleURL,CitesURL,GSRank,QueryDate,Type,DOI,ISSN,CitationURL,Volume,Issue,StartPage,EndPage,ECC,CitesPerYear,CitesPerAuthor,AuthorCount,Age,Abstract,FullTextURL,RelatedURL
38,"UM Odenigbo, UC Odenigbo, OC Oguejiofor…","Relationship of waist circumference, waist hip ratio and body mass index as predictors of obesity in adult Nigerians",2011,"Pakistan Journal of …","academia.edu","https://www.academia.edu/download/64048716/Relationship_of_Waist_Circumference_Waist_Hip_Rati.pdf","https://scholar.google.com/scholar?cites=4778932296647495146&as_sdt=2005&sciodt=0,5&hl=en",1,"2021-07-17 18:03:23","PDF","","","",,,,,38,3.80,10,4,10,"Body Mass Index (BMI) has been considered a gold standard for defining overweight and obesity. BMI is an indicator of overall adiposity while Waist Circumference (WC) and Waist-to-Hip Ratio (WHR) are indicators for abdominal adiposity. To determine which of these indices …","https://www.academia.edu/download/64048716/Relationship_of_Waist_Circumference_Waist_Hip_Rati.pdf","https://scholar.google.com/scholar?q=related:6s1Qm5otUkIJ:scholar.google.com/&scioq=%22waist+circumference%22+nigeria&hl=en&as_sdt=0,5&as_ylo=2011&as_yhi=2012&as_vis=1"
25,"LN Achie, KV Olorunshola, JE Toryila…","The body mass index, waist circumference and blood pressure of postmenopausal women in Zaria, Northern Nigeria",2012,"Curr Res J Biol …","researchgate.net","https://www.researchgate.net/profile/Olorunshola-Kolawole/publication/267426570_The_Body_Mass_Index_Waist_Circumference_and_Blood_Pressure_of_Postmenopausal_Women_in_Zaria_Northern_Nigeria/links/54f063cd0cf25f74d726607f/The-Body-Mass-Index-Waist-Circumference-and-Blood-Pressure-of-Postmenopausal-Women-in-Zaria-Northern-Nigeria.pdf","https://scholar.google.com/scholar?cites=6802530221780357228&as_sdt=2005&sciodt=0,5&hl=en",2,"2021-07-17 18:03:23","PDF","","","",,,,,25,2.78,6,4,9,"Changes in sex hormone during the menopausal transition are thought to have an important impact on weight gain. Obesity is known to be a determinant of health and disease; especially cardiovascular diseases. We studied the waist circumference, body mass index …","https://www.researchgate.net/profile/Olorunshola-Kolawole/publication/267426570_The_Body_Mass_Index_Waist_Circumference_and_Blood_Pressure_of_Postmenopausal_Women_in_Zaria_Northern_Nigeria/links/54f063cd0cf25f74d726607f/The-Body-Mass-Index-Waist-Circumference-and-Blood-Pressure-of-Postmenopausal-Women-in-Zaria-Northern-Nigeria.pdf","https://scholar.google.com/scholar?q=related:bNATAzJxZ14J:scholar.google.com/&scioq=%22waist+circumference%22+nigeria&hl=en&as_sdt=0,5&as_ylo=2011&as_yhi=2012&as_vis=1"
30,"AA Sabir, SA Isezuo…","Dysglycaemia and its risk factors in an urban fulani population of northern Nigeria.",2011,"West African journal of …","search.ebscohost.com","http://search.ebscohost.com/login.aspx?direct=true&profile=ehost&scope=site&authtype=crawler&jrnl=0189160X&AN=79572558&h=Az%2BqWAivciQd7Wet4b%2Bj5WS8G2DP3dm%2BWVNl%2B9p038EpZAZ7vPJGIRb5R97MIOY8ZrtvScvOKefA8xX%2Bs3k%2BgA%3D%3D&crl=c","https://scholar.google.com/scholar?cites=5884678788696859494&as_sdt=2005&sciodt=0,5&hl=en",3,"2021-07-17 18:03:23","","","","",,,,,30,3.00,10,3,10,"… the risk of diabetes mellitus rose steeply with increasing body mass index (BMI) and waist circumference.25–29 … B. Ebomoyi E. Adeleye M, Arije A. Prevalence of diabetes mellitus in a Nigerian population … Final report National survey on non- communicable diseases in Nigeria …","","https://scholar.google.com/scholar?q=related:ZmONES6UqlEJ:scholar.google.com/&scioq=%22waist+circumference%22+nigeria&hl=en&as_sdt=0,5&as_ylo=2011&as_yhi=2012&as_vis=1"
76,"O Adediran, AA Akintunde, AE Edo, OG Opadijo…","Impact of urbanization and gender on frequency of metabolic syndrome among native Abuja settlers in Nigeria",2012,"Journal of …","Elsevier","https://www.sciencedirect.com/science/article/pii/S0975358312330039","https://scholar.google.com/scholar?cites=16602576873884789973&as_sdt=2005&sciodt=0,5&hl=en",4,"2021-07-17 18:03:23","","","","",,,,,76,8.44,15,5,9,"… Body mass index; TG = Triglycerides; IFG = Impaired fasting glucose; WC = Waist circumference; SBP = Systolic … D, Moradi T. Urban area disadvantage and under 5 mortality in Nigeria: The effect … Metabolic syndrome: comparative analysis of occurrence in Nigerian hypertensives …","https://www.ncbi.nlm.nih.gov/pmc/articles/pmc3425024/","https://scholar.google.com/scholar?q=related:1awE3LMzaOYJ:scholar.google.com/&scioq=%22waist+circumference%22+nigeria&hl=en&as_sdt=0,5&as_ylo=2011&as_yhi=2012&as_vis=1"
23,"SN Onuoha, FI Idike, O Oduma","Anthropometry of south eastern Nigeria agricultural workers",2012,"International Journal of Engineering and …","Citeseer","http://citeseerx.ist.psu.edu/viewdoc/download?doi=10.1.1.412.1038&rep=rep1&type=pdf","https://scholar.google.com/scholar?cites=6810040937303935461&as_sdt=2005&sciodt=0,5&hl=en",5,"2021-07-17 18:03:23","PDF","","","",,,,,23,2.56,8,3,9,"… While 5th percentile waist circumference for male and female workers were found to be 68.6 and 70.4cm … The comparism of major anthropometric dimensions of male subjects of the south eastern states of Nigeria, with those of south western Nigerian passengers in buses …","http://citeseerx.ist.psu.edu/viewdoc/download?doi=10.1.1.412.1038&rep=rep1&type=pdf","https://scholar.google.com/scholar?q=related:5YnevSYggl4J:scholar.google.com/&scioq=%22waist+circumference%22+nigeria&hl=en&as_sdt=0,5&as_ylo=2011&as_yhi=2012&as_vis=1"
11,"HA Oboh, A Adedeji Adebowale","Correlation of waist-hip-ratio and waist-height-ratio to cardiovascular risks factors in a Nigerian population",2011,"","researchgate.net","https://www.researchgate.net/profile/Henrietta-Oboh-2/publication/51633587_Correlation_of_waist-hip-ratio_and_waist-height-ratio_to_cardiovascular_risks_factors_in_a_Nigerian_population/links/57863d6a08aef321de2c5d2b/Correlation-of-waist-hip-ratio-and-waist-height-ratio-to-cardiovascular-risks-factors-in-a-Nigerian-population","https://scholar.google.com/scholar?cites=9508203229185328242&as_sdt=2005&sciodt=0,5&hl=en",6,"2021-07-17 18:03:23","DOC","","","",,,,,11,1.10,6,2,10,"… And Waist-Height-Ratio To Cardiovascular Risks Factors In A Nigerian Population … Basic Medical Science, Department of Medical Biochemistry, Benin City, Edo state, Nigeria … Waist circumference may be a better predictor of haemorrhelogical cardiovascular disease risk factors …","https://www.researchgate.net/profile/Henrietta-Oboh-2/publication/51633587_Correlation_of_waist-hip-ratio_and_waist-height-ratio_to_cardiovascular_risks_factors_in_a_Nigerian_population/links/57863d6a08aef321de2c5d2b/Correlation-of-waist-hip-ratio-and-waist-height-ratio-to-cardiovascular-risks-factors-in-a-Nigerian-population","https://scholar.google.com/scholar?q=related:ckTQ13Xs84MJ:scholar.google.com/&scioq=%22waist+circumference%22+nigeria&hl=en&as_sdt=0,5&as_ylo=2011&as_yhi=2012&as_vis=1"
56,"TO Ogundiran, D Huo, A Adenipekun…","Body fat distribution and breast cancer risk: findings from the Nigerian breast cancer study",2012,"Cancer Causes & …","Springer","https://link.springer.com/article/10.1007/s10552-012-9916-y","https://scholar.google.com/scholar?cites=8769498020504926768&as_sdt=2005&sciodt=0,5&hl=en",7,"2021-07-17 18:03:23","","10.1007/s10552-012-9916-y","","",,,,,56,6.22,14,4,9,"… 1998 and 2009, 1,233 invasive breast cancer cases and 1,101 community controls were recruited into the Nigerian Breast Cancer Study at Ibadan, Nigeria … The OR for the highest quartile group of waist circumference relative to the lowest was 2.39 (95% CI, 1.59–3.60; P …","https://www.ncbi.nlm.nih.gov/pmc/articles/PMC4129957/","https://scholar.google.com/scholar?q=related:MPqvovyDs3kJ:scholar.google.com/&scioq=%22waist+circumference%22+nigeria&hl=en&as_sdt=0,5&as_ylo=2011&as_yhi=2012&as_vis=1"
35,"IO Senbanjo, KA Oshikoya","Obesity and blood pressure levels of adolescents in Abeokuta, Nigeria: cardiovascular topics",2012,"Cardiovascular Journal of Africa","journals.co.za","https://journals.co.za/doi/abs/10.10520/EJC121389","https://scholar.google.com/scholar?cites=5566995455073263689&as_sdt=2005&sciodt=0,5&hl=en",8,"2021-07-17 18:03:23","","10.10520/EJC121389","","",,,,,35,3.89,18,2,9,"… of obesity among adolescent schoolchildren from affluent families was found to be 7.4%.8 In Nigeria, among the privileged Nigerian schoolchildren the … proposed for its reasonable estimation and they include sub-scapular skin-fold thickness, waist circumference (WC), waist …","https://www.ncbi.nlm.nih.gov/pmc/articles/pmc3721855/","https://scholar.google.com/scholar?q=related:SSDbBd_wQU0J:scholar.google.com/&scioq=%22waist+circumference%22+nigeria&hl=en&as_sdt=0,5&as_ylo=2011&as_yhi=2012&as_vis=1"
60,"IO Amole, AD OlaOlorun, SA Adesina…","The prevalence of abdominal obesity and hypertension amongst adults in Ogbomoso, Nigeria",2011,"African Journal of …","journals.co.za","https://journals.co.za/doi/abs/10.10520/EJC134154","https://scholar.google.com/scholar?cites=16840925411345861875&as_sdt=2005&sciodt=0,5&hl=en",9,"2021-07-17 18:03:23","","10.10520/EJC134154","","",,,,,60,6.00,15,4,10,"… Prevalence of hypertension in a university community in South West Nigeria. Afr J Biomed Res. 2005;8(1):15−19. 13 … Siminialayi IM, Emem-Chioma PC, Dapper DV. The prevalence of obesity as indicated by BMI and waist circumference among Nigerian a","https://www.ncbi.nlm.nih.gov/pmc/articles/PMC4565462/","https://scholar.google.com/scholar?q=related:84weQG_8tukJ:scholar.google.com/&scioq=%22waist+circumference%22+nigeria&hl=en&as_sdt=0,5&as_ylo=2011&as_yhi=2012&as_vis=1"
1,"GS Oladipo, PA Akande, KC Anugweje…","Waist Circumference and Waist-to-Hip Ratio in Adult Igbo's of Nigeria: Interrelation with Risk of Cardiovascular Disease",2011,"… Research Journal of …","airitilibrary.com","https://www.airitilibrary.com/Publication/alDetailedMesh?docid=20410778-201103-201512240016-201512240016-82-87","https://scholar.google.com/scholar?cites=11620999249901630770&as_sdt=2005&sciodt=0,5&hl=en",10,"2021-07-17 18:03:23","","","","",,,,,1,0.10,0,4,10,"Waist circumference and waist to hip ratio are used as indicators of abdominal obesity in population studies. This study was carried out to predict if the Igbo ethnic groups are at a risk of cardiovascular disease. A total of 800 subjects were randomly selected, 400 males and …","","https://scholar.google.com/scholar?q=related:MrV3QT8VRqEJ:scholar.google.com/&scioq=%22waist+circumference%22+nigeria&hl=en&as_sdt=0,5&as_ylo=2011&as_yhi=2012&as_vis=1"
191,"II Ulasi, CK Ijoma, BJC Onwubere, E Arodiwe…","High prevalence and low awareness of hypertension in a market population in Enugu, Nigeria",2011,"International journal of …","hindawi.com","https://www.hindawi.com/journals/ijhy/2011/869675/","https://scholar.google.com/scholar?cites=12071889352118435934&as_sdt=2005&sciodt=0,5&hl=en",11,"2021-07-17 18:03:23","HTML","","","",,,,,191,19.10,38,5,10,"… use of tobacco snuff, alcohol consumption, BMI, waist- hip ratio, waist circumference, and educational … National Survey, Ministry of Health and Social Services, Lagos, Nigeria, 1997, pp … and MB Adebajo, “Mineral contents os some commonly consumed Nigerian foods,” European …","https://www.hindawi.com/journals/ijhy/2011/869675/","https://scholar.google.com/scholar?q=related:XgDX-Gf3h6cJ:scholar.google.com/&scioq=%22waist+circumference%22+nigeria&hl=en&as_sdt=0,5&as_ylo=2011&as_yhi=2012&as_vis=1"
182,"AA Motala, T Esterhuizen, FJ Pirie, MAK Omar","The prevalence of metabolic syndrome and determination of the optimal waist circumference cutoff points in a rural South African community",2011,"Diabetes care","Am Diabetes Assoc","https://care.diabetesjournals.org/content/34/4/1032.short","https://scholar.google.com/scholar?cites=555808846383630687&as_sdt=2005&sciodt=0,5&hl=en",12,"2021-07-17 18:03:23","","","","",,,,,182,18.20,46,4,10,"","https://care.diabetesjournals.org/content/diacare/34/4/1032.full.pdf","https://scholar.google.com/scholar?q=related:X0m3czOhtgcJ:scholar.google.com/&scioq=%22waist+circumference%22+nigeria&hl=en&as_sdt=0,5&as_ylo=2011&as_yhi=2012&as_vis=1"
26,"GUP Iloh, AN Amadi, PU Njoku, JN Ofoedu…","The magnitude of abdominal adiposity and atherogenic dyslipidemia among geriatric Nigerians with arterial hypertension in a rural hospital in South. eastern Nigeria",2012,"Nigerian journal of …","ajol.info","https://www.ajol.info/index.php/njcp/article/view/84293","https://scholar.google.com/scholar?cites=1180956577323315075&as_sdt=2005&sciodt=0,5&hl=en",13,"2021-07-17 18:03:23","","","","",,,,,26,2.89,5,5,9,"… Obesity in adult Nigerians: A study of its prevalence and common primary co-morbidities in a semi-urban mission general hospital in South-Eastern Nigeria … The prevalence of obesity as indicated by BMI and waist circumference among Nigerian adult attending family …","https://www.ajol.info/index.php/njcp/article/download/84293/74298","https://scholar.google.com/scholar?q=related:g2-EBsCZYxAJ:scholar.google.com/&scioq=%22waist+circumference%22+nigeria&hl=en&as_sdt=0,5&as_ylo=2011&as_yhi=2012&as_vis=1"
58,"CU Osuji, EG Omejua, EI Onwubuya…","Serum lipid profile of newly diagnosed hypertensive patients in Nnewi, South-East Nigeria",2012,"International journal of …","hindawi.com","https://www.hindawi.com/journals/ijhy/2012/710486/","https://scholar.google.com/scholar?cites=9948855191455578537&as_sdt=2005&sciodt=0,5&hl=en",14,"2021-07-17 18:03:23","HTML","","","",,,,,58,6.44,15,4,9,"… blood pressure (SBP), diastolic blood pressure (DBP), body mass index (BMI), waist circumference (WC), waist … indices of obesity in a typical rural community in eastern Nigeria,” Annals of … of some risk factors for cardiovascular disease in untreated Nigerian hypertensive patients …","https://www.hindawi.com/journals/ijhy/2012/710486/","https://scholar.google.com/scholar?q=related:qbmC2BVvEYoJ:scholar.google.com/&scioq=%22waist+circumference%22+nigeria&hl=en&as_sdt=0,5&as_ylo=2011&as_yhi=2012&as_vis=1"
43,"J Ekezie, EG Anyanwu, B Danborno…","Impact of urbanization on obesity, anthropometric profile and blood pressure in the Igbos of Nigeria",2011,"North American journal …","ncbi.nlm.nih.gov","https://www.ncbi.nlm.nih.gov/pmc/articles/pmc3337745/","https://scholar.google.com/scholar?cites=2295576801256656184&as_sdt=2005&sciodt=0,5&hl=en",15,"2021-07-17 18:03:23","HTML","","","",,,,,43,4.30,11,4,10,"… blood pressure, body mass index, waist- hip ratio, waist-height ratio, waist circumference, triceps, subscapular … Rapid increases in adopting Western culture have characterized Nigerian urban areas[11 … change on blood pressure and anthropometric profiles of the Igbos of Nigeria …","https://www.ncbi.nlm.nih.gov/pmc/articles/pmc3337745/","https://scholar.google.com/scholar?q=related:OM2HMfCG2x8J:scholar.google.com/&scioq=%22waist+circumference%22+nigeria&hl=en&as_sdt=0,5&as_ylo=2011&as_yhi=2012&as_vis=1"
169,"S Chinenye, AE Uloko, AO Ogbera…","Profile of Nigerians with diabetes mellitus–Diabcare Nigeria study group (2008): Results of a multicenter study",2012,"Indian journal of …","ncbi.nlm.nih.gov","https://www.ncbi.nlm.nih.gov/pmc/articles/PMC3401756/","https://scholar.google.com/scholar?cites=8231708822006623123&as_sdt=2005&sciodt=0,5&hl=en",16,"2021-07-17 18:03:23","HTML","","","",,,,,169,18.78,42,4,9,"… figures for non-Caucasian groups.[18] There is a need to confirm that these waist circumference values confer … The reasons for poor glycemic control among Nigerian diabetic patients are multi-factorial … the cost of these drugs in other parts of the world.[21] In Nigeria, a substantial …","https://www.ncbi.nlm.nih.gov/pmc/articles/PMC3401756/","https://scholar.google.com/scholar?q=related:k2snZo_nPHIJ:scholar.google.com/&scioq=%22waist+circumference%22+nigeria&hl=en&as_sdt=0,5&as_ylo=2011&as_yhi=2012&as_vis=1"
18,"CI Okafor, EN Ofoegbu","Control to goal of cardiometabolic risk factors among Nigerians living with type 2 diabetes mellitus",2012,"Nigerian journal of clinical practice","ajol.info","https://www.ajol.info/index.php/njcp/article/view/75764","https://scholar.google.com/scholar?cites=11364990914728870038&as_sdt=2005&sciodt=0,5&hl=en",17,"2021-07-17 18:03:23","","","","",,,,,18,2.00,9,2,9,"… Okafor and Ofoegbu: Cardiometabolic risk factors in Nigerian diabetic patients … of Nigeria Teaching Hospital (UNTH), Enugu, a tertiary health institution in south‑eastern Nigeria … in the WHO STEPs instrument were used to determine the waist circumference, weight, height, and …","https://www.ajol.info/index.php/njcp/article/view/75764/66285","https://scholar.google.com/scholar?q=related:lsD0ywWPuJ0J:scholar.google.com/&scioq=%22waist+circumference%22+nigeria&hl=en&as_sdt=0,5&as_ylo=2011&as_yhi=2012&as_vis=1"
1,"DT Goon, AL Toriola, BS Shaw, O Akinyemi","Can waist circumference be estimated from BMI in Nigerian children",2011,"Gazz Med Ital","minervamedica.it","https://www.minervamedica.it/en/journals/gazzetta-medica-italiana/article.php?cod=R22Y2011N04A0225","https://scholar.google.com/scholar?cites=18065592095355358982&as_sdt=2005&sciodt=0,5&hl=en",18,"2021-07-17 18:03:23","","","","",,,,,1,0.10,0,4,10,"Aim. There is increased recognition of waist circumference (WC) as a risk factor for adverse chronic medical conditions, and as a better marker in the diagnosis of metabolic syndrome in children than body mass index (BMI). As important as this anthropometric index may …","","https://scholar.google.com/scholar?q=related:Bs_CjEvgtfoJ:scholar.google.com/&scioq=%22waist+circumference%22+nigeria&hl=en&as_sdt=0,5&as_ylo=2011&as_yhi=2012&as_vis=1"
62,"CECC Ejike, II Ijeh","Obesity in young-adult Nigerians: variations in prevalence determined by anthropometry and bioelectrical impedance analysis, and the development of …",2012,"International Archives of Medicine","Springer","https://link.springer.com/article/10.1186/1755-7682-5-22","https://scholar.google.com/scholar?cites=7725768365657595272&as_sdt=2005&sciodt=0,5&hl=en",19,"2021-07-17 18:03:23","HTML","10.1186/1755-7682-5-22","","",,,,,62,6.89,31,2,9,"… Significantly (P <0.05) more females had excessive waist circumference, relative to males … risk sub-phenotypes have been reported, and the proportion of the adult Nigerian population who … investigated the prevalence of overweight/obesity in a young-adult population in Nigeria …","https://link.springer.com/article/10.1186/1755-7682-5-22","https://scholar.google.com/scholar?q=related:iJ34S2VxN2sJ:scholar.google.com/&scioq=%22waist+circumference%22+nigeria&hl=en&as_sdt=0,5&as_ylo=2011&as_yhi=2012&as_vis=1"
6,"AE Edo, GO Edo","Prevalence of obesity in Nigerians with type 2 diabetes mellitus seen in a secondary medical center",2012,"Annals of Biomedical Sciences","ajol.info","https://www.ajol.info/index.php/abs/article/view/84422","https://scholar.google.com/scholar?cites=8329763066373306108&as_sdt=2005&sciodt=0,5&hl=en",20,"2021-07-17 18:03:23","","","","",,,,,6,0.67,3,2,9,"… There are few reports on obesity in type 2 DM patients in Edo State, Midwestern Nigeria … Methods: This was a cross-sectional study of Nigerians with type 2 DM attending Faith … the patient's age, sex, and duration of DM, body mass index (BMI), waist circumference (WC), hip …","","https://scholar.google.com/scholar?q=related:_HZZOmBDmXMJ:scholar.google.com/&scioq=%22waist+circumference%22+nigeria&hl=en&as_sdt=0,5&as_ylo=2011&as_yhi=2012&as_vis=1"
23,"WO Balogun, BL Balogun","Co-occurrence of diabetes and hypertension: pattern and factors associated with order of diagnosis among nigerians",2011,"Annals of Ibadan postgraduate medicine","ajol.info","https://www.ajol.info/index.php/aipm/article/view/73450","https://scholar.google.com/scholar?cites=17423688937148747618&as_sdt=2005&sciodt=0,5&hl=en",21,"2021-07-17 18:03:23","","","","",,,,,23,2.30,12,2,10,"… However only in terms of BMI, hip/waist ratio, waist circumference (females only) and use of … Workers in Nigeria have reported between 30 to 50% of clinical patients have associated … Isezuo and co-workers20 compared salt taste perception among Nigerian patients with type 2 …","https://www.ajol.info/index.php/aipm/article/download/73450/62367","https://scholar.google.com/scholar?q=related:Yo-nD8ZgzfEJ:scholar.google.com/&scioq=%22waist+circumference%22+nigeria&hl=en&as_sdt=0,5&as_ylo=2011&as_yhi=2012&as_vis=1"
10,"ISI Ogbu, EI Ugwuja","Metabolic syndrome in hypertensive nigerians: risk factor analysis",2012,"IOSR J Pharm Biol Sci","academia.edu","https://www.academia.edu/download/41666403/Metabolic_Syndrome_in_Hypertensive_Niger20160127-3613-1iu3v16.pdf","https://scholar.google.com/scholar?cites=14336552291446887138&as_sdt=2005&sciodt=0,5&hl=en",22,"2021-07-17 18:03:23","PDF","","","",,,,,10,1.11,5,2,9,"… Nigerians. Materials and Methods: Four hundred and thirty six hypertensive patients, (men 49 %), aged ≥ 35 years who were randomly recruited from Medical Outpatient clinics of the University of Nigeria Teaching Hospital, Enugu, Nigeria were studied. Waist circumference …","https://www.academia.edu/download/41666403/Metabolic_Syndrome_in_Hypertensive_Niger20160127-3613-1iu3v16.pdf","https://scholar.google.com/scholar?q=related:4hKBy1mq9cYJ:scholar.google.com/&scioq=%22waist+circumference%22+nigeria&hl=en&as_sdt=0,5&as_ylo=2011&as_yhi=2012&as_vis=1"
38,"AO Sola, AO Steven, JA Kayode, AO Olayinka","Underweight, overweight and obesity in adults Nigerian living in rural and urban communities of Benue State",2011,"Annals of African medicine","ajol.info","https://www.ajol.info/index.php/aam/article/view/67229","https://scholar.google.com/scholar?cites=6844113529167441375&as_sdt=2005&sciodt=0,5&hl=en",23,"2021-07-17 18:03:23","","","","",,,,,38,3.80,10,4,10,"… Prevalence of overweight and obesity in Eti-Osa LGA, Lagos, Nigeria … The Prevalence of Obesity as Indicated by BMI and Waist Circumference among Nigerian Adults Attending Family Medicine Clinics as Outpatients in Rivers State …","https://www.ajol.info/index.php/aam/article/download/67229/55330","https://scholar.google.com/scholar?q=related:3214PP4s-14J:scholar.google.com/&scioq=%22waist+circumference%22+nigeria&hl=en&as_sdt=0,5&as_ylo=2011&as_yhi=2012&as_vis=1"
43,"OO Oguntibeju, NA Odunaiya…","Health behaviour and quality of life of patients with type 2 diabetes attending selected hospitals in south western Nigeria.",2012,"West Indian …","digitalknowledge.cput.ac.za","http://digitalknowledge.cput.ac.za/handle/11189/6372","https://scholar.google.com/scholar?cites=15222794410685934616&as_sdt=2005&sciodt=0,5&hl=en",24,"2021-07-17 18:03:23","","","","",,,,,43,4.78,14,3,9,"Page 1. West Indian Med J 2012; 61 (6): 619 Health Behaviour and Quality of Life of Patients with Type 2 Diabetes Attending Selected Hospitals in South Western Nigeria … Age, gender, body mass index, waist circumference, waist-hip-ratio and blood pressure were also reported …","http://digitalknowledge.cput.ac.za/bitstream/11189/6372/3/Health%20Behaviour%20and%20Quality%20of%20Life%20of%20Patients%20with%20Type%202%20Diabetes.pdf","https://scholar.google.com/scholar?q=related:GKy82dw6QtMJ:scholar.google.com/&scioq=%22waist+circumference%22+nigeria&hl=en&as_sdt=0,5&as_ylo=2011&as_yhi=2012&as_vis=1"
12,"P Kolo, E Sanya, J Ogunmodede, A Omotoso…","Normotensive offspring of hypertensive Nigerians have increased Left ventricular mass and abnormal geometric patterns",2012,"Pan African Medical …","ajol.info","https://www.ajol.info/index.php/pamj/article/view/75442","https://scholar.google.com/scholar?cites=91802450578158727&as_sdt=2005&sciodt=0,5&hl=en",25,"2021-07-17 18:03:23","","","","",,,,,12,1.33,2,5,9,"… Normotensive offspring of hypertensive Nigerians have increased Left ventricular … Department of Medicine, University of Ilorin Teaching Hospital, PMB 1459, Ilorin, Nigeria … LVMI correlated positively with systolic and diastolic blood pressure, waist circumference (WC), ECG …","https://www.ajol.info/index.php/pamj/article/download/75442/65985","https://scholar.google.com/scholar?q=related:h7Q4qNclRgEJ:scholar.google.com/&scioq=%22waist+circumference%22+nigeria&hl=en&as_sdt=0,5&as_ylo=2011&as_yhi=2012&as_vis=1"
68,"BJC Onwubere, EC Ejim, CI Okafor…","Pattern of blood pressure indices among the residents of a rural community in South East Nigeria",2011,"International journal of …","hindawi.com","https://www.hindawi.com/journals/ijht/2011/621074/abs/","https://scholar.google.com/scholar?cites=10826591064755243777&as_sdt=2005&sciodt=0,5&hl=en",26,"2021-07-17 18:03:23","HTML","","","",,,,,68,6.80,17,4,10,"… Central obesity represented by waist circumference was the other predictor of DBP … A prevalence of cardiometabolic risk factors among a rural Yoruba south-western Nigerian population: a … health checks: a study of rural and urban residents in the Northeast Nigeria,” The Internet …","https://www.hindawi.com/journals/ijht/2011/621074/abs/","https://scholar.google.com/scholar?q=related:AYsnLzbHP5YJ:scholar.google.com/&scioq=%22waist+circumference%22+nigeria&hl=en&as_sdt=0,5&as_ylo=2011&as_yhi=2012&as_vis=1"
15,"GE Anyanwu, J Ekezie, B Danborno…","Body size and adiposity indicators and their relationship with blood pressure levels in Ibos of Nigeria.",2011,"Nigerian journal of …","europepmc.org","https://europepmc.org/article/med/21970259","https://scholar.google.com/scholar?cites=8179242184079165177&as_sdt=2005&sciodt=0,5&hl=en",27,"2021-07-17 18:03:23","","","","",,,,,15,1.50,4,4,10,"… their relationship with blood pressure parameters in the Ibos of Nigeria were studied … index (BMI), waist hip ratio (WHR), waist height ratio (WHTR), waist circumference (We), triceps … as determinants of haemorheological cardiovascular disease risk factors in Nigerian adults living …","","https://scholar.google.com/scholar?q=related:-cbtUW6BgnEJ:scholar.google.com/&scioq=%22waist+circumference%22+nigeria&hl=en&as_sdt=0,5&as_ylo=2011&as_yhi=2012&as_vis=1"
2,"GS Oladipo, RS Osaat, CG Orluwene…","Body mass index and waist-to-hip ratio among adults of Obowo nationality in IMO state, Nigeria",2012,"International Journal of …","ajol.info","https://www.ajol.info/index.php/ijbair/article/view/108368","https://scholar.google.com/scholar?cites=2845351605628453637&as_sdt=2005&sciodt=0,5&hl=en",28,"2021-07-17 18:03:23","","","","",,,,,2,0.22,1,4,9,"… 3(1):5-10 Anibeze, CIP, Akpa, AOC, Anyanwu, IC (2003). Adiposity Patterns in adolescents of southeastern Nigerian based on their body mass index … Waist Circumference and Waist-to-hip ratio in Adult Igbo's of Nigeria: Interrelation with Risk of Cardiovascular Disease …","https://www.ajol.info/index.php/ijbair/article/view/108368/98188","https://scholar.google.com/scholar?q=related:BUOSwjW4fCcJ:scholar.google.com/&scioq=%22waist+circumference%22+nigeria&hl=en&as_sdt=0,5&as_ylo=2011&as_yhi=2012&as_vis=1"
92,"GUP Iloh, AN Amadi, BO Nwankwo…","Obesity in adult Nigerians: A study of its pattern and common primary co-morbidities in a rural Mission General Hospital in Imo state, south-eastern Nigeria",2011,"Nigerian journal of clinical …","ajol.info","https://www.ajol.info/index.php/njcp/article/view/74520","https://scholar.google.com/scholar?cites=15693353259378032836&as_sdt=2005&sciodt=0,5&hl=en",29,"2021-07-17 18:03:23","","","","",,,,,92,9.20,23,4,10,"… sites. For such a population, the waist index (waist circumference, waist-hip ratio), a measure of central obesity, is preferred.[3] … population. In Nigeria, the Page 6. 217 Nigerian Journal of Clinical Practice • Apr-Jun 2011 • Vol 14 • Issue 2 Iloh …","https://www.ajol.info/index.php/njcp/article/view/74520/65143","https://scholar.google.com/scholar?q=related:xEDyd6T9ydkJ:scholar.google.com/&scioq=%22waist+circumference%22+nigeria&hl=en&as_sdt=0,5&as_ylo=2011&as_yhi=2012&as_vis=1"
16,"CI Okafor, O Fasanmade, E Ofoegbu…","Comparison of the performance of two measures of central adiposity among apparently healthy Nigerians using the receiver operating characteristic analysis",2011,"Indian journal of …","ncbi.nlm.nih.gov","https://www.ncbi.nlm.nih.gov/pmc/articles/PMC3193782/","https://scholar.google.com/scholar?cites=719946077394808011&as_sdt=2005&sciodt=0,5&hl=en",30,"2021-07-17 18:03:23","HTML","","","",,,,,16,1.60,4,4,10,"… Anthropometrics, awareness, prevalence and pattern of obesity in Nigerian type 2 diabetic patients. J Exp Clin Anat … Waist Circumference as a measure for indicating need for weight management. BMJ … Vol. 94. Federal Republic of Nigeria, Lagos: Official Gazette; 2007 …","https://www.ncbi.nlm.nih.gov/pmc/articles/PMC3193782/","https://scholar.google.com/scholar?q=related:y6yNmCTD_QkJ:scholar.google.com/&scioq=%22waist+circumference%22+nigeria&hl=en&as_sdt=0,5&as_ylo=2011&as_yhi=2012&as_vis=1"
25,"MA Charles-Davies, OG Arinola…","Indices of metabolic syndrome in 534 apparently healthy Nigerian traders",2012,"Journal of US-China …","researchgate.net","https://www.researchgate.net/profile/Sk-Rahamon/publication/230765365_Indices_of_Metabolic_Syndrome_in_534_Apparently_Healthy_Nigerian_Traders/links/0fcfd5040a3ef77df1000000/Indices-of-Metabolic-Syndrome-in-534-Apparently-Healthy-Nigerian-Traders.pdf#page=35","https://scholar.google.com/scholar?cites=18120438722535890110&as_sdt=2005&sciodt=0,5&hl=en",31,"2021-07-17 18:03:23","PDF","","","",,,,,25,2.78,8,3,9,"… Indices of Metabolic Syndrome in 534 Apparently Healthy Nigerian Traders 93 obtained from … Committee of University of Ibadan/University College Hospital, Ibadan, Nigeria (UI/UCH … was used to classify participants (IDF criteria: abdominal obesity: waist circumference (WC)> 94 …","https://www.researchgate.net/profile/Sk-Rahamon/publication/230765365_Indices_of_Metabolic_Syndrome_in_534_Apparently_Healthy_Nigerian_Traders/links/0fcfd5040a3ef77df1000000/Indices-of-Metabolic-Syndrome-in-534-Apparently-Healthy-Nigerian-Traders.pdf#page=35","https://scholar.google.com/scholar?q=related:vhz8DgO7ePsJ:scholar.google.com/&scioq=%22waist+circumference%22+nigeria&hl=en&as_sdt=0,5&as_ylo=2011&as_yhi=2012&as_vis=1"
11,"AE Edo, K Akhuemokhan","Relationships between hemoglobin A1c and spot glucose measurements in Nigerians with type 2 diabetes mellitus",2012,"Nigerian journal of clinical practice","ajol.info","https://www.ajol.info/index.php/njcp/article/view/75776","https://scholar.google.com/scholar?cites=7751587324113527867&as_sdt=2005&sciodt=0,5&hl=en",32,"2021-07-17 18:03:23","","","","",,,,,11,1.22,6,2,9,"… The males were significantly older (57.5 ± 8.4 vs 49.3 ± 7.6, P<0.001) while the females had higher waist circumference and BMI than their male counterparts: 104.8 ± 11.6 cm vs 92.8 … Irrua, Edo State, Nigeria … Nigerian Journal of Clinical Practice •Jan-Mar 2012 • Vol 15 • Issue 1 …","https://www.ajol.info/index.php/njcp/article/download/75776/66296","https://scholar.google.com/scholar?q=related:OyQ1A5ork2sJ:scholar.google.com/&scioq=%22waist+circumference%22+nigeria&hl=en&as_sdt=0,5&as_ylo=2011&as_yhi=2012&as_vis=1"
41,"O Osho, S Akinbo, A Osinubi, O Olawale","Effect of progressive aerobic and resistance exercises on the pulmonary functions of individuals with type 2 diabetes in Nigeria",2012,"","sid.ir","https://www.sid.ir/en/journal/ViewPaper.aspx?ID=256152","https://scholar.google.com/scholar?cites=16407837344038803937&as_sdt=2005&sciodt=0,5&hl=en",33,"2021-07-17 18:03:23","HTML","","","",,,,,41,4.56,10,4,9,"… OF CLINICAL SCIENCES, COLLEGE OF MEDICINE OF THE UNIVERSITY OF LAGOS, LAGOS, NIGERIA … lungs are end organs that are adversely affected in Nigerian adults with … FEV1)) and anthropometric parameters (body mass index (BMI), waist circumference (WC), and …","https://www.sid.ir/en/journal/ViewPaper.aspx?ID=256152","https://scholar.google.com/scholar?q=related:4VnSxyFZtOMJ:scholar.google.com/&scioq=%22waist+circumference%22+nigeria&hl=en&as_sdt=0,5&as_ylo=2011&as_yhi=2012&as_vis=1"
5,"C Okereke, TC Okeke, BU Anyaehie, UI Nwagha…","The Effect of Gravidity on Anthropometric Indices of Pregnant Women in Enugu, South East, Nigeria.",2012,"African Journal of …","ajol.info","https://www.ajol.info/index.php/ajbr/article/view/108936","https://scholar.google.com/scholar?cites=13731957822099658398&as_sdt=2005&sciodt=0,5&hl=en",34,"2021-07-17 18:03:23","","","","",,,,,5,0.56,1,5,9,"… This agrees with a previous study that showed increase in waist circumference with gravidity (Wendland … such that one would readily conclude that multigravid women of Nigeria have higher … Furthermore, Nigerian women do not shed all the pregnancy weight gain after delivery …","https://www.ajol.info/index.php/ajbr/article/view/108936/98722","https://scholar.google.com/scholar?q=related:npblWOK2kb4J:scholar.google.com/&scioq=%22waist+circumference%22+nigeria&hl=en&as_sdt=0,5&as_ylo=2011&as_yhi=2012&as_vis=1"
14,"A Edo, OS Adediran","Dyslipidaemia among Nigerian oil workers with type 2 diabetes mellitus",2011,"West African journal of medicine","ajol.info","https://www.ajol.info/index.php/wajm/article/view/77439","https://scholar.google.com/scholar?cites=9562030399069930696&as_sdt=2005&sciodt=0,5&hl=en",35,"2021-07-17 18:03:23","","","","",,,,,14,1.40,7,2,10,"… blood pressure; WC, Waist circumference. Dyslipidaemia among Nigerian Oil Workers with Type 2 Diabetes Mellitus Dyslipidémie chez les travailleurs du pétrole du Nigeria avec diabète de type 2 A. Edo*, OS Adediran† ABSTRACT BACKGROUND:Nigerians working in the oil …","https://www.ajol.info/index.php/wajm/article/view/77439/67885","https://scholar.google.com/scholar?q=related:yMQMdPwns4QJ:scholar.google.com/&scioq=%22waist+circumference%22+nigeria&hl=en&as_sdt=0,5&as_ylo=2011&as_yhi=2012&as_vis=1"
2616,"World Health Organization","Waist circumference and waist-hip ratio: report of a WHO expert consultation, Geneva, 8-11 December 2008",2011,"","apps.who.int","https://apps.who.int/iris/bitstream/handle/10665/44583/?sequence=1","https://scholar.google.com/scholar?cites=13684528754179050432&as_sdt=2005&sciodt=0,5&hl=en",36,"2021-07-17 18:03:23","PDF","","","",,,,,2616,261.60,2616,1,10,"Page 1. Waist Circumference and Waist-Hip Ratio Report of a WHO Expert Consultation GENEVA, 8–11 DECEMBER 2008 Page 2. Waist Circumference and Waist–Hip Ratio: Report of a WHO Expert Consultation Geneva, 8–11 December 2008 Page 3. ii …","https://apps.who.int/iris/bitstream/handle/10665/44583/?sequence=1","https://scholar.google.com/scholar?q=related:wAt272U26b0J:scholar.google.com/&scioq=%22waist+circumference%22+nigeria&hl=en&as_sdt=0,5&as_ylo=2011&as_yhi=2012&as_vis=1"
9,"ISI Ogbu, EE Chukwukelu","Prevalence of metabolic syndrome using weight and weight indices in an apparently healthy Nigerian population",2012,"… Journal of Medicine and Biomedical Research","ajol.info","https://www.ajol.info/index.php/ijmbr/article/view/91860","https://scholar.google.com/scholar?cites=8212185464405774340&as_sdt=2005&sciodt=0,5&hl=en",37,"2021-07-17 18:03:23","","","","",,,,,9,1.00,5,2,9,"… in an apparently healthy Nigerian population … of Medical Laboratory Sciences, Faculty of Health Sciences and Technology College of Medicine, University of Nigeria, Enugu, Nigeria … Key words: Weight, BMI, waist circumference, waist-hip ratio, obesity, metabolic syndrome …","https://www.ajol.info/index.php/ijmbr/article/view/91860/88186","https://scholar.google.com/scholar?q=related:BFCIeyuL93EJ:scholar.google.com/&scioq=%22waist+circumference%22+nigeria&hl=en&as_sdt=0,5&as_ylo=2011&as_yhi=2012&as_vis=1"
69,"MO Ebesunun, EO Obajobi","Elevated plasma homocysteine in type 2 diabetes mellitus: a risk factor for cardiovascular diseases",2012,"Pan African Medical Journal","ajol.info","https://www.ajol.info/index.php/pamj/article/view/82672","https://scholar.google.com/scholar?cites=18287848100996196902&as_sdt=2005&sciodt=0,5&hl=en",38,"2021-07-17 18:03:23","","","","",,,,,69,7.67,35,2,9,"… acid in predicting early cardiovascular events in type 2 DM in Nigerian-Africans … main findings from our study are increased plasma homocysteine, triglyceride and waist circumference, decreased folic … the Endocrinology unit of the Obafemi Awolowo hospital Ile Ife Nigeria for their …","https://www.ajol.info/index.php/pamj/article/view/82672/72825","https://scholar.google.com/scholar?q=related:JiouZvR8y_0J:scholar.google.com/&scioq=%22waist+circumference%22+nigeria&hl=en&as_sdt=0,5&as_ylo=2011&as_yhi=2012&as_vis=1"
9,"UI Nwagha, EE Iyare, FE Ejezie, SO Ogbodo…","Parity related changes in obesity and some antioxidant vitamins in non-pregnant women of South-Eastern Nigeria",2012,"Nigerian journal of …","ajol.info","https://www.ajol.info/index.php/njcp/article/view/84271","https://scholar.google.com/scholar?cites=14678521637694483850&as_sdt=2005&sciodt=0,5&hl=en",39,"2021-07-17 18:03:23","","","","",,,,,9,1.00,2,5,9,"… Maternal factors in the etiology of fetal malnutrition in Nigeria. Pediatr Int 2007;49:150-5. 17 … Waist circumference in the prediction of obesity-related adverse pregnancy outcomes … Some biochemical markers of oxidative stress in pregnant Nigerian women …","https://www.ajol.info/index.php/njcp/article/view/84271/74279","https://scholar.google.com/scholar?q=related:ii2qyqiVtMsJ:scholar.google.com/&scioq=%22waist+circumference%22+nigeria&hl=en&as_sdt=0,5&as_ylo=2011&as_yhi=2012&as_vis=1"
11,"FA Maruf, CO Akosile, JO Umunnah","Physical activity, dietary intake and anthropometric indices of a group of Nigerian university undergraduates",2012,"African journal of physiotherapy and …","ajol.info","https://www.ajol.info/index.php/ajprs/article/view/82203","https://scholar.google.com/scholar?cites=11504668971971015923&as_sdt=2005&sciodt=0,5&hl=en",40,"2021-07-17 18:03:23","","","","",,,,,11,1.22,4,3,9,"… Anthropometric Indices of a Group of Nigerian … dietary pattern and anthropometric indices of some pre-clinical undergraduates in a university in southeastern Nigeria … Fewer males (5.7% and 7.7%) tended to have undesirable waist circumference (WC) and waist-hip ratio (WHR …","https://www.ajol.info/index.php/ajprs/article/view/82203/72421","https://scholar.google.com/scholar?q=related:83TKxHnLqJ8J:scholar.google.com/&scioq=%22waist+circumference%22+nigeria&hl=en&as_sdt=0,5&as_ylo=2011&as_yhi=2012&as_vis=1"
5,"TH Raimi, OO Odusan, OA Fasanmade…","Insulin Resistance In Semi-Urban South Western Nigeria and It's Relationship With Indices Of Obesity",2012,"Nigerian Endocrine …","ajol.info","https://www.ajol.info/index.php/nep/article/view/86091","https://scholar.google.com/scholar?cites=14935556038938021959&as_sdt=2005&sciodt=0,5&hl=en",41,"2021-07-17 18:03:23","","","","",,,,,5,0.56,1,4,9,"… of insulin resistance and its relationship withindices of obesity in a semi urban Nigeria … levels of HOMA scores: score >1 and score >2 and itscorrelation with waist circumference, body mass … 2 (2012). Section. Articles. Copyright is owned by the Nigerian Chapter of the American …","","https://scholar.google.com/scholar?q=related:R1DX3xXBRc8J:scholar.google.com/&scioq=%22waist+circumference%22+nigeria&hl=en&as_sdt=0,5&as_ylo=2011&as_yhi=2012&as_vis=1"
11,"OR Olaoye, OO Oyetunde","Perception of weight and weight management practices among students of a tertiary institution in south west Nigeria",2012,"Journal of Applied Pharmaceutical …","japsonline.com","https://japsonline.com/admin/php/uploads/347_pdf.pdf","https://scholar.google.com/scholar?cites=10373380767109352394&as_sdt=2005&sciodt=0,5&hl=en",42,"2021-07-17 18:03:23","PDF","","","",,,,,11,1.22,6,2,9,"… The purpose of this study is to examine actual weight and perception of weights among students in a medical college in south west Nigeria … scale, metre rule and tape rule were used to measure students' weight in kilogram, height in metre, hip and waist circumference in inches …","https://japsonline.com/admin/php/uploads/347_pdf.pdf","https://scholar.google.com/scholar?q=related:ygts39im9Y8J:scholar.google.com/&scioq=%22waist+circumference%22+nigeria&hl=en&as_sdt=0,5&as_ylo=2011&as_yhi=2012&as_vis=1"
61,"AA Akintunde, OE Ayodele, PO Akinwusi…","Metabolic syndrome: comparison of occurrence using three definitions in hypertensive patients",2011,"Clinical Medicine & …","Marshfield Clinic","http://www.clinmedres.org/content/9/1/26.short","https://scholar.google.com/scholar?cites=3429255450814318418&as_sdt=2005&sciodt=0,5&hl=en",43,"2021-07-17 18:03:23","","","","",,,,,61,6.10,15,4,10,"… Settings: Cardiology unit of LAUTECH Teaching Hospital, Osogbo, Nigeria. Participants: One hundred forty newly diagnosed hypertensive Nigerian subjects, and 70 … However, the core components of the syndrome which include increased waist circumference, impaired glucose …","http://www.clinmedres.org/content/9/1/26.full.pdf","https://scholar.google.com/scholar?q=related:Ugfc3akply8J:scholar.google.com/&scioq=%22waist+circumference%22+nigeria&hl=en&as_sdt=0,5&as_ylo=2011&as_yhi=2012&as_vis=1"
60,"AE Sumner, LK Micklesfield, M Ricks, AV Tambay…","Waist circumference, BMI, and visceral adipose tissue in white women and women of African descent",2011,"…","Wiley Online Library","https://onlinelibrary.wiley.com/doi/abs/10.1038/oby.2010.201","https://scholar.google.com/scholar?cites=11998824774732758368&as_sdt=2005&sciodt=0,5&hl=en",44,"2021-07-17 18:03:23","","10.1038/oby.2010.201","","",,,,,60,6.00,12,5,10,"… Waist circumference (WC) is used independently and as a component of the metabolic syndrome to predict cardiovascular disease and type 2 … University Family Study (Washington, DC) and the Africa America Diabetes Mellitus Study (five urban centers in Nigeria and Ghana …","https://onlinelibrary.wiley.com/doi/pdf/10.1038/oby.2010.201","https://scholar.google.com/scholar?q=related:YD0aZI9jhKYJ:scholar.google.com/&scioq=%22waist+circumference%22+nigeria&hl=en&as_sdt=0,5&as_ylo=2011&as_yhi=2012&as_vis=1"
4,"EP Odum, CG Orluwene, AA Ejilemele…","Antioxidant status of subjects with Metabolic Syndrome in Port Harcourt, Nigeria",2012,"… Postgrad Med J","researchgate.net","https://www.researchgate.net/profile/Ehimen-Odum/publication/235405486_Antioxidant_status_of_subjects_with_Metabolic_Syndrome_in_Port_Harcourt_Nigeria/links/56c1e94b08aeedba0567c0c7/Antioxidant-status-of-subjects-with-Metabolic-Syndrome-in-Port-Harcourt-Nigeria.pdf","https://scholar.google.com/scholar?cites=6120697645756811774&as_sdt=2005&sciodt=0,5&hl=en",45,"2021-07-17 18:03:23","PDF","","","",,,,,4,0.44,1,4,9,"… P-Value Age (years) 51.4土 10.& 48.6士12.05 1.77 () ()82 Waist circumference (cm) 102.3 … Previous studies in Nigeria measured antioxidant status mainly in diabetics; data on antioxidant status in … The Nigerian Postgrad Med.J 2005; 12:3-7. Will JC, Ford ES, Bowman BA Serum …","https://www.researchgate.net/profile/Ehimen-Odum/publication/235405486_Antioxidant_status_of_subjects_with_Metabolic_Syndrome_in_Port_Harcourt_Nigeria/links/56c1e94b08aeedba0567c0c7/Antioxidant-status-of-subjects-with-Metabolic-Syndrome-in-Port-Harcourt-Nigeria.pdf","https://scholar.google.com/scholar?q=related:_onneBQW8VQJ:scholar.google.com/&scioq=%22waist+circumference%22+nigeria&hl=en&as_sdt=0,5&as_ylo=2011&as_yhi=2012&as_vis=1"
7,"CE Ekpenyong, NE Daniel…","Detecting incident type 2 diabetes mellitus in South Eastern Nigeria: The role of adiposity indices in relation to gender",2011,"Journal of diabetes and …","academicjournals.org","https://academicjournals.org/journal/JDE/article-abstract/B857EC11005","https://scholar.google.com/scholar?cites=8585663727247718270&as_sdt=2005&sciodt=0,5&hl=en",46,"2021-07-17 18:03:23","","","","",,,,,7,0.70,2,3,10,"… power of different adiposity indices on incident type 2 diabetes mellitus among adult males and females in Uyo Metropolis, Nigeria … Waist circumference (WC) and waist-hip ratio (WHR) of diabetic females were significantly higher than that of the males counterpart (WC: P …","https://academicjournals.org/journal/JDE/article-full-text-pdf/B857EC11005.pdf","https://scholar.google.com/scholar?q=related:fneOz6tnJncJ:scholar.google.com/&scioq=%22waist+circumference%22+nigeria&hl=en&as_sdt=0,5&as_ylo=2011&as_yhi=2012&as_vis=1"
78,"BC Unadike, A Eregie, AE Ohwovoriole","Prevalence of hypertension amongst persons with diabetes mellitus in Benin City, Nigeria",2011,"Nigerian Journal of Clinical …","ajol.info","https://www.ajol.info/index.php/njcp/article/view/74538","https://scholar.google.com/scholar?cites=3888742459602482307&as_sdt=2005&sciodt=0,5&hl=en",47,"2021-07-17 18:03:23","","","","",,,,,78,7.80,26,3,10,"… calculated as the weight in kilograms divided by the square of the height in meters.[7] The waist circumference was measured … Nigerian Journal of Clinical Practice • Jul-Sep 2011 • Vol 14 • Issue 3 … Chuhwak et al.,[16] conducted in Jos, Nigeria, reported a prevalence rate of 35 …","https://www.ajol.info/index.php/njcp/article/download/74538/65161","https://scholar.google.com/scholar?q=related:g7SV36mW9zUJ:scholar.google.com/&scioq=%22waist+circumference%22+nigeria&hl=en&as_sdt=0,5&as_ylo=2011&as_yhi=2012&as_vis=1"
86,"GI Ahaneku, CU Osuji, BC Anisiuba, VO Ikeh…","Evaluation of blood pressure and indices of obesity in a typical rural community in eastern Nigeria",2011,"Annals of African …","ajol.info","https://www.ajol.info/index.php/aam/article/view/67226","https://scholar.google.com/scholar?cites=17808315907963619104&as_sdt=2005&sciodt=0,5&hl=en",48,"2021-07-17 18:03:23","","","","",,,,,86,8.60,17,5,10,"… Prevalence of metabolic syndrome in a rural community in Nigeria … Body build and blood pressure in a rural Nigerian community … The prevalence of obesity as indicated by BMI and waist circumference among Nigerians adults attending family medicine clinics as outpatients in …","https://www.ajol.info/index.php/aam/article/download/67226/55327","https://scholar.google.com/scholar?q=related:IAccPvfYI_cJ:scholar.google.com/&scioq=%22waist+circumference%22+nigeria&hl=en&as_sdt=0,5&as_ylo=2011&as_yhi=2012&as_vis=1"
79,"TY Warren, S Wilcox, M Dowda…","Peer reviewed: independent association of waist circumference with hypertension and diabetes in African American women, South Carolina, 2007–2009",2012,"Preventing chronic …","ncbi.nlm.nih.gov","https://www.ncbi.nlm.nih.gov/pmc/articles/pmc3457765/","https://scholar.google.com/scholar?cites=10231939140871934061&as_sdt=2005&sciodt=0,5&hl=en",49,"2021-07-17 18:03:23","HTML","","","",,,,,79,8.78,20,4,9,"… 2009;26(5):365-71 10.1093/fampra/cmp048 [PubMed] [CrossRef] [Google Scholar]. 9. Okosun IS, Cooper RS, Rotimi CN, Osotimehin B, Forrester T. Association of waist circumference with risk of hypertension and type 2 diabetes in Nigerians, Jamaicans, and African-Americans …","https://www.ncbi.nlm.nih.gov/pmc/articles/pmc3457765/","https://scholar.google.com/scholar?q=related:bVAW_28m_40J:scholar.google.com/&scioq=%22waist+circumference%22+nigeria&hl=en&as_sdt=0,5&as_ylo=2011&as_yhi=2012&as_vis=1"
1,"MM Nwegbu","Defining obesity using three anthropometric parameters, being components of two diagnostic criteria, amongst Nigerian women",2012,"J Dent Med Med Sci [Internet]","internationalscholarsjournals.com","https://www.internationalscholarsjournals.com/articles/defining-obesity-using-three-anthropometricparameters-being-components-of-twodiagnostic-criteria-amongst-nigerian-women.pdf","https://scholar.google.com/scholar?cites=9829151712292607222&as_sdt=2005&sciodt=0,5&hl=en",50,"2021-07-17 18:03:23","PDF","","","",,,,,1,0.11,1,1,9,"… Obesity prevalence in adult residents of Ile-Ife Nigeria. Nigerian quarterly journal of hospital medicine … Prevalence of obesity and hypertension among adults in Ogbomosho, Nigeria. Internet Journal of Medical Update. 6(2): 9-14 … Trends in waist circumference among US adults …","https://www.internationalscholarsjournals.com/articles/defining-obesity-using-three-anthropometricparameters-being-components-of-twodiagnostic-criteria-amongst-nigerian-women.pdf","https://scholar.google.com/scholar?q=related:9pSfvmcpaIgJ:scholar.google.com/&scioq=%22waist+circumference%22+nigeria&hl=en&as_sdt=0,5&as_ylo=2011&as_yhi=2012&as_vis=1"
6,"R Oluyombo, A Akinsola, O Ayodele…","P1-271 Prevalence, risk factors and patterns of chronic kidney disease in a rural community in South West Nigeria",2011,"… of Epidemiology & …","jech.bmj.com","https://jech.bmj.com/content/65/Suppl_1/A141.2.short","https://scholar.google.com/scholar?cites=2489005353352819348&as_sdt=2005&sciodt=0,5&hl=en",51,"2021-07-17 18:03:23","","","","",,,,,6,0.60,2,4,10,"… term difficulties of this condition there is paucity of community derived data in sub-Saharan Africa and especially in Nigeria, the most … The prevalence of hypertension was 30%, diabetes mellitus (DM) (3.7%), obesity (defined by BMI) 2.7% and elevated waist circumference (14.6 …","","https://scholar.google.com/scholar?q=related:lPKjei65iiIJ:scholar.google.com/&scioq=%22waist+circumference%22+nigeria&hl=en&as_sdt=0,5&as_ylo=2011&as_yhi=2012&as_vis=1"
2,"P Schwandt, GM Haas","Reference Curves of Waist Circumference in Children and Adolescents",2012,"Handbook of Anthropometry","Springer","https://link.springer.com/chapter/10.1007/978-1-4419-1788-1_85","https://scholar.google.com/scholar?cites=11380755480303995934&as_sdt=2005&sciodt=0,5&hl=en",52,"2021-07-17 18:03:23","","10.1007/978-1-4419-1788-1_85","","",,,,,2,0.22,1,2,9,"… 2005). At the 50th percentile, 5–19-year-old Nigerians had lower WC values than American and Spanish children, whereas Nigerian boys up … Table 85.1 Age- and gender-specific LMS percentiles for waist circumference children and adolescents from 14 countries. Country …","","https://scholar.google.com/scholar?q=related:HowZv8-Q8J0J:scholar.google.com/&scioq=%22waist+circumference%22+nigeria&hl=en&as_sdt=0,5&as_ylo=2011&as_yhi=2012&as_vis=1"
5,"YO Makinde, DA Babalola","Diet and hypertension: A comparative analysis of four diet groups in South-Western Nigeria",2011,"African Journal of Food, Agriculture, Nutrition …","ajol.info","https://www.ajol.info/index.php/ajfand/article/view/65882","https://scholar.google.com/scholar?cites=5267834911687980985&as_sdt=2005&sciodt=0,5&hl=en",53,"2021-07-17 18:03:23","","","","",,,,,5,0.50,3,2,10,"… Anthropometric measurements (body mass index, waist circumference, hip circumference, waist- hip ratio and … and socio-economic factors on high blood pressure among Nigerian and other … is evidence to demonstrate that many hypertensive individuals in Nigeria are blissfully …","https://www.ajol.info/index.php/ajfand/article/view/65882/53599","https://scholar.google.com/scholar?q=related:uTeQJvEbG0kJ:scholar.google.com/&scioq=%22waist+circumference%22+nigeria&hl=en&as_sdt=0,5&as_ylo=2011&as_yhi=2012&as_vis=1"
10,"B Bakki, A Hammangabdo, MA Talle…","Peak expiratory flow in normal medical students in Maiduguri, Borno state, Nigeria",2012,"The Pan African …","ncbi.nlm.nih.gov","https://www.ncbi.nlm.nih.gov/pmc/articles/pmc3450935/","https://scholar.google.com/scholar?cites=1004139409527975989&as_sdt=2005&sciodt=0,5&hl=en",54,"2021-07-17 18:03:23","HTML","","","",,,,,10,1.11,3,4,9,"… Weight (Kg), 0.38, 0.000. Waist circumference (cm), 0.26, 0.000. BMI (Kg/m 2 ), 0.15, 0.016 … Jaja SI, Fagbenro AO. Peak expiratory flow rate in Nigerian school children … Prediction formulae for lung function parameters in females of south eastern Nigeria. Niger J Physiol Sci …","https://www.ncbi.nlm.nih.gov/pmc/articles/pmc3450935/","https://scholar.google.com/scholar?q=related:NbDiCXlr7w0J:scholar.google.com/&scioq=%22waist+circumference%22+nigeria&hl=en&as_sdt=0,5&as_ylo=2011&as_yhi=2012&as_vis=1"
129,"CE Ekpenyong, UP Akpan, JO Ibu, DE Nyebuk","Gender and age specific prevalence and associated risk factors of type 2 diabetes mellitus in Uyo metropolis, South Eastern Nigeria.",2012,"Diabetologia Croatica","Citeseer","http://citeseerx.ist.psu.edu/viewdoc/download?doi=10.1.1.1046.1242&rep=rep1&type=pdf","https://scholar.google.com/scholar?cites=689175685799381752&as_sdt=2005&sciodt=0,5&hl=en",55,"2021-07-17 18:03:23","PDF","","","",,,,,129,14.33,32,4,9,"… Greece: Novo Nordisk A/S, 1996;1-35. 3. Ebenezer AN, Osaretin JO, Anele EI, Aaron O, Seye B. Type 2 diabetes in adult Nigerians: a study of its prevalence and risk factors in Port Harcourt, Nigeria … 7. World Health Organization. Waist circumference and waist-hip ratio …","http://citeseerx.ist.psu.edu/viewdoc/download?doi=10.1.1.1046.1242&rep=rep1&type=pdf","https://scholar.google.com/scholar?q=related:-Irog6JxkAkJ:scholar.google.com/&scioq=%22waist+circumference%22+nigeria&hl=en&as_sdt=0,5&as_ylo=2011&as_yhi=2012&as_vis=1"
1,"ISI Ogbu, EE Chukwukelu","The Prevalence of the Metabolic Syndrome among Normal Weight Nigerians",2011,"International …","internationalscholarsjournals.com","https://www.internationalscholarsjournals.com/articles/the-prevalence-of-the-metabolic-syndrome-among-normal-weight-nigerians.pdf","https://scholar.google.com/scholar?cites=5238729402367750901&as_sdt=2005&sciodt=0,5&hl=en",56,"2021-07-17 18:03:23","PDF","","","",,,,,1,0.10,1,2,10,"… Elevated waist circumference, (WC), had similar prevalence as MS among the subjects … Most prevalence studies in Nigeria were done on apparently healthy individuals but none was done … This paper reports on the prevalence of the MS among normal weight Nigerians …","https://www.internationalscholarsjournals.com/articles/the-prevalence-of-the-metabolic-syndrome-among-normal-weight-nigerians.pdf","https://scholar.google.com/scholar?q=related:9TKGrqK0s0gJ:scholar.google.com/&scioq=%22waist+circumference%22+nigeria&hl=en&as_sdt=0,5&as_ylo=2011&as_yhi=2012&as_vis=1"
5,"EE Young, S Chinenye…","Beta cell response to a mixed meal in nigerian patients with type 2 diabetes",2012,"BMC …","bmcendocrdisord.biomedcentral …","https://bmcendocrdisord.biomedcentral.com/articles/10.1186/1472-6823-12-11","https://scholar.google.com/scholar?cites=1488245160015308884&as_sdt=2005&sciodt=0,5&hl=en",57,"2021-07-17 18:03:23","HTML","10.1186/1472-6823-12-11","","",,,,,5,0.56,2,3,9,"… Download PDF. Research article; Open Access; Published: 27 June 2012. Beta cell response to a mixed meal in nigerian patients with type 2 diabetes …","https://bmcendocrdisord.biomedcentral.com/articles/10.1186/1472-6823-12-11","https://scholar.google.com/scholar?q=related:VChohRZPpxQJ:scholar.google.com/&scioq=%22waist+circumference%22+nigeria&hl=en&as_sdt=0,5&as_ylo=2011&as_yhi=2012&as_vis=1"
59,"AC Onwuchekwa, MM Mezie-Okoye, S Babatunde","Prevalence of hypertension in Kegbara-Dere, a rural community in the Niger Delta region, Nigeria",2012,"Ethnicity & disease","ethndis.org","https://www.ethndis.org/edonline/index.php/ethndis/article/view/460","https://scholar.google.com/scholar?cites=4596313480003847662&as_sdt=2005&sciodt=0,5&hl=en",58,"2021-07-17 18:03:23","","","","",,,,,59,6.56,20,3,9,"… Waist–to– hip Ratio (WHR) was determined by dividing waist circumference in cm by hip … in the same population, and so did Oviasu24 among the Edos in South-South Nigeria. More recently, other Nigerian studies also reported higher rates in males25 while others noted the …","https://www.ethndis.org/edonline/index.php/ethndis/article/download/460/509","https://scholar.google.com/scholar?q=related:7gX4-8FiyT8J:scholar.google.com/&scioq=%22waist+circumference%22+nigeria&hl=en&as_sdt=0,5&as_ylo=2011&as_yhi=2012&as_vis=1"
13,"EI Erete, OG Ogun, OO Oladapo…","Prevalence and severity of atherosclerosis in extra cranial carotid arteries in Nigeria: an autopsy study",2012,"BMC …","bmccardiovascdisord.biomedcentral …","https://bmccardiovascdisord.biomedcentral.com/articles/10.1186/1471-2261-12-106","https://scholar.google.com/scholar?cites=18302620537848053326&as_sdt=2005&sciodt=0,5&hl=en",59,"2021-07-17 18:03:23","HTML","10.1186/1471-2261-12-106","","",,,,,13,1.44,3,4,9,"There has been a paucity of autopsy studies on atherosclerotic lesions in Nigerians, the last one conducted at our centre being more than four decades ago. There has also been considerable epidemiological transition. The objective of the study was to determine the frequency, severity …","https://bmccardiovascdisord.biomedcentral.com/articles/10.1186/1471-2261-12-106","https://scholar.google.com/scholar?q=related:Tr4zYWj4__0J:scholar.google.com/&scioq=%22waist+circumference%22+nigeria&hl=en&as_sdt=0,5&as_ylo=2011&as_yhi=2012&as_vis=1"
119,"SA Isezuo, AA Sabir, AE Ohwovorilole…","Prevalence, associated factors and relationship between prehypertension and hypertension: a study of two ethnic African populations in Northern Nigeria",2011,"Journal of human …","nature.com","https://www.nature.com/articles/jhh201056","https://scholar.google.com/scholar?cites=16174292462437801246&as_sdt=2005&sciodt=0,5&hl=en",60,"2021-07-17 18:03:23","HTML","","","",,,,,119,11.90,30,4,10,"… years (range: 15–65 years) recruited from two urban and two rural settlements in Sokoto State of north-western Nigeria using multistage … Obesity was defined as body mass index ⩾30 kg m –2 . Waist circumference ⩾88 cm (female) and ⩾102 cm (males) constituted abdominal …","https://www.nature.com/articles/jhh201056","https://scholar.google.com/scholar?q=related:Hh3irEyhduAJ:scholar.google.com/&scioq=%22waist+circumference%22+nigeria&hl=en&as_sdt=0,5&as_ylo=2011&as_yhi=2012&as_vis=1"
2,"O Aduba","Lipid Profile, Aip And Glycated Haemoglobin Level In Type-2 Diabetic Patients In Enugu, South-East Nigeria",2012,"Journal of Asian Scientific Research","aessweb.com","http://www.aessweb.com/pdf-files/Jasr,%20pp.300-306.pdf","https://scholar.google.com/scholar?cites=10805053946719065782&as_sdt=2005&sciodt=0,5&hl=en",61,"2021-07-17 18:03:23","PDF","","","",,,,,2,0.22,2,1,9,"… as defined by BMI might be rare, central obesity is quite common among Nigerian type-2 … such as banana, mango and water melon, which are so abundant in Nigeria (Maimuna et … test subjects appeared to be the affected group with blood pressure, waist circumference and BMI …","http://www.aessweb.com/pdf-files/Jasr,%20pp.300-306.pdf","https://scholar.google.com/scholar?q=related:tlYfIVFD85UJ:scholar.google.com/&scioq=%22waist+circumference%22+nigeria&hl=en&as_sdt=0,5&as_ylo=2011&as_yhi=2012&as_vis=1"
0,"CECC EJIKE","… PRODUCT AND WAIST-TO-HEIGHT RATIO ARE PREDICTORS OF THE METABOLIC SYNDROME IN A NIGERIAN MALE GERIATRIC POPULATION",,"researchgate.net","","https://www.researchgate.net/profile/Chukwunonso-Ejike/publication/282854880_Lipid_accumulation_product_and_waist-to-height_ratio_are_predictors_of_the_metabolic_syndrome_in_a_Nigerian_male_geriatric_population/links/5700137808aee995dde81d08/Lipid-accumulation-product-and-waist-to-height-ratio-are-predictors-of-the-metabolic-syndrome-in-a-Nigerian-male-geriatric-population.pdf","",62,"2021-07-17 18:03:23","PDF","","","",,,,,0,0.00,0,1,,"… AND WAIST-TO-HEIGHT RATIO ARE PREDICTORS OF THE METABOLIC SYNDROME IN A NIGERIAN MALE GERIATRIC … College of Natural and Applied Sciences, Michael Okpara University of Agriculture, Umudike, Abia State, Nigeria … Elevated waist circumference …","https://www.researchgate.net/profile/Chukwunonso-Ejike/publication/282854880_Lipid_accumulation_product_and_waist-to-height_ratio_are_predictors_of_the_metabolic_syndrome_in_a_Nigerian_male_geriatric_population/links/5700137808aee995dde81d08/Lipid-accumulation-product-and-waist-to-height-ratio-are-predictors-of-the-metabolic-syndrome-in-a-Nigerian-male-geriatric-population.pdf",""
37,"JS Gothankar, RS Patil","Prevalence of obesity and its associated co morbidities amongst adults",2011,"Natl J Community Med","njcmindia.org","http://njcmindia.org/uploads/2-2_221-224.pdf","https://scholar.google.com/scholar?cites=14478646985020196524&as_sdt=2005&sciodt=0,5&hl=en",63,"2021-07-17 18:03:23","PDF","","","",,,,,37,3.70,19,2,10,"… Public Health Nutrition 2004; 7:629-635. 13. Okosum IS, Cooper RS, Rotimi CN. Association of waist circumference with risk of hypertension and type2 diabetes in Nigerians, Jamaicans and African Americans. Diabetes care 1998; 21(11):1836-42.","http://njcmindia.org/uploads/2-2_221-224.pdf","https://scholar.google.com/scholar?q=related:rMZowrh87sgJ:scholar.google.com/&scioq=%22waist+circumference%22+nigeria&hl=en&as_sdt=0,5&as_ylo=2011&as_yhi=2012&as_vis=1"
1,"AL ASOMUGHA","ASSESSMENT OF DIABETIC PERIPHERAL NEUROPATHY IN NIGERIANS USING THE DIABETIC NEUROPATHY EXAMINATION INSTRUMENT AND …",2012,"Faculty of INTERNAL MEDICINE","dissertation.npmcn.edu.ng","http://www.dissertation.npmcn.edu.ng/index.php/FMCP/article/download/628/574","https://scholar.google.com/scholar?cites=15095134948780966484&as_sdt=2005&sciodt=0,5&hl=en",64,"2021-07-17 18:03:23","PDF","","","",,,,,1,0.11,1,1,9,"1 ASSESSMENT OF DIABETIC PERIPHERAL NEUROPATHY IN NIGERIANS USING THE … COLLEGE OF NIGERIA IN PARTIAL FULFILLMENT OF THE REQUIREMENTS FOR THE … Anthropometric measurements of height, weight, waist circumference and hip circumference …","http://www.dissertation.npmcn.edu.ng/index.php/FMCP/article/download/628/574","https://scholar.google.com/scholar?q=related:VIKsKkKxfNEJ:scholar.google.com/&scioq=%22waist+circumference%22+nigeria&hl=en&as_sdt=0,5&as_ylo=2011&as_yhi=2012&as_vis=1"
30,"EP Odum, VC Wakwe","Plasma concentrations of water. soluble vitamins in metabolic syndrome subjects",2012,"Nigerian journal of clinical practice","ajol.info","https://www.ajol.info/index.php/njcp/article/view/84289","https://scholar.google.com/scholar?cites=578341744520301828&as_sdt=2005&sciodt=0,5&hl=en",65,"2021-07-17 18:03:23","","","","",,,,,30,3.33,15,2,9,"… Materials and Methods: Blood pressure, body mass index, waist circumference, concentrations of plasma glucose, lipid profile … Nigerian Journal of Clinical Practice • Oct-Dec 2012 • Vol 15 • Issue 4 … The study was conducted in a tertiary hospital in one of the major cities in Nigeria …","https://www.ajol.info/index.php/njcp/article/download/84289/74294","https://scholar.google.com/scholar?q=related:BI3poMCuBggJ:scholar.google.com/&scioq=%22waist+circumference%22+nigeria&hl=en&as_sdt=0,5&as_ylo=2011&as_yhi=2012&as_vis=1"
99,"EC Ejim, CI Okafor, A Emehel, AU Mbah…","Prevalence of cardiovascular risk factors in the middle-aged and elderly population of a Nigerian rural community",2011,"Journal of tropical …","hindawi.com","https://www.hindawi.com/journals/jtm/2011/308687/","https://scholar.google.com/scholar?cites=14402872578118839351&as_sdt=2005&sciodt=0,5&hl=en",66,"2021-07-17 18:03:23","HTML","","","",,,,,99,9.90,20,5,10,"… Body mass index (Kg/m2) 23.2 (5.0) 21.9 (3.8) 23.7 (5.3) <.0001 Waist circumference (cm) 84.6 (12.7) 83.1 (9.5) 85.3 (13.7) .025 … [28] MR Akpa, DI Agomouh, and DD Alasia, “Lipid profile of healthy adult Nigerians in Port Harcourt, Nigeria,” Nigerian Journal of Medicine, vol …","https://www.hindawi.com/journals/jtm/2011/308687/","https://scholar.google.com/scholar?q=related:N-z800xI4ccJ:scholar.google.com/&scioq=%22waist+circumference%22+nigeria&hl=en&as_sdt=0,5&as_ylo=2011&as_yhi=2012&as_vis=1"
0,"H Chanda","Diagnostic Accuracy of Waist circumference in detecting metabolic syndrome in type 2 diabetes mellitus patients",2011,"","library.adhl.africa","https://library.adhl.africa/handle/123456789/12902","",67,"2021-07-17 18:03:23","","","","",,,,,0,0.00,0,1,10,"… Some features of this site may not work without it. Diagnostic Accuracy of Waist circumference in detecting metabolic syndrome in type 2 diabetes mellitus patients. View/Open … Abdominal obesity was defined as waist circumference = 94cm for men and =80cm for women …","","https://scholar.google.com/scholar?q=related:olDvV5lqSq4J:scholar.google.com/&scioq=%22waist+circumference%22+nigeria&hl=en&as_sdt=0,5&as_ylo=2011&as_yhi=2012&as_vis=1"
0,"BJC Onwubere, EC Ejim, CI Okafor, A Emehel…","Clinical Study Pattern of Blood Pressure Indices among the Residents of a Rural Community in South East Nigeria",2011,"","academia.edu","https://www.academia.edu/download/41191863/02bfe50f6c349e2225000000.pdf20160115-19908-1mtu3uc.pdf","",68,"2021-07-17 18:03:23","PDF","","","",,,,,0,0.00,0,5,10,"… Central obesity represented by waist circumference was the other predictor of DBP … A prevalence of cardiometabolic risk factors among a rural Yoruba south-western Nigerian population: a … health checks: a study of rural and urban residents in the Northeast Nigeria,” The Internet …","https://www.academia.edu/download/41191863/02bfe50f6c349e2225000000.pdf20160115-19908-1mtu3uc.pdf","https://scholar.google.com/scholar?q=related:jeJ7JeQW6pYJ:scholar.google.com/&scioq=%22waist+circumference%22+nigeria&hl=en&as_sdt=0,5&as_ylo=2011&as_yhi=2012&as_vis=1"
3,"V Singh, M Sahu, S Yadav, KK Harris","Body mass index (BMI), waist circumference (WC) and obesity in the resident adults of Raipur District (Chhattisgarh state: India)",2012,"Journal of Phytology","researchgate.net","https://www.researchgate.net/profile/Kk-Haris/publication/233904713_Body_mass_index_BMI_waist_circumference_WC_and_obesity_in_the_resident_adults_of_Raipur_District_Chhattisgarh_state_India/links/58ba9e3745851591c5df26d0/Body-mass-index-BMI-waist-circumference-WC-and-obesity-in-the-resident-adults-of-Raipur-District-Chhattisgarh-state-India.pdf","https://scholar.google.com/scholar?cites=30355156606859631&as_sdt=2005&sciodt=0,5&hl=en",69,"2021-07-17 18:03:23","PDF","","","",,,,,3,0.33,1,4,9,"… Relationship of Waist Circumference, Waist Hip Ratio and Body Mass Index as Predictors of Obesity in Adult Nigerians. Pakistan Journal of Nutrition, 10: 15-18 … Prevalence of Stunting, Underweight and Obesity in School Aged Children in Uyo, Nigeria …","https://www.researchgate.net/profile/Kk-Haris/publication/233904713_Body_mass_index_BMI_waist_circumference_WC_and_obesity_in_the_resident_adults_of_Raipur_District_Chhattisgarh_state_India/links/58ba9e3745851591c5df26d0/Body-mass-index-BMI-waist-circumference-WC-and-obesity-in-the-resident-adults-of-Raipur-District-Chhattisgarh-state-India.pdf","https://scholar.google.com/scholar?q=related:bzmnptrXawAJ:scholar.google.com/&scioq=%22waist+circumference%22+nigeria&hl=en&as_sdt=0,5&as_ylo=2011&as_yhi=2012&as_vis=1"
36,"AA Akintunde, OE Ayodele, OG Opadijo…","QT Interval prolongation and dispersion: Epidemiology and clinical correlates in subjects with newly diagnosed systemic hypertension in Nigeria",2012,"Journal of …","Elsevier","https://www.sciencedirect.com/science/article/pii/S0975358312340084","https://scholar.google.com/scholar?cites=17648492309739020191&as_sdt=2005&sciodt=0,5&hl=en",70,"2021-07-17 18:03:23","","","","",,,,,36,4.00,9,4,9,"… at the Ladoke Akintola University of Technology Teaching Hospital, Osogbo, Osun State, Nigeria … The study population consisted of 140 adult Nigerian subjects (>18 years of age … They include age, gender, body weight, height, waist circumference, systolic and diastolic blood …","https://www.ncbi.nlm.nih.gov/pmc/articles/pmc3516009/","https://scholar.google.com/scholar?q=related:nx81_z8K7PQJ:scholar.google.com/&scioq=%22waist+circumference%22+nigeria&hl=en&as_sdt=0,5&as_ylo=2011&as_yhi=2012&as_vis=1"
0,"AE Edo, K Akhuemokhan","Relationships between hemoglobin A",2012,"Nigerian Journal of Clinical Practice","researchgate.net","https://www.researchgate.net/profile/Andrew-Edo/publication/221903672_Relationships_between_hemoglobin_A_1c_and_spot_glucose_measurements_in_Nigerians_with_type_2_diabetes_mellitus/links/55f8997e08aeba1d9f0cf1c1/Relationships-between-hemoglobin-A-1c-and-spot-glucose-measurements-in-Nigerians-with-type-2-diabetes-mellitus.pdf","",71,"2021-07-17 18:03:23","PDF","","","",,,,,0,0.00,0,2,9,"… The males were significantly older (57.5 ± 8.4 vs 49.3 ± 7.6, P<0.001) while the females had higher waist circumference and BMI than their male counterparts: 104.8 ± 11.6 cm vs 92.8 … Irrua, Edo State, Nigeria … Nigerian Journal of Clinical Practice •Jan-Mar 2012 • Vol 15 • Issue 1 …","https://www.researchgate.net/profile/Andrew-Edo/publication/221903672_Relationships_between_hemoglobin_A_1c_and_spot_glucose_measurements_in_Nigerians_with_type_2_diabetes_mellitus/links/55f8997e08aeba1d9f0cf1c1/Relationships-between-hemoglobin-A-1c-and-spot-glucose-measurements-in-Nigerians-with-type-2-diabetes-mellitus.pdf","https://scholar.google.com/scholar?q=related:lS5KvPCzrT4J:scholar.google.com/&scioq=%22waist+circumference%22+nigeria&hl=en&as_sdt=0,5&as_ylo=2011&as_yhi=2012&as_vis=1"
55,"DJ Tybor, AH Lichtenstein, GE Dallal…","Independent effects of age-related changes in waist circumference and BMI z scores in predicting cardiovascular disease risk factors in a prospective cohort of …",2011,"… American journal of …","academic.oup.com","https://academic.oup.com/ajcn/article-abstract/93/2/392/4597694","https://scholar.google.com/scholar?cites=13141612432910589121&as_sdt=2005&sciodt=0,5&hl=en",72,"2021-07-17 18:03:23","","","","",,,,,55,5.50,14,4,10,"… Article Navigation. Independent effects of age-related changes in waist circumference and BMI z scores in predicting cardiovascular disease risk factors in a prospective cohort of adolescent females. David J Tybor, David J Tybor …","https://academic.oup.com/ajcn/article/93/2/392/4597694","https://scholar.google.com/scholar?q=related:wRx-Z-FiYLYJ:scholar.google.com/&scioq=%22waist+circumference%22+nigeria&hl=en&as_sdt=0,5&as_ylo=2011&as_yhi=2012&as_vis=1"
72,"A Ogbera, A ADEYEMI‐DORO","Emotional distress is associated with poor self care in type 2 diabetes mellitus",2011,"Journal of diabetes","Wiley Online Library","https://onlinelibrary.wiley.com/doi/abs/10.1111/j.1753-0407.2011.00156.x","https://scholar.google.com/scholar?cites=10279061494883239883&as_sdt=2005&sciodt=0,5&hl=en",73,"2021-07-17 18:03:23","","10.1111/j.1753-0407.2011.00156.x","","",,,,,72,7.20,36,2,10,"… to determine the factors that influence diabetes self-care management in Nigerians with T2DM … care to a large majority of people in south-western region of Nigeria … The study subjects underwent clinical examination that included measurements of waist circumference, height and …","","https://scholar.google.com/scholar?q=related:y0fpAviPpo4J:scholar.google.com/&scioq=%22waist+circumference%22+nigeria&hl=en&as_sdt=0,5&as_ylo=2011&as_yhi=2012&as_vis=1"
17,"OO Ogwumike, AO Arowojolu…","Effects of a 12-week endurance exercise program on adiposity and flexibility of Nigerian perimenopausal and postmenopausal women",2011,"Nigerian Journal of …","bioline.org.br","http://www.bioline.org.br/abstract?np11030","https://scholar.google.com/scholar?cites=5831420007361623809&as_sdt=2005&sciodt=0,5&hl=en",74,"2021-07-17 18:03:23","","","","",,,,,17,1.70,6,3,10,"… WHR) as well as Flexibility of perimenopausal and postmenopausal Nigerian women … of outpatient Physiotherapy Department of the University College Hospital, Ibadan Nigeria from August … Waist Circumference (WC) was measured with the participant in standing position, feet …","http://www.bioline.org.br/pdf?np11030","https://scholar.google.com/scholar?q=related:ATflupld7VAJ:scholar.google.com/&scioq=%22waist+circumference%22+nigeria&hl=en&as_sdt=0,5&as_ylo=2011&as_yhi=2012&as_vis=1"
0,"EP Odum, VC Wakwe","Plasma concentrations of fat-soluble vitamins in metabolic syndrome subjects",2011,"Annals of Tropical Pathology","atpjournal.org","https://www.atpjournal.org/article.asp?issn=2251-0060;year=2011;volume=2;issue=2;spage=19;epage=27;aulast=Odum;type=0","",75,"2021-07-17 18:03:23","","","","",,,,,0,0.00,0,2,10,"… University of Port Harcourt Teaching Hospital, PMB 6173, Port Harcourt Nigeria Login to … the plasma concentrations of vitamins A, D and E in Nigerians with metabolic … Blood pressure, body mass index, waist circumference, concentrations of plasma glucose, lipid profile, vitamins …","",""
4,"MO Ebesunun, KJ Adetunji, EO Obajobi","Evaluation of essential fatty acids, folic acid and vitamin B12 in type 2 diabetes mellitus",2012,"New York Sci J","Citeseer","https://citeseerx.ist.psu.edu/viewdoc/download?doi=10.1.1.1091.7070&rep=rep1&type=pdf","https://scholar.google.com/scholar?cites=4856367865872291095&as_sdt=2005&sciodt=0,5&hl=en",76,"2021-07-17 18:03:23","PDF","","","",,,,,4,0.44,1,3,9,"… Awolowo College of Health Sciences, Olabisi Onabanjo University, Ago-Iwoye, Nigeria Corresponding Author … decreased level of essential fatty acid with type 2 diabetes mellitus in Nigerians … fasting plasma glucose, body mass index (p < 0.001) and waist circumference (p < …","https://citeseerx.ist.psu.edu/viewdoc/download?doi=10.1.1.1091.7070&rep=rep1&type=pdf","https://scholar.google.com/scholar?q=related:F5XwB9hIZUMJ:scholar.google.com/&scioq=%22waist+circumference%22+nigeria&hl=en&as_sdt=0,5&as_ylo=2011&as_yhi=2012&as_vis=1"
1,"O Ojoawo Adesola, T Onigbinde Ayodele…","An assessment of selected adipose tissue indices in patients with mechanical low back pain",2011,"Medicina …","medicinasportiva.ro","https://www.medicinasportiva.ro/SRoMS/RMS/28/adipose_tissue_indices_patients_mechanical_low_back_pain.pdf","https://scholar.google.com/scholar?cites=15163147499928454123&as_sdt=2005&sciodt=0,5&hl=en",77,"2021-07-17 18:03:23","PDF","","","",,,,,1,0.10,0,3,10,"… In men the cut off point is 102cm (40inches), (28). The result showed that most subjects fell into the categories of high and moderates obesity using waist circumference classification … Low back pain in a rural community in South West Nigeria … Journal of Nigerian Med. Rehab …","https://www.medicinasportiva.ro/SRoMS/RMS/28/adipose_tissue_indices_patients_mechanical_low_back_pain.pdf","https://scholar.google.com/scholar?q=related:64MWOlBSbtIJ:scholar.google.com/&scioq=%22waist+circumference%22+nigeria&hl=en&as_sdt=0,5&as_ylo=2011&as_yhi=2012&as_vis=1"
0,"S Chinenye, CN Unachukwu","Beta cell response to a mixed meal in nigerian patients with type 2 diabetes.",2012,"BMC Endocrine Disorders","search.ebscohost.com","http://search.ebscohost.com/login.aspx?direct=true&profile=ehost&scope=site&authtype=crawler&jrnl=14726823&AN=84193391&h=xyqQZsCMXJ2RdUQr1YEIT1Cy0D%2BlAxiAyG%2BKvXHBmhBnHENRqdthkLAkriRe586aAxr%2BtkXMDvd%2Bxcqr0%2BUPWg%3D%3D&crl=c","",78,"2021-07-17 18:03:23","","","","",,,,,0,0.00,0,2,9,"… Weight, height, body mass index and waist circumference were measured … 2Department of Medicine, University of Port Harcourt Teaching Hospital, Port Harcourt, Nigeria … AG, Onyemelukwe GC: Plasma insulin response to oral glucose tolerance test in Nigerian type2 diabetics …","","https://scholar.google.com/scholar?q=related:CbzKJOLSuVcJ:scholar.google.com/&scioq=%22waist+circumference%22+nigeria&hl=en&as_sdt=0,5&as_ylo=2011&as_yhi=2012&as_vis=1"
35,"DA Levine, DA Calhoun, RJ Prineas…","Moderate waist circumference and hypertension prevalence: the REGARDS study",2011,"American journal of …","academic.oup.com","https://academic.oup.com/ajh/article-abstract/24/4/482/2282120","https://scholar.google.com/scholar?cites=1968728937843921499&as_sdt=2005&sciodt=0,5&hl=en",79,"2021-07-17 18:03:23","","","","",,,,,35,3.50,9,4,10,"… Moderate Waist Circumference and Hypertension Prevalence: The REGARDS Study … Background. High waist circumference (WC) (women: >88 cm; men: >102 cm)increases cardiovascular risk. Less is known about moderate WC(women: 80–88 cm; men: 94–102 cm) …","https://academic.oup.com/ajh/article-pdf/24/4/482/8662734/24_4_482.pdf","https://scholar.google.com/scholar?q=related:WxI4x4lUUhsJ:scholar.google.com/&scioq=%22waist+circumference%22+nigeria&hl=en&as_sdt=0,5&as_ylo=2011&as_yhi=2012&as_vis=1"
28,"WJ Kalk, BI Joffe, AE Sumner","The waist circumference of risk in black South African men is lower than in men of European ancestry",2011,"Metabolic syndrome and related …","liebertpub.com","https://www.liebertpub.com/doi/abs/10.1089/met.2011.0063","https://scholar.google.com/scholar?cites=10324142299094850253&as_sdt=2005&sciodt=0,5&hl=en",80,"2021-07-17 18:03:23","","10.1089/met.2011.0063","","",,,,,28,2.80,9,3,10,"… poor. There was a wide range of BMI and waist circumference. Two … or obese. 1 The group characteristics were similar to diabetic populations from Nigeria 29 and from primary health facilities in urban Soweto, South Africa. 30 …","https://www.ncbi.nlm.nih.gov/pmc/articles/pmc3225062/","https://scholar.google.com/scholar?q=related:zRoirLi4Ro8J:scholar.google.com/&scioq=%22waist+circumference%22+nigeria&hl=en&as_sdt=0,5&as_ylo=2011&as_yhi=2012&as_vis=1"
37,"OE Ayodele, AO Akinboro, SO Akinyemi…","Prevalence and clinical correlates of metabolic syndrome in Nigerians living with human immunodeficiency virus/acquired immunodeficiency syndrome",2012,"… syndrome and related …","liebertpub.com","https://www.liebertpub.com/doi/abs/10.1089/met.2012.0050","https://scholar.google.com/scholar?cites=3099325637911470907&as_sdt=2005&sciodt=0,5&hl=en",81,"2021-07-17 18:03:23","","10.1089/met.2012.0050","","",,,,,37,4.11,9,4,9,"… Prevalence and Clinical Correlates of Metabolic Syndrome in Nigerians Living with Human … Akintola University of Technology Teaching Hospital (LTH), Osogbo, Osun State, Nigeria … 19 Waist circumference (WC; centimeters) was measured without clothing at the midpoint …","","https://scholar.google.com/scholar?q=related:O2P5Kj8EAysJ:scholar.google.com/&scioq=%22waist+circumference%22+nigeria&hl=en&as_sdt=0,5&as_ylo=2011&as_yhi=2012&as_vis=1"
93,"JK Chiang, M Koo","Lipid accumulation product: a simple and accurate index for predicting metabolic syndrome in Taiwanese people aged 50 and over",2012,"BMC cardiovascular disorders","Springer","https://link.springer.com/article/10.1186/1471-2261-12-78","https://scholar.google.com/scholar?cites=4655461326167907219&as_sdt=2005&sciodt=0,5&hl=en",82,"2021-07-17 18:03:23","HTML","10.1186/1471-2261-12-78","","",,,,,93,10.33,47,2,9,"… Furthermore, the use of triglyceride levels in combination with waist circumference, termed hypertriglyceridemic waist, has been shown to be able to identify individuals with … Moreover, a study of 40 Nigerian geriatric males reported an AUC of 0.937 for LAP in predicting MS [29] …","https://link.springer.com/article/10.1186/1471-2261-12-78","https://scholar.google.com/scholar?q=related:k5vOE2mFm0AJ:scholar.google.com/&scioq=%22waist+circumference%22+nigeria&hl=en&as_sdt=0,5&as_ylo=2011&as_yhi=2012&as_vis=1"
5,"JO Ojo, OO Oketayo, AO Aboderin…","Evaluation of Nutritional Status Using Body Fat, Physiological and Biochemical Parameters in Some Nigerian Women",2011,"Nutrition and …","journals.sagepub.com","https://journals.sagepub.com/doi/abs/10.1177/026010601102000404","https://scholar.google.com/scholar?cites=10324670189066712388&as_sdt=2005&sciodt=0,5&hl=en",83,"2021-07-17 18:03:23","","10.1177/026010601102000404","","",,,,,5,0.50,1,4,10,"… which until recently (2004 at the time of the sampling of this work) was the only available petrol in Nigeria. Since little or no work had been done on women of low socio-economic background, the comprehensive assessment of the nutritional status of 62 Nigerian women have …","","https://scholar.google.com/scholar?q=related:RPViotWYSI8J:scholar.google.com/&scioq=%22waist+circumference%22+nigeria&hl=en&as_sdt=0,5&as_ylo=2011&as_yhi=2012&as_vis=1"
397,"ME Hendriks, FWNM Wit, MTL Roos, LM Brewster…","Hypertension in sub-Saharan Africa: cross-sectional surveys in four rural and urban communities",2012,"PloS one","journals.plos.org","https://journals.plos.org/plosone/article?id=10.1371/journal.pone.0032638","https://scholar.google.com/scholar?cites=1687394907472695317&as_sdt=2005&sciodt=0,5&hl=en",84,"2021-07-17 18:03:23","HTML","","","",,,,,397,44.11,79,5,9,"… Body weight, height, waist circumference and blood pressure measurements, and a finger prick (venepuncture in Kenya) for blood testing (glucose, cholesterol … left arm after at least 5 minutes of rest using a validated automatic blood pressure device (Nigeria, Kenya, Tanzania …","https://journals.plos.org/plosone/article?id=10.1371/journal.pone.0032638","https://scholar.google.com/scholar?q=related:FZC2Z7rUahcJ:scholar.google.com/&scioq=%22waist+circumference%22+nigeria&hl=en&as_sdt=0,5&as_ylo=2011&as_yhi=2012&as_vis=1"
29,"OCA Okoye, E Oviasu, L Ojogwu","Prevalence of chronic kidney disease and its risk factors amongst adults in a rural population in Edo State, Nigeria",2011,"Journal of US-China medical …","researchgate.net","https://www.researchgate.net/profile/Mithat-Gunaydin/publication/264788297_'Idiopathic_Fibrotic_Pancreatitis_A_Rare_Case_Presentation''/links/5649ca0708ae9f9c13ec9d99/Idiopathic-Fibrotic-Pancreatitis-A-Rare-Case-Presentation.pdf#page=28","https://scholar.google.com/scholar?cites=2827493963053126370&as_sdt=2005&sciodt=0,5&hl=en",85,"2021-07-17 18:03:23","PDF","","","",,,,,29,2.90,10,3,10,"… Body fat percentage of> 32%, for females and> 25% for males, waist circumference> 102 cm … disease: A community based study, A presentation at the AFRAN Congress, Abuja, Nigeria … [38] VO Oviasu, Arterial blood pressure and hypertension in a rural Nigerian community, Afr …","https://www.researchgate.net/profile/Mithat-Gunaydin/publication/264788297_'Idiopathic_Fibrotic_Pancreatitis_A_Rare_Case_Presentation''/links/5649ca0708ae9f9c13ec9d99/Idiopathic-Fibrotic-Pancreatitis-A-Rare-Case-Presentation.pdf#page=28","https://scholar.google.com/scholar?q=related:4tJXWMdGPScJ:scholar.google.com/&scioq=%22waist+circumference%22+nigeria&hl=en&as_sdt=0,5&as_ylo=2011&as_yhi=2012&as_vis=1"
91,"CE Ekpenyong, U NE, EE Akpan…","Double burden, non-communicable diseases and risk factors evaluation in sub-Saharan Africa: The Nigerian experience",2012,"European Journal of …","ojs.ecsdev.org","http://www.ojs.ecsdev.org/index.php/ejsd/article/view/17","https://scholar.google.com/scholar?cites=18322434330960390304&as_sdt=2005&sciodt=0,5&hl=en",86,"2021-07-17 18:03:23","","","","",,,,,91,10.11,23,4,9,"… Ten thousand Nigerian die annually from injuries from road traffic accident (Chukwu … of Obesity and other associated non-communicable disease in Nigeria delivered by the … The participant's anthropometric variables (weight, height and waist circumference (WC)) were measured …","http://www.ojs.ecsdev.org/index.php/ejsd/article/download/17/11","https://scholar.google.com/scholar?q=related:oOhQlfJcRv4J:scholar.google.com/&scioq=%22waist+circumference%22+nigeria&hl=en&as_sdt=0,5&as_ylo=2011&as_yhi=2012&as_vis=1"
18,"OO Adeleye, AO Ogbera…","Latent Autoimmune Diabetes Mellitus in Adults (LADA) and it's characteristics in a subset of Nigerians initially managed for type 2 diabetes",2012,"International …","intarchmed.biomedcentral.com","https://intarchmed.biomedcentral.com/articles/10.1186/1755-7682-5-23","https://scholar.google.com/scholar?cites=17000461333586441775&as_sdt=2005&sciodt=0,5&hl=en",87,"2021-07-17 18:03:23","HTML","10.1186/1755-7682-5-23","","",,,,,18,2.00,6,3,9,"Latent autoimmune diabetes in adults (LADA) is an entity characterized by the presence of GAD autoantibodies. LADA is largely understudied and underreported amongst Nigerians with Diabetes Mellitus (DM). We undertook to document the Prevalence, clinical and biochemical …","https://intarchmed.biomedcentral.com/articles/10.1186/1755-7682-5-23","https://scholar.google.com/scholar?q=related:L_YutoLF7esJ:scholar.google.com/&scioq=%22waist+circumference%22+nigeria&hl=en&as_sdt=0,5&as_ylo=2011&as_yhi=2012&as_vis=1"
9,"OA Okeoghene, A Azenabor","Glycaemic indices and non-traditional biochemical cardiovascular disease markers in a diabetic population in Nigeria",2011,"Journal of the College of Physicians and …","jcpsp.pk","https://www.jcpsp.pk/archive/2011/Aug2011/03.pdf","https://scholar.google.com/scholar?cites=4821674617159045326&as_sdt=2005&sciodt=0,5&hl=en",88,"2021-07-17 18:03:23","PDF","","","",,,,,9,0.90,5,2,10,"… The study was approved by the Ethics Committee of the Lagos University Teaching Hospital of Ikeja in Lagos, Nigeria … The anthropometric measurements comprised of waist circumference, height and body weight, and the body mass index (BMI) was calculated as weight/height …","https://www.jcpsp.pk/archive/2011/Aug2011/03.pdf","https://scholar.google.com/scholar?q=related:zlBImoQH6kIJ:scholar.google.com/&scioq=%22waist+circumference%22+nigeria&hl=en&as_sdt=0,5&as_ylo=2011&as_yhi=2012&as_vis=1"
18,"A Ogbera, O Fasanmade, S Kalra","Menopausal symptoms and the metabolic syndrome in Nigerian women with type 2 diabetes mellitus",2011,"Climacteric","Taylor & Francis","https://www.tandfonline.com/doi/abs/10.3109/13697130903568526","https://scholar.google.com/scholar?cites=4654212732931209202&as_sdt=2005&sciodt=0,5&hl=en",89,"2021-07-17 18:03:23","","10.3109/13697130903568526","","",,,,,18,1.80,6,3,10,"… owned hospital located in Lagos, a state in the south-western region of Nigeria … the age of onset of menopause and the duration of diabetes mellitus, waist circumference and body mass … In a recent Nigerian report 33 on diabetes mellitus patients, reduced HDL cholesterol and …","","https://scholar.google.com/scholar?q=related:8vd2T9IVl0AJ:scholar.google.com/&scioq=%22waist+circumference%22+nigeria&hl=en&as_sdt=0,5&as_ylo=2011&as_yhi=2012&as_vis=1"
2,"AA Akintunde, OG Opadijo","Clustering of Metabolic Syndrome and Obstructive Sleep Apnoea-Syndrome Z among Adult Nigerians with Systemic Hypertension: Prevalence and Clinical …",2012,"Int J Cardiovasc Res 1: 5. doi: http://dx …","academia.edu","https://www.academia.edu/download/54653713/2324-8602-1-114.pdf","https://scholar.google.com/scholar?cites=8962607083189627333&as_sdt=2005&sciodt=0,5&hl=en",90,"2021-07-17 18:03:23","PDF","","","",,,,,2,0.22,1,2,9,"… e) Waist circumference >102 cm in men and >88 cm in women … It also shows that the prevalence of syndrome Z is significantly high among hypertensive subjects in Nigeria … 2006) Pattern of some risk factors for cardiovascular disease in untreated Nigerian hypertensive patients …","https://www.academia.edu/download/54653713/2324-8602-1-114.pdf","https://scholar.google.com/scholar?q=related:xenq_qeTYXwJ:scholar.google.com/&scioq=%22waist+circumference%22+nigeria&hl=en&as_sdt=0,5&as_ylo=2011&as_yhi=2012&as_vis=1"
27,"AP Doumatey, J Zhou, H Huang, J Adeleye…","Circulating adiponectin is associated with renal function independent of age and serum lipids in west africans",2012,"International journal of …","hindawi.com","https://www.hindawi.com/journals/ijn/2012/730920/","https://scholar.google.com/scholar?cites=6176070461995905311&as_sdt=2005&sciodt=0,5&hl=en",91,"2021-07-17 18:03:23","HTML","","","",,,,,27,3.00,5,5,9,"… Briefly, the AADM study was conducted in three centers in Nigeria (Enugu, Ibadan, and Lagos) and two centers in Ghana (Accra and Kumasi) as part … The study used standardized protocols for anthropometric (height, weight, and waist circumference) and clinical measurements …","https://www.hindawi.com/journals/ijn/2012/730920/","https://scholar.google.com/scholar?q=related:H3EM61zPtVUJ:scholar.google.com/&scioq=%22waist+circumference%22+nigeria&hl=en&as_sdt=0,5&as_ylo=2011&as_yhi=2012&as_vis=1"
0,"SN Akarolo-Anthony…","Evaluation of early body shape for epidemiological research in absence of objective measurements",2012,"BMC …","bmcproc.biomedcentral.com","https://bmcproc.biomedcentral.com/articles/10.1186/1753-6561-6-S3-P70","",92,"2021-07-17 18:03:23","","10.1186/1753-6561-6-S3-P70","","",,,,,0,0.00,0,2,9,"… Methods. 1058 workers at a government office in Nigeria were enrolled in a study of body size, dietary energy intake and physical activity … characteristics, the body images correlated most strongly with BMI (r = 0.56, p-value < 0.001) but less so with waist circumference (r = 0.33 …","",""
31,"BN Okeahialam, C Ogbonna, AE Otokwula…","Cardiovascular epidemiological transition in a rural habitat of Nigeria: the case of Mangu Local Government Area",2012,"West African journal of …","ajol.info","https://www.ajol.info/index.php/wajm/article/view/103959","https://scholar.google.com/scholar?cites=5993012694971061274&as_sdt=2005&sciodt=0,5&hl=en",93,"2021-07-17 18:03:23","","","","",,,,,31,3.44,8,4,9,"… Waist circumference – Taken using flexible tape at the level of the mid point between the ribs and … DISCUSSION The subjects were population based samples of Nigerian adult men and women (15 years and above) who live in North Central Nigeria rural communities of …","https://www.ajol.info/index.php/wajm/article/download/103959/94073","https://scholar.google.com/scholar?q=related:GhQoMkt1K1MJ:scholar.google.com/&scioq=%22waist+circumference%22+nigeria&hl=en&as_sdt=0,5&as_ylo=2011&as_yhi=2012&as_vis=1"
14,"A Eregie, BC Unadike","Factors associated with self-monitoring of glycaemic control among persons with diabetes in Benin City, Nigeria",2011,"Afr J Diab Med","africanjournalofdiabetesmedicine …","https://www.africanjournalofdiabetesmedicine.com/articles/Factors.pdf","https://scholar.google.com/scholar?cites=13216410699736569349&as_sdt=2005&sciodt=0,5&hl=en",94,"2021-07-17 18:03:23","PDF","","","",,,,,14,1.40,7,2,10,"… We advocate the inclusion of blood glucose meters, blood glucose test strips and urine test strips in the health insurance programme in Nigeria to ease the … Age (years) 51±13 58±13 NS Body mass index (kg/m2) 24.8±3.8 26.8±4.5 NS Waist circumference (cm) 88±11 94±11 NS …","https://www.africanjournalofdiabetesmedicine.com/articles/Factors.pdf","https://scholar.google.com/scholar?q=related:BVZ4A4IfarcJ:scholar.google.com/&scioq=%22waist+circumference%22+nigeria&hl=en&as_sdt=0,5&as_ylo=2011&as_yhi=2012&as_vis=1"
81,"MH Fawzi, MM Fawzi, MM Fawzi, NS Said","C-reactive protein serum level in drug-free male Egyptian patients with schizophrenia",2011,"Psychiatry research","Elsevier","https://www.sciencedirect.com/science/article/pii/S0165178111003763","https://scholar.google.com/scholar?cites=11737902417743134006&as_sdt=2005&sciodt=0,5&hl=en",95,"2021-07-17 18:03:23","","","","",,,,,81,8.10,20,4,10,"… A small African study from Nigeria involving 8 subjects with acute functional psychoses … with schizophrenia stabilized on antipsychotics and, contrary to the two Nigerian studies, CRP … also categorized into those with/without central obesity using a waist circumference ≥ 94 cm as …","https://www.academia.edu/download/48978784/j.psychres.2011.05.01020160919-16610-13pufl8.pdf","https://scholar.google.com/scholar?q=related:Nj3HEQ9o5aIJ:scholar.google.com/&scioq=%22waist+circumference%22+nigeria&hl=en&as_sdt=0,5&as_ylo=2011&as_yhi=2012&as_vis=1"
159,"CI Okafor","The metabolic syndrome in Africa: current trends",2012,"Indian journal of endocrinology and metabolism","ncbi.nlm.nih.gov","https://www.ncbi.nlm.nih.gov/pmc/articles/pmc3263198/","https://scholar.google.com/scholar?cites=12728658820051361527&as_sdt=2005&sciodt=0,5&hl=en",96,"2021-07-17 18:03:23","HTML","","","",,,,,159,17.67,159,1,9,"… appearing to be advanced compared to other African nations.[75] Among Nigerian adolescents, overweight … is at variance with the findings from the north-western Nigeria (Sokoto) where … obesity (using NCEP-ATP III and IDF definitions, based on waist circumference) was found …","https://www.ncbi.nlm.nih.gov/pmc/articles/pmc3263198/","https://scholar.google.com/scholar?q=related:995N7MFHpbAJ:scholar.google.com/&scioq=%22waist+circumference%22+nigeria&hl=en&as_sdt=0,5&as_ylo=2011&as_yhi=2012&as_vis=1"
5,"DE Jesuorobo, JO Odia, DI Uchenna","Left Ventricular Hypertrophy and Its Correlates in Chronic Kidney Disease Patients in a Nigerian Tertiary Hospital",2012,"International Journal of Internal …","Citeseer","https://citeseerx.ist.psu.edu/viewdoc/download?doi=10.1.1.1087.5832&rep=rep1&type=pdf","https://scholar.google.com/scholar?cites=8646255513606882144&as_sdt=2005&sciodt=0,5&hl=en",97,"2021-07-17 18:03:23","PDF","","","",,,,,5,0.56,2,3,9,"… Waist circumference was taken by the author at the part of the trunk located midway between the costal … In conclusion, this study shows that LVH occurs early in CKD in Nigerian patients and … There are numerous problems facing the health sector in Nigeria such as poor health …","https://citeseerx.ist.psu.edu/viewdoc/download?doi=10.1.1.1087.5832&rep=rep1&type=pdf","https://scholar.google.com/scholar?q=related:YAPNbZSr_XcJ:scholar.google.com/&scioq=%22waist+circumference%22+nigeria&hl=en&as_sdt=0,5&as_ylo=2011&as_yhi=2012&as_vis=1"
1,"AA Popoola, ON Salawu, AL Babata, SA Kuranga…","Machinery penile injuries associated with traditional trousers of the Yoruba of South-western Nigeria: A consideration for proper work clothes",2012,"African Journal of …","Elsevier","https://www.sciencedirect.com/science/article/pii/S1110570412000021","https://scholar.google.com/scholar?cites=15100069434765659551&as_sdt=2005&sciodt=0,5&hl=en",98,"2021-07-17 18:03:23","HTML","","","",,,,,1,0.11,0,5,9,"… reinforced by these two case reports of injuries related to the traditional trousers of the Yoruba tribe of the south-western part of Nigeria … The draw-string is usually longer than the waist circumference and the excess length usually dangles between the thighs, if not tucked in into …","https://www.sciencedirect.com/science/article/pii/S1110570412000021","https://scholar.google.com/scholar?q=related:n83wtiU5jtEJ:scholar.google.com/&scioq=%22waist+circumference%22+nigeria&hl=en&as_sdt=0,5&as_ylo=2011&as_yhi=2012&as_vis=1"
64,"AP Kengne, SN Limen, E Sobngwi…","Metabolic syndrome in type 2 diabetes: comparative prevalence according to two sets of diagnostic criteria in sub-Saharan Africans",2012,"Diabetology & metabolic …","Springer","https://link.springer.com/article/10.1186/1758-5996-4-22","https://scholar.google.com/scholar?cites=3136280791935005519&as_sdt=2005&sciodt=0,5&hl=en",99,"2021-07-17 18:03:23","HTML","10.1186/1758-5996-4-22","","",,,,,64,7.11,16,4,9,"… by Isezuo and Ezunu among diabetic patients at the Usmanu Danfodiyo University Teaching Hospital, Northwestern Nigeria in 2002 … definition with no obligatory component, it also explicitly recognized two facts: 1) the abdominal obesity (waist circumference) component should …","https://link.springer.com/article/10.1186/1758-5996-4-22","https://scholar.google.com/scholar?q=related:T7Mqd8NOhisJ:scholar.google.com/&scioq=%22waist+circumference%22+nigeria&hl=en&as_sdt=0,5&as_ylo=2011&as_yhi=2012&as_vis=1"
0,"O Kayode, O Odukoya, I Odeniyi…","Pattern of chronic complications among Nigerian patients with DM: the need for focused prevention initiatives",2012,"Endocrine …","endocrine-abstracts.org","https://www.endocrine-abstracts.org/ea/0029/ea0029p624","",100,"2021-07-17 18:03:23","","","","",,,,,0,0.00,0,4,9,"… Lagos, Nigeria; 2 College of Medicine, University of Lagos, Idi-Araba, Lagos, Nigeria. Introduction: The prevalence of diabetes mellitus among Nigerian adults has been increasing over … the presence of co-existing hypertension and a higher waist circumference were significantly …","",""
44,"EP Odum, AA Ejilemele, VC Wakwe","Antioxidant status of type 2 diabetic patients in Port Harcourt, Nigeria",2012,"Nigerian journal of clinical practice","ajol.info","https://www.ajol.info/index.php/njcp/article/view/75793","https://scholar.google.com/scholar?cites=15614540725054087943&as_sdt=2005&sciodt=0,5&hl=en",101,"2021-07-17 18:03:23","","","","",,,,,44,4.89,15,3,9,"… Nigeria … P value Age (years) Waist circumference (cm) Body mass index (kg/m2) Systolic blood pressure (mmHg) Diastolic blood pressure (mmHg) 54.33 ± 9.09 99.33 ± 10.85 28.72 ± 5.12 138.77 ± 22.05 … 58 Nigerian Journal of Clinical Practice •Jan-Mar 2012 • Vol 15 • Issue 1 …","https://www.ajol.info/index.php/njcp/article/view/75793/66310","https://scholar.google.com/scholar?q=related:ByO4Xw_-sdgJ:scholar.google.com/&scioq=%22waist+circumference%22+nigeria&hl=en&as_sdt=0,5&as_ylo=2011&as_yhi=2012&as_vis=1"
16,"AA Akintunde, OO Okunola, R Oluyombo…","Snoring and obstructive sleep apnoea syndrome among hypertensive Nigerians: prevalence and clinical correlates",2012,"Pan African Medical …","ajol.info","https://www.ajol.info/index.php/pamj/article/view/82074","https://scholar.google.com/scholar?cites=7783429062455997613&as_sdt=2005&sciodt=0,5&hl=en",102,"2021-07-17 18:03:23","","","","",,,,,16,1.78,4,4,9,"… such as age, body weight in kilograms, height in meters, waist circumference hip circumference … is a commonly prevalent associated condition among hypertensive subjects in Osogbo, Nigeria … apnoea can further reduce the cardiovascular risk of hypertensive Nigerian subjects …","https://www.ajol.info/index.php/pamj/article/view/82074/72227","https://scholar.google.com/scholar?q=related:rTQkcn5LBGwJ:scholar.google.com/&scioq=%22waist+circumference%22+nigeria&hl=en&as_sdt=0,5&as_ylo=2011&as_yhi=2012&as_vis=1"
9,"UA Fabian, MA Charles-Davies…","Leptin concentrations in African blacks with metabolic syndrome and type 2 diabetes mellitus",2011,"Journal of the US …","researchgate.net","https://www.researchgate.net/profile/Mithat-Gunaydin/publication/264788297_'Idiopathic_Fibrotic_Pancreatitis_A_Rare_Case_Presentation''/links/5649ca0708ae9f9c13ec9d99/Idiopathic-Fibrotic-Pancreatitis-A-Rare-Case-Presentation.pdf#page=50","https://scholar.google.com/scholar?cites=15097767399290790496&as_sdt=2005&sciodt=0,5&hl=en",103,"2021-07-17 18:03:23","PDF","","","",,,,,9,0.90,3,3,10,"… Index (kg/m2) 0.326, 0. 029* 0.434, 0.002* 0.527, 0.000* Waist Circumference (cm) 0.231 … of cardiometabolic risk factors among a rural Yoruba south-western Nigerian population: A … Salawu, Prevalence of metabolic syndrome in a rural community in Nigeria, Metabolic Syndrome …","https://www.researchgate.net/profile/Mithat-Gunaydin/publication/264788297_'Idiopathic_Fibrotic_Pancreatitis_A_Rare_Case_Presentation''/links/5649ca0708ae9f9c13ec9d99/Idiopathic-Fibrotic-Pancreatitis-A-Rare-Case-Presentation.pdf#page=50","https://scholar.google.com/scholar?q=related:YGIzUHULhtEJ:scholar.google.com/&scioq=%22waist+circumference%22+nigeria&hl=en&as_sdt=0,5&as_ylo=2011&as_yhi=2012&as_vis=1"
23,"RA Akinola, OA Ogbera…","Mammograms and breast arterial calcifications: looking beyond breast cancer: a preliminary report",2011,"BMC …","bmcresnotes.biomedcentral.com","https://bmcresnotes.biomedcentral.com/articles/10.1186/1756-0500-4-207","https://scholar.google.com/scholar?cites=8706665140232198566&as_sdt=2005&sciodt=0,5&hl=en",104,"2021-07-17 18:03:23","HTML","10.1186/1756-0500-4-207","","",,,,,23,2.30,8,3,10,"To find out the prevalence, clinical and biochemical correlates of Breast Artery Calcification (BAC) in the Nigerian women. This is a cross sectional study involving 54 consecutive adult female subjects sent to the Radiology Department of the Lagos State University Teaching Hospital …","https://bmcresnotes.biomedcentral.com/articles/10.1186/1756-0500-4-207","https://scholar.google.com/scholar?q=related:phnRrdBJ1HgJ:scholar.google.com/&scioq=%22waist+circumference%22+nigeria&hl=en&as_sdt=0,5&as_ylo=2011&as_yhi=2012&as_vis=1"
12,"AO Ogbera","Relationship between serum testosterone levels and features of the metabolic syndrome defining criteria in patients with type 2 diabetes mellitus",2011,"West African journal of medicine","ajol.info","https://www.ajol.info/index.php/wajm/article/view/77449","https://scholar.google.com/scholar?cites=13122125009349879715&as_sdt=2005&sciodt=0,5&hl=en",105,"2021-07-17 18:03:23","","","","",,,,,12,1.20,12,1,10,"… density lipoprotein cholesterol; TC, Total cholesterol; TG, Triglyceride; WC, Waist circumference; METS, Metabolic … potential relationship between hypogonadism and the metabolic syndrome in Nigerian men with … urban hospital in Lagos state in South Western region of Nigeria …","https://www.ajol.info/index.php/wajm/article/view/77449/67895","https://scholar.google.com/scholar?q=related:o6eRCCwnG7YJ:scholar.google.com/&scioq=%22waist+circumference%22+nigeria&hl=en&as_sdt=0,5&as_ylo=2011&as_yhi=2012&as_vis=1"
118,"A Tran, B Gelaye, B Girma, S Lemma…","Prevalence of metabolic syndrome among working adults in Ethiopia",2011,"International journal of …","hindawi.com","https://www.hindawi.com/journals/ijht/2011/193719/abs/","https://scholar.google.com/scholar?cites=8090675290732235149&as_sdt=2005&sciodt=0,5&hl=en",106,"2021-07-17 18:03:23","HTML","","","",,,,,118,11.80,24,5,10,"… Waist circumference … in their study among rural Nigerians reported a 12.1% prevalence of MetS [29]. Our prevalence estimates are higher than what was reported in Cameroon and rural Nigeria [26, 29] but lower than Seychelles and Tanzania [11, 28] …","https://www.hindawi.com/journals/ijht/2011/193719/abs/","https://scholar.google.com/scholar?q=related:jQkgiU_aR3AJ:scholar.google.com/&scioq=%22waist+circumference%22+nigeria&hl=en&as_sdt=0,5&as_ylo=2011&as_yhi=2012&as_vis=1"
5,"PM Kolo, EO Sanya, AB Omotoso…","Left ventricular hypertrophy is associated with diastolic filling alterations in normotensive offspring of hypertensive Nigerians",2012,"International …","downloads.hindawi.com","https://downloads.hindawi.com/archive/2012/256738.pdf","https://scholar.google.com/scholar?cites=7635634249560489599&as_sdt=2005&sciodt=0,5&hl=en",107,"2021-07-17 18:03:23","PDF","","","",,,,,5,0.56,1,4,9,"… Department of Medicine, University of Ilorin Teaching Hospital, PMB 1459, Ilorin, Nigeria … mass index, LVHE: electrocardiographic left ventricular hypertrophy, WC: waist circumference, AOD: aortic … of left ventricular diastolic function in cardiovascular disease,” Nigerian Journal of …","https://downloads.hindawi.com/archive/2012/256738.pdf","https://scholar.google.com/scholar?q=related:f_7bB-U492kJ:scholar.google.com/&scioq=%22waist+circumference%22+nigeria&hl=en&as_sdt=0,5&as_ylo=2011&as_yhi=2012&as_vis=1"
2,"J Volmink","O1-6.4 Partnership for Cohort Research and Training (PaCT): pilot study, South Africa",2011,"Journal of Epidemiology & Community Health","jech.bmj.com","https://jech.bmj.com/content/65/Suppl_1/A18.2.short","https://scholar.google.com/scholar?cites=1034304886308716225&as_sdt=2005&sciodt=0,5&hl=en",108,"2021-07-17 18:03:23","","","","",,,,,2,0.20,2,1,10,"… PaCT includes scientists from universities in South Africa, Uganda, Tanzania, Nigeria, as well as Harvard University … completed consent forms, teachers were visited at the schools by trained nurses who took physical measurements (weight, height, waist circumference and blood …","","https://scholar.google.com/scholar?q=related:wb7hadCWWg4J:scholar.google.com/&scioq=%22waist+circumference%22+nigeria&hl=en&as_sdt=0,5&as_ylo=2011&as_yhi=2012&as_vis=1"
6,"PC Emem-Chioma, IM Siminialayi…","Prevalence of chronic kidney disease in adults with metabolic syndrome",2011,"Saudi Journal of Kidney …","sjkdt.org","https://www.sjkdt.org/article.asp?issn=1319-2442;year=2011;volume=22;issue=5;spage=949;epage=954;aulast=Emem-Chioma","https://scholar.google.com/scholar?cites=5279931977679245201&as_sdt=2005&sciodt=0,5&hl=en",109,"2021-07-17 18:03:23","HTML","","","",,,,,6,0.60,2,3,10,"… the height in meters squared, ie weight (kg)/height (m) 2 . Waist circumference (WC) of … The pathological basis of end- stage renal disease in Nigerians: experience from Benin City … Sciences, College of Health Sciences, University of Port Harcourt, Port Harcourt Nigeria Login to …","https://www.sjkdt.org/article.asp?issn=1319-2442;year=2011;volume=22;issue=5;spage=949;epage=954;aulast=Emem-Chioma","https://scholar.google.com/scholar?q=related:kQ_MzygWRkkJ:scholar.google.com/&scioq=%22waist+circumference%22+nigeria&hl=en&as_sdt=0,5&as_ylo=2011&as_yhi=2012&as_vis=1"
17,"SS Al-Sharbatti, RB Shaikh, E Mathew…","The use of obesity indicators for the prediction of hypertension risk among youth in the United Arab Emirates",2011,"Iranian journal of …","ncbi.nlm.nih.gov","https://www.ncbi.nlm.nih.gov/pmc/articles/PMC3481645/","https://scholar.google.com/scholar?cites=15337699951367317166&as_sdt=2005&sciodt=0,5&hl=en",110,"2021-07-17 18:03:23","HTML","","","",,,,,17,1.70,4,4,10,"… The BMI is used as an indicator of overall adiposity, whereas waist circumference (WC) has been advocated as an indicator of abdominal obesity … Reported data showed a strong gradient between higher BMI and increased risk of hypertension among all ages in Nigeria (18) …","https://www.ncbi.nlm.nih.gov/pmc/articles/PMC3481645/","https://scholar.google.com/scholar?q=related:rmbG2Nd02tQJ:scholar.google.com/&scioq=%22waist+circumference%22+nigeria&hl=en&as_sdt=0,5&as_ylo=2011&as_yhi=2012&as_vis=1"
0,"N Azinge, CO Anizor","Obesity and Hypertension, Prevalence and Correlates among Patients Seen in a Tertiary Hospital in South-south Nigeria",2012,"African Journal of Tropical Medicine and …","ajtmbr.org.ng","https://ajtmbr.org.ng/index.php/home/article/view/14","",111,"2021-07-17 18:03:23","HTML","","","",,,,,0,0.00,0,2,9,"… Pattern of some risk factors for cardiovascular diseases is untreated Nigerian Hypertensive patients … indicators with blood pressure levels and the risk of hypertension in Nigeria adults … The prevalence of obesity as indicated by BMI and waist circumference among Nigerian adults …","https://ajtmbr.org.ng/index.php/home/article/view/14","https://scholar.google.com/scholar?q=related:aWU1nJBwtL4J:scholar.google.com/&scioq=%22waist+circumference%22+nigeria&hl=en&as_sdt=0,5&as_ylo=2011&as_yhi=2012&as_vis=1"
3,"CECC Ejike, CO Ezebuiro","CARDIOMETABOLIC RISK FACTORS'PREVALENCE IN A POPULATION OF GERIATRICS WITH ELEVATED SERUM PROSTATE SPECIFIC ANTIGEN …",2011,"Continental Journal of Medical Research","Citeseer","https://citeseerx.ist.psu.edu/viewdoc/download?doi=10.1.1.367.8215&rep=rep1&type=pdf","https://scholar.google.com/scholar?cites=15779534766797456255&as_sdt=2005&sciodt=0,5&hl=en",112,"2021-07-17 18:03:23","PDF","","","",,,,,3,0.30,2,2,10,"… our knowledge) on the prevalence of cardiometabolic risk factors in Nigerian men with … Urology Clinic at the Federal Medical Center Umuahia, Abia State, Nigeria were recruited … The waist circumference (WC) and hip circumference (HC) of each participant were also measured …","https://citeseerx.ist.psu.edu/viewdoc/download?doi=10.1.1.367.8215&rep=rep1&type=pdf","https://scholar.google.com/scholar?q=related:f4PjT0Qr_NoJ:scholar.google.com/&scioq=%22waist+circumference%22+nigeria&hl=en&as_sdt=0,5&as_ylo=2011&as_yhi=2012&as_vis=1"
15,"SM Ross","African mango (IGOB131): a proprietary seed extract of Irvingia gabonensis is found to be effective in reducing body weight and improving metabolic parameters in …",2011,"Holistic nursing practice","journals.lww.com","https://journals.lww.com/hnpjournal/fulltext/2011/07000/African_Mango__IGOB131___A_Proprietary_Seed.8.aspx","https://scholar.google.com/scholar?cites=15679078209927579696&as_sdt=2005&sciodt=0,5&hl=en",113,"2021-07-17 18:03:23","","","","",,,,,15,1.50,15,1,10,"You may be trying to access this site from a secured browser on the server. Please enable scripts and reload this page. Log in Your account has been temporarily locked Your account has been temporarily locked due to incorrect …","","https://scholar.google.com/scholar?q=related:MAhNhI9Gl9kJ:scholar.google.com/&scioq=%22waist+circumference%22+nigeria&hl=en&as_sdt=0,5&as_ylo=2011&as_yhi=2012&as_vis=1"
1,"VS Voruganti, AG Comuzzie","Value of Waist Circumference in Metabolic Diseases",2012,"Handbook of Anthropometry","Springer","https://link.springer.com/chapter/10.1007/978-1-4419-1788-1_119","https://scholar.google.com/scholar?cites=11379790340020089424&as_sdt=2005&sciodt=0,5&hl=en",114,"2021-07-17 18:03:23","","10.1007/978-1-4419-1788-1_119","","",,,,,1,0.11,1,2,9,"… Adiposity and quality of life: a case study from an urban center in Nigeria. J Nutr Educ Behav … 2000;1:47–56.Google Scholar. Burns SF, Arslanian SA. Waist circumference, atherogenic lipoproteins, and vascular smooth muscle biomarkers in children. J Clin Endocrinol Metab …","","https://scholar.google.com/scholar?q=related:ULJRgwUj7Z0J:scholar.google.com/&scioq=%22waist+circumference%22+nigeria&hl=en&as_sdt=0,5&as_ylo=2011&as_yhi=2012&as_vis=1"
12,"AC Nsonwu-Anyanwu, MA Charles-Davies…","chlamydial infection, plasma peroxidation and obesity in tubal Infertility",2011,"Annals of Ibadan …","ajol.info","https://www.ajol.info/index.php/aipm/article/view/73449","https://scholar.google.com/scholar?cites=6028059251997823020&as_sdt=2005&sciodt=0,5&hl=en",115,"2021-07-17 18:03:23","","","","",,,,,12,1.20,4,3,10,"… of Chlamydial infection, obesity and oxidative response with tubal infertility in Nigerian women … control study was conducted in the University College Hospital (UCH), Ibadan, Nigeria … In infertile women, waist circumference (p-0.006) and hip circumference (p<0.001), respectively …","https://www.ajol.info/index.php/aipm/article/download/73449/62366","https://scholar.google.com/scholar?q=related:LFBWoPP3p1MJ:scholar.google.com/&scioq=%22waist+circumference%22+nigeria&hl=en&as_sdt=0,5&as_ylo=2011&as_yhi=2012&as_vis=1"
7,"OP García, M del Rocío Arellano…","Simple anthropometric measurements to predict dyslipidemias in Mexican school-age children: a cross-sectional study",2011,"Open Journal of …","scirp.org","https://www.scirp.org/html/8513.html","https://scholar.google.com/scholar?cites=14933930478271399759&as_sdt=2005&sciodt=0,5&hl=en",116,"2021-07-17 18:03:23","HTML","","","",,,,,7,0.70,2,3,10,"… and waist circumference among Nigerian adults attend-. ing family medicine clinics as outpatients in Rivers State. Nigerian Journal of Medicine: Journal of the National. Association of Resident Doctors of Nigeria, 17, 340-345. [14] Hubert, H., Guinhouya, CB, Allard, L., et al …","https://www.scirp.org/html/8513.html","https://scholar.google.com/scholar?q=related:Twe_iaX6P88J:scholar.google.com/&scioq=%22waist+circumference%22+nigeria&hl=en&as_sdt=0,5&as_ylo=2011&as_yhi=2012&as_vis=1"
61,"BD Power, H Alfonso, L Flicker, GJ Hankey, BB Yeap…","Body adiposity in later life and the incidence of dementia: the health in men study",2011,"PloS one","journals.plos.org","https://journals.plos.org/plosone/article?id=10.1371/journal.pone.0017902","https://scholar.google.com/scholar?cites=845734922703228167&as_sdt=2005&sciodt=0,5&hl=en",117,"2021-07-17 18:03:23","HTML","","","",,,,,61,6.10,10,6,10,"… Methods. Cohort study of 12,047 men aged 65–84 years living in Perth, Australia. Adiposity exposures were baseline body mass index (BMI), waist circumference (WC) and waist-to-hip ratio (WHR) … Waist circumference showed no obvious association with dementia hazard …","https://journals.plos.org/plosone/article?id=10.1371/journal.pone.0017902","https://scholar.google.com/scholar?q=related:B03eaW6nvAsJ:scholar.google.com/&scioq=%22waist+circumference%22+nigeria&hl=en&as_sdt=0,5&as_ylo=2011&as_yhi=2012&as_vis=1"
38,"AO Ogbera, S Kuku, O Dada","The metabolic syndrome in thyroid disease: A report from Nigeria",2012,"Indian journal of endocrinology and …","ncbi.nlm.nih.gov","https://www.ncbi.nlm.nih.gov/pmc/articles/pmc3354852/","https://scholar.google.com/scholar?cites=17365945631876706544&as_sdt=2005&sciodt=0,5&hl=en",118,"2021-07-17 18:03:23","HTML","","","",,,,,38,4.22,13,3,9,"… The waist circumference (WC) was measured at a point midway between the lilac crest and the lower … 29] and the 59% rate reported in the general population among Nigerians.[30 … AO, Fasanmade O, Adediran O. Pattern of thyroid disorders in the SouthWestern region of Nigeria …","https://www.ncbi.nlm.nih.gov/pmc/articles/pmc3354852/","https://scholar.google.com/scholar?q=related:8PDBIIs7APEJ:scholar.google.com/&scioq=%22waist+circumference%22+nigeria&hl=en&as_sdt=0,5&as_ylo=2011&as_yhi=2012&as_vis=1"
0,"WA Oyeyemi","Adienbo OM Hart, VO",,"pdfs.semanticscholar.org","","https://pdfs.semanticscholar.org/9288/af6d11b2cf74a458b5cf9d4768d55868132b.pdf","",119,"2021-07-17 18:03:23","PDF","","","",,,,,0,0.00,0,1,,"… The prevalence of abdominal obesity and hypertension amongst adults in Ogbomoso, Nigeria … The prevalence of obesity as indicated by BMI and waist circumference among Nigerian adults attending Family Medicine clinics as outpatients in Rivers State. Niger J Med …","https://pdfs.semanticscholar.org/9288/af6d11b2cf74a458b5cf9d4768d55868132b.pdf","https://scholar.google.com/scholar?q=related:MK8wjOjWyuoJ:scholar.google.com/&scioq=%22waist+circumference%22+nigeria&hl=en&as_sdt=0,5&as_ylo=2011&as_yhi=2012&as_vis=1"
0,"A Ogbera, A Azenabor","Inflammatory markers are not strongly associated with the metabolic syndrome in type 2 DM",2011,"Society for Endocrinology BES …","endocrine-abstracts.org","https://www.endocrine-abstracts.org/ea/0025/ea0025p120","",120,"2021-07-17 18:03:23","","","","",,,,,0,0.00,0,2,10,"… 1 Lagos State University Teaching Hospital, Lagos, Nigeria; 2 Lagos University Teaching Hospital, Idi-araba, Lagos, Nigeria … Of the Mets defining criteria, waist circumference and TG were found to be significantly associated with only two of the studied cytokines, The correlation …","",""
0,"ET Adebayo, OA Ogunbiyi…","Nijerya Askeri Nüfusunda Obezite Prevalansı.",2011,"TAF Preventive …","search.ebscohost.com","http://search.ebscohost.com/login.aspx?direct=true&profile=ehost&scope=site&authtype=crawler&jrnl=1303734X&asa=Y&AN=67257121&h=wKYdolPjqaAXqZD88N2M2FXccGWPsxL%2Ffn4Cg9m8qBi3eYt6%2FeQCEShCKu8ss%2BOIrM2S0WbPb%2FGXXQY3DDBRZg%3D%3D&crl=c","",121,"2021-07-17 18:03:23","","","","",,,,,0,0.00,0,3,10,"… that there be enhanced provision of counselling on healthy eating habits, increased physical activity and the inclusion of waist circumference in the … They do not represent the views of the Nigerian Army, Ministry of Defence or any agency of the government of Nigeria …","","https://scholar.google.com/scholar?q=related:PC6cyxj08yUJ:scholar.google.com/&scioq=%22waist+circumference%22+nigeria&hl=en&as_sdt=0,5&as_ylo=2011&as_yhi=2012&as_vis=1"
0,"GS Yadav, RC Gupta, M Pandey","Assessment of the relative prevalence of different criteria of metabolic syndrome in a rural population of northern India",,"216.10.240.19","","http://216.10.240.19/v6-i5/56%20jmscr.pdf","",122,"2021-07-17 18:03:23","PDF","","","",,,,,0,0.00,0,3,,"… WC-Waist Circumference, BP-Blood Pressure, FPS-Fasting Plasma Sugar, FTG-Fasting Triglyceride, HDL-High … Similar results have also been reported from Nigeria [15] and the US [16] … of cardiometabolic risk factors among a rural Yoruba south-western Nigerian population …","http://216.10.240.19/v6-i5/56%20jmscr.pdf","https://scholar.google.com/scholar?q=related:WOLg9844v3UJ:scholar.google.com/&scioq=%22waist+circumference%22+nigeria&hl=en&as_sdt=0,5&as_ylo=2011&as_yhi=2012&as_vis=1"
39,"HS Lee, JC Lee, IK Lee, HB Moon, YS Chang…","Associations among Organochlorine Pesticides, Methanobacteriales, and Obesity in Korean Women",2011,"PloS one","journals.plos.org","https://journals.plos.org/plosone/article?id=10.1371/journal.pone.0027773","https://scholar.google.com/scholar?cites=11739714794691016154&as_sdt=2005&sciodt=0,5&hl=en",123,"2021-07-17 18:03:23","HTML","","","",,,,,39,3.90,7,6,10,"… Although Methanobacteriales in the gut has recently been linked to obesity, no study has examined the hypothesis that waist circumference, a marker of visceral obesity, are positively associated with Methanobacteriales in the general population … of waist circumference (n = 83) …","https://journals.plos.org/plosone/article?id=10.1371/journal.pone.0027773","https://scholar.google.com/scholar?q=related:2rX09WfY66IJ:scholar.google.com/&scioq=%22waist+circumference%22+nigeria&hl=en&as_sdt=0,5&as_ylo=2011&as_yhi=2012&as_vis=1"
1,"ZO Omogbadegun, CO Uwadia, CK Ayo…","Clinical Decision Diagnosis Support System for Complementary and Alternative Medicine Practitioners in Lifestyle-related Diseases Management",2011,"","eprints.covenantuniversity.edu.ng","http://eprints.covenantuniversity.edu.ng/770/","https://scholar.google.com/scholar?cites=9898344907243615089&as_sdt=2005&sciodt=0,5&hl=en",124,"2021-07-17 18:03:23","","","","",,,,,1,0.10,0,4,10,"… Technology, Covenant University, Ota, Ogun State, Nigeria 2Department of Computer Sciences, University of Lagos, Lagos, Nigeria 4Southern University … of modern time need currency and timeliness on computations of patients' body mass index, waist circumference and body …","http://eprints.covenantuniversity.edu.ng/770/1/OmogbadegunZO_AMA_IEEE_2011_Final_Submission_Conf_Clinical-Decision-Diagnosis-Support-System-CAM-Practitioners1.pdf","https://scholar.google.com/scholar?q=related:cXON3D_8XYkJ:scholar.google.com/&scioq=%22waist+circumference%22+nigeria&hl=en&as_sdt=0,5&as_ylo=2011&as_yhi=2012&as_vis=1"
6,"MG Taura","Evaluation of anthropometric status of Hausas of northern Nigeria",2011,"Bayero Journal of Pure and Applied Sciences","ajol.info","https://www.ajol.info/index.php/bajopas/article/view/75280","https://scholar.google.com/scholar?cites=1629549729559388593&as_sdt=2005&sciodt=0,5&hl=en",125,"2021-07-17 18:03:23","","","","",,,,,6,0.60,6,1,10,"… Obesity is measured using body mass index (BMI) or waist circumference … recommended that further studies be carried out to determine reference values of these parameters on other Nigerian tribes and … Proceedings of the 28th Annual Conference, Nutrition Society of Nigeria …","https://www.ajol.info/index.php/bajopas/article/view/75280/65844","https://scholar.google.com/scholar?q=related:saE4ZthSnRYJ:scholar.google.com/&scioq=%22waist+circumference%22+nigeria&hl=en&as_sdt=0,5&as_ylo=2011&as_yhi=2012&as_vis=1"
26,"AFM van Abeelen, SG Elias, TJ Roseboom…","Postnatal acute famine and risk of overweight: the dutch hungerwinter study",2012,"International journal of …","hindawi.com","https://www.hindawi.com/journals/ijpedi/2012/936509/","https://scholar.google.com/scholar?cites=12444043409322351595&as_sdt=2005&sciodt=0,5&hl=en",126,"2021-07-17 18:03:23","HTML","","","",,,,,26,2.89,7,4,9,"<i >Objective</i>. To examine the association between undernutrition during postnatal periods of development and the risk of overweight in adulthood. <i >Methods</i>. We studied 8091 women from Prospect-EPIC, exposed to the Dutch famine at ages between 0 and 21 years, recruited …","https://www.hindawi.com/journals/ijpedi/2012/936509/","https://scholar.google.com/scholar?q=related:6xszpowfsqwJ:scholar.google.com/&scioq=%22waist+circumference%22+nigeria&hl=en&as_sdt=0,5&as_ylo=2011&as_yhi=2012&as_vis=1"
6,"DT Goon, AL Toriola, BS Shaw, LO Amusa","Centripetal fat patterning in South African children",2011,"","pjms.com.pk","http://www.pjms.com.pk/index.php/pjms/article/view/1648","https://scholar.google.com/scholar?cites=6302863877722708651&as_sdt=2005&sciodt=0,5&hl=en",127,"2021-07-17 18:03:23","","","","",,,,,6,0.60,2,4,10,"… Centripetal fat patterning in Nigerian children … 9. McCarthy HD, Ashwell M. A study of central fatness using waist-to-height ratios in UK children and adolescents over two decades supports the simple message-keep your waist circumference to less than half your height …","http://www.pjms.com.pk/index.php/pjms/article/viewFile/1648/245","https://scholar.google.com/scholar?q=related:q5pNg01FeFcJ:scholar.google.com/&scioq=%22waist+circumference%22+nigeria&hl=en&as_sdt=0,5&as_ylo=2011&as_yhi=2012&as_vis=1"
43,"M Agirbasli, NB Agaoglu, O Ergonul…","Comparison of anthropometric indices in predicting metabolic syndrome components in children",2011,"… syndrome and related …","liebertpub.com","https://www.liebertpub.com/doi/abs/10.1089/met.2011.0018","https://scholar.google.com/scholar?cites=12768379766585862466&as_sdt=2005&sciodt=0,5&hl=en",128,"2021-07-17 18:03:23","","10.1089/met.2011.0018","","",,,,,43,4.30,11,4,10,"… Table 1. Comparison of Anthropometric Indices Among Subjects with Two or More or Less Than Two Metabolic Syndrome Risk Criteria (Other Than Waist Circumference) Median (Interquartile Range) Numbers Are Displayed a. Boys, Girls …","https://www.researchgate.net/profile/Mehmet-Agirbasli/publication/51561156_Comparison_of_Anthropometric_Indices_in_Predicting_Metabolic_Syndrome_Components_in_Children/links/579c634508ae5d5e1e149df4/Comparison-of-Anthropometric-Indices-in-Predicting-Metabolic-Syndrome-Components-in-Children.pdf","https://scholar.google.com/scholar?q=related:QqmieL9lMrEJ:scholar.google.com/&scioq=%22waist+circumference%22+nigeria&hl=en&as_sdt=0,5&as_ylo=2011&as_yhi=2012&as_vis=1"
64,"BN Birabi, P Dienye","Prevalence of low back pain among peasant farmers in a rural community in South South Nigeria",2012,"","rrh.org.au","https://www.rrh.org.au/Articles/printviewnew.asp?ArticleID=1920","https://scholar.google.com/scholar?cites=3610175091822592697&as_sdt=2005&sciodt=0,5&hl=en",129,"2021-07-17 18:03:23","HTML","","","",,,,,64,7.11,32,2,9,"… Nigerian Population Census … 17. Okosun IS, Cooper RS, Rotimi CN, Osotimehin B, Forrester T. Association of waist circumference with risk of hypertension and type 2 diabetes in Nigerians, Jamaicans, and African … Low back pain in a rural community in South West Nigeria …","https://www.rrh.org.au/Articles/printviewnew.asp?ArticleID=1920","https://scholar.google.com/scholar?q=related:uYIMVR7rGTIJ:scholar.google.com/&scioq=%22waist+circumference%22+nigeria&hl=en&as_sdt=0,5&as_ylo=2011&as_yhi=2012&as_vis=1"
41,"AO Ogbera, S Chinenye, O Fasanmade, W Ajala","Hypogonadism and subnormal total testosterone levels in men with type 2 diabetes mellitus",2011,"","ir.unilag.edu.ng","https://ir.unilag.edu.ng/handle/123456789/7742","https://scholar.google.com/scholar?cites=8443213936461022989&as_sdt=2005&sciodt=0,5&hl=en",130,"2021-07-17 18:03:23","","","","",,,,,41,4.10,10,4,10,"… clinical examination included body mass index (BMI) and waist circumference measurements. The waist … this technique is not available in Nigeria. Measuring … The prominent features of the testosterone deficiency syndrome in Nigerian men with type 2 DM are loss of …","https://ir.unilag.edu.ng/bitstream/handle/123456789/7742/Hypogonadism_and_subnormal_total_testost.pdf?isAllowed=y&sequence=1","https://scholar.google.com/scholar?q=related:DQdjVVdSLHUJ:scholar.google.com/&scioq=%22waist+circumference%22+nigeria&hl=en&as_sdt=0,5&as_ylo=2011&as_yhi=2012&as_vis=1"
0,"O Aderibigbe, P Pisa, R Mamabolo, S Kruger…","P2-351 Iron status and cardiovascular disease risk in black South African women: the pure study",2011,"… of Epidemiology & …","jech.bmj.com","https://jech.bmj.com/content/65/Suppl_1/A319.3.short","",131,"2021-07-17 18:03:23","","","","",,,,,0,0.00,0,5,10,"… jech.2011.142976k.82 AOL Adebiyi,* EO Cadmus, OK Ige, EA Bamgboye. Nigerian Tobacco Control Research Group, College of Medicine, University of Ibadan, Ibadan, Oyo State, Nigeria Background Patients advised to quit …","",""
0,"BB NWANKWO","Assessment of the blood pressure status, anthropometric and lifestyle characteristics of adults in Konduga, Borno State",2011,"PUBLIC HEALTH","dissertation.npmcn.edu.ng","http://www.dissertation.npmcn.edu.ng/index.php/FMCPH/article/view/2502","",132,"2021-07-17 18:03:23","","","","",,,,,0,0.00,0,1,10,"… BMI Body mass index WC Waist circumference WHR Waist to hip ratio … Nigeria One in every 10 Nigerians is hypertensive, the blood pressure rises with age in most Nigerian communities, in women it is usually more marked after 50 years of age.18 The …","http://www.dissertation.npmcn.edu.ng/index.php/FMCPH/article/download/2502/2410",""
8,"EAC Cemaluk, LU Ezeanyika","Effect of L-arginine on markers of metabolic syndrome related to abdominal obesity and disorder of lipid metabolism in female Wistar albino rats",2012,"Am J Biochem","Citeseer","http://citeseerx.ist.psu.edu/viewdoc/download?doi=10.1.1.1061.7727&rep=rep1&type=pdf","https://scholar.google.com/scholar?cites=16646053777250736783&as_sdt=2005&sciodt=0,5&hl=en",133,"2021-07-17 18:03:23","PDF","","","",,,,,8,0.89,4,2,9,"… Department of Biochemistry, University of Nigeria Nsukka, Enugu State, Nigeria … Exposing ARG to female rats evoked a non-significant increase (p>0.05) in waist circumference (13.00±0.84 cm) and waist:stature ratio (0.43±0.04) but a significant increase (p<0.01) in …","http://citeseerx.ist.psu.edu/viewdoc/download?doi=10.1.1.1061.7727&rep=rep1&type=pdf","https://scholar.google.com/scholar?q=related:j1oUQbepAucJ:scholar.google.com/&scioq=%22waist+circumference%22+nigeria&hl=en&as_sdt=0,5&as_ylo=2011&as_yhi=2012&as_vis=1"
0,"VO KELECHI-EBISIKE","INCIDENCE OF OBESITY AND ITS PREDISPOSITION TO METABOLIC SYNDROME AMONG FEMALE STUDENTS OF THE",2011,"","unn.edu.ng","https://www.unn.edu.ng/publications/files/images/KELECHI-EBISIKE,%20VIVIAN%20O..pdf","",134,"2021-07-17 18:03:23","PDF","","","",,,,,0,0.00,0,1,10,"… circumference measured at the navel (Wajchenberg, 2000), however, waist circumference measured at the … accepted among Nigerian women, as was seen in a study carried out in a university community in Western Nigeria …","https://www.unn.edu.ng/publications/files/images/KELECHI-EBISIKE,%20VIVIAN%20O..pdf","https://scholar.google.com/scholar?q=related:4GYhYE2l850J:scholar.google.com/&scioq=%22waist+circumference%22+nigeria&hl=en&as_sdt=0,5&as_ylo=2011&as_yhi=2012&as_vis=1"
39,"FKN Arthur, M Adu-Frimpong…","Prediction of metabolic syndrome among postmenopausal Ghanaian women using obesity and atherogenic markers",2012,"Lipids in Health …","lipidworld.biomedcentral.com","https://lipidworld.biomedcentral.com/articles/10.1186/1476-511X-11-101","https://scholar.google.com/scholar?cites=6945579530786018130&as_sdt=2005&sciodt=0,5&hl=en",135,"2021-07-17 18:03:23","HTML","10.1186/1476-511X-11-101","","",,,,,39,4.33,13,3,9,"Metabolic syndrome (MetS) is an important health problem which puts individuals at risk for cardiovascular diseases and type 2 diabetes as well as obesity-related cancers such as colon and renal cell in men, and endometrial and oesophageal in women. This study was aimed at …","https://lipidworld.biomedcentral.com/articles/10.1186/1476-511X-11-101","https://scholar.google.com/scholar?q=related:UpO5s8inY2AJ:scholar.google.com/&scioq=%22waist+circumference%22+nigeria&hl=en&as_sdt=0,5&as_ylo=2011&as_yhi=2012&as_vis=1"
0,"AS DAZUMI","… MICROVASCULAR (DIABETIC RETINOPATHY) COMPLICATIONS IN TYPE 2 DIABETES MELLITUS PATIENTS IN BENIN CITY, SOUTH-SOUTH NIGERIA",2012,"Faculty of INTERNAL MEDICINE","dissertation.npmcn.edu.ng","http://www.dissertation.npmcn.edu.ng/index.php/FMCP/article/download/615/586","",136,"2021-07-17 18:03:23","PDF","","","",,,,,0,0.00,0,1,9,"… Greater than < : Less than WC : Waist circumference WHR : Waist-hip ratio Page 11. xi … all blind registration in those aged 16-64 years in the United Kingdom24.About 3 decades ago, diabetic retinopathy was reported to be rare in Nigerians 28,29. But recent studies in Nigeria …","http://www.dissertation.npmcn.edu.ng/index.php/FMCP/article/download/615/586","https://scholar.google.com/scholar?q=related:27MP5NxTEwsJ:scholar.google.com/&scioq=%22waist+circumference%22+nigeria&hl=en&as_sdt=0,5&as_ylo=2011&as_yhi=2012&as_vis=1"
0,"TO OLUSANYA","PREVALENCE OF AND RISK FACTORS FOR NON ALCOHOLIC FATTY LIVER DISEASE IN NIGERIANS WITH TYPE 2 DIABETES MELLITUS IN LAGOS …",2012,"Faculty of INTERNAL MEDICINE","dissertation.npmcn.edu.ng","http://www.dissertation.npmcn.edu.ng/index.php/FMCP/article/download/708/496","",137,"2021-07-17 18:03:23","PDF","","","",,,,,0,0.00,0,1,9,"Page 1. 2 PREVALENCE OF AND RISK FACTORS FOR NON ALCOHOLIC FATTY LIVER DISEASE IN NIGERIANS WITH … Hospital, Idi – Araba, Lagos, Nigeria. .... Prof MO Kehinde … WC: Waist circumference, WHR: Waist to Hip Ratio …","http://www.dissertation.npmcn.edu.ng/index.php/FMCP/article/download/708/496","https://scholar.google.com/scholar?q=related:us3YR-CEVVAJ:scholar.google.com/&scioq=%22waist+circumference%22+nigeria&hl=en&as_sdt=0,5&as_ylo=2011&as_yhi=2012&as_vis=1"
44,"CECC Ejike","Blood pressure to height ratios as simple, sensitive and specific diagnostic tools for adolescent (pre) hypertension in Nigeria",2011,"Italian Journal of Pediatrics","Springer","https://link.springer.com/article/10.1186/1824-7288-37-30","https://scholar.google.com/scholar?cites=308581193357381822&as_sdt=2005&sciodt=0,5&hl=en",138,"2021-07-17 18:03:23","HTML","10.1186/1824-7288-37-30","","",,,,,44,4.40,44,1,10,"… optimal thresholds for both SBPHR and DBPHR in the Nigerian population. Subjects and Methods. Subjects. Two data sets were analyzed for the present study. The first was from a study of adolescent blood pressure and nutrition conducted in Kogi State of Nigeria [4, 5, 12] …","https://link.springer.com/article/10.1186/1824-7288-37-30","https://scholar.google.com/scholar?q=related:vtBu3vVMSAQJ:scholar.google.com/&scioq=%22waist+circumference%22+nigeria&hl=en&as_sdt=0,5&as_ylo=2011&as_yhi=2012&as_vis=1"
66,"M Gyakobo, AGB Amoah, DA Martey-Marbell…","Prevalence of the metabolic syndrome in a rural population in Ghana",2012,"BMC endocrine …","Springer","https://link.springer.com/article/10.1186/1472-6823-12-25","https://scholar.google.com/scholar?cites=8907304869579310564&as_sdt=2005&sciodt=0,5&hl=en",139,"2021-07-17 18:03:23","HTML","10.1186/1472-6823-12-25","","",,,,,66,7.33,17,4,9,"… Studies on the MS in sub-Saharan Africa is scanty[1]. Epidemiologic studies in rural Nigeria reported a prevalence rate of 12.1% by the … The waist circumference (WC) measurements were taken at the end of a normal expiration to the nearest 0.1cm, measuring at the midpoint …","https://link.springer.com/article/10.1186/1472-6823-12-25","https://scholar.google.com/scholar?q=related:5MVhAZYanXsJ:scholar.google.com/&scioq=%22waist+circumference%22+nigeria&hl=en&as_sdt=0,5&as_ylo=2011&as_yhi=2012&as_vis=1"
12,"AG Abiodun, MO Egwu, RA Adedoyin","Anthropometric indices associated with variation in cardiovascular parameters among primary school pupils in Ile-Ife",2011,"International journal of …","hindawi.com","https://www.hindawi.com/journals/ijhy/2011/186194/","https://scholar.google.com/scholar?cites=3375908849606084142&as_sdt=2005&sciodt=0,5&hl=en",140,"2021-07-17 18:03:23","HTML","","","",,,,,12,1.20,4,3,10,"… et al., “Anthropometric determinants of resting blood pressure and heart rate of Nigerian school children … Prevalence and pattern of hypertension in a semiurban community in Nigeria,” European Journal … [7] SC Savva, M. Tornaritis, ME Savva et al., “Waist circumference and waist …","https://www.hindawi.com/journals/ijhy/2011/186194/","https://scholar.google.com/scholar?q=related:LkbeXjaj2S4J:scholar.google.com/&scioq=%22waist+circumference%22+nigeria&hl=en&as_sdt=0,5&as_ylo=2011&as_yhi=2012&as_vis=1"
1,"IQ Shaalan, FA AlHarmoudi, SA AlMarzooqi…","438 Relation between Screen Time and Metabolic Syndrome among Emirati Adolescents",2012,"Archives of Disease in …","adc.bmj.com","https://adc.bmj.com/content/97/Suppl_2/A128.4.short","https://scholar.google.com/scholar?cites=5905555441072414719&as_sdt=2005&sciodt=0,5&hl=en",141,"2021-07-17 18:03:23","","","","",,,,,1,0.11,0,4,9,"… Anthropometric (weight, height, waist circumference), blood pressure measurement, blood draw after overnight fasting (for fasting blood sugar and plasma … ON DROP-OUT RATE DUE TO PREGNANCY AMONG RURAL HIGH SCHOOL STUDENTS IN SW NIGERIA doi:10.1136 …","","https://scholar.google.com/scholar?q=related:_x9_emK_9FEJ:scholar.google.com/&scioq=%22waist+circumference%22+nigeria&hl=en&as_sdt=0,5&as_ylo=2011&as_yhi=2012&as_vis=1"
5,"O Ogboye","Blood pressure and its correlates in children and adolescents in urban Nigeria",2012,"","core.ac.uk","https://core.ac.uk/download/pdf/16664642.pdf","https://scholar.google.com/scholar?cites=1368355564376105506&as_sdt=2005&sciodt=0,5&hl=en",142,"2021-07-17 18:03:23","PDF","","","",,,,,5,0.56,5,1,9,"… blood pressure SD Standard deviation SEC Socio-economic characteristics UN United Nations USA United States of America WC Waist circumference WHO World Health Organisation Page 15. Blood Pressure and its Correlates in Children and Adolescents in Urban Nigeria 13 …","https://core.ac.uk/download/pdf/16664642.pdf","https://scholar.google.com/scholar?q=related:IiIRzSJg_RIJ:scholar.google.com/&scioq=%22waist+circumference%22+nigeria&hl=en&as_sdt=0,5&as_ylo=2011&as_yhi=2012&as_vis=1"
19,"KS Adedapo, OG Arinola, OB Shittu, OI Kareem…","Diagnostic value of lipids, total antioxidants, and trace metals in benign prostate hyperplasia and prostate cancer",2012,"Nigerian journal of …","ajol.info","https://www.ajol.info/index.php/njcp/article/view/81839","https://scholar.google.com/scholar?cites=9913378421860372958&as_sdt=2005&sciodt=0,5&hl=en",143,"2021-07-17 18:03:23","","","","",,,,,19,2.11,4,5,9,"… Waist circumference (cm) 87.4 (11.3) 86.2 (6.6) 90.1 (8.7) 0.148 … Increased incidence of prostate cancer in Nigeria. Natl Med Assoc 1999;91:159-64 … Correlation of serum PSA and Gleason Score in Nigerian men with prostate cancer. Afr J Urol 2008;14:15-22 …","https://www.ajol.info/index.php/njcp/article/view/81839/71984","https://scholar.google.com/scholar?q=related:3pECvyZlk4kJ:scholar.google.com/&scioq=%22waist+circumference%22+nigeria&hl=en&as_sdt=0,5&as_ylo=2011&as_yhi=2012&as_vis=1"
0,"CE Ekpenyong, UP Akpan, ED Nyebuk…","Department of Physiology College of Health Science, University of Uyo, Akwa Ibom State. Nigeria",2011,"African Journal of …","irdionline.org","http://irdionline.org/africanjournals/article/PREVALENCE%20AND%20ASSESSMENT%20OF%20OVERWEIGHT.pdf","",144,"2021-07-17 18:03:23","PDF","","","",,,,,0,0.00,0,4,10,"… the prevalence and associated factors of obesity in adult Nigerian population resident in … of Overweight and Obesity Factors in Adult Population Resident in Uyo Metropolis - Nigeria … Waist circumference (WC) was measured using a non – stretchable measuring tape while the …","http://irdionline.org/africanjournals/article/PREVALENCE%20AND%20ASSESSMENT%20OF%20OVERWEIGHT.pdf","https://scholar.google.com/scholar?q=related:lrw9F6sGKC8J:scholar.google.com/&scioq=%22waist+circumference%22+nigeria&hl=en&as_sdt=0,5&as_ylo=2011&as_yhi=2012&as_vis=1"
39,"AS Karadag, E Tutal, DT Ertugrul","Insulin resistance is increased in patients with vitiligo",2011,"Acta dermato-venereologica","ingentaconnect.com","https://www.ingentaconnect.com/contentone/mjl/adv/2011/00000091/00000005/art00009?crawler=true","https://scholar.google.com/scholar?cites=8340457722694985717&as_sdt=2005&sciodt=0,5&hl=en",145,"2021-07-17 18:03:23","PDF","","","",,,,,39,3.90,13,3,10,"… 30.0 ± 15.6 31.1 ± 17.8 NS Waist circumference, cm 93.8 ± 11.7 92.9 ± 11.4 NS … Ann Acad Med Singa- pore 1988; 17: 526–535. Onunu AN, Kubeyinje EP.Vitiligo in the Nigerian Afri- 15. can: a study of 351 patients in Benin City, Nigeria. Int J Dermatol 2003; 42: 800–802 …","https://www.ingentaconnect.com/contentone/mjl/adv/2011/00000091/00000005/art00009?crawler=true","https://scholar.google.com/scholar?q=related:9edl8RtCv3MJ:scholar.google.com/&scioq=%22waist+circumference%22+nigeria&hl=en&as_sdt=0,5&as_ylo=2011&as_yhi=2012&as_vis=1"
9,"SO Ikuerowo, OA Omisanjo, MJ Bioku, MO Ajala…","Effect of obesity on serum prostate-specific antigen in Nigerian men",2012,"Urologia …","karger.com","https://www.karger.com/Article/Abstract/337171","https://scholar.google.com/scholar?cites=14180115607334934807&as_sdt=2005&sciodt=0,5&hl=en",146,"2021-07-17 18:03:23","","","","",,,,,9,1.00,2,5,9,"… Abdominal obesity defined by waist circumference and WHR has been associated with greater health risks [28] … that although overweight and obesity were common in urban-dwelling Nigerian men who … AZ, Edino ST, Ochicha O, Gwarzo AK, Samaila AA: Cancer in Nigeria: a 10 …","","https://scholar.google.com/scholar?q=related:F9kr8QPkycQJ:scholar.google.com/&scioq=%22waist+circumference%22+nigeria&hl=en&as_sdt=0,5&as_ylo=2011&as_yhi=2012&as_vis=1"
14,"MA Njelekela, E Liu, R Mpembeni, A Muhihi…","Socio-economic status, urbanization, and cardiometabolic risk factors among middle-aged adults in Tanzania",2011,"East African journal of …","ajol.info","https://www.ajol.info/index.php/eajph/article/view/109993","https://scholar.google.com/scholar?cites=12285028384771274869&as_sdt=2005&sciodt=0,5&hl=en",147,"2021-07-17 18:03:23","","","","",,,,,14,1.40,3,5,10,"… socioeconomic status was associated with a significant 3.5-kg/m 2 higher BMI (p=0.0001) and 8 cm higher waist circumference (p<0.001 … Ethiopia (30) Ghana (27) Kenya (29) Lesotho (1) Libya (2) Madagascar (1) Malawi (4) Mauritius (3) Mozambique (1) Nigeria (222) Rwanda (7 …","","https://scholar.google.com/scholar?q=related:dfjhITowfaoJ:scholar.google.com/&scioq=%22waist+circumference%22+nigeria&hl=en&as_sdt=0,5&as_ylo=2011&as_yhi=2012&as_vis=1"
62,"KB Adamo, AW Sheel, V Onywera…","Child obesity and fitness levels among Kenyan and Canadian children from urban and rural environments: a KIDS-CAN Research Alliance Study",2011,"… Journal of Pediatric …","Taylor & Francis","https://www.tandfonline.com/doi/abs/10.3109/17477166.2010.543683","https://scholar.google.com/scholar?cites=5877521682133918266&as_sdt=2005&sciodt=0,5&hl=en",148,"2021-07-17 18:03:23","","10.3109/17477166.2010.543683","","",,,,,62,6.20,16,4,10,"… Waist circumference (cm), 57.95 ± 0.99 a, 56.42 ± 1.03 a, 61.8 ± 0.97, 64.36 ± 0.92, 64.38 ± 0.75, 66.09 ± 0.68, 64.17 ± 0.89, 64.66 ± 0.85 … Systematic review on the prevalence of diabetes, overweight/obesity and physical inactivity in Ghanaians and Nigerians. Public Health …","http://ir-library.ku.ac.ke/bitstream/handle/123456789/7845/Child%20obesity%20and%20fi%20tness%20levels%20among%20Kenyan%20and%20Canadian.pdf?sequence=4&isAllowed=y","https://scholar.google.com/scholar?q=related:OqI_V9QmkVEJ:scholar.google.com/&scioq=%22waist+circumference%22+nigeria&hl=en&as_sdt=0,5&as_ylo=2011&as_yhi=2012&as_vis=1"
0,"A Dodiyi-Manuel, S Dodiyi-Manuel","Management of Obesity: The Surgical Perspective",2012,"Nigerian Health Journal","ajol.info","https://www.ajol.info/index.php/nhj/article/view/81241","",149,"2021-07-17 18:03:23","","","","",,,,,0,0.00,0,2,9,"… the next epidemics: Nigeria preparedness. Third Biennial Abayomi Bamidele Memorial Lectures. Niger J Clin Pract 2000; 3: 37-42 9. Simimialayi IM, Emem-Chioma PC,Dappa DV. The prevalence ofobesity as indicated by BMI and waist circumference among Nigerian adults …","https://www.ajol.info/index.php/nhj/article/download/81241/71435","https://scholar.google.com/scholar?q=related:7kGQvaG4hgEJ:scholar.google.com/&scioq=%22waist+circumference%22+nigeria&hl=en&as_sdt=0,5&as_ylo=2011&as_yhi=2012&as_vis=1"
33,"H Alsafar, KA Jama-Alol, AAK Hassoun…","The prevalence of type 2 diabetes mellitus in the United Arab Emirates: justification for the establishment of the Emirates family registry",2012,"International Journal of …","Springer","https://link.springer.com/content/pdf/10.1007/s13410-012-0062-6.pdf","https://scholar.google.com/scholar?cites=1831726850516742557&as_sdt=2005&sciodt=0,5&hl=en",150,"2021-07-17 18:03:23","","10.1007/s13410-012-0062-6","","",,,,,33,3.67,8,4,9,"… Croat Med J. 2005;46:302–7. 16. Okosun IS, Cooper RS, Rotimi CN, Osotimehin B, Forrester T. Association of waist circumference with risk of hypertension and type 2 diabetes in Nigerians, Jamaicans, and African-Americans. Diabetes Care. 1998;21:1836–42. 17 …","","https://scholar.google.com/scholar?q=related:nXGYmt2ZaxkJ:scholar.google.com/&scioq=%22waist+circumference%22+nigeria&hl=en&as_sdt=0,5&as_ylo=2011&as_yhi=2012&as_vis=1"
82,"AM Ogunbode, MMA Ladipo, IO Ajayi…","Obesity: an emerging disease",2011,"Nigerian journal of …","ajol.info","https://www.ajol.info/index.php/njcp/article/view/74558","https://scholar.google.com/scholar?cites=12840044485194061896&as_sdt=2005&sciodt=0,5&hl=en",151,"2021-07-17 18:03:23","","","","",,,,,82,8.20,21,4,10,"… if a person is obese and is calculated by using the ratio of waist circumference to hip … Central and appendicular girth anthropometric measurements in Nigerian women … Relation between Body Mass Index and Body Fat in Black Population Samples from Nigeria, Jamaica, and the …","https://www.ajol.info/index.php/njcp/article/download/74558/65180","https://scholar.google.com/scholar?q=related:SJg0CG4AMbIJ:scholar.google.com/&scioq=%22waist+circumference%22+nigeria&hl=en&as_sdt=0,5&as_ylo=2011&as_yhi=2012&as_vis=1"
12,"DI Musa, CA Williams","Cardiorespiratory fitness, fatness, and blood pressure associations in Nigerian youth",2012,"Med Sci Sports Exerc","researchgate.net","https://www.researchgate.net/profile/Danladi-Musa/publication/224867504_Cardiorespiratory_Fitness_Fatness_and_Blood_Pressure_Associations_in_Nigerian_Youth/links/5fc7b16e92851c00f8454758/Cardiorespiratory-Fitness-Fatness-and-Blood-Pressure-Associations-in-Nigerian-Youth.pdf","https://scholar.google.com/scholar?cites=9136929929950735939&as_sdt=2005&sciodt=0,5&hl=en",152,"2021-07-17 18:03:23","PDF","","","",,,,,12,1.33,6,2,9,"… Cardiorespiratory Fitness, Fatness, and Blood Pressure Associations in Nigerian Youth … Benue State is an agrarian state located within the North Central geopolitical zone of Nigeria … The waist circumference was measured with a retractable metal tape at the level of umbilicus …","https://www.researchgate.net/profile/Danladi-Musa/publication/224867504_Cardiorespiratory_Fitness_Fatness_and_Blood_Pressure_Associations_in_Nigerian_Youth/links/5fc7b16e92851c00f8454758/Cardiorespiratory-Fitness-Fatness-and-Blood-Pressure-Associations-in-Nigerian-Youth.pdf","https://scholar.google.com/scholar?q=related:Qy5ZnFzlzH4J:scholar.google.com/&scioq=%22waist+circumference%22+nigeria&hl=en&as_sdt=0,5&as_ylo=2011&as_yhi=2012&as_vis=1"
0,"CU NWANELI","… FACTORS FOR HYPERTENSIVE HEART FAILURE AS SEEN AT NNAMDI AZIKIWE UNIVERSITY TEACHING HOSPITAL NNEWI SOUTH EAST NIGERIA",2011,"Faculty of INTERNAL MEDICINE","dissertation.npmcn.edu.ng","http://dissertation.npmcn.edu.ng/index.php/FMCP/article/download/584/616","",153,"2021-07-17 18:03:23","PDF","","","",,,,,0,0.00,0,1,10,"… Nigerian hypertensive patients. These factors included anaemia, heavy alcohol consumption … pregnancy.11 A study done in Benin, South South Nigeria by Obasohan and Ajuyah12 identified … factors associated with development of heart failure in Nigerians with hypertension …","http://dissertation.npmcn.edu.ng/index.php/FMCP/article/download/584/616","https://scholar.google.com/scholar?q=related:HZ--Yxd64x0J:scholar.google.com/&scioq=%22waist+circumference%22+nigeria&hl=en&as_sdt=0,5&as_ylo=2011&as_yhi=2012&as_vis=1"
0,"S Akarolo-Anthony, C Adebamowo","SP1-63 Evaluation of early body shape for epidemiological research in absence of objective measurements",2011,"Journal of Epidemiology & …","jech.bmj.com","https://jech.bmj.com/content/65/Suppl_1/A391.4.short","",154,"2021-07-17 18:03:23","","","","",,,,,0,0.00,0,2,10,"… Method 1058 workers at a government office in Nigeria were enrolled in a study of body size, dietary energy intake, physical activity … anthropometric characteristics, the body images correlated most strongly with BMI (rž0.56, p<0.001) but less so with waist circumference (rž0.33 …","",""
0,"IC UDENZE","THE PREVALENCE OF METABOLIC SYNDROME IN TYPE 2 DIABETICS AT THE LAGOS UNIVERSITY TEACHING HOSPITAL, LAGOS, NIGERIA",2011,"Faculty of Pathology","dissertation.npmcn.edu.ng","http://www.dissertation.npmcn.edu.ng/index.php/FMCPath/article/download/1225/1359","",155,"2021-07-17 18:03:23","PDF","","","",,,,,0,0.00,0,1,10,"… Waist circumference, waist/hip ratio (WHR), body mass index (BMI) and blood pressure measurements were documented … NCEP-ATP 111 criteria in an apparently healthy, non-diabetic Nigerian population in two health centres in Rivers state, south-south Nigeria …","http://www.dissertation.npmcn.edu.ng/index.php/FMCPath/article/download/1225/1359","https://scholar.google.com/scholar?q=related:TP94GqJEIlwJ:scholar.google.com/&scioq=%22waist+circumference%22+nigeria&hl=en&as_sdt=0,5&as_ylo=2011&as_yhi=2012&as_vis=1"
1,"K Venkateswarlu, B Adamu…","BODY COMPOSITION OF NIGERIAN PRE-ADOLESCENTS, ADOLESCENTS AND ADULTS.",2011,"International Journal of …","search.ebscohost.com","http://search.ebscohost.com/login.aspx?direct=true&profile=ehost&scope=site&authtype=crawler&jrnl=22311599&AN=83434669&h=cgT75BR9gabXzbXWDP5GmBGyr%2BL2Qa0vN3C3njQEAklUd%2FnRRpU4xvtbddR1WpUNGVwxz4yyAgMfqb9T91ErTg%3D%3D&crl=c","https://scholar.google.com/scholar?cites=10024161928553298036&as_sdt=2005&sciodt=0,5&hl=en",156,"2021-07-17 18:03:23","","","","",,,,,1,0.10,0,3,10,"… However, in developing countries like Nigeria, there have not been any such attempts either by the … composition of Nigerian pre-adolescents, adolescents and adults … 307072 (Pfister, USA) waist circumference and hip circumference were measured using the …","","https://scholar.google.com/scholar?q=related:dPhp6in6HIsJ:scholar.google.com/&scioq=%22waist+circumference%22+nigeria&hl=en&as_sdt=0,5&as_ylo=2011&as_yhi=2012&as_vis=1"
0,"ISI Ogbu, RO Ogalagu","Hypofibronectinaemia in leprosy",2011,"Journal of Medical Laboratory and …","academicjournals.org","https://academicjournals.org/journal/JMLD/article-abstract/7BC55DB863","",157,"2021-07-17 18:03:23","","","","",,,,,0,0.00,0,2,10,"… Key words: Leprosy, hypofibronectinaemia, plasma fibronectin, adhesion protein, Nigerian lepers … protocol was approved by the Ethic Committee of the University of Nigeria Teaching Hospital … mean body mass index (range, 15.1 to 24 8), and waist circumference (range, 33.7 to …","https://academicjournals.org/journal/JMLD/article-full-text-pdf/7BC55DB863","https://scholar.google.com/scholar?q=related:HUTwXSTEXgYJ:scholar.google.com/&scioq=%22waist+circumference%22+nigeria&hl=en&as_sdt=0,5&as_ylo=2011&as_yhi=2012&as_vis=1"
0,"RK Ojikutu, N Agbaraji","A Study of the Effect of Structured Exercise Programme on the Resting Heart Rate of Female Workers at the University of Lagos, Nigeria",2012,"J. Mgmt. & Sustainability","HeinOnline","https://heinonline.org/hol-cgi-bin/get_pdf.cgi?handle=hein.journals/jms2&section=13","",158,"2021-07-17 18:03:23","","","","",,,,,0,0.00,0,2,9,"… In Nigeria, there is increase awareness on the dangers of certain lifestyle; however, people still indulge in activities that increase the incidence of … 2.6 Waist hip ratio determination The waist circumference was taken at the point of minimal abdominal girth just below the rib cage …","https://citeseerx.ist.psu.edu/viewdoc/download?doi=10.1.1.940.98&rep=rep1&type=pdf","https://scholar.google.com/scholar?q=related:HSodTn0fWAMJ:scholar.google.com/&scioq=%22waist+circumference%22+nigeria&hl=en&as_sdt=0,5&as_ylo=2011&as_yhi=2012&as_vis=1"
5,"EC Azodo, AU Chinwuba","… -DIABETES AND UNREPORTED DIABETES MELLITUS IN POPULATION AGED 45 YEARS AND ABOVE IN OWERRI MUNICIPALITY, IMO STATE NIGERIA.",2012,"","idjsr.com","https://www.idjsr.com/uploads/37/2365_pdf.pdf","https://scholar.google.com/scholar?cites=11382373052458808846&as_sdt=2005&sciodt=0,5&hl=en",159,"2021-07-17 18:03:23","PDF","","","",,,,,5,0.56,3,2,9,"… The inhabitants are mainly Igbos and it has a population of 125,337 (2006 Census in Nigeria) … Body mass index (BMI), was calculated as weight in kilograms divided by square of height in meters, (kg/m 2 ). Waist circumference was measured to the nearest 0.5cm at a level …","https://www.idjsr.com/uploads/37/2365_pdf.pdf","https://scholar.google.com/scholar?q=related:DjbJHPxP9p0J:scholar.google.com/&scioq=%22waist+circumference%22+nigeria&hl=en&as_sdt=0,5&as_ylo=2011&as_yhi=2012&as_vis=1"
116,"E Sobngwi, M Ndour-Mbaye, KA Boateng…","Type 2 diabetes control and complications in specialised diabetes care centres of six sub-Saharan African countries: the Diabcare Africa study",2012,"Diabetes research and …","Elsevier","https://www.sciencedirect.com/science/article/pii/S0168822711005602","https://scholar.google.com/scholar?cites=11495082691435681603&as_sdt=2005&sciodt=0,5&hl=en",160,"2021-07-17 18:03:23","","","","",,,,,116,12.89,29,4,9,"… three regions: East Africa (consisting of Tanzania and Kenya), Central Africa (Cameroon) and West Africa (Ghana, Senegal and Nigeria) … patient last visited the centre, onset of diabetes, recorded type of diabetes, ethnicity, weight, height, waist circumference, hip circumference …","","https://scholar.google.com/scholar?q=related:Q9fD5s28hp8J:scholar.google.com/&scioq=%22waist+circumference%22+nigeria&hl=en&as_sdt=0,5&as_ylo=2011&as_yhi=2012&as_vis=1"
27,"OO Adeyeye, AO Ogbera…","Understanding asthma and the metabolic syndrome-a Nigerian report",2012,"International …","intarchmed.biomedcentral.com","https://intarchmed.biomedcentral.com/articles/10.1186/1755-7682-5-20","https://scholar.google.com/scholar?cites=9052677726639765010&as_sdt=2005&sciodt=0,5&hl=en",161,"2021-07-17 18:03:23","HTML","10.1186/1755-7682-5-20","","",,,,,27,3.00,9,3,9,"… Abstract. Introduction. Nigeria is a developing country that is currently witnessing an upsurge in diabetes mellitus and obesity with its antecedent consequences … There is no data presently on the possible presence of metabolic syndrome in Nigerian living with asthma …","https://intarchmed.biomedcentral.com/articles/10.1186/1755-7682-5-20","https://scholar.google.com/scholar?q=related:EjZ04m2SoX0J:scholar.google.com/&scioq=%22waist+circumference%22+nigeria&hl=en&as_sdt=0,5&as_ylo=2011&as_yhi=2012&as_vis=1"
76,"K Ohnaka, M Ikeda, T Maki, T Okada…","Effects of 16-week consumption of caffeinated and decaffeinated instant coffee on glucose metabolism in a randomized controlled trial",2012,"Journal of nutrition and …","hindawi.com","https://www.hindawi.com/journals/jnme/2012/207426/","https://scholar.google.com/scholar?cites=2645409378893306556&as_sdt=2005&sciodt=0,5&hl=en",162,"2021-07-17 18:03:23","HTML","","","",,,,,76,8.44,15,5,9,"… With adjustment for the change in waist circumference, caffeinated and decaffeinated coffee consumption were associated with a modest decrease in the postload glucose levels. Conclusion … Body weight, waist circumference, and blood pressure were measured …","https://www.hindawi.com/journals/jnme/2012/207426/","https://scholar.google.com/scholar?q=related:vBpsatBhtiQJ:scholar.google.com/&scioq=%22waist+circumference%22+nigeria&hl=en&as_sdt=0,5&as_ylo=2011&as_yhi=2012&as_vis=1"
1,"AA OLUDENLADE","ERECTILE DYSFUNCTION IN NIGERIAN MALES WITH TYPE 2 DIABETES MELLITUS",2012,"Faculty of INTERNAL MEDICINE","dissertation.npmcn.edu.ng","http://www.dissertation.npmcn.edu.ng/index.php/FMCP/article/download/695/509","https://scholar.google.com/scholar?cites=18305282845133622988&as_sdt=2005&sciodt=0,5&hl=en",163,"2021-07-17 18:03:23","PDF","","","",,,,,1,0.11,1,1,9,"Page 1. ERECTILE DYSFUNCTION IN NIGERIAN MALES … ADESANYA of the Department of Internal Medicine, University of Benin Teaching Hospital, Benin-City, Edo State, Nigeria under my supervision … WC- Waist Circumference WHR- Waist-Hip ratio …","http://www.dissertation.npmcn.edu.ng/index.php/FMCP/article/download/695/509","https://scholar.google.com/scholar?q=related:zM49GcNtCf4J:scholar.google.com/&scioq=%22waist+circumference%22+nigeria&hl=en&as_sdt=0,5&as_ylo=2011&as_yhi=2012&as_vis=1"
21,"OB Ozoh, NU Okubadejo, CC Chukwu…","The ACT and the ATAQ are useful surrogates for asthma control in resource-poor countries with inadequate spirometric facilities",2012,"Journal of …","Taylor & Francis","https://www.tandfonline.com/doi/abs/10.3109/02770903.2012.729632","https://scholar.google.com/scholar?cites=2587153612458235396&as_sdt=2005&sciodt=0,5&hl=en",164,"2021-07-17 18:03:23","","10.3109/02770903.2012.729632","","",,,,,21,2.33,5,4,9,"… the adult outpatient respiratory clinic of the Lagos University Teaching Hospital, Lagos, Nigeria … kg/m 2 ). The standard current criteria were used to categorize participant's waist circumference as a … per cent predicted was calculated using reference values for adult Nigerians (18 …","","https://scholar.google.com/scholar?q=related:BBbx0YBq5yMJ:scholar.google.com/&scioq=%22waist+circumference%22+nigeria&hl=en&as_sdt=0,5&as_ylo=2011&as_yhi=2012&as_vis=1"
0,"JE OJOBI","PREVALENCE OF METABOLIC SYNDROME IN HYPERTENSIVE AND NORMOTENSIVE PATIENTS IN JOS UNIVERSITY TEACHING HOSPITAL",2011,"Faculty of INTERNAL MEDICINE","dissertation.npmcn.edu.ng","http://www.dissertation.npmcn.edu.ng/index.php/FMCP/article/download/612/589","",165,"2021-07-17 18:03:23","","","","",,,,,0,0.00,0,1,10,"… Federation set of criteria in non diabetic Nigerians. This study was carried out to assess … hospital clients in Jos, Nigeria. OBJECTIVES … Anthropometric indices including weight, height, waist circumference and hip circumference were measured. BMI and WHR were calculated …","",""
13,"IO Amole, AD Olorun, AO Owolabi","Prevalence of obesity and hypertension among adults in Ogbomoso, Nigeria",2011,"Internet Journal of Medical Update …","ajol.info","https://www.ajol.info/index.php/ijmu/article/view/68186","https://scholar.google.com/scholar?cites=2592049395038349291&as_sdt=2005&sciodt=0,5&hl=en",166,"2021-07-17 18:03:23","","","","",,,,,13,1.30,4,3,10,"… Prevalence of hypertension in a University Community in South West Nigeria … The prevalence of obesity as indicated by BMI and waist circumference among Nigerian adults attending family … Activity pattern, energy intake and obesity among Nigerian urban market women …","https://www.ajol.info/index.php/ijmu/article/view/68186/56274","https://scholar.google.com/scholar?q=related:6-eGBzHP-CMJ:scholar.google.com/&scioq=%22waist+circumference%22+nigeria&hl=en&as_sdt=0,5&as_ylo=2011&as_yhi=2012&as_vis=1"
5,"E Sobngwi, AP Kengne, EV Balti, L Fezeu…","Metabolic profile of sub-Saharan african patients presenting with first-ever-in-lifetime stroke: association with Insulin Resistance",2012,"Journal of Stroke and …","Elsevier","https://www.sciencedirect.com/science/article/pii/S1052305711000413","https://scholar.google.com/scholar?cites=12965262699287831933&as_sdt=2005&sciodt=0,5&hl=en",167,"2021-07-17 18:03:23","","","","",,,,,5,0.56,1,5,9,"… 8 Diabetes, if not previously diagnosed, was defined as a fasting plasma glucose level >1.26 g/L. 9 Subjects with a waist circumference of >80 cm (women) or >94 cm (men) were classified as having abdominal obesity … Waist circumference, cm, 91.0 ± 13.7, 96.8 ± 14.5, .03 …","https://www.academia.edu/download/46193085/Metabolic_Profile_of_Sub-Saharan_African20160603-24258-1m9jh52.pdf","https://scholar.google.com/scholar?q=related:fWWsarvd7bMJ:scholar.google.com/&scioq=%22waist+circumference%22+nigeria&hl=en&as_sdt=0,5&as_ylo=2011&as_yhi=2012&as_vis=1"
1,"J Østergaard, M Grønbæk, L Ângquist…","P1-487 Combined influence of physical activity and Hip circumference on all-cause mortality",2011,"… of Epidemiology & …","jech.bmj.com","https://jech.bmj.com/content/65/Suppl_1/A201.4.short","https://scholar.google.com/scholar?cites=4191093231390693765&as_sdt=2005&sciodt=0,5&hl=en",168,"2021-07-17 18:03:23","","","","",,,,,1,0.10,0,4,10,"… Little or no work has been done on sociocultural beliefs and sexual activity of postmenopausal women in Nigeria … These associ- ations were observed after adjustment for waist circumference, height, and weight change in the 6 months before the examination …","","https://scholar.google.com/scholar?q=related:hRmWrRbBKToJ:scholar.google.com/&scioq=%22waist+circumference%22+nigeria&hl=en&as_sdt=0,5&as_ylo=2011&as_yhi=2012&as_vis=1"
61,"X Guo, Y Li, G Sun, Y Yang, L Zheng, Z Xingang…","Prehypertension in children and adolescents: association with body weight and neck circumference",2012,"Internal …","jstage.jst.go.jp","https://www.jstage.jst.go.jp/article/internalmedicine/51/1/51_1_23/_article/-char/ja/","https://scholar.google.com/scholar?cites=10457013802984102693&as_sdt=2005&sciodt=0,5&hl=en",169,"2021-07-17 18:03:23","","","","",,,,,61,6.78,9,7,9,"… Variations in the prevalence of point (pre) hypertension in a Nigerian school-going adolescent population living in a semi-urban and an urban area … 14. Janssen I, Katzmarzyk PT, Ross R. Waist circumference and not body mass index explains obesity-related health risk …","https://www.jstage.jst.go.jp/article/internalmedicine/51/1/51_1_23/_pdf","https://scholar.google.com/scholar?q=related:JVs5cqbGHpEJ:scholar.google.com/&scioq=%22waist+circumference%22+nigeria&hl=en&as_sdt=0,5&as_ylo=2011&as_yhi=2012&as_vis=1"
33,"A Haileamlak, AT Muluneh, F Alemseged…","Hematoimmunological profile at gilgel gibe field research center, southwest Ethiopia",2012,"Ethiopian journal of …","ajol.info","https://www.ajol.info/index.php/ejhs/article/view/86726","https://scholar.google.com/scholar?cites=17195524840882881839&as_sdt=2005&sciodt=0,5&hl=en",170,"2021-07-17 18:03:23","","","","",,,,,33,3.67,8,4,9,"… Similarly the mean waist circumference was higher for men beyond the age of 35 years; but the pattern in the younger age groups was not consistent … Nigeria 1197 41.7±13.6 163.1±9.5 61.3±10.9 77.7±9.3 88.5±9.9 0.88±0.05 22.6±4.5 121.5+19.7 73.3+13.0 …","https://www.ajol.info/index.php/ejhs/article/view/86726/76530","https://scholar.google.com/scholar?q=related:L8U6q7zGou4J:scholar.google.com/&scioq=%22waist+circumference%22+nigeria&hl=en&as_sdt=0,5&as_ylo=2011&as_yhi=2012&as_vis=1"
33,"Y Hilal, TN Acar, E Koksal, KM Gezmen, G Akbulut…","The association of anthropometric measurements and lipid profiles in Turkish hypertensive adults",2011,"African health …","ajol.info","https://www.ajol.info/index.php/ahs/article/view/73406","https://scholar.google.com/scholar?cites=14019296108323734192&as_sdt=2005&sciodt=0,5&hl=en",171,"2021-07-17 18:03:23","","","","",,,,,33,3.30,6,6,10,"… Relationship of anthropometric indicators with blood pressure levels and the risk of hypertension in Nigerian adults. Int J Gen Med 2008; 30: 133–140. 19 … Correlation between body mass index, waist circumference and blood pressure in rural residents from west part of …","https://www.ajol.info/index.php/ahs/article/download/73406/62324","https://scholar.google.com/scholar?q=related:sAKneYiLjsIJ:scholar.google.com/&scioq=%22waist+circumference%22+nigeria&hl=en&as_sdt=0,5&as_ylo=2011&as_yhi=2012&as_vis=1"
0,"ME Hendriks, F Wit, MTL Roos, LM Brewster…","Hypertension in Sub-Saharan Africa: Cross-Sectional Surveys in Four Rural and",2012,"","core.ac.uk","https://core.ac.uk/download/pdf/15470768.pdf","",172,"2021-07-17 18:03:23","PDF","","","",,,,,0,0.00,0,5,9,"… in the lowest tertile (by country and gender) had lower blood pressure in Nigeria and Kenya … were more likely to have other CVD risk factors such as higher cholesterol and larger waist circumference … for diabetes and high blood pressure was only found in the Nigerian population …","https://core.ac.uk/download/pdf/15470768.pdf","https://scholar.google.com/scholar?q=related:162ay2fepT0J:scholar.google.com/&scioq=%22waist+circumference%22+nigeria&hl=en&as_sdt=0,5&as_ylo=2011&as_yhi=2012&as_vis=1"
21,"OO Ogwumike, B Kaka, O Adegbemigun, T Abiona","Health-related and socio-demographic correlates of physical activity level amongst urban menopausal women in Nigeria",2012,"Maturitas","Elsevier","https://www.sciencedirect.com/science/article/pii/S037851221200299X","https://scholar.google.com/scholar?cites=4582112567795474905&as_sdt=2005&sciodt=0,5&hl=en",173,"2021-07-17 18:03:23","","","","",,,,,21,2.33,5,4,9,"… To investigate the physical activity (PA) level of Nigerian women aged 40–60 years and examine possible association between the PA level … a purposive sampling method was used to recruit participants in urban centers of three states from three geopolitical zones in Nigeria …","","https://scholar.google.com/scholar?q=related:2WFNdBrvlj8J:scholar.google.com/&scioq=%22waist+circumference%22+nigeria&hl=en&as_sdt=0,5&as_ylo=2011&as_yhi=2012&as_vis=1"
74,"D Maher, L Waswa, K Baisley…","Epidemiology of hypertension in low-income countries: a cross-sectional population-based survey in rural Uganda",2011,"Journal of …","journals.lww.com","https://journals.lww.com/jhypertension/FullText/2011/06000/Epidemiology_of_hypertension_in_low_income.7.aspx","https://scholar.google.com/scholar?cites=17581763161691368630&as_sdt=2005&sciodt=0,5&hl=en",174,"2021-07-17 18:03:23","","","","",,,,,74,7.40,19,4,10,"Objective Population-based data on burden of hypertension are crucial for planning and implementat.","","https://scholar.google.com/scholar?q=related:tqypgXH4_vMJ:scholar.google.com/&scioq=%22waist+circumference%22+nigeria&hl=en&as_sdt=0,5&as_ylo=2011&as_yhi=2012&as_vis=1"
0,"EM UMUERRI","… DISEASE AND ITS CLINICAL SPECTRUM IN TYPE 2 DIABETES PATIENTS IN UNIVERSITY OF BENIN TEACHING HOSPITAL, BENIN-CITY, NIGERIA",2011,"Faculty of INTERNAL MEDICINE","dissertation.npmcn.edu.ng","http://www.dissertation.npmcn.edu.ng/index.php/FMCP/article/download/586/614","",175,"2021-07-17 18:03:23","PDF","","","",,,,,0,0.00,0,1,10,"… WC Waist Circumference WHR Waist Hip Ratio Page 9. 9 … diabetes mellitus by Osuntokun BO et al in 1971, the prevalence of peripheral vascular disease in Nigeria was 4.4% 34 … pattern of presentation of foot lesions in Nigerian diabetic patients showed that Page 21. 21 …","http://www.dissertation.npmcn.edu.ng/index.php/FMCP/article/download/586/614","https://scholar.google.com/scholar?q=related:u4bkxRYdQ9sJ:scholar.google.com/&scioq=%22waist+circumference%22+nigeria&hl=en&as_sdt=0,5&as_ylo=2011&as_yhi=2012&as_vis=1"
57,"IS Abdulraheem, AR Oladipo, MO Amodu","Prevalence and correlates of physical disability and functional limitation among elderly rural population in Nigeria",2011,"Journal of aging research","hindawi.com","https://www.hindawi.com/journals/jar/2011/369894/","https://scholar.google.com/scholar?cites=2050635231113381665&as_sdt=2005&sciodt=0,5&hl=en",176,"2021-07-17 18:03:23","HTML","","","",,,,,57,5.70,19,3,10,"… prevalence and factors associated with physical disability and functional limitation among elderly Nigerian … Mobbar local government areas (LGAs) in Borno State, North-Eastern Nigeria; and the … Elderly people who were non-Nigerians and those who were temporary residents …","https://www.hindawi.com/journals/jar/2011/369894/","https://scholar.google.com/scholar?q=related:IQdqwuBRdRwJ:scholar.google.com/&scioq=%22waist+circumference%22+nigeria&hl=en&as_sdt=0,5&as_ylo=2011&as_yhi=2012&as_vis=1"
75,"JA Steeves, DR Bassett, DL Thompson…","Relationships of occupational and non-occupational physical activity to abdominal obesity",2012,"International journal of …","nature.com","https://www.nature.com/articles/ijo201150","https://scholar.google.com/scholar?cites=12090079601004632304&as_sdt=2005&sciodt=0,5&hl=en",177,"2021-07-17 18:03:23","","","","",,,,,75,8.33,19,4,9,"… Health and Nutrition Examination Survey. Waist circumference (WC) was used to categorize individuals into either non-obese or abdominally obese (WC>88 cm in women and >102 cm in men) categories. NOA was divided into …","","https://scholar.google.com/scholar?q=related:8NgTVFeXyKcJ:scholar.google.com/&scioq=%22waist+circumference%22+nigeria&hl=en&as_sdt=0,5&as_ylo=2011&as_yhi=2012&as_vis=1"
164,"RM Benkeser, R Biritwum, AG Hill","Prevalence of overweight and obesity and perception of healthy and desirable body size in urban, Ghanaian women",2012,"Ghana medical journal","ajol.info","https://www.ajol.info/index.php/gmj/article/view/82036","https://scholar.google.com/scholar?cites=15261252155358381535&as_sdt=2005&sciodt=0,5&hl=en",178,"2021-07-17 18:03:23","HTML","","","",,,,,164,18.22,55,3,9,"… waist (cm) and hip (cm) measurements were used to calculate body mass index (BMI, measured in kg/m2), waist circumference, and waist … Ethiopia (30) Ghana (27) Kenya (29) Lesotho (1) Libya (2) Madagascar (1) Malawi (4) Mauritius (3) Mozambique (1) Nigeria (222) Rwanda …","https://www.ajol.info/index.php/gmj/article/view/82036","https://scholar.google.com/scholar?q=related:3wXNS_rbytMJ:scholar.google.com/&scioq=%22waist+circumference%22+nigeria&hl=en&as_sdt=0,5&as_ylo=2011&as_yhi=2012&as_vis=1"
0,"A Augustine, JI Anetor, A Nurudeen, OE Oyewole","Assessment of Urinary Iodine Status of Primary School Children in Saki, in South Western Nigeria",,"AGE (yrs)","researchgate.net","https://www.researchgate.net/profile/Augustine-Onyeaghala/publication/306065301_Assessment_of_Urinary_Iodine_Status_of_Primary_School_Children_in_Saki_in_South_Western_Nigeria/links/57ad882308ae0932c9756d5f/Assessment-of-Urinary-Iodine-Status-of-Primary-School-Children-in-Saki-in-South-Western-Nigeria.pdf","",179,"2021-07-17 18:03:23","PDF","","","",,,,,0,0.00,0,4,,"… AGE (yrs) 9.23 ±1.28 Height (m) 1.24±0.09 Weight (kg) 21.82± 4.46 Waist Circumference (m) 0.58 … AI, Norinto I and Nagataki S (1987): Endemic goiter in Plateau State, Nigeria: the possible … of endemic goiter map for the region: In proceedings of the Nigerian /Japan Conference …","https://www.researchgate.net/profile/Augustine-Onyeaghala/publication/306065301_Assessment_of_Urinary_Iodine_Status_of_Primary_School_Children_in_Saki_in_South_Western_Nigeria/links/57ad882308ae0932c9756d5f/Assessment-of-Urinary-Iodine-Status-of-Primary-School-Children-in-Saki-in-South-Western-Nigeria.pdf","https://scholar.google.com/scholar?q=related:nQS9wyh2ZVoJ:scholar.google.com/&scioq=%22waist+circumference%22+nigeria&hl=en&as_sdt=0,5&as_ylo=2011&as_yhi=2012&as_vis=1"
5,"B Okeahialam, B Alonge, F Puepet, S Pam…","Cardiovascular morbidity: a comparative study on diabetes mellitus and hypertension",2012,"South African Journal …","journals.co.za","https://journals.co.za/doi/abs/10.10520/EJC121716","https://scholar.google.com/scholar?cites=14812648776310583285&as_sdt=2005&sciodt=0,5&hl=en",180,"2021-07-17 18:03:23","","10.10520/EJC121716","","",,,,,5,0.56,1,5,9,"… TC/HDL); SAC, significant alcohol consumption; BMI, body mass index; WC, waist circumference; WHR, waist … However, Osuntokun et al.61 found that 11% of 556 diabetic Nigerian patients had an … 29%, based on different criteria, in a population of civil servants in Benin, Nigeria …","http://www.diabetesjournal.co.za/downloads/editorschoice/sajdvd_v9_n2_a3.pdf","https://scholar.google.com/scholar?q=related:9e-dzpQZkc0J:scholar.google.com/&scioq=%22waist+circumference%22+nigeria&hl=en&as_sdt=0,5&as_ylo=2011&as_yhi=2012&as_vis=1"
126,"X Guo, L Zou, X Zhang, J Li, L Zheng…","Prehypertension: a meta-analysis of the epidemiology, risk factors, and predictors of progression",2011,"Texas heart institute …","ncbi.nlm.nih.gov","https://www.ncbi.nlm.nih.gov/pmc/articles/pmc3233334/","https://scholar.google.com/scholar?cites=8238094278410326717&as_sdt=2005&sciodt=0,5&hl=en",181,"2021-07-17 18:03:23","HTML","","","",,,,,126,12.60,21,6,10,"… Waist circumference was found to be an independent predictor in studies both by Pitsavos 26 and De Marco and co … Prevalence, associated factors and relationship between prehypertension and hypertension: a study of two ethnic African populations in Northern Nigeria …","https://www.ncbi.nlm.nih.gov/pmc/articles/pmc3233334/","https://scholar.google.com/scholar?q=related:vVLTUhmXU3IJ:scholar.google.com/&scioq=%22waist+circumference%22+nigeria&hl=en&as_sdt=0,5&as_ylo=2011&as_yhi=2012&as_vis=1"
45,"K Nebeck, B Gelaye, S Lemma, Y Berhane…","Hematological parameters and metabolic syndrome: findings from an occupational cohort in Ethiopia",2012,"Diabetes & Metabolic …","Elsevier","https://www.sciencedirect.com/science/article/pii/S1871402112000719","https://scholar.google.com/scholar?cites=3806954003049039580&as_sdt=2005&sciodt=0,5&hl=en",182,"2021-07-17 18:03:23","","","","",,,,,45,5.00,9,5,9,"… In both men and women, white blood cell (WBC) counts were positively associated with BMI and waist circumference (P < 0.05) … Similarly mean percentages of hematocrit and waist circumference were higher among men compared to women …","https://www.ncbi.nlm.nih.gov/pmc/articles/pmc3460271/","https://scholar.google.com/scholar?q=related:3Eb9434E1TQJ:scholar.google.com/&scioq=%22waist+circumference%22+nigeria&hl=en&as_sdt=0,5&as_ylo=2011&as_yhi=2012&as_vis=1"
1,"A Teyhan","The impact of neighbourhood and school environments on ethnic differences in body size in adolescence",2012,"","theses.gla.ac.uk","http://theses.gla.ac.uk/3288/","https://scholar.google.com/scholar?cites=15682728160426956070&as_sdt=2005&sciodt=0,5&hl=en",183,"2021-07-17 18:03:23","","","","",,,,,1,0.11,1,1,9,"… girls; compared to their White UK peers Black Caribbean and Nigerian/Ghanaian boys and girls, and Other African girls, had a greater mean BMI SDS. These patterns were not observed for waist circumference, signalling ethnic differences in fat distribution or body composition …","http://theses.gla.ac.uk/3288/1/2012TeyhanPhD.pdf","https://scholar.google.com/scholar?q=related:JpVD1ys-pNkJ:scholar.google.com/&scioq=%22waist+circumference%22+nigeria&hl=en&as_sdt=0,5&as_ylo=2011&as_yhi=2012&as_vis=1"
31,"PC Negi, R Bhardwaj, A Kandoria, S Asotra…","Epidemiological study of hypertension in natives of Spiti Valley in Himalayas and impact of hypobaric hypoxemia; a cross-sectional study",2012,"J Assoc Physicians …","researchgate.net","https://www.researchgate.net/profile/Rajeev-Bhardwaj/publication/235626735_Epidemiological_study_of_hypertension_in_natives_of_Spiti_Valley_in_Himalayas_and_impact_of_hypobaric_hypoxemia_a_cross-sectional_study/links/559d65c608ae76bed0bb373e/Epidemiological-study-of-hypertension-in-natives-of-Spiti-Valley-in-Himalayas-and-impact-of-hypobaric-hypoxemia-a-cross-sectional-study.pdf","https://scholar.google.com/scholar?cites=1713467151838205941&as_sdt=2005&sciodt=0,5&hl=en",184,"2021-07-17 18:03:23","PDF","","","",,,,,31,3.44,6,5,9,"… Diab Care 2007;30:S42–7. 23. Okosun IS, Cooper RS, Rotimi CN, et al; Association of waist circumference with risk of hypertension and type 2 diabetes in Nigerians, Jamaicans, and African-Americans; Diabetes Care 1998;21:1836-1842. 24 …","https://www.researchgate.net/profile/Rajeev-Bhardwaj/publication/235626735_Epidemiological_study_of_hypertension_in_natives_of_Spiti_Valley_in_Himalayas_and_impact_of_hypobaric_hypoxemia_a_cross-sectional_study/links/559d65c608ae76bed0bb373e/Epidemiological-study-of-hypertension-in-natives-of-Spiti-Valley-in-Himalayas-and-impact-of-hypobaric-hypoxemia-a-cross-sectional-study.pdf","https://scholar.google.com/scholar?q=related:9ded10t1xxcJ:scholar.google.com/&scioq=%22waist+circumference%22+nigeria&hl=en&as_sdt=0,5&as_ylo=2011&as_yhi=2012&as_vis=1"
49,"C Remedios, M Shah, AG Bhasker, M Lakdawala","Hyperuricemia: a reality in the Indian obese",2012,"Obesity surgery","Springer","https://link.springer.com/article/10.1007/s11695-012-0655-7","https://scholar.google.com/scholar?cites=4412666503240068093&as_sdt=2005&sciodt=0,5&hl=en",185,"2021-07-17 18:03:23","","10.1007/s11695-012-0655-7","","",,,,,49,5.44,12,4,9,"… to evaluate the prevalence of hyperuricemia in the Indian obese population and to determine if a correlation exists between hyperuricemia, body mass index, waist circumference and components … Ogbera and Azenabor reported a 25 % prevalence in the Nigerian population [6] …","https://www.thedigestive.in/pdf/scientific_publication4.pdf","https://scholar.google.com/scholar?q=related:_avjLc7wPD0J:scholar.google.com/&scioq=%22waist+circumference%22+nigeria&hl=en&as_sdt=0,5&as_ylo=2011&as_yhi=2012&as_vis=1"
0,"UI NWAGHA","PREGNANCY-INDUCED CHANGES IN SOME VENTILATORY INDICES IN ENUGU, SOUTH EAST NIGERIA.",2011,"","unn.edu.ng","https://www.unn.edu.ng/publications/files/images/UCHENNA%20IFEANYI%20NWAGHA.pdf","",186,"2021-07-17 18:03:23","PDF","","","",,,,,0,0.00,0,1,10,"… Lagos, Nigeria studied the static and dynamic long volumes of 181 (123 males and 58 females) apparently healthy Nigerian adults … Page 28. 13 Ogun state Nigeria used 131 school children and adolescents aged … Nigerians of similar age, sex, height and weight. Physical activity …","https://www.unn.edu.ng/publications/files/images/UCHENNA%20IFEANYI%20NWAGHA.pdf","https://scholar.google.com/scholar?q=related:CEGTokNV9KUJ:scholar.google.com/&scioq=%22waist+circumference%22+nigeria&hl=en&as_sdt=0,5&as_ylo=2011&as_yhi=2012&as_vis=1"
86,"AM Evans","The paediatric flat foot and general anthropometry in 140 Australian school children aged 7-10 years",2011,"Journal of foot and ankle research","Springer","https://link.springer.com/article/10.1186/1757-1146-4-12","https://scholar.google.com/scholar?cites=9650034640389504750&as_sdt=2005&sciodt=0,5&hl=en",187,"2021-07-17 18:03:23","HTML","10.1186/1757-1146-4-12","","",,,,,86,8.60,86,1,10,"… percentile for children in the US [35], where the average waist circumference across genders in children aged seven to 10 years was 74.4 cm (range 68.4 - 80.8 cm), the average waist circumference in our … Alakija W: Prevalence of flat foot in school children in Benin City, Nigeria …","https://link.springer.com/article/10.1186/1757-1146-4-12","https://scholar.google.com/scholar?q=related:7n6hmmDP64UJ:scholar.google.com/&scioq=%22waist+circumference%22+nigeria&hl=en&as_sdt=0,5&as_ylo=2011&as_yhi=2012&as_vis=1"
22,"N Zubair, CW Kuzawa, TW McDade…","Cluster analysis reveals important determinants of cardiometabolic risk patterns in Filipino women",2012,"Asia Pacific journal of …","ncbi.nlm.nih.gov","https://www.ncbi.nlm.nih.gov/pmc/articles/PMC3469259/","https://scholar.google.com/scholar?cites=205109051766461888&as_sdt=2005&sciodt=0,5&hl=en",188,"2021-07-17 18:03:23","HTML","","","",,,,,22,2.44,6,4,9,"… Clusters differed by age, menopausal status, socioeconomic status, saturated fat intake, and combinations of overweight (BMI>23) and high waist circumference (>80cm) … Keywords: cluster analysis, metabolic syndrome, cardiovascular disease, waist circumference, Asia …","https://www.ncbi.nlm.nih.gov/pmc/articles/PMC3469259/","https://scholar.google.com/scholar?q=related:wNXBipix2AIJ:scholar.google.com/&scioq=%22waist+circumference%22+nigeria&hl=en&as_sdt=0,5&as_ylo=2011&as_yhi=2012&as_vis=1"
2,"F Tessema, AH Haileamlak, AT Muluneh…","Physical measurement profile at Gilgel gibe field research center, Southwest Ethiopia",2012,"Ethiopian journal of …","ajol.info","https://www.ajol.info/index.php/ejhs/article/view/86725","https://scholar.google.com/scholar?cites=1957163061331322788&as_sdt=2005&sciodt=0,5&hl=en",189,"2021-07-17 18:03:23","","","","",,,,,2,0.22,1,4,9,"… Similarly the mean waist circumference was higher for men beyond the age of 35 years; but the pattern in the younger age groups was not consistent … Nigeria 1197 41.7±13.6 163.1±9.5 61.3±10.9 77.7±9.3 88.5±9.9 0.88±0.05 22.6±4.5 121.5+19.7 73.3+13.0 …","https://www.ajol.info/index.php/ejhs/article/download/86725/76529","https://scholar.google.com/scholar?q=related:pGcrTm89KRsJ:scholar.google.com/&scioq=%22waist+circumference%22+nigeria&hl=en&as_sdt=0,5&as_ylo=2011&as_yhi=2012&as_vis=1"
0,"GK Tachang, SP Choukem…","The role of Plasma Fibrinogen and Uric Acid Levels in relation to Myocardial Infarction risk in patients with the Metabolic Syndrome-Preliminary findings in the …",2011,"International …","internationalscholarsjournals.com","https://www.internationalscholarsjournals.com/articles/the-role-of-plasma-fibrinogen-and-uric-acid-levels-in-relation-to-myocardial-infarction-risk-in-patients-with-the-metabo.pdf","",190,"2021-07-17 18:03:23","PDF","","","",,,,,0,0.00,0,3,10,"… circumference, diastolic pressure and body mass index. This further confirms the fact that elevated uric acid could be considered a determinant or component of metabolic syndrome. This is consistent with the findings of several investigators (21,12,10 ,7) . Working on Nigerian …","https://www.internationalscholarsjournals.com/articles/the-role-of-plasma-fibrinogen-and-uric-acid-levels-in-relation-to-myocardial-infarction-risk-in-patients-with-the-metabo.pdf","https://scholar.google.com/scholar?q=related:sIDCC5QkPOYJ:scholar.google.com/&scioq=%22waist+circumference%22+nigeria&hl=en&as_sdt=0,5&as_ylo=2011&as_yhi=2012&as_vis=1"
84,"RW Mayega, F Makumbi, E Rutebemberwa, S Peterson…","Modifiable socio-behavioural factors associated with overweight and hypertension among persons aged 35 to 60 years in eastern Uganda",2012,"","journals.plos.org","https://journals.plos.org/plosone/article?id=10.1371/journal.pone.0047632","https://scholar.google.com/scholar?cites=18130322574038125435&as_sdt=2005&sciodt=0,5&hl=en",191,"2021-07-17 18:03:23","HTML","","","",,,,,84,9.33,17,5,9,"… if it was 94.1–102 cm for males and 80.1–88 cm for females, and as having a substantially elevated waist circumference if it was … For example, a recent assessment in Nigeria showed that it had good concurrent validity (correlation of 0.78) and reliability (coefficient of 0.73) for …","https://journals.plos.org/plosone/article?id=10.1371/journal.pone.0047632","https://scholar.google.com/scholar?q=related:e8vJkFLYm_sJ:scholar.google.com/&scioq=%22waist+circumference%22+nigeria&hl=en&as_sdt=0,5&as_ylo=2011&as_yhi=2012&as_vis=1"
16,"AN Adamu","Comparative performance of HbA1c 6.5% for FPG≥ 7.0 vs 2hr PG≥ 11.1 criteria for diagnosis of type 2 diabetes",2011,"African health sciences","ajol.info","https://www.ajol.info/index.php/ahs/article/view/73408","https://scholar.google.com/scholar?cites=14373516341726833002&as_sdt=2005&sciodt=0,5&hl=en",192,"2021-07-17 18:03:23","","","","",,,,,16,1.60,16,1,10,"… Waist circumference in cm 100.19±10.21 99.55±11.48 100.75±7.65 0.75 Hip circumference in cm 109.65±11.48 108.20±9.25 111.58±14.38 0.42 Waist to … Final report of National Expert Committee on Non-Communicable Diseases in Nigeria … newly diagnosed Nigerian diabetes …","https://www.ajol.info/index.php/ahs/article/download/73408/62325","https://scholar.google.com/scholar?q=related:amnmafX8eMcJ:scholar.google.com/&scioq=%22waist+circumference%22+nigeria&hl=en&as_sdt=0,5&as_ylo=2011&as_yhi=2012&as_vis=1"
3,"AM Amlogu, K Godden, I Tewfik, S Tewfik…","… TO ATTENUATE THE PROGRESSION OF HIV TO AIDS AMONG PEOPLE LIVING WITH HIV (PLWH) IN ABUJA, NIGERIA: A CONCEPTUAL FRAMEWORK",2011,"… Knowledge Making a …","books.google.com","https://books.google.com/books?hl=en&lr=&id=LJnzDwAAQBAJ&oi=fnd&pg=PA449&dq=%22waist+circumference%22+nigeria&ots=d1sHdvQEry&sig=XRonnYJYFnOMrhTVOoEdf6iIfSU","https://scholar.google.com/scholar?cites=750569823305629179&as_sdt=2005&sciodt=0,5&hl=en",193,"2021-07-17 18:03:23","","","","",,,,,3,0.30,1,5,10,"… However, WHO Furthermore, the Nigerian Government, fully committed to increasing access to … circumference (MUAC) body mass index, skin fold measurement, waist circumference), clinical investigations (eg … selected from locally avail- able food in Abuja Nigeria, analyzed and …","","https://scholar.google.com/scholar?q=related:-31CEUePagoJ:scholar.google.com/&scioq=%22waist+circumference%22+nigeria&hl=en&as_sdt=0,5&as_ylo=2011&as_yhi=2012&as_vis=1"
12,"JO Bamidele, EOA Olarinmoye…","… and Socio-Demographic Determinants of under-Weight and Pre-Obesity among in-School Adolescents in Olorunda Local Government Area, Osun State, Nigeria.",2011,"TAF Preventive …","search.ebscohost.com","http://search.ebscohost.com/login.aspx?direct=true&profile=ehost&scope=site&authtype=crawler&jrnl=1303734X&AN=67253473&h=wHR%2FG40S%2B5Se03i7veiN1Ga3ruZcSsENcKwkvgp2LVSO8gdWDXumPKIiPkrhkijn3CYYLxOi6kk43JSvd%2FUxig%3D%3D&crl=c","https://scholar.google.com/scholar?cites=8400912855186743297&as_sdt=2005&sciodt=0,5&hl=en",194,"2021-07-17 18:03:23","","","","",,,,,12,1.20,4,3,10,"… of 7.0%, North Africa 8%, and Latin America 4.5-7%, but similar to a Nigerian study where … Prevalence of Underweight: A Matter of Concern among Adolescents in Osun State, Nigeria … 18 Moreno LA, Pineda I, Rodríguez G, Fleta J, Sarría A, Bueno M. Waist circumference for the …","","https://scholar.google.com/scholar?q=related:ASBrWrsJlnQJ:scholar.google.com/&scioq=%22waist+circumference%22+nigeria&hl=en&as_sdt=0,5&as_ylo=2011&as_yhi=2012&as_vis=1"
13,"A Abubakar, M Mabrouk, AB Girei, MK Ahmed","Lipid profiles and platelets counts of pre-eclamptic women in selected rural areas of northern Nigeria",2011,"","static.webmedcentral.com","https://static.webmedcentral.com/article_view/2121","https://scholar.google.com/scholar?cites=8713056824325817341&as_sdt=2005&sciodt=0,5&hl=en",195,"2021-07-17 18:03:23","HTML","","","",,,,,13,1.30,3,4,10,"… from Finland by Pouta et al., (2004) found that women with pre-eclampsia were found to have increased waist circumference, waist/hip … evaluating the correlation between the severity of preeclampsia and socio-cultural background in rural areas of Northern Nigeria are scanty as …","https://static.webmedcentral.com/article_view/2121","https://scholar.google.com/scholar?q=related:_cO7mQT_6ngJ:scholar.google.com/&scioq=%22waist+circumference%22+nigeria&hl=en&as_sdt=0,5&as_ylo=2011&as_yhi=2012&as_vis=1"
94,"Y Hendley, L Zhao, DL Coverson…","Differences in weight perception among blacks and whites",2011,"Journal of Women's …","liebertpub.com","https://www.liebertpub.com/doi/abs/10.1089/jwh.2010.2262","https://scholar.google.com/scholar?cites=2148013103257468362&as_sdt=2005&sciodt=0,5&hl=en",196,"2021-07-17 18:03:23","","10.1089/jwh.2010.2262","","",,,,,94,9.40,24,4,10,"… We explored race and gender differences in underestimation of weight using body mass index (BMI) and waist circumference (WC), after adjusting for other cardiovascular risk factors … Waist circumference (cm), 98.3±17.2, 99.9±17.6, 96.4±16.7 …","https://www.ncbi.nlm.nih.gov/pmc/articles/PMC3236990/","https://scholar.google.com/scholar?q=related:yr2LaIlGzx0J:scholar.google.com/&scioq=%22waist+circumference%22+nigeria&hl=en&as_sdt=0,5&as_ylo=2011&as_yhi=2012&as_vis=1"
1,"MA Talle, BN Okeahialam, B Bakki…","Left ventricular geometry in untreated hypertensive patients presenting to a tertiary hospital in North Eastern Nigeria",2011,"…","bornomedicaljournal.com","http://www.bornomedicaljournal.com/pdfs/LEFT%20VENTRICULAR%20GEOMETRY%20IN%20UNTREATED%20HYPERTENSIVE%20PATIENTS.pdf","https://scholar.google.com/scholar?cites=17467308295755201183&as_sdt=2005&sciodt=0,5&hl=en",197,"2021-07-17 18:03:23","PDF","","","",,,,,1,0.10,0,4,10,"… N=Number; M/F=Male/Female; BMI=body mass index; WC=waist circumference; BSA=body … N on - Communicable Diseases in Nigeria- Final Report of a National Survey … criteria for the diagnosis of left ventricular hypertrophy and echocardiogram in adult hypertensive Nigerians …","http://www.bornomedicaljournal.com/pdfs/LEFT%20VENTRICULAR%20GEOMETRY%20IN%20UNTREATED%20HYPERTENSIVE%20PATIENTS.pdf","https://scholar.google.com/scholar?q=related:n_q4ZllYaPIJ:scholar.google.com/&scioq=%22waist+circumference%22+nigeria&hl=en&as_sdt=0,5&as_ylo=2011&as_yhi=2012&as_vis=1"
14,"C Sossa, H Delisle, V Agueh, M Makoutodé…","Four-year trends in cardiometabolic risk factors according to baseline abdominal obesity status in west-African Adults: the benin study",2012,"Journal of …","hindawi.com","https://www.hindawi.com/journals/jobe/2012/740854/","https://scholar.google.com/scholar?cites=1239099510354874401&as_sdt=2005&sciodt=0,5&hl=en",198,"2021-07-17 18:03:23","HTML","","","",,,,,14,1.56,3,5,9,"… The study examined whether abdominal obesity (AO) according to waist circumference was associated with more unfavourable changes in other cardiometabolic risk (CMR) factors in sub-Saharan Africans … 25.8 ± 5.8 26.3 ± 6.6 0.588 Waist circumference cm (mean ± SD) Men …","https://www.hindawi.com/journals/jobe/2012/740854/","https://scholar.google.com/scholar?q=related:IRAQjHAqMhEJ:scholar.google.com/&scioq=%22waist+circumference%22+nigeria&hl=en&as_sdt=0,5&as_ylo=2011&as_yhi=2012&as_vis=1"
1,"M Made","Metabolic Syndrome",2011,"West London Medical Journal","core.ac.uk","https://core.ac.uk/download/pdf/235243962.pdf","https://scholar.google.com/scholar?cites=5624649851828099355&as_sdt=2005&sciodt=0,5&hl=en",199,"2021-07-17 18:03:23","PDF","","","",,,,,1,0.10,1,1,10,"… non-alcoholic fatty liver disease or acanthuses Nigerians. • A family history of Type 2 diabetes, hypertension or CVD. • History of gestational diabetes or glucose intolerance. • Non white ethnic group. • A Sedentary lifestyle. • The BMI 25 kg/m2 or waist circumference 94 cm for …","https://core.ac.uk/download/pdf/235243962.pdf","https://scholar.google.com/scholar?q=related:G9kqVD3FDk4J:scholar.google.com/&scioq=%22waist+circumference%22+nigeria&hl=en&as_sdt=0,5&as_ylo=2011&as_yhi=2012&as_vis=1"
0,"AO Akinpelu, CA Gbiri, YO Banks…","Relationship among three field methods of estimating percent body fat in young adults",2011,"Journal of the Nigeria …","academicjournals.org","https://academicjournals.org/journal/JNSP/article-abstract/6E55C2565213","",200,"2021-07-17 18:03:23","","","","",,,,,0,0.00,0,4,10,"… This study therefore investigated the relationships among estimated percent body fat in apparently healthy Nigerian young adults … JOURNAL OF THE NIGERIA SOCIETY OF PHYSIOTHERAPY – VOLS … Waist circumference as a measure for indicating need for weight management …","https://academicjournals.org/journal/JNSP/article-full-text-pdf/6E55C2565213","https://scholar.google.com/scholar?q=related:TCINwPHWi9gJ:scholar.google.com/&scioq=%22waist+circumference%22+nigeria&hl=en&as_sdt=0,5&as_ylo=2011&as_yhi=2012&as_vis=1"
89,"H Delisle, G Ntandou-Bouzitou, V Agueh…","Urbanisation, nutrition transition and cardiometabolic risk: the Benin study",2012,"British Journal of …","cambridge.org","https://www.cambridge.org/core/journals/british-journal-of-nutrition/article/urbanisation-nutrition-transition-and-cardiometabolic-risk-the-benin-study/050AD937E975C43025B1C2EC1A2AAF3E","https://scholar.google.com/scholar?cites=15639812753956618790&as_sdt=2005&sciodt=0,5&hl=en",201,"2021-07-17 18:03:23","","","","",,,,,89,9.89,22,4,9,"… Blood pressure BMI, waist circumference Insulin resistance Cholesterol … Energy and nutrient intakes were computed with WorldFood(25) and additional data were derived from other food composition tables of the region, in particular from Mali(26) and Nigeria(27) …","https://www.cambridge.org/core/services/aop-cambridge-core/content/view/050AD937E975C43025B1C2EC1A2AAF3E/S0007114511004661a.pdf/urbanisation_nutrition_transition_and_cardiometabolic_risk_the_benin_study.pdf","https://scholar.google.com/scholar?q=related:JkI1IdbGC9kJ:scholar.google.com/&scioq=%22waist+circumference%22+nigeria&hl=en&as_sdt=0,5&as_ylo=2011&as_yhi=2012&as_vis=1"
72,"AP Doumatey, AR Bentley, J Zhou…","Paradoxical hyperadiponectinemia is associated with the metabolically healthy obese (MHO) phenotype in African Americans",2012,"… of endocrinology and …","ncbi.nlm.nih.gov","https://www.ncbi.nlm.nih.gov/pmc/articles/pmc3534968/","https://scholar.google.com/scholar?cites=3471318588731247738&as_sdt=2005&sciodt=0,5&hl=en",202,"2021-07-17 18:03:23","HTML","","","",,,,,72,8.00,18,4,9,"… Equal proportion of the obese male and female subjects (19.2%; 66/343) had PHA; these obese individuals with PHA had a healthier metabolic profile including higher HDL-cholesterol, lower insulin levels and smaller waist circumference and insulin levels compared to those …","https://www.ncbi.nlm.nih.gov/pmc/articles/pmc3534968/","https://scholar.google.com/scholar?q=related:ekyJV92ZLDAJ:scholar.google.com/&scioq=%22waist+circumference%22+nigeria&hl=en&as_sdt=0,5&as_ylo=2011&as_yhi=2012&as_vis=1"
9,"AG Roosheroe, S Setiati, R Istanti","Insulin resistance as one of indicators for metabolic syndrome and its associated factors in Indonesian elderly",2012,"Acta Med Indones","inaactamedica.org","http://www.inaactamedica.org/archives/2012/July/22983074.pdf","https://scholar.google.com/scholar?cites=14576137061313625428&as_sdt=2005&sciodt=0,5&hl=en",203,"2021-07-17 18:03:23","PDF","","","",,,,,9,1.00,3,3,9,"… resistance in elderly subjects.27 Nilson also found similar results in his study, which revealed a correlation between waist circumference and insulin … The prevalence of insulin resistance and other cardiovascular disease risk factors in healthy elderly southwestern Nigerians …","http://www.inaactamedica.org/archives/2012/July/22983074.pdf","https://scholar.google.com/scholar?q=related:VD0B-W3XSMoJ:scholar.google.com/&scioq=%22waist+circumference%22+nigeria&hl=en&as_sdt=0,5&as_ylo=2011&as_yhi=2012&as_vis=1"
0,"K Otani, M Ohtaki, K Satoh, T Tonda","P1-272 Evaluation of effects of atomic bomb survivors' health handbooks on their health promotion",2011,"Journal of Epidemiology & …","jech.bmj.com","https://jech.bmj.com/content/65/Suppl_1/A141.3.short","",204,"2021-07-17 18:03:23","","","","",,,,,0,0.00,0,4,10,"… term difficulties of this condition there is paucity of community derived data in sub-Saharan Africa and especially in Nigeria, the most … The prevalence of hypertension was 30%, diabetes mellitus (DM) (3.7%), obesity (defined by BMI) 2.7% and elevated waist circumference (14.6 …","",""
0,"A Pac, B Tobiasz-Adamczyk, P Brzyski…","P1-273 The changing role of mortality predictors over 20 years of observation",2011,"… of Epidemiology & …","jech.bmj.com","https://jech.bmj.com/content/65/Suppl_1/A141.4.short","",205,"2021-07-17 18:03:23","","","","",,,,,0,0.00,0,4,10,"… term difficulties of this condition there is paucity of community derived data in sub-Saharan Africa and especially in Nigeria, the most … The prevalence of hypertension was 30%, diabetes mellitus (DM) (3.7%), obesity (defined by BMI) 2.7% and elevated waist circumference (14.6 …","",""
0,"A Oliveira, E Pinto, P Moreira, AC Santos…","P1-270 Small and large for gestational age children have different eating behaviours at 6 months of age",2011,"… of Epidemiology & …","jech.bmj.com","https://jech.bmj.com/content/65/Suppl_1/A141.1.short","",206,"2021-07-17 18:03:23","","","","",,,,,0,0.00,0,5,10,"… term difficulties of this condition there is paucity of community derived data in sub-Saharan Africa and especially in Nigeria, the most … The prevalence of hypertension was 30%, diabetes mellitus (DM) (3.7%), obesity (defined by BMI) 2.7% and elevated waist circumference (14.6 …","",""
5,"KG Badaruddoza, R Kumar","Association of Anthropometric and Metabolic Variables with Cardiovascular Disease among Urban and Rural Origin",2011,"American Journal of Applied …","researchgate.net","https://www.researchgate.net/profile/Raman-Kumar-16/publication/260667949_Association_of_Anthropometric_and_Metabolic_Variables_with_Cardiovascular_Disease_among_Urban_and_Rural_Origin/links/00b49531f12afbbd73000000/Association-of-Anthropometric-and-Metabolic-Variables-with-Cardiovascular-Disease-among-Urban-and-Rural-Origin.pdf","https://scholar.google.com/scholar?cites=16855429895229313918&as_sdt=2005&sciodt=0,5&hl=en",207,"2021-07-17 18:03:23","PDF","","","",,,,,5,0.50,3,2,10,"… Obesity has been defined by increased Waist Circumference (WC), Body Mass Index (BMI) and Waist Hip Ratio (WHR) … Weight was recorded with an allowance deducted for clothing to the nearest 0.5 kg. Waist circumference was measured using a steel tape …","https://www.researchgate.net/profile/Raman-Kumar-16/publication/260667949_Association_of_Anthropometric_and_Metabolic_Variables_with_Cardiovascular_Disease_among_Urban_and_Rural_Origin/links/00b49531f12afbbd73000000/Association-of-Anthropometric-and-Metabolic-Variables-with-Cardiovascular-Disease-among-Urban-and-Rural-Origin.pdf","https://scholar.google.com/scholar?q=related:fpOkkS-E6ukJ:scholar.google.com/&scioq=%22waist+circumference%22+nigeria&hl=en&as_sdt=0,5&as_ylo=2011&as_yhi=2012&as_vis=1"
0,"U ABDULAZIZ","CORRELATES OF FUNCTIONAL DISABILITY AMONG SUBJECTS WITH OSTEOARTHRITIS OF THE KNEE IN ZARIA, NORTHERN NIGERIA",2011,"Faculty of INTERNAL MEDICINE","dissertation.npmcn.edu.ng","http://www.dissertation.npmcn.edu.ng/index.php/FMCP/article/download/609/592","",208,"2021-07-17 18:03:23","PDF","","","",,,,,0,0.00,0,1,10,"… potentially modifiable risk factors of functional disability and measures aimed at their control will go a long way to alleviate disability in Nigerians with knee osteoarthritis … In Nigeria, knee osteoarthritis is a public health problem, given its high prevalence … on the Nigerian society …","http://www.dissertation.npmcn.edu.ng/index.php/FMCP/article/download/609/592","https://scholar.google.com/scholar?q=related:daE6SSDSjgsJ:scholar.google.com/&scioq=%22waist+circumference%22+nigeria&hl=en&as_sdt=0,5&as_ylo=2011&as_yhi=2012&as_vis=1"
82,"Q Lu, CM Ma, FZ Yin, BW Liu, DH Lou…","How to simplify the diagnostic criteria of hypertension in adolescents",2011,"Journal of human …","nature.com","https://www.nature.com/articles/jhh201046","https://scholar.google.com/scholar?cites=11696177968551527586&as_sdt=2005&sciodt=0,5&hl=en",209,"2021-07-17 18:03:23","HTML","","","",,,,,82,8.20,14,6,10,"… More recently, an increasing number of studies documented that the ratio of waist circumference to height (waist-to-height ratio) was even superior to waist circumference and body mass index (BMI) to predict overweight and obesity in children and adolescents …","https://www.nature.com/articles/jhh201046","https://scholar.google.com/scholar?q=related:ooRDteQrUaIJ:scholar.google.com/&scioq=%22waist+circumference%22+nigeria&hl=en&as_sdt=0,5&as_ylo=2011&as_yhi=2012&as_vis=1"
95,"P Janwantanakul, P Pensri…","Development of a risk score for low back pain in office workers-a cross-sectional study",2011,"BMC …","bmcmusculoskeletdisord …","https://bmcmusculoskeletdisord.biomedcentral.com/articles/10.1186/1471-2474-12-23","https://scholar.google.com/scholar?cites=17415339177002986484&as_sdt=2005&sciodt=0,5&hl=en",210,"2021-07-17 18:03:23","HTML","10.1186/1471-2474-12-23","","",,,,,95,9.50,32,3,10,"… previous 4 weeks. The physical examination included measurement of body weight, height, waist circumference, hamstrings length, spinal scoliosis, spinal curve, Backache Index and lumbar stability. Logistic regression was …","https://bmcmusculoskeletdisord.biomedcentral.com/articles/10.1186/1471-2474-12-23","https://scholar.google.com/scholar?q=related:9Os0CLa2r_EJ:scholar.google.com/&scioq=%22waist+circumference%22+nigeria&hl=en&as_sdt=0,5&as_ylo=2011&as_yhi=2012&as_vis=1"
0,"J Bainbridge","H1N1 flu vaccine not associated with risk of birth defects",2012,"British Journal of Midwifery","magonlinelibrary.com","https://www.magonlinelibrary.com/doi/full/10.12968/bjom.2012.20.8.603","",211,"2021-07-17 18:03:23","","10.12968/bjom.2012.20.8.603","","",,,,,0,0.00,0,1,9,"… Nigeria's midwifery care has been improved by a scheme to support midwives to work in … Nigerian researchers from the National Primary Health Care Development Agency in Abuja said the service … with the control group who lost on average 1.8 kg and 1 cm waist circumference …","",""
75,"H Julius, D Basu, E Ricci, J Wing…","The burden of metabolic diseases amongst HIV positive patients on HAART attending The Johannesburg Hospital",2011,"Current HIV …","ingentaconnect.com","https://www.ingentaconnect.com/content/ben/chr/2011/00000009/00000004/art00006","https://scholar.google.com/scholar?cites=1272805952197429550&as_sdt=2005&sciodt=0,5&hl=en",212,"2021-07-17 18:03:23","","","","",,,,,75,7.50,15,5,10,"… However, waist circumference has recently been suggested as the best predictor of insuline resistance in non-diabetic non-HIV infected black African women [15], thus suggesting that the high prevalence (65%), among women, of this feature in our … 4 251 clinic in Lagos, Nigeria …","https://www.researchgate.net/profile/Paolo-Bonfanti/publication/51182764_The_Burden_of_Metabolic_Diseases_Amongst_HIV_Positive_Patients_on_HAART_Attending_the_Johannesburg_Hospital/links/0a85e5300d08c43b8c000000/The-Burden-of-Metabolic-Diseases-Amongst-HIV-Positive-Patients-on-HAART-Attending-the-Johannesburg-Hospital.pdf","https://scholar.google.com/scholar?q=related:Lgm7GEXqqREJ:scholar.google.com/&scioq=%22waist+circumference%22+nigeria&hl=en&as_sdt=0,5&as_ylo=2011&as_yhi=2012&as_vis=1"
1,"S Tanweer, Y Illahi, B Amatya, A Naeem…","Frequency of the metabolic syndrome in type 2 diabetic subjects attending the diabetes clinic of Nishtar Medical College and Hospital, Multan",2011,"Annals of Punjab …","apmcfmu.com","http://apmcfmu.com/index.php/apmc/article/view/533","https://scholar.google.com/scholar?cites=14800617727852267049&as_sdt=2005&sciodt=0,5&hl=en",213,"2021-07-17 18:03:23","","","","",,,,,1,0.10,0,5,10,"… Around 40% of the total patients had raised waist circumference with over 2/3rd of them being females at 34.2 … The higher percentage is also reported in Nigerian women with type-2 diabetes mellitus.23 The reason may be a relatively sedentary lifestyle of women, in this part of …","http://apmcfmu.com/index.php/apmc/article/download/533/451","https://scholar.google.com/scholar?q=related:Kcb7DGhbZs0J:scholar.google.com/&scioq=%22waist+circumference%22+nigeria&hl=en&as_sdt=0,5&as_ylo=2011&as_yhi=2012&as_vis=1"
4,"AF Adeniyi, AS Mohammed, O Ayanniyi","Adverse relationships of adiposity and gait parameters: A survey of stroke patients undergoing rehabilitation",2011,"Hong Kong Physiotherapy …","Elsevier","https://www.sciencedirect.com/science/article/pii/S1013702511000066","https://scholar.google.com/scholar?cites=16405957976105427399&as_sdt=2005&sciodt=0,5&hl=en",214,"2021-07-17 18:03:23","HTML","","","",,,,,4,0.40,1,3,10,"… from the Physiotherapy Clinics of the Aminu Kano Teaching Hospital and Murtala Mohammed Specialist Hospital, Kano Nigeria, whereas the … The adiposity included body mass index (BMI), waist circumference (WC), thigh girth, waist-hip ratio (WHR), and percent body fat (PBF …","https://www.sciencedirect.com/science/article/pii/S1013702511000066","https://scholar.google.com/scholar?q=related:xyHAVdurreMJ:scholar.google.com/&scioq=%22waist+circumference%22+nigeria&hl=en&as_sdt=0,5&as_ylo=2011&as_yhi=2012&as_vis=1"
2,"K Narksawat, N Chansatitporn, P Panket…","Screening high-risk population for hypertension and type 2 diabetes among Thais",2012,"WHO South-East Asia …","apps.who.int","https://apps.who.int/iris/handle/10665/329846","https://scholar.google.com/scholar?cites=14754802583976097051&as_sdt=2005&sciodt=0,5&hl=en",215,"2021-07-17 18:03:23","","","","",,,,,2,0.22,1,4,9,"… Am J Cli Nutr. 2009; 89: 1905-1912. Okosun I, Osotimehin B, Cooper R, Forrester T, 10. Rotimi C. Association of waist circumference with risk of hypertension and type 2 diabetes in Nigerians, Jamaicans, and African-Americans. Diabetes Care. 1998; 21: 1836-1842. Page 10 …","https://apps.who.int/iris/bitstream/handle/10665/329846/seajphv1i3p320r.pdf","https://scholar.google.com/scholar?q=related:GzXpnMaWw8wJ:scholar.google.com/&scioq=%22waist+circumference%22+nigeria&hl=en&as_sdt=0,5&as_ylo=2011&as_yhi=2012&as_vis=1"
34,"AD Rule, M de Andrade, M Matsumoto…","Association between SLC2A9 transporter gene variants and uric acid phenotypes in African American and white families",2011,"…","academic.oup.com","https://academic.oup.com/rheumatology/article-abstract/50/5/871/1775771","https://scholar.google.com/scholar?cites=10664686781290159555&as_sdt=2005&sciodt=0,5&hl=en",216,"2021-07-17 18:03:23","","","","",,,,,34,3.40,9,4,10,"… pressure, use of anti-hypertensive therapy, diuretic use, diabetes, history of coronary disease, physical activity, BMI, waist circumference, hip circumference … merged Affymetrix 6.0 and Illumina 1M-Duo genotypes and 60 unrelated Yoruba people of Ibadan, Nigeria (YRI) samples …","https://academic.oup.com/rheumatology/article/50/5/871/1775771","https://scholar.google.com/scholar?q=related:w52apx-UAJQJ:scholar.google.com/&scioq=%22waist+circumference%22+nigeria&hl=en&as_sdt=0,5&as_ylo=2011&as_yhi=2012&as_vis=1"
71,"JM Wojcicki, K Holbrook, RH Lustig, E Epel…","Chronic maternal depression is associated with reduced weight gain in Latino infants from birth to 2 years of age",2011,"PloS one","journals.plos.org","https://journals.plos.org/plosone/article?id=10.1371/journal.pone.0016737","https://scholar.google.com/scholar?cites=886579472868501822&as_sdt=2005&sciodt=0,5&hl=en",217,"2021-07-17 18:03:23","HTML","","","",,,,,71,7.10,14,5,10,"… Maternal weight (using a Seca digital scale recording weight to nearest 0.1kg) and height (using a portable stadiometer to nearest 0.1cm) were measured between 12 and 24 months postpartum to calculate body mass index (BMI) (kg/m 2 ). Waist circumference in children was …","https://journals.plos.org/plosone/article?id=10.1371/journal.pone.0016737","https://scholar.google.com/scholar?q=related:Pul6UVXDTQwJ:scholar.google.com/&scioq=%22waist+circumference%22+nigeria&hl=en&as_sdt=0,5&as_ylo=2011&as_yhi=2012&as_vis=1"
49,"MA Kuti, FM Abbiyesuku, KS Akinlade…","Oral glucose tolerance testing outcomes among women at high risk for gestational diabetes mellitus",2011,"Journal of clinical …","jcp.bmj.com","https://jcp.bmj.com/content/64/8/718.short","https://scholar.google.com/scholar?cites=11039058339824621243&as_sdt=2005&sciodt=0,5&hl=en",218,"2021-07-17 18:03:23","","","","",,,,,49,4.90,12,4,10,"… of all pregnant women consecutively referred to the Metabolic Research Unit (MRU) of our hospital (University College Hospital, Ibadan, Nigeria) for an … The prevalence rate reported among a group of Nigerian women in the third trimester was 11.6% and 4.5% using the WHO …","https://www.researchgate.net/profile/Modupe-Kuti/publication/51159689_Oral_glucose_tolerance_testing_outcomes_among_women_at_high_risk_for_gestational_diabetes_mellitus/links/5788b08008aecf56ebcf172c/Oral-glucose-tolerance-testing-outcomes-among-women-at-high-risk-for-gestational-diabetes-mellitus.pdf","https://scholar.google.com/scholar?q=related:u1YPmBKdMpkJ:scholar.google.com/&scioq=%22waist+circumference%22+nigeria&hl=en&as_sdt=0,5&as_ylo=2011&as_yhi=2012&as_vis=1"
25,"S Ganesan, R Raman, V Kulothungan…","Influence of dietary‐fibre intake on diabetes and diabetic retinopathy: Sankara Nethralaya‐Diabetic Retinopathy Epidemiology and Molecular Genetic Study (report 26 …",2012,"Clinical & …","Wiley Online Library","https://onlinelibrary.wiley.com/doi/abs/10.1111/j.1442-9071.2011.02594.x","https://scholar.google.com/scholar?cites=7179252893154129014&as_sdt=2005&sciodt=0,5&hl=en",219,"2021-07-17 18:03:23","","10.1111/j.1442-9071.2011.02594.x","","",,,,,25,2.78,6,4,9,"Abstract Background: The present study aims to report the influence of dietary‐fibre intake on diabetes and diabetic microangiopathies among subjects >40 years in Urban India Design: Population‐b...","https://www.researchgate.net/profile/Rajiv-Raman-3/publication/51129472_Influence_of_dietary-fibre_intake_on_diabetes_and_diabetic_retinopathy_Sankara_Nethralaya-Diabetic_Retinopathy_Epidemiology_and_Molecular_Genetic_Study_report_26/links/5c70dea6a6fdcc47159430d4/Influence-of-dietary-fibre-intake-on-diabetes-and-diabetic-retinopathy-Sankara-Nethralaya-Diabetic-Retinopathy-Epidemiology-and-Molecular-Genetic-Study-report-26.pdf","https://scholar.google.com/scholar?q=related:drQlEXjUoWMJ:scholar.google.com/&scioq=%22waist+circumference%22+nigeria&hl=en&as_sdt=0,5&as_ylo=2011&as_yhi=2012&as_vis=1"
0,"AA Fuller","The efficacy of a high versus a low dose of exercise to reduce body weight and improve body composition in overweight women",2012,"","search.proquest.com","https://search.proquest.com/openview/3384ade87a2a5a03ff920c0253fa6519/1?pq-origsite=gscholar&cbl=18750","",220,"2021-07-17 18:03:23","BOOK","","","",,,,,0,0.00,0,1,9,"… dose (26 kcal/kg/week) or low dose (13 kcal/kg/week) endurance exercise is more efficacious for losing body weight, fat mass, and waist circumference and … Twelve-week changes in body weight, body composition, and waist circumference were not different between …","https://core.ac.uk/download/pdf/276266400.pdf","https://scholar.google.com/scholar?q=related:pCPn_pnsSe8J:scholar.google.com/&scioq=%22waist+circumference%22+nigeria&hl=en&as_sdt=0,5&as_ylo=2011&as_yhi=2012&as_vis=1"
190,"S Peng, Y Zhu, F Xu, X Ren, X Li, M Lai","FTO gene polymorphisms and obesity risk: a meta-analysis",2011,"BMC medicine","Springer","https://link.springer.com/article/10.1186/1741-7015-9-71","https://scholar.google.com/scholar?cites=4165907795830069821&as_sdt=2005&sciodt=0,5&hl=en",221,"2021-07-17 18:03:23","HTML","10.1186/1741-7015-9-71","","",,,,,190,19.00,32,6,10,"… based studies have shown that SNPs in the FTO gene are associated with increased body mass index (BMI) [5, 10, 11], and/or other metabolic-related traits, such as higher fasting insulin [12], glucose [12], triglycerides [12], lower HDL cholesterol [12], waist circumference [11, 13 …","https://link.springer.com/article/10.1186/1741-7015-9-71","https://scholar.google.com/scholar?q=related:PVp7gRFH0DkJ:scholar.google.com/&scioq=%22waist+circumference%22+nigeria&hl=en&as_sdt=0,5&as_ylo=2011&as_yhi=2012&as_vis=1"
20,"EL US, EAC Cemaluk","Impact of nitric oxide and insulin resistance on the pathophysiology of the metabolic syndrome: Possible role of L-arginine and glutamate",2011,"Journal of Medicine and Medical Sciences","researchgate.net","https://www.researchgate.net/profile/Egbuonu-Anthony-C-Cemaluk/publication/236191567_Ezeanyika_Lawrence_US_Egbuonu_Anthony_C_Cemaluk_2011_Impact_of_nitric_oxide_and_insulin_resistance_on_the_pathophysiology_of_the_metabolic_syndrome_Possible_role_of_l-arginine_and_glutamate_Journal_of/links/56be264e08aeedba05610f4b/Ezeanyika-Lawrence-US-Egbuonu-Anthony-C-Cemaluk-2011-Impact-of-nitric-oxide-and-insulin-resistance-on-the-pathophysiology-of-the-metabolic-syndrome-Possible-role-of-l-arginine-and-glutamate-Journal.pdf","https://scholar.google.com/scholar?cites=2441778703834466363&as_sdt=2005&sciodt=0,5&hl=en",222,"2021-07-17 18:03:23","PDF","","","",,,,,20,2.00,10,2,10,"… Nutrition and Toxicological Biochemistry Unit, Department of Biochemistry, University of Nigeria Nsukka, Nigeria … metabolic syndrome as the presence of three or more of the following risk factors in the same individual: abdominal obesity or waist circumference greater than …","https://www.researchgate.net/profile/Egbuonu-Anthony-C-Cemaluk/publication/236191567_Ezeanyika_Lawrence_US_Egbuonu_Anthony_C_Cemaluk_2011_Impact_of_nitric_oxide_and_insulin_resistance_on_the_pathophysiology_of_the_metabolic_syndrome_Possible_role_of_l-arginine_and_glutamate_Journal_of/links/56be264e08aeedba05610f4b/Ezeanyika-Lawrence-US-Egbuonu-Anthony-C-Cemaluk-2011-Impact-of-nitric-oxide-and-insulin-resistance-on-the-pathophysiology-of-the-metabolic-syndrome-Possible-role-of-l-arginine-and-glutamate-Journal.pdf","https://scholar.google.com/scholar?q=related:O8gqRsvw4iEJ:scholar.google.com/&scioq=%22waist+circumference%22+nigeria&hl=en&as_sdt=0,5&as_ylo=2011&as_yhi=2012&as_vis=1"
0,"GB MACY","Doctor of Education in Kinesiology and Health Promotion",2011,"","wku.edu","https://www.wku.edu/publichealth/cv/cv_gretchen_macy_2017.pdf","",223,"2021-07-17 18:03:23","PDF","","","",,,,,0,0.00,0,1,10,"… R. Roka, “Body Mass Index and Waist Circumference as a predictor of Hypertension in an Adult … K. Uju, “ Anemia Among Pregnant Women in Nigeria.” Kentucky Public Health Association Conference, Owensboro, KY, April, 2016. R. Bailey …","https://www.wku.edu/publichealth/cv/cv_gretchen_macy_2017.pdf",""
183,"VR Preedy","Handbook of anthropometry: physical measures of human form in health and disease",2012,"","books.google.com","https://books.google.com/books?hl=en&lr=&id=DHVjQRuT4AEC&oi=fnd&pg=PR3&dq=%22waist+circumference%22+nigeria&ots=RihhuCb496&sig=6J6XryuKnZ03rFGaZ7pr8bTsp4E","https://scholar.google.com/scholar?cites=3535340710515599382&as_sdt=2005&sciodt=0,5&hl=en",224,"2021-07-17 18:03:23","BOOK","","","",,,,,183,20.33,183,1,9,"… Amir Abbas Mahabadi, Pál Maurovich-Horvat, and Udo Hoffmann Measures of Waist Circumference … 1163 Herculina Salome Kruger Waist Circumference Measures and Application to Thai Children and Adolescents …","","https://scholar.google.com/scholar?q=related:FmhCKqUNEDEJ:scholar.google.com/&scioq=%22waist+circumference%22+nigeria&hl=en&as_sdt=0,5&as_ylo=2011&as_yhi=2012&as_vis=1"
98,"S Hanchaiphiboolkul, N Poungvarin…","Prevalence of stroke and stroke risk factors in Thailand: Thai Epidemiologic Stroke (TES) Study",2011,"Journal of the Medical …","thaiscience.info","https://www.thaiscience.info/Journals/Article/JMAT/10744093.pdf","https://scholar.google.com/scholar?cites=10537942510502197806&as_sdt=2005&sciodt=0,5&hl=en",225,"2021-07-17 18:03:23","PDF","","","",,,,,98,9.80,33,3,10,"… The measurement of waist circumference was taken at the level of mid-point between the inferior margin of the last rib and the crest of the ilium … crude prevalence of 2.70% (95% CI, 2.28 to 3.11) for adults aged > 65 years was similar to those of the elderly from Nigeria (2.41%)(23 …","https://www.thaiscience.info/Journals/Article/JMAT/10744093.pdf","https://scholar.google.com/scholar?q=related:Lrr4geFKPpIJ:scholar.google.com/&scioq=%22waist+circumference%22+nigeria&hl=en&as_sdt=0,5&as_ylo=2011&as_yhi=2012&as_vis=1"
9,"B Roca, M Bennasar, JA Ferrero, E Resino","Hepatitis C virus co-infection and sexual risk behaviour are associated with a high homocysteine serum level in HIV-infected patients",2012,"Swiss medical weekly","smw.ch","https://smw.ch/article/doi/smw.2012.13323","https://scholar.google.com/scholar?cites=8779018965483527555&as_sdt=2005&sciodt=0,5&hl=en",226,"2021-07-17 18:03:23","HTML","","","",,,,,9,1.00,2,4,9,"… Waist circumference (cm), mean (± SD), 87.3 (± 11.5) … 139 (96%) were natives of Spain, three (2%) were from other countries of Europe, two (1%) from Nigeria, and one (1%) from Brazil. All participants were white, except for the two Nigerians, who were black …","https://smw.ch/article/doi/smw.2012.13323","https://scholar.google.com/scholar?q=related:gx0QYjxX1XkJ:scholar.google.com/&scioq=%22waist+circumference%22+nigeria&hl=en&as_sdt=0,5&as_ylo=2011&as_yhi=2012&as_vis=1"
6,"LA Olatunji, AO Aaron, OS Michael…","Water ingestion affects orthostatic challenge-induced blood pressure and heart rate responses in young healthy subjects: gender implications",2011,"Nigerian Journal of …","ajol.info","https://www.ajol.info/index.php/njps/article/view/84885","https://scholar.google.com/scholar?cites=3427824234602114821&as_sdt=2005&sciodt=0,5&hl=en",227,"2021-07-17 18:03:23","","","","",,,,,6,0.60,2,4,10,"… Physiological Society of Nigeria *Address for correspondence: tunjilaw04@yahoo.com Manuscript Accepted: June, 2011 INTRODUCTION … Both groups did not differ in age, body mass index, weight, hip/waist ratio, hip and waist circumference but differ in height (p<0.001) …","https://www.ajol.info/index.php/njps/article/view/84885/74869","https://scholar.google.com/scholar?q=related:BS_v3_oTki8J:scholar.google.com/&scioq=%22waist+circumference%22+nigeria&hl=en&as_sdt=0,5&as_ylo=2011&as_yhi=2012&as_vis=1"
30,"F Khurshid, M Aqil, MS Alam, P Kapur…","Antihypertensive medication prescribing patterns in a university teaching hospital in south Delhi",2012,"International Journal of …","Citeseer","https://citeseerx.ist.psu.edu/viewdoc/download?doi=10.1.1.299.7563&rep=rep1&type=pdf","https://scholar.google.com/scholar?cites=16154179448003343028&as_sdt=2005&sciodt=0,5&hl=en",228,"2021-07-17 18:03:23","PDF","","","",,,,,30,3.33,6,5,9,"… patients a total of 74 (38.5%) had a BMI > 25 kg/m2, 18% of the male and 59% of the female patients had a waist circumference higher than the … For comparison, 73% of hypertensive patients were prescribed antihypertensive combination in a survey conducted in Nigeria 25 …","https://citeseerx.ist.psu.edu/viewdoc/download?doi=10.1.1.299.7563&rep=rep1&type=pdf","https://scholar.google.com/scholar?q=related:tLInlJ4sL-AJ:scholar.google.com/&scioq=%22waist+circumference%22+nigeria&hl=en&as_sdt=0,5&as_ylo=2011&as_yhi=2012&as_vis=1"
0,"IO OTEMUYIWA, SRA ADEWUSI","International Journal of Health & Nutrition",2012,"Int J Health Nutr","researchgate.net","https://www.researchgate.net/profile/Olusegun-Otemuyiwa/publication/235443669_Effects_of_Fast_Food_Consumption_on_Nutrient_Intake_among_Nigerian_Elite_in_Lagos_Nigeria/links/09e41511b4fe7977b2000000/Effects-of-Fast-Food-Consumption-on-Nutrient-Intake-among-Nigerian-Elite-in-Lagos-Nigeria.pdf","",229,"2021-07-17 18:03:23","PDF","","","",,,,,0,0.00,0,2,9,"… Lipid Profile of Healthy Adult Nigerians in Port Harcourt, Nigeria. Nigerian Journal of Medicine 15(2): 299–302 Anderson JW, 1995 … Waist Circumference and Cardiovascular Risk Factor in Prepubertal Children Obesity Research 9(3):179-187 Miller WC, Linderman AK, Wallace J …","https://www.researchgate.net/profile/Olusegun-Otemuyiwa/publication/235443669_Effects_of_Fast_Food_Consumption_on_Nutrient_Intake_among_Nigerian_Elite_in_Lagos_Nigeria/links/09e41511b4fe7977b2000000/Effects-of-Fast-Food-Consumption-on-Nutrient-Intake-among-Nigerian-Elite-in-Lagos-Nigeria.pdf","https://scholar.google.com/scholar?q=related:-cuGrEO09FMJ:scholar.google.com/&scioq=%22waist+circumference%22+nigeria&hl=en&as_sdt=0,5&as_ylo=2011&as_yhi=2012&as_vis=1"
67,"RS Ganu, RA Harris, K Collins, KM Aagaard","Early origins of adult disease: approaches for investigating the programmable epigenome in humans, nonhuman primates, and rodents",2012,"ILAR journal","academic.oup.com","https://academic.oup.com/ilarjournal/article-abstract/53/3-4/306/654641","https://scholar.google.com/scholar?cites=10505442028537802669&as_sdt=2005&sciodt=0,5&hl=en",230,"2021-07-17 18:03:23","","","","",,,,,67,7.44,17,4,9,"Abstract. According to the developmental origins of health and disease hypothesis, in utero experiences reprogram an individual for immediate adaptation to ges.","https://academic.oup.com/ilarjournal/article-pdf/53/3-4/306/1850139/ilar-53-306.pdf","https://scholar.google.com/scholar?q=related:rW90X93TypEJ:scholar.google.com/&scioq=%22waist+circumference%22+nigeria&hl=en&as_sdt=0,5&as_ylo=2011&as_yhi=2012&as_vis=1"
0,"A Ölçüm","Insulin Resistance and Antropometric Measurements in Autosomal Dominant Polycystic Kidney Disease Otozomal Dominant Polikistik Böbrek Hastalığında …",,"researchgate.net","","https://www.researchgate.net/profile/Savas-Ozturk-2/publication/269966624_Insulin_Resistance_and_Antropometric_Measurements_in_Autosomal_Dominant_Polycystic_Kidney_Disease/links/5842e50108ae61f75dd32773/Insulin-Resistance-and-Antropometric-Measurements-in-Autosomal-Dominant-Polycystic-Kidney-Disease.pdf","",231,"2021-07-17 18:03:23","PDF","","","",,,,,0,0.00,0,1,,"… Chan DC, Watts GF, Barrett PH, Burke V: Waist circumference, waist-to-hip ratio and body mass index as predictors of adipose tissue … Adejuyigbe O: Fat mass, fat mass percentage, body mass index and mid-upper arm circumference in a healthy population of Nigerian children …","https://www.researchgate.net/profile/Savas-Ozturk-2/publication/269966624_Insulin_Resistance_and_Antropometric_Measurements_in_Autosomal_Dominant_Polycystic_Kidney_Disease/links/5842e50108ae61f75dd32773/Insulin-Resistance-and-Antropometric-Measurements-in-Autosomal-Dominant-Polycystic-Kidney-Disease.pdf","https://scholar.google.com/scholar?q=related:jM48Rlh7J1gJ:scholar.google.com/&scioq=%22waist+circumference%22+nigeria&hl=en&as_sdt=0,5&as_ylo=2011&as_yhi=2012&as_vis=1"
141,"EV Kuklina, X Tong, MG George…","Epidemiology and prevention of stroke: a worldwide perspective",2012,"Expert review of …","Taylor & Francis","https://www.tandfonline.com/doi/abs/10.1586/ern.11.99","https://scholar.google.com/scholar?cites=10482110207251259065&as_sdt=2005&sciodt=0,5&hl=en",232,"2021-07-17 18:03:23","","10.1586/ern.11.99","","",,,,,141,15.67,35,4,9,"… Chile, China, Colombia, Croatia, Denmark, Ecuador, Germany, India, Iran, Malaysia, Mozambique, Nigeria, Peru, Philippines … and “epidemiology”, “epidemiological”, “hypertension”, “high blood pressure”, “smoking”, “obesity”, “body mass index”, “waist circumference”, “waist-to …","https://www.ncbi.nlm.nih.gov/pmc/articles/PMC4478589/","https://scholar.google.com/scholar?q=related:uR61Z7Lvd5EJ:scholar.google.com/&scioq=%22waist+circumference%22+nigeria&hl=en&as_sdt=0,5&as_ylo=2011&as_yhi=2012&as_vis=1"
19,"B Longo-Mbenza, JBKL On'kin, AN Okwe…","The metabolic syndrome in a Congolese population and its implications for metabolic syndrome definitions",2011,"Diabetes & Metabolic …","Elsevier","https://www.sciencedirect.com/science/article/pii/S1871402110000329","https://scholar.google.com/scholar?cites=12405905516544747397&as_sdt=2005&sciodt=0,5&hl=en",233,"2021-07-17 18:03:23","","","","",,,,,19,1.90,5,4,10,"… Effective cut-off values of waist circumference (WC) to detect the clustering of cardiovascular risk factors are needed … Clinical examination included three blood pressure measurements and waist circumference as previously described [25], [28] …","","https://scholar.google.com/scholar?q=related:hWe1hlahKqwJ:scholar.google.com/&scioq=%22waist+circumference%22+nigeria&hl=en&as_sdt=0,5&as_ylo=2011&as_yhi=2012&as_vis=1"
0,"IE OGBERACHI","PREVALENCE OF CARDIOVASCULAR RISK FACTORS IN PRIMARY SCHOOL CHILDREN IN CALABAR",2011,"Faculty of PAEDIATRICS","dissertation.npmcn.edu.ng","http://dissertation.npmcn.edu.ng/index.php/FMCPaed/article/download/878/327","",234,"2021-07-17 18:03:23","PDF","","","",,,,,0,0.00,0,1,10,"… obesity based on the IOTF criteria developed based on data from American children may not be suitable for the Nigerian population … Waist circumference (WC) is a simple measurement that constitutes … Nigeria, in 2007 for lipid profile, 0.3% of the subjects had high total …","http://dissertation.npmcn.edu.ng/index.php/FMCPaed/article/download/878/327","https://scholar.google.com/scholar?q=related:LkX2_XZLQMIJ:scholar.google.com/&scioq=%22waist+circumference%22+nigeria&hl=en&as_sdt=0,5&as_ylo=2011&as_yhi=2012&as_vis=1"
22,"V Gupta, R Khadgawat, HKT Ng, GK Walia…","Association of TCF7L2 and ADIPOQ with body mass index, waist–hip ratio, and systolic blood pressure in an endogamous ethnic group of India",2012,"Genetic testing and …","liebertpub.com","https://www.liebertpub.com/doi/abs/10.1089/gtmb.2012.0051","https://scholar.google.com/scholar?cites=3211049549358478388&as_sdt=2005&sciodt=0,5&hl=en",235,"2021-07-17 18:03:23","","10.1089/gtmb.2012.0051","","",,,,,22,2.44,4,5,9,"… (2010) analyzed T2D-associated risk alleles (related to nine genes) with human measures of fatness like the BMI, the fat mass index, fat percentage, waist circumference, and WHR and found association only with the FTO gene, a well-established gene for obesity …","https://www.liebertpub.com/doi/pdfplus/10.1089/gtmb.2012.0051","https://scholar.google.com/scholar?q=related:NLSwYY3wjywJ:scholar.google.com/&scioq=%22waist+circumference%22+nigeria&hl=en&as_sdt=0,5&as_ylo=2011&as_yhi=2012&as_vis=1"
3,"P Assantachai","Anthropometric aspects and common health problems in older adults",2012,"Handbook of Anthropometry","Springer","https://link.springer.com/chapter/10.1007/978-1-4419-1788-1_86","https://scholar.google.com/scholar?cites=1053061127811303971&as_sdt=2005&sciodt=0,5&hl=en",236,"2021-07-17 18:03:23","","10.1007/978-1-4419-1788-1_86","","",,,,,3,0.33,3,1,9,"… et al. 1991; Tavares et al. 1999; Oguntona et al. 2000). Waist circumference, hip circumference, and MAC in older women living in rural areas of Nigeria are also lower than for those in urban areas (Table 86.4). The study from …","","https://scholar.google.com/scholar?q=related:Iwr3MYQ5nQ4J:scholar.google.com/&scioq=%22waist+circumference%22+nigeria&hl=en&as_sdt=0,5&as_ylo=2011&as_yhi=2012&as_vis=1"
1,"M Shahraki, T Shahraki, F Fazeli…","Which Life Style Anthropometric Index is a Better Predictor of Renal Function?",2012,"International journal of …","ncbi.nlm.nih.gov","https://www.ncbi.nlm.nih.gov/pmc/articles/pmc4070114/","https://scholar.google.com/scholar?cites=14163263538396793301&as_sdt=2005&sciodt=0,5&hl=en",237,"2021-07-17 18:03:23","HTML","","","",,,,,1,0.11,0,4,9,"… Evaluation of blood pressure and indices of obesity in a typical rural community in eastern Nigeria. Ann Afr Med … Waist circumference and waist-to-height ratio as predictors of cardiovascular disease risk in Korean adults. Circ J. 2009;73(9):1643–50 …","https://www.ncbi.nlm.nih.gov/pmc/articles/pmc4070114/","https://scholar.google.com/scholar?q=related:1Qli4iUFjsQJ:scholar.google.com/&scioq=%22waist+circumference%22+nigeria&hl=en&as_sdt=0,5&as_ylo=2011&as_yhi=2012&as_vis=1"
0,"OH CHUKUKA","THE CONTRIBUTION OF ENDOCRINE DISRUPTING HEAVY METALS TO OESTRADIOL MODULATION AND SEMEN QUALITY NIGERIAN MEN",2011,"","ir.library.ui.edu.ng","http://ir.library.ui.edu.ng/handle/123456789/4208","",238,"2021-07-17 18:03:23","","","","",,,,,0,0.00,0,1,10,"… World Health Organisation, Department of Health and Research, Geneva and the Centre for Reproductive Health, Sagamu, Nigeria taught me the finer arts of Andology, especially how to … 62 3.2.3 Waist Circumference 62 … 146 5.1 The Pattern of Dyspermia in Nigerian males 147 …","http://ir.library.ui.edu.ng/bitstream/123456789/4208/1/ui_thesis_THE%20CONTRIBUTION%20OF%20ENDOCRINE%20DISRUPTING%20HEAVY%20METALS%20TO%20OESTRADIOL%20MODULATION%20AND%20SEMEN%20QUALITY.pdf","https://scholar.google.com/scholar?q=related:5_bItvP3o2EJ:scholar.google.com/&scioq=%22waist+circumference%22+nigeria&hl=en&as_sdt=0,5&as_ylo=2011&as_yhi=2012&as_vis=1"
2,"SR KN, NK Subbalakshmi","Prevalence of metabolic syndrome and comorbid conditions in inmates of old age homes",2012,"… of Health and Allied Sciences NU","thieme-connect.com","https://www.thieme-connect.com/products/ejournals/abstract/10.1055/s-0040-1703607","https://scholar.google.com/scholar?cites=9631746416133675862&as_sdt=2005&sciodt=0,5&hl=en",239,"2021-07-17 18:03:23","","10.1055/s-0040-1703607","","",,,,,2,0.22,1,2,9,"… Waist circumference of another 50 subjects was above normal value (all the 11 subjects were with diabetes mellitus, 30 subjects with hypertension and 9 subjects with dyslipidemia alone) … (25) But a hospital based study in Nigeria in type 2 diabetics the frequency of …","https://www.thieme-connect.com/products/ejournals/pdf/10.1055/s-0040-1703607.pdf","https://scholar.google.com/scholar?q=related:VhtKlFXWqoUJ:scholar.google.com/&scioq=%22waist+circumference%22+nigeria&hl=en&as_sdt=0,5&as_ylo=2011&as_yhi=2012&as_vis=1"
166,"JR Banegas, A Graciani, JJ de la Cruz-Troca…","Achievement of cardiometabolic goals in aware hypertensive patients in Spain: a nationwide population-based study",2012,"…","Am Heart Assoc","https://www.ahajournals.org/doi/abs/10.1161/HYPERTENSIONAHA.112.193078","https://scholar.google.com/scholar?cites=16214676810437170107&as_sdt=2005&sciodt=0,5&hl=en",240,"2021-07-17 18:03:23","","10.1161/HYPERTENSIONAHA.112.193078","","",,,,,166,18.44,42,4,9,"Despite the importance of achieving cardiometabolic goals beyond blood pressure, in the health of hypertensives, no comprehensive assessment of these characteristics has been performed in whole cou...","https://www.ahajournals.org/doi/full/10.1161/HYPERTENSIONAHA.112.193078","https://scholar.google.com/scholar?q=related:uxPfaaYaBuEJ:scholar.google.com/&scioq=%22waist+circumference%22+nigeria&hl=en&as_sdt=0,5&as_ylo=2011&as_yhi=2012&as_vis=1"
5,"S Das, T Chowdhury, K Bose","Age variations in anthropometric and body composition characteristics among adult Bauri females of Paschim Medinipur, West Bengal, India",2012,"Scholarly J Sci Res Essay","researchgate.net","https://www.researchgate.net/profile/Subal-Das/publication/233926202_Age_variations_in_anthropometric_and_body_composition_characteristics_among_adult_Bauri_females_of_Paschim_Medinipur_West_Bengal_India/links/5434fecd0cf294006f737a75/Age-variations-in-anthropometric-and-body-composition-characteristics-among-adult-Bauri-females-of-Paschim-Medinipur-West-Bengal-India.pdf","https://scholar.google.com/scholar?cites=1446057085533155757&as_sdt=2005&sciodt=0,5&hl=en",241,"2021-07-17 18:03:23","PDF","","","",,,,,5,0.56,2,3,9,"… Koster, A, Leitzmann, MF, Schatzkin, A, Mouw, T, Adams, KF, van Eijk, JT, Hollenbeck, AR, Harris, TB (2008). Waist circumference and mortality, Am. J. Epidemiol., 167(12):1465-75 … Anthropometric survey of the elderly in south-western Nigeria. Ann Hum. Biol., 27: 257-262 …","https://www.researchgate.net/profile/Subal-Das/publication/233926202_Age_variations_in_anthropometric_and_body_composition_characteristics_among_adult_Bauri_females_of_Paschim_Medinipur_West_Bengal_India/links/5434fecd0cf294006f737a75/Age-variations-in-anthropometric-and-body-composition-characteristics-among-adult-Bauri-females-of-Paschim-Medinipur-West-Bengal-India.pdf","https://scholar.google.com/scholar?q=related:rfEj_EFtERQJ:scholar.google.com/&scioq=%22waist+circumference%22+nigeria&hl=en&as_sdt=0,5&as_ylo=2011&as_yhi=2012&as_vis=1"
34,"OO Oladapo, L Salako, K Adedapo…","Target-organ damage and cardiovascular complications in hypertensive Nigerian Yoruba adults: a cross-sectional study: cardiovascular topics",2012,"… journal of Africa","journals.co.za","https://journals.co.za/doi/abs/10.10520/EJC123901","https://scholar.google.com/scholar?cites=5358403768874734390&as_sdt=2005&sciodt=0,5&hl=en",242,"2021-07-17 18:03:23","","10.10520/EJC123901","","",,,,,34,3.78,9,4,9,"… SD) Age (years) 43.4 (± 20.2) 50.4 (±13.2) 46.9 (± 16.7) BMI (kg/m2) 25.1 (± 4.8) 28.7 (± 6.5) 26.9 (± 5.7) Waist circumference (cm) 86.5 … Heart failure in Nigerian hypertensives … Incidence of stroke in an African City: results from the Stroke Registry at Ibadan, Nigeria, 1973–1975 …","https://www.ncbi.nlm.nih.gov/pmc/articles/PMC3721802/","https://scholar.google.com/scholar?q=related:NpPkdtbfXEoJ:scholar.google.com/&scioq=%22waist+circumference%22+nigeria&hl=en&as_sdt=0,5&as_ylo=2011&as_yhi=2012&as_vis=1"
20,"AO Oladejo","Overview of the metabolic syndrome; an emerging pandemic of public health significance",2011,"Annals of ibadan postgraduate medicine","ajol.info","https://www.ajol.info/index.php/aipm/article/view/73448","https://scholar.google.com/scholar?cites=2371093330208914411&as_sdt=2005&sciodt=0,5&hl=en",243,"2021-07-17 18:03:23","","","","",,,,,20,2.00,20,1,10,"… The prevalence of the metabolic syndrome among healthy elderly South- western Nigerians was 35% 17 while a study done in Benin, Nigeria using three … Population Specific cut off points for waist circumference Europeans South Asians Japanese Sub-Sahara Africa …","https://www.ajol.info/index.php/aipm/article/download/73448/62365","https://scholar.google.com/scholar?q=related:63tmPNLQ5yAJ:scholar.google.com/&scioq=%22waist+circumference%22+nigeria&hl=en&as_sdt=0,5&as_ylo=2011&as_yhi=2012&as_vis=1"
0,"AFM van Abeelen, SG Elias, TJ Roseboom…","The Dutch Hungerwinter Study",2012,"","dare.uva.nl","https://dare.uva.nl/document/2/106591","",244,"2021-07-17 18:03:23","PDF","","","",,,,,0,0.00,0,4,9,"… We used linear and logistic regression models to explore the effect of famine on BMI, waist circumference, and the risk of overweight … Waist to hip ratio (WHR) was calculated by dividing waist circumference in centimeters by hip circumference in centimeters …","https://dare.uva.nl/document/2/106591","https://scholar.google.com/scholar?q=related:SS_me4LMFFoJ:scholar.google.com/&scioq=%22waist+circumference%22+nigeria&hl=en&as_sdt=0,5&as_ylo=2011&as_yhi=2012&as_vis=1"
10,"VS Voruganti, VP Diego, K Haack, SA Cole…","A QTL for genotype by sex interaction for anthropometric measurements in Alaskan Eskimos (GOCADAN Study) on chromosome 19q12–13",2011,"…","Wiley Online Library","https://onlinelibrary.wiley.com/doi/abs/10.1038/oby.2011.78","https://scholar.google.com/scholar?cites=14794979123206741511&as_sdt=2005&sciodt=0,5&hl=en",245,"2021-07-17 18:03:23","","10.1038/oby.2011.78","","",,,,,10,1.00,2,5,10,"… Anthropometric measurements included BMI, waist circumference (WC), waist/height ratio, percent body fat (%BF), and subscapular and triceps skinfolds. Except for WC, mean values of all phenotypes were significantly different in men and women (P < 0.05) …","https://onlinelibrary.wiley.com/doi/pdf/10.1038/oby.2011.78","https://scholar.google.com/scholar?q=related:B94OGiBTUs0J:scholar.google.com/&scioq=%22waist+circumference%22+nigeria&hl=en&as_sdt=0,5&as_ylo=2011&as_yhi=2012&as_vis=1"
84,"L Love-Gregory, NA Abumrad","CD36 genetics and the metabolic complications of obesity",2011,"Current opinion in clinical nutrition …","ncbi.nlm.nih.gov","https://www.ncbi.nlm.nih.gov/pmc/articles/PMC3295590/","https://scholar.google.com/scholar?cites=151217612616227160&as_sdt=2005&sciodt=0,5&hl=en",246,"2021-07-17 18:03:23","HTML","","","",,,,,84,8.40,42,2,10,"… However, as shown in Table 1, other CD36 SNPs associated with waist circumference and BMI in another study by Hemi et al of … Han Chinese in Beijing, China, JPT: Japanese in Tokyo, Japan, MEX: Mexican ancestry in Los Angeles, California, YRI: Yoruban in Ibadan, Nigeria) …","https://www.ncbi.nlm.nih.gov/pmc/articles/PMC3295590/","https://scholar.google.com/scholar?q=related:WNnFE547GQIJ:scholar.google.com/&scioq=%22waist+circumference%22+nigeria&hl=en&as_sdt=0,5&as_ylo=2011&as_yhi=2012&as_vis=1"
56,"N Mokhber, MR Majdi, M Ali-Abadi…","Association between malnutrition and depression in elderly people in Razavi Khorasan: a population based-study in Iran",2011,"Iranian journal of …","ncbi.nlm.nih.gov","https://www.ncbi.nlm.nih.gov/pmc/articles/pmc3481766/","https://scholar.google.com/scholar?cites=16941911993382926705&as_sdt=2005&sciodt=0,5&hl=en",247,"2021-07-17 18:03:23","HTML","","","",,,,,56,5.60,14,4,10,"… The subjects mean (±SD) waist circumference was 91.44±14.03 cm and hip circumference averaged 95.94±11.83 cm. Table 1 … Body mass index, waist circumference, waist-hip ratio and depressive symptoms in Chinese elderly: a population-based study …","https://www.ncbi.nlm.nih.gov/pmc/articles/pmc3481766/","https://scholar.google.com/scholar?q=related:cfmEJTLDHesJ:scholar.google.com/&scioq=%22waist+circumference%22+nigeria&hl=en&as_sdt=0,5&as_ylo=2011&as_yhi=2012&as_vis=1"
19,"H Arazi, E Farzaneh, S Gholamian","Effects of morning aerobic training on lipid profile, body composition, WHR and VO2max in sedentary overweight females",2012,"Acta Kinesiologica","researchgate.net","https://www.researchgate.net/profile/Esmail-Farzaneh/publication/234004730_EFFECTS_OF_MORNING_AEROBIC_TRAINING_ON_LIPID_PROFILE_BODY_COMPOSITION_WHR_AND_VO_2max_IN_SEDENTARY_OVERWEIGHT_FEMALES/links/0912f50e1e94e86919000000/EFFECTS-OF-MORNING-AEROBIC-TRAINING-ON-LIPID-PROFILE-BODY-COMPOSITION-WHR-AND-VO-2max-IN-SEDENTARY-OVERWEIGHT-FEMALES.pdf","https://scholar.google.com/scholar?cites=3588766015808625570&as_sdt=2005&sciodt=0,5&hl=en",248,"2021-07-17 18:03:23","PDF","","","",,,,,19,2.11,6,3,9,"… Maffeis, C. (2001). Waist circumference and cardiovascular risk faktors in prepubertal children, J Obes Res. 9(3), 179-187 … Oyelola, OO, & Rufai, MA (1993). Plasma Lipid Liporotein And Apolipoprotein Profiles İn Nigerian University Atletes And Nonatletes …","https://www.researchgate.net/profile/Esmail-Farzaneh/publication/234004730_EFFECTS_OF_MORNING_AEROBIC_TRAINING_ON_LIPID_PROFILE_BODY_COMPOSITION_WHR_AND_VO_2max_IN_SEDENTARY_OVERWEIGHT_FEMALES/links/0912f50e1e94e86919000000/EFFECTS-OF-MORNING-AEROBIC-TRAINING-ON-LIPID-PROFILE-BODY-COMPOSITION-WHR-AND-VO-2max-IN-SEDENTARY-OVERWEIGHT-FEMALES.pdf","https://scholar.google.com/scholar?q=related:oltEYq3bzTEJ:scholar.google.com/&scioq=%22waist+circumference%22+nigeria&hl=en&as_sdt=0,5&as_ylo=2011&as_yhi=2012&as_vis=1"
172,"A Dzudie, AP Kengne, WFT Muna, H Ba, A Menanga…","Prevalence, awareness, treatment and control of hypertension in a self-selected sub-Saharan African urban population: a cross-sectional study",2012,"BMJ open","bmjopen.bmj.com","https://bmjopen.bmj.com/content/2/4/e001217.short","https://scholar.google.com/scholar?cites=13920017015562770625&as_sdt=2005&sciodt=0,5&hl=en",249,"2021-07-17 18:03:23","","","","",,,,,172,19.11,29,6,9,"Skip to main content. Viewing from: Google Indexer. BMJ Journals. Log In More …","https://bmjopen.bmj.com/content/bmjopen/2/4/e001217.full.pdf","https://scholar.google.com/scholar?q=related:wRgDaLnVLcEJ:scholar.google.com/&scioq=%22waist+circumference%22+nigeria&hl=en&as_sdt=0,5&as_ylo=2011&as_yhi=2012&as_vis=1"
45,"CU Osuji, EG Omejua","Prevalence and characteristics of the metabolic syndrome among newly diagnosed hypertensive patients",2012,"Indian journal of endocrinology and …","ncbi.nlm.nih.gov","https://www.ncbi.nlm.nih.gov/pmc/articles/PMC3354939/","https://scholar.google.com/scholar?cites=12690564977615666255&as_sdt=2005&sciodt=0,5&hl=en",250,"2021-07-17 18:03:23","HTML","","","",,,,,45,5.00,23,2,9,"… Waist circumference (WC) was measured in a horizontal plane midway between the inferior … of metabolic syndrome in urban and suburban Rivers State, Nigeria: International Diabetes … Modifiable cardiovascular risk factors among apparently healthy adult Nigerian population- a …","https://www.ncbi.nlm.nih.gov/pmc/articles/PMC3354939/","https://scholar.google.com/scholar?q=related:T3zLEZzxHbAJ:scholar.google.com/&scioq=%22waist+circumference%22+nigeria&hl=en&as_sdt=0,5&as_ylo=2011&as_yhi=2012&as_vis=1"
0,"TA ADENIJI","… , ATTITUDE AND PRACTICE RELATING TO NUTRITION AMONG PEOPLE LIVING WITH HIV/AIDS (PLWHA) IN IBADAN AND SHAKI, OYO STATE, NIGERIA",2012,"","ir.library.ui.edu.ng","http://ir.library.ui.edu.ng/handle/123456789/615","",251,"2021-07-17 18:03:23","","","","",,,,,0,0.00,0,1,9,"… AMONG PEOPLE LIVING WITH HIV/AIDS (PLWHA) IN IBADAN AND SHAKI, OYO STATE, NIGERIA BY … the Babalaje of Shakiland and one of my great leaders and known renown Public Health Officers throughout Oke-Ogun area of Oyo State, Nigeria. Page 3. iii …","http://ir.library.ui.edu.ng/bitstream/123456789/615/1/1st%20%26%201st_ADDAT%20MPH%20%20final%20final%20After%20Defence%20May%2C%202012.pdf","https://scholar.google.com/scholar?q=related:oAmooAwMnvIJ:scholar.google.com/&scioq=%22waist+circumference%22+nigeria&hl=en&as_sdt=0,5&as_ylo=2011&as_yhi=2012&as_vis=1"
0,"P Chevalier, M Lamotte","13th Euro Abstracts A345",,"core.ac.uk","","https://core.ac.uk/download/pdf/82638103.pdf","",252,"2021-07-17 18:03:23","PDF","","","",,,,,0,0.00,0,2,,"… There is a need to develop strategies to prevent, treat, and control hypertension effectively in Nigeria … MS was defined, as stipulated by the recent ATP-III guidelines, as having 3 or more of the following abnormalities: waist circumference of ≥94 cm for men and ≥80 cm for …","https://core.ac.uk/download/pdf/82638103.pdf",""
19,"YD Apalasamy, MF Ming, S Rampal…","Genetic association of SNPs in the FTO gene and predisposition to obesity in Malaysian Malays",2012,"Brazilian Journal of …","SciELO Brasil","https://www.scielo.br/j/bjmbr/a/J8p5pnGxM7vjtq3bGcXjB5K/?format=pdf&lang=en","https://scholar.google.com/scholar?cites=2275731901172857660&as_sdt=2005&sciodt=0,5&hl=en",253,"2021-07-17 18:03:23","PDF","","","",,,,,19,2.11,5,4,9,"… BMI = body mass index; WC = waist circumference; HC = hip circumference; WHR = waist-to-hip ratio; SBP = systolic blood pressure; DBP = diastolic blood … In contrast, in the HapMap sample of Yoruba in Ibadan, Nigeria (YRI), the rs9939609 at rs10852521 is not in strong LD …","https://www.scielo.br/j/bjmbr/a/J8p5pnGxM7vjtq3bGcXjB5K/?format=pdf&lang=en","https://scholar.google.com/scholar?q=related:PLtuVRsGlR8J:scholar.google.com/&scioq=%22waist+circumference%22+nigeria&hl=en&as_sdt=0,5&as_ylo=2011&as_yhi=2012&as_vis=1"
6,"I Rurik, E Szigethy, F Fekete, Z Langmár","Relations between anthropometric parameters and sexual activity of Hungarian men",2012,"International journal of …","nature.com","https://www.nature.com/articles/ijir201157","https://scholar.google.com/scholar?cites=5861130104617936769&as_sdt=2005&sciodt=0,5&hl=en",254,"2021-07-17 18:03:23","HTML","","","",,,,,6,0.67,2,4,9,"… As measurement of waist circumference was introduced recently, a limited number of data was not comparable … 20 Another study from Nigeria found activities >10 per month (≈2 per week) in 74% above the age of 30, and lower in 26 …","https://www.nature.com/articles/ijir201157","https://scholar.google.com/scholar?q=related:gacZzMbqVlEJ:scholar.google.com/&scioq=%22waist+circumference%22+nigeria&hl=en&as_sdt=0,5&as_ylo=2011&as_yhi=2012&as_vis=1"
37,"V Mogre, PP Mwinlenaa, J Oladele…","Impact of physical activity levels and diet on central obesity among civil servants in Tamale metropolis",2012,"Journal of Medical and …","ajol.info","https://www.ajol.info/index.php/jmbs/article/view/77547","https://scholar.google.com/scholar?cites=7406624035699979607&as_sdt=2005&sciodt=0,5&hl=en",255,"2021-07-17 18:03:23","","","","",,,,,37,4.11,9,4,9,"… Waist to Hip Ratio (WHR) was calculated by dividing the waist circumference (cm) by the hip circumference (cm) … south western Nigeria, subjects in a University com- munity believed that being obese is a sign of well- being and gives respect (Ojofeitimi et al., 2007) …","https://www.ajol.info/index.php/jmbs/article/download/77547/67987","https://scholar.google.com/scholar?q=related:V3XEiFGdyWYJ:scholar.google.com/&scioq=%22waist+circumference%22+nigeria&hl=en&as_sdt=0,5&as_ylo=2011&as_yhi=2012&as_vis=1"
3,"AM Amlogu, K Godden, I Tewfik…","Tailored food recipes-TFR: employing the European perspective",2012,"… Journal of Food …","search.proquest.com","https://search.proquest.com/openview/3c62e74e3581f57db1e4abf9212704d5/1?pq-origsite=gscholar&cbl=2041230","https://scholar.google.com/scholar?cites=10510662985587527899&as_sdt=2005&sciodt=0,5&hl=en",256,"2021-07-17 18:03:23","","","","",,,,,3,0.33,1,4,9,"… upper arm circumference (MUAC) body mass index, skin fold measurement, waist circumference), clinical investigations … progression of HIV to AIDS among people living with HIV in Abuja, Nigeria'' … Wambebe pioneered the research and development of the first Nigerian HIV-1 …","","https://scholar.google.com/scholar?q=related:25DKKUxg3ZEJ:scholar.google.com/&scioq=%22waist+circumference%22+nigeria&hl=en&as_sdt=0,5&as_ylo=2011&as_yhi=2012&as_vis=1"
28,"JLF Bosco, JR Palmer, DA Boggs, EE Hatch…","Cardiometabolic factors and breast cancer risk in US black women",2012,"Breast cancer research …","Springer","https://link.springer.com/article/10.1007/s10549-012-2131-4","https://scholar.google.com/scholar?cites=9575743182744184798&as_sdt=2005&sciodt=0,5&hl=en",257,"2021-07-17 18:03:23","","10.1007/s10549-012-2131-4","","",,,,,28,3.11,6,5,9,"… Metabolic syndrome, also called insulin resistance syndrome, is defined as the clustering of three or more of the following conditions: abdominal obesity (waist circumference ≥ 88 cm), elevated blood pressure (≥130 mmHg systolic over ≥85 mmHg diastolic), elevated fasting …","https://www.ncbi.nlm.nih.gov/pmc/articles/PMC3687532/","https://scholar.google.com/scholar?q=related:3ufVs7Df44QJ:scholar.google.com/&scioq=%22waist+circumference%22+nigeria&hl=en&as_sdt=0,5&as_ylo=2011&as_yhi=2012&as_vis=1"
83,"NE Straznicky, EA Lambert, MT Grima…","The effects of dietary weight loss with or without exercise training on liver enzymes in obese metabolic syndrome subjects",2012,"Diabetes, Obesity …","Wiley Online Library","https://dom-pubs.onlinelibrary.wiley.com/doi/abs/10.1111/j.1463-1326.2011.01497.x","https://scholar.google.com/scholar?cites=17352284311763887101&as_sdt=2005&sciodt=0,5&hl=en",258,"2021-07-17 18:03:23","","10.1111/j.1463-1326.2011.01497.x","","",,,,,83,9.22,21,4,9,"Aim: Insulin resistance and visceral adiposity are predisposing factors for fatty liver disease. The main objectives of this study were (i) to compare the effects of caloric restriction (CR) alone ...","https://www.academia.edu/download/56439737/j.1463-1326.2011.01497.x20180427-21034-3o23z2.pdf","https://scholar.google.com/scholar?q=related:_SNFLKWyz_AJ:scholar.google.com/&scioq=%22waist+circumference%22+nigeria&hl=en&as_sdt=0,5&as_ylo=2011&as_yhi=2012&as_vis=1"
332,"C Russo, Z Jin, S Homma, T Rundek…","Effect of obesity and overweight on left ventricular diastolic function: a community-based study in an elderly cohort",2011,"Journal of the American …","jacc.org","https://www.jacc.org/doi/abs/10.1016/j.jacc.2010.10.042","https://scholar.google.com/scholar?cites=4746610175522577958&as_sdt=2005&sciodt=0,5&hl=en",259,"2021-07-17 18:03:23","","10.1016/j.jacc.2010.10.042","","",,,,,332,33.20,66,5,10,"… BMI, kg/m 2, 22.6±1.9, 27.4±1.5 ⁎, 33.8±3.4 ⁎ ‡. Waist circumference, cm, 85.4±8.7, 95.0±8.3 ⁎, 106.4±10.7 ⁎ ‡ … Adjusted for age, sex, left ventricular mass index, heart rate, hypertension, and diabetes mellitus. Waist circumference and LV diastolic function …","https://www.sciencedirect.com/science/article/pii/S0735109711000957","https://scholar.google.com/scholar?q=related:Jh5HV85Y30EJ:scholar.google.com/&scioq=%22waist+circumference%22+nigeria&hl=en&as_sdt=0,5&as_ylo=2011&as_yhi=2012&as_vis=1"
0,"LO EKECHUKWU","… AND RISK FACTORS OF AGE RELATED MACULAR DEGENERATION IN UNIVERSITY OF BENIN TEACHING HOSPITAL, EDO STATE, NIGERIA",2012,"Faculty of Family Medicine","dissertation.npmcn.edu.ng","http://www.dissertation.npmcn.edu.ng/index.php/FMCFM/article/download/334/1728","",260,"2021-07-17 18:03:23","PDF","","","",,,,,0,0.00,0,1,9,"… in the rainforest (south-west) region of Nigeria, as stated in the Nigerian National Blindness and Visual Impairment Survey.44 In the Mid-Western/South-South region, Ayanru45 noted that macular degeneration was common among Nigerians with a prevalence of 2.2% in a …","http://www.dissertation.npmcn.edu.ng/index.php/FMCFM/article/download/334/1728","https://scholar.google.com/scholar?q=related:klUtGis5T5gJ:scholar.google.com/&scioq=%22waist+circumference%22+nigeria&hl=en&as_sdt=0,5&as_ylo=2011&as_yhi=2012&as_vis=1"
76,"EM John, M Sangaramoorthy, AI Phipps…","Adult body size, hormone receptor status, and premenopausal breast cancer risk in a multiethnic population: the San Francisco Bay Area breast cancer study",2011,"American journal of …","academic.oup.com","https://academic.oup.com/aje/article-abstract/173/2/201/98976","https://scholar.google.com/scholar?cites=7330793712742159886&as_sdt=2005&sciodt=0,5&hl=en",261,"2021-07-17 18:03:23","","","","",,,,,76,7.60,19,4,10,"… Other body size measures (current weight, body build, adult weight gain, young adult weight and body mass index, waist circumference, and waist-to-height ratio) were similarly inversely associated with risk of estrogen receptor– and progesterone receptor–positive breast …","https://academic.oup.com/aje/article/173/2/201/98976?view=extract","https://scholar.google.com/scholar?q=related:DtapoQo2vGUJ:scholar.google.com/&scioq=%22waist+circumference%22+nigeria&hl=en&as_sdt=0,5&as_ylo=2011&as_yhi=2012&as_vis=1"
1,"JC Botha","The association between central obesity and psychological distress in a group of urban Africans: the SABPA study",2012,"","repository.nwu.ac.za","http://repository.nwu.ac.za/handle/10394/8165","https://scholar.google.com/scholar?cites=3764723983272024711&as_sdt=2005&sciodt=0,5&hl=en",262,"2021-07-17 18:03:23","","","","",,,,,1,0.11,1,1,9,"… Population-and country-specific definitions for waist circumference is recommended, although the IDF cut points are to be used for non-Europeans until more data are available … 12 Table 2 Proposed race and gender-specific waist circumference cut off points …","http://repository.nwu.ac.za/bitstream/handle/10394/8165/Botha_J.pdf?sequence=2","https://scholar.google.com/scholar?q=related:h5pSNIT8PjQJ:scholar.google.com/&scioq=%22waist+circumference%22+nigeria&hl=en&as_sdt=0,5&as_ylo=2011&as_yhi=2012&as_vis=1"
3,"L Mustelin","Obesity, physical activity and cardiorespiratory fitness in young adulthood: studies in Finnish twins",2012,"","helda.helsinki.fi","https://helda.helsinki.fi/handle/10138/37175","https://scholar.google.com/scholar?cites=12559984681034843775&as_sdt=2005&sciodt=0,5&hl=en",263,"2021-07-17 18:03:23","","","","",,,,,3,0.33,3,1,9,"… 32 5.1. Body mass index and waist circumference (I-IV) … Subsamples: Measured height, weight and waist circumference (II, IV), measured body composition and insulin sensitivity (II, IV), cardiorespiratory fitness (II, IV), gene expression in adipose tissue (IV) …","https://helda.helsinki.fi/bitstream/handle/10138/37175/obesity.pdf?sequence=1","https://scholar.google.com/scholar?q=related:fwZukYUHTq4J:scholar.google.com/&scioq=%22waist+circumference%22+nigeria&hl=en&as_sdt=0,5&as_ylo=2011&as_yhi=2012&as_vis=1"
0,"DO SOYOYE","PREVALENCE AND CORRELATES OF PERIPHERAL ARTERIAL DISEASE IN TYPE 2 DIABETIC PATIENTS IN ILE-IFE",2011,"Faculty of INTERNAL MEDICINE","dissertation.npmcn.edu.ng","http://www.dissertation.npmcn.edu.ng/index.php/FMCP/article/download/604/597","",264,"2021-07-17 18:03:23","PDF","","","",,,,,0,0.00,0,1,10,"… with age (OR 0.908, 95% CI: 0.829 – 0.994, p = 0.036), male gender (OR 0.224, 95% CI 0.064 – 0.787, p = 0.020), waist circumference (OR 0.089, 95% CI … non-traditional risks such as hs-C-reactive protein in Nigerian diabetic patients? 1.4 … Complex (OAUTHC), Ile-Ife, Nigeria …","http://www.dissertation.npmcn.edu.ng/index.php/FMCP/article/download/604/597","https://scholar.google.com/scholar?q=related:uuUwovWW3egJ:scholar.google.com/&scioq=%22waist+circumference%22+nigeria&hl=en&as_sdt=0,5&as_ylo=2011&as_yhi=2012&as_vis=1"
14,"AE Edo, A Eregie, OS Adediran…","Glycaemic response to some commonly eaten fruits in type 2 diabetes mellitus",2011,"West African journal of …","ajol.info","https://www.ajol.info/index.php/wajm/article/view/77410","https://scholar.google.com/scholar?cites=6585167238258553561&as_sdt=2005&sciodt=0,5&hl=en",265,"2021-07-17 18:03:23","","","","",,,,,14,1.40,4,4,10,"… plasma glucose concentration; PWDM, Persons with diabetes mellitus; SEM, Standard error of the mean; WC, Waist Circumference … Glycaemic indices of some common Nigerian meals. Part II dissertation of the National Postgraduate Medical College of Nigeria, Lagos (1992) …","https://www.ajol.info/index.php/wajm/article/view/77410/67855","https://scholar.google.com/scholar?q=related:2fLwprY2Y1sJ:scholar.google.com/&scioq=%22waist+circumference%22+nigeria&hl=en&as_sdt=0,5&as_ylo=2011&as_yhi=2012&as_vis=1"
0,"فرجی, اصغرنیا, قنبری, آقازاده, سهراب…","بررسی ارتباط بین اندازه دور کمر، در پیشگویی ابتلا به فشار خون بارداری‎",,"نشریه جراحی …, 2012‎","eprints.bpums.ac.ir","http://eprints.bpums.ac.ir/3590/","",266,"2021-07-17 18:03:23","","","","",,,,,0,0.00,0,6,,"Page 1. ﺮﺘﻛﺩ ﺎﻳﻭﺭ ﻲﺟﺮﻓ ـ ﻲﺳﺭﺮﺑ ﻁﺎﺒﺗﺭﺍ ﺑﻴ ﻦ ﻩﺯﺍﺪﻧﺍ ﺭﻭﺩ ﺮﻤﮐ ، ﺭﺩ ... ﺝ * رﺎﻴﺸﻧاد ،نﺎﻤﻳاز و نﺎﻧز ﻲﺣاﺮﺟ هوﺮﮔ ،يرورﺎﺑ ﺖﺷاﺪﻬﺑ تﺎﻘﻴﻘﺤﺗ ﺰﻛﺮﻣ نﻼﻴﮔ ﻲﻜﺷﺰﭘ مﻮﻠﻋ هﺎﮕﺸﻧاد ﻮـﮕﺨﺳﺎﭘ ةﺪﻨﺴﻳﻮﻧ : ﺮﺘﻛد ﻢﻳﺮﻣ ﻐﺻا ﺎﻴﻧﺮ ** رﺎﻳدﺎﺘﺳا هوﺮﮔ يرﺎﺘﺳﺮﭘ ، ،يرورﺎﺑ ﺖﺷاﺪﻬﺑ تﺎﻘﻴﻘﺤﺗ ﺰﻛﺮﻣ هﺪﻜﺸﻧاد يرﺎﺘﺳﺮﭘ و ﻲﻳﺎﻣﺎﻣ ﺪﻴﻬﺷ ﻲﺘﺸﻬﺑ ﺖﺷر ﻦﻔﻠﺗ : 7720701 -0131 … ‎","http://eprints.bpums.ac.ir/3590/1/af_54437347%20Dore%20Kamar-Dr.pdf","https://scholar.google.com/scholar?q=related:II76g7rrGPgJ:scholar.google.com/&scioq=%22waist+circumference%22+nigeria&hl=en&as_sdt=0,5&as_ylo=2011&as_yhi=2012&as_vis=1"
32,"A Papazafiropoulou, E Skliros…","Prevalence of target organ damage in hypertensive subjects attending primary care: CVPC study (epidemiological cardio-vascular study in primary care)",2011,"BMC Family …","bmcfampract.biomedcentral.com","https://bmcfampract.biomedcentral.com/articles/10.1186/1471-2296-12-75","https://scholar.google.com/scholar?cites=9000842002026963101&as_sdt=2005&sciodt=0,5&hl=en",267,"2021-07-17 18:03:23","HTML","10.1186/1471-2296-12-75","","",,,,,32,3.20,11,3,10,"Except for the established risk factors, presence of target organ damage has an important role in the treatment of hypertensive subjects. The aim of the present study was to estimate the prevalence of target organ damage in primary care subjects. This multi-centre, cross-sectional …","https://bmcfampract.biomedcentral.com/articles/10.1186/1471-2296-12-75","https://scholar.google.com/scholar?q=related:naA7whxq6XwJ:scholar.google.com/&scioq=%22waist+circumference%22+nigeria&hl=en&as_sdt=0,5&as_ylo=2011&as_yhi=2012&as_vis=1"
15,"MMAK Khattak, IA Bakar, L Yeim","Does religious fasting increase fat free mass (FFM) and reduce abdominal obesity?",2012,"Nutrition & Food Science","emerald.com","https://www.emerald.com/insight/content/doi/10.1108/00346651211212042/full/html","https://scholar.google.com/scholar?cites=15107388880702926653&as_sdt=2005&sciodt=0,5&hl=en",268,"2021-07-17 18:03:23","","10.1108/00346651211212042","","",,,,,15,1.67,5,3,9,"… OB, Akang, EE, Rotimi, CN and Olopade, OI (2003), “Waist‐hip ratio and breast cancer risk in urbanized Nigerian women”, Breast … 2. de Koning, L., Merchant, AT, Pogue, J. and Anand, SS (2007), “Waist circumference and waist‐to‐hip ratio as predictors of cardiovascular events …","https://www.researchgate.net/profile/Muhammad-Muzaffar-Ali-Khan-Khattak/publication/235275209_Religious_fasting_An_alternative_approach_to_improve_hyperlipidaemia/links/554080a00cf29680de9ddf89/Religious-fasting-An-alternative-approach-to-improve-hyperlipidaemia.pdf","https://scholar.google.com/scholar?q=related:Pe_7BSU6qNEJ:scholar.google.com/&scioq=%22waist+circumference%22+nigeria&hl=en&as_sdt=0,5&as_ylo=2011&as_yhi=2012&as_vis=1"
20,"MP Bayauli, FB Lepira…","Left ventricular hypertrophy and geometry in type 2 diabetes patients with chronic kidney disease. An echocardiographic study: cardiovascular topics",2012,"… journal of Africa","journals.co.za","https://journals.co.za/doi/abs/10.10520/EJC23592","https://scholar.google.com/scholar?cites=2545744301639538526&as_sdt=2005&sciodt=0,5&hl=en",269,"2021-07-17 18:03:23","","10.10520/EJC23592","","",,,,,20,2.22,7,3,9,"… BMI, waist circumference, SBP and DBP, and plasma glucose levels averaged 26 ± 5 kg/m2, 95 ± 12 cm, 148 ± 26 mmHg … In Nigerian hypertensive patients, Aje et al … Characteristics of type 2 diabetics presenting with end-stage renal disease at the Jos University Hospital, Nigeria …","https://www.ncbi.nlm.nih.gov/pmc/articles/pmc3721939/","https://scholar.google.com/scholar?q=related:XhczVPRMVCMJ:scholar.google.com/&scioq=%22waist+circumference%22+nigeria&hl=en&as_sdt=0,5&as_ylo=2011&as_yhi=2012&as_vis=1"
330,"LC Ivers, KA Cullen","Food insecurity: special considerations for women",2011,"The American journal of clinical nutrition","academic.oup.com","https://academic.oup.com/ajcn/article-abstract/94/6/1740S/4598224","https://scholar.google.com/scholar?cites=1166906845222382824&as_sdt=2005&sciodt=0,5&hl=en",270,"2021-07-17 18:03:23","","","","",,,,,330,33.00,165,2,10,"… A cross-sectional study in urban Uganda to determine the relation between food insecurity and body composition showed that food-insecure women, but not men, were more likely to be overweight or to have an at-risk waist circumference compared with those who were food …","https://academic.oup.com/ajcn/article/94/6/1740S/4598224","https://scholar.google.com/scholar?q=related:6Kxz25evMRAJ:scholar.google.com/&scioq=%22waist+circumference%22+nigeria&hl=en&as_sdt=0,5&as_ylo=2011&as_yhi=2012&as_vis=1"
27,"I Halder, KE Kip, SR Mulukutla, AN Aiyer…","Biogeographic ancestry, self-identified race, and admixture-phenotype associations in the Heart SCORE Study",2012,"American journal of …","academic.oup.com","https://academic.oup.com/aje/article-abstract/176/2/146/113329","https://scholar.google.com/scholar?cites=15401429615856963586&as_sdt=2005&sciodt=0,5&hl=en",271,"2021-07-17 18:03:23","","","","",,,,,27,3.00,5,5,9,"… lipid-lowering medication; blood pressure ≥130/85 mm Hg or use of antihypertensive medication; and waist circumference >102 cm … European (CEU: European Americans with primarily Western European ancestry) and West African (YRI: Yorubans from Nigeria) samples and …","https://academic.oup.com/aje/article/176/2/146/113329","https://scholar.google.com/scholar?q=related:AtBVpqLevNUJ:scholar.google.com/&scioq=%22waist+circumference%22+nigeria&hl=en&as_sdt=0,5&as_ylo=2011&as_yhi=2012&as_vis=1"
16,"JY Lee, I Bakri, S Toramoto, Y Tochihara","Cutaneous thermal thresholds of tropical indigenes residing in Japan",2011,"Journal of Thermal Biology","Elsevier","https://www.sciencedirect.com/science/article/pii/S0306456511001100","https://scholar.google.com/scholar?cites=489362693755555148&as_sdt=2005&sciodt=0,5&hl=en",272,"2021-07-17 18:03:23","","","","",,,,,16,1.60,4,4,10,"… participated in this study (tropical group: 1 Indonesian, 2 Malaysians, 2 Nigerians, 1 Filipino … Among these tropical countries only Nigeria is characterized as having hot and dry weather … differences in any of these values between the groups except for waist circumference (P<0.05 …","https://www.academia.edu/download/53935330/j.jtherbio.2011.08.00220170721-2579-1spbu0o.pdf","https://scholar.google.com/scholar?q=related:TM2g98aQygYJ:scholar.google.com/&scioq=%22waist+circumference%22+nigeria&hl=en&as_sdt=0,5&as_ylo=2011&as_yhi=2012&as_vis=1"
11,"O Valkenburg, O Lao, I Schipper…","Genetic ancestry affects the phenotype of normogonadotropic anovulatory (WHOII) subfertility",2011,"The Journal of …","academic.oup.com","https://academic.oup.com/jcem/article-abstract/96/7/E1181/2833623","https://scholar.google.com/scholar?cites=718587734699410714&as_sdt=2005&sciodt=0,5&hl=en",273,"2021-07-17 18:03:23","","","","",,,,,11,1.10,3,4,10,"… including all continental regions: America (Mexico, Brazil, and Columbia), Central and East Asia (China, Cambodia, Japan, and Siberia), Europe (Italy, France, Russia, Pakistan, and the Orkney Islands), and sub-Saharan Africa (Senegal, Namibia, Nigeria, Central African …","https://academic.oup.com/jcem/article/96/7/E1181/2833623","https://scholar.google.com/scholar?q=related:GgW2yrzv-AkJ:scholar.google.com/&scioq=%22waist+circumference%22+nigeria&hl=en&as_sdt=0,5&as_ylo=2011&as_yhi=2012&as_vis=1"
1,"P Eastman","AICR Conference: New research shows cancer risks of sedentary lifestyle",2012,"","journals.lww.com","https://journals.lww.com/oncology-times/Fulltext/2012/01100/AICR_Conference__New_Research_Shows_Cancer_Risks.11.aspx","https://scholar.google.com/scholar?cites=9772926172424481343&as_sdt=2005&sciodt=0,5&hl=en",274,"2021-07-17 18:03:23","","","","",,,,,1,0.11,1,1,9,"You may be trying to access this site from a secured browser on the server. Please enable scripts and reload this page. Log in Your account has been temporarily locked Your account has been temporarily locked due to incorrect …","","https://scholar.google.com/scholar?q=related:P6p6G5NooIcJ:scholar.google.com/&scioq=%22waist+circumference%22+nigeria&hl=en&as_sdt=0,5&as_ylo=2011&as_yhi=2012&as_vis=1"
78,"N Mahajan, M Aggarwal, A Bagga","Health issues of menopausal women in North India",2012,"Journal of mid-life Health","ncbi.nlm.nih.gov","https://www.ncbi.nlm.nih.gov/pmc/articles/PMC3555032/","https://scholar.google.com/scholar?cites=17868978816728019750&as_sdt=2005&sciodt=0,5&hl=en",275,"2021-07-17 18:03:23","HTML","","","",,,,,78,8.67,26,3,9,"… Anthropometric measurements such as weight, height, waist circumference, and blood pressure of each subject were recorded during the examination … and hold a positive attitude toward it,[20,21] whereas it was found to be percepted negatively among Nigerian women.[21] …","https://www.ncbi.nlm.nih.gov/pmc/articles/PMC3555032/","https://scholar.google.com/scholar?q=related:JrMNVo9d-_cJ:scholar.google.com/&scioq=%22waist+circumference%22+nigeria&hl=en&as_sdt=0,5&as_ylo=2011&as_yhi=2012&as_vis=1"
3,"FB Lepira, JR Makulo, ST Yanda…","Influence of carotid intima media thickness on cardiovascular risk stratification in black hypertensive patients. A cross-sectional study",2011,"Ann. Afr …","researchgate.net","https://www.researchgate.net/profile/Eric-Mafuta/publication/263046548_Influence_of_carotid_intima_media_thickness_on_cardiovascular_risk_stratification_in_black_hypertensive_patients_A_cross-sectional_study_Influence_de_l'epaisseur_intima-media_carotidienne_sur_l'evalua/links/00b7d539a238c49499000000/Influence-of-carotid-intima-media-thickness-on-cardiovascular-risk-stratification-in-black-hypertensive-patients-A-cross-sectional-study-Influence-de-lepaisseur-intima-media-carotidienne-sur-levaluati.pdf","https://scholar.google.com/scholar?cites=7141033433329375081&as_sdt=2005&sciodt=0,5&hl=en",276,"2021-07-17 18:03:23","PDF","","","",,,,,3,0.30,1,4,10,"… total cholesterol to HDL cholesterol ratio, higher systolic blood pressure, greater waist circumference, and higher … Target organ damage and associated clinical conditions among Nigerians with treated hypertension … Nigerian Africans with hypertension and diabetes mellitus …","https://www.researchgate.net/profile/Eric-Mafuta/publication/263046548_Influence_of_carotid_intima_media_thickness_on_cardiovascular_risk_stratification_in_black_hypertensive_patients_A_cross-sectional_study_Influence_de_l'epaisseur_intima-media_carotidienne_sur_l'evalua/links/00b7d539a238c49499000000/Influence-of-carotid-intima-media-thickness-on-cardiovascular-risk-stratification-in-black-hypertensive-patients-A-cross-sectional-study-Influence-de-lepaisseur-intima-media-carotidienne-sur-levaluati.pdf","https://scholar.google.com/scholar?q=related:aRfJohIMGmMJ:scholar.google.com/&scioq=%22waist+circumference%22+nigeria&hl=en&as_sdt=0,5&as_ylo=2011&as_yhi=2012&as_vis=1"
41,"NK Mungreiphy, M Dhall, R Tyagi, K Saluja…","Ethnicity, obesity and health pattern among Indian population",2012,"Journal of natural …","ncbi.nlm.nih.gov","https://www.ncbi.nlm.nih.gov/pmc/articles/pmc3361779/","https://scholar.google.com/scholar?cites=14192039044399579989&as_sdt=2005&sciodt=0,5&hl=en",277,"2021-07-17 18:03:23","HTML","","","",,,,,41,4.56,8,5,9,"… Manipur females had the maximum waist circumference, and Delhi females had the maximum hip circumference … 3. Luke A, Durazo-Arvizu R, Rotimi C, Prewitt T, Forrester T. Relation between body mass index and body fat in black population samples from Nigeria, Jamaica and …","https://www.ncbi.nlm.nih.gov/pmc/articles/pmc3361779/","https://scholar.google.com/scholar?q=related:VUPpd1FA9MQJ:scholar.google.com/&scioq=%22waist+circumference%22+nigeria&hl=en&as_sdt=0,5&as_ylo=2011&as_yhi=2012&as_vis=1"
33,"KY Chin, IN Soelaiman, IN Mohamed, S Ibrahim…","The effects of age, physical activity level, and body anthropometry on calcaneal speed of sound value in men",2012,"Archives of …","Springer","https://link.springer.com/article/10.1007/s11657-012-0091-2","https://scholar.google.com/scholar?cites=17231125073880432414&as_sdt=2005&sciodt=0,5&hl=en",278,"2021-07-17 18:03:23","","10.1007/s11657-012-0091-2","","",,,,,33,3.67,7,5,9,"… 0.1 cm. The waist circumference was measured between the lowest rib margin and the iliac crest while subjects maintained a standing position. The percentage … The effects of waist circumference on calcaneal SOS. Subjects in each age …","","https://scholar.google.com/scholar?q=related:Hj_41PVAIe8J:scholar.google.com/&scioq=%22waist+circumference%22+nigeria&hl=en&as_sdt=0,5&as_ylo=2011&as_yhi=2012&as_vis=1"
0,"G Hardy","Cardiovascular protection in African patients, from the world literature: journal update",2011,"South African Journal of Diabetes and Vascular …","journals.co.za","https://journals.co.za/doi/abs/10.10520/EJC95360","",279,"2021-07-17 18:03:23","","10.10520/EJC95360","","",,,,,0,0.00,0,1,10,"… intolerance and overweight 40 years after foetal exposure to famine during the Nigerian civil war … pregnant women who knew they were born in the south-east of Nigeria between 1965 … findings in this study of a higher-than-normal cur- rent weight, waist circumference and BMI in …","",""
15,"CL Wassel, DR Jacobs Jr, DA Duprez…","Association of self-reported race/ethnicity and genetic ancestry with arterial elasticity: the Multi-Ethnic Study of Atherosclerosis (MESA)",2011,"Journal of the American …","Elsevier","https://www.sciencedirect.com/science/article/pii/S1933171111001987","https://scholar.google.com/scholar?cites=8623824929596246777&as_sdt=2005&sciodt=0,5&hl=en",280,"2021-07-17 18:03:23","","","","",,,,,15,1.50,4,4,10,"… Pseudo-ancestral population genotype data were obtained from HapMap (60 Yoruban Nigerians, 60 Centre d'Etude du Polymorphisme … Waist circumference was measured using a Gulick II (Country Technology, Inc., Gays Mills, WI) anthropometric tape and was rounded to the …","https://www.ncbi.nlm.nih.gov/pmc/articles/pmc3218223/","https://scholar.google.com/scholar?q=related:-Qq-HRX7rXcJ:scholar.google.com/&scioq=%22waist+circumference%22+nigeria&hl=en&as_sdt=0,5&as_ylo=2011&as_yhi=2012&as_vis=1"
36,"IA Ebong, AG Bertoni, EZ Soliman, M Guo…","Electrocardiographic abnormalities associated with the metabolic syndrome and its components: the multi-ethnic study of atherosclerosis",2012,"… syndrome and related …","liebertpub.com","https://www.liebertpub.com/doi/abs/10.1089/met.2011.0090","https://scholar.google.com/scholar?cites=507974312062484779&as_sdt=2005&sciodt=0,5&hl=en",281,"2021-07-17 18:03:23","","10.1089/met.2011.0090","","",,,,,36,4.00,7,5,9,"… usage. Waist circumference was measured in centimeters … NC). Sensitivity analysis. In defining criteria for central obesity, Asian-specific criteria employ a threshold for waist circumference >90 cm in men and >80 cm in women …","https://www.ncbi.nlm.nih.gov/pmc/articles/PMC3339381/","https://scholar.google.com/scholar?q=related:KwGCCfKvDAcJ:scholar.google.com/&scioq=%22waist+circumference%22+nigeria&hl=en&as_sdt=0,5&as_ylo=2011&as_yhi=2012&as_vis=1"
56,"A Luke, P Bovet, TE Forrester…","Protocol for the modeling the epidemiologic transition study: a longitudinal observational study of energy balance and change in body weight, diabetes and …",2011,"BMC Public …","bmcpublichealth.biomedcentral.com","https://bmcpublichealth.biomedcentral.com/articles/10.1186/1471-2458-11-927","https://scholar.google.com/scholar?cites=15708058450226041680&as_sdt=2005&sciodt=0,5&hl=en",282,"2021-07-17 18:03:23","HTML","10.1186/1471-2458-11-927","","",,,,,56,5.60,14,4,10,"The prevalence of obesity has increased in societies of all socio-cultural backgrounds. To date, guidelines set forward to prevent obesity have universally emphasized optimal levels of physical activity. However there are few empirical data to support the assertion that low levels of …","https://bmcpublichealth.biomedcentral.com/articles/10.1186/1471-2458-11-927","https://scholar.google.com/scholar?q=related:UNPLhO87_tkJ:scholar.google.com/&scioq=%22waist+circumference%22+nigeria&hl=en&as_sdt=0,5&as_ylo=2011&as_yhi=2012&as_vis=1"
2,"VA Umoh, A Tochukwu","Acute limb ischemia masquerading as Stroke: a case report",2012,"Nigerian Health Journal","ajol.info","https://www.ajol.info/index.php/nhj/article/view/90352","https://scholar.google.com/scholar?cites=8635549384013202986&as_sdt=2005&sciodt=0,5&hl=en",283,"2021-07-17 18:03:23","","","","",,,,,2,0.22,1,2,9,"… It is a rare condition and a literature search of this condition in Nigeria turned up very little … Acute limb ischemia — Umoh V. A, et al The Nigerian Health Journal, Vol … 2 dehydrated, obese with a BMI of 38.2 kg/m and waist circumference of 118cm.There was no pedal oedema …","https://www.ajol.info/index.php/nhj/article/view/90352/79767","https://scholar.google.com/scholar?q=related:KkZzYmmi13cJ:scholar.google.com/&scioq=%22waist+circumference%22+nigeria&hl=en&as_sdt=0,5&as_ylo=2011&as_yhi=2012&as_vis=1"
23,"I Boumaiza, A Omezzine, J Rejeb, L Rebhi…","Association between eight adiponectin polymorphisms, obesity, and metabolic syndrome parameters in Tunisian volunteers",2011,"… syndrome and related …","liebertpub.com","https://www.liebertpub.com/doi/abs/10.1089/met.2011.0035","https://scholar.google.com/scholar?cites=5173611886064981131&as_sdt=2005&sciodt=0,5&hl=en",284,"2021-07-17 18:03:23","","10.1089/met.2011.0035","","",,,,,23,2.30,5,5,10,"… Mutated genotypes at 639 C/T were associated with higher waist circumference, BMI, and systolic and diastolic blood pressure. In addition, the 11391AA genotype was associated with increased BMI … Waist circumference (cm), 89.09±13.67, 117.85±12.61, <0.001 …","","https://scholar.google.com/scholar?q=related:i1SkcplczEcJ:scholar.google.com/&scioq=%22waist+circumference%22+nigeria&hl=en&as_sdt=0,5&as_ylo=2011&as_yhi=2012&as_vis=1"
87,"RJF Loos","The genetic epidemiology of melanocortin 4 receptor variants",2011,"European journal of pharmacology","Elsevier","https://www.sciencedirect.com/science/article/pii/S0014299911000914","https://scholar.google.com/scholar?cites=18193263746994694352&as_sdt=2005&sciodt=0,5&hl=en",285,"2021-07-17 18:03:23","","","","",,,,,87,8.70,87,1,10,"","","https://scholar.google.com/scholar?q=related:0GicYPx0e_wJ:scholar.google.com/&scioq=%22waist+circumference%22+nigeria&hl=en&as_sdt=0,5&as_ylo=2011&as_yhi=2012&as_vis=1"
15,"A Poveda, ME Ibánez, E Rebato","Heritability and genetic correlations of obesity-related phenotypes among Roma people",2012,"Annals of human biology","Taylor & Francis","https://www.tandfonline.com/doi/abs/10.3109/03014460.2012.669794","https://scholar.google.com/scholar?cites=9370643742832823025&as_sdt=2005&sciodt=0,5&hl=en",286,"2021-07-17 18:03:23","","10.3109/03014460.2012.669794","","",,,,,15,1.67,5,3,9,"… 2011), Dutch (Zillikens et al. 2008) and Nigerian (Luke et al … In addition, the high mean values observed for WHR and waist circumference (see Table II) in this population suggests that the studied Roma people are genetically pre-disposed to abdominal fat accumulation …","https://www.researchgate.net/profile/Esther-Rebato/publication/230629052_Heritability_variations_of_body_linearity_and_obesity_indicators_during_growth/links/5cac7036a6fdccf47828cbf1/Heritability-variations-of-body-linearity-and-obesity-indicators-during-growth.pdf","https://scholar.google.com/scholar?q=related:8YpJGNY2C4IJ:scholar.google.com/&scioq=%22waist+circumference%22+nigeria&hl=en&as_sdt=0,5&as_ylo=2011&as_yhi=2012&as_vis=1"
0,"T Gill, A Taylor, K Price, R Pilkington","SP1-66 Chronic disease in specific populations: an epidemiological analysis",2011,"Journal of Epidemiology & …","jech.bmj.com","https://jech.bmj.com/content/65/Suppl_1/A392.3.short","",287,"2021-07-17 18:03:23","","","","",,,,,0,0.00,0,4,10,"Method 1058 workers at a government office in Nigeria were enrolled in a study of body size, dietary energy intake, physical activity … anthropometric characteristics, the body images correlated most strongly with BMI (r=0.56, p<0.001) but less so with waist circumference (r=0.33 …","",""
0,"T Gill, A Taylor, J Grant, E Dal Grande…","SP1-65 Prevalence and incidence of chronic conditions in an Australian population based cohort study: 2000 to 2010",2011,"… of Epidemiology & …","jech.bmj.com","https://jech.bmj.com/content/65/Suppl_1/A392.2.short","",288,"2021-07-17 18:03:23","","","","",,,,,0,0.00,0,5,10,"Method 1058 workers at a government office in Nigeria were enrolled in a study of body size, dietary energy intake, physical activity … anthropometric characteristics, the body images correlated most strongly with BMI (r=0.56, p<0.001) but less so with waist circumference (r=0.33 …","",""
44,"AMN Renzaho, C Nowson, A Kaur…","Prevalence of vitamin D insufficiency and risk factors for type 2 diabetes and cardiovascular disease among African migrant and refugee adults in Melbourne",2011,"Asia Pacific journal …","search.informit.org","https://search.informit.org/doi/abs/10.3316/ielapa.386685347945311","https://scholar.google.com/scholar?cites=12805659810903517310&as_sdt=2005&sciodt=0,5&hl=en",289,"2021-07-17 18:03:23","","10.3316/ielapa.386685347945311","","",,,,,44,4.40,11,4,10,"… Waist-to-hip ratio (WHR) was obtained by dividing the waist circumference by the hip- circumference, and categorised according to the propor- tion of overweight (0.90-0.99 for men and 0.80-0.84 … The remaining 8% included migrants from Congo, Ghana, Rwanda and Nigeria …","https://dro.deakin.edu.au/eserv/DU:30036933/renzaho-prevalenceofvitamin-2011.pdf","https://scholar.google.com/scholar?q=related:fmhmL8DXtrEJ:scholar.google.com/&scioq=%22waist+circumference%22+nigeria&hl=en&as_sdt=0,5&as_ylo=2011&as_yhi=2012&as_vis=1"
0,"B Roca Villanueva, M Bennasar, JA Ferrero, MC Monte…","Hepatitis C virus co-infection and sexual risk behaviour are associated with a high homocysteine serum level in HIV-infected patients",2012,"","repositori.uji.es","http://repositori.uji.es/xmlui/handle/10234/63254","",290,"2021-07-17 18:03:23","","","","",,,,,0,0.00,0,5,9,"… 23.8 (± 4.3) Waist circumference (cm), mean (± SD) 87.3 (± 11.5) … 139 (96%) were natives of Spain, three (2%) were from other countries of Europe, two (1%) from Nigeria, and one (1%) from Brazil. All participants were white, except for the two Nigerians, who were black …","http://repositori.uji.es/xmlui/bitstream/handle/10234/63254/53025.pdf?sequence=1&isAllowed=y","https://scholar.google.com/scholar?q=related:opKLxcTuyJYJ:scholar.google.com/&scioq=%22waist+circumference%22+nigeria&hl=en&as_sdt=0,5&as_ylo=2011&as_yhi=2012&as_vis=1"
48,"O Galescu, M George, S Basetty, I Predescu…","Blood pressure over height ratios: simple and accurate method of detecting elevated blood pressure in children",2012,"International journal of …","hindawi.com","https://www.hindawi.com/journals/ijped/2012/253497/abs/","https://scholar.google.com/scholar?cites=2409010704956844992&as_sdt=2005&sciodt=0,5&hl=en",291,"2021-07-17 18:03:23","HTML","","","",,,,,48,5.33,10,5,9,"… weight, and waist circumference was analyzed [13] … of the SBP/height and DBP/height ratios in their cohort of Chinese, Italian, and Nigerian adolescents [12 … height ratios as simple, sensitive and specific diagnostic tools for adolescent (pre)hypertension in Nigeria,” Italian Journal …","https://www.hindawi.com/journals/ijped/2012/253497/abs/","https://scholar.google.com/scholar?q=related:wOsQAXmGbiEJ:scholar.google.com/&scioq=%22waist+circumference%22+nigeria&hl=en&as_sdt=0,5&as_ylo=2011&as_yhi=2012&as_vis=1"
33,"DJ Corsi, MA Subramanyam…","Commentary: measuring nutritional status of children",2011,"International journal of …","academic.oup.com","https://academic.oup.com/ije/article-abstract/40/4/1030/685858","https://scholar.google.com/scholar?cites=3187743347860595044&as_sdt=2005&sciodt=0,5&hl=en",292,"2021-07-17 18:03:23","","","","",,,,,33,3.30,11,3,10,"… to image abdominal fat distribution, Estimates regional body composition, only approach to estimate intra-abdominal adipose tissue, High-cost equipment, limited availability; less suitable for population-based studies; waist circumference may be a useful proxy …","https://academic.oup.com/ije/article/40/4/1030/685858","https://scholar.google.com/scholar?q=related:ZGFYfK8jPSwJ:scholar.google.com/&scioq=%22waist+circumference%22+nigeria&hl=en&as_sdt=0,5&as_ylo=2011&as_yhi=2012&as_vis=1"
29,"B Longo-Mbenza…","Relationship between younger age, autoimmunity, cardiometabolic risk, oxidative stress, HAART, and ischemic stroke in Africans with HIV/AIDS",2011,"International …","downloads.hindawi.com","https://downloads.hindawi.com/archive/2011/897908.pdf","https://scholar.google.com/scholar?cites=13606482142185891306&as_sdt=2005&sciodt=0,5&hl=en",293,"2021-07-17 18:03:23","PDF","","","",,,,,29,2.90,15,2,10,"… WC: waist circumference; HC:hip circumference … 8, pp. 1581– 1585, 1997. [24] BO Osuntokun, O. Bademosi, OO Akinkugbe, ABO Oyediran, and R. Carlisle, “Incidence of stroke in an African city: results from the stroke registry at Ibadan, Nigeria, 1973– 1975,” Stroke, vol. 10, no …","https://downloads.hindawi.com/archive/2011/897908.pdf","https://scholar.google.com/scholar?q=related:6qWvB2vv07wJ:scholar.google.com/&scioq=%22waist+circumference%22+nigeria&hl=en&as_sdt=0,5&as_ylo=2011&as_yhi=2012&as_vis=1"
255,"P Yue, F Liu, L Li","Neck/shoulder pain and low back pain among school teachers in China, prevalence and risk factors",2012,"BMC public health","bmcpublichealth.biomedcentral.com","https://bmcpublichealth.biomedcentral.com/articles/10.1186/1471-2458-12-789","https://scholar.google.com/scholar?cites=7050416501597546670&as_sdt=2005&sciodt=0,5&hl=en",294,"2021-07-17 18:03:23","HTML","10.1186/1471-2458-12-789","","",,,,,255,28.33,85,3,9,"School teachers represent an occupational group among which there appears to be a high prevalence of neck and/or shoulder pain (NSP) and low back pain (LBP). Epidemiological data on NSP and LBP in Chinese teachers are limited. The aim of this study was to investigate the …","https://bmcpublichealth.biomedcentral.com/articles/10.1186/1471-2458-12-789","https://scholar.google.com/scholar?q=related:rihGGHQc2GEJ:scholar.google.com/&scioq=%22waist+circumference%22+nigeria&hl=en&as_sdt=0,5&as_ylo=2011&as_yhi=2012&as_vis=1"
59,"JM Hester, MR Wing, J Li, ND Palmer, J Xu…","Implication of European-derived adiposity loci in African Americans",2012,"International journal of …","nature.com","https://www.nature.com/articles/ijo2011131","https://scholar.google.com/scholar?cites=16670993749555235094&as_sdt=2005&sciodt=0,5&hl=en",295,"2021-07-17 18:03:23","","","","",,,,,59,6.56,10,6,9,"Recent genome-wide association studies (GWAS) have identified multiple novel loci associated with adiposity in European-derived study populations. Limited study of these loci has been reported in African Americans. Here we examined the effects of these previously identified …","https://www.ncbi.nlm.nih.gov/pmc/articles/pmc3306054/","https://scholar.google.com/scholar?q=related:Fkn_Dn1EW-cJ:scholar.google.com/&scioq=%22waist+circumference%22+nigeria&hl=en&as_sdt=0,5&as_ylo=2011&as_yhi=2012&as_vis=1"
3,"R Tydeman-Edwards","Obsesity, undernutrition and the double burden of disease in the Free State",2012,"","scholar.ufs.ac.za","https://scholar.ufs.ac.za/handle/11660/1584","https://scholar.google.com/scholar?cites=3392743579152305185&as_sdt=2005&sciodt=0,5&hl=en",296,"2021-07-17 18:03:23","","","","",,,,,3,0.33,3,1,9,"… 110 3.10 Suggested daily servings for infants and children (ages 8 months+) to meet the Recommended Daily Allowance 110 3.11. Guidelines for interpretation of waist circumference and risk for chronic diseases of lifestyle 111 3.12 …","https://scholar.ufs.ac.za/bitstream/handle/11660/1584/Tydeman-EdwardsR.pdf?sequence=1&isAllowed=y","https://scholar.google.com/scholar?q=related:IUxcSU9yFS8J:scholar.google.com/&scioq=%22waist+circumference%22+nigeria&hl=en&as_sdt=0,5&as_ylo=2011&as_yhi=2012&as_vis=1"
19,"A Jelenkovic, A Poveda, E Rebato","Quantitative genetics of human morphology and obesity-related phenotypes in nuclear families from the Greater Bilbao (Spain): comparison with other populations",2011,"Annals of human biology","Taylor & Francis","https://www.tandfonline.com/doi/abs/10.3109/03014460.2011.554866","https://scholar.google.com/scholar?cites=5596049628720547251&as_sdt=2005&sciodt=0,5&hl=en",297,"2021-07-17 18:03:23","","10.3109/03014460.2011.554866","","",,,,,19,1.90,6,3,10,"… Nowadays, as a consequence of the increasing prevalence of obesity worldwide, anthropometric measures in quantitative genetic studies are limited to adiposity traits (weight, Body Mass Index (BMI), waist circumference, some skinfolds) and, in most cases, in combination with …","https://www.researchgate.net/profile/Esther-Rebato/publication/49843899_Quantitative_genetics_of_human_morphology_and_obesity-related_phenotypes_in_nuclear_families_from_the_Greater_Bilbao_Spain_Comparison_with_other_populations/links/5a8eadb50f7e9b2fac838658/Quantitative-genetics-of-human-morphology-and-obesity-related-phenotypes-in-nuclear-families-from-the-Greater-Bilbao-Spain-Comparison-with-other-populations.pdf","https://scholar.google.com/scholar?q=related:s0VY-XwpqU0J:scholar.google.com/&scioq=%22waist+circumference%22+nigeria&hl=en&as_sdt=0,5&as_ylo=2011&as_yhi=2012&as_vis=1"
3,"ZG Zyla","Insulin resistance and selected metabolic, inflammatory and anthropometric parameters in the adult population of the Tarnawa Dolna municipality in the Bieszczady",2011,"Przeglad Kardiodiabetologiczny","search.proquest.com","https://search.proquest.com/openview/c50df3744e5696d46e7ea5bda34ccb22/1?pq-origsite=gscholar&cbl=1286342","https://scholar.google.com/scholar?cites=10391431733863290301&as_sdt=2005&sciodt=0,5&hl=en",298,"2021-07-17 18:03:23","","","","",,,,,3,0.30,3,1,10,"… HDL 101 –0.308 0.002 53 –0.407 0.003 Waist circumference 101 0.583 0.000 53 0.515 0.000 lognat_BMI 101 0.427 0.000 52 0.370 0.007 … Diabetes Care 2000; 23: 57-63. 8. Bakari AG, Onyemelukwe GC. Insulin resistance in type 2 dia- betic Nigerians …","","https://scholar.google.com/scholar?q=related:vZWkFBvINZAJ:scholar.google.com/&scioq=%22waist+circumference%22+nigeria&hl=en&as_sdt=0,5&as_ylo=2011&as_yhi=2012&as_vis=1"
12,"JAF Noronha, LC Ramos, AT Ramos…","High blood pressure in overweight children and adolescents",2012,"Journal of Human …","pepsic.bvsalud.org","http://pepsic.bvsalud.org/scielo.php?pid=S0104-12822012000200011&script=sci_abstract&tlng=en","https://scholar.google.com/scholar?cites=13580590304276863757&as_sdt=2005&sciodt=0,5&hl=en",299,"2021-07-17 18:03:23","","","","",,,,,12,1.33,3,4,9,"… Systolic blood pressure values were higher observed in individuals with severe obesity and increased waist circumference, as well as those of the male sex and in the group of … in a Nigerian school-going adolescent population living in a semi-urban and an urban area …","http://pepsic.bvsalud.org/pdf/rbcdh/v22n2/pt_11.pdf","https://scholar.google.com/scholar?q=related:DVuJvu3yd7wJ:scholar.google.com/&scioq=%22waist+circumference%22+nigeria&hl=en&as_sdt=0,5&as_ylo=2011&as_yhi=2012&as_vis=1"
2,"S Shajithanoop, T Periyasamy…","Demographic Variations Influence Obesity in a Semi-urban Cohort of Tamil Nadu, South India",2012,"Journal of Life Sciences","Taylor & Francis","https://www.tandfonline.com/doi/abs/10.1080/09751270.2012.11885200","https://scholar.google.com/scholar?cites=13655713529233447978&as_sdt=2005&sciodt=0,5&hl=en",300,"2021-07-17 18:03:23","","10.1080/09751270.2012.11885200","","",,,,,2,0.22,1,3,9,"… stadiometer fixed to the wall. Waist circumference (WC) was measured using a non- stretchable measuring tape with the participant standing erect, abdomen relaxed, arms at the side and feet together with weight divided equally over both legs …","","https://scholar.google.com/scholar?q=related:Kpx0kBrXgr0J:scholar.google.com/&scioq=%22waist+circumference%22+nigeria&hl=en&as_sdt=0,5&as_ylo=2011&as_yhi=2012&as_vis=1"
8,"AM Adeoye, AA Adebiyi, OO Oladapo…","Early diastolic functional abnormalities in normotensive offspring of Nigerian hypertensives: cardiovascular topics",2012,"… journal of Africa","journals.co.za","https://journals.co.za/doi/abs/10.10520/EJC121391","https://scholar.google.com/scholar?cites=11372608920661586771&as_sdt=2005&sciodt=0,5&hl=en",301,"2021-07-17 18:03:23","","10.10520/EJC121391","","",,,,,8,0.89,2,4,9,"… Keywords: diastolic function, offspring, hypertension, Nigerian Submitted 17/8/09, accepted 6/6/11 … was carried out at the cardiology unit of the Department of Medicine of the University College Hospital, Ibadan, Nigeria … Waist circumference (cm) 79.8 (9.12) 77.6 (7.21) 0.177 …","https://www.ncbi.nlm.nih.gov/pmc/articles/PMC3721905/","https://scholar.google.com/scholar?q=related:U_N4BY-f050J:scholar.google.com/&scioq=%22waist+circumference%22+nigeria&hl=en&as_sdt=0,5&as_ylo=2011&as_yhi=2012&as_vis=1"
19,"CY Yang, CY Peng, YC Liu, WZ Chen…","Surface anthropometric indices in obesity-related metabolic diseases and cancers",2011,"… Gung Med J","biomedj.cgu.edu.tw","http://biomedj.cgu.edu.tw/pdfs/2011/34/1/images/BiomedJ_2011_34_1_1_110449.pdf","https://scholar.google.com/scholar?cites=10870867785249196589&as_sdt=2005&sciodt=0,5&hl=en",302,"2021-07-17 18:03:23","PDF","","","",,,,,19,1.90,4,5,10,"… Existing anthropometric data are useful in the prognosis of these diseases. Although frequently studied, there is disagreement on the applicability, reliability and trends of weight, height, waist circumference (WC) and relevant indices …","http://biomedj.cgu.edu.tw/pdfs/2011/34/1/images/BiomedJ_2011_34_1_1_110449.pdf","https://scholar.google.com/scholar?q=related:LQoEhKcU3ZYJ:scholar.google.com/&scioq=%22waist+circumference%22+nigeria&hl=en&as_sdt=0,5&as_ylo=2011&as_yhi=2012&as_vis=1"
5,"EC Laurence, L Lombard, J Volmink","Risk factors for myocardial infarction and stroke in Africa: Risk factor profile in Africa",2011,"SA Heart","journals.co.za","https://journals.co.za/doi/abs/10.10520/EJC130920","https://scholar.google.com/scholar?cites=10167193880578710612&as_sdt=2005&sciodt=0,5&hl=en",303,"2021-07-17 18:03:23","","10.10520/EJC130920","","",,,,,5,0.50,2,3,10,"… to-hip ratio (WHR) and waist circumference (WC).(14) In the global … In the first phase of the INTERSTROKE study 3000 case-control pairs were recruited from 84 centres in 22 countries, including 5 African countries (Mozambique, Nigeria, South Africa … Tunisian Arabs Nigerians …","https://journals.co.za/doi/pdf/10.10520/EJC130920","https://scholar.google.com/scholar?q=related:VFxrXvcgGY0J:scholar.google.com/&scioq=%22waist+circumference%22+nigeria&hl=en&as_sdt=0,5&as_ylo=2011&as_yhi=2012&as_vis=1"
120,"H Choquet, D Meyre","Molecular basis of obesity: current status and future prospects",2011,"Current genomics","ingentaconnect.com","https://www.ingentaconnect.com/content/ben/cg/2011/00000012/00000003/art00002","https://scholar.google.com/scholar?cites=15639597873086389644&as_sdt=2005&sciodt=0,5&hl=en",304,"2021-07-17 18:03:23","","","","",,,,,120,12.00,60,2,10,"… Heritability estimates for obesity-related traits are consistent among Nigerian, Jamaican and US … contrasted environmental conditions and different obesity prevalence (5% in Nigeria, 23% in … intermediate traits such as percentage of body fat [27], waist circumference [28], eating …","https://www.ncbi.nlm.nih.gov/pmc/articles/PMC3137001/?t..","https://scholar.google.com/scholar?q=related:jN1ER2cDC9kJ:scholar.google.com/&scioq=%22waist+circumference%22+nigeria&hl=en&as_sdt=0,5&as_ylo=2011&as_yhi=2012&as_vis=1"
0,"D Corina, M Monica, CE Adela…","Obesity and Insulin Resistance Status: The Impact of Using Different International Growth Standards in Romanian Children.",2012,"Acta Medica …","actamedicamarisiensis.ro","http://actamedicamarisiensis.ro/wp-content/uploads/2015/09/2012-2-4.pdf","",305,"2021-07-17 18:03:23","PDF","","","",,,,,0,0.00,0,4,9,"… Screening for body-weight disorders in Nigerian children using contrasting definitions … Sarría A, Moreno LA, García-Llop LA, Fleta J, Morellón MP, Bueno M. Body mass index, triceps skinfold and waist circumference in screening for adiposity in male children and adolescents …","http://actamedicamarisiensis.ro/wp-content/uploads/2015/09/2012-2-4.pdf","https://scholar.google.com/scholar?q=related:jJsI2cnjWXIJ:scholar.google.com/&scioq=%22waist+circumference%22+nigeria&hl=en&as_sdt=0,5&as_ylo=2011&as_yhi=2012&as_vis=1"
222,"AE Mesas, M Muñoz‐Pareja, E López‐García…","Selected eating behaviours and excess body weight: a systematic review",2012,"Obesity …","Wiley Online Library","https://onlinelibrary.wiley.com/doi/abs/10.1111/j.1467-789X.2011.00936.x","https://scholar.google.com/scholar?cites=15475296720483028231&as_sdt=2005&sciodt=0,5&hl=en",306,"2021-07-17 18:03:23","","10.1111/j.1467-789X.2011.00936.x","","",,,,,222,24.67,56,4,9,"… losses to follow‐up. In all studies, we assessed whether body weight, height and/or waist circumference were self‐reported or based on measurements, and the degree of adjustment for potential confounders. For this, purpose …","","https://scholar.google.com/scholar?q=related:B40oKmBMw9YJ:scholar.google.com/&scioq=%22waist+circumference%22+nigeria&hl=en&as_sdt=0,5&as_ylo=2011&as_yhi=2012&as_vis=1"
3,"AS Muula, E Rudatsikira, O Babaniyi, P Songolo…","Factors associated with high cholesterol levels in Lusaka, Zambia: a community-based study",2012,"Medical Journal of …","ajol.info","https://www.ajol.info/index.php/mjz/article/view/110600","https://scholar.google.com/scholar?cites=3234004320232116872&as_sdt=2005&sciodt=0,5&hl=en",307,"2021-07-17 18:03:23","","","","",,,,,3,0.33,1,5,9,"… Waist and hip circumferences: The waist circumference, recorded in centimeters, was measured using the Figure … risk factors in urban Tanzania, but different from 22 23 previous report from Nigeria and South … 22. Adedeji, O. The plasma lipid concentrations of health Nigerians …","https://www.ajol.info/index.php/mjz/article/download/110600/100358","https://scholar.google.com/scholar?q=related:iJKDdct94SwJ:scholar.google.com/&scioq=%22waist+circumference%22+nigeria&hl=en&as_sdt=0,5&as_ylo=2011&as_yhi=2012&as_vis=1"
12,"R Ahmad, S ur Rahman, F uz Zaman…","Percent body fat and its relationship with Obesity and Hypertension in adult population of Mingora, Swat",2011,"Gomal Journal of Medical …","gjms.com.pk","http://www.gjms.com.pk/index.php/journal/article/view/243","https://scholar.google.com/scholar?cites=11669566902698617445&as_sdt=2005&sciodt=0,5&hl=en",308,"2021-07-17 18:03:23","","","","",,,,,12,1.20,3,4,10,"… more than 30% body fat are obese.3 The most commonly reported adiposity mea- sures include weight, waist circumference, sub- scapular … Thailand, Iran, Nigeria and Brazil have all reported unprecedented levels of obesity with trends substantially rising every year.15 Roberts …","http://www.gjms.com.pk/index.php/journal/article/viewFile/243/241","https://scholar.google.com/scholar?q=related:ZaoBHkWh8qEJ:scholar.google.com/&scioq=%22waist+circumference%22+nigeria&hl=en&as_sdt=0,5&as_ylo=2011&as_yhi=2012&as_vis=1"
13,"JBB Felden, ACL Figueiredo","Distribution of body fat and breast cancer: a case-control study in the South of Brazil",2011,"Ciência & saúde coletiva","SciELO Brasil","https://www.scielo.br/scielo.php?pid=S1413-81232011000500011&script=sci_arttext&tlng=es","https://scholar.google.com/scholar?cites=14255442461783148675&as_sdt=2005&sciodt=0,5&hl=en",309,"2021-07-17 18:03:23","HTML","","","",,,,,13,1.30,7,2,10,"… 28. Adebamowo CA, OgundiranTO, Adenipekun AA, Oyesegun RA, Oladapo BC, Effiong EA, Rotimi CN, Olopade OI. Waist-hip ratio and breast cancer risk in urbanized Nigerian women … Waist circumference, waist: hip ratio, and risk of breast cancer in the Nurses' Health Study …","https://www.scielo.br/scielo.php?pid=S1413-81232011000500011&script=sci_arttext&tlng=es","https://scholar.google.com/scholar?q=related:g8ia8mOB1cUJ:scholar.google.com/&scioq=%22waist+circumference%22+nigeria&hl=en&as_sdt=0,5&as_ylo=2011&as_yhi=2012&as_vis=1"
0,"S Mongkolsomlit, J Patumanond, P Rawdaree…","Role of microalbuminuria in diabetes and risk factors of microalbuminuria",2012,"Health","archive.lib.cmu.ac.th","https://archive.lib.cmu.ac.th/full/T/2012/epcl30712sm_ch2.pdf","",310,"2021-07-17 18:03:23","PDF","","","",,,,,0,0.00,0,4,9,"… Triglycerides (mmol/l) 1.34 1.06 1.68 1.01 0.13 8.07 0.980 Waist circumference (cm) NA NA … 1995;18(6):793-9. 41. Erasmus RT, Oyeyinka G, Arije A. Microalbuminuria in non-insulin- dependent Nigerian diabetes: reation to glycaemic control, blood pressur and retinopathy …","https://archive.lib.cmu.ac.th/full/T/2012/epcl30712sm_ch2.pdf","https://scholar.google.com/scholar?q=related:tfuIkkGB_f8J:scholar.google.com/&scioq=%22waist+circumference%22+nigeria&hl=en&as_sdt=0,5&as_ylo=2011&as_yhi=2012&as_vis=1"
0,"CC EBIRIM","THE RELATIONSHIP OF BODY MASS INDEX AND WAIST TO HIP RATIO MEASUREMENTS WITH BLOOD PRESSURE IN YOUNG ADULTS ATTENDING THE …",2012,"Faculty of Family Medicine","dissertation.npmcn.edu.ng","http://dissertation.npmcn.edu.ng/index.php/FMCFM/article/download/326/1736","",311,"2021-07-17 18:03:23","PDF","","","",,,,,0,0.00,0,1,9,"… measure. A simple inexpensive anthropometric index, such as waist circumference, or body mass index, is said to be useful to health care providers in the clinical office … relating obesity indicators to blood pressure in Nigeria. It shall enhance the role of …","http://dissertation.npmcn.edu.ng/index.php/FMCFM/article/download/326/1736","https://scholar.google.com/scholar?q=related:o-tzfqVN084J:scholar.google.com/&scioq=%22waist+circumference%22+nigeria&hl=en&as_sdt=0,5&as_ylo=2011&as_yhi=2012&as_vis=1"
24,"W Owiredu, N Amidu, E Gockah-Adapoe…","The prevalence of metabolic syndrome among active sportsmen/sportswomen and sedentary workers in the Kumasi metropolis",2011,"Journal of Science and …","ajol.info","https://www.ajol.info/index.php/just/article/view/64883","https://scholar.google.com/scholar?cites=9265610499195256073&as_sdt=2005&sciodt=0,5&hl=en",312,"2021-07-17 18:03:23","","","","",,,,,24,2.40,6,4,10,"… Waist circumference (to the nearest centimeter) was measured with a Gulick II spring-loaded measuring tape (Gay Mills, WI) midway between the inferior angle of the ribs and the suprailiac crest. The hip cir- cumference was …","https://www.ajol.info/index.php/just/article/view/64883/52611","https://scholar.google.com/scholar?q=related:Cb2pX6gPloAJ:scholar.google.com/&scioq=%22waist+circumference%22+nigeria&hl=en&as_sdt=0,5&as_ylo=2011&as_yhi=2012&as_vis=1"
1,"YD Apalasamy","Obesity study in Malaysian Malays with focus on candidate genes and biomarkers",2012,"","studentsrepo.um.edu.my","http://studentsrepo.um.edu.my/3882/","https://scholar.google.com/scholar?cites=4124236888877805050&as_sdt=2005&sciodt=0,5&hl=en",313,"2021-07-17 18:03:23","","","","",,,,,1,0.11,1,1,9,"… association between obesity and obesity-related parameters such as Body Mass Index (BMI), body weight, height, waist circumference, hip circumference, waist hip ratio, blood pressure, cholesterol and lipid parameters with SNPs and biomarker levels. A total of 672 …","http://studentsrepo.um.edu.my/3882/4/C_4_RESULTS.pdf","https://scholar.google.com/scholar?q=related:-q0fa5k7PDkJ:scholar.google.com/&scioq=%22waist+circumference%22+nigeria&hl=en&as_sdt=0,5&as_ylo=2011&as_yhi=2012&as_vis=1"
0,"BA Tella, CA Gbiri, A Adefarakan, DO Odebiyi…","Effect of Long-Term Exercise on Drug-Induced Obesity in Schizophrenic Patients",2012,"J Addict Res …","academia.edu","https://www.academia.edu/download/46456747/Effect_of_Long-Term_Exercise_on_Drug-Ind20160613-23531-zp5wt3.pdf","",314,"2021-07-17 18:03:23","PDF","","","",,,,,0,0.00,0,5,9,"… This study involved 59 (29 males and 30 females) in-patients diagnosed of schizophrenia in a Nigeria tertiary Mental Health Institution … the commencement of the programme and at 12th-week and 24th-week post-exercise: Hip circumference and waist circumference (to calculate …","https://www.academia.edu/download/46456747/Effect_of_Long-Term_Exercise_on_Drug-Ind20160613-23531-zp5wt3.pdf","https://scholar.google.com/scholar?q=related:VUrHNEY7bgIJ:scholar.google.com/&scioq=%22waist+circumference%22+nigeria&hl=en&as_sdt=0,5&as_ylo=2011&as_yhi=2012&as_vis=1"
0,"GU Madubuko, AN Anarado, JJ Olarerin","Disease pattern of hospitalized patients in two tertiary healthcare facilities in Nigeria",2012,"EDITORIAL COMMENTARY","idjsr.com","https://www.idjsr.com/uploads/37/1760_pdf.pdf","",315,"2021-07-17 18:03:23","PDF","","","",,,,,0,0.00,0,3,9,"… Madubuko GU, Anarado AN, Olarerin JJ Page 10. Nigerian 1999: Journal of Internal Medicine. 2(2). 10 … Conclusion: This study and similar ones from other parts of Nigeria indicate that the prevalence of hypertension among Nigerians with type 2 DM is high …","https://www.idjsr.com/uploads/37/1760_pdf.pdf","https://scholar.google.com/scholar?q=related:S9WA-jfJKc0J:scholar.google.com/&scioq=%22waist+circumference%22+nigeria&hl=en&as_sdt=0,5&as_ylo=2011&as_yhi=2012&as_vis=1"
45,"G Paradis, A Chiolero","The cardiovascular and chronic diseases epidemic in low-and middle-income countries: a global health challenge",2011,"","jacc.org","https://www.jacc.org/doi/full/10.1016/j.jacc.2010.11.047","https://scholar.google.com/scholar?cites=9826906925296541748&as_sdt=2005&sciodt=0,5&hl=en",316,"2021-07-17 18:03:23","HTML","10.1016/j.jacc.2010.11.047","","",,,,,45,4.50,23,2,10,"… by the International Diabetes Federation for South Asian populations (a waist circumference of ≥90 … Pre-Diabetes and Diabetes Mellitus Among Public Category Workers in Akure, Nigeria … of physical activity with metabolic syndrome in a predominantly rural Nigerian population …","https://www.jacc.org/doi/full/10.1016/j.jacc.2010.11.047","https://scholar.google.com/scholar?q=related:NGAgi8gvYIgJ:scholar.google.com/&scioq=%22waist+circumference%22+nigeria&hl=en&as_sdt=0,5&as_ylo=2011&as_yhi=2012&as_vis=1"
17,"A Nanaiah, SD Chowdhury, K Jeyaraman…","Prevalence of cardiac autonomic neuropathy in Asian Indian patients with fibrocalculous pancreatic diabetes",2012,"Indian journal of …","ncbi.nlm.nih.gov","https://www.ncbi.nlm.nih.gov/pmc/articles/PMC3475898/","https://scholar.google.com/scholar?cites=4320788355279939242&as_sdt=2005&sciodt=0,5&hl=en",317,"2021-07-17 18:03:23","HTML","","","",,,,,17,1.89,4,4,9,"… only <1% of all diabetes in the western world, in many parts of the world (especially in tropical countries such as Nigeria and Indonesia … A brief medical history was taken from all subjects, and anthropometric measures like height, weight, and waist circumference were measured …","https://www.ncbi.nlm.nih.gov/pmc/articles/PMC3475898/","https://scholar.google.com/scholar?q=related:quYa2h2G9jsJ:scholar.google.com/&scioq=%22waist+circumference%22+nigeria&hl=en&as_sdt=0,5&as_ylo=2011&as_yhi=2012&as_vis=1"
0,"F UJUNWA","PREVALENCE OF HYPERTENSION AND PREHYPERTENSION AMONG SECONDARY SCHOOL ADOLESCENTS IN ENUGU",2011,"Faculty of PAEDIATRICS","dissertation.npmcn.edu.ng","http://dissertation.npmcn.edu.ng/index.php/FMCPaed/article/download/929/281","",318,"2021-07-17 18:03:23","PDF","","","",,,,,0,0.00,0,1,10,"… SBP- Systolic blood pressure WC –Waist circumference HC Hip circumference … disease risk factor in Nigeria.26 An identified independent risk factor for hypertension is … increased risk of cardiovascular diseases.28,29,31 In the Nigerian society where obesity is …","http://dissertation.npmcn.edu.ng/index.php/FMCPaed/article/download/929/281","https://scholar.google.com/scholar?q=related:kX3vMEsFYOoJ:scholar.google.com/&scioq=%22waist+circumference%22+nigeria&hl=en&as_sdt=0,5&as_ylo=2011&as_yhi=2012&as_vis=1"
0,"I OSARETIN","THE PREVALENCE OF OVERWEIGHT AND OBESITY AND THEIR RELATIONSHIP WITH TYPE 2 DIABETES MELLITUS IN ADULT PATIENTS SEEN AT THE …",2012,"Faculty of Family Medicine","dissertation.npmcn.edu.ng","http://dissertation.npmcn.edu.ng/index.php/FMCFM/article/download/317/1744","",319,"2021-07-17 18:03:23","PDF","","","",,,,,0,0.00,0,1,9,"… centre and 14.0% in an urban centre.49 In Jos, north central region of Nigeria (the same … overweight and obesity among urban Nigerian adults. They found out that the overall … 2. Obesity can also be measured using the waist circumference. This is measured at the …","http://dissertation.npmcn.edu.ng/index.php/FMCFM/article/download/317/1744","https://scholar.google.com/scholar?q=related:0CL9eqnhLUsJ:scholar.google.com/&scioq=%22waist+circumference%22+nigeria&hl=en&as_sdt=0,5&as_ylo=2011&as_yhi=2012&as_vis=1"
0,"AO IKWUDINMA","A STUDY OF THE PATTERN OF OBESITY AND ITS PRIMARY COMORBIDITIES AMONG ADULT PATIENTS ATTENDING GENERAL OUTPATIENT CLINIC OF …",2012,"Faculty of Family Medicine","dissertation.npmcn.edu.ng","http://dissertation.npmcn.edu.ng/index.php/FMCFM/article/download/333/1729","",320,"2021-07-17 18:03:23","PDF","","","",,,,,0,0.00,0,1,9,"… W: Weight WC: Waist Circumference WHR: Waist to Hip Ratio %: Percentage … Nigeria. This study was therefore carried out to determine the pattern of obesity and … INTRODUCTION 1.1 BACKGROUND Obesity is culturally and socially acceptable among blacks and Nigerians and …","http://dissertation.npmcn.edu.ng/index.php/FMCFM/article/download/333/1729","https://scholar.google.com/scholar?q=related:B_mduUA8BhsJ:scholar.google.com/&scioq=%22waist+circumference%22+nigeria&hl=en&as_sdt=0,5&as_ylo=2011&as_yhi=2012&as_vis=1"
29,"AL Benedet, CF Moraes, EF Camargos…","Amerindian genetic ancestry protects against Alzheimer's disease",2012,"Dementia and geriatric …","karger.com","https://www.karger.com/Article/Abstract/339672","https://scholar.google.com/scholar?cites=6819851122030712318&as_sdt=2005&sciodt=0,5&hl=en",321,"2021-07-17 18:03:23","","","","",,,,,29,3.22,7,4,9,"… considered at baseline were compared between subjects affected and nonaffected by AD (table 2). Literacy level as well as waist circumference, age and … F, Siu SH, Gao S, Farlow M, Olu- wole OS, Komolafe O, Hendrie HC: Epide- miology of dementia in Nigeria: results from the …","https://www.academia.edu/download/53100152/Amerindian_Genetic_Ancestry_Protects_aga20170512-32274-1a0s5sy.pdf","https://scholar.google.com/scholar?q=related:_pWwXXb6pF4J:scholar.google.com/&scioq=%22waist+circumference%22+nigeria&hl=en&as_sdt=0,5&as_ylo=2011&as_yhi=2012&as_vis=1"
2,"T Jacob","Growth and pubertal development in children with sickle cell anaemia at muhimbili national hospital 2010",2011,"","core.ac.uk","https://core.ac.uk/download/pdf/11307461.pdf","https://scholar.google.com/scholar?cites=8147463202428284011&as_sdt=2005&sciodt=0,5&hl=en",322,"2021-07-17 18:03:23","PDF","","","",,,,,2,0.20,2,1,10,"… The mean MUAC, triceps skin-fold thickness, waist circumference and hip … this study was compared with that from earlier southern Nigeria studies (40) . 1.4 … Õ Corresponds to standard deviation of a mean age at menarche of Nigerian school girls with SCA which was 1.13 years …","https://core.ac.uk/download/pdf/11307461.pdf","https://scholar.google.com/scholar?q=related:a-xNkZ2aEXEJ:scholar.google.com/&scioq=%22waist+circumference%22+nigeria&hl=en&as_sdt=0,5&as_ylo=2011&as_yhi=2012&as_vis=1"
4,"S Nichols, N Dalrymple, M Francis","Use of anthropometry in monitoring the nutritional and health status of persons living with HIV/AIDS",2012,"Handbook of Anthropometry","Springer","https://link.springer.com/chapter/10.1007/978-1-4419-1788-1_153","https://scholar.google.com/scholar?cites=9465794821532664902&as_sdt=2005&sciodt=0,5&hl=en",323,"2021-07-17 18:03:23","","10.1007/978-1-4419-1788-1_153","","",,,,,4,0.44,1,3,9,"… Adediran and Durosinmi (2006). The aim of this study was to evaluate the importance of peripheral blood and bone marrow changes in a population of adult Nigerians managed for symptomatic HIV infection … 168.0 ± 8.9. 0.93. Waist circumference (cm). 80.3 ± 9.9. 83.5 ± 11.3. 0.20 …","","https://scholar.google.com/scholar?q=related:RsQv_jxCXYMJ:scholar.google.com/&scioq=%22waist+circumference%22+nigeria&hl=en&as_sdt=0,5&as_ylo=2011&as_yhi=2012&as_vis=1"
0,"AA ADESEYE","QT INTERVALS AND DISPERSION: EPIDEMIOLOGY AND CLINICAL CORRELATES IN SUBJECTS WITH NEWLY DIAGNOSED SYSTEMIC HYPERTENSION",2011,"Faculty of INTERNAL MEDICINE","dissertation.npmcn.edu.ng","http://dissertation.npmcn.edu.ng/index.php/FMCP/article/download/569/630","",324,"2021-07-17 18:03:23","PDF","","","",,,,,0,0.00,0,1,10,"… This will increase to about 7-8 million (17-20%) or more of Adult Nigerians, if the 1999 World Health Organization/ International Society of … aetiology can be detected. The Nigerian Hypertension Society has … detection, prevention and management of hypertension in Nigeria.19,20 …","http://dissertation.npmcn.edu.ng/index.php/FMCP/article/download/569/630","https://scholar.google.com/scholar?q=related:225o8dzFLXoJ:scholar.google.com/&scioq=%22waist+circumference%22+nigeria&hl=en&as_sdt=0,5&as_ylo=2011&as_yhi=2012&as_vis=1"
8,"S Li, S Huang, ZN Mo, Y Gao, XB Yang…","Generating a reference interval for fasting serum insulin in healthy nondiabetic adult Chinese men",2012,"Singapore medical …","smj.org.sg","http://www.smj.org.sg/sites/default/files/5312/5312a6.pdf","https://scholar.google.com/scholar?cites=8187171557459409730&as_sdt=2005&sciodt=0,5&hl=en",325,"2021-07-17 18:03:23","PDF","","","",,,,,8,0.89,1,6,9,"… in related African-American individuals was significantly higher than in related Nigerian natives.(20 … participants of previous studies were from Nordic countries, the USA, Nigeria, Ghana, Japan and … on optimal cut-off points of body mass index and waist circumference in Chinese …","http://www.smj.org.sg/sites/default/files/5312/5312a6.pdf","https://scholar.google.com/scholar?q=related:QruMbSetnnEJ:scholar.google.com/&scioq=%22waist+circumference%22+nigeria&hl=en&as_sdt=0,5&as_ylo=2011&as_yhi=2012&as_vis=1"
0,"A Misra, P Nigam","Obesity and Metabolic Syndrome",2012,"Recent Advances in Metabolic Syndrome–I …","books.google.com","https://books.google.com/books?hl=en&lr=&id=amqUfmqIhAUC&oi=fnd&pg=PA58-IA1&dq=%22waist+circumference%22+nigeria&ots=xWnKFn2pqF&sig=aHJ6yj7lwogCTjBc1uTlu0Idtkc","",326,"2021-07-17 18:03:23","","","","",,,,,0,0.00,0,2,9,"… 24.8 (8.3) 30.8 (8.9) 38.2 (9.6) 31.9 (6.6) 40.2 (7.1) Luke et al12 1997 Nigerians (298) Jamaicans … body mass in- dex and body fat in black population samples from Nigeria, Jamaica, and … X-ray ab- sorptiometry and its relation to body mass index and waist circumference in Hong …","","https://scholar.google.com/scholar?q=related:stdzS1YxJ7EJ:scholar.google.com/&scioq=%22waist+circumference%22+nigeria&hl=en&as_sdt=0,5&as_ylo=2011&as_yhi=2012&as_vis=1"
0,"FB Lepira, PK Kayembe, MP Bayauli…","Left ventricular hypertrophy and geometry in type 2 diabetes patients with chronic kidney disease. An echocardiographic study: cardiovascular topics",2012,"… Journal of Africa","ingentaconnect.com","https://www.ingentaconnect.com/content/sabinet/cardio1/2012/00000023/00000002/art00009","",327,"2021-07-17 18:03:23","","","","",,,,,0,0.00,0,4,9,"… BMI, waist circumference, SBP and DBP, and plasma glucose levels averaged 26 ± 5 kg/m2, 95 ± 12 cm, 148 ± 26 mmHg … In Nigerian hypertensive patients, Aje et al … Characteristics of type 2 diabetics presenting with end-stage renal disease at the Jos University Hospital, Nigeria …","","https://scholar.google.com/scholar?q=related:curaKwun8gkJ:scholar.google.com/&scioq=%22waist+circumference%22+nigeria&hl=en&as_sdt=0,5&as_ylo=2011&as_yhi=2012&as_vis=1"
4,"JAF Noronha, LC Ramos, AT Ramos…","Pressão arterial elevada em crianças e adolescentes com excesso de peso",2012,"Journal of Human …","revistas.usp.br","https://www.revistas.usp.br/jhgd/article/view/44940","https://scholar.google.com/scholar?cites=6469771881590521640&as_sdt=2005&sciodt=0,5&hl=en",328,"2021-07-17 18:03:23","","","","",,,,,4,0.44,1,4,9,"… Similar results were observed in a study conducted in Nigeria, whose prevalence of high … is composed of obese and overweight children and adolescents, and therefore with increased waist circumference … in the prevalence of point (pre) hypertension in a Nigerian school-going …","https://www.revistas.usp.br/jhgd/article/download/44940/48562","https://scholar.google.com/scholar?q=related:KH8DfD8_yVkJ:scholar.google.com/&scioq=%22waist+circumference%22+nigeria&hl=en&as_sdt=0,5&as_ylo=2011&as_yhi=2012&as_vis=1"
20,"TM Beckie, MW Groër, JW Beckstead","The relationship between polymorphisms on chromosome 9p21 and age of onset of coronary heart disease in black and white women",2011,"Genetic testing and …","liebertpub.com","https://www.liebertpub.com/doi/abs/10.1089/gtmb.2010.0222","https://scholar.google.com/scholar?cites=3891071005829029568&as_sdt=2005&sciodt=0,5&hl=en",329,"2021-07-17 18:03:23","","10.1089/gtmb.2010.0222","","",,,,,20,2.00,7,3,10,"… Fasting glucose, mg/dL, 105 ± 30, 102 ± 23, 120 ± 50, 0.006, 0.051. Waist circumference, cm, 100 ± 15, 100 ± 16, 102 ± 13, 0.03, 0.004 … CEU, Utah residents with Northern and Western European ancestry from the CEPH collection; YRI, Yoruba in Ibadan, Nigeria …","https://www.ncbi.nlm.nih.gov/pmc/articles/PMC3101922/","https://scholar.google.com/scholar?q=related:wN5Cynbc_zUJ:scholar.google.com/&scioq=%22waist+circumference%22+nigeria&hl=en&as_sdt=0,5&as_ylo=2011&as_yhi=2012&as_vis=1"
0,"T Kishimoto, Y Osaki, A Tahara, M Nagai…","SP1-64 A cohort study about the association between metabolic syndrome and FTO genetic polymorphism in a Japanese worker population",2011,"… of Epidemiology & …","jech.bmj.com","https://jech.bmj.com/content/65/Suppl_1/A392.1.short","",330,"2021-07-17 18:03:23","","","","",,,,,0,0.00,0,5,10,"Method 1058 workers at a government office in Nigeria were enrolled in a study of body size, dietary energy intake, physical activity … anthropometric characteristics, the body images correlated most strongly with BMI (r=0.56, p<0.001) but less so with waist circumference (r=0.33 …","",""
0,"EXG de Oliveira, RS Pinheiro, ECP Melo…","P1-269 Screening for breast cancer: access to mammography in Brazil, 2003–2008",2011,"… of Epidemiology & …","jech.bmj.com","https://jech.bmj.com/content/65/Suppl_1/A140.4.short","",331,"2021-07-17 18:03:23","","","","",,,,,0,0.00,0,4,10,"… term difficulties of this condition there is paucity of community derived data in sub-Saharan Africa and especially in Nigeria, the most … The prevalence of hypertension was 30%, diabetes mellitus (DM) (3.7%), obesity (defined by BMI) 2.7% and elevated waist circumference (14.6 …","",""
1,"C Gómez-Londoño, CH González-Correa","Manual pressure force and correlation with anthropometric and physical condition in college students",2012,"Biosalud","scielo.org.co","http://www.scielo.org.co/scielo.php?script=sci_arttext&pid=S1657-95502012000200002","https://scholar.google.com/scholar?cites=9908623982983325085&as_sdt=2005&sciodt=0,5&hl=en",332,"2021-07-17 18:03:23","HTML","","","",,,,,1,0.11,1,2,9,"… beneficiary of a food subsidy (46 men - 46 women), aged 17-37 years underwent a nutritional assessment by measuring weight, height, subcutaneous skin folds, waist circumference, Harvard bench step … Reference Values for Handgrip Strength Among Healthy Adults in Nigeria …","http://www.scielo.org.co/scielo.php?script=sci_arttext&pid=S1657-95502012000200002","https://scholar.google.com/scholar?q=related:nSWjrgOBgokJ:scholar.google.com/&scioq=%22waist+circumference%22+nigeria&hl=en&as_sdt=0,5&as_ylo=2011&as_yhi=2012&as_vis=1"
30,"Ž Stanković, M Jašović-Gašić, M Zamaklar","Psycho-social and clinical variables associated with depression in patients with type 2 diabetes",2011,"Psychiatria Danubina","hrcak.srce.hr","https://hrcak.srce.hr/file/113533","https://scholar.google.com/scholar?cites=7171183319697208545&as_sdt=2005&sciodt=0,5&hl=en",333,"2021-07-17 18:03:23","PDF","","","",,,,,30,3.00,10,3,10,"… by standard enzymatic methods ((fasting glucose concentration (mmol/L), triglycerides (mmol/L) and HDL cholesterol (High density lipoproteine cholesterol) (mmol/L) level), arterial blood tension (mmHg) as well as anthropometric measure: Waist circumference (WC) (cm) and …","https://hrcak.srce.hr/file/113533","https://scholar.google.com/scholar?q=related:4TTCFTwphWMJ:scholar.google.com/&scioq=%22waist+circumference%22+nigeria&hl=en&as_sdt=0,5&as_ylo=2011&as_yhi=2012&as_vis=1"
0,"C Bartels","Insulin resistance, physical activity and physical fitness in adults residing in a northern suburb of Cape Town",2011,"","etd.uwc.ac.za","https://etd.uwc.ac.za/handle/11394/1568","",334,"2021-07-17 18:03:23","","","","",,,,,0,0.00,0,1,10,"… The five components included body composition, determined by body mass index and waist circumference, the 3-minute cardiorespiratory step test, the … Results showed that body mass index and waist circumference were the …","https://etd.uwc.ac.za/bitstream/handle/11394/1568/Bartels_MSRES_2011.pdf?sequence=1&isAllowed=y","https://scholar.google.com/scholar?q=related:D3PSRAwUDQQJ:scholar.google.com/&scioq=%22waist+circumference%22+nigeria&hl=en&as_sdt=0,5&as_ylo=2011&as_yhi=2012&as_vis=1"
24,"MR Jones, AK Chua, EA Mengesha, KD Taylor…","Metabolic and cardiovascular genes in polycystic ovary syndrome: a candidate-wide association study (CWAS)",2012,"Steroids","Elsevier","https://www.sciencedirect.com/science/article/pii/S0039128X11003503","https://scholar.google.com/scholar?cites=7683762849825358376&as_sdt=2005&sciodt=0,5&hl=en",335,"2021-07-17 18:03:23","","","","",,,,,24,2.67,5,5,9,"… related traits (diabetes status, age at diabetes diagnosis, early onset of diabetes, fasting glucose and insulin, two hour glucose and hemoglobin A1c), obesity-related traits (body mass index (BMI), waist-hip ratio, percent fat mass and waist circumference), cardiovascular traits …","https://www.ncbi.nlm.nih.gov/pmc/articles/pmc3689580/","https://scholar.google.com/scholar?q=related:KAIvApo1omoJ:scholar.google.com/&scioq=%22waist+circumference%22+nigeria&hl=en&as_sdt=0,5&as_ylo=2011&as_yhi=2012&as_vis=1"
16,"N Sarrafzadegan, M Talaei, R Kelishadi, N Toghianifar…","The influence of gender and place of residence on cardiovascular diseases and their risk factors",2012,"Saudi Med J","kelishadi.ir","http://www.kelishadi.ir/cv/22588815.pdf","https://scholar.google.com/scholar?cites=4893861582556269180&as_sdt=2005&sciodt=0,5&hl=en",336,"2021-07-17 18:03:23","PDF","","","",,,,,16,1.78,3,5,9,"… High waist circumference 2200 (93.6)† 730 (80.7)† <0.001 1186 (53.4) 277 (32.7) <0.001 … Cross-sectional data from Nigeria, India, and China all indicated that the urban population has higher obesity, lipids, and often blood pressure indices than their rural counterparts.28-30 In …","http://www.kelishadi.ir/cv/22588815.pdf","https://scholar.google.com/scholar?q=related:fIoyOC596kMJ:scholar.google.com/&scioq=%22waist+circumference%22+nigeria&hl=en&as_sdt=0,5&as_ylo=2011&as_yhi=2012&as_vis=1"
8,"JC Andersson, AJ Walley","The contribution of heredity to clinical obesity",2011,"Obesity Before Birth","Springer","https://link.springer.com/chapter/10.1007/978-1-4419-7034-3_2","https://scholar.google.com/scholar?cites=5139861429546812412&as_sdt=2005&sciodt=0,5&hl=en",337,"2021-07-17 18:03:23","","10.1007/978-1-4419-7034-3_2","","",,,,,8,0.80,4,2,10,"… Waist circumference was also associated with satiety responsiveness (r = –0.23) and higher food cue responsiveness (r = 0.20) … Equally, in a genome-wide scan of Nigerian families for BMI, the heritability estimate was 0.46 ± 0.07 …","https://www.researchgate.net/profile/Andrew-Walley/publication/226167658_The_Contribution_of_Heredity_to_Clinical_Obesity/links/00b4952af05e3ee1b3000000/The-Contribution-of-Heredity-to-Clinical-Obesity.pdf","https://scholar.google.com/scholar?q=related:_IPe7rx0VEcJ:scholar.google.com/&scioq=%22waist+circumference%22+nigeria&hl=en&as_sdt=0,5&as_ylo=2011&as_yhi=2012&as_vis=1"
79,"SSK Yu, DC Castillo, AB Courville…","The triglyceride paradox in people of African descent",2012,"Metabolic syndrome and …","liebertpub.com","https://www.liebertpub.com/doi/abs/10.1089/met.2011.0108","https://scholar.google.com/scholar?cites=17399214775989704765&as_sdt=2005&sciodt=0,5&hl=en",338,"2021-07-17 18:03:23","","10.1089/met.2011.0108","","",,,,,79,8.78,20,4,9,"… decided that metabolic syndrome would be diagnosed if any three of these five criteria were present: (1) hypertriglyceridemia (TG≥150 mg/dL), (2) low HDL-C with sex-specific thresholds, (3) central obesity with population- and sex-specific waist circumference (WC) thresholds …","https://www.ncbi.nlm.nih.gov/pmc/articles/pmc3311911/","https://scholar.google.com/scholar?q=related:PRiYXadtdvEJ:scholar.google.com/&scioq=%22waist+circumference%22+nigeria&hl=en&as_sdt=0,5&as_ylo=2011&as_yhi=2012&as_vis=1"
8,"W Tangjatuporn, P Nimitpornsuko…","Associated factors of blood pressure control and complications of hypertension in hypertensive rural Thai populations of Baan Nayao, Chachoengsao Province",2012,"J Med Assoc …","thaiscience.info","https://www.thaiscience.info/Journals/Article/JMAT/10971532.pdf","https://scholar.google.com/scholar?cites=12437554557846000963&as_sdt=2005&sciodt=0,5&hl=en",339,"2021-07-17 18:03:23","PDF","","","",,,,,8,0.89,3,3,9,"… No 45 (62.5) 27 (37.5) 1 Waist circumference Abdominal obesity 96 (67.1) 47 (32.9) 2.64 (1.11-6.29) Normal 65 (54.2) 55 (45.8) 1 … Blood pressure control and left ventricular hypertrophy in hypertensive Nigerians. Ann Afr Med 2009; 8: 156-62. 20 …","https://www.thaiscience.info/Journals/Article/JMAT/10971532.pdf","https://scholar.google.com/scholar?q=related:Q5XzLvkRm6wJ:scholar.google.com/&scioq=%22waist+circumference%22+nigeria&hl=en&as_sdt=0,5&as_ylo=2011&as_yhi=2012&as_vis=1"
1,"R KAZANCIOĞLU, V Memili, S ÖZTÜRK…","Insulin resistance and antropometric measurements in autosomal dominant polycystic kidney disease",2011,"Türk Nefroloji Diyaliz …","app.trdizin.gov.tr","https://app.trdizin.gov.tr/makale/TVRNd01ERTVPUT09/insulin-resistance-and-antropometric-measurements-in-autosomal-dominant-polycystic-kidney-disease","https://scholar.google.com/scholar?cites=17026424227525159915&as_sdt=2005&sciodt=0,5&hl=en",340,"2021-07-17 18:03:23","","","","",,,,,1,0.10,0,4,10,"… Chan DC, Watts GF, Barrett PH, Burke V: Waist circumference, waist-to-hip ratio and body mass index as predictors of adipose tissue … Adejuyigbe O: Fat mass, fat mass percentage, body mass index and mid-upper arm circumference in a healthy population of Nigerian children …","","https://scholar.google.com/scholar?q=related:6-u9BKACSuwJ:scholar.google.com/&scioq=%22waist+circumference%22+nigeria&hl=en&as_sdt=0,5&as_ylo=2011&as_yhi=2012&as_vis=1"
53,"W Muronya, E Sanga, G Talama…","Cardiovascular risk factors in adult Malawians on long-term antiretroviral therapy",2011,"Transactions of the …","academic.oup.com","https://academic.oup.com/trstmh/article-abstract/105/11/644/1893756","https://scholar.google.com/scholar?cites=6325483381313506043&as_sdt=2005&sciodt=0,5&hl=en",341,"2021-07-17 18:03:23","","","","",,,,,53,5.30,13,4,10,"… The waist circumference was measured in the mid-axillary line midway between the last rib and the superior iliac crest … The waist–hip ratio (waist circumference: hip circumference) was considered to be increased if >0.85 in women and >0.95 in men …","","https://scholar.google.com/scholar?q=related:-wrUF5-hyFcJ:scholar.google.com/&scioq=%22waist+circumference%22+nigeria&hl=en&as_sdt=0,5&as_ylo=2011&as_yhi=2012&as_vis=1"
227,"J Baumgartner, JJ Schauer, M Ezzati…","Indoor air pollution and blood pressure in adult women living in rural China",2011,"Environmental …","ehp.niehs.nih.gov","https://ehp.niehs.nih.gov/doi/abs/10.1289/ehp.1003371","https://scholar.google.com/scholar?cites=13313444905107624187&as_sdt=2005&sciodt=0,5&hl=en",342,"2021-07-17 18:03:23","","10.1289/ehp.1003371","","",,,,,227,22.70,57,4,10,"… 2003). For each participant, we measured height (centimeters), weight (kilograms), and waist circumference (centimeters) and calculated body mass index (BMI) by dividing weight (kilograms) by height (meters squared). Physical …","https://ehp.niehs.nih.gov/doi/full/10.1289/ehp.1003371?url_ver=Z39.88-2003&rfr_id=ori:rid:crossref.org&rfr_dat=cr_pub%20%200pubmed","https://scholar.google.com/scholar?q=related:-5CsgZrbwrgJ:scholar.google.com/&scioq=%22waist+circumference%22+nigeria&hl=en&as_sdt=0,5&as_ylo=2011&as_yhi=2012&as_vis=1"
7,"PR Alencastro, FH Wolff, F Schuelter-Trevisol…","Characteristics Associated to Lipodystrophy Syndrome among HIVInfected Patients Naive and on Antiretroviral Treatment",2012,"","riuni.unisul.br","https://riuni.unisul.br/handle/12345/2975","https://scholar.google.com/scholar?cites=11269812497175906350&as_sdt=2005&sciodt=0,5&hl=en",343,"2021-07-17 18:03:23","","","","",,,,,7,0.78,2,4,9,"… signs were associated with increased circumferences such as abdomen enlargement detected by increased waist circumference and buffalo hump by larger neck cir- cumference … Prevalence of and risk factors for lipoatrophy in patients with HIV infec‑ tion in Nigeria …","https://riuni.unisul.br/bitstream/handle/12345/2975/lipodistrofiaAlencastro.pdf?sequence=1&isAllowed=y","https://scholar.google.com/scholar?q=related:Lohtk8FqZpwJ:scholar.google.com/&scioq=%22waist+circumference%22+nigeria&hl=en&as_sdt=0,5&as_ylo=2011&as_yhi=2012&as_vis=1"
1,"II Ulasi, BC Anisiuba, CK Ijoma","Blood pressure variability and its implications in people of African descent",2011,"Hypertension Research","nature.com","https://www.nature.com/articles/hr2011138","https://scholar.google.com/scholar?cites=9018204731532471078&as_sdt=2005&sciodt=0,5&hl=en",344,"2021-07-17 18:03:23","HTML","","","",,,,,1,0.10,0,3,10,"… However, Li et al. 8 have demonstrated that in a comprehensive model, which included body mass index, waist circumference and the father's educational level, the ethnic differences in systolic BP variability are no longer significant …","https://www.nature.com/articles/hr2011138","https://scholar.google.com/scholar?q=related:Jmu9PmwZJ30J:scholar.google.com/&scioq=%22waist+circumference%22+nigeria&hl=en&as_sdt=0,5&as_ylo=2011&as_yhi=2012&as_vis=1"
6,"RW Kimokoti, TT Fung, BE Millen","Dietary patterns/diet and health of adults in economically developing countries",2012,"Bioactive Food as Dietary …","books.google.com","https://books.google.com/books?hl=en&lr=&id=i4AQMl6eASkC&oi=fnd&pg=PA83&dq=%22waist+circumference%22+nigeria&ots=j3yk0tKDyC&sig=psZGwHvdFfGCRd0RKaclZMUfRmM","https://scholar.google.com/scholar?cites=3531148205946911250&as_sdt=2005&sciodt=0,5&hl=en",345,"2021-07-17 18:03:23","","","","",,,,,6,0.67,2,3,9,"… Abdominal obesity (waist circumference (WC)> 102 cm in men and > 88 cm in women) is present in approximately 29% of men and 48% of women; median … In a review on global dietary fat intake (% energy), mean total fat intake ranged from 11.1 in China to 50.7 in rural Nigeria …","https://www.academia.edu/download/31599483/DPs_Diet_and_Health_of_Adults_in_LMICs.pdf","https://scholar.google.com/scholar?q=related:Ejq5oJUoATEJ:scholar.google.com/&scioq=%22waist+circumference%22+nigeria&hl=en&as_sdt=0,5&as_ylo=2011&as_yhi=2012&as_vis=1"
0,"L Salako, OO Oladapo, L Sadiq…","Target-organ damage and cardiovascular complications in hypertensive Nigerian Yoruba adults: a cross-sectional study: cardiovascular topics",2012,"… Journal of Africa","ingentaconnect.com","https://www.ingentaconnect.com/content/sabinet/cardio1/2012/00000023/00000007/art00009","",346,"2021-07-17 18:03:23","","","","",,,,,0,0.00,0,4,9,"… SD) Age (years) 43.4 (± 20.2) 50.4 (±13.2) 46.9 (± 16.7) BMI (kg/m2) 25.1 (± 4.8) 28.7 (± 6.5) 26.9 (± 5.7) Waist circumference (cm) 86.5 … Heart failure in Nigerian hypertensives … Incidence of stroke in an African City: results from the Stroke Registry at Ibadan, Nigeria, 1973–1975 …","","https://scholar.google.com/scholar?q=related:sZ5_CZGbPUUJ:scholar.google.com/&scioq=%22waist+circumference%22+nigeria&hl=en&as_sdt=0,5&as_ylo=2011&as_yhi=2012&as_vis=1"
56,"KT Magnusson, H Hrafnkelsson…","Limited effects of a 2-year school-based physical activity intervention on body composition and cardiorespiratory fitness in 7-year-old children",2012,"Health education …","academic.oup.com","https://academic.oup.com/her/article-abstract/27/3/484/610838","https://scholar.google.com/scholar?cites=1404759013338180435&as_sdt=2005&sciodt=0,5&hl=en",347,"2021-07-17 18:03:23","","","","",,,,,56,6.22,19,3,9,"… We calculated z scores for all dependent variables at pre- and post-measurements based on gender. The primary outcome measurements were cardiorespiratory fitness (W/kg), BMI, sum of five skinfolds (mm), waist circumference (cm), lean body mass (kg) and fat mass (%) …","https://academic.oup.com/her/article/27/3/484/610838","https://scholar.google.com/scholar?q=related:U-sMQeG0fhMJ:scholar.google.com/&scioq=%22waist+circumference%22+nigeria&hl=en&as_sdt=0,5&as_ylo=2011&as_yhi=2012&as_vis=1"
0,"MDC INMACULADA, CP LUİS…","CARDIOVASCULAR RISK FACTORS, CALORIC INTAKE AND PRACTICE OF PHYSICAL ACTIVITY IN COLLEGE STUDENTS. A PRELIMINARY STUDY.",2011,"… Education & Sport …","search.ebscohost.com","http://search.ebscohost.com/login.aspx?direct=true&profile=ehost&scope=site&authtype=crawler&jrnl=2285777X&AN=87424731&h=5gIDjKMybDoDV5vr04T5QekU7e7rpvl1SEelQ9KTP9dNb7Ae2HowGnhbrjpZxseUoUcJftAaFYZQiffdveNzgg%3D%3D&crl=c","",348,"2021-07-17 18:03:23","","","","",,,,,0,0.00,0,3,10,"… References ADEGBENGA, MS, 2001, Developing a scale for measuring the barriers to condom use in Nigeria. Bull World Health Organ ,v. 79, n. 10, pp … 0.83 for females and males, respectively) and waist circumference (70.16 vs. 78.62 cm for females and males, respectively) …","","https://scholar.google.com/scholar?q=related:uR_MWMzhLekJ:scholar.google.com/&scioq=%22waist+circumference%22+nigeria&hl=en&as_sdt=0,5&as_ylo=2011&as_yhi=2012&as_vis=1"
206,"T Kelesidis, MA Kendall, OO Yang…","Biomarkers of microbial translocation and macrophage activation: association with progression of subclinical atherosclerosis in HIV-1 infection",2012,"The Journal of …","academic.oup.com","https://academic.oup.com/jid/article-abstract/206/10/1558/857983","https://scholar.google.com/scholar?cites=14534737261372628001&as_sdt=2005&sciodt=0,5&hl=en",349,"2021-07-17 18:03:23","","","","",,,,,206,22.89,52,4,9,"Abstract. Background. The relationships between soluble CD14 (sCD14), endotoxin (lipopolysaccharide [LPS]), and progression of atherosclerosis have not been def.","https://academic.oup.com/jid/article/206/10/1558/857983","https://scholar.google.com/scholar?q=related:Idy_54fCtckJ:scholar.google.com/&scioq=%22waist+circumference%22+nigeria&hl=en&as_sdt=0,5&as_ylo=2011&as_yhi=2012&as_vis=1"
0,"CE Ezanwaka, A Dimgba, F Okali, T Skinner…","Self-monitoring of blood glucose improved glycemic control and the 10-year coronary heart disease risk profile of feale type 2 diabetes patients in Trinidad and …",2011,"Nigerian Journal of …","ajol.info","https://www.ajol.info/index.php/njcp/article/view/65707/53395","",350,"2021-07-17 18:03:23","PDF","","","",,,,,0,0.00,0,5,10,"… 0.01 1.62 ± 0.02 Body mass index (kg/m2) 31.8 ± 1.5 32.0 ± 1.5 Waist circumference (cm) 104.5 … 5 Nigerian Journal of Clinical Practice • Jan-Mar 2011 • Vol 14 • Issue 1 … of insulin resistance and other cardiovascular disease risk factors in healthy elderly southwestern Nigerians …","https://www.ajol.info/index.php/njcp/article/view/65707/53395","https://scholar.google.com/scholar?q=related:RXpARlh8GOgJ:scholar.google.com/&scioq=%22waist+circumference%22+nigeria&hl=en&as_sdt=0,5&as_ylo=2011&as_yhi=2012&as_vis=1"
89,"AN Zeba, HF Delisle, G Renier, B Savadogo…","The double burden of malnutrition and cardiometabolic risk widens the gender and socio-economic health gap: a study among adults in Burkina Faso (West Africa)",2012,"Public health …","cambridge.org","https://www.cambridge.org/core/journals/public-health-nutrition/article/double-burden-of-malnutrition-and-cardiometabolic-risk-widens-the-gender-and-socioeconomic-health-gap-a-study-among-adults-in-burkina-faso-west-africa/570E56FFFCB60F76F3201DFACB78F094","https://scholar.google.com/scholar?cites=2920128202293160192&as_sdt=2005&sciodt=0,5&hl=en",351,"2021-07-17 18:03:23","","","","",,,,,89,9.89,18,5,9,"… and 40?2% in urban adults in Ghana and Burkina Faso, respec- tively(9,10), and diabetes reaching 6?8% in Nigeria and 6?3 … Waist circumference (WC) was measured to the nearest 0?1cm with a flexible, non-stretchable and tension-regulated steel tape (Gulick measuring taper …","https://www.cambridge.org/core/services/aop-cambridge-core/content/view/570E56FFFCB60F76F3201DFACB78F094/S1368980012000729a.pdf/the-double-burden-of-malnutrition-and-cardiometabolic-risk-widens-the-gender-and-socio-economic-health-gap-a-study-among-adults-in-burkina-faso-west-africa.pdf","https://scholar.google.com/scholar?q=related:AKlI5CBhhigJ:scholar.google.com/&scioq=%22waist+circumference%22+nigeria&hl=en&as_sdt=0,5&as_ylo=2011&as_yhi=2012&as_vis=1"
53,"PR Alencastro, SC Fuchs, FH Wolff…","Independent predictors of metabolic syndrome in HIV-infected patients",2011,"AIDS patient care and …","liebertpub.com","https://www.liebertpub.com/doi/abs/10.1089/apc.2010.0360","https://scholar.google.com/scholar?cites=3823906150284374606&as_sdt=2005&sciodt=0,5&hl=en",352,"2021-07-17 18:03:23","","10.1089/apc.2010.0360","","",,,,,53,5.30,13,4,10,"… drug treatment. 2 Therefore, the updated set of criteria for metabolic syndrome lowered waist circumference limits for ethnic Central and South American populations and glucose level from 110 21 to 100 mg/dL. 16. Weight (kg …","https://www.academia.edu/download/46009345/Independent_predictors_of_metabolic_synd20160527-18148-wyt912.pdf","https://scholar.google.com/scholar?q=related:TrIhPmI-ETUJ:scholar.google.com/&scioq=%22waist+circumference%22+nigeria&hl=en&as_sdt=0,5&as_ylo=2011&as_yhi=2012&as_vis=1"
20,"M Nakhjavani, F Asgharani, O Khalilzadeh…","Oxidized low-density lipoprotein is negatively correlated with lecithin-cholesterol acyltransferase activity in type 2 diabetes mellitus",2011,"The American journal of …","Elsevier","https://www.sciencedirect.com/science/article/pii/S0002962915313677","https://scholar.google.com/scholar?cites=12389125216062847771&as_sdt=2005&sciodt=0,5&hl=en",353,"2021-07-17 18:03:23","","","","",,,,,20,2.00,5,4,10,"… Waist circumference (cm), 92.0 ± 8.2, 100.1 ± 8.6, < 0.001 … No association was found between LCAT activity and age, BMI, waist circumference, systolic and diastolic blood pressure, fasting plasma glucose, HDL-C, LDL-C, creatinine, insulin and HOMA-IR …","","https://scholar.google.com/scholar?q=related:G7tCXb4D76sJ:scholar.google.com/&scioq=%22waist+circumference%22+nigeria&hl=en&as_sdt=0,5&as_ylo=2011&as_yhi=2012&as_vis=1"
0,"JLDP Lu","Anthropometric Indices in the Philippines for Manufacturing Workers",2012,"Handbook of Anthropometry","Springer","https://link.springer.com/chapter/10.1007/978-1-4419-1788-1_187","",354,"2021-07-17 18:03:23","","10.1007/978-1-4419-1788-1_187","","",,,,,0,0.00,0,1,9,"… Such differences have implications for design and evaluation of hand tools for the Nigerian female population (Okunribido 2000) … The study suggested that BMI (body mass index) and WC (waist circumference) were useful for predicting multiple metabolic disorders in non …","","https://scholar.google.com/scholar?q=related:AzhiqTpIvIQJ:scholar.google.com/&scioq=%22waist+circumference%22+nigeria&hl=en&as_sdt=0,5&as_ylo=2011&as_yhi=2012&as_vis=1"
1,"PFI IRABOR","ULTRASONIC CORRELATION OF THE AXIAL LENGTH OF THE EYE IN MYOPIC AND HYPEROPIC (HYPERMETROPIC) ADULT NIGERIANS",2012,"RADIOLOGY","dissertation.npmcn.edu.ng","http://dissertation.npmcn.edu.ng/index.php/FMCR/article/view/1701","https://scholar.google.com/scholar?cites=15731514020056483107&as_sdt=2005&sciodt=0,5&hl=en",355,"2021-07-17 18:03:23","","","","",,,,,1,0.11,1,1,9,"… PANCREAS IN PATIENTS WITH DIABETES MELLITUS IN LAGOS UNIVERSITY TEACHING HOSPITAL, LAGOS, NIGERIA BY … A DISSERTATION SUBMITTED TO THE NATIONAL POSTGRADUATE MEDICAL COLLEGE OF NIGERIA IN PARTIAL FULFILLMENT FOR THE …","http://dissertation.npmcn.edu.ng/index.php/FMCR/article/download/1701/174","https://scholar.google.com/scholar?q=related:I0WL8KaQUdoJ:scholar.google.com/&scioq=%22waist+circumference%22+nigeria&hl=en&as_sdt=0,5&as_ylo=2011&as_yhi=2012&as_vis=1"
1,"JE Oben","Seed extract of the West African bush mango (Irvingia gabonensis) and its use in health",2011,"Nuts and Seeds in Health and Disease Prevention","Elsevier","https://www.sciencedirect.com/science/article/pii/B9780123756886100325","https://scholar.google.com/scholar?cites=2019450933294021339&as_sdt=2005&sciodt=0,5&hl=en",356,"2021-07-17 18:03:23","","","","",,,,,1,0.10,1,1,10,"… was from epidemiological evidence collected from tribes in Southern Cameroon and Nigeria, where the … This weight loss was accompanied by an 11 cm decrease in waist circumference and a 4 … diet, and is consumed in very large quantities, in various Nigerian and Cameroonian …","","https://scholar.google.com/scholar?q=related:2zpSoOyHBhwJ:scholar.google.com/&scioq=%22waist+circumference%22+nigeria&hl=en&as_sdt=0,5&as_ylo=2011&as_yhi=2012&as_vis=1"
130,"NP Steyn, D Labadarios, JH Nel","Factors which influence the consumption of street foods and fast foods in South Africa-a national survey",2011,"Nutrition Journal","Springer","https://link.springer.com/article/10.1186/1475-2891-10-104","https://scholar.google.com/scholar?cites=2007680180216359141&as_sdt=2005&sciodt=0,5&hl=en",357,"2021-07-17 18:03:23","HTML","10.1186/1475-2891-10-104","","",,,,,130,13.00,43,3,10,"Very little is known about street food and fast food consumption patterns in South Africa despite this being a large sector of the national economy in terms of employment provided and sales of food. The objective of this study was to determine the use of street foods and fast foods …","https://link.springer.com/article/10.1186/1475-2891-10-104","https://scholar.google.com/scholar?q=related:5WhjnHy23BsJ:scholar.google.com/&scioq=%22waist+circumference%22+nigeria&hl=en&as_sdt=0,5&as_ylo=2011&as_yhi=2012&as_vis=1"
104,"EP Helzner, AS Patel, S Pratt…","Hearing sensitivity in older adults: associations with cardiovascular risk factors in the health, aging and body composition study",2011,"Journal of the …","Wiley Online Library","https://agsjournals.onlinelibrary.wiley.com/doi/abs/10.1111/j.1532-5415.2011.03444.x","https://scholar.google.com/scholar?cites=2257420091043038682&as_sdt=2005&sciodt=0,5&hl=en",358,"2021-07-17 18:03:23","","10.1111/j.1532-5415.2011.03444.x","","",,,,,104,10.40,26,4,10,"OBJECTIVES: To examine the association between cardiovascular disease (CVD) and its risk factors and age‐associated hearing loss in a cohort of older black and white adults. DESIGN: Cross‐sectional...","https://www.ncbi.nlm.nih.gov/pmc/articles/pmc3268119/","https://scholar.google.com/scholar?q=related:2kVzy5z3Ux8J:scholar.google.com/&scioq=%22waist+circumference%22+nigeria&hl=en&as_sdt=0,5&as_ylo=2011&as_yhi=2012&as_vis=1"
2,"FN Ndungi","Association between risk factors for lifestyle diseases and prevalence of diagnosed hypertension and diabetes in the swahili community: The case of Kisauni and old …",2012,"","41.89.96.81","http://41.89.96.81/handle/123456789/1098","https://scholar.google.com/scholar?cites=13530110748614065296&as_sdt=2005&sciodt=0,5&hl=en",359,"2021-07-17 18:03:23","","","","",,,,,2,0.22,2,1,9,"… overweight and obesity (p<0.05). Obesity in the Swahili community as assessed by BMI and waist circumference was associated with diabetes and hypertension (p<0.05). There is … TPA- Total Physical Activity WC- Waist Circumference WHO- World Health Organization Page 14 …","http://41.89.96.81:8080/xmlui/bitstream/handle/123456789/1098/Association%20between%20risk%20factors%20for%20lifestyle%20diseases%20and%20prevalence%20of%20diagnosed%20hypertension%20and%20diabetes%20in%20the%20swahili%20community%20The%20case%20of%20Kisauni%20and%20old%20town%20districts%20in%20Mombasa%2C%20Kenya.PDF?sequence=1&isAllowed=y","https://scholar.google.com/scholar?q=related:kPzVTgqcxLsJ:scholar.google.com/&scioq=%22waist+circumference%22+nigeria&hl=en&as_sdt=0,5&as_ylo=2011&as_yhi=2012&as_vis=1"
0,"UI OKEKE","… THE SIZE AND ECHOGENICITY OF THE PANCREAS IN PATIENTS WITH DIABETES MELLITUS IN LAGOS UNIVERSITY TEACHING HOSPITAL, LAGOS, NIGERIA",2012,"RADIOLOGY","dissertation.npmcn.edu.ng","http://dissertation.npmcn.edu.ng/index.php/FMCR/article/view/2305","",360,"2021-07-17 18:03:23","","","","",,,,,0,0.00,0,1,9,"… PANCREAS IN PATIENTS WITH DIABETES MELLITUS IN LAGOS UNIVERSITY TEACHING HOSPITAL, LAGOS, NIGERIA BY … A DISSERTATION SUBMITTED TO THE NATIONAL POSTGRADUATE MEDICAL COLLEGE OF NIGERIA IN PARTIAL FULFILLMENT FOR THE …","http://dissertation.npmcn.edu.ng/index.php/FMCR/article/download/2305/2174","https://scholar.google.com/scholar?q=related:wq48C--ap84J:scholar.google.com/&scioq=%22waist+circumference%22+nigeria&hl=en&as_sdt=0,5&as_ylo=2011&as_yhi=2012&as_vis=1"
52,"AP Chokkalingam, ED Yeboah, A Demarzo…","Prevalence of BPH and lower urinary tract symptoms in West Africans",2012,"Prostate cancer and …","nature.com","https://www.nature.com/articles/pcan201143","https://scholar.google.com/scholar?cites=403618103143797708&as_sdt=2005&sciodt=0,5&hl=en",361,"2021-07-17 18:03:23","HTML","","","",,,,,52,5.78,13,4,9,"BPH and lower urinary tract symptoms (LUTS) are very common among older men in Western countries. However, the prevalence of these two conditions in the developing countries is less clear. We assessed the age-standardized prevalence of BPH and/or LUTS among West Africans …","https://www.nature.com/articles/pcan201143","https://scholar.google.com/scholar?q=related:zJPNvobwmQUJ:scholar.google.com/&scioq=%22waist+circumference%22+nigeria&hl=en&as_sdt=0,5&as_ylo=2011&as_yhi=2012&as_vis=1"
0,"N NTUEN","SERUM LEVELS OF TROPONIN I, MYOGLOBIN AND CREATINE KINASE-MB IN THE OBESE",2012,"Faculty of Pathology","dissertation.npmcn.edu.ng","http://www.dissertation.npmcn.edu.ng/index.php/FMCPath/article/download/1212/1370","",362,"2021-07-17 18:03:23","PDF","","","",,,,,0,0.00,0,1,9,"… 16 among the women where it was found that using the waist-to-hip ratio and waist circumference yielded the highest prevalence of … centres in Lagos, Nigeria. The overall prevalence rates of overweight … adult Nigerian living in Jos using BMI while Siminialayi, Emem-Chioma …","http://www.dissertation.npmcn.edu.ng/index.php/FMCPath/article/download/1212/1370","https://scholar.google.com/scholar?q=related:onF-Z_vLk9AJ:scholar.google.com/&scioq=%22waist+circumference%22+nigeria&hl=en&as_sdt=0,5&as_ylo=2011&as_yhi=2012&as_vis=1"
6,"MT Muyer, E Muls, MA Mapatano, R Makulo…","Estimating prevalence of diabetes in a Congolese town was feasible",2011,"Journal of clinical …","Elsevier","https://www.sciencedirect.com/science/article/pii/S0895435610001447","https://scholar.google.com/scholar?cites=13425764993786824635&as_sdt=2005&sciodt=0,5&hl=en",363,"2021-07-17 18:03:23","","","","",,,,,6,0.60,1,5,10,"JavaScript is disabled on your browser. Please enable JavaScript to use all the features on this page. Skip to main content Skip to article …","","https://scholar.google.com/scholar?q=related:u8eJDCHmUboJ:scholar.google.com/&scioq=%22waist+circumference%22+nigeria&hl=en&as_sdt=0,5&as_ylo=2011&as_yhi=2012&as_vis=1"
0,"P Alam","Roles of Whole Grains-based Products in Maintaining Treatment Targets among Type 2 Diabetes Mellitus Patients"" MY. Nor Munirah,"" A. Siti Shafurah,"" MN …",2012,"Asian Journal of Clinical Nutrition","researchgate.net","https://www.researchgate.net/profile/Mn-Norazmir/publication/274693561_Roles_of_Whole_Grains-based_Products_in_Maintaining_Treatment_Targets_among_Type_2_Diabetes_Mellitus_Patients/links/5640215208ae8d65c0151531/Roles-of-Whole-Grains-based-Products-in-Maintaining-Treatment-Targets-among-Type-2-Diabetes-Mellitus-Patients.pdf","",364,"2021-07-17 18:03:23","PDF","","","",,,,,0,0.00,0,1,9,"… Dietary fiber and subsequent changes in body weight and waist circumference in European men and women. Am. J. Clin … A controlled comparison of the effect of a high fiber diet on the glycaemic and lipid profile of Nigerian clinic patients with type 2 diabetes. Hak …","https://www.researchgate.net/profile/Mn-Norazmir/publication/274693561_Roles_of_Whole_Grains-based_Products_in_Maintaining_Treatment_Targets_among_Type_2_Diabetes_Mellitus_Patients/links/5640215208ae8d65c0151531/Roles-of-Whole-Grains-based-Products-in-Maintaining-Treatment-Targets-among-Type-2-Diabetes-Mellitus-Patients.pdf",""
0,"D Croteau-Chonka","Genetic contributions to obesity and related complex traits in the Cebu Longitudinal Health and Nutrition Survey",2012,"","cdr.lib.unc.edu","https://cdr.lib.unc.edu/concern/dissertations/fq977v668","",365,"2021-07-17 18:03:23","","","","",,,,,0,0.00,0,1,9,"… T2D: type 2 diabetes Page 18. xviii UNC‐CH: The University of North Carolina at Chapel Hill VAT: visceral adipose tissue WC: waist circumference WHO: World Health Organization WHR: waist‐hip ratio YRI: Yorubans from Ibadan, Nigeria Page 19. CHAPTER I Introduction …","https://cdr.lib.unc.edu/downloads/6q182m25s","https://scholar.google.com/scholar?q=related:EH6rWdgmQ8MJ:scholar.google.com/&scioq=%22waist+circumference%22+nigeria&hl=en&as_sdt=0,5&as_ylo=2011&as_yhi=2012&as_vis=1"
0,"KSN Reddy, TM Reddy, KK Reddy, JL Naik…","Association of Coronary Risk Factors with Blood Glucose Levels in Type-2 Diabetes Mellitus",2011,"World Heart …","search.proquest.com","https://search.proquest.com/openview/b9b0625bbd872f13384dab545eda327a/1?pq-origsite=gscholar&cbl=2034815","",366,"2021-07-17 18:03:23","","","","",,,,,0,0.00,0,5,10,"… Waist Hip Ratio (WHR) was calculated as waist circumference/hip circumference and categorized the subjects into 0.7-0.79, 0.8-0.89, 0.9-099 and >1. Blood pressure was recorded with … Waist circumference in cm 90.14 9.85 88.70 10.13 -0.95 3.84 -3.18 …","","https://scholar.google.com/scholar?q=related:iID7VNxFwgYJ:scholar.google.com/&scioq=%22waist+circumference%22+nigeria&hl=en&as_sdt=0,5&as_ylo=2011&as_yhi=2012&as_vis=1"
29,"AR Josse, B Garcia-Bailo, K Fischer, A El-Sohemy","Novel effects of hormonal contraceptive use on the plasma proteome",2012,"","journals.plos.org","https://journals.plos.org/plosone/article?id=10.1371/journal.pone.0045162","https://scholar.google.com/scholar?cites=24837735714770655&as_sdt=2005&sciodt=0,5&hl=en",367,"2021-07-17 18:03:23","HTML","","","",,,,,29,3.22,7,4,9,"… We explored the individual associations between HC use and each of the 54 plasma proteomic biomarkers and CRP using general linear models (GLMs; ANCOVA) stratified by ethnicity and adjusted for age, waist circumference and physical activity …","https://journals.plos.org/plosone/article?id=10.1371/journal.pone.0045162","https://scholar.google.com/scholar?q=related:385N_sk9WAAJ:scholar.google.com/&scioq=%22waist+circumference%22+nigeria&hl=en&as_sdt=0,5&as_ylo=2011&as_yhi=2012&as_vis=1"
87,"MCY Ng, JM Hester, MR Wing, J Li, J Xu, PJ Hicks…","Genome‐wide association of BMI in African Americans",2012,"…","Wiley Online Library","https://onlinelibrary.wiley.com/doi/abs/10.1038/oby.2011.154","https://scholar.google.com/scholar?cites=3081709150791276974&as_sdt=2005&sciodt=0,5&hl=en",368,"2021-07-17 18:03:23","","10.1038/oby.2011.154","","",,,,,87,9.67,12,7,9,"Recent genome‐wide association studies (GWAS) have identified multiple novel loci associated with obesity in Europeans but results in other ethnicities are less convincing. Here, we report a two‐st...","https://onlinelibrary.wiley.com/doi/pdf/10.1038/oby.2011.154","https://scholar.google.com/scholar?q=related:rhn8ISVuxCoJ:scholar.google.com/&scioq=%22waist+circumference%22+nigeria&hl=en&as_sdt=0,5&as_ylo=2011&as_yhi=2012&as_vis=1"
1,"K Rajeswari, V Vijayalakshmi…","Body Composition as Related to Age and Gender in Preadolescents (9-12 years).",2012,"Indian Journal of Public …","researchgate.net","https://www.researchgate.net/profile/Vivek-Choukse/publication/288626496_Intentional_replantation_of_oblique_crown-root_fracture_-_A_case_report/links/5f8e9737a6fdccfd7b6e9a35/Intentional-replantation-of-oblique-crown-root-fracture-A-case-report.pdf#page=151","https://scholar.google.com/scholar?cites=1220634778857522437&as_sdt=2005&sciodt=0,5&hl=en",369,"2021-07-17 18:03:23","PDF","","","",,,,,1,0.11,0,3,9,"… 11. Moreno LA, Fleta J, Mur L, Rodriguez G, Sarria A, and Bueno M. Waist circumference values in Spanish children and gender related … O. Fat mass, fat mass percentage, body mass index, and mid upper arm circumference in a healthy population of Nigeria children, Journal …","https://www.researchgate.net/profile/Vivek-Choukse/publication/288626496_Intentional_replantation_of_oblique_crown-root_fracture_-_A_case_report/links/5f8e9737a6fdccfd7b6e9a35/Intentional-replantation-of-oblique-crown-root-fracture-A-case-report.pdf#page=151","https://scholar.google.com/scholar?q=related:BUVKOt2Q8BAJ:scholar.google.com/&scioq=%22waist+circumference%22+nigeria&hl=en&as_sdt=0,5&as_ylo=2011&as_yhi=2012&as_vis=1"
34,"MM DiNardo, JM Gibson, L Siminerio, AR Morell…","Complementary and alternative medicine in diabetes care",2012,"Current diabetes …","Springer","https://link.springer.com/article/10.1007/s11892-012-0315-2","https://scholar.google.com/scholar?cites=14880310023624827381&as_sdt=2005&sciodt=0,5&hl=en",370,"2021-07-17 18:03:23","","10.1007/s11892-012-0315-2","","",,,,,34,3.78,7,5,9,"… Studies of Rauvolfia-citrus tea, a Nigerian folk medicine, [30], broccoli sprouts [31], almonds [32, 33], and fractionated yellow pea flour [34 … observed in the qi gong group relative to controls (95 % CI) in body weight (−3.04 kg [−4.42, −1.66]; p < .001), waist circumference (−4.78 cm …","","https://scholar.google.com/scholar?q=related:9aHXkSB7gc4J:scholar.google.com/&scioq=%22waist+circumference%22+nigeria&hl=en&as_sdt=0,5&as_ylo=2011&as_yhi=2012&as_vis=1"
79,"KA Lee, C Gay, CJ Portillo, T Coggins…","Types of sleep problems in adults living with HIV/AIDS",2012,"Journal of Clinical …","jcsm.aasm.org","https://jcsm.aasm.org/doi/abs/10.5664/jcsm.1666","https://scholar.google.com/scholar?cites=4717343453089597926&as_sdt=2005&sciodt=0,5&hl=en",371,"2021-07-17 18:03:23","","10.5664/jcsm.1666","","",,,,,79,8.78,16,5,9,"… Transgender, 37.9 ± 3.6, 34.1 ± 2.7, 40.2 ± 0.0, 38.8 ± 3.7, 38.5 ± 2.2, F 3,18 = 2.27, p = 0.115. Waist circumference (cm) … Self-reported SOL was also unrelated to reported use of alcohol, caffeine, and tobacco, as well as measures of BMI, neck circumference, or waist circumference …","https://www.ncbi.nlm.nih.gov/pmc/articles/PMC3266344/","https://scholar.google.com/scholar?q=related:5onrhOBed0EJ:scholar.google.com/&scioq=%22waist+circumference%22+nigeria&hl=en&as_sdt=0,5&as_ylo=2011&as_yhi=2012&as_vis=1"
11,"A DZuDiE, SP CHOuKEM, F Kamdem…","Prevalence and determinants of electrocardiographic abnormalities in sub-Saharan African individuals with type 2 diabetes: cardiovascular topic",2012,"… journal of Africa","journals.co.za","https://journals.co.za/doi/abs/10.10520/EJC127978","https://scholar.google.com/scholar?cites=2523064668610281122&as_sdt=2005&sciodt=0,5&hl=en",372,"2021-07-17 18:03:23","","10.10520/EJC127978","","",,,,,11,1.22,3,4,9,"… 0.62 (0.25–1.57) Insulin use 0.60 (0.31–1.18) 3.26 (0.96–11.09) 1.06 (0.54–2.09) 0.51 (0.26–1.11) 1.11 (0.50–2.47) 0.93 (0.40–2.17) 1.44 (0.31–6.75) Waist circumference (cm) 0.98 … Correlates of cardiac autonomic neuropathy in Nigerian patients with type 2 diabetes mellitus …","https://www.ncbi.nlm.nih.gov/pmc/articles/pmc3721941/","https://scholar.google.com/scholar?q=related:or7axfK5AyMJ:scholar.google.com/&scioq=%22waist+circumference%22+nigeria&hl=en&as_sdt=0,5&as_ylo=2011&as_yhi=2012&as_vis=1"
21,"S Soegondo, IS Widyahening, R Istiantho…","Prevalence of diabetes among suburban population of ternate-a small remote island in the eastern part of Indonesia",2011,"Acta Med …","inaactamedica.org","http://www.inaactamedica.org/archives/2011/21785172.pdf","https://scholar.google.com/scholar?cites=15423705803692830020&as_sdt=2005&sciodt=0,5&hl=en",373,"2021-07-17 18:03:23","PDF","","","",,,,,21,2.10,5,4,10,"… Mean body weight (kg): 63.2 + 12.88 Mean body mass index (kg/m2): 26.13 Mean waist circumference (cm) • Men: 84.7 + 11.67 • Women: 84.5 + 11.57 Mean hip circumference (cm) • Men: 94.0 + 10.20 … Prevalence of diabetes in a semi-urban community in Northern Nigeria …","http://www.inaactamedica.org/archives/2011/21785172.pdf","https://scholar.google.com/scholar?q=related:RO09zbUCDNYJ:scholar.google.com/&scioq=%22waist+circumference%22+nigeria&hl=en&as_sdt=0,5&as_ylo=2011&as_yhi=2012&as_vis=1"
11,"CE Ezenwaka, A Dimgba, F Okali, T Skinner…","Self-monitoring of blood glucose improved glycemic control and the 10-year coronary heart disease risk profile of female type 2 diabetes patients in Trinidad …",2011,"Niger J Clin Pract","ajol.info","https://www.ajol.info/index.php/njcp/article/download/65707/53395/0","https://scholar.google.com/scholar?cites=14692049440350238626&as_sdt=2005&sciodt=0,5&hl=en",374,"2021-07-17 18:03:23","PDF","","","",,,,,11,1.10,2,5,10,"… 0.01 1.62 ± 0.02 Body mass index (kg/m2) 31.8 ± 1.5 32.0 ± 1.5 Waist circumference (cm) 104.5 … 5 Nigerian Journal of Clinical Practice • Jan-Mar 2011 • Vol 14 • Issue 1 … of insulin resistance and other cardiovascular disease risk factors in healthy elderly southwestern Nigerians …","https://www.ajol.info/index.php/njcp/article/download/65707/53395/0","https://scholar.google.com/scholar?q=related:oneNyh-l5MsJ:scholar.google.com/&scioq=%22waist+circumference%22+nigeria&hl=en&as_sdt=0,5&as_ylo=2011&as_yhi=2012&as_vis=1"
0,"UE EKRIKPO","Clinical Utility of urinary β2 microglobulin in the detection of early nephropathy in Type 2 Diabetes mellitus patients",2012,"Faculty of INTERNAL MEDICINE","dissertation.npmcn.edu.ng","http://www.dissertation.npmcn.edu.ng/index.php/FMCP/article/download/596/605","",375,"2021-07-17 18:03:23","PDF","","","",,,,,0,0.00,0,1,9,"… 90% power. P1= the proportion of diabetics with early diabetic nephropathy in Nigerian studies. For the purpose of this computation, the study of Agaba et al in Jos, Nigeria, among diabetics showing a prevalence of early nephropathy of 49.2% (96) was used …","http://www.dissertation.npmcn.edu.ng/index.php/FMCP/article/download/596/605","https://scholar.google.com/scholar?q=related:JGWkEfQ6z48J:scholar.google.com/&scioq=%22waist+circumference%22+nigeria&hl=en&as_sdt=0,5&as_ylo=2011&as_yhi=2012&as_vis=1"
0,"EK Abera","PREVALENCE OF INTESTINAL PARASITIC INFECTIONS AND THEIR ASSOCIATIONS WITH ANTHROPOMETRIC MEASUREMENTS OF SCHOOL CHILDREN IN …",2011,"children","degruyter.com","https://www.degruyter.com/document/doi/10.1515/cclm-2017-7057/html","",376,"2021-07-17 18:03:23","","10.1515/cclm-2017-7057","","",,,,,0,0.00,0,1,10,"… Anthropometric measurements such as – weight , height , waist circumference and hip circumference were noted … selected from people in Ilesa metropolis of Osun State of Nigeria both male … of Beta-thalassaemia trait (BTT) and Metabolic Syndrome (MS) in Nigerians have been …","https://www.researchgate.net/profile/Folorunso-Olabiyi/publication/320798955_Evaluation_of_Antioxidant_and_Antityrosinase_activities_of_Phyllanthus_amarus_extracts/links/5d54e7df45851530407571d8/Evaluation-of-Antioxidant-and-Antityrosinase-activities-of-Phyllanthus-amarus-extracts.pdf",""
2,"M Itgappa, MCR Vasudeva, K Siddappa…","Correlation Between Body Mass Index With Fasting Blood Sugar and Lipid Profile in Young Adult College Students of South Indian Population.",2012,"Indian Journal of …","academia.edu","https://www.academia.edu/download/49900427/A_Study_on_Factors_Associated_With_the_Deterioration_ofIJPHRD_July-Sept_2012_1_.pdf_downsized.pdf#page=64","https://scholar.google.com/scholar?cites=7143439559907868139&as_sdt=2005&sciodt=0,5&hl=en",377,"2021-07-17 18:03:23","PDF","","","",,,,,2,0.22,1,4,9,"… 2. Wang Z and Hoy WE, Waist circumference, Body mass index, Hip circumference and Waist-to-Hip ratio as predictors of cardiovascular … CE, Eezeanyika LUS, Daikwo MA and Amana R; Lipid profile of a population of diabetic patients attending Nigerian National Petroleum …","https://www.academia.edu/download/49900427/A_Study_on_Factors_Associated_With_the_Deterioration_ofIJPHRD_July-Sept_2012_1_.pdf_downsized.pdf#page=64","https://scholar.google.com/scholar?q=related:6_3Hom6YImMJ:scholar.google.com/&scioq=%22waist+circumference%22+nigeria&hl=en&as_sdt=0,5&as_ylo=2011&as_yhi=2012&as_vis=1"
8,"J Nakibuuka, N Abwooli, A Namale…","A descriptive epidemiological study on stroke in Kampala, Uganda: a hospitalbased study",2012,"African Journal of …","ajol.info","https://www.ajol.info/index.php/ajns/article/view/145924","https://scholar.google.com/scholar?cites=14737489100360210856&as_sdt=2005&sciodt=0,5&hl=en",378,"2021-07-17 18:03:23","","","","",,,,,8,0.89,2,4,9,"… alcohol problem 3) Alcohol abuse/dependency (3). Physical examination, included cardiovascular examination for irregular pulse, and anthropometry (waist circumference and hip … a non-stroke diagnosis a value much lower than 43% found in a study done in Nigeria (13) but …","https://www.ajol.info/index.php/ajns/article/view/145924/135440","https://scholar.google.com/scholar?q=related:qFkpFEEUhswJ:scholar.google.com/&scioq=%22waist+circumference%22+nigeria&hl=en&as_sdt=0,5&as_ylo=2011&as_yhi=2012&as_vis=1"
18,"C Unachukwu, S Ofori","Diabetes mellitus and cardiovascular risk",2012,"The internet journal of Endocrinology","researchgate.net","https://www.researchgate.net/profile/Sandra-Ofori/publication/275274795_Diabetes_Mellitus_And_Cardiovascular_Risk/links/56b1a80808ae56d7b06a1e9b/Diabetes-Mellitus-And-Cardiovascular-Risk.pdf","https://scholar.google.com/scholar?cites=2587174477529629893&as_sdt=2005&sciodt=0,5&hl=en",379,"2021-07-17 18:03:23","PDF","","","",,,,,18,2.00,9,2,9,"… diabetic patients had a greater burden of cardiovascular disease risk factors especially dyslipidaemias, increased waist circumference, cigarette smoking … The Nigerian Health Journal 2006; 6:353-356 … The National Expert Committee on Non-Communicable Diseases in Nigeria …","https://www.researchgate.net/profile/Sandra-Ofori/publication/275274795_Diabetes_Mellitus_And_Cardiovascular_Risk/links/56b1a80808ae56d7b06a1e9b/Diabetes-Mellitus-And-Cardiovascular-Risk.pdf","https://scholar.google.com/scholar?q=related:xUQc2Xp95yMJ:scholar.google.com/&scioq=%22waist+circumference%22+nigeria&hl=en&as_sdt=0,5&as_ylo=2011&as_yhi=2012&as_vis=1"
3,"M Čabrić, H Krakowiak, E Sokołowska…","The 2D: 4D ratio versus features of body composition and body constitution in young women and men",2012,"Medical and Biological …","apcz.umk.pl","https://apcz.umk.pl/czasopisma/index.php/MBS/article/view/v10251-012-0067-x","https://scholar.google.com/scholar?cites=12794640077409023045&as_sdt=2005&sciodt=0,5&hl=en",380,"2021-07-17 18:03:23","","","","",,,,,3,0.33,1,4,9,"… Early Hum Dev, 2004; 77: 23-28. 25. Danborno B, Adebisi SS, Adelaiye AB. Sexual Dimorphism and Relationship betweem Chest, Hip and Waist Circumference with 2D, 4D and 2D:4D in Nigerians. The Internet J Biol Anthropol, 2008; 1, 2. 26 …","https://apcz.umk.pl/czasopisma/index.php/MBS/article/download/v10251-012-0067-x/4348","https://scholar.google.com/scholar?q=related:RfTwilyxj7EJ:scholar.google.com/&scioq=%22waist+circumference%22+nigeria&hl=en&as_sdt=0,5&as_ylo=2011&as_yhi=2012&as_vis=1"
13,"M Allal-Elasmi, M Feki, Y Zayani, M Hsairi, SH Taieb…","Prehypertension among adults in Great Tunis region (Tunisia): A population-based study",2012,"Pathologie …","Elsevier","https://www.sciencedirect.com/science/article/pii/S0369811411000514","https://scholar.google.com/scholar?cites=15814409698612301513&as_sdt=2005&sciodt=0,5&hl=en",381,"2021-07-17 18:03:23","","","","",,,,,13,1.44,2,6,9,"… Anthropometric and blood pressure measure. Weight and height were measured with the subjects barefooted and lightly clothed. Waist circumference (WC) was measured with the tape midway between the lowermost rib margin and the iliac crest …","","https://scholar.google.com/scholar?q=related:yU5HItUReNsJ:scholar.google.com/&scioq=%22waist+circumference%22+nigeria&hl=en&as_sdt=0,5&as_ylo=2011&as_yhi=2012&as_vis=1"
36,"W Mathenge, A Bastawrous, A Foster, H Kuper","The Nakuru posterior segment eye disease study: methods and prevalence of blindness and visual impairment in Nakuru, Kenya",2012,"Ophthalmology","Elsevier","https://www.sciencedirect.com/science/article/pii/S0161642012003624","https://scholar.google.com/scholar?cites=16921486156314931759&as_sdt=2005&sciodt=0,5&hl=en",382,"2021-07-17 18:03:23","","","","",,,,,36,4.00,9,4,9,"… 9. Large, national, population-based surveys, such as those undertaken in The Gambia, 10 Ethiopia, 11 and Nigeria 12 are expensive and time … 30 to 34.99 (obese class 1), 35 to 39.99 (obese class 2), or ≥40 (obese class 3). Obesity using waist circumference was categorized …","","https://scholar.google.com/scholar?q=related:L3LXWgEy1eoJ:scholar.google.com/&scioq=%22waist+circumference%22+nigeria&hl=en&as_sdt=0,5&as_ylo=2011&as_yhi=2012&as_vis=1"
1,"OO OLATISE","COMMUNITY BASED SCREENING FOR CHRONIC KIDNEY DISEASE AND ITS RISK FACTORS AMONGST ADULTS IN HOWLSHE, JOS.",2011,"Faculty of INTERNAL MEDICINE","dissertation.npmcn.edu.ng","http://www.dissertation.npmcn.edu.ng/index.php/FMCP/article/view/587","https://scholar.google.com/scholar?cites=8434228138076008272&as_sdt=2005&sciodt=0,5&hl=en",383,"2021-07-17 18:03:23","","","","",,,,,1,0.10,1,1,10,"… Each subject had a focused physical examination in which height, weight, blood pressure, waist circumference, hip circumference and body mass index (BMI) were measured … In a routine screening programme conducted in Abuja, Nigeria by the Nigerian …","https://www.dissertation.npmcn.edu.ng/index.php/FMCP/article/download/587/613","https://scholar.google.com/scholar?q=related:UO-fHM5lDHUJ:scholar.google.com/&scioq=%22waist+circumference%22+nigeria&hl=en&as_sdt=0,5&as_ylo=2011&as_yhi=2012&as_vis=1"
0,"OA Osho","Cardiopulmonary and Quality of Life Responses of Individuals with Type 2 Diabetes to Therapeutic Excercises",2011,"","ir.unilag.edu.ng","https://ir.unilag.edu.ng/handle/123456789/4273","",384,"2021-07-17 18:03:23","","","","",,,,,0,0.00,0,1,10,"… Page 4. 4 DEDICATION This thesis is dedicated to all individuals with diabetes all over Nigerian, their families and care givers. Page 5. 5 … Figure 15: Schematic representation of post hoc analysis of waist circumference in … Lagos, Nigeria…… … … … 178 …","https://ir.unilag.edu.ng/bitstream/handle/123456789/4273/CARDIOPULMONARY%20AND%20QUALITY%20OF%20LIFE%20RESPONSES%20OF%20INDIVIDUALS%20WITH%20TYPE%202%20DIABETES%20TO%20THERAPEUTIC%20EXERCISES.pdf?sequence=1&isAllowed=y","https://scholar.google.com/scholar?q=related:FkEMTUd8rcsJ:scholar.google.com/&scioq=%22waist+circumference%22+nigeria&hl=en&as_sdt=0,5&as_ylo=2011&as_yhi=2012&as_vis=1"
52,"HI Afridi, TG Kazi, D Brabazon, S Naher","Association between essential trace and toxic elements in scalp hair samples of smokers rheumatoid arthritis subjects",2011,"Science of the Total Environment","Elsevier","https://www.sciencedirect.com/science/article/pii/S0048969711010345","https://scholar.google.com/scholar?cites=57569183067028793&as_sdt=2005&sciodt=0,5&hl=en",385,"2021-07-17 18:03:23","","","","",,,,,52,5.20,13,4,10,"JavaScript is disabled on your browser. Please enable JavaScript to use all the features on this page. Skip to main content Skip to article …","http://doras.dcu.ie/20468/1/_Afridi_H_Science_of_Total_Environment_2012_Essential_trace_toxic_elements_in_smoker_hair_of_arthritis.pdf","https://scholar.google.com/scholar?q=related:OT248t2GzAAJ:scholar.google.com/&scioq=%22waist+circumference%22+nigeria&hl=en&as_sdt=0,5&as_ylo=2011&as_yhi=2012&as_vis=1"
19,"ZD Du, LT Hu, GQ Zhao, Y Ma, ZY Zhou…","Epidemiological characteristics and risk factors of diabetic retinopathy in type 2 diabetes mellitus in Shandong Peninsula of China",2011,"International journal of …","ncbi.nlm.nih.gov","https://www.ncbi.nlm.nih.gov/pmc/articles/pmc3340709/","https://scholar.google.com/scholar?cites=3420141379308857975&as_sdt=2005&sciodt=0,5&hl=en",386,"2021-07-17 18:03:23","HTML","","","",,,,,19,1.90,3,6,10,"… Diastolic blood pressure, 77.78± 9.05, 78.17± 8.82, 0.2784. Waist circumference (cm), 85.46± 7.79, 85.05± 8.01, 0.1915 … Omolase CO, Adekanle O, Owoeye JF, Omolase BO. Diabetic retinopathy in a Nigerian community. Singapore Med J. 2010;51(1):56–59 …","https://www.ncbi.nlm.nih.gov/pmc/articles/pmc3340709/","https://scholar.google.com/scholar?q=related:d6pRu3bIdi8J:scholar.google.com/&scioq=%22waist+circumference%22+nigeria&hl=en&as_sdt=0,5&as_ylo=2011&as_yhi=2012&as_vis=1"
30,"H Regunath, BM Shivakumar, A Kurien…","Anthropometric measurements of nutritional status in chronic pancreatitis in India: comparison of tropical and alcoholic pancreatitis",2011,"Indian Journal of …","Springer","https://link.springer.com/article/10.1007/s12664-011-0093-9","https://scholar.google.com/scholar?cites=6163529662555313007&as_sdt=2005&sciodt=0,5&hl=en",387,"2021-07-17 18:03:23","","10.1007/s12664-011-0093-9","","",,,,,30,3.00,8,4,10,"… Height, weight, triceps skin fold thickness (TSFT), mid-arm circumference (MAC), hip circumference (HC), and waist circumference (WC) were measured on patients and controls as adopted from NHANES III … The pattern of diabetes mellitus in a Nigerian teaching hospital …","https://www.researchgate.net/profile/Hariharan-Regunath/publication/51066940_Anthropometric_measurements_of_nutritional_status_in_chronic_pancreatitis_in_India_Comparison_of_tropical_and_alcoholic_pancreatitis/links/0c9605192b6a204935000000/Anthropometric-measurements-of-nutritional-status-in-chronic-pancreatitis-in-India-Comparison-of-tropical-and-alcoholic-pancreatitis.pdf","https://scholar.google.com/scholar?q=related:b1Mxg5JBiVUJ:scholar.google.com/&scioq=%22waist+circumference%22+nigeria&hl=en&as_sdt=0,5&as_ylo=2011&as_yhi=2012&as_vis=1"
9,"A Ghosh, SK Bala","Anthropometric, body composition, and blood pressure measures among rural elderly adults of Asian Indian origin: the Santiniketan aging study",2011,"Journal of nutrition in gerontology and …","Taylor & Francis","https://www.tandfonline.com/doi/abs/10.1080/21551197.2011.591273","https://scholar.google.com/scholar?cites=6543121366029901450&as_sdt=2005&sciodt=0,5&hl=en",388,"2021-07-17 18:03:23","","10.1080/21551197.2011.591273","","",,,,,9,0.90,5,2,10,"… Anthropometric measures, namely height (nearest to 0.1 cm), weight (nearest to 0.5 kg), minimum waist circumference (nearest to 0.1 cm), and mid-upper arm circumference (nearest to 0.1 cm), were collected using standard techniques (8). Body mass index (BMI), waist–hip …","","https://scholar.google.com/scholar?q=related:ih57KDfWzVoJ:scholar.google.com/&scioq=%22waist+circumference%22+nigeria&hl=en&as_sdt=0,5&as_ylo=2011&as_yhi=2012&as_vis=1"
0,"O AGADA","EFFECT OF HIGHLY ACTIVE ANTIRETROVIRAL THERAPY (HAART) ON THE ANTHROPOMETRIC MEASUREMENTS AND IMMUNOLOGIC RESPONSE IN …",2012,"Faculty of Family Medicine","dissertation.npmcn.edu.ng","http://dissertation.npmcn.edu.ng/index.php/FMCFM/article/download/313/1748","",389,"2021-07-17 18:03:23","PDF","","","",,,,,0,0.00,0,1,9,"… resulting in downward economic spiral. In the Nigerian situation, the epidemic poses not just … world. In Nigeria, the few studies carried out have been on the effects of HAART on weight … waist-hip ratio and waist circumference which are important predictors of cardiovascular …","http://dissertation.npmcn.edu.ng/index.php/FMCFM/article/download/313/1748","https://scholar.google.com/scholar?q=related:K2Wf0KGnMCMJ:scholar.google.com/&scioq=%22waist+circumference%22+nigeria&hl=en&as_sdt=0,5&as_ylo=2011&as_yhi=2012&as_vis=1"
91,"A Zeki Al Hazzouri, MN Haan…","Life-course socioeconomic position and incidence of dementia and cognitive impairment without dementia in older Mexican Americans: results from the Sacramento …",2011,"American journal of …","academic.oup.com","https://academic.oup.com/aje/article-abstract/173/10/1148/184022","https://scholar.google.com/scholar?cites=15711940506175067836&as_sdt=2005&sciodt=0,5&hl=en",390,"2021-07-17 18:03:23","","","","",,,,,91,9.10,30,3,10,"Abstract. There have been few investigations of the link between changes in life-course socioeconomic position (SEP) and cognitive decline or incidence of demen.","https://academic.oup.com/aje/article/173/10/1148/184022","https://scholar.google.com/scholar?q=related:vNaiGqUGDNoJ:scholar.google.com/&scioq=%22waist+circumference%22+nigeria&hl=en&as_sdt=0,5&as_ylo=2011&as_yhi=2012&as_vis=1"
6,"K Awotedu, B Longo-Mbenza, JS Nasila…","Cardiometabolic risk, insulin resistance and immunity in HIV/AIDS patients receiving highly active retroviral therapy",2012,"International Journal of …","Springer","https://link.springer.com/article/10.1007/s13410-012-0082-2","https://scholar.google.com/scholar?cites=15442560091320003475&as_sdt=2005&sciodt=0,5&hl=en",391,"2021-07-17 18:03:23","","10.1007/s13410-012-0082-2","","",,,,,6,0.67,2,4,9,"… The study sample was characterized by mean values of waist circumference, hip circumference, BMI and total body fat suggesting overweight/obesity, abdominal and peripheral obesity according to the recent cut off points of anthropometry specific for sub-Saharan Africa [24] …","","https://scholar.google.com/scholar?q=related:k6vAuZX-TtYJ:scholar.google.com/&scioq=%22waist+circumference%22+nigeria&hl=en&as_sdt=0,5&as_ylo=2011&as_yhi=2012&as_vis=1"
0,"A ONAGA","ASSESSMENT OF TUBULAR AND GLOMERULAR FUNCTIONS IN PATIENTS WITH ESSENTIAL HYPERTENSION",2011,"Faculty of INTERNAL MEDICINE","dissertation.npmcn.edu.ng","http://dissertation.npmcn.edu.ng/index.php/FMCP/article/download/603/598","",392,"2021-07-17 18:03:23","PDF","","","",,,,,0,0.00,0,1,10,"… BY ADAORA ONAGA MB,BS (Ib) 2001 A DISSERTATION SUBMITTED TO THE NATIONAL POSTGRADUATE MEDICAL COLLEGE OF NIGERIA IN PARTIAL … in the United States while being the commonest non communicable disease in Nigeria. It affects …","http://dissertation.npmcn.edu.ng/index.php/FMCP/article/download/603/598","https://scholar.google.com/scholar?q=related:RoIr3_Qm8dkJ:scholar.google.com/&scioq=%22waist+circumference%22+nigeria&hl=en&as_sdt=0,5&as_ylo=2011&as_yhi=2012&as_vis=1"
0,"GE Umpierrez","46th Congress of the Society for Endocrinology, Metabolism and Diabetes of South Africa (SEMDSA) and 10th Congress of the Lipid and Atherosclerosis Society of …",,"ingentaconnect.com","","https://www.ingentaconnect.com/content/sabinet/mjemdsa/2011/00000016/00000001/art00006","",393,"2021-07-17 18:03:23","","","","",,,,,0,0.00,0,1,,"… the prevalence of obesity-related disorders in such a population, and to determine the appropriate waist circumference cut-points … aDepartment of Diabetes and Endocrinology, University of KwaZulu-Natal bDepartment of Medicine, University of Ibadan, Nigeria cDepartment of …","http://www.jemdsa.co.za/index.php/JEMDSA/article/view/223/260",""
6,"JC Yuan, FS Afshari, DJ Lee, C Sukotjo","The impact of obesity on prosthodontic treatment",2012,"Gen Dent","raleighfacialpain.com","https://www.raleighfacialpain.com/wp-content/uploads/2016/11/Appliance-Design-and-Application.pdf#page=88","https://scholar.google.com/scholar?cites=16329363207703516390&as_sdt=2005&sciodt=0,5&hl=en",394,"2021-07-17 18:03:23","PDF","","","",,,,,6,0.67,2,4,9,"… The frequency of transient LES relax- ation is correlated with increases in BMI and waist circumference … 79105106 In one Swiss population study, the highest waist-circumference quartile cohort had 19.7 teeth, compared to 21.5 teeth for their normal-weight counterparts …","https://www.raleighfacialpain.com/wp-content/uploads/2016/11/Appliance-Design-and-Application.pdf#page=88","https://scholar.google.com/scholar?q=related:5lSAG1KNneIJ:scholar.google.com/&scioq=%22waist+circumference%22+nigeria&hl=en&as_sdt=0,5&as_ylo=2011&as_yhi=2012&as_vis=1"
18,"JM Cubero, P Domingo, M Sambeat…","Prevalence of Metabolic Syndrome Among Human Immunodeficiency Virus–Infected Subjects Is Widely Influenced by the Diagnostic Criteria",2011,"Metabolic Syndrome …","liebertpub.com","https://www.liebertpub.com/doi/abs/10.1089/met.2010.0129","https://scholar.google.com/scholar?cites=1352679829131132564&as_sdt=2005&sciodt=0,5&hl=en",395,"2021-07-17 18:03:23","","10.1089/met.2010.0129","","",,,,,18,1.80,5,4,10,"… 22 According to NCEP ATP III, metablic syndrome was defined as the presence of three or more of the following criteria: Abdominal obesity (waist circumference >102 cm in men or >88 cm in women), triglycerides ≥150 mg/dL (1.69 mmol/L), HDL-C <40 mg/dL (1.04 mmol/L) in …","https://www.researchgate.net/profile/Antonio-Perez-35/publication/51098496_Prevalence_of_Metabolic_Syndrome_Among_Human_Immunodeficiency_Virus-Infected_Subjects_Is_Widely_Influenced_by_the_Diagnostic_Criteria/links/56adc42008ae19a38514d361/Prevalence-of-Metabolic-Syndrome-Among-Human-Immunodeficiency-Virus-Infected-Subjects-Is-Widely-Influenced-by-the-Diagnostic-Criteria.pdf","https://scholar.google.com/scholar?q=related:lH4yRiOvxRIJ:scholar.google.com/&scioq=%22waist+circumference%22+nigeria&hl=en&as_sdt=0,5&as_ylo=2011&as_yhi=2012&as_vis=1"
0,"TR Bregvadze, VJ Tseluyko, NE Mishchuk…","P1. 17 ARTERIAL STIFFNESS PARAMETERS AND AMBULATORY BLOOD PRESSURE MONITORING IN PATIENTS WITH HYPERTENSION",2012,"Artery …","atlantis-press.com","https://www.atlantis-press.com/journals/artres/articles?q=&author=&keyword=&title=&type=&page=20","",396,"2021-07-17 18:03:23","HTML","","","",,,,,0,0.00,0,4,9,"… S. Holewijn, M. den Heijer, LJ van Tits, DW Swinkels, AFH Stalenhoef, J. de Graaf. Pages: 158 - 158. Objective: Waist circumference is clinical marker of obesity … P10.7 CHARACTERISTICS OF CENTRAL HAEMODYNAMICS AMONG NIGERIANS: RESULT OF A PILOT STUDY …","https://www.atlantis-press.com/journals/artres/articles?q=&author=&keyword=&title=&type=&page=20",""
35,"JA Marcinkevage, KMV Narayan","Gestational diabetes mellitus: taking it to heart",2011,"Primary Care Diabetes","Elsevier","https://www.sciencedirect.com/science/article/pii/S1751991810001348","https://scholar.google.com/scholar?cites=15264177298994794421&as_sdt=2005&sciodt=0,5&hl=en",397,"2021-07-17 18:03:23","","","","",,,,,35,3.50,18,2,10,"… Europe [14]. Globally, prevalence estimates vary greatly depending on the population studied and the diagnostic test used [13], from 1% among Nigerian women [15] to 19% among women of Chennai, India [16]. Several studies …","","https://scholar.google.com/scholar?q=related:tY8qX2FA1dMJ:scholar.google.com/&scioq=%22waist+circumference%22+nigeria&hl=en&as_sdt=0,5&as_ylo=2011&as_yhi=2012&as_vis=1"
55,"SJ Nyante, MD Gammon, JS Kaufman…","Common genetic variation in adiponectin, leptin, and leptin receptor and association with breast cancer subtypes",2011,"Breast cancer research …","Springer","https://link.springer.com/article/10.1007/s10549-011-1517-z","https://scholar.google.com/scholar?cites=6960100748590661325&as_sdt=2005&sciodt=0,5&hl=en",398,"2021-07-17 18:03:23","","10.1007/s10549-011-1517-z","","",,,,,55,5.50,14,4,10,"… Participants provided informed consent and completed an in-home interview about social and demographic characteristics, medical history, and potential breast cancer risk factors. Height, weight, waist circumference, and hip circumference were measured by a trained nurse …","https://www.ncbi.nlm.nih.gov/pmc/articles/PMC3355661/","https://scholar.google.com/scholar?q=related:zT6tMME-l2AJ:scholar.google.com/&scioq=%22waist+circumference%22+nigeria&hl=en&as_sdt=0,5&as_ylo=2011&as_yhi=2012&as_vis=1"
1,"CN Egwuagu-Ndubisi","Hardiness and Attitude on Hypertension Treatment Adherence Among Nigerian Health Care Workers",2011,"","search.proquest.com","https://search.proquest.com/openview/0a3c711cf4ceccc2b376d16f1e740c6f/1?pq-origsite=gscholar&cbl=18750","https://scholar.google.com/scholar?cites=1616719387270724458&as_sdt=2005&sciodt=0,5&hl=en",399,"2021-07-17 18:03:23","HTML","","","",,,,,1,0.10,1,1,10,"… There is a need for more information on the influence of behavior on vulnerable Nigerian immigrant health care workers. These Nigerians otherwise may not fall within the criteria known to be responsible for poor … Historical Overview of Nigeria …","https://search.proquest.com/openview/0a3c711cf4ceccc2b376d16f1e740c6f/1?pq-origsite=gscholar&cbl=18750","https://scholar.google.com/scholar?q=related:ajvCi7e9bxYJ:scholar.google.com/&scioq=%22waist+circumference%22+nigeria&hl=en&as_sdt=0,5&as_ylo=2011&as_yhi=2012&as_vis=1"
95,"PD Gluckman, M Hanson, P Zimmet…","Losing the war against obesity: the need for a developmental perspective",2011,"Science translational …","stm.sciencemag.org","https://stm.sciencemag.org/content/3/93/93cm19.short","https://scholar.google.com/scholar?cites=12833835641490977938&as_sdt=2005&sciodt=0,5&hl=en",400,"2021-07-17 18:03:23","","","","",,,,,95,9.50,24,4,10,"… More easily understood measures, such as waist circumference (which is used as an index of visceral fat) and percentage body fat (total fat weight divided by total body weight), are now readily measurable with low-cost devices and may be more effective at assessing obesity …","https://www.researchgate.net/profile/Peter-Gluckman/publication/51527144_Losing_the_War_Against_Obesity_The_Need_for_a_Developmental_Perspective/links/54cf669b0cf298d656636c02/Losing-the-War-Against-Obesity-The-Need-for-a-Developmental-Perspective.pdf","https://scholar.google.com/scholar?q=related:kjTR9ITxGrIJ:scholar.google.com/&scioq=%22waist+circumference%22+nigeria&hl=en&as_sdt=0,5&as_ylo=2011&as_yhi=2012&as_vis=1"
23,"U Chandran, KM Hirshfield, EV Bandera","The role of anthropometric and nutritional factors on breast cancer risk in African-American women",2012,"Public health nutrition","cambridge.org","https://www.cambridge.org/core/journals/public-health-nutrition/article/role-of-anthropometric-and-nutritional-factors-on-breast-cancer-risk-in-africanamerican-women/794AB8E3E926B08D34F44B7C172CB30E","https://scholar.google.com/scholar?cites=6528142410076896762&as_sdt=2005&sciodt=0,5&hl=en",401,"2021-07-17 18:03:23","","","","",,,,,23,2.56,8,3,9,"Page 1. Public Health Nutrition: 15(4), 738–748 doi:10.1017/S136898001100303X The role of anthropometric and nutritional factors on breast cancer risk in African-American women Urmila Chandran1,2, Kim M Hirshfield1 …","https://www.cambridge.org/core/services/aop-cambridge-core/content/view/794AB8E3E926B08D34F44B7C172CB30E/S136898001100303Xa.pdf/div-class-title-the-role-of-anthropometric-and-nutritional-factors-on-breast-cancer-risk-in-african-american-women-div.pdf","https://scholar.google.com/scholar?q=related:-r3LM--emFoJ:scholar.google.com/&scioq=%22waist+circumference%22+nigeria&hl=en&as_sdt=0,5&as_ylo=2011&as_yhi=2012&as_vis=1"
1,"OR Aderibigbe","Associations between indices of iron status, anthropometric and biological markers of cardiovascular disease risk",2011,"","repository.nwu.ac.za","http://repository.nwu.ac.za/handle/10394/5546","https://scholar.google.com/scholar?cites=13702818627013667528&as_sdt=2005&sciodt=0,5&hl=en",402,"2021-07-17 18:03:23","","","","",,,,,1,0.10,1,1,10,"… The National Horticultural Research Institute, Nigeria. Thank you for supporting me … Results: In the THUSA study, ferritin was positively associated with body mass index (BMI), waist circumference (WC), waist to hip ratio (WHR), body fat and subscapular …","http://repository.nwu.ac.za/bitstream/handle/10394/5546/aderibigbe_or.pdf?sequence=2","https://scholar.google.com/scholar?q=related:yGrBzPAwKr4J:scholar.google.com/&scioq=%22waist+circumference%22+nigeria&hl=en&as_sdt=0,5&as_ylo=2011&as_yhi=2012&as_vis=1"
1,"R Wanjiru","Prevalence of diabetes Mellitus and other Cardiovascular risk factors in Kibera slum",2011,"","erepository.uonbi.ac.ke","http://erepository.uonbi.ac.ke/handle/11295/3786","https://scholar.google.com/scholar?cites=15739002025363470449&as_sdt=2005&sciodt=0,5&hl=en",403,"2021-07-17 18:03:23","","","","",,,,,1,0.10,1,1,10,"… Outcome variables: 1. Demographic 2. Clinical: obesity parameters ie BMI, waist circumference, waist hip ratio. 3. Laboratory profiles: RBS, FBS, Lipid profile, highly sensitive C reactive protein … 2.8 Urban CBG Nigeria Cooper 1997 Rural 247 >25 FBG 2.0 …","http://erepository.uonbi.ac.ke/bitstream/handle/11295/3786/Wanjiru_Prevalence%20Of%20Diabetes%20Mellitus%20And%20Other%20Cardiovascular%20Risk%20Factors%20In%20Kibera%20Slum.pdf?sequence=1","https://scholar.google.com/scholar?q=related:cXjxCPQqbNoJ:scholar.google.com/&scioq=%22waist+circumference%22+nigeria&hl=en&as_sdt=0,5&as_ylo=2011&as_yhi=2012&as_vis=1"
0,"V Singh, M Sahu, S Yadav, KK Harris","Status of obesity and metabolic syndrome in India with reference to cardiovascular diseases and diabetes mellitus–A review",2012,"World","academia.edu","https://www.academia.edu/download/52150537/Status_of_obesity_and_metabolic_syndrome.pdf","",404,"2021-07-17 18:03:23","PDF","","","",,,,,0,0.00,0,4,9,"… mass index and waist circumference for risk factors of certain related diseases in Chinese adults: study on optimal cut-off points of body mass index and waist circumference in Chinese … Prevalence of Stunting, Underweight and Obesity in School Aged Children in Uyo, Nigeria …","https://www.academia.edu/download/52150537/Status_of_obesity_and_metabolic_syndrome.pdf","https://scholar.google.com/scholar?q=related:2kS47PjIZ1YJ:scholar.google.com/&scioq=%22waist+circumference%22+nigeria&hl=en&as_sdt=0,5&as_ylo=2011&as_yhi=2012&as_vis=1"
114,"B Adeboye, G Bermano, C ROllAND","Obesity and its health impact in Africa: a systematic review",2012,"Cardiovascular journal of …","journals.co.za","https://journals.co.za/doi/abs/10.10520/EJC126398","https://scholar.google.com/scholar?cites=2356971725716358095&as_sdt=2005&sciodt=0,5&hl=en",405,"2021-07-17 18:03:23","","10.10520/EJC126398","","",,,,,114,12.67,38,3,9,"… Ibhazehiebo et al.36 120 (60) Case– control Nigeria 18–22 years To determine the … high-sensitivity C-reactive protein; %BF, percentage body fat; WC, waist circumference; BMI, body … responses to graded exercise in young obese and non-athletic Nigerian university students …","https://www.ncbi.nlm.nih.gov/pmc/articles/pmc3721807/","https://scholar.google.com/scholar?q=related:z4P2-EultSAJ:scholar.google.com/&scioq=%22waist+circumference%22+nigeria&hl=en&as_sdt=0,5&as_ylo=2011&as_yhi=2012&as_vis=1"
18,"MB Ara&ujo, LP de Moura, C Ribeiro…","Oxidative stress in the liver of exercised rats supplemented with creatine",2011,"… Journal of Nutrition …","academicjournals.org","https://academicjournals.org/journal/IJNAM/article-abstract/A6422F510428","https://scholar.google.com/scholar?cites=16335767405049963640&as_sdt=2005&sciodt=0,5&hl=en",406,"2021-07-17 18:03:23","","","","",,,,,18,1.80,5,4,10,"… LA sensitivity is inversely correlated with the body mass index and the waist circumference, and obesity biomarkers … Gender differences in factors associated with overweight and obesity among civil servants in Lagos, Nigeria. September 2015 …","https://academicjournals.org/journal/IJNAM/article-full-text-pdf/A6422F510428.pdf","https://scholar.google.com/scholar?q=related:eGRof-dNtOIJ:scholar.google.com/&scioq=%22waist+circumference%22+nigeria&hl=en&as_sdt=0,5&as_ylo=2011&as_yhi=2012&as_vis=1"
0,"MH Kroll, CR McCudden","8 Origin of Lipemia and Turbidity",2012,"Endogenous Interferences in Clinical …","degruyter.com","https://www.degruyter.com/document/doi/10.1515/9783110266221.83/html","",407,"2021-07-17 18:03:23","","10.1515/9783110266221.83","","",,,,,0,0.00,0,2,9,"… greater than or equal to 130/85 mmHg [9]. The European Group for the Study of Insulin Resistance agrees with the World Health Organization on the major defining points, but differ in defining obesity as a waist circumference exceeding 94 … West Afr J Med Nigeria 2009,28,10–15 …","","https://scholar.google.com/scholar?q=related:AE26HpXerWwJ:scholar.google.com/&scioq=%22waist+circumference%22+nigeria&hl=en&as_sdt=0,5&as_ylo=2011&as_yhi=2012&as_vis=1"
42,"BJ O'Hara, P Phongsavan, K Venugopal…","Characteristics of participants in Australia's Get Healthy telephone-based lifestyle information and coaching service: reaching disadvantaged communities and those …",2011,"Health Education …","academic.oup.com","https://academic.oup.com/her/article-abstract/26/6/1097/596444","https://scholar.google.com/scholar?cites=3073329114198537438&as_sdt=2005&sciodt=0,5&hl=en",408,"2021-07-17 18:03:23","","","","",,,,,42,4.20,11,4,10,"… Participants were also asked how they heard about GHS (referral source). For Coaching Participants, additional questions relating to self-report height, weight, waist circumference, physical activity [23] and dietary behavior [22, 24] were collected …","https://academic.oup.com/her/article/26/6/1097/596444","https://scholar.google.com/scholar?q=related:3nSr0YuopioJ:scholar.google.com/&scioq=%22waist+circumference%22+nigeria&hl=en&as_sdt=0,5&as_ylo=2011&as_yhi=2012&as_vis=1"
0,"JOYA MOKWUNYEI","THE VALUE OF LEFT ATRIAL VOLUME IN THE ASSESSMENT OF DIASTOLIC DYSFUNCTION IN ADULT HYPERTENSIVE PATIENTS OF LAGOS …",2012,"Faculty of INTERNAL MEDICINE","dissertation.npmcn.edu.ng","http://www.dissertation.npmcn.edu.ng/index.php/FMCP/article/download/701/503","",409,"2021-07-17 18:03:23","PDF","","","",,,,,0,0.00,0,1,9,"… WC Waist Circumference WHR Waist Hip Ratio UNTH University of Nigeria Teaching Hospital … surrogate marker of left ventricular diastolic dysfunction in adult Nigerian hypertensives. Background: Left ventricular (LV) diastolic dysfunction is prevalent in hypertension …","http://www.dissertation.npmcn.edu.ng/index.php/FMCP/article/download/701/503","https://scholar.google.com/scholar?q=related:rrKVRzCuj6oJ:scholar.google.com/&scioq=%22waist+circumference%22+nigeria&hl=en&as_sdt=0,5&as_ylo=2011&as_yhi=2012&as_vis=1"
45,"JR Churilla, EC Fitzhugh","Total physical activity volume, physical activity intensity, and metabolic syndrome: 1999–2004 National Health and Nutrition Examination Survey",2012,"Metabolic syndrome and related …","liebertpub.com","https://www.liebertpub.com/doi/abs/10.1089/met.2011.0057","https://scholar.google.com/scholar?cites=5280113013479475082&as_sdt=2005&sciodt=0,5&hl=en",410,"2021-07-17 18:03:23","","10.1089/met.2011.0057","","",,,,,45,5.00,23,2,9,"… 13 In creating a dependent variable based on a positive diagnosis of the metabolic syndrome using the AHA/NHLBI definition, data on blood pressure, fasting glucose, lipoprotein values, and waist circumference were taken from the morning examination, the health examination …","","https://scholar.google.com/scholar?q=related:iodcfs-6RkkJ:scholar.google.com/&scioq=%22waist+circumference%22+nigeria&hl=en&as_sdt=0,5&as_ylo=2011&as_yhi=2012&as_vis=1"
16,"GN Medoua, ES Nana, VJ Essa'a, PM Ntsama…","Body composition of Cameroonian lactating women determined by anthropometry, bioelectrical impedance, and deuterium dilution",2011,"Nutrition","Elsevier","https://www.sciencedirect.com/science/article/pii/S0899900710003394","https://scholar.google.com/scholar?cites=16568414754672902672&as_sdt=2005&sciodt=0,5&hl=en",411,"2021-07-17 18:03:23","","","","",,,,,16,1.60,3,5,10,"… a horizontal plane. Waist circumference was measured on a horizontal plane at the narrowest part of the torso (the smallest horizontal circumference in the area between the ribs and iliac crest). Skinfold measurements were …","https://www.academia.edu/download/50089787/j.nut.2010.09.00820161103-6850-17k8lxv.pdf","https://scholar.google.com/scholar?q=related:EIKep2_V7uUJ:scholar.google.com/&scioq=%22waist+circumference%22+nigeria&hl=en&as_sdt=0,5&as_ylo=2011&as_yhi=2012&as_vis=1"
0,"MS Doualla, YM Mbouende, AP Kengne…","Prevalence and determinants of electrocardiographic abnormalities in sub-Saharan African individuals with type 2 diabetes: cardiovascular topic",2012,"… Journal of Africa","ingentaconnect.com","https://www.ingentaconnect.com/content/sabinet/cardio1/2012/00000023/00000010/art00006","",412,"2021-07-17 18:03:23","","","","",,,,,0,0.00,0,4,9,"… 0.62 (0.25–1.57) Insulin use 0.60 (0.31–1.18) 3.26 (0.96–11.09) 1.06 (0.54–2.09) 0.51 (0.26–1.11) 1.11 (0.50–2.47) 0.93 (0.40–2.17) 1.44 (0.31–6.75) Waist circumference (cm) 0.98 … Correlates of cardiac autonomic neuropathy in Nigerian patients with type 2 diabetes mellitus …","","https://scholar.google.com/scholar?q=related:mJdPL0qa_sYJ:scholar.google.com/&scioq=%22waist+circumference%22+nigeria&hl=en&as_sdt=0,5&as_ylo=2011&as_yhi=2012&as_vis=1"
0,"M Mardari","Body image, proportions, beauty and health",2011,"Analele Ştiinţifice ale USMF „N. Testemiţanu”","ibn.idsi.md","https://ibn.idsi.md/sites/default/files/imag_file/36.Body%20image.pdf","",413,"2021-07-17 18:03:23","PDF","","","",,,,,0,0.00,0,1,10,"… Hourglass shape (Triangles opposing, facing in) - the waist circumference is less than 75% of the chest or hips circumferences, which are virtually the same … Bibliography 1. Azinge, EC, Mabayoje, M. and Ward, LC (2003) Body proportions in three Nigerian tribes …","https://ibn.idsi.md/sites/default/files/imag_file/36.Body%20image.pdf","https://scholar.google.com/scholar?q=related:Ae7Q6OFwggAJ:scholar.google.com/&scioq=%22waist+circumference%22+nigeria&hl=en&as_sdt=0,5&as_ylo=2011&as_yhi=2012&as_vis=1"
10,"I das Eiras Tâmega…","Growth in children with encephalopathy, a longitudinal study from the 6th to the 24th month",2011,"… Journal of Nutrition …","academicjournals.org","https://academicjournals.org/journal/IJNAM/article-abstract/9B2F8BE10455","https://scholar.google.com/scholar?cites=1168692218848368142&as_sdt=2005&sciodt=0,5&hl=en",414,"2021-07-17 18:03:23","","","","",,,,,10,1.00,5,2,10,"… LA sensitivity is inversely correlated with the body mass index and the waist circumference, and obesity biomarkers … Gender differences in factors associated with overweight and obesity among civil servants in Lagos, Nigeria. September 2015 …","https://academicjournals.org/journal/IJNAM/article-full-text-pdf/9B2F8BE10455.pdf","https://scholar.google.com/scholar?q=related:DlY4jGEHOBAJ:scholar.google.com/&scioq=%22waist+circumference%22+nigeria&hl=en&as_sdt=0,5&as_ylo=2011&as_yhi=2012&as_vis=1"
0,"FA AKINFE","SONOGRAPHIC EVALUATION OF NON-ALCOHOLIC FATTY LIVER DISEASE AND GALLBLADDER PATHOLOGY IN PATIENTS WITH TYPE 2 DIABETES MELLITUS …",2011,"RADIOLOGY","dissertation.npmcn.edu.ng","http://dissertation.npmcn.edu.ng/index.php/FMCR/article/view/1654","",415,"2021-07-17 18:03:23","","","","",,,,,0,0.00,0,1,10,"… screened had histologically confirmed NAFLD.12 In Nigeria,Lesi and Soyebi found a prevalence rate of hepatic steatosis to be 13.3% in … 14 is paucity of data in Nigerian/Africans about the effect of diabetes on the liver, thus a need to carry out this research to add to knowledge …","http://dissertation.npmcn.edu.ng/index.php/FMCR/article/download/1654/223","https://scholar.google.com/scholar?q=related:Db7N9ZbW7coJ:scholar.google.com/&scioq=%22waist+circumference%22+nigeria&hl=en&as_sdt=0,5&as_ylo=2011&as_yhi=2012&as_vis=1"
0,"TS Madaik, A Padam, PC Negi","Association of Body Fat Percentage with Caridometabolic Risk Factors: a Hospital Based Observational Study",,"216.10.240.19","","http://216.10.240.19/v5-i9/137%20jmscr.pdf","",416,"2021-07-17 18:03:23","PDF","","","",,,,,0,0.00,0,3,,"… Waist circumference was measured using non stretchable measuring tape in erect posture at the end of exhalation during normal breathing at point mid way between anterior … Impact of urbanization on obesity, anthropometric profile and blood pressure in the Igbos of Nigeria …","http://216.10.240.19/v5-i9/137%20jmscr.pdf","https://scholar.google.com/scholar?q=related:KXXVGTFqaM8J:scholar.google.com/&scioq=%22waist+circumference%22+nigeria&hl=en&as_sdt=0,5&as_ylo=2011&as_yhi=2012&as_vis=1"
42,"JBB Felden, ACL Figueiredo","Distribuição da gordura corporal e câncer de mama: um estudo de caso-controle no Sul do Brasil",2011,"Ciência & Saúde Coletiva","SciELO Brasil","https://www.scielo.br/j/csc/a/JQsDbFwfZvVSNMq6ZBbQsTF/abstract/?format=html&lang=pt","https://scholar.google.com/scholar?cites=2281276009603164334&as_sdt=2005&sciodt=0,5&hl=en",417,"2021-07-17 18:03:23","","","","",,,,,42,4.20,21,2,10,"… The an- thropometric variables collected were: body mass (kg), height, waist circumference (WC), and hip circumference. No association was found between the body mass index (BMI) and the waist/hip ratio (WHR) with the occurrence of breast can- cer …","https://www.scielo.br/j/csc/a/JQsDbFwfZvVSNMq6ZBbQsTF/?lang=pt&format=pdf","https://scholar.google.com/scholar?q=related:rmgEq3G4qB8J:scholar.google.com/&scioq=%22waist+circumference%22+nigeria&hl=en&as_sdt=0,5&as_ylo=2011&as_yhi=2012&as_vis=1"
14,"SJ Hasstedt, CL Hanis, SK Das, SC Elbein","Pleiotropy of type 2 diabetes with obesity",2011,"Journal of human genetics","nature.com","https://www.nature.com/articles/jhg201146","https://scholar.google.com/scholar?cites=15102408418019333035&as_sdt=2005&sciodt=0,5&hl=en",418,"2021-07-17 18:03:23","HTML","","","",,,,,14,1.40,4,4,10,"The risk of type 2 diabetes (T2D) increases with obesity. One possible explanation is that pleiotropic genes affect risk of both T2D and obesity. To identify pleiotropic genes, we performed bivariate analysis of T2D with waist–hip ratio (WHR) and with body mass index (BMI) in the African …","https://www.nature.com/articles/jhg201146","https://scholar.google.com/scholar?q=related:q1PpsHCIltEJ:scholar.google.com/&scioq=%22waist+circumference%22+nigeria&hl=en&as_sdt=0,5&as_ylo=2011&as_yhi=2012&as_vis=1"
0,"EK Njau","Prevalence of Hypertension and other Cardiovascular risk factors in Kibera Slum, Nairobi",2011,"","erepository.uonbi.ac.ke","http://erepository.uonbi.ac.ke/handle/11295/3773","",419,"2021-07-17 18:03:23","","","","",,,,,0,0.00,0,1,10,"… WC - Waist Circumference WHO - World Health Organization WHR - Waist Hip Ratio … factors among seven populations of West-African origin, including rural Nigeria, urban and … tions similar to the Nigerians, (34) the prevalence of hypertension in blacks was 16% in West …","http://erepository.uonbi.ac.ke/bitstream/handle/11295/3773/document%285%29.pdf?sequence=4","https://scholar.google.com/scholar?q=related:xiX62Ub6L6IJ:scholar.google.com/&scioq=%22waist+circumference%22+nigeria&hl=en&as_sdt=0,5&as_ylo=2011&as_yhi=2012&as_vis=1"
24,"DI Jalal, KL Jablonski, K McFann…","Vascular endothelial function is not related to serum uric acid in healthy adults",2012,"American journal of …","academic.oup.com","https://academic.oup.com/ajh/article-abstract/25/4/407/2743065","https://scholar.google.com/scholar?cites=6612133325659274548&as_sdt=2005&sciodt=0,5&hl=en",420,"2021-07-17 18:03:23","","","","",,,,,24,2.67,6,4,9,"… To account for central obesity, waist circumference (cm) was included … In model 2, the covariates included those in model 1 in addition to BMI, waist circumference, systolic blood pressure, low-density lipoprotein cholesterol, fasting blood glucose, and baseline diameter …","https://academic.oup.com/ajh/article-pdf/25/4/407/17460065/25_4_407.pdf","https://scholar.google.com/scholar?q=related:NH1xIzoEw1sJ:scholar.google.com/&scioq=%22waist+circumference%22+nigeria&hl=en&as_sdt=0,5&as_ylo=2011&as_yhi=2012&as_vis=1"
0,"LY ABUBAKAR","PREVALENCE AND CORRELATES OF DIABETES MELLITUS AND GLUCOSE INTOLERANCE AMONG ADULTS IN KANO METROPOLIS",2012,"Faculty of INTERNAL MEDICINE","dissertation.npmcn.edu.ng","http://dissertation.npmcn.edu.ng/index.php/FMCP/article/view/700","",421,"2021-07-17 18:03:23","","","","",,,,,0,0.00,0,1,9,"… Uni-variate analysis indicated that increased body mass index (BMI), waist circumference … Figures from different parts of Nigeria includes Jos, North Central Nigeria by Puepet was 3.2%as at 199628 ; and Ohwovoriole et al in Lagos a Western Nigerian State put the …","https://dissertation.npmcn.edu.ng/index.php/FMCP/article/download/700/504","https://scholar.google.com/scholar?q=related:h99RP50IrjcJ:scholar.google.com/&scioq=%22waist+circumference%22+nigeria&hl=en&as_sdt=0,5&as_ylo=2011&as_yhi=2012&as_vis=1"
4,"M Lares, E Pérez, M Schroeder, A Gestne…","Biochemical and Anthropometric Markers, Metabolic Syndrome, and Main Dietary Habits of a Waraos Population Sample",2011,"Food and Nutrition …","scirp.org","https://www.scirp.org/html/10-2700155_5793.htm?pagespeed=noscript","https://scholar.google.com/scholar?cites=11756655836231380120&as_sdt=2005&sciodt=0,5&hl=en",422,"2021-07-17 18:03:23","HTML","","","",,,,,4,0.40,1,5,10,"… Additionally, the corporeal mass index (IMC), waist circumference (MCC), glucose and insulin basal measurement, and insulin resistance by … 003; MR Akpa, D. Agomoah and DD Alasia, “Lipid Profile of Healthy Adult Nigerians in Port Harcourt, Nigeria,” Nigeria Journal of …","https://www.scirp.org/html/10-2700155_5793.htm?pagespeed=noscript","https://scholar.google.com/scholar?q=related:mCwYkTEIKKMJ:scholar.google.com/&scioq=%22waist+circumference%22+nigeria&hl=en&as_sdt=0,5&as_ylo=2011&as_yhi=2012&as_vis=1"
16,"SE Cusick, AE Kuch","Determinants of undernutrition and overnutrition among adolescents in developing countries",2012,"Adolescent medicine: state of the art reviews","ncbi.nlm.nih.gov","https://www.ncbi.nlm.nih.gov/pmc/articles/pmc5577917/","https://scholar.google.com/scholar?cites=559011542192449461&as_sdt=2005&sciodt=0,5&hl=en",423,"2021-07-17 18:03:23","HTML","","","",,,,,16,1.78,8,2,9,"… Fig 5). 3 Using the same definition, Ogechi et al found that more than 20% of Nigerian boys and … status has been shown in several studies, including a recent study in Nigeria in which … 44 Similarly, 16% of girls and 1% of boys had a high waist circumference, potentially indicating …","https://www.ncbi.nlm.nih.gov/pmc/articles/pmc5577917/","https://scholar.google.com/scholar?q=related:tWe5LQkCwgcJ:scholar.google.com/&scioq=%22waist+circumference%22+nigeria&hl=en&as_sdt=0,5&as_ylo=2011&as_yhi=2012&as_vis=1"
7,"P Chillo, E Gerdts, J Lwakatare…","Increased relative wall thickness is a marker of subclinical cardiac target-organ damage in African diabetic patients: cardiovascular topic",2012,"Cardiovascular journal of …","journals.co.za","https://journals.co.za/doi/abs/10.10520/EJC125625","https://scholar.google.com/scholar?cites=4173138523568029240&as_sdt=2005&sciodt=0,5&hl=en",424,"2021-07-17 18:03:23","","10.10520/EJC125625","","",,,,,7,0.78,2,4,9,"… Waist circumference (cm) 74 ± 12 98 ± 11 < 0.001 … Our findings add to a previous report by Ojji et al.on Nigerians with type 2 diabetes.21 In their study of 122 patients, abnormal LV geometry was found in 51% of patients, compared to 74% in the present study …","https://www.ncbi.nlm.nih.gov/pmc/articles/pmc3721891/","https://scholar.google.com/scholar?q=related:OD7Ff2D36TkJ:scholar.google.com/&scioq=%22waist+circumference%22+nigeria&hl=en&as_sdt=0,5&as_ylo=2011&as_yhi=2012&as_vis=1"
21,"HQ Qu, Q Li, Y Lu, CL Hanis, SP Fisher-Hoch…","Ancestral effect on HOMA-IR levels quantitated in an American population of Mexican origin",2012,"Diabetes …","Am Diabetes Assoc","https://care.diabetesjournals.org/content/35/12/2591.short","https://scholar.google.com/scholar?cites=2185813713727410343&as_sdt=2005&sciodt=0,5&hl=en",425,"2021-07-17 18:03:23","","","","",,,,,21,2.33,4,6,9,"","https://care.diabetesjournals.org/content/diacare/35/12/2591.full.pdf","https://scholar.google.com/scholar?q=related:p1Dm3_2RVR4J:scholar.google.com/&scioq=%22waist+circumference%22+nigeria&hl=en&as_sdt=0,5&as_ylo=2011&as_yhi=2012&as_vis=1"
0,"SO OGEDENGBE","DIAGNOSTIC CRITERIA OF THE METABOLIC SYNDROME: A COMPARATIVE ANALYSIS OF FIVE GUIDELINES IN TYPE 2 DIABETES MELLITUS PERSONS …",2011,"Faculty of INTERNAL MEDICINE","dissertation.npmcn.edu.ng","http://www.dissertation.npmcn.edu.ng/index.php/FMCP/article/download/607/594","",426,"2021-07-17 18:03:23","PDF","","","",,,,,0,0.00,0,1,10,"… UBTH University of Benin Teaching Hospital WC Waist Circumference WHO World Health Organization WHR Waist-Hip Ratio X2 Chi square … syndrome2. A study in Katsina, Nigeria conducted by Kolawole et al13 on apparently healthy Nigerians reported a prevalence of 22 …","http://www.dissertation.npmcn.edu.ng/index.php/FMCP/article/download/607/594","https://scholar.google.com/scholar?q=related:f5FwhmxsYQAJ:scholar.google.com/&scioq=%22waist+circumference%22+nigeria&hl=en&as_sdt=0,5&as_ylo=2011&as_yhi=2012&as_vis=1"
0,"NC IKECHUKWU","PG/M. Sc/06/46181",,"unn.edu.ng","","https://www.unn.edu.ng/publications/files/images/NEBOH%20CHARLES%20IKECHUKWU.pdf","",427,"2021-07-17 18:03:23","PDF","","","",,,,,0,0.00,0,1,,"… 11 Page 13. 13 ABSTRACT This study determined the risk factors of diabetes among hypertensive patients attending University of Nigeria Teaching Hospital … Page 17. 17 • Since hypertension is affecting a higher percentage of Nigerian population, the early detection of …","https://www.unn.edu.ng/publications/files/images/NEBOH%20CHARLES%20IKECHUKWU.pdf","https://scholar.google.com/scholar?q=related:IoMFF2eAYvoJ:scholar.google.com/&scioq=%22waist+circumference%22+nigeria&hl=en&as_sdt=0,5&as_ylo=2011&as_yhi=2012&as_vis=1"
45,"P Kocełak, J Chudek, B Naworska…","Psychological disturbances and quality of life in obese and infertile women and men",2012,"International journal of …","hindawi.com","https://www.hindawi.com/journals/ije/2012/236217/","https://scholar.google.com/scholar?cites=318633368922508593&as_sdt=2005&sciodt=0,5&hl=en",428,"2021-07-17 18:03:23","HTML","","","",,,,,45,5.00,11,4,9,"… 77–79]. The significant association between major and moderate depressive symptoms and waist circumference is independent from the coexistence of chronic diseases, including overweight and obesity [80, 81]. Weight loss …","https://www.hindawi.com/journals/ije/2012/236217/","https://scholar.google.com/scholar?q=related:MU02YFwDbAQJ:scholar.google.com/&scioq=%22waist+circumference%22+nigeria&hl=en&as_sdt=0,5&as_ylo=2011&as_yhi=2012&as_vis=1"
116,"MJ Prince, S Ebrahim, D Acosta, CP Ferri…","Hypertension prevalence, awareness, treatment and control among older people in Latin America, India and China: a 10/66 cross-sectional population-based survey",2012,"Journal of …","journals.lww.com","https://journals.lww.com/jhypertension/Fulltext/2012/01000/Hypertension_prevalence,_awareness,_treatment_and.25.aspx","https://scholar.google.com/scholar?cites=16042476770197189672&as_sdt=2005&sciodt=0,5&hl=en",429,"2021-07-17 18:03:23","","","","",,,,,116,12.89,23,5,9,"Objectives To estimate the prevalence, social patterning, treatment and control of hypertension am.","https://www.researchgate.net/profile/Juan-Llibre-Rodriguez/publication/51846711_Hypertension_prevalence_awareness_treatment_and_control_among_older_people_in_Latin_America_India_and_China/links/5fc9be6d45851568d13a7bf0/Hypertension-prevalence-awareness-treatment-and-control-among-older-people-in-Latin-America-India-and-China.pdf","https://scholar.google.com/scholar?q=related:KDQPNaBTot4J:scholar.google.com/&scioq=%22waist+circumference%22+nigeria&hl=en&as_sdt=0,5&as_ylo=2011&as_yhi=2012&as_vis=1"
1,"EK Mireku","Biochemical Correlates of Renal Dysfunction Among Non-Diabetic Hypertensives",2012,"","dspace.knust.edu.gh","http://dspace.knust.edu.gh/handle/123456789/5855","https://scholar.google.com/scholar?cites=14996198718664243695&as_sdt=2005&sciodt=0,5&hl=en",430,"2021-07-17 18:03:23","","","","",,,,,1,0.11,1,1,9,"… VDR Vitamin D Receptor WC Waist Circumference WHO World Health Organization … A study carried out in the University of Port Harcourt Teaching Hospital, Nigeria by Onwuchekwa, (2009) revealed hypertension as the commonest cause of congestive cardiac failure …","http://dspace.knust.edu.gh/bitstream/123456789/5855/1/MIREKU%20ERNEST%20KWASI.pdf","https://scholar.google.com/scholar?q=related:73kmB0gzHdAJ:scholar.google.com/&scioq=%22waist+circumference%22+nigeria&hl=en&as_sdt=0,5&as_ylo=2011&as_yhi=2012&as_vis=1"
18,"KM Fock, TL Ang","Global epidemiology of Barrett's esophagus",2011,"Expert review of gastroenterology & hepatology","Taylor & Francis","https://www.tandfonline.com/doi/abs/10.1586/egh.10.82","https://scholar.google.com/scholar?cites=3975929959893508691&as_sdt=2005&sciodt=0,5&hl=en",431,"2021-07-17 18:03:23","","10.1586/egh.10.82","","",,,,,18,1.80,9,2,10,"… Data suggest that BE is rare in all regions of sub-Saharan Africa (South Africa, Ethiopia, Nigeria, Zimbabwe, Kenya and Uganda) [33] … Ultimately, the association may simply reflect the effect of a larger BMI and waist circumference on GERD pathogenesis, which in turn increases …","","https://scholar.google.com/scholar?q=related:UyJJrztXLTcJ:scholar.google.com/&scioq=%22waist+circumference%22+nigeria&hl=en&as_sdt=0,5&as_ylo=2011&as_yhi=2012&as_vis=1"
42,"HT Al-Majed, AA Sadek","Pre-hypertension and hypertension in college students in Kuwait: a neglected issue",2012,"Journal of family & community medicine","ncbi.nlm.nih.gov","https://www.ncbi.nlm.nih.gov/pmc/articles/PMC3410173/","https://scholar.google.com/scholar?cites=12595951460917364045&as_sdt=2005&sciodt=0,5&hl=en",432,"2021-07-17 18:03:23","HTML","","","",,,,,42,4.67,21,2,9,"… Overweight according to waist circumference (WC) was not statistically significant, P = 0.164 … Variations in the prevalence of point (pre) hypertension in a Nigerian school-going adolescent population living in a semi-urban and an urban area. BMC Pediatr …","https://www.ncbi.nlm.nih.gov/pmc/articles/PMC3410173/","https://scholar.google.com/scholar?q=related:TcUKFB7Pza4J:scholar.google.com/&scioq=%22waist+circumference%22+nigeria&hl=en&as_sdt=0,5&as_ylo=2011&as_yhi=2012&as_vis=1"
0,"AM IGE","PREVALENCE AND FACTORS ASSOCIATED WITH PRESENCE OF MICROALBUMINURIA IN PATIENTS WITH ESSENTIAL HYPERTENSION SEEN AT THE …",2012,"Faculty of Family Medicine","dissertation.npmcn.edu.ng","http://www.dissertation.npmcn.edu.ng/index.php/FMCFM/article/download/332/1730","",433,"2021-07-17 18:03:23","PDF","","","",,,,,0,0.00,0,1,9,"… Hypertension (HTN) is a common condition amongst Nigerians. The prevalence is alarmingly … have been carried out in Nigeria.37,38 Hence, early detection of MAL via simple, point-of-care … expenditure of the scarce Nigerian health resources on the management of hypertensive …","http://www.dissertation.npmcn.edu.ng/index.php/FMCFM/article/download/332/1730","https://scholar.google.com/scholar?q=related:6Y-Wh6a-TUwJ:scholar.google.com/&scioq=%22waist+circumference%22+nigeria&hl=en&as_sdt=0,5&as_ylo=2011&as_yhi=2012&as_vis=1"
57,"J Negin, R Cumming, SS de Ramirez…","Risk factors for non‐communicable diseases among older adults in rural Africa",2011,"Tropical Medicine & …","Wiley Online Library","https://onlinelibrary.wiley.com/doi/abs/10.1111/j.1365-3156.2011.02739.x","https://scholar.google.com/scholar?cites=14344613619622008495&as_sdt=2005&sciodt=0,5&hl=en",434,"2021-07-17 18:03:23","","10.1111/j.1365-3156.2011.02739.x","","",,,,,57,5.70,14,4,10,"… National Primary Health Care Development Agency, Abuja, Nigeria. Search for more papers by this author. Sonia Ehrlich Sachs … National Primary Health Care Development Agency, Abuja, Nigeria. Search for more papers by this author. Sonia Ehrlich Sachs …","https://onlinelibrary.wiley.com/doi/pdf/10.1111/j.1365-3156.2011.02739.x","https://scholar.google.com/scholar?q=related:r9bMBRZOEscJ:scholar.google.com/&scioq=%22waist+circumference%22+nigeria&hl=en&as_sdt=0,5&as_ylo=2011&as_yhi=2012&as_vis=1"
1,"DC Kimambo","Electrocardiographic pattern and cardiovascular risk factors among university students in Dar es salaam–Tanzania",2012,"","core.ac.uk","https://core.ac.uk/download/pdf/16666665.pdf","https://scholar.google.com/scholar?cites=3706833191832166655&as_sdt=2005&sciodt=0,5&hl=en",435,"2021-07-17 18:03:23","PDF","","","",,,,,1,0.11,1,1,9,"… The prevalence of major and minor ECG findings was high 34.8%, the relationship between major and minor ECG abnormalities; low HDL, increased waist circumference and prehypertensive state varied with gender with male predominance but could not be associated …","https://core.ac.uk/download/pdf/16666665.pdf","https://scholar.google.com/scholar?q=related:_6DI-CVRcTMJ:scholar.google.com/&scioq=%22waist+circumference%22+nigeria&hl=en&as_sdt=0,5&as_ylo=2011&as_yhi=2012&as_vis=1"
1,"BT Srinivasan","Characteristics of Prediabetes, predictors of progression and strategies to prevent Type 2 Diabetes Mellitus in a multiethnic population in the United Kingdom",2011,"","leicester.figshare.com","https://leicester.figshare.com/articles/thesis/Characteristics_of_Prediabetes_predictors_of_progression_and_strategies_to_prevent_Type_2_Diabetes_Mellitus_in_a_multiethnic_population_in_the_United_Kingdom/10102820","https://scholar.google.com/scholar?cites=3066502599789981889&as_sdt=2005&sciodt=0,5&hl=en",436,"2021-07-17 18:03:23","","","","",,,,,1,0.10,1,1,10,"Page 1. i Characteristics of Prediabetes, predictors of progression and strategies to prevent Type 2 Diabetes Mellitus in a multiethnic population in the United Kingdom. Thesis submitted for the degree of Doctor of Medicine at the University of Leicester by …","https://leicester.figshare.com/articles/thesis/Characteristics_of_Prediabetes_predictors_of_progression_and_strategies_to_prevent_Type_2_Diabetes_Mellitus_in_a_multiethnic_population_in_the_United_Kingdom/10102820/files/18211193.pdf","https://scholar.google.com/scholar?q=related:wTBLE95njioJ:scholar.google.com/&scioq=%22waist+circumference%22+nigeria&hl=en&as_sdt=0,5&as_ylo=2011&as_yhi=2012&as_vis=1"
59,"A Rajendran, S Parthsarathy…","Prevalence and correlates of disordered sleep in southeast asian indians with type 2 diabetes",2012,"Diabetes & …","synapse.koreamed.org","https://synapse.koreamed.org/articles/1084638","https://scholar.google.com/scholar?cites=2804136125933943126&as_sdt=2005&sciodt=0,5&hl=en",437,"2021-07-17 18:03:23","HTML","","","",,,,,59,6.56,20,3,9,"… Height, weight, and waist circumference were measured in all participants; body mass index (BMI, kg/m2) was calculated as weight divided by height squared … Validity of the Pittsburgh Sleep Quality Index (PSQI) among Nigerian uni- versity students. Sleep Med 2007;8:266-70 …","https://synapse.koreamed.org/articles/1084638","https://scholar.google.com/scholar?q=related:VvkhGPNK6iYJ:scholar.google.com/&scioq=%22waist+circumference%22+nigeria&hl=en&as_sdt=0,5&as_ylo=2011&as_yhi=2012&as_vis=1"
7,"Y Huang, J Ren","Cost-benefit analysis of a community-based stroke prevention program in Bao Shan District, Shanghai, China",2011,"International Journal of Collaborative Research on …","iomcworld.org","https://www.iomcworld.org/abstract/costbenefit-analysis-of-a-communitybased-strokeprevention-program-in-bao-shan-district-shanghai-china-18563.html","https://scholar.google.com/scholar?cites=14943093223512019117&as_sdt=2005&sciodt=0,5&hl=en",438,"2021-07-17 18:03:23","","","","",,,,,7,0.70,4,2,10,"Page 1. International Journal of Collaborative Research on Internal Medicine & Public Health (IJCRIMPH) ISSN 1840-4529 | Journal Type: Open Access | Volume 3 Number 3 Journal details including published articles and …","https://www.iomcworld.org/articles/costbenefit-analysis-of-a-communitybased-strokeprevention-program-in-bao-shan-district-shanghai-china.pdf","https://scholar.google.com/scholar?q=related:rRD7aB2IYM8J:scholar.google.com/&scioq=%22waist+circumference%22+nigeria&hl=en&as_sdt=0,5&as_ylo=2011&as_yhi=2012&as_vis=1"
0,"W BALA","A COMPARATIVE STUDY OF INTRAVENOUS LOW MOLECULAR WEIGHT IRON DEXTRAN AND IRON SUCROSE IN THE MANAGEMENT OF IRON …",2012,"Faculty of INTERNAL MEDICINE","dissertation.npmcn.edu.ng","http://www.dissertation.npmcn.edu.ng/index.php/FMCP/article/download/709/495","",439,"2021-07-17 18:03:23","PDF","","","",,,,,0,0.00,0,1,9,"… 25 adult Nigerians with chronic renal failure and 31 healthy individuals as control. The study … Intravenous iron sucrose has only recently become available for use in Nigerian CKD patients … expensive. In Nigeria, little is known about the efficacy and safety profile of the available …","http://www.dissertation.npmcn.edu.ng/index.php/FMCP/article/download/709/495","https://scholar.google.com/scholar?q=related:bKXb-LL9F_8J:scholar.google.com/&scioq=%22waist+circumference%22+nigeria&hl=en&as_sdt=0,5&as_ylo=2011&as_yhi=2012&as_vis=1"
43,"T Liu, WQ Chen, SP David, RF Tyndale…","Interaction between heavy smoking and CYP2A6 genotypes on type 2 diabetes and its possible pathways",2011,"European Journal of …","ncbi.nlm.nih.gov","https://www.ncbi.nlm.nih.gov/pmc/articles/pmc4112659/","https://scholar.google.com/scholar?cites=315972958818079976&as_sdt=2005&sciodt=0,5&hl=en",440,"2021-07-17 18:03:23","HTML","","","",,,,,43,4.30,9,5,10,"… Measurement of abdominal obesity. Waist-to-hip ratio (WHR) was calculated by dividing the waist circumference by the hip circumference. Abdominal obesity was defined by WHR ≥0.90 for male and ≥0.85 for female (14) …","https://www.ncbi.nlm.nih.gov/pmc/articles/pmc4112659/","https://scholar.google.com/scholar?q=related:6BT7YLuPYgQJ:scholar.google.com/&scioq=%22waist+circumference%22+nigeria&hl=en&as_sdt=0,5&as_ylo=2011&as_yhi=2012&as_vis=1"
0,"POJIF OGBUEHI","BLOOD PRESSURE PROFILE AND RISK FACTORS FOR HYPERTENSION AMONG YOUNG ADULTS ATTENDING THE OUTPATIENT CLINIC OF OUR LADY …",2011,"Faculty of Family Medicine","dissertation.npmcn.edu.ng","http://dissertation.npmcn.edu.ng/index.php/FMCFM/article/download/309/1752","",441,"2021-07-17 18:03:23","PDF","","","",,,,,0,0.00,0,1,10,"… The study found that age, occupation, body mass index, waist circumference and hip … Studies done in Nigeria quote prevalence rates of 5 - 10% and 8 — 10% of rural communities … Another study done on a Nigerian population revealed a prevalence rate of 7% among persons …","http://dissertation.npmcn.edu.ng/index.php/FMCFM/article/download/309/1752","https://scholar.google.com/scholar?q=related:0igMBD0J4FwJ:scholar.google.com/&scioq=%22waist+circumference%22+nigeria&hl=en&as_sdt=0,5&as_ylo=2011&as_yhi=2012&as_vis=1"
63,"O Tabatabaei-Malazy…","The prevalence of diabetic peripheral neuropathy and related factors",2011,"Iranian journal of …","ncbi.nlm.nih.gov","https://www.ncbi.nlm.nih.gov/pmc/articles/pmc3481654/","https://scholar.google.com/scholar?cites=2672739633568484585&as_sdt=2005&sciodt=0,5&hl=en",442,"2021-07-17 18:03:23","HTML","","","",,,,,63,6.30,32,2,10,"… poor controlled diabetes, longer duration of the disease, high cholesterol levels, smoking, high triglyceride levels, obesity, larger waist circumference and high … In the Nigeria study (36), however, the duration of diabetes, age, the status of diabetes control, high blood pressure …","https://www.ncbi.nlm.nih.gov/pmc/articles/pmc3481654/","https://scholar.google.com/scholar?q=related:6Qz1M4l6FyUJ:scholar.google.com/&scioq=%22waist+circumference%22+nigeria&hl=en&as_sdt=0,5&as_ylo=2011&as_yhi=2012&as_vis=1"
12,"AN Odili, B Ezeala-Adikaibe, MB Ndiaye…","Progress report on the first sub-Saharan Africa trial of newer versus older antihypertensive drugs in native black patients",2012,"…","trialsjournal.biomedcentral.com","https://trialsjournal.biomedcentral.com/articles/10.1186/1745-6215-13-59","https://scholar.google.com/scholar?cites=14905093878254330050&as_sdt=2005&sciodt=0,5&hl=en",443,"2021-07-17 18:03:23","HTML","10.1186/1745-6215-13-59","","",,,,,12,1.33,3,4,9,"The epidemic surge in hypertension in sub-Saharan Africa is not matched by clinical trials of antihypertensive agents in Black patients recruited in this area of the world. We mounted the Newer versus Older Antihypertensive agents in African Hypertensive patients (NOAAH) trial to …","https://trialsjournal.biomedcentral.com/articles/10.1186/1745-6215-13-59","https://scholar.google.com/scholar?q=related:wuAyZemH2c4J:scholar.google.com/&scioq=%22waist+circumference%22+nigeria&hl=en&as_sdt=0,5&as_ylo=2011&as_yhi=2012&as_vis=1"
3,"DB Mhlabi","Metabolic syndrome among people with Human Immunodeficiency Virus on Anti-retroviral Therapy at Princess Marina Hospital in Gaborone-Botswana",2011,"","196.21.218.27","http://196.21.218.27/handle/10386/411","https://scholar.google.com/scholar?cites=14728335609156912363&as_sdt=2005&sciodt=0,5&hl=en",444,"2021-07-17 18:03:23","","","","",,,,,3,0.30,3,1,10,"… following: • Waist circumference > 88 cm (woman), > 102 (man) • Fasting triglycerides ≥ 1.70 mmol/L … Page 15. 2 The International Diabetes Federation (IDF) definition of metabolic syndrome by Alberti et al., (2005), includes a waist circumference > 80 cm (woman), > …","http://196.21.218.27/bitstream/handle/10386/411/Desire_Mhlabi_Mini-Dissertation_Final_For%20Binding.pdf?sequence=1&isAllowed=y","https://scholar.google.com/scholar?q=related:68SI1DOPZcwJ:scholar.google.com/&scioq=%22waist+circumference%22+nigeria&hl=en&as_sdt=0,5&as_ylo=2011&as_yhi=2012&as_vis=1"
0,"HO OKPA","MICROALBUMINURIA AND ITS CLINICAL AND BIOCHEMICAL CORRELATES IN NEWLY DIAGNOSED PATIENTS WITH HUMAN IMMUNODEFICIENCY VIRUS …",2011,"Faculty of INTERNAL MEDICINE","dissertation.npmcn.edu.ng","http://dissertation.npmcn.edu.ng/index.php/FMCP/article/view/611","",445,"2021-07-17 18:03:23","","","","",,,,,0,0.00,0,1,10,"… A cross sectional study done in South Africa showed a prevalence of 24% for microalbuminuria in HIV patients1 and a Nigerian study by Aderibigbe et al reported a higher incidence of 70.8% for … a prevalence of 38% in Nigeria as earlier mentioned14. A recent study done in the …","http://dissertation.npmcn.edu.ng/index.php/FMCP/article/download/611/590","https://scholar.google.com/scholar?q=related:XlHYuN2qF2kJ:scholar.google.com/&scioq=%22waist+circumference%22+nigeria&hl=en&as_sdt=0,5&as_ylo=2011&as_yhi=2012&as_vis=1"
2772,"MS Kramer, R Kakuma","Optimal duration of exclusive breastfeeding",2012,"Cochrane database of systematic …","cochranelibrary.com","https://www.cochranelibrary.com/cdsr/doi/10.1002/14651858.CD003517.pub2/abstract","https://scholar.google.com/scholar?cites=18081120825083910219&as_sdt=2005&sciodt=0,5&hl=en",446,"2021-07-17 18:03:23","","10.1002/14651858.CD003517.pub2","","",,,,,2772,308.00,1386,2,9,"… Based on studies from Belarus, Iran, and Nigeria, however, infants who continue exclusive breastfeeding for six months or more appear to have a significantly reduced risk of gastrointestinal and (in the Iranian and Nigerian studies) respiratory infection …","https://www.ncbi.nlm.nih.gov/pmc/articles/PMC7154583/","https://scholar.google.com/scholar?q=related:S1gLsJcL7foJ:scholar.google.com/&scioq=%22waist+circumference%22+nigeria&hl=en&as_sdt=0,5&as_ylo=2011&as_yhi=2012&as_vis=1"
12,"GM Khalil, HA Al Shobaili, A Alzolibani…","Relationship between obesity and other risk factors and skin disease among adult Saudi population",2011,"The Journal Of The …","journals.lww.com","https://journals.lww.com/ephaj/FullText/2011/08000/Relationship_between_obesity_and_other_risk.4.aspx","https://scholar.google.com/scholar?cites=12159144020941903810&as_sdt=2005&sciodt=0,5&hl=en",447,"2021-07-17 18:03:23","","","","",,,,,12,1.20,3,4,10,"Background Obesity is accused for a wide spectrum of dermatologic diseases; no previous follow-up.","","https://scholar.google.com/scholar?q=related:wpcOrRD1vagJ:scholar.google.com/&scioq=%22waist+circumference%22+nigeria&hl=en&as_sdt=0,5&as_ylo=2011&as_yhi=2012&as_vis=1"
1,"I Romieu","O1-6.2 The EsMaestras study: a large cohort study among Mexican Teachers",2011,"Journal of Epidemiology & Community Health","jech.bmj.com","https://jech.bmj.com/content/65/Suppl_1/A17.4.short","https://scholar.google.com/scholar?cites=10486416997968442649&as_sdt=2005&sciodt=0,5&hl=en",448,"2021-07-17 18:03:23","","","","",,,,,1,0.10,1,1,10,"… PaCT includes scientists from universities in South Africa, Uganda, Tanzania, Nigeria, as well as Harvard University … completed consent forms, teachers were visited at the schools by trained nurses who took physical measurements (weight, height, waist circumference and blood …","","https://scholar.google.com/scholar?q=related:GfWGQrM8h5EJ:scholar.google.com/&scioq=%22waist+circumference%22+nigeria&hl=en&as_sdt=0,5&as_ylo=2011&as_yhi=2012&as_vis=1"
0,"YR RAJI","THE ASSESSMENT OF KIDNEY FUNCTION AND RISK FACTORS FOR CHRONIC KIDNEY DISEASE IN FIRST DEGREE RELATIVES OF PATIENTS WITH …",2011,"Faculty of INTERNAL MEDICINE","dissertation.npmcn.edu.ng","http://dissertation.npmcn.edu.ng/index.php/FMCP/article/download/593/608","",449,"2021-07-17 18:03:23","PDF","","","",,,,,0,0.00,0,1,10,"… Congo estimated the prevalence of CKD to be 12%, while in Ile- Ife, Nigeria, Akinsola et al6 reported that end-stage renal disease (ESRD) accounted for about 8% of all medical admissions.5,6 Abioye – Kuteyi et al7 reported that 19.9% of Nigerian rural population had …","http://dissertation.npmcn.edu.ng/index.php/FMCP/article/download/593/608","https://scholar.google.com/scholar?q=related:MXOZXioVolwJ:scholar.google.com/&scioq=%22waist+circumference%22+nigeria&hl=en&as_sdt=0,5&as_ylo=2011&as_yhi=2012&as_vis=1"
166,"K Herbert, E Plugge, C Foster, H Doll","Prevalence of risk factors for non-communicable diseases in prison populations worldwide: a systematic review",2012,"The Lancet","Elsevier","https://www.sciencedirect.com/science/article/pii/S0140673612603195","https://scholar.google.com/scholar?cites=490671601218129394&as_sdt=2005&sciodt=0,5&hl=en",450,"2021-07-17 18:03:23","","","","",,,,,166,18.44,42,4,9,"… Source data for population data were accessed where available; however, for Nigeria, Cameroon, and Bangladesh, data were extracted from WHO country data files (Table 2, Table 3). As a result sample size assumptions were made to allow calculation of SE of the prevalence …","","https://scholar.google.com/scholar?q=related:8o36uzg3zwYJ:scholar.google.com/&scioq=%22waist+circumference%22+nigeria&hl=en&as_sdt=0,5&as_ylo=2011&as_yhi=2012&as_vis=1"
18,"MJ Cheserek, PJ Tuitoek, JN Waudo…","Anthropometric characteristics and nutritional status of older adults in the Lake Victoria Basin of East Africa: region, sex, and age differences",2012,"South African Journal …","journals.co.za","https://journals.co.za/doi/abs/10.10520/EJC122400","https://scholar.google.com/scholar?cites=4712982344842343234&as_sdt=2005&sciodt=0,5&hl=en",451,"2021-07-17 18:03:23","","10.10520/EJC122400","","",,,,,18,2.00,5,4,9,"Page 1. 67 Original Research: Anthropometric characteristics and nutritional status of older adults 2012;25(2) S Afr J Clin Nutr Cheserek MJ, MSc, Lecturer, Human Nutrition Department, Egerton University, Kenya Tuitoek PJ …","https://journals.co.za/doi/pdf/10.10520/EJC122400","https://scholar.google.com/scholar?q=related:QvMD4XjgZ0EJ:scholar.google.com/&scioq=%22waist+circumference%22+nigeria&hl=en&as_sdt=0,5&as_ylo=2011&as_yhi=2012&as_vis=1"
0,"AA Gyekye-Kusi","Obesity and glycemic measures among HIV-infected and uninfected injection drug users in Baltimore, Maryland",2011,"","search.proquest.com","https://search.proquest.com/openview/ebd5374662bc60c722b0c316710c0747/1?pq-origsite=gscholar&cbl=18750","",452,"2021-07-17 18:03:23","BOOK","","","",,,,,0,0.00,0,1,10,"… clinical measures and laboratory testing. Mixed effects models were performed to determine longitudinal changes in body mass index (BMI) and waist circumference (WC) from 2005 to 2009. Random intercept models were …","","https://scholar.google.com/scholar?q=related:gPHvFqZEzg0J:scholar.google.com/&scioq=%22waist+circumference%22+nigeria&hl=en&as_sdt=0,5&as_ylo=2011&as_yhi=2012&as_vis=1"
0,"J Lwakatare, P Chillo, J Lutale…","Increased relative wall thickness is a marker of subclinical cardiac target-organ damage in African diabetic patients: cardiovascular topic",2012,"Cardiovascular Journal of …","ingentaconnect.com","https://www.ingentaconnect.com/content/sabinet/cardio1/2012/00000023/00000008/art00011","",453,"2021-07-17 18:03:23","","","","",,,,,0,0.00,0,4,9,"… Waist circumference (cm) 74 ± 12 98 ± 11 < 0.001 … Our findings add to a previous report by Ojji et al.on Nigerians with type 2 diabetes.21 In their study of 122 patients, abnormal LV geometry was found in 51% of patients, compared to 74% in the present study …","","https://scholar.google.com/scholar?q=related:PzxpF28ACcIJ:scholar.google.com/&scioq=%22waist+circumference%22+nigeria&hl=en&as_sdt=0,5&as_ylo=2011&as_yhi=2012&as_vis=1"
51,"WJ Hall, A Zeveloff, A Steckler…","Process evaluation results from the HEALTHY physical education intervention",2012,"Health education …","academic.oup.com","https://academic.oup.com/her/article-abstract/27/2/307/590933","https://scholar.google.com/scholar?cites=7777520986332306006&as_sdt=2005&sciodt=0,5&hl=en",454,"2021-07-17 18:03:23","","","","",,,,,51,5.67,13,4,9,"Abstract. Process evaluation is an assessment of the implementation of an intervention. A process evaluation component was embedded in the HEALTHY study, a prim.","https://academic.oup.com/her/article/27/2/307/590933","https://scholar.google.com/scholar?q=related:Vpp7RyFO72sJ:scholar.google.com/&scioq=%22waist+circumference%22+nigeria&hl=en&as_sdt=0,5&as_ylo=2011&as_yhi=2012&as_vis=1"
58,"ABB Madanmohan, G Dayanidy, Z Sanjay…","Effect of yoga therapy on reaction time, biochemical parameters and wellness score of peri and post-menopausal diabetic patients",2012,"… journal of yoga","ncbi.nlm.nih.gov","https://www.ncbi.nlm.nih.gov/pmc/articles/PMC3276926/","https://scholar.google.com/scholar?cites=17920929651624279971&as_sdt=2005&sciodt=0,5&hl=en",455,"2021-07-17 18:03:23","HTML","","","",,,,,58,6.44,15,4,9,"… dyslipidemia.[7] Long-term yoga practice is associated with increased insulin sensitivity and attenuation of negative relationship between body weight or waist circumference and insulin … The effects of menopause on the serum lipid profile of normal females of South East Nigeria …","https://www.ncbi.nlm.nih.gov/pmc/articles/PMC3276926/","https://scholar.google.com/scholar?q=related:o3_UqZHus_gJ:scholar.google.com/&scioq=%22waist+circumference%22+nigeria&hl=en&as_sdt=0,5&as_ylo=2011&as_yhi=2012&as_vis=1"
61,"W Zhang, N Li","Prevalence, risk factors, and management of prehypertension",2011,"International journal of hypertension","hindawi.com","https://www.hindawi.com/journals/ijht/2011/605359/abs/","https://scholar.google.com/scholar?cites=8137607709457699282&as_sdt=2005&sciodt=0,5&hl=en",456,"2021-07-17 18:03:23","HTML","","","",,,,,61,6.10,31,2,10,"… Larger waist circumference and body mass index, higher levels of triglycerides, fasting blood glucose, uric acid and ferritin, and lower … factors and relationship between prehypertension and hypertension: a study of two ethnic African populations in Northern Nigeria,” Journal of …","https://www.hindawi.com/journals/ijht/2011/605359/abs/","https://scholar.google.com/scholar?q=related:0tG0yxiX7nAJ:scholar.google.com/&scioq=%22waist+circumference%22+nigeria&hl=en&as_sdt=0,5&as_ylo=2011&as_yhi=2012&as_vis=1"
0,"BA GBADEGESIN","RENAL RISK PROFILING IN NEWLY DIAGNOSED HYPERTENSIVES",2011,"Faculty of INTERNAL MEDICINE","dissertation.npmcn.edu.ng","http://dissertation.npmcn.edu.ng/index.php/FMCP/article/download/591/610","",457,"2021-07-17 18:03:23","PDF","","","",,,,,0,0.00,0,1,10,"… the patient for dialysis care and necessitates prolonged hospitalization with excessive use of health care resources ultimately leading to untimely death.30 In Nigeria, CKF disproportionately … factors and their impact on renal function in newly diagnosed hypertensive Nigerians …","http://dissertation.npmcn.edu.ng/index.php/FMCP/article/download/591/610","https://scholar.google.com/scholar?q=related:ew6oCw-oxAwJ:scholar.google.com/&scioq=%22waist+circumference%22+nigeria&hl=en&as_sdt=0,5&as_ylo=2011&as_yhi=2012&as_vis=1"
13,"AS Shatoor, AA Mahfouz, MY Khan…","Cardiovascular risk factors among adolescent secondary school boys in Ahad Rufeida, southwestern Saudi Arabia",2011,"Journal of tropical …","academic.oup.com","https://academic.oup.com/tropej/article-abstract/57/5/382/1624787","https://scholar.google.com/scholar?cites=6744988411112283970&as_sdt=2005&sciodt=0,5&hl=en",458,"2021-07-17 18:03:23","","","","",,,,,13,1.30,3,4,10,"… study in Abha city [6]. Standardized techniques were used to measure BMI, waist circumference [7] and blood pressure [8]. Three or more readings separated by at least 5 min were averaged. Hypertension is defined as average …","https://academic.oup.com/tropej/article/57/5/382/1624787","https://scholar.google.com/scholar?q=related:Ql95MjkDm10J:scholar.google.com/&scioq=%22waist+circumference%22+nigeria&hl=en&as_sdt=0,5&as_ylo=2011&as_yhi=2012&as_vis=1"
24,"K Nakano, E Pinnow, JA Flaws, JD Sorkin…","Reproductive history and hot flashes in perimenopausal women",2012,"Journal of Women's …","liebertpub.com","https://www.liebertpub.com/doi/abs/10.1089/jwh.2011.2999","https://scholar.google.com/scholar?cites=8109013318913313410&as_sdt=2005&sciodt=0,5&hl=en",459,"2021-07-17 18:03:23","","10.1089/jwh.2011.2999","","",,,,,24,2.67,5,5,9,"… Waist circumference was measured at the narrowest part of the waist … Crossref, Medline, Google Scholar; 5 Nkwo POSuboptimal management of severe menopausal symptoms by Nigerian gynaecologists: A call for mandatory continuing medical education for physiciansBMC …","https://www.ncbi.nlm.nih.gov/pmc/articles/PMC3321671/","https://scholar.google.com/scholar?q=related:gkq9cKYAiXAJ:scholar.google.com/&scioq=%22waist+circumference%22+nigeria&hl=en&as_sdt=0,5&as_ylo=2011&as_yhi=2012&as_vis=1"
28,"AO Akanji, L Thalib, AN Al-Isa","Folate, vitamin B12 and total homocysteine levels in Arab adolescent subjects: reference ranges and potential determinants",2012,"Nutrition, Metabolism and Cardiovascular …","Elsevier","https://www.sciencedirect.com/science/article/pii/S0939475310002553","https://scholar.google.com/scholar?cites=13692397812174316321&as_sdt=2005&sciodt=0,5&hl=en",460,"2021-07-17 18:03:23","","","","",,,,,28,3.11,9,3,9,"JavaScript is disabled on your browser. Please enable JavaScript to use all the features on this page. Skip to main content Skip to article …","","https://scholar.google.com/scholar?q=related:IWP8xUMrBb4J:scholar.google.com/&scioq=%22waist+circumference%22+nigeria&hl=en&as_sdt=0,5&as_ylo=2011&as_yhi=2012&as_vis=1"
0,"R Adesoji Adedoyin, C Emmanuel Mbada…","Kuzeydoğu Nijerya'da Düşük Gelirli Yarı Şehirli Toplumda Kardiyovasküler Risk Faktörlerinin Prevalansı.",2012,"TAF Preventive …","researchgate.net","https://www.researchgate.net/profile/Adewale-Oyeyemi/publication/273977538_Prevalence_of_Cardiovascular_Risk_Factors_in_a_Low_Income_Semi-Urban_Community_in_the_North-East_Nigeria/links/57b0af5208ae95f9d8f3b846/Prevalence-of-Cardiovascular-Risk-Factors-in-a-Low-Income-Semi-Urban-Community-in-the-North-East-Nigeria.pdf","",461,"2021-07-17 18:03:23","PDF","","","",,,,,0,0.00,0,3,9,"… The influence of height and age on waist circumference as an index of adiposity in adults … Prevalence and pattern of hypertension in a semiurban community in Nigeria … WHO-ISH Guidelines for the management of hypertension complications in Africa: The Nigerian experience …","https://www.researchgate.net/profile/Adewale-Oyeyemi/publication/273977538_Prevalence_of_Cardiovascular_Risk_Factors_in_a_Low_Income_Semi-Urban_Community_in_the_North-East_Nigeria/links/57b0af5208ae95f9d8f3b846/Prevalence-of-Cardiovascular-Risk-Factors-in-a-Low-Income-Semi-Urban-Community-in-the-North-East-Nigeria.pdf","https://scholar.google.com/scholar?q=related:XcUfnsxwmvwJ:scholar.google.com/&scioq=%22waist+circumference%22+nigeria&hl=en&as_sdt=0,5&as_ylo=2011&as_yhi=2012&as_vis=1"
0,"M Itagappa, VM CR","Correlation of Body Mass Index to the Fasting Blood Sugar in Young Adult Population",2011,"Physiotherapy and Occupational Therapy","ijpot.com","https://www.ijpot.com/scripts/IJPOT%20OCT-DEC%202011.pdf#page=112","",462,"2021-07-17 18:03:23","PDF","","","",,,,,0,0.00,0,2,10,"… Ammar Hassanzadeh K, Mohammad, Ali Daneshmand, Salal Rezaei, Correlation of dyslipidemia with waist to height ratio, Waist circumference and body … LUS, Daikwo MA and Amana R; Lipid profile of a population of diabetic patients attending Nigerian National Petroleum …","https://www.ijpot.com/scripts/IJPOT%20OCT-DEC%202011.pdf#page=112",""
0,"DJ Clegg","The Mechanisms and Impact of Obesity and Insulin Resistance on Breast Cancer Incidence",2011,"Insulin Resistance and Cancer","Springer","https://link.springer.com/chapter/10.1007/978-1-4419-9911-5_3","",463,"2021-07-17 18:03:23","","10.1007/978-1-4419-9911-5_3","","",,,,,0,0.00,0,1,10,"… BMI is a general measure of obesity, whereas measuring the wait to hip ratio (WHR) and/or the waist circumference (WC) provides a measure of where the adipose tissue is distributed throughout the body … Waist circumference is superior to the WHR for assessing VAT [33] …","","https://scholar.google.com/scholar?q=related:elNgYWlKM8UJ:scholar.google.com/&scioq=%22waist+circumference%22+nigeria&hl=en&as_sdt=0,5&as_ylo=2011&as_yhi=2012&as_vis=1"
17,"JE Bible, S Choemprayong, KR O'Neill, CJ Devin…","Whole-body vibration: is there a causal relationship to specific imaging findings of the spine?",2012,"Spine","journals.lww.com","https://journals.lww.com/spinejournal/FullText/2012/10010/Whole_Body_Vibration__Is_There_a_Causal.17.aspx","https://scholar.google.com/scholar?cites=15211371415461603533&as_sdt=2005&sciodt=0,5&hl=en",464,"2021-07-17 18:03:23","","","","",,,,,17,1.89,3,5,9,"Study Design. Systematic review. Objective. To perform a systematic review of the available lit.","","https://scholar.google.com/scholar?q=related:zagehbWlGdMJ:scholar.google.com/&scioq=%22waist+circumference%22+nigeria&hl=en&as_sdt=0,5&as_ylo=2011&as_yhi=2012&as_vis=1"
8,"F Masoudkabir, N Toghianifar, M Talaie…","Socioeconomic status and incident cardiovascular disease in a developing country: findings from the Isfahan cohort study (ICS)",2012,"International journal of …","Springer","https://link.springer.com/article/10.1007/s00038-012-0344-2","https://scholar.google.com/scholar?cites=16867148615085246237&as_sdt=2005&sciodt=0,5&hl=en",465,"2021-07-17 18:03:23","","10.1007/s00038-012-0344-2","","",,,,,8,0.89,2,4,9,"… Waist circumference was measured at the midpoint between the iliac crest and the rib cage at minimal respiration … A study in Nigeria documented increased meat consumption, serum lipids, blood pressures, insulin levels, and obesity among those with higher SES when …","https://www.academia.edu/download/53586503/Socioeconomic_status_and_incident_cardio20170619-3081-18dsapq.pdf","https://scholar.google.com/scholar?q=related:Hcfgp0wmFOoJ:scholar.google.com/&scioq=%22waist+circumference%22+nigeria&hl=en&as_sdt=0,5&as_ylo=2011&as_yhi=2012&as_vis=1"
1,"NA Bainn","Hypertension Predictive Model with a Neural Network Approach: A Case Study of Kumasi Metropolis",2012,"","dspace.knust.edu.gh","http://dspace.knust.edu.gh/handle/123456789/5520","https://scholar.google.com/scholar?cites=8163368502323363061&as_sdt=2005&sciodt=0,5&hl=en",466,"2021-07-17 18:03:23","","","","",,,,,1,0.11,1,1,9,"… Figure 3.4 RO C curve.....25 Figure 3.5: Relationship between BMI and Waist circumference..... 32 … was significantly associated with age, BMI waist circumference and time of BP measurement …","http://dspace.knust.edu.gh/xmlui/bitstream/handle/123456789/5520/Nina%20Ampah%20Bainn%20THESIS.pdf?sequence=1","https://scholar.google.com/scholar?q=related:9byYx2YcSnEJ:scholar.google.com/&scioq=%22waist+circumference%22+nigeria&hl=en&as_sdt=0,5&as_ylo=2011&as_yhi=2012&as_vis=1"
73,"JCK Wells","Ethnic variability in adiposity, thrifty phenotypes and cardiometabolic risk: addressing the full range of ethnicity, including those of mixed ethnicity",2012,"obesity reviews","Wiley Online Library","https://onlinelibrary.wiley.com/doi/abs/10.1111/j.1467-789X.2012.01034.x","https://scholar.google.com/scholar?cites=11405345634173874993&as_sdt=2005&sciodt=0,5&hl=en",467,"2021-07-17 18:03:23","","10.1111/j.1467-789X.2012.01034.x","","",,,,,73,8.11,73,1,9,"Page 1. Ethnic variability in adiposity, thrifty phenotypes and cardiometabolic risk: addressing the full range of ethnicity, including those of mixed ethnicity JCK Wells Childhood Nutrition Research Centre, UCL Institute of Child Health, London, UK …","https://www.academia.edu/download/54218139/j.1467-789x.2012.01034.x20170823-12848-np3nzj.pdf","https://scholar.google.com/scholar?q=related:MXN8GW3tR54J:scholar.google.com/&scioq=%22waist+circumference%22+nigeria&hl=en&as_sdt=0,5&as_ylo=2011&as_yhi=2012&as_vis=1"
0,"ZM ŠTOK, M MARKIČ","MAJA MEŠKO1 JERA ZAJEC2 ZLATKA MEŠKO ŠTOK1 MIRKO MARKIČ1",,"INŽINJERSTVO ZAŠTITE","znrfak.ni.ac.rs","https://www.znrfak.ni.ac.rs/Se-Journal/Archive/SE%20-%20Web%20journal%20-%20VOL%202/SE%20-%20Vol%202.pdf#page=31","",468,"2021-07-17 18:03:23","PDF","","","",,,,,0,0.00,0,2,,"… collected data from 1065 managers in 10 countries (from 5 continents): Brazil, Great Britain, Egypt, Germany, Japan, Nigeria, Singapore, South … symptoms (like increased blood pressure and higher concentration of amounts of fat in blood, increase of waist circumference, fits of …","https://www.znrfak.ni.ac.rs/Se-Journal/Archive/SE%20-%20Web%20journal%20-%20VOL%202/SE%20-%20Vol%202.pdf#page=31","https://scholar.google.com/scholar?q=related:lxGKP94piC0J:scholar.google.com/&scioq=%22waist+circumference%22+nigeria&hl=en&as_sdt=0,5&as_ylo=2011&as_yhi=2012&as_vis=1"
1,"M Uppal","Assessment of overweight and obesity according to body mass index among college-going girls and boys of urban and rural background of district Gurdaspur, Punjab",2012,"The Anthropologist","Taylor & Francis","https://www.tandfonline.com/doi/abs/10.1080/09720073.2012.11891244","https://scholar.google.com/scholar?cites=7393088944711972216&as_sdt=2005&sciodt=0,5&hl=en",469,"2021-07-17 18:03:23","","10.1080/09720073.2012.11891244","","",,,,,1,0.11,1,1,9,"Page 1. © Kamla-Raj 2012 Anthropologist, 14(3): 239-243 (2012) Assessment of Overweight and Obesity According to Body Mass Index among College-Going Girls and Boys of Urban and Rural Background of District Gurdaspur, Punjab Manjula Uppal …","","https://scholar.google.com/scholar?q=related:eLVsljmHmWYJ:scholar.google.com/&scioq=%22waist+circumference%22+nigeria&hl=en&as_sdt=0,5&as_ylo=2011&as_yhi=2012&as_vis=1"
0,"KI Oke, OS Kubeyinje, EO Agwubike","Assessing Tetraplegic Patients' Neuro-Muscular Adaptations to a Six-Week Physiotherapeutic Programme",2012,"Global journal of health …","ncbi.nlm.nih.gov","https://www.ncbi.nlm.nih.gov/pmc/articles/PMC4776927/","",470,"2021-07-17 18:03:23","HTML","","","",,,,,0,0.00,0,3,9,"… They were randomly selected from those admitted in the neurosurgical ward of the University of Benin Teaching Hospital, Benin City, Nigeria, between 2009 and 2011 … Waist circumference, 72.18cm±10.92, 0.000, 71.49cm±10.24, 0.000, 77.25cm±10.46 …","https://www.ncbi.nlm.nih.gov/pmc/articles/PMC4776927/","https://scholar.google.com/scholar?q=related:E8JS0tmcFxcJ:scholar.google.com/&scioq=%22waist+circumference%22+nigeria&hl=en&as_sdt=0,5&as_ylo=2011&as_yhi=2012&as_vis=1"
0,"OE OMOKHUA","PREVALENCE, AWARENESS AND RISK FACTORS FOR HYPERTENSION AMONG PATIENTS ATTENDING THE GENERAL OUTPATIENT CLINIC OF THE …",2012,"Faculty of Family Medicine","dissertation.npmcn.edu.ng","http://dissertation.npmcn.edu.ng/index.php/FMCFM/article/download/322/1740","",471,"2021-07-17 18:03:23","PDF","","","",,,,,0,0.00,0,1,9,"… Information derived from the study will contribute as a resource for the development of a policy directed towards hypertension prevention and control in Nigeria. 1.4 AIM AND OBJECTIVES … age, higher body mass index (BMI) and waist circumference. 24.6% of hypertensives had …","http://dissertation.npmcn.edu.ng/index.php/FMCFM/article/download/322/1740","https://scholar.google.com/scholar?q=related:tR5n9MJb6LMJ:scholar.google.com/&scioq=%22waist+circumference%22+nigeria&hl=en&as_sdt=0,5&as_ylo=2011&as_yhi=2012&as_vis=1"
0,"C IBILIBOR","CLINICAL ESTIMATION OF FOETAL BIRTH WEIGHT IN OBESE WOMEN WITH TERM PREGNANCIES IN OUR LADY OF APOSTLLES HOSPITAL, JOS",2012,"Faculty of Family Medicine","dissertation.npmcn.edu.ng","http://dissertation.npmcn.edu.ng/index.php/FMCFM/article/download/316/1745","",472,"2021-07-17 18:03:23","PDF","","","",,,,,0,0.00,0,1,9,"… ultrasonographic method. In Nigeria, many health care centres do not have ultrasound … circumference, waist to hip ratio, waist to height ratio and skin fold thickness.18,48 The measurement of waist circumference is popular as an indicator of obesity and health risk. This …","http://dissertation.npmcn.edu.ng/index.php/FMCFM/article/download/316/1745","https://scholar.google.com/scholar?q=related:pyDtgx2bR5oJ:scholar.google.com/&scioq=%22waist+circumference%22+nigeria&hl=en&as_sdt=0,5&as_ylo=2011&as_yhi=2012&as_vis=1"
42,"M Mansourian, HR Marateb…","First growth curves based on the World Health Organization reference in a Nationally-Representative Sample of Pediatric Population in the Middle East and …",2012,"BMC …","bmcpediatr.biomedcentral.com","https://bmcpediatr.biomedcentral.com/articles/10.1186/1471-2431-12-149","https://scholar.google.com/scholar?cites=13644978642497829441&as_sdt=2005&sciodt=0,5&hl=en",473,"2021-07-17 18:03:23","HTML","10.1186/1471-2431-12-149","","",,,,,42,4.67,14,3,9,"The World Health Organization (WHO) is in the process of establishing a new global database on the growth of school children and adolescents. Limited national data exist from Asian children, notably those living in the Middle East and North Africa (MENA). This study aimed to generate …","https://bmcpediatr.biomedcentral.com/articles/10.1186/1471-2431-12-149","https://scholar.google.com/scholar?q=related:Qfrf-cezXL0J:scholar.google.com/&scioq=%22waist+circumference%22+nigeria&hl=en&as_sdt=0,5&as_ylo=2011&as_yhi=2012&as_vis=1"
0,"OJ ADEBAYO","COMPARATIVE STUDY OF PERIPHERAL ARTERIAL DISEASE IN TYPE 2 DIABETIC, HYPERTENSIVE AND DIABETIC-HYPERTENSIVE PATIENTS ATTENDING …",2012,"Faculty of INTERNAL MEDICINE","dissertation.npmcn.edu.ng","http://www.dissertation.npmcn.edu.ng/index.php/FMCP/article/view/696","",474,"2021-07-17 18:03:23","","","","",,,,,0,0.00,0,1,9,"… group. Waist circumference, waist-hip ratio (p=0.001) and total cholesterol/high-density … In an attempt to reduce morbidity and mortality associated with PAD in Nigerian … been reported in Nigeria. Page 22. 22 1.3 AIMS AND OBJECTIVES The general aim of this study is …","http://www.dissertation.npmcn.edu.ng/index.php/FMCP/article/download/696/508","https://scholar.google.com/scholar?q=related:SZv318Y6wiMJ:scholar.google.com/&scioq=%22waist+circumference%22+nigeria&hl=en&as_sdt=0,5&as_ylo=2011&as_yhi=2012&as_vis=1"
0,"N Kaur, M Uppal, S Sidhu","Physical Growth Status of Affluent Arora children of Amritsar",,"beta.humanbiologyjournal.com","","http://beta.humanbiologyjournal.com/wp-content/uploads/2015/08/Volume1-Number3-Article4.pdf","",475,"2021-07-17 18:03:23","PDF","","","",,,,,0,0.00,0,3,,"… (Schwandt et al., 2008) Nigerian children (Okoroigwe et al., 2009) … Nutritional status of pre-school children aged 2-5 years in Aguata LGA of Anambra state, Nigeria. International Journal of Nutrition and metabolism 1: 9-13 … 2008. First reference curves of waist circumference for …","http://beta.humanbiologyjournal.com/wp-content/uploads/2015/08/Volume1-Number3-Article4.pdf","https://scholar.google.com/scholar?q=related:5rJZmxikLoQJ:scholar.google.com/&scioq=%22waist+circumference%22+nigeria&hl=en&as_sdt=0,5&as_ylo=2011&as_yhi=2012&as_vis=1"
0,"E Muls, JR Makulo, C Bieleli","Prevalence of diabetes and intermediate hyperglycaemia in Kisantu, DR Congo",,"scienceopen.com","","https://www.scienceopen.com/document_file/dffe950d-4364-4118-862a-b5aa1ac7fcf5/PubMedCentral/dffe950d-4364-4118-862a-b5aa1ac7fcf5.pdf","",476,"2021-07-17 18:03:23","PDF","","","",,,,,0,0.00,0,3,,"… Hypertension was defined as average of two blood pressure measurements ≥ 140/90 mm Hg [10], obesity as BMI ≥ 30 kg/m2 and abdominal obesity as waist circumference ≥ 94 … Mean BMI and waist circumference were 21.7 ± 4.6 kg/m² and 79.1 ± 12.7 cm, respectively …","https://www.scienceopen.com/document_file/dffe950d-4364-4118-862a-b5aa1ac7fcf5/PubMedCentral/dffe950d-4364-4118-862a-b5aa1ac7fcf5.pdf","https://scholar.google.com/scholar?q=related:wFaccj-mfecJ:scholar.google.com/&scioq=%22waist+circumference%22+nigeria&hl=en&as_sdt=0,5&as_ylo=2011&as_yhi=2012&as_vis=1"
0,"TS Sanga","Clinical and echocardiographic findings of left ventricular diastolic dysfunction among hypertensive patients at Muhimbili national hospital, Dar es Salaam",2012,"","core.ac.uk","https://core.ac.uk/download/pdf/16666661.pdf","",477,"2021-07-17 18:03:23","PDF","","","",,,,,0,0.00,0,1,9,"… Page 10. x RWT - Relative wall thickness SBP - Systolic Blood pressure TV - Tricuspid Valve VSD - Ventricular Septal Defect WC - Waist circumference Page 11. xi ABSTRACT Hypertension is the commonest of the cardiovascular risk factors, whose prevalence in …","https://core.ac.uk/download/pdf/16666661.pdf","https://scholar.google.com/scholar?q=related:NQJ_rh6JgFIJ:scholar.google.com/&scioq=%22waist+circumference%22+nigeria&hl=en&as_sdt=0,5&as_ylo=2011&as_yhi=2012&as_vis=1"
5,"MA Nyangasa","Nutrition status of ghanaian women with young children-dietary intake, anthropometric and life style data",2012,"","reposit.haw-hamburg.de","https://reposit.haw-hamburg.de/handle/20.500.12738/5698","https://scholar.google.com/scholar?cites=1103662863515779395&as_sdt=2005&sciodt=0,5&hl=en",478,"2021-07-17 18:03:23","","","","",,,,,5,0.56,5,1,9,"… SPSS Statistical Package for Social Science UAC Upper Arm Circumference WC Waist Circumference WHO World Health Organization … Furthermore, anthropometric measurements data such as weight, height, waist circumference (WC), hip circumference (HC), mid-upper arm …","https://reposit.haw-hamburg.de/bitstream/20.500.12738/5698/1/lsab12_25_MA.pdf","https://scholar.google.com/scholar?q=related:QwGm44b_UA8J:scholar.google.com/&scioq=%22waist+circumference%22+nigeria&hl=en&as_sdt=0,5&as_ylo=2011&as_yhi=2012&as_vis=1"
3,"KY Chee, NA Muhammad Dain…","Outcomes of patients with first‐episode schizophrenia at one‐year follow‐up: Findings from the N ational M ental H ealth R egistry in M alaysia",2012,"Asia‐Pacific …","Wiley Online Library","https://onlinelibrary.wiley.com/doi/abs/10.1111/j.1758-5872.2011.00166.x","https://scholar.google.com/scholar?cites=1453384551517705065&as_sdt=2005&sciodt=0,5&hl=en",479,"2021-07-17 18:03:23","","10.1111/j.1758-5872.2011.00166.x","","",,,,,3,0.33,1,3,9,"… developed countries (Kebede et al., 2005). In Nigeria, patients with schizophrenia continued to suffer from severe social disabilities in many aspects of their life (Gureje and Bamidele, 1999). The World Health Organization (WHO …","","https://scholar.google.com/scholar?q=related:adNAm4x1KxQJ:scholar.google.com/&scioq=%22waist+circumference%22+nigeria&hl=en&as_sdt=0,5&as_ylo=2011&as_yhi=2012&as_vis=1"
39,"FT Ayele, A Doumatey, H Huang, J Zhou, B Charles…","Genome-wide associated loci influencing interleukin (IL)-10, IL-1Ra, and IL-6 levels in African Americans",2012,"Immunogenetics","Springer","https://link.springer.com/article/10.1007/s00251-011-0596-7","https://scholar.google.com/scholar?cites=8190150638724908282&as_sdt=2005&sciodt=0,5&hl=en",480,"2021-07-17 18:03:23","","10.1007/s00251-011-0596-7","","",,,,,39,4.33,7,6,9,"Interleukins (ILs) are key mediators of the immune response and inflammatory process. Plasma levels of IL-10, IL-1Ra, and IL-6 are associated with metaboli.","https://www.ncbi.nlm.nih.gov/pmc/articles/PMC3418332/","https://scholar.google.com/scholar?q=related:-gQj1pxCqXEJ:scholar.google.com/&scioq=%22waist+circumference%22+nigeria&hl=en&as_sdt=0,5&as_ylo=2011&as_yhi=2012&as_vis=1"
3,"G Sharifi, A Zamani, F Bluk","Relationship between Pattern of Fat Distribution and Body Mass Index with Serum Lipid in Active and Inactive Secondary School Girls",2012,"Journal of Mazandaran University …","jmums.mazums.ac.ir","http://jmums.mazums.ac.ir/files/site1/user_files_0d0bf0/t_mousavi-A-10-1466-10-d669366.pdf","https://scholar.google.com/scholar?cites=14049060427298737454&as_sdt=2005&sciodt=0,5&hl=en",481,"2021-07-17 18:03:23","PDF","","","",,,,,3,0.33,1,3,9,"Page 1. 65 Relationship between Pattern of Fat Distribution and Body Mass Index with Serum Lipid in Active and Inactive Secondary School Girls Gholamreza Sharifi 1 , Alireza Zamani 2 , Fahime Bluk 1 1 Department of Physical …","http://jmums.mazums.ac.ir/files/site1/user_files_0d0bf0/t_mousavi-A-10-1466-10-d669366.pdf","https://scholar.google.com/scholar?q=related:Lo0jBQZK-MIJ:scholar.google.com/&scioq=%22waist+circumference%22+nigeria&hl=en&as_sdt=0,5&as_ylo=2011&as_yhi=2012&as_vis=1"
0,"OA OHENHEN","PATTERN OF PRESENTATION AND RISK FACTORS OF DIABETIC FOOT SYNDROME AT UNIVERSITY OF BENIN TEACHING HOSPITAL",2012,"Faculty of INTERNAL MEDICINE","dissertation.npmcn.edu.ng","http://www.dissertation.npmcn.edu.ng/index.php/FMCP/article/download/710/494","",482,"2021-07-17 18:03:23","PDF","","","",,,,,0,0.00,0,1,9,"… WC : Waist Circumference WHO : World Health Organization … Adigun and Olarinoye18 however, in their own study in the year 2003,(carried out in Ilorin, Kwara State in Northern Nigeria, in which 105 … These Nigerian reports, though from different locations in the Page 25. 9 …","http://www.dissertation.npmcn.edu.ng/index.php/FMCP/article/download/710/494","https://scholar.google.com/scholar?q=related:BIWB6qAe3EQJ:scholar.google.com/&scioq=%22waist+circumference%22+nigeria&hl=en&as_sdt=0,5&as_ylo=2011&as_yhi=2012&as_vis=1"
10,"P Kempegowda, SR Marcus, P Solanki…","Prevalence of the metabolic syndrome in rural India—a disparity in definitions",2011,"International Journal of …","Springer","https://link.springer.com/article/10.1007/s13410-011-0046-y","https://scholar.google.com/scholar?cites=4847504087225605577&as_sdt=2005&sciodt=0,5&hl=en",483,"2021-07-17 18:03:23","","10.1007/s13410-011-0046-y","","",,,,,10,1.00,3,4,10,"… Anthropometric measurements (waist circumference (WC), weight and height) and blood pressure were obtained using standard procedures … in the prevalence of MS between the men and women (Table 3). This is similar to the results seen in the Nigerian population in a study …","https://www.researchgate.net/profile/Punith-Kempegowda/publication/226197524_Prevalence_of_the_metabolic_syndrome_in_rural_India-A_disparity_in_definitions/links/55784f5e08aeacff20028046/Prevalence-of-the-metabolic-syndrome-in-rural-India-A-disparity-in-definitions.pdf","https://scholar.google.com/scholar?q=related:yR1WvkjLRUMJ:scholar.google.com/&scioq=%22waist+circumference%22+nigeria&hl=en&as_sdt=0,5&as_ylo=2011&as_yhi=2012&as_vis=1"
0,"R Fehring","Current Medical Research: Summer-Fall 2011",2012,"The Linacre Quarterly","Taylor & Francis","https://www.tandfonline.com/doi/pdf/10.1179/002436312803571537","",484,"2021-07-17 18:03:23","PDF","10.1179/002436312803571537","","",,,,,0,0.00,0,1,9,"… 14– 19 years. The same 370 girl participants were assessed for obesity and endocrinopathy at age 25, with measures of insulin, glucose, insulin resistance (IR), body mass index (BMI) and waist circumference. Of these 370 …","https://www.tandfonline.com/doi/pdf/10.1179/002436312803571537","https://scholar.google.com/scholar?q=related:weaWh-jH7BoJ:scholar.google.com/&scioq=%22waist+circumference%22+nigeria&hl=en&as_sdt=0,5&as_ylo=2011&as_yhi=2012&as_vis=1"
0,"ITS ENVIRONS","ODO, IFEOMA FELICIA (PG/M. Sc/08/49148)",2012,"","unn.edu.ng","https://www.unn.edu.ng/publications/files/images/ODO,%20IFEOMA%20FELICIA.pdf","",485,"2021-07-17 18:03:23","PDF","","","",,,,,0,0.00,0,1,9,"… Webmaster Digitally Signed by Webmaster‟s Name DN : CN = Webmaster‟s name O= University of Nigeria, Nsukka OU = Innovation Centre 2012 UNIVERSITY OF NIGERIA Page 2. 2 … DEPARTMENT OF BIOCHEMISTRY UNIVERSITY OF NIGERIA NSUKKA MAY, 2012 Page 3 …","https://www.unn.edu.ng/publications/files/images/ODO,%20IFEOMA%20FELICIA.pdf","https://scholar.google.com/scholar?q=related:MeVs3cYYN2YJ:scholar.google.com/&scioq=%22waist+circumference%22+nigeria&hl=en&as_sdt=0,5&as_ylo=2011&as_yhi=2012&as_vis=1"
28,"E Chidum, D Agbai, O Fidelis, S Teppany…","Self-monitoring of blood glucose improved glycaemic control and 10-year coronary heart disease risk profile of type 2 diabetic patients",2011,"Chinese medical …","journals.lww.com","https://journals.lww.com/cmj/Fulltext/2011/01020/Self_monitoring_of_blood_glucose_improved.2.aspx","https://scholar.google.com/scholar?cites=5279447611199795954&as_sdt=2005&sciodt=0,5&hl=en",486,"2021-07-17 18:03:23","","","","",,,,,28,2.80,6,5,10,"Background The debate over the overall benefits of self-monitoring of blood glucose in type 2 diab.","https://www.academia.edu/download/48574806/Self-monitoring_of_blood_glucose_improve20160904-4586-1n84hzq.pdf","https://scholar.google.com/scholar?q=related:8jLZc6FdREkJ:scholar.google.com/&scioq=%22waist+circumference%22+nigeria&hl=en&as_sdt=0,5&as_ylo=2011&as_yhi=2012&as_vis=1"
5,"CS Mooi, CY Chin, WAW Ahmad…","Prevalence of left ventricular diastolic dysfunction among hypertensive adults in Klang Valley, Malaysia",2012,"Life Science …","lifesciencesite.com","http://www.lifesciencesite.com/lsj/life0903/100_10090life0903_713_719.pdf","https://scholar.google.com/scholar?cites=14502060938124165798&as_sdt=2005&sciodt=0,5&hl=en",487,"2021-07-17 18:03:23","PDF","","","",,,,,5,0.56,1,4,9,"… were defined as having a BMI of more than 27.5 kg/m2 and waist circumference ≥ 90cm in … Ike, SO and VO Ikeh, The prevalence of diastolic dysfunction in adult hypertensive Nigerians … Of Diastolic Dysfunction in Patients with Hypertension at a Tertiary Health Facility in Nigeria …","http://www.lifesciencesite.com/lsj/life0903/100_10090life0903_713_719.pdf","https://scholar.google.com/scholar?q=related:poL1h5arQckJ:scholar.google.com/&scioq=%22waist+circumference%22+nigeria&hl=en&as_sdt=0,5&as_ylo=2011&as_yhi=2012&as_vis=1"
30,"Y Zeng, J Du, X Pu, S Yang, T Yang…","Strategies of functional food for hypertension prevention in China",2011,"Journal of Medicinal …","academicjournals.org","https://academicjournals.org/journal/JMPR/article-abstract/840971640182","https://scholar.google.com/scholar?cites=4825527465480969420&as_sdt=2005&sciodt=0,5&hl=en",488,"2021-07-17 18:03:23","","","","",,,,,30,3.00,5,6,10,"… The prevalence of hypertension in market workers at Enugu, Nigeria was 42.2%, which may be explained in part by their sedentary … The risk of hypertension in individuals with central obesity is high than those with normal waist circumference within three body mass index …","https://academicjournals.org/journal/JMPR/article-full-text-pdf/840971640182.pdf","https://scholar.google.com/scholar?q=related:zFziwam390IJ:scholar.google.com/&scioq=%22waist+circumference%22+nigeria&hl=en&as_sdt=0,5&as_ylo=2011&as_yhi=2012&as_vis=1"
132,"L Paternoster, DM Evans, E Aagaard Nohr, C Holst…","Genome-wide population-based association study of extremely overweight young adults–the GOYA study",2011,"PloS one","journals.plos.org","https://journals.plos.org/plosone/article?id=10.1371/journal.pone.0024303","https://scholar.google.com/scholar?cites=14636267852892424425&as_sdt=2005&sciodt=0,5&hl=en",489,"2021-07-17 18:03:23","HTML","","","",,,,,132,13.20,26,5,10,"Background Thirty-two common variants associated with body mass index (BMI) have been identified in genome-wide association studies, explaining ∼1.45% of BMI variation in general population cohorts. We performed a genome-wide association study in a sample of young adults …","https://journals.plos.org/plosone/article?id=10.1371/journal.pone.0024303","https://scholar.google.com/scholar?q=related:6Ugf4RB4HssJ:scholar.google.com/&scioq=%22waist+circumference%22+nigeria&hl=en&as_sdt=0,5&as_ylo=2011&as_yhi=2012&as_vis=1"
22,"CM Gomez-Gutierrez, G Guerra-Rivas…","Marine edible algae as disease preventers",2011,"Advances in food and …","Elsevier","https://www.sciencedirect.com/science/article/pii/B978012387669000003X","https://scholar.google.com/scholar?cites=10299062362880301394&as_sdt=2005&sciodt=0,5&hl=en",490,"2021-07-17 18:03:23","","","","",,,,,22,2.20,7,3,10,"… 2009) achieved excellent results on systolic pressure decrease by 10.5 mm Hg and waist circumference reduction of … MA Adewolo, MA Abass, PE NdimeleAn exposition on potential seaweed resources for exploitation, culture and utilization in West Africa: A case study of Nigeria …","","https://scholar.google.com/scholar?q=related:UlkT-6ae7Y4J:scholar.google.com/&scioq=%22waist+circumference%22+nigeria&hl=en&as_sdt=0,5&as_ylo=2011&as_yhi=2012&as_vis=1"
242,"M Wanner, T Götschi, E Martin-Diener…","Active transport, physical activity, and body weight in adults: a systematic review",2012,"American journal of …","Elsevier","https://www.sciencedirect.com/science/article/pii/S0749379712000918","https://scholar.google.com/scholar?cites=1969735643219267228&as_sdt=2005&sciodt=0,5&hl=en",491,"2021-07-17 18:03:23","","","","",,,,,242,26.89,61,4,9,"… To be included, studies had to (1) report a measure of active transportation; (2) report a measure of general physical activity (eg, total physical activity, leisure-time physical activity) or of weight (eg, BMI, waist circumference); (3) present a quantitative association between active …","https://www.zora.uzh.ch/id/eprint/69447/1/69447.pdf","https://scholar.google.com/scholar?q=related:nI6CoyHoVRsJ:scholar.google.com/&scioq=%22waist+circumference%22+nigeria&hl=en&as_sdt=0,5&as_ylo=2011&as_yhi=2012&as_vis=1"
71,"Y Zhao, J Zhang, J Zhang, J Wu","Diabetes mellitus is associated with shortened activated partial thromboplastin time and increased fibrinogen values",2011,"PLoS One","journals.plos.org","https://journals.plos.org/plosone/article?id=10.1371/journal.pone.0016470","https://scholar.google.com/scholar?cites=9319502004018374548&as_sdt=2005&sciodt=0,5&hl=en",492,"2021-07-17 18:03:23","HTML","","","",,,,,71,7.10,18,4,10,"… Zhou B (2002) Coorperative Meta-Analysis Group Of China Obesity Task Force Predictive values of body mass index and waist circumference to risk factors of related diseases in Chinese adult population. Zhonghua Liu Xing Bing Xue Za Zhi 23: 5–10 …","https://journals.plos.org/plosone/article?id=10.1371/journal.pone.0016470","https://scholar.google.com/scholar?q=related:lGcOIbKFVYEJ:scholar.google.com/&scioq=%22waist+circumference%22+nigeria&hl=en&as_sdt=0,5&as_ylo=2011&as_yhi=2012&as_vis=1"
239,"P Rinaudo, E Wang","Fetal programming and metabolic syndrome",2012,"Annual review of physiology","annualreviews.org","https://www.annualreviews.org/doi/abs/10.1146/annurev-physiol-020911-153245","https://scholar.google.com/scholar?cites=6275193696735268500&as_sdt=2005&sciodt=0,5&hl=en",493,"2021-07-17 18:03:23","","10.1146/annurev-physiol-020911-153245","","",,,,,239,26.56,120,2,9,"… Data on the link between birth weight and waist circumference are limited; however, several studies have examined obesity and body composition … living in the United States (64), young adults aged 26–31 years in the Netherlands (65), and 40-year-old Nigerians who survived …","https://www.ncbi.nlm.nih.gov/pmc/articles/pmc4132057/","https://scholar.google.com/scholar?q=related:lA6tdmv3FVcJ:scholar.google.com/&scioq=%22waist+circumference%22+nigeria&hl=en&as_sdt=0,5&as_ylo=2011&as_yhi=2012&as_vis=1"
0,"CA EZELAGBO","THE PATTERN AND DETERMINANTS OF METABOLIC SYNDROME AT THE NATIONAL HEALTH INSURANCE SCHEME CLINIC OF THE NATIONAL …",2011,"Faculty of SURGERY","dissertation.npmcn.edu.ng","http://dissertation.npmcn.edu.ng/index.php/FMCS/article/download/1414/65","",494,"2021-07-17 18:03:23","PDF","","","",,,,,0,0.00,0,1,10,"… HOSPITAL, DALA, KANO. A DISSERTATION SUBMITTED TO THE NATIONAL POSTGRADUATE MEDICAL COLLEGE OF NIGERIA, IN PARTIAL FULFILMENT OF THE … 9. Association between Waist Circumference and metabolic syndrome 76 10 …","http://dissertation.npmcn.edu.ng/index.php/FMCS/article/download/1414/65","https://scholar.google.com/scholar?q=related:sm5cxMB7BOIJ:scholar.google.com/&scioq=%22waist+circumference%22+nigeria&hl=en&as_sdt=0,5&as_ylo=2011&as_yhi=2012&as_vis=1"
38,"LE Inumaru, ÉA Silveira, MMV Naves","Risk and protective factors for breast cancer: a systematic review",2011,"Cadernos de saude publica","SciELO Brasil","https://www.scielo.br/scielo.php?pid=S0102-311X2011000700002&script=sci_arttext&tlng=es","https://scholar.google.com/scholar?cites=13511242599648839240&as_sdt=2005&sciodt=0,5&hl=en",495,"2021-07-17 18:03:23","HTML","","","",,,,,38,3.80,13,3,10,"… A direct proportional relationship was observed between larger waist circumference, weight throughout adulthood, and height and risk of breast cancer in postmenopausal women … Parity and breastfeeding are protective against breast cancer in Nigerian women …","https://www.scielo.br/scielo.php?pid=S0102-311X2011000700002&script=sci_arttext&tlng=es","https://scholar.google.com/scholar?q=related:SMYxCo-TgbsJ:scholar.google.com/&scioq=%22waist+circumference%22+nigeria&hl=en&as_sdt=0,5&as_ylo=2011&as_yhi=2012&as_vis=1"
35,"M Jia, C Wang, Y Zhang, Y Zheng…","Sugary beverage intakes and obesity prevalence among junior high school students in Beijing-a cross-sectional research on SSBs intake",2012,"Asia Pacific journal …","search.informit.org","https://search.informit.org/doi/abs/10.3316/ielapa.557599907106645","https://scholar.google.com/scholar?cites=17159368218996166463&as_sdt=2005&sciodt=0,5&hl=en",496,"2021-07-17 18:03:23","","10.3316/ielapa.557599907106645","","",,,,,35,3.89,7,5,9,"… 429 4. Ansa VO, Anah MU, Ndifon WO. Soft drink consumption and overweight/obesity among Nigerian adolescents … Fast-food and sweetened beverage consumption: association with overweight and high waist circumference in adolescents. Public Health Nutr …","http://apjcn.nhri.org.tw/server/APJCN/21/3/425.pdf","https://scholar.google.com/scholar?q=related:P89kH3tSIu4J:scholar.google.com/&scioq=%22waist+circumference%22+nigeria&hl=en&as_sdt=0,5&as_ylo=2011&as_yhi=2012&as_vis=1"
110,"LE Inumaru, ÉA Silveira, MMV Naves","Fatores de risco e de proteção para câncer de mama: uma revisão sistemática",2011,"Cadernos de Saúde Pública","SciELO Brasil","https://www.scielo.br/j/csp/a/ZbRRyNH4HRLXSbFNMms6RgM/abstract/?lang=pt","https://scholar.google.com/scholar?cites=5723148326047209626&as_sdt=2005&sciodt=0,5&hl=en",497,"2021-07-17 18:03:23","","","","",,,,,110,11.00,37,3,10,"… Parity and breastfeeding are protective against breast cancer in Nigerian women … Flegal KM, Shepherd JA, Looker AC, Graubard BI, Borrud LG, Ogden CL, et al. Comparisons of percentage body fat, body mass index, waist circumference, and waist-stature ratio in adults …","https://www.scielo.br/j/csp/a/ZbRRyNH4HRLXSbFNMms6RgM/?lang=pt&format=pdf","https://scholar.google.com/scholar?q=related:mljqehS1bE8J:scholar.google.com/&scioq=%22waist+circumference%22+nigeria&hl=en&as_sdt=0,5&as_ylo=2011&as_yhi=2012&as_vis=1"
88,"G Leung, S Stanner","Diets of minority ethnic groups in the UK: influence on chronic disease risk and implications for prevention",2011,"Nutrition Bulletin","Wiley Online Library","https://onlinelibrary.wiley.com/doi/abs/10.1111/j.1467-3010.2011.01889.x","https://scholar.google.com/scholar?cites=11452150013397569037&as_sdt=2005&sciodt=0,5&hl=en",498,"2021-07-17 18:03:23","","10.1111/j.1467-3010.2011.01889.x","","",,,,,88,8.80,44,2,10,"Summary Introduction 1 Definitions of ethnic groups and demographics of minority ethnic groups in the UK ○ 1.1 Definitions of 'ethnic groups' and 'ethnicity' ○ 1.2 Demographics and characteristic...","https://onlinelibrary.wiley.com/doi/pdfdirect/10.1111/j.1467-3010.2011.01889.x","https://scholar.google.com/scholar?q=related:DQ4M18I17p4J:scholar.google.com/&scioq=%22waist+circumference%22+nigeria&hl=en&as_sdt=0,5&as_ylo=2011&as_yhi=2012&as_vis=1"
40,"A Biron, C Bobin-Dubigeon, C Volteau…","Metabolic syndrome in French HIV-infected patients: prevalence and predictive factors after 3 years of antiretroviral therapy",2012,"AIDS research and …","liebertpub.com","https://www.liebertpub.com/doi/abs/10.1089/aid.2012.0048","https://scholar.google.com/scholar?cites=13768411091018986462&as_sdt=2005&sciodt=0,5&hl=en",499,"2021-07-17 18:03:23","","10.1089/aid.2012.0048","","",,,,,40,4.44,10,4,9,"… Asian, 3 (1.4%), 0, Diastolic arterial tension (mm Hg), 74.7 ± 10.1, 83.7 ± 11.3, <0.0001. Systolic arterial tension (mm Hg), 123.7 ± 14.7, 138.2 ± 16.3, <0.0001. Waist circumference (cm), 84.6 ± 9.8, 99.8 ± 13.3, <0.0001. LDL-cholesterol (mmol/liter), 3.2 ± 0.9, 3.4 ± 1.0, 0.02 …","","https://scholar.google.com/scholar?q=related:3jO8afA4E78J:scholar.google.com/&scioq=%22waist+circumference%22+nigeria&hl=en&as_sdt=0,5&as_ylo=2011&as_yhi=2012&as_vis=1"
0,"S Manjunath","THE PARTIAL PURIFICATION OF H11 ANTIGEN FROM HUMAN BREAST CANCER",,"Inaugural Issue","Citeseer","http://citeseerx.ist.psu.edu/viewdoc/download?doi=10.1.1.680.2545&rep=rep1&type=pdf#page=27","",500,"2021-07-17 18:03:23","PDF","","","",,,,,0,0.00,0,1,,"… 2. Wang Z and Hoy WE, Waist circumference, Body mass index, Hip circumference and Waist-to-Hip ratio as predictors of cardiovascular … CE, Eezeanyika LUS, Daikwo MA and Amana R; Lipid profile of a population of diabetic patients attending Nigerian National Petroleum …","http://citeseerx.ist.psu.edu/viewdoc/download?doi=10.1.1.680.2545&rep=rep1&type=pdf#page=27","https://scholar.google.com/scholar?q=related:QzBJYEZkNUcJ:scholar.google.com/&scioq=%22waist+circumference%22+nigeria&hl=en&as_sdt=0,5&as_ylo=2011&as_yhi=2012&as_vis=1"
3,"F Fatmah, Y Nasution","Light physical activity increased body fat percentage in elderly Javanese",2011,"Universa Medicina","univmed.org","http://univmed.org/ejurnal/index.php/medicina/article/view/190","https://scholar.google.com/scholar?cites=12471461024596981614&as_sdt=2005&sciodt=0,5&hl=en",501,"2021-07-17 18:03:23","","","","",,,,,3,0.30,2,2,10,"… Female older persons have a higher BFP than males, due to the fact that accumulation of fat in males takes place in the upper body (waist circumference, waist/ hip ratio, subscapular/triceps) … Nutritional status of elderly in Asaba, Delta State, Nigeria. Pak J Nutr 2010;5:416-8. 13 …","https://univmed.org/ejurnal/index.php/medicina/article/download/190/161","https://scholar.google.com/scholar?q=related:bnc7qbmHE60J:scholar.google.com/&scioq=%22waist+circumference%22+nigeria&hl=en&as_sdt=0,5&as_ylo=2011&as_yhi=2012&as_vis=1"
8,"KN Maglo, LJ Martin","Researching vs. reifying race: the case of obesity research",2012,"Humana. Mente Journal of Philosophical …","humanamente.eu","https://www.humanamente.eu/index.php/HM/article/view/175","https://scholar.google.com/scholar?cites=369564622717420199&as_sdt=2005&sciodt=0,5&hl=en",502,"2021-07-17 18:03:23","","","","",,,,,8,0.89,4,2,9,"… with South Africa exhibiting the highest rates of obesity. Table 1: Prevalence of Obesity in Some African Populations Region Location Prevalence Study Adults Children (0–5) (6–18) W estern Africa Nigeria 8.8–12.5 5.2 0.3–5.7 …","https://www.humanamente.eu/index.php/HM/article/download/175/156","https://scholar.google.com/scholar?q=related:p4Kf-hD1IAUJ:scholar.google.com/&scioq=%22waist+circumference%22+nigeria&hl=en&as_sdt=0,5&as_ylo=2011&as_yhi=2012&as_vis=1"
0,"MO RAFIU","PREVALENCE AND CORRELATES OF CLINICAL NEPHROPATHY IN TYPE 2 DIABETIC PATIENTS IN ILORIN",2011,"Faculty of INTERNAL MEDICINE","dissertation.npmcn.edu.ng","http://www.dissertation.npmcn.edu.ng/index.php/FMCP/article/download/608/593","",503,"2021-07-17 18:03:23","PDF","","","",,,,,0,0.00,0,1,10,"… ILORIN. “A DISSERTATION SUBMITTED TO THE NATIONAL POSTGRADUATE MEDICAL COLLEGE OF NIGERIA IN PART FULFILMENT OF THE REQUIREMENTS FOR THE AWARD OF … University of Ilorin Teaching Hospital Ilorin, Kwara State Nigeria …","http://www.dissertation.npmcn.edu.ng/index.php/FMCP/article/download/608/593","https://scholar.google.com/scholar?q=related:DH49p0aL-9sJ:scholar.google.com/&scioq=%22waist+circumference%22+nigeria&hl=en&as_sdt=0,5&as_ylo=2011&as_yhi=2012&as_vis=1"
0,"K Richardson, Q Louie-Gao, DK Arnett, LD Parnell…","The PLIN4 Variant rs8887 Modulates Obesity Related Phenotypes in Humans through Creation of miR-522 Seed Site",2011,"","academia.edu","https://www.academia.edu/download/46277432/The_PLIN4_Variant_rs8887_Modulates_Obesi20160606-27750-1qcwx0q.pdf","",504,"2021-07-17 18:03:23","PDF","","","",,,,,0,0.00,0,5,10,"… To test for overall significance of association of PLIN4 SNPs with phenotypes of interest, we performed a meta-analysis that revealed significant associations between rs8887 and BMI (P= 0.002), weight (P= 0.017) and a nominal association with waist circumference (P=0.056 …","https://www.academia.edu/download/46277432/The_PLIN4_Variant_rs8887_Modulates_Obesi20160606-27750-1qcwx0q.pdf","https://scholar.google.com/scholar?q=related:pJj5_qrcLK8J:scholar.google.com/&scioq=%22waist+circumference%22+nigeria&hl=en&as_sdt=0,5&as_ylo=2011&as_yhi=2012&as_vis=1"
0,"AL Ronco, E De Stéfani","Energy and Related Factors",2012,"Nutritional Epidemiology of Breast Cancer","Springer","https://link.springer.com/chapter/10.1007/978-94-007-2397-9_2","",505,"2021-07-17 18:03:23","","10.1007/978-94-007-2397-9_2","","",,,,,0,0.00,0,2,9,"… Recently, waist-to-hip ratio was also associated with an increase of risk in premenopausal Nigerian [34] and Asian American women [35 … hormones, general obesity was a significant predictor of BC, while abdominal fat assessed as waist-hip ratio or waist circumference was not …","","https://scholar.google.com/scholar?q=related:EhK1AD6cGLkJ:scholar.google.com/&scioq=%22waist+circumference%22+nigeria&hl=en&as_sdt=0,5&as_ylo=2011&as_yhi=2012&as_vis=1"
101,"EA MacGregor, JD Rosenberg…","Sex‐related differences in epidemiological and clinic‐based headache studies",2011,"Headache: The Journal …","Wiley Online Library","https://headachejournal.onlinelibrary.wiley.com/doi/abs/10.1111/j.1526-4610.2011.01904.x","https://scholar.google.com/scholar?cites=14533570923930193234&as_sdt=2005&sciodt=0,5&hl=en",506,"2021-07-17 18:03:23","","10.1111/j.1526-4610.2011.01904.x","","",,,,,101,10.10,34,3,10,"(Headache 2011;51:843‐859) This manuscript discusses sex‐related differences in headache prevalence, the symptoms and natural history of migraine, associated disability, and co‐morbid disorders. Th...","","https://scholar.google.com/scholar?q=related:Ug3OzsCdsckJ:scholar.google.com/&scioq=%22waist+circumference%22+nigeria&hl=en&as_sdt=0,5&as_ylo=2011&as_yhi=2012&as_vis=1"
28,"P Alam","Nutritional status and eating practices among children aged 4-6 years old in selected urban and rural kindergarten in Selangor, Malaysia",2012,"Asian J. Clin. Nutr","apiycna.org","https://apiycna.org/wp-content/uploads/2014/01/MY_Abdul-Nutritional-status-of-children-in-kindergartens-2012.pdf","https://scholar.google.com/scholar?cites=10218444871737610891&as_sdt=2005&sciodt=0,5&hl=en",507,"2021-07-17 18:03:23","PDF","","","",,,,,28,3.11,28,1,9,"… (2009) found that 31.7% of children in western Nigeria were severely waster … (2011), found that most of the children in United Kingdom who have fast food outlets in their neighbourhoods were likely to have higher BMI, waist circumference and percentage of body fat compared …","https://apiycna.org/wp-content/uploads/2014/01/MY_Abdul-Nutritional-status-of-children-in-kindergartens-2012.pdf","https://scholar.google.com/scholar?q=related:ixLVoHg1z40J:scholar.google.com/&scioq=%22waist+circumference%22+nigeria&hl=en&as_sdt=0,5&as_ylo=2011&as_yhi=2012&as_vis=1"
12,"S Datta Banik","Nutritional status adiposity and body composition of Oraon and Sarak females in Ranchi District, India—a comparison",2011,"Ecology of food and nutrition","Taylor & Francis","https://www.tandfonline.com/doi/abs/10.1080/03670244.2011.539160","https://scholar.google.com/scholar?cites=6739116358182235364&as_sdt=2005&sciodt=0,5&hl=en",508,"2021-07-17 18:03:23","","10.1080/03670244.2011.539160","","",,,,,12,1.20,12,1,10,"… (1995). Nutritional status of some groups in Ethiopia (Alemu and Tindtjorm 1997) and Nigeria (Uthman 2009) however, reflect better scenarios. In Nigeria, frequencies of overweight (14.3%) and obesity (5.5%) are also not negligible (Uthman 2009) …","","https://scholar.google.com/scholar?q=related:5Ox5VZ8mhl0J:scholar.google.com/&scioq=%22waist+circumference%22+nigeria&hl=en&as_sdt=0,5&as_ylo=2011&as_yhi=2012&as_vis=1"
0,"KM Aakre, J Watine, PS Bunting…","TO WHAT EXTENT ARE CURRENT RECOMMENDATIONS ABOUT SELF MONITORING OF BLOOD GLUCOSE IN NON INSULIN DIABETES PATIENTS USING THE …",2011,"CLINICAL …","degruyter.com","https://www.degruyter.com/document/doi/10.1515/cclm.2011.510/html","",509,"2021-07-17 18:03:23","","10.1515/cclm.2011.510","","",,,,,0,0.00,0,4,10,"… Results.In comparison to females, males were older, had higher BMI and waist circumference, higher triglycerides and glucose levels and lower HDL. Males had significantly more often high blood pressure. Age accounted for the differences in glucose levels and HDL …","",""
33,"S Shobana, A Kokila, N Lakshmipriya…","Glycaemic index of three Indian rice varieties",2012,"… journal of food …","Taylor & Francis","https://www.tandfonline.com/doi/abs/10.3109/09637486.2011.615300","https://scholar.google.com/scholar?cites=998872341462729944&as_sdt=2005&sciodt=0,5&hl=en",510,"2021-07-17 18:03:23","","10.3109/09637486.2011.615300","","",,,,,33,3.67,8,4,9,"… Anthropometric measurements including height, weight and waist circumference were taken in the fasting state using standardized techniques as described elsewhere (Deepa et al. 2003) … Body fat (%), 16.6 ± 7.6. Waist circumference (cm), 72.6 ± 6.3 …","","https://scholar.google.com/scholar?q=related:2ETZMBq13A0J:scholar.google.com/&scioq=%22waist+circumference%22+nigeria&hl=en&as_sdt=0,5&as_ylo=2011&as_yhi=2012&as_vis=1"
32,"DJ Corsi, JE Finlay, SV Subramanian","Weight of communities: a multilevel analysis of body mass index in 32,814 neighborhoods in 57 low-to middle-income countries (LMICs)",2012,"Social science & medicine","Elsevier","https://www.sciencedirect.com/science/article/pii/S0277953612001852","https://scholar.google.com/scholar?cites=10490523297384656933&as_sdt=2005&sciodt=0,5&hl=en",511,"2021-07-17 18:03:23","","","","",,,,,32,3.56,11,3,9,"… Moldova, 2005, 5709, 400, 26.0, 5.8. Morocco, 2003–4, 12,713, 480, 24.8, 4.6. Nicaragua, 2001, 9098, 610, 26.2, 5.1. Nigeria, 2008, 23,063, 886, 22.9, 4.5. Senegal, 2005, 3059, 376, 22.9, 4.7. Swaziland, 2006, 3412, 274, 27.5, 6.0. Uzbekistan, 1996, 3182, 168, 23.5, 4.2. Upper …","","https://scholar.google.com/scholar?q=related:JXCSmFvTlZEJ:scholar.google.com/&scioq=%22waist+circumference%22+nigeria&hl=en&as_sdt=0,5&as_ylo=2011&as_yhi=2012&as_vis=1"
0,"LC Plaza Galarza","Desmedro, sobrepeso/obesidad y composición corporal en escolares de la Ciudad de Riobamba. 2012",2012,"","dspace.espoch.edu.ec","http://dspace.espoch.edu.ec/handle/123456789/3963","",512,"2021-07-17 18:03:23","","","","",,,,,0,0.00,0,1,9,"… with stunting, overweight / obesity than in controls. Average waist circumference 76.51 cm for children / as without the expense and 83.53 cm for children / as with the expense (p = <0.0001) … y privadas en la capital del estado en la región Sur de Nigeria. Page 20. 11 …","http://dspace.espoch.edu.ec/bitstream/123456789/3963/1/20T00451.pdf","https://scholar.google.com/scholar?q=related:Gc_iRAB-sEUJ:scholar.google.com/&scioq=%22waist+circumference%22+nigeria&hl=en&as_sdt=0,5&as_ylo=2011&as_yhi=2012&as_vis=1"
0,"ATIC RISK","e140 Journal of Hypertension Vol 30, e-Supplement 1, Month 2012",2012,"The Future of Cardiovascular Protection","researchgate.net","https://www.researchgate.net/profile/Enkhjargal-Tserennadmid/publication/257069721_Salt_intake_and_sources_of_salt_in_the_diet_in_Ulaanbaatar_city_Mongolia/links/5e43453192851c7f7f30af98/Salt-intake-and-sources-of-salt-in-the-diet-in-Ulaanbaatar-city-Mongolia.pdf#page=146","",513,"2021-07-17 18:03:23","PDF","","","",,,,,0,0.00,0,1,9,"… mmHg were associated with in- creased age, male sex, waist circumference, and log … LATER NOT MUCH TO OFFER THE PATIENTS IN A NIGERIAN HOSPITAL, REPORT … 1Jos University Teaching Hospital, Jos, Nigeria Endomyocardial fibrosis an obliterative cardiomyopathy …","https://www.researchgate.net/profile/Enkhjargal-Tserennadmid/publication/257069721_Salt_intake_and_sources_of_salt_in_the_diet_in_Ulaanbaatar_city_Mongolia/links/5e43453192851c7f7f30af98/Salt-intake-and-sources-of-salt-in-the-diet-in-Ulaanbaatar-city-Mongolia.pdf#page=146","https://scholar.google.com/scholar?q=related:N96vpljUx5kJ:scholar.google.com/&scioq=%22waist+circumference%22+nigeria&hl=en&as_sdt=0,5&as_ylo=2011&as_yhi=2012&as_vis=1"
16,"E Al-Jaaly, M Lawson…","Overweight and its determinants in adolescent girls in Saudi Arabia",2011,"International Journal of …","search.proquest.com","https://search.proquest.com/openview/5eb561ea7648435222fbf7396bd20151/1?pq-origsite=gscholar&cbl=2041230","https://scholar.google.com/scholar?cites=5302454375188555229&as_sdt=2005&sciodt=0,5&hl=en",514,"2021-07-17 18:03:23","","","","",,,,,16,1.60,5,3,10,"… K., Shoukkri, M. & AL- Mohanna, FA (2010): Sugar- sweetened carbonated beverage consumption correlates with BMI, waist circumference, and poor … J., Wuam, S., (2010): Growth status and menar- cheal age among adolescent school girls in Wannune, Benue State, Nigeria …","","https://scholar.google.com/scholar?q=related:3WXUHikalkkJ:scholar.google.com/&scioq=%22waist+circumference%22+nigeria&hl=en&as_sdt=0,5&as_ylo=2011&as_yhi=2012&as_vis=1"
816,"N Gupta, K Goel, P Shah, A Misra","Childhood obesity in developing countries: epidemiology, determinants, and prevention",2012,"Endocrine reviews","academic.oup.com","https://academic.oup.com/edrv/article-abstract/33/1/48/2354800","https://scholar.google.com/scholar?cites=8732336288986688506&as_sdt=2005&sciodt=0,5&hl=en",515,"2021-07-17 18:03:23","","","","",,,,,816,90.67,204,4,9,"Rapidly changing dietary practices and a sedentary lifestyle have led to increasing prevalence of childhood obesity (5–19 yr) in developing countries recently:","https://academic.oup.com/edrv/article/33/1/48/2354800","https://scholar.google.com/scholar?q=related:-utNxJZ9L3kJ:scholar.google.com/&scioq=%22waist+circumference%22+nigeria&hl=en&as_sdt=0,5&as_ylo=2011&as_yhi=2012&as_vis=1"
18,"A Moafi, S Rahgozar, M Ghias","A study on body mass index, blood pressure, and red blood cell indices in new entering students of the University of Isfahan",2011,"International journal of …","ncbi.nlm.nih.gov","https://www.ncbi.nlm.nih.gov/pmc/articles/pmc3237273/","https://scholar.google.com/scholar?cites=4423121638766579622&as_sdt=2005&sciodt=0,5&hl=en",516,"2021-07-17 18:03:23","HTML","","","",,,,,18,1.80,6,3,10,"… Bose K, Ghosh A, Roy S, Gangopadhyay S. The relationship of age, body mass index and waist circumference with blood pressure in Bengalee Hindu male jute mill … Assessment of body mass index and blood pressure among university students in, Enugu, South East, Nigeria …","https://www.ncbi.nlm.nih.gov/pmc/articles/pmc3237273/","https://scholar.google.com/scholar?q=related:po8GHbIVYj0J:scholar.google.com/&scioq=%22waist+circumference%22+nigeria&hl=en&as_sdt=0,5&as_ylo=2011&as_yhi=2012&as_vis=1"
10,"H Mei, TK Rice, D Gu, JE Hixson, CE Jaquish…","Genetic correlation of blood pressure responses to dietary sodium and potassium intervention and cold pressor test in Chinese population",2011,"Journal of human …","nature.com","https://www.nature.com/articles/jhh201088","https://scholar.google.com/scholar?cites=82988270309242499&as_sdt=2005&sciodt=0,5&hl=en",517,"2021-07-17 18:03:23","HTML","","","",,,,,10,1.00,2,6,10,"We examined the genetic association between blood pressure (BP) responses to dietary sodium and potassium intervention and to cold pressor test (CPT) in a large family-based dietary feeding study. The dietary intervention and CPT were conducted among 1906 participants in …","https://www.nature.com/articles/jhh201088","https://scholar.google.com/scholar?q=related:g3ZOZGTVJgEJ:scholar.google.com/&scioq=%22waist+circumference%22+nigeria&hl=en&as_sdt=0,5&as_ylo=2011&as_yhi=2012&as_vis=1"
8,"A Prabhat, K Begum","Food consumption pattern and nutritional status of women laborers from coastal areas of Karnataka",2012,"National Journal of Community Medicine","njcmindia.org","http://njcmindia.org/uploads/3-2_321-325.pdf","https://scholar.google.com/scholar?cites=16877211806501192968&as_sdt=2005&sciodt=0,5&hl=en",518,"2021-07-17 18:03:23","PDF","","","",,,,,8,0.89,4,2,9,"… The equipment used were fiber glass tape to measure height, MUAC, hip and waist circumference and a glass electronic personal scale- PS … Nutritional vulnerability, Food habit and anthropometrics indices of the elderly in southwest of Nigeria.West African Journal of Foods and …","http://njcmindia.org/uploads/3-2_321-325.pdf","https://scholar.google.com/scholar?q=related:CEWI_bfmN-oJ:scholar.google.com/&scioq=%22waist+circumference%22+nigeria&hl=en&as_sdt=0,5&as_ylo=2011&as_yhi=2012&as_vis=1"
1,"EA Sharif, N Rizk","The prevalence of vitamin d deficiency among females student at qatar university",2011,"","qspace.qu.edu.qa","http://qspace.qu.edu.qa/handle/10576/4856","https://scholar.google.com/scholar?cites=3609187906511325401&as_sdt=2005&sciodt=0,5&hl=en",519,"2021-07-17 18:03:23","","","","",,,,,1,0.10,1,2,10,"… JJ Jonsson (Iceland) P. Mocarelli (Italy) M. Plebani (Italy) T. Nobori (Japan) YY Bilto (Jordan) JQ Kim (Korea) OH Kwon (Korea) G. Gilson (Luxemburg) JF Muñoz Valle (Mexico) D. Popovic (Montenegro) DW Swinkels (The Netherlands) MA Charles-Davies (Nigeria) AL Biorke …","https://qspace.qu.edu.qa/bitstream/handle/10576/4856/abstract_book.pdf?sequence=1&isAllowed=y","https://scholar.google.com/scholar?q=related:2Ug-V0dpFjIJ:scholar.google.com/&scioq=%22waist+circumference%22+nigeria&hl=en&as_sdt=0,5&as_ylo=2011&as_yhi=2012&as_vis=1"
17,"CP Karunanayake, DC Rennie, P Pahwa…","Predictors of respiratory symptoms in a rural Canadian population: A longitudinal study of respiratory health",2011,"Canadian respiratory …","hindawi.com","https://www.hindawi.com/journals/crj/2011/838703/","https://scholar.google.com/scholar?cites=15842450715892315242&as_sdt=2005&sciodt=0,5&hl=en",520,"2021-07-17 18:03:23","","","","",,,,,17,1.70,4,4,10,"… 17. Chen Y, Rennie DC, Cormier Y, Dosman J. Sex specificity of asthma associated with objectively measured body mass index and waist circumference: The Humboldt Study … Prevalence of respiratory symptoms among wheat flour mill workers in Ibadan, Nigeria …","https://downloads.hindawi.com/journals/crj/2011/838703.pdf","https://scholar.google.com/scholar?q=related:avRkPP2w29sJ:scholar.google.com/&scioq=%22waist+circumference%22+nigeria&hl=en&as_sdt=0,5&as_ylo=2011&as_yhi=2012&as_vis=1"
12,"EP Kahumoku, AT Vazsonyi, K Pagava…","Objectified body consciousness and mental health in female adolescents: Cross-cultural evidence from Georgian and Swiss national samples",2011,"Journal of adolescent …","Elsevier","https://www.sciencedirect.com/science/article/pii/S1054139X10005215","https://scholar.google.com/scholar?cites=6843888016003931510&as_sdt=2005&sciodt=0,5&hl=en",521,"2021-07-17 18:03:23","","","","",,,,,12,1.20,3,4,10,"… However, we find an almost exclusive focus in published work on levels of OBC that were compared across Western (Australian, British, Italian, and United States) and non-Western countries (Nigeria, Nepal [14], [15], [16], [21]) …","https://www.researchgate.net/profile/Emily-Fessler/publication/221677556_Kahumoku_E_P_Vazsonyi_A_T_Phagava_A_Pagava_H_Alsaker_F_D_Michaud_P-A_2011_Objectified_Body_Consciousness_and_Mental_Health_Cross-Cultural_Evidence_from_Georgian_and_Swiss_National_Samples_Journal_of_A/links/5cef4d814585153c3da54b16/Kahumoku-E-P-Vazsonyi-A-T-Phagava-A-Pagava-H-Alsaker-F-D-Michaud-P-A-2011-Objectified-Body-Consciousness-and-Mental-Health-Cross-Cultural-Evidence-from-Georgian-and-Swiss-National-Samples.pdf","https://scholar.google.com/scholar?q=related:dp133ONf-l4J:scholar.google.com/&scioq=%22waist+circumference%22+nigeria&hl=en&as_sdt=0,5&as_ylo=2011&as_yhi=2012&as_vis=1"
0,"AFCA Gomes","Obesity and diabetes in Mozambique: the double burden of disease in a resource poor country.",2011,"","repositorio-aberto.up.pt","https://repositorio-aberto.up.pt/bitstream/10216/55404/2/Tese%20de%20Mestrado%20em%20EpidemiologiaObesity%20and%20Diabetes%20in%20MozambiqueAndre%20Amaral%20Gomes.pdf","",522,"2021-07-17 18:03:23","PDF","","","",,,,,0,0.00,0,1,10,"… Recent AHA/NHLBI guidelines for metabolic syndrome recognize an increased risk for CVD and diabetes at waist-circumference thresholds of ≥ 94 cm in men and ≥ 80 cm in women and … Africa as a whole, however in certain countries, such as Nigeria, Ghana, Algeria and …","https://repositorio-aberto.up.pt/bitstream/10216/55404/2/Tese%20de%20Mestrado%20em%20EpidemiologiaObesity%20and%20Diabetes%20in%20MozambiqueAndre%20Amaral%20Gomes.pdf","https://scholar.google.com/scholar?q=related:QHUa5gkchiMJ:scholar.google.com/&scioq=%22waist+circumference%22+nigeria&hl=en&as_sdt=0,5&as_ylo=2011&as_yhi=2012&as_vis=1"
21,"AL Longo, FB Lepira, EK Sumaili…","Prevalence of low estimated glomerular filtration rate, proteinuria, and associated risk factors among HIV-infected black patients using Cockroft–Gault and modification …",2012,"JAIDS Journal of …","journals.lww.com","https://journals.lww.com/jaids/fulltext/2012/01010/Prevalence_of_Low_Estimated_Glomerular_Filtration.9.aspx","https://scholar.google.com/scholar?cites=5953282984583027250&as_sdt=2005&sciodt=0,5&hl=en",523,"2021-07-17 18:03:23","","","","",,,,,21,2.33,5,4,9,"Objective To evaluate the prevalence of low estimated glomerular filtration rate (eGFR), proteinur.","https://www.researchgate.net/profile/Ernest-Sumaili-2/publication/51651041_Prevalence_of_Low_Estimated_Glomerular_Filtration_Rate_Proteinuria_and_Associated_Risk_Factors_Among_HIV-Infected_Black_Patients_Using_Cockroft-Gault_and_Modification_of_Diet_in_Renal_Disease_Study_Eq/links/5ddf755a299bf10bc32bb7cd/Prevalence-of-Low-Estimated-Glomerular-Filtration-Rate-Proteinuria-and-Associated-Risk-Factors-Among-HIV-Infected-Black-Patients-Using-Cockroft-Gault-and-Modification-of-Diet-in-Renal-Disease-Study.pdf","https://scholar.google.com/scholar?q=related:MtpyJ1VPnlIJ:scholar.google.com/&scioq=%22waist+circumference%22+nigeria&hl=en&as_sdt=0,5&as_ylo=2011&as_yhi=2012&as_vis=1"
2,"A Liu","Body composition and its relationship to metabolic risk factors in Asian children",2011,"","eprints.qut.edu.au","https://eprints.qut.edu.au/47432","https://scholar.google.com/scholar?cites=7242637133662291560&as_sdt=2005&sciodt=0,5&hl=en",524,"2021-07-17 18:03:23","","","","",,,,,2,0.20,2,1,10,"… 126 3.2 ETHNIC DIFFERENCES IN SUBCUTANEOUS ADIPOSITY AND WAIST CIRCUMFERENCE IN ASIAN PRE-PUBERTAL CHILDREN..... 133 … Liu A, Hills AP, Hu X, Li Y, Du L, Xu Y, Byrne NM, Ma G (2010). Waist circumference …","https://eprints.qut.edu.au/47432/1/Ailing_Liu_Thesis.pdf","https://scholar.google.com/scholar?q=related:aIb-lBkEg2QJ:scholar.google.com/&scioq=%22waist+circumference%22+nigeria&hl=en&as_sdt=0,5&as_ylo=2011&as_yhi=2012&as_vis=1"
33,"MG Knight, JH Goedecke, M Ricks, J Evans…","The TG/HDL-C ratio does not predict insulin resistance in overweight women of African descent: a study of South African, African American and West African …",2011,"Ethnicity and …","academia.edu","https://www.academia.edu/download/46506273/The_TGHDL-C_ratio_does_not_predict_insul20160615-3421-1cz82ia.pdf","https://scholar.google.com/scholar?cites=9125882900593894037&as_sdt=2005&sciodt=0,5&hl=en",525,"2021-07-17 18:03:23","PDF","","","",,,,,33,3.30,7,5,10,"… Howard University; Ghana: University of Ghana Medical School, Accra, and University of Science and Technology, Kumasi; Nigeria: Univer- sity of Nigeria Teaching Hospital … Waist circumference, BMI, and visceral adi- pose tissue in White women and women of African descent …","https://www.academia.edu/download/46506273/The_TGHDL-C_ratio_does_not_predict_insul20160615-3421-1cz82ia.pdf","https://scholar.google.com/scholar?q=related:leK1pyWmpX4J:scholar.google.com/&scioq=%22waist+circumference%22+nigeria&hl=en&as_sdt=0,5&as_ylo=2011&as_yhi=2012&as_vis=1"
48,"J Díaz, O Espinoza-Navarro","Determinación del porcentaje de masa grasa, según mediciones de perímetros corporales, peso y talla: un estudio de validación",2012,"International Journal of Morphology","scielo.conicyt.cl","https://scielo.conicyt.cl/scielo.php?pid=S0717-95022012000400054&script=sci_arttext","https://scholar.google.com/scholar?cites=4197518036494063618&as_sdt=2005&sciodt=0,5&hl=en",526,"2021-07-17 18:03:23","HTML","","","",,,,,48,5.33,24,2,9,"… Int. J. Morphol., 27 (4):1313-8, 2009. [ Links ]. Flegal, K.; Shepered, J.; Looker, A.; Graubard, B.; Borrud, L.; Ogden, C. et al. Comparisons of percentage body fat, body mass index, waist circumference, and waist-stature ratio in adults. Am. J. Clin. Nutr., 89(2):500-8, 2009. [ Links ] …","https://scielo.conicyt.cl/scielo.php?pid=S0717-95022012000400054&script=sci_arttext","https://scholar.google.com/scholar?q=related:AhiGL2qUQDoJ:scholar.google.com/&scioq=%22waist+circumference%22+nigeria&hl=en&as_sdt=0,5&as_ylo=2011&as_yhi=2012&as_vis=1"
32,"VK Moselakgomo, AL Toriola, BS Shaw…","Body mass index, overweight, and blood pressure among adolescent schoolchildren in Limpopo province, South Africa",2012,"Revista Paulista de …","SciELO Brasil","https://www.scielo.br/j/rpp/a/5KrTb5wdwskmHqJ8QzC596q/abstract/?format=html&lang=en","https://scholar.google.com/scholar?cites=8121100659344438963&as_sdt=2005&sciodt=0,5&hl=en",527,"2021-07-17 18:03:23","","","","",,,,,32,3.56,8,4,9,"… that regional difference exists in the BP among paediatric and adult populations from various geographic areas of the world – India, US, China, and Nigeria(11,38-42) … Similar RHR values have been reported for South African(46) and Nigerian(47) children of comparable age …","https://www.scielo.br/j/rpp/a/5KrTb5wdwskmHqJ8QzC596q/?format=pdf&lang=en","https://scholar.google.com/scholar?q=related:s3ZqsQXys3AJ:scholar.google.com/&scioq=%22waist+circumference%22+nigeria&hl=en&as_sdt=0,5&as_ylo=2011&as_yhi=2012&as_vis=1"
0,"W Muna, H Ba, A Menanga, C Kouam Kouam, J Abah…","Prevalence, awareness, treatment and control of hypertension in a self-selected sub-Saharan African urban population: A cross-sectional study",,"researchgate.net","","https://www.researchgate.net/profile/Charles-Kouam/publication/294019256_Author%27s_manuscript/links/56c82d5d08ae96cdd0690053/Authors-manuscript.pdf","",528,"2021-07-17 18:03:23","PDF","","","",,,,,0,0.00,0,6,,"… wooden platform and a height rule. Body mass index (BMI in kg/m2) was calculated as weight (kg)/[height (m) X height (m)]. Waist circumference was measured midway between … individuals with diabetes. Waist circumference >94 cm in men or 80 cm in women was …","https://www.researchgate.net/profile/Charles-Kouam/publication/294019256_Author%27s_manuscript/links/56c82d5d08ae96cdd0690053/Authors-manuscript.pdf","https://scholar.google.com/scholar?q=related:OoDdM9-zCv8J:scholar.google.com/&scioq=%22waist+circumference%22+nigeria&hl=en&as_sdt=0,5&as_ylo=2011&as_yhi=2012&as_vis=1"
0,"A Fortes Almeida…","Razão TG/HDL-c, indicadores antropométricos e bioquímicos de risco cardiovascular no renal crônico em tratamento conservador",2012,"Razão TG/HDL-c …","revista.nutricion.org","https://revista.nutricion.org/PDF/NUTRICION-37-4_(3).pdf#page=10","",529,"2021-07-17 18:03:23","PDF","","","",,,,,0,0.00,0,2,9,"… The association between the ratio of triglyceride to HDL-C and insulin resistance according to waist circumference in a rural Korean population … 22. Akpan EE, Ekrikpo UE, Effa EE, Udo AI, Kadiri S. Assessment of dyslipidemia in pre-dialysis patients in south-west Nigeria …","https://revista.nutricion.org/PDF/NUTRICION-37-4_(3).pdf#page=10","https://scholar.google.com/scholar?q=related:H-E6Zk6wnSIJ:scholar.google.com/&scioq=%22waist+circumference%22+nigeria&hl=en&as_sdt=0,5&as_ylo=2011&as_yhi=2012&as_vis=1"
1,"D Periš, M Miškulin, D Šincek","The connection between the socio-economic status and the body mass index of retired women from Osijek-Baranja County",2012,"Medica Jadertina","hrcak.srce.hr","https://hrcak.srce.hr/index.php?id_clanak_jezik=140577&show=clanak","https://scholar.google.com/scholar?cites=12127187568080301512&as_sdt=2005&sciodt=0,5&hl=en",530,"2021-07-17 18:03:23","","","","",,,,,1,0.11,0,3,9,"… 40,0 kg/m2 0 0 Opseg struka Waist circumference ≤ 88 cm 12 (24,5%) 19 (48,7%) > 88 cm … Dtsch Arztebl Int. 2010;107:1-7. 14. Mbada CE, Adedoyin RA, Ayanniyi O. Socio- economic status and obesity among semi-urban Nigerians. Obes Facts. 2009;2:356-61. 15 …","https://hrcak.srce.hr/file/140576","https://scholar.google.com/scholar?q=related:yK31L9dsTKgJ:scholar.google.com/&scioq=%22waist+circumference%22+nigeria&hl=en&as_sdt=0,5&as_ylo=2011&as_yhi=2012&as_vis=1"
1,"D Periš, M Miškulin, D Šincek","Povezanost socio-ekonomskog statusa i indeksa tjelesne mase umirovljenica s područja Osječko-Baranjske županije",2012,"Med Jad","researchgate.net","https://www.researchgate.net/profile/Danijela-Peris/publication/235700219_Povezanost_socio-ekonomskog_statusa_i_indeksa_tjelesne_mase_umirovljenica_s_podrucja_Osjecko-Baranjske_zupanije_The_connection_between_the_socio-economic_status_and_the_body_mass_index_of_retired_wome/links/02bfe512b8b74b29c6000000/Povezanost-socio-ekonomskog-statusa-i-indeksa-tjelesne-mase-umirovljenica-s-podrucja-Osjecko-Baranjske-zupanije-The-connection-between-the-socio-economic-status-and-the-body-mass-index-of-retired-wome.pdf","https://scholar.google.com/scholar?cites=13948972687159399354&as_sdt=2005&sciodt=0,5&hl=en",531,"2021-07-17 18:03:23","PDF","","","",,,,,1,0.11,0,3,9,"… 40,0 kg/m2 0 0 Opseg struka Waist circumference ≤ 88 cm 12 (24,5%) 19 (48,7%) > 88 cm … Dtsch Arztebl Int. 2010;107:1-7. 14. Mbada CE, Adedoyin RA, Ayanniyi O. Socio- economic status and obesity among semi-urban Nigerians. Obes Facts. 2009;2:356-61. 15 …","https://www.researchgate.net/profile/Danijela-Peris/publication/235700219_Povezanost_socio-ekonomskog_statusa_i_indeksa_tjelesne_mase_umirovljenica_s_podrucja_Osjecko-Baranjske_zupanije_The_connection_between_the_socio-economic_status_and_the_body_mass_index_of_retired_wome/links/02bfe512b8b74b29c6000000/Povezanost-socio-ekonomskog-statusa-i-indeksa-tjelesne-mase-umirovljenica-s-podrucja-Osjecko-Baranjske-zupanije-The-connection-between-the-socio-economic-status-and-the-body-mass-index-of-retired-wome.pdf","https://scholar.google.com/scholar?q=related:uhPDD8G0lMEJ:scholar.google.com/&scioq=%22waist+circumference%22+nigeria&hl=en&as_sdt=0,5&as_ylo=2011&as_yhi=2012&as_vis=1"
38,"P Padrão, A Damasceno, C Silva-Matos…","Alcohol consumption in Mozambique: regular consumption, weekly pattern and binge drinking",2011,"Drug and alcohol …","Elsevier","https://www.sciencedirect.com/science/article/pii/S0376871610003649","https://scholar.google.com/scholar?cites=4740854260929391432&as_sdt=2005&sciodt=0,5&hl=en",532,"2021-07-17 18:03:23","","","","",,,,,38,3.80,10,4,10,"JavaScript is disabled on your browser. Please enable JavaScript to use all the features on this page. Skip to main content Skip to article …","","https://scholar.google.com/scholar?q=related:SOuXCtXlykEJ:scholar.google.com/&scioq=%22waist+circumference%22+nigeria&hl=en&as_sdt=0,5&as_ylo=2011&as_yhi=2012&as_vis=1"
0,"J Newcomer","Physical illness in patients with severe mental disorders. II. Barriers to care, monitoring and treatment guidel...",2011,"World Psychiatry","academia.edu","https://www.academia.edu/download/45042243/Physical_illness_in_patients_with_severe20160424-3904-hx1g9a.pdf","",533,"2021-07-17 18:03:23","PDF","","","",,,,,0,0.00,0,1,10,"… Louis, MO, USA; 11Faculty of Medicine, Nnamdi Azikiwe University, Nnewi Campus, Nigeria; 12Department of Psychiatry and Psychotherapy, Technische Universität München … Table 2 Ethnicity-specific cutoff values of waist circumference indicating abdominal obesity (see 57-62 …","https://www.academia.edu/download/45042243/Physical_illness_in_patients_with_severe20160424-3904-hx1g9a.pdf","https://scholar.google.com/scholar?q=related:zuOIr9lLRdoJ:scholar.google.com/&scioq=%22waist+circumference%22+nigeria&hl=en&as_sdt=0,5&as_ylo=2011&as_yhi=2012&as_vis=1"
9,"AB Bhavanani, G Dayanidy, Z Sanjay…","Effect of yoga therapy on reaction time, biochemical parameters and wellness score of peri and post-menopausal diabetic patients",2012,"International journal of …","ijoy.org.in","https://www.ijoy.org.in/article.asp?issn=0973-6131;year=2012;volume=5;issue=1;spage=10;epage=15;aulast=Madanmohan","https://scholar.google.com/scholar?cites=1450459085423678600&as_sdt=2005&sciodt=0,5&hl=en",534,"2021-07-17 18:03:23","HTML","","","",,,,,9,1.00,2,4,9,"… [7] Long-term yoga practice is associated with increased insulin sensitivity and attenuation of negative relationship between body weight or waist circumference and insulin sensitivity … The effects of menopause on the serum lipid profile of normal females of South East Nigeria …","https://www.ijoy.org.in/article.asp?issn=0973-6131;year=2012;volume=5;issue=1;spage=10;epage=15;aulast=Madanmohan","https://scholar.google.com/scholar?q=related:iJTqc9oQIRQJ:scholar.google.com/&scioq=%22waist+circumference%22+nigeria&hl=en&as_sdt=0,5&as_ylo=2011&as_yhi=2012&as_vis=1"
0,"J Bindal, N Singh","Role of Obesity in Menopause",,"Age (years)","216.10.240.19","http://216.10.240.19/v6-i4/6%20jmscr.pdf","",535,"2021-07-17 18:03:23","PDF","","","",,,,,0,0.00,0,2,,"… (f) Anthropometry and clinical assessment: Height, weight, hip, and waist circumference were measured in a standardized manner … 2008;137:10–6. 16. Adewuyi TD, Akinade FE. Perception and attitudes of Nigerian women towards menopause. ProcediaSocBehav Sci …","http://216.10.240.19/v6-i4/6%20jmscr.pdf","https://scholar.google.com/scholar?q=related:V5SfTUOVsbAJ:scholar.google.com/&scioq=%22waist+circumference%22+nigeria&hl=en&as_sdt=0,5&as_ylo=2011&as_yhi=2012&as_vis=1"
0,"MA Suter, KM Aagaard-Tillery","Maternal diet and nutritional status and risk of obesity in the child: the role of epigenetic mechanisms",2012,"Maternal Obesity","books.google.com","https://books.google.com/books?hl=en&lr=&id=ryRVNg36KkcC&oi=fnd&pg=PA135&dq=%22waist+circumference%22+nigeria&ots=5Db_l3CaW5&sig=O90jibX3_jew9r1HUfUinwY62a4","",536,"2021-07-17 18:03:23","","","","",,,,,0,0.00,0,2,9,"… to famine in Nigeria. Famine struck millions of Biafran peoples during the Nigerian Civil War (1967-1970). Forty years following the famine, individuals exposed to the famine prenatally are showing hypertension, impaired glucose tolerance, increased waist circumference, and …","","https://scholar.google.com/scholar?q=related:dCuBOyxjEdgJ:scholar.google.com/&scioq=%22waist+circumference%22+nigeria&hl=en&as_sdt=0,5&as_ylo=2011&as_yhi=2012&as_vis=1"
38,"P Sorokowski, A Sorokowska","Judgments of sexual attractiveness: A study of the Yali tribe in Papua",2012,"Archives of Sexual Behavior","Springer","https://link.springer.com/article/10.1007/s10508-012-9906-x","https://scholar.google.com/scholar?cites=16433886593972967467&as_sdt=2005&sciodt=0,5&hl=en",537,"2021-07-17 18:03:23","HTML","10.1007/s10508-012-9906-x","","",,,,,38,4.22,19,2,9,"… However, the majority of participants originated from urban areas within their respective countries—still, the preferences for high LBR seemed not to be directly related to contact with Western culture (as Nigerians and Georgians preferred higher LBR than Britons and Canadians …","https://link.springer.com/article/10.1007/s10508-012-9906-x","https://scholar.google.com/scholar?q=related:KxjQaMnkEOQJ:scholar.google.com/&scioq=%22waist+circumference%22+nigeria&hl=en&as_sdt=0,5&as_ylo=2011&as_yhi=2012&as_vis=1"
0,"N Gupta, K Goel, A Misra","Childhood Obesity in Developing Countries: Facets of Abnormal Growth",2012,"Handbook of Growth and Growth Monitoring in …","Springer","https://link.springer.com/chapter/10.1007/978-1-4419-1795-9_89","",538,"2021-07-17 18:03:23","","10.1007/978-1-4419-1795-9_89","","",,,,,0,0.00,0,3,9,"… Type 2 diabetes mellitus. WC Waist circumference. WHO … Most developing countries, including Bolivia, Croatia, Dominican Republic, Egypt, Ghana, Nigeria, Peru, and Senegal, recorded a rising trend in overweight prevalence in preschool children (de Onis and Blossner, 2000) …","","https://scholar.google.com/scholar?q=related:7Dug2Z9A9AAJ:scholar.google.com/&scioq=%22waist+circumference%22+nigeria&hl=en&as_sdt=0,5&as_ylo=2011&as_yhi=2012&as_vis=1"
0,"IU EZEANI","PATTERN OF PRESENTATION AND OUTCOME OF HYPERGLYCAEMIC EMERGENCIES IN THE UNIVERSITY OF BENIN TEACHING HOSPITAL BENIN CITY",2012,"Faculty of INTERNAL MEDICINE","dissertation.npmcn.edu.ng","http://www.dissertation.npmcn.edu.ng/index.php/FMCP/article/download/699/505","",539,"2021-07-17 18:03:23","PDF","","","",,,,,0,0.00,0,1,9,"… BENIN CITY. BEING A DISSERTATION SUBMITTED TO THE NATIONAL POSTGRADUATE MEDICAL COLLEGE OF NIGERIA IN PARTIAL FULFILMENT OF THE REQUIREMENTS FOR … University of Benin Teaching Hospital Benin City, Nigeria. Page 5. v ATTESTATION …","http://www.dissertation.npmcn.edu.ng/index.php/FMCP/article/download/699/505","https://scholar.google.com/scholar?q=related:y0c-hSgfReQJ:scholar.google.com/&scioq=%22waist+circumference%22+nigeria&hl=en&as_sdt=0,5&as_ylo=2011&as_yhi=2012&as_vis=1"
21,"S El Shamieh, B Herbeth, M Azimi-Nezhad…","Human formyl peptide receptor 1 C32T SNP interacts with age and is associated with blood pressure levels",2012,"Clinica chimica acta","Elsevier","https://www.sciencedirect.com/science/article/pii/S0009898110007230","https://scholar.google.com/scholar?cites=5425418709093301418&as_sdt=2005&sciodt=0,5&hl=en",540,"2021-07-17 18:03:23","","","","",,,,,21,2.33,5,4,9,"JavaScript is disabled on your browser. Please enable JavaScript to use all the features on this page. Skip to main content Skip to article …","","https://scholar.google.com/scholar?q=related:qrxDIZL1SksJ:scholar.google.com/&scioq=%22waist+circumference%22+nigeria&hl=en&as_sdt=0,5&as_ylo=2011&as_yhi=2012&as_vis=1"
14,"W Sensorn, S Chatrchaiwiwatana, S Bumrerraj","Relationship between diabetes mellitus and tooth loss in adults residing in Ubonratchathani province, Thailand",2012,"J Med Assoc Thai","thaiscience.info","https://www.thaiscience.info/Journals/Article/JMAT/10971943.pdf","https://scholar.google.com/scholar?cites=12861503999484568318&as_sdt=2005&sciodt=0,5&hl=en",541,"2021-07-17 18:03:23","PDF","","","",,,,,14,1.56,5,3,9,"… Findings in Table 3 suggest that age, BMI, waist circumference, income, education, occupation, systemic diseases, alcohol use, betel chewing, exercise, eating sweet fruits, sticky rice, sweet drinks and soda, ice cream, foods rich in fat and carbohydrates, tooth brushing, and …","https://www.thaiscience.info/Journals/Article/JMAT/10971943.pdf","https://scholar.google.com/scholar?q=related:_iKLjr49fbIJ:scholar.google.com/&scioq=%22waist+circumference%22+nigeria&hl=en&as_sdt=0,5&as_ylo=2011&as_yhi=2012&as_vis=1"
234,"MC Power, J Weuve, JJ Gagne…","The association between blood pressure and incident Alzheimer disease: a systematic review and meta-analysis",2011,"Epidemiology …","ncbi.nlm.nih.gov","https://www.ncbi.nlm.nih.gov/pmc/articles/pmc3640480/","https://scholar.google.com/scholar?cites=3366224889862982317&as_sdt=2005&sciodt=0,5&hl=en",542,"2021-07-17 18:03:23","HTML","","","",,,,,234,23.40,59,4,10,"","https://www.ncbi.nlm.nih.gov/pmc/articles/pmc3640480/","https://scholar.google.com/scholar?q=related:rYpcyrM7ty4J:scholar.google.com/&scioq=%22waist+circumference%22+nigeria&hl=en&as_sdt=0,5&as_ylo=2011&as_yhi=2012&as_vis=1"
0,"C Nkrumah","Thyroid Hormone Levels And Cardiometabolic Risk Factors In Hypertensive Adult Ghanaians",2011,"","dspace.knust.edu.gh","http://dspace.knust.edu.gh/handle/123456789/5775","",543,"2021-07-17 18:03:23","","","","",,,,,0,0.00,0,1,10,"Page 1. i THYROID HORMONE LEVELS AND CARDIOMETABOLIC RISK FACTORS IN HYPERTENSIVE ADULT GHANAIANS A THESIS SUBMITTED IN FULFILLMENT OF THE REQUIREMENTS FOR THE DEGREE OF MASTER OF PHILOSOPHY In the …","http://dspace.knust.edu.gh/bitstream/123456789/5775/1/CHRISTOPHER%20NKRUMAH.pdf","https://scholar.google.com/scholar?q=related:p8TU04WQZe0J:scholar.google.com/&scioq=%22waist+circumference%22+nigeria&hl=en&as_sdt=0,5&as_ylo=2011&as_yhi=2012&as_vis=1"
10,"N Gessler, ND Labhard, P Stolt, E Manga…","The lesson of Monsieur Nouma: effects of a culturally sensitive communication tool to improve health-seeking behavior in rural Cameroon",2012,"Patient education and …","Elsevier","https://www.sciencedirect.com/science/article/pii/S0738399111005702","https://scholar.google.com/scholar?cites=7857969840306001111&as_sdt=2005&sciodt=0,5&hl=en",544,"2021-07-17 18:03:23","","","","",,,,,10,1.11,2,5,9,"… Mean age, years (±SD), 54 (±16), 49 (±16), 62 (±12), <0.001. BMI mean, kg/m 2 (±SD), 24 (±5), 24 (±5), 24 (±5), 0.311. Waist circumference, cm mean (±SD), 84 (±11), 82 (±11), 86 (±10), <0.001. Fasting glucose level, mmol/l mean (±SD), 5.6(±1.2), 5.4 (±0.75), 6.0 (±1.5), <0.001 …","https://www.unispital-basel.ch/fileadmin/unispitalbaselch/Departemente/DTHE/Psychosomatik/Lehre_Forschung/Publikationen/gessler_2012_langewitz_lessons_of_monsieur_nouma_pec.pdf","https://scholar.google.com/scholar?q=related:1xQsu-8dDW0J:scholar.google.com/&scioq=%22waist+circumference%22+nigeria&hl=en&as_sdt=0,5&as_ylo=2011&as_yhi=2012&as_vis=1"
36,"M St James, N Christodoulidou","Factors influencing wine consumption in Southern California consumers",2011,"International Journal of Wine …","emerald.com","https://www.emerald.com/insight/content/doi/10.1108/17511061111121399/full/","https://scholar.google.com/scholar?cites=7570543432267185801&as_sdt=2005&sciodt=0,5&hl=en",545,"2021-07-17 18:03:23","","10.1108/17511061111121399","","",,,,,36,3.60,18,2,10,"… These benefits range from boosting the immune system (Romeo et al., 2007) to increasing antioxidant concentrations in the body (de la Torre et al., 2006), reductions in percent body fat, waist circumference, blood pressure, blood glucose, insulin, triglycerides, and cholesterol …","","https://scholar.google.com/scholar?q=related:ib7zJCT5D2kJ:scholar.google.com/&scioq=%22waist+circumference%22+nigeria&hl=en&as_sdt=0,5&as_ylo=2011&as_yhi=2012&as_vis=1"
37,"I Jumayev, M Harun-Or-Rashid…","Social correlates of female infertility in Uzbekistan",2012,"Nagoya journal of …","ncbi.nlm.nih.gov","https://www.ncbi.nlm.nih.gov/pmc/articles/pmc4831236/","https://scholar.google.com/scholar?cites=9620908670957755901&as_sdt=2005&sciodt=0,5&hl=en",546,"2021-07-17 18:03:23","HTML","","","",,,,,37,4.11,12,3,9,"","https://www.ncbi.nlm.nih.gov/pmc/articles/pmc4831236/","https://scholar.google.com/scholar?q=related:_Z3pZHZVhIUJ:scholar.google.com/&scioq=%22waist+circumference%22+nigeria&hl=en&as_sdt=0,5&as_ylo=2011&as_yhi=2012&as_vis=1"
0,"JMB Odeh","Prescription Pattern of Antipsychotics in Patients with Schizophrenia in North West-Bank",2012,"","repository.najah.edu","https://repository.najah.edu/handle/20.500.11888/6817","",547,"2021-07-17 18:03:23","","","","",,,,,0,0.00,0,1,9,"… SPSS Statistical Package for the Social Sciences SSRIs Selective Serotonin Reuptake Inhibitors TMAP The Texas Medication Algorithm Project USD United States dollar WBC White Blood Cell WC Waist Circumference 5-HT2 5-hydroxytryptamine Page 11. xi …","https://repository.najah.edu/bitstream/handle/20.500.11888/6817/jehad_bani_odeh.pdf?sequence=1&isAllowed=y","https://scholar.google.com/scholar?q=related:6XzgI_UUbg4J:scholar.google.com/&scioq=%22waist+circumference%22+nigeria&hl=en&as_sdt=0,5&as_ylo=2011&as_yhi=2012&as_vis=1"
0,"PIN MAROUA","Research Article Available online through",2011,"International Journal of Research in Ayurveda & …","core.ac.uk","https://core.ac.uk/download/pdf/25753126.pdf","",548,"2021-07-17 18:03:23","PDF","","","",,,,,0,0.00,0,1,10,"… 28- Zhu S. Waist circumference and obesity associated risk factors among whites in the third National Health and Nutrition Examination Survey: clinical action thresholds. American Journal of Clinical Nutrition. 2002 ; 76(4) : 743-749 … DIAMARE NIGERIA CHAD MAYO DANAÏ N …","https://core.ac.uk/download/pdf/25753126.pdf","https://scholar.google.com/scholar?q=related:KD_LYEkXxDoJ:scholar.google.com/&scioq=%22waist+circumference%22+nigeria&hl=en&as_sdt=0,5&as_ylo=2011&as_yhi=2012&as_vis=1"
1828,"RO Bonow, DL Mann, DP Zipes, P Libby","Braunwald's heart disease e-book: A textbook of cardiovascular medicine",2011,"","books.google.com","https://books.google.com/books?hl=en&lr=&id=b5wADkB9oDoC&oi=fnd&pg=PP1&dq=%22waist+circumference%22+nigeria&ots=VmUi19iDBl&sig=HEKOn-kvxzRIvI8AOack6keQPck","https://scholar.google.com/scholar?cites=13647185932177816683&as_sdt=2005&sciodt=0,5&hl=en",549,"2021-07-17 18:03:23","BOOK","","","",,,,,1828,182.80,457,4,10,"Page 1. hable Full Expert CONSULT ºpertconsult.com - *.*. PREMium Text Online BRA UN WA LD ' S HEART DISEASE A Textbook of Cardiovascular Medicine NINTH EDITION Page 2. BRAUNWALD'S HEART DISEASE A Textbook of Cardiovascular Medicine Page 3 …","","https://scholar.google.com/scholar?q=related:a7wqp0yLZL0J:scholar.google.com/&scioq=%22waist+circumference%22+nigeria&hl=en&as_sdt=0,5&as_ylo=2011&as_yhi=2012&as_vis=1"
0,"M Rostami","Exploring Changing Patterns of Weight Classification among Stunted Women in South Asia, 1996-2007",2012,"","prism.ucalgary.ca","https://prism.ucalgary.ca/bitstream/handle/1880/49378/2012_Rostami_MSc.pdf?sequence=1","",550,"2021-07-17 18:03:23","PDF","","","",,,,,0,0.00,0,1,9,"Page 1. University of Calgary PRISM: University of Calgary's Digital Repository Graduate Studies Legacy Theses 2012 Exploring Changing Patterns of Weight Classification among Stunted Women in South Asia, 1996-2007 Rostami, Mahnoush Rostami, M. (2012) …","https://prism.ucalgary.ca/bitstream/handle/1880/49378/2012_Rostami_MSc.pdf?sequence=1","https://scholar.google.com/scholar?q=related:WPQsQ9swZx4J:scholar.google.com/&scioq=%22waist+circumference%22+nigeria&hl=en&as_sdt=0,5&as_ylo=2011&as_yhi=2012&as_vis=1"
0,"IT Yan","THE PHYSICAL FITNESS PROFILE OF HONG KONG ELITE WOMEN'S BASKETBALL TEAM PLAYERS (UNDER16)",2011,"","libproject.hkbu.edu.hk","https://libproject.hkbu.edu.hk/trsimage/hp/09005366.pdf","",551,"2021-07-17 18:03:23","PDF","","","",,,,,0,0.00,0,1,10,"… at the end of a normal expiration (Callaway et al., 1988). Waist Circumference Subjects were asked to put off their clothes prior to the Page 35 … and a standard deviation of 5.32 cm. The waist circumference of the subjects was ranged from 63 to 88 cm with a mean of …","https://libproject.hkbu.edu.hk/trsimage/hp/09005366.pdf","https://scholar.google.com/scholar?q=related:uXbwAeEMU9kJ:scholar.google.com/&scioq=%22waist+circumference%22+nigeria&hl=en&as_sdt=0,5&as_ylo=2011&as_yhi=2012&as_vis=1"
18,"DF Wu, RX Yin, TT Yan, LHH Aung…","The SCARB1 rs5888 SNP and serum lipid levels in the Guangxi Mulao and Han populations",2012,"… journal of medical …","ncbi.nlm.nih.gov","https://www.ncbi.nlm.nih.gov/pmc/articles/PMC3477681/","https://scholar.google.com/scholar?cites=2911138390628960960&as_sdt=2005&sciodt=0,5&hl=en",552,"2021-07-17 18:03:23","HTML","","","",,,,,18,2.00,4,5,9,"… and > 25. Smoking status was categorized into groups of cigarettes per day: ≤ 20 and > 20. At the physical examination, several parameters such as height, weight, and waist circumference were measured. Sitting blood pressure …","https://www.ncbi.nlm.nih.gov/pmc/articles/PMC3477681/","https://scholar.google.com/scholar?q=related:wApxQfFwZigJ:scholar.google.com/&scioq=%22waist+circumference%22+nigeria&hl=en&as_sdt=0,5&as_ylo=2011&as_yhi=2012&as_vis=1"
48,"CL Robbins, PM Dietz, J Bombard…","Peer Reviewed: Lifestyle Interventions for Hypertension and Dyslipidemia Among Women of Reproductive Age",2011,"Preventing chronic …","ncbi.nlm.nih.gov","https://www.ncbi.nlm.nih.gov/pmc/articles/PMC3221565/","https://scholar.google.com/scholar?cites=15691078490459462992&as_sdt=2005&sciodt=0,5&hl=en",553,"2021-07-17 18:03:23","HTML","","","",,,,,48,4.80,12,4,10,"… no significant change in TG. Oluseye et al 1990 (35) Ibadan, Nigeria Moderate, 42 sedentary Nigerian women, aged 20-50 … Blood pressure and cholesterol were secondary outcomes of the study; primary outcomes were body weight, fat mass, and waist circumference …","https://www.ncbi.nlm.nih.gov/pmc/articles/PMC3221565/","https://scholar.google.com/scholar?q=related:UN2bjsDowdkJ:scholar.google.com/&scioq=%22waist+circumference%22+nigeria&hl=en&as_sdt=0,5&as_ylo=2011&as_yhi=2012&as_vis=1"
0,"NV Nitz, LÂN Nesello…","PERFIL CLÍNICO E NUTRICIONAL DE PACIENTES COM E SEM DIAGNÓSTICO DE CÂNCER DE MAMA",2012,"… EM PESSOAS COM …","cienciadotreinamento.com.br","https://cienciadotreinamento.com.br/wp-content/uploads/2017/06/REVISTA-JOPEF-2012.pdf#page=69","",554,"2021-07-17 18:03:23","PDF","","","",,,,,0,0.00,0,3,9,"… Nutritional status was established based on Body Mass Index (BMI), and the risks of metabolic complications were identified by waist circumference (WC) … Waist-hip ratio and breast cancer risk in urbanized Nigerian women. Rev Breast Cancer. 2003; 5 (2): 18-24 …","https://cienciadotreinamento.com.br/wp-content/uploads/2017/06/REVISTA-JOPEF-2012.pdf#page=69","https://scholar.google.com/scholar?q=related:4408YeCnuPgJ:scholar.google.com/&scioq=%22waist+circumference%22+nigeria&hl=en&as_sdt=0,5&as_ylo=2011&as_yhi=2012&as_vis=1"
3,"DI Sari","Korelasi Lingkar Pinggang dan Rasio Lingkar Pinggang Panggul terhadap Kadar Trigliserida pada Mahasiswa dan Mahasiswi di Kampus III Universitas Sanata …",2012,"Universitas Sanata Dharma Yogyakarta","library.usd.ac.id","http://www.library.usd.ac.id/Data%20PDF/F.%20Farmasi/Farmasi/098114049_Full.pdf","https://scholar.google.com/scholar?cites=15803953841853810301&as_sdt=2005&sciodt=0,5&hl=en",555,"2021-07-17 18:03:23","PDF","","","",,,,,3,0.33,3,1,9,"… Anthropometric measurements such as waist circumference and waist hip ratio is used as a predictor of elevated triglycerides … The objective of this study is to determine the correlation of waist circumference and waist-hip ratio with triglyceride levels in the blood …","http://www.library.usd.ac.id/Data%20PDF/F.%20Farmasi/Farmasi/098114049_Full.pdf","https://scholar.google.com/scholar?q=related:fcZdRknsUtsJ:scholar.google.com/&scioq=%22waist+circumference%22+nigeria&hl=en&as_sdt=0,5&as_ylo=2011&as_yhi=2012&as_vis=1"
23,"AL Ronco, E De Stéfani","Nutritional epidemiology of breast cancer",2011,"","books.google.com","https://books.google.com/books?hl=en&lr=&id=jPEWEwH8i-cC&oi=fnd&pg=PR3&dq=%22waist+circumference%22+nigeria&ots=S_l9ZkPP5a&sig=nJiK67gNFShr8f1UucoIC6fv4pk","https://scholar.google.com/scholar?cites=6619190045047100927&as_sdt=2005&sciodt=0,5&hl=en",556,"2021-07-17 18:03:23","BOOK","","","",,,,,23,2.30,12,2,10,"Page 1. Alvaro Luis Ronco Eduardo De Stéfani ""tion, Epidemiology of Breast Cancer 2. Springer Page 2. Nutritional Epidemiology of Breast Cancer Page 3. Page 4. Alvaro Luis Ronco • Eduardo De Stéfani Nutritional Epidemiology of Breast Cancer Page 5 …","","https://scholar.google.com/scholar?q=related:_5XVp0YW3FsJ:scholar.google.com/&scioq=%22waist+circumference%22+nigeria&hl=en&as_sdt=0,5&as_ylo=2011&as_yhi=2012&as_vis=1"
7,"J Lammers, S van Wijnbergen, D Willebrands","Gender differences, HIV risk perception and condom use",2011,"","papers.ssrn.com","https://papers.ssrn.com/sol3/papers.cfm?abstract_id=1783525","https://scholar.google.com/scholar?cites=1647628327194978363&as_sdt=2005&sciodt=0,5&hl=en",557,"2021-07-17 18:03:23","","","","",,,,,7,0.70,2,3,10,"… successful: in 2004, over 90% of the Nigerian population had heard of HIV … of subsidized health insurance for low-income families in Nigeria, provided under a … Moreover, anthropometric measurements were performed for length, weight, waist-circumference, and blood pressure …","https://www.econstor.eu/bitstream/10419/86924/1/11-051.pdf","https://scholar.google.com/scholar?q=related:O-hT7DuN3RYJ:scholar.google.com/&scioq=%22waist+circumference%22+nigeria&hl=en&as_sdt=0,5&as_ylo=2011&as_yhi=2012&as_vis=1"
815,"D Pereira, B Peleteiro, J Araujo, J Branco…","The effect of osteoarthritis definition on prevalence and incidence estimates: a systematic review",2011,"Osteoarthritis and …","Elsevier","https://www.sciencedirect.com/science/article/pii/S1063458411002457","https://scholar.google.com/scholar?cites=12703223783228985328&as_sdt=2005&sciodt=0,5&hl=en",558,"2021-07-17 18:03:23","HTML","","","",,,,,815,81.50,163,5,10,"","https://www.sciencedirect.com/science/article/pii/S1063458411002457","https://scholar.google.com/scholar?q=related:8E-o7bnqSrAJ:scholar.google.com/&scioq=%22waist+circumference%22+nigeria&hl=en&as_sdt=0,5&as_ylo=2011&as_yhi=2012&as_vis=1"
0,"J Bouwer","The association between physical activity, blood pressure and renin in black African teachers: The SABPA Study",2011,"","repository.nwu.ac.za","http://repository.nwu.ac.za/handle/10394/7319","",559,"2021-07-17 18:03:23","","","","",,,,,0,0.00,0,1,10,"… SMAC Sequential Multiple Analyzer Computer SNS Sympathetic nervous system u/L Units per litre WC Waist circumference WHO World Health Organization Page 13. CHAPTER 1: PROBLEM STATEMENT AND AIM OF THE STUDY 1.1 Introduction and problem statement 1 …","http://repository.nwu.ac.za/bitstream/handle/10394/7319/Bouwer_J.pdf?sequence=2","https://scholar.google.com/scholar?q=related:OcqWegmpTOUJ:scholar.google.com/&scioq=%22waist+circumference%22+nigeria&hl=en&as_sdt=0,5&as_ylo=2011&as_yhi=2012&as_vis=1"
64,"AH Shah, AA Saleha, Z Zunita, M Murugaiyah","Arcobacter–An emerging threat to animals and animal origin food products?",2011,"Trends in Food Science & …","Elsevier","https://www.sciencedirect.com/science/article/pii/S0924224411000112","https://scholar.google.com/scholar?cites=15325145744006020963&as_sdt=2005&sciodt=0,5&hl=en",560,"2021-07-17 18:03:23","","","","",,,,,64,6.40,16,4,10,"","","https://scholar.google.com/scholar?q=related:Y3-RqtvardQJ:scholar.google.com/&scioq=%22waist+circumference%22+nigeria&hl=en&as_sdt=0,5&as_ylo=2011&as_yhi=2012&as_vis=1"
0,"GYH Lip, CM Brechin, DA Lane","The Global Burden of Atrial Fibrillation and",2012,"","ictusandstroke.com","http://ictusandstroke.com/wp-content/uploads/2015/09/Global-Burden-of-Atrial-Fibrillation.pdf","",561,"2021-07-17 18:03:23","PDF","","","",,,,,0,0.00,0,3,9,"Page 1. DOI 10.1378/chest.11-2888 ; Prepublished online March 29, 2012; Chest Gregory YH Lip, Carolyn M. Brechin and Deirdre A. Lane America and Europe of Atrial Fibrillation in Regions outside North Stroke: A Systematic …","http://ictusandstroke.com/wp-content/uploads/2015/09/Global-Burden-of-Atrial-Fibrillation.pdf","https://scholar.google.com/scholar?q=related:5HflXzzoplAJ:scholar.google.com/&scioq=%22waist+circumference%22+nigeria&hl=en&as_sdt=0,5&as_ylo=2011&as_yhi=2012&as_vis=1"
0,"CAR Araújo","Tobacco consumption in Mozambique: regional differences and the impact of internal migrations.",2011,"","repositorio-aberto.up.pt","https://repositorio-aberto.up.pt/bitstream/10216/55438/2/Dissertao%20Carla%20Arajo.pdf","",562,"2021-07-17 18:03:23","PDF","","","",,,,,0,0.00,0,1,10,"… the lowest among Nigerian general medical patients (0.3%).88 Data from Demographic Health Surveys from 14 Sub-Saharan African nations74 revealed different scenarios, with cigarette smoking prevalence among men ranging from 8.0% to 27.3% in Nigeria and Madagascar …","https://repositorio-aberto.up.pt/bitstream/10216/55438/2/Dissertao%20Carla%20Arajo.pdf","https://scholar.google.com/scholar?q=related:FkIUUr34CeIJ:scholar.google.com/&scioq=%22waist+circumference%22+nigeria&hl=en&as_sdt=0,5&as_ylo=2011&as_yhi=2012&as_vis=1"
1,"DL Morehead","Length of time in the United States, adiposity, and blood pressure as predictors of depression in an ethnically diverse sample",2012,"","search.proquest.com","https://search.proquest.com/openview/b9dd1ffff719fe1560f98df69ecfbeb9/1?pq-origsite=gscholar&cbl=18750","https://scholar.google.com/scholar?cites=6520557905883652469&as_sdt=2005&sciodt=0,5&hl=en",563,"2021-07-17 18:03:23","","","","",,,,,1,0.11,1,1,9,"… Appendix G. Taylor Platform Scale for the BMI……………121 Appendix H. Tape Placement for Waist Circumference Measurement…….….122 … Figure A.8 Tape Placement for Waist Circumference Measurement……………123 …","","https://scholar.google.com/scholar?q=related:dWGPNd6sfVoJ:scholar.google.com/&scioq=%22waist+circumference%22+nigeria&hl=en&as_sdt=0,5&as_ylo=2011&as_yhi=2012&as_vis=1"
4,"B Ertuğrul, O İlhan","Cinsiyete özgü vücut morfolojisi ile elin ikinci ve dördüncü parmak uzunluk oranları arasındaki ilişki",2012,"İnsanbilim Dergisi","dergipark.org.tr","https://dergipark.org.tr/en/pub/iuinsanbilim/issue/9240/115647","https://scholar.google.com/scholar?cites=6445371104780013066&as_sdt=2005&sciodt=0,5&hl=en",564,"2021-07-17 18:03:23","","","","",,,,,4,0.44,2,2,9,"Page 1. İNSANBİLİM DERGİSİ İnsanbil Derg 1(2):94-107, 2012 Cinsiyete özgü vücut morfolojisi ile elin ikinci ve dördüncü parmak uzunluk oranları arasındaki ilişki Berna Ertuğrul1*, İlhan Otağ2 1İstanbul Üniversitesi Sosyal …","https://dergipark.org.tr/en/download/article-file/98107","https://scholar.google.com/scholar?q=related:Cs766d6OclkJ:scholar.google.com/&scioq=%22waist+circumference%22+nigeria&hl=en&as_sdt=0,5&as_ylo=2011&as_yhi=2012&as_vis=1"
5,"АМ Ерина, ОП Ротарь, ВН Солнцев…","Предгипертензия и факторы риска сердечно-сосудистых заболеваний у жителей Курска",2012,"Артериальная …","cyberleninka.ru","https://cyberleninka.ru/article/n/15520056","https://scholar.google.com/scholar?cites=7356754210602320072&as_sdt=2005&sciodt=0,5&hl=en",565,"2021-07-17 18:03:23","HTML","","","",,,,,5,0.56,1,4,9,"… Results. Comparing subjects with optimal BP, prehypertension and arterial hypertension we found that higher BP levels were associated with the higher prevalence of triglyceridemia and higher values of waist circumference, subjects with higher BP were also older …","https://cyberleninka.ru/article/n/15520056","https://scholar.google.com/scholar?q=related:yIDPDvpwGGYJ:scholar.google.com/&scioq=%22waist+circumference%22+nigeria&hl=en&as_sdt=0,5&as_ylo=2011&as_yhi=2012&as_vis=1"
48,"M Lilja, O Rolandsson, M Norberg…","The impact of leptin and adiponectin on incident type 2 diabetes is modified by sex and insulin resistance",2012,"Metabolic syndrome and …","liebertpub.com","https://www.liebertpub.com/doi/abs/10.1089/met.2011.0123","https://scholar.google.com/scholar?cites=2109117003853701262&as_sdt=2005&sciodt=0,5&hl=en",566,"2021-07-17 18:03:23","","10.1089/met.2011.0123","","",,,,,48,5.33,12,4,9,"Login to your account. Username. Password. Forgot password? Keep me logged in. OpenAthens …","https://www.diva-portal.org/smash/record.jsf?pid=diva2:455493","https://scholar.google.com/scholar?q=related:jqBvjL0WRR0J:scholar.google.com/&scioq=%22waist+circumference%22+nigeria&hl=en&as_sdt=0,5&as_ylo=2011&as_yhi=2012&as_vis=1"
2,"YY Yako","Molecular investigation of genetic and environmental factors contributing to obesity in adolescent learners residing in the semi-urban/rural areas of the Western Cape …",2012,"","scholar.sun.ac.za","http://scholar.sun.ac.za/handle/10019.1/71644","https://scholar.google.com/scholar?cites=1286016860845307965&as_sdt=2005&sciodt=0,5&hl=en",567,"2021-07-17 18:03:23","","","","",,,,,2,0.22,2,1,9,"… of Nigerian and Cameroon origin, respectively, for the identification of hypertension (Okosun et al., 2000) … Table 1.2(b). World Health Organization cut-off points for waist circumference and waist-hip-ratio (WHR) and risk of metabolic complications …","http://scholar.sun.ac.za/bitstream/handle/10019.1/71644/yako_molecular_2012.pdf?sequence=2&isAllowed=y","https://scholar.google.com/scholar?q=related:PfjYdYXZ2BEJ:scholar.google.com/&scioq=%22waist+circumference%22+nigeria&hl=en&as_sdt=0,5&as_ylo=2011&as_yhi=2012&as_vis=1"
0,"TA ADENIJI","MASTER OF PUBLIC HEALTH",2012,"","ir.library.ui.edu.ng","http://ir.library.ui.edu.ng/handle/123456789/616","",568,"2021-07-17 18:03:23","","","","",,,,,0,0.00,0,1,9,"… AMONG PEOPLE LIVING WITH HIV/AIDS (PLWHA) IN IBADAN AND SHAKI, OYO STATE, NIGERIA BY … the Babalaje of Shakiland and one of my great leaders and known renown Public Health Officers throughout Oke-Ogun area of Oyo State, Nigeria. Page 3. iii …","http://ir.library.ui.edu.ng/bitstream/123456789/616/1/1st%20%26%201st_ADDAT%20MPH%20%20final%20final%20After%20Defence%20May%2C%202012.pdf","https://scholar.google.com/scholar?q=related:_qxzGWVD10sJ:scholar.google.com/&scioq=%22waist+circumference%22+nigeria&hl=en&as_sdt=0,5&as_ylo=2011&as_yhi=2012&as_vis=1"
0,"LPG Wolff, J Vassallo, LG Bahamondes…","Abstracts from Women's Health 2012: The 20th Annual CongressMarch 16–18, 2012 Washington, DC",2012,"Journal of Women's …","liebertpub.com","https://www.liebertpub.com/doi/full/10.1089/jwh.2012.Ab01","",569,"2021-07-17 18:03:23","HTML","10.1089/jwh.2012.Ab01","","",,,,,0,0.00,0,4,9,"Page 1. Abstracts from Women's Health 2012: The 20 th Annual Congress March 16–18, 2012 Washington, DC JOURNAL OF WOMEN'S HEALTH Volume 21, Number 4, 2012 ª Mary Ann Liebert, Inc. DOI: 10.1089/jwh.2012.Ab01 Page 2. Basic Research P1 …","https://www.liebertpub.com/doi/full/10.1089/jwh.2012.Ab01",""
0,"FM Kyallo","The potential role of nutrition education in reduction of overweight and the associated risk factors among school children (9-14 years) in Nairobi, Kenya",2012,"","erepository.uonbi.ac.ke","http://erepository.uonbi.ac.ke/handle/11295/8937","",570,"2021-07-17 18:03:23","","","","",,,,,0,0.00,0,1,9,"… TB: Tuberculosis TSFT: Triceps Skinfold Thickness TV: Television VIPA: Vigorous Intensity Physical Activity WC: Waist Circumference WHO: World Health Organization XI Page 13. DEFINITION OF TERMS Bhajia: Deep fried spieed potato chips …","http://erepository.uonbi.ac.ke/bitstream/handle/11295/8937/Kyallo_The%20potential%20role%20of%20nutrition%20education%20in%20reduction%20of%20overweight%20and%20the%20associated%20risk%20factors%20among%20school%20children.pdf?sequence=1","https://scholar.google.com/scholar?q=related:BXy6Cr4QnxkJ:scholar.google.com/&scioq=%22waist+circumference%22+nigeria&hl=en&as_sdt=0,5&as_ylo=2011&as_yhi=2012&as_vis=1"
2,"ME Salwa, IAM Maha, IM Hamed, TT Salwa…","Dietary therapy of obesity: Effect on some hormonal and biochemical blood indices",2012,"African Journal of Food …","ajol.info","https://www.ajol.info/index.php/ajfand/article/view/84201","https://scholar.google.com/scholar?cites=10432629702067752472&as_sdt=2005&sciodt=0,5&hl=en",571,"2021-07-17 18:03:23","","","","",,,,,2,0.22,0,5,9,"… Relevant anthropometric measurements were recorded including weight, height and waist circumference using standard methods [13] … 28. Nwosu MC, Nwabueze AC and VO Ikeh Stroke at the prime of life: A Study of Nigerian Africans between the ages of 16 and 45 years …","https://www.ajol.info/index.php/ajfand/article/download/84201/74212","https://scholar.google.com/scholar?q=related:GA7wiHAlyJAJ:scholar.google.com/&scioq=%22waist+circumference%22+nigeria&hl=en&as_sdt=0,5&as_ylo=2011&as_yhi=2012&as_vis=1"
0,"D Bagchi, HG Preuss","Epidemiology, Pathophysiology, and Prevention",2012,"","booksca.ca","https://booksca.ca/wp-content/uploads/XPreview/Toxicology/3/obesity-epidemiology-pathophysiology-and-prevention-2nd-edition-by-bagchi.pdf","",572,"2021-07-17 18:03:23","PDF","","","",,,,,0,0.00,0,2,9,"Page 1. OBESITY Epidemiology, Pathophysiology, and Prevention Second Edition Edited by Debasis Bagchi and Harry G. Preuss CRC Press is an imprint of the Taylor & Francis Group, an informa business Boca Raton London New York Page 2 …","https://booksca.ca/wp-content/uploads/XPreview/Toxicology/3/obesity-epidemiology-pathophysiology-and-prevention-2nd-edition-by-bagchi.pdf","https://scholar.google.com/scholar?q=related:W_SiBZCwJgIJ:scholar.google.com/&scioq=%22waist+circumference%22+nigeria&hl=en&as_sdt=0,5&as_ylo=2011&as_yhi=2012&as_vis=1"
0,"BJ Mwakassanga","Nutritional health status of rural women practising agriculture in Babati District council",2011,"","suaire.sua.ac.tz","http://www.suaire.sua.ac.tz/handle/123456789/426","",573,"2021-07-17 18:03:23","","","","",,,,,0,0.00,0,1,10,"… URT United Republic of Tanzania USAID United State of America International Development WACW Women's Agriculture Community Web WC Waist Circumference WHO World Health Organization … BMI, Mid Upper Arm Circumference (MUAC), Waist Circumference (WC), Hip …","http://www.suaire.sua.ac.tz/bitstream/handle/123456789/426/BETINA%20JIMMY%20MWAKASSANGA%202011.pdf?sequence=1&isAllowed=y","https://scholar.google.com/scholar?q=related:bhpN4aO8zFMJ:scholar.google.com/&scioq=%22waist+circumference%22+nigeria&hl=en&as_sdt=0,5&as_ylo=2011&as_yhi=2012&as_vis=1"
0,"AFM van Abeelen, MVE Veenendaal…","* Both authors contributed equally to this work",2012,"… and chronic disease …","dare.uva.nl","https://dare.uva.nl/document/2/106583#page=53","",574,"2021-07-17 18:03:23","PDF","","","",,,,,0,0.00,0,3,9,"Page 53. The fetal origins of hypertension: a systematic review and meta-analysis of the evidence from animal experiments of maternal undernutrition Submitted 4 Annet FM van Abeelen* Marjolein VE Veenendaal* Rebecca …","https://dare.uva.nl/document/2/106583#page=53","https://scholar.google.com/scholar?q=related:iIjZAFR_MWgJ:scholar.google.com/&scioq=%22waist+circumference%22+nigeria&hl=en&as_sdt=0,5&as_ylo=2011&as_yhi=2012&as_vis=1"
201,"CJ Ferguson, B Winegard…","Who is the fairest one of all? How evolution guides peer and media influences on female body dissatisfaction",2011,"Review of General …","journals.sagepub.com","https://journals.sagepub.com/doi/abs/10.1037/a0022607","https://scholar.google.com/scholar?cites=3382468188440918&as_sdt=2005&sciodt=0,5&hl=en",575,"2021-07-17 18:03:23","","10.1037/a0022607","","",,,,,201,20.10,67,3,10,"Much attention has focused on the influence of media images of thin women on body dissatisfaction among female viewers. Disagreement exists regarding the nature of media influences, with meta-analy...","http://citeseerx.ist.psu.edu/viewdoc/download?doi=10.1.1.1052.5017&rep=rep1&type=pdf","https://scholar.google.com/scholar?q=related:VgnWPlYEDAAJ:scholar.google.com/&scioq=%22waist+circumference%22+nigeria&hl=en&as_sdt=0,5&as_ylo=2011&as_yhi=2012&as_vis=1"
20,"P Ranasinghe, MANAAD Jayawardana…","Patterns and correlates of adult height in Sri Lanka",2011,"Economics & human …","Elsevier","https://www.sciencedirect.com/science/article/pii/S1570677X10000766","https://scholar.google.com/scholar?cites=8223171339341301736&as_sdt=2005&sciodt=0,5&hl=en",576,"2021-07-17 18:03:23","","","","",,,,,20,2.00,7,3,10,"JavaScript is disabled on your browser. Please enable JavaScript to use all the features on this page. Skip to main content Skip to article …","https://www.academia.edu/download/50036791/Patterns_and_correlates_of_adult_height_20161101-18886-j1ok0s.pdf","https://scholar.google.com/scholar?q=related:6Iec0MOSHnIJ:scholar.google.com/&scioq=%22waist+circumference%22+nigeria&hl=en&as_sdt=0,5&as_ylo=2011&as_yhi=2012&as_vis=1"
95,"PP Bao, XO Shu, YT Gao, Y Zheng…","Association of hormone-related characteristics and breast cancer risk by estrogen receptor/progesterone receptor status in the shanghai breast cancer study",2011,"American journal of …","academic.oup.com","https://academic.oup.com/aje/article-abstract/174/6/661/89278","https://scholar.google.com/scholar?cites=15920643495175536521&as_sdt=2005&sciodt=0,5&hl=en",577,"2021-07-17 18:03:23","","","","",,,,,95,9.50,19,5,10,"Abstract. Etiologic differences between subtypes of breast cancer defined by estrogen receptor (ER) and progesterone receptor (PR) status are not well understoo.","https://academic.oup.com/aje/article/174/6/661/89278","https://scholar.google.com/scholar?q=related:iT-SXeh88dwJ:scholar.google.com/&scioq=%22waist+circumference%22+nigeria&hl=en&as_sdt=0,5&as_ylo=2011&as_yhi=2012&as_vis=1"
0,"شریفی1, زمانی2, بلوک1","ارتباط نمایه توده بدنی و الگوی توزیع چربی بدن با سرم لیپیدی خون در دختران فعال و غیرفعال مقطع راهنمایی‎",,"مجله دانشگاه علوم پزشکی مازندران‎","iranjournals.nlai.ir","https://iranjournals.nlai.ir/handle/123456789/564032","",578,"2021-07-17 18:03:23","","","","",,,,,0,0.00,0,3,,"Page 1. 65 Relationship between Pattern of Fat Distribution and Body Mass Index with Serum Lipid in Active and Inactive Secondary School Girls Gholamreza Sharifi 1 , Alireza Zamani 2 , Fahime Bluk 1 1 Department of Physical …","https://iranjournals.nlai.ir/bitstream/handle/123456789/564032/55D3F20282F9AE1BDE0C8C884D21B8F3.pdf?sequence=-1&isAllowed=y","https://scholar.google.com/scholar?q=related:DejThtBJdLwJ:scholar.google.com/&scioq=%22waist+circumference%22+nigeria&hl=en&as_sdt=0,5&as_ylo=2011&as_yhi=2012&as_vis=1"
1,"LPG Wolff, J Vassallo, LG Bahamondes…","Poster Abstracts Table of Contents",2012,"JOURNAL OF …","bioconferences.com","http://www.bioconferences.com/conferences/womenshealth/pdf/wh_abstracts.pdf","https://scholar.google.com/scholar?cites=2308789232465710005&as_sdt=2005&sciodt=0,5&hl=en",579,"2021-07-17 18:03:23","PDF","","","",,,,,1,0.11,0,4,9,"… P47. Cervical cancer in Nigeria: The case for multidisciplinary action Folasade Odeniyi, Michele Follen, Isaac F Adewole … Experience and attitude of rural women to IPV in Southwestern Nigeria Mary Oluwayemisi Balogun, Eme Owoaje, Funmilayo Fawole, Babatunde Adedokun …","http://www.bioconferences.com/conferences/womenshealth/pdf/wh_abstracts.pdf","https://scholar.google.com/scholar?q=related:tYtdDpN3CiAJ:scholar.google.com/&scioq=%22waist+circumference%22+nigeria&hl=en&as_sdt=0,5&as_ylo=2011&as_yhi=2012&as_vis=1"
0,"STW Serve","Addressing the Epidemic of Obesity in the United States Fire Service",2011,"","1-800boardup.com","https://1-800boardup.com/wp-content/uploads/2012/03/Obesity_Study.pdf","",580,"2021-07-17 18:03:23","PDF","","","",,,,,0,0.00,0,1,10,"… It is diagnosed when a person has three or more of a designated list of risk factors: (a) a waist circumference over 40 inches for men and 35 inches for women; (b) serum triglycerides of 150 mg/dL or higher; (c) high density lipoproteins (HDL) levels below 40 mg/dL in men or 50 …","https://1-800boardup.com/wp-content/uploads/2012/03/Obesity_Study.pdf","https://scholar.google.com/scholar?q=related:Jp5AMkyiJ2MJ:scholar.google.com/&scioq=%22waist+circumference%22+nigeria&hl=en&as_sdt=0,5&as_ylo=2011&as_yhi=2012&as_vis=1"
41,"HI Afridi, TG Kazi, D Brabazon, S Naher","Interaction between zinc, cadmium, and lead in scalp hair samples of Pakistani and Irish smokers rheumatoid arthritis subjects in relation to controls",2012,"Biological trace element …","Springer","https://link.springer.com/article/10.1007/s12011-012-9352-6","https://scholar.google.com/scholar?cites=10975747330179158335&as_sdt=2005&sciodt=0,5&hl=en",581,"2021-07-17 18:03:23","","10.1007/s12011-012-9352-6","","",,,,,41,4.56,10,4,9,"… blood pressure, and biochemical data. For all patients and referents, anthropometric parameters including weight, height, and waist circumference were measured using the standard protocols. There were no statistically significant …","http://doras.dcu.ie/20494/1/_Afridi_H_Biol_Trace_Elem_Res_2012_Zinc__Cadmium__and_Lead_smoker_arthritis.pdf","https://scholar.google.com/scholar?q=related:P1HFdwuwUZgJ:scholar.google.com/&scioq=%22waist+circumference%22+nigeria&hl=en&as_sdt=0,5&as_ylo=2011&as_yhi=2012&as_vis=1"
713,"SM Grundy","Pre-diabetes, metabolic syndrome, and cardiovascular risk",2012,"Journal of the American College of Cardiology","jacc.org","https://www.jacc.org/doi/abs/10.1016/j.jacc.2011.08.080","https://scholar.google.com/scholar?cites=2497875665101585324&as_sdt=2005&sciodt=0,5&hl=en",582,"2021-07-17 18:03:23","","10.1016/j.jacc.2011.08.080","","",,,,,713,79.22,713,1,9,"Pre-diabetes represents an elevation of plasma glucose above the normal range but below that of clinical diabetes. Pre-diabetes can be identified as either impaired fasting glucose (IFG) or impaire...","https://www.sciencedirect.com/science/article/pii/S0735109711050364","https://scholar.google.com/scholar?q=related:rPt43648qiIJ:scholar.google.com/&scioq=%22waist+circumference%22+nigeria&hl=en&as_sdt=0,5&as_ylo=2011&as_yhi=2012&as_vis=1"
1,"AA Iqlima","Hubungan antara Tebal Lipatan Lemak Bawah Kulit dan Dismenore Primer pada Siswi SMA Swasta Muhammadiyah 1 Kota Pontianak Kalimantan Barat",2012,"Jurnal Mahasiswa PSPD FK Universitas Tanjungpura","jurnal.untan.ac.id","https://jurnal.untan.ac.id/index.php/jfk/article/viewFile/14450/12875","https://scholar.google.com/scholar?cites=7035086640119988157&as_sdt=2005&sciodt=0,5&hl=en",583,"2021-07-17 18:03:23","PDF","","","",,,,,1,0.11,1,1,9,"… Hasil ini sejalan dengan penelitian yang dilakukan oleh Loto et al (2010) pada 409 mahasiswi tingkat pertama di Nigerian University menemukan adanya … Relationship of Leptin Hormones with Body Mass Index and Waist Circumference in Saudi Female Population of …","https://jurnal.untan.ac.id/index.php/jfk/article/viewFile/14450/12875","https://scholar.google.com/scholar?q=related:vb9ylAamoWEJ:scholar.google.com/&scioq=%22waist+circumference%22+nigeria&hl=en&as_sdt=0,5&as_ylo=2011&as_yhi=2012&as_vis=1"
0,"N Naidoo","The role of the family physician in caring for the patient with diabetes",2012,"South African Journal of Diabetes and Vascular …","journals.co.za","https://journals.co.za/doi/abs/10.10520/EJC126907","",584,"2021-07-17 18:03:23","","10.10520/EJC126907","","",,,,,0,0.00,0,1,9,"… A waist circumference of < 94 cm in men and < 88 cm in women should be the target, except in South Asians when it should be < 90 cm in men and < 80 cm in women … Mortality patterns among type 2 diabetes mellitus patients in llorin, Nigeria …","","https://scholar.google.com/scholar?q=related:eeob-C8BLtAJ:scholar.google.com/&scioq=%22waist+circumference%22+nigeria&hl=en&as_sdt=0,5&as_ylo=2011&as_yhi=2012&as_vis=1"
9,"AM Kayani, N Bakht, R Munir, I Abid","The mosaic of CVD risk factors–A study on 10,000 Pakistani cardiac patients",2011,"CVD Prevention and Control","Elsevier","https://www.sciencedirect.com/science/article/pii/S1875457010001038","https://scholar.google.com/scholar?cites=10422298447871235737&as_sdt=2005&sciodt=0,5&hl=en",585,"2021-07-17 18:03:23","","","","",,,,,9,0.90,2,4,10,"… Obesity was defined as body mass index (BMI) ⩾ 30.0 kg/m 2 and BMI in turn was calculated as height in kg/m 2 . Central obesity was defined as waist circumference (WC) in men ⩾ 88 cm; and in women ⩾ 80 cm and WC was measured mid way between the last rib and the …","https://globalheartjournal.com/articles/10.1016/j.cvdpc.2010.10.002/galley/699/download/","https://scholar.google.com/scholar?q=related:mVZ4-Ddxo5AJ:scholar.google.com/&scioq=%22waist+circumference%22+nigeria&hl=en&as_sdt=0,5&as_ylo=2011&as_yhi=2012&as_vis=1"
0,"M Augustin","Physical activity levels among people living with HIV/AIDS treated with high active antiretroviral therapy in Rwanda",2011,"","etd.uwc.ac.za","https://etd.uwc.ac.za/handle/11394/1563","",586,"2021-07-17 18:03:23","","","","",,,,,0,0.00,0,1,10,"… WC Waist Circumference WHR Waist Hip Ration WHO World Health Organization … 2006). Then anthropometric model select fat individuals as those ones with BMI greater than 25, waist circumference greater than 88 cm (women) and 102 cm (men) and waist hip ratio of …","https://etd.uwc.ac.za/bitstream/handle/11394/1563/Augustin_MSC_2011.pdf?sequence=1&isAllowed=y",""
149,"GX Ayala, JP Elder","Qualitative methods to ensure acceptability of behavioral and social interventions to the target population",2011,"Journal of public health dentistry","Wiley Online Library","https://onlinelibrary.wiley.com/doi/abs/10.1111/j.1752-7325.2011.00241.x","https://scholar.google.com/scholar?cites=8992859721880739862&as_sdt=2005&sciodt=0,5&hl=en",587,"2021-07-17 18:03:23","","10.1111/j.1752-7325.2011.00241.x","","",,,,,149,14.90,75,2,10,"… conducted with members from this committee over a 4-month period followed by monthly meetings for over 5 years informed the development and implementation of an intervention that improved the health of its residents (reduced blood pressure, decreased waist circumference …","https://onlinelibrary.wiley.com/doi/pdfdirect/10.1111/j.1752-7325.2011.00241.x","https://scholar.google.com/scholar?q=related:FqCeVUUOzXwJ:scholar.google.com/&scioq=%22waist+circumference%22+nigeria&hl=en&as_sdt=0,5&as_ylo=2011&as_yhi=2012&as_vis=1"
6,"SAR López","High vitamin intakes during pregnancy and characteristics of metabolic syndrome in wistar rat dams and their offspring",2011,"","central.bac-lac.gc.ca","https://central.bac-lac.gc.ca/.item?id=NR79356&op=pdf&app=Library&oclc_number=1019463552","https://scholar.google.com/scholar?cites=15518231769880375215&as_sdt=2005&sciodt=0,5&hl=en",588,"2021-07-17 18:03:23","PDF","","","",,,,,6,0.60,6,1,10,"Page 1. High Vitamin Intakes during Pregnancy and Characteristics of Metabolic Syndrome in Wistar Rat Dams and their Offspring by Sandra Alicia Reza López A thesis submitted in conformity with the requirements for the degree of Doctor of Philosophy …","https://central.bac-lac.gc.ca/.item?id=NR79356&op=pdf&app=Library&oclc_number=1019463552","https://scholar.google.com/scholar?q=related:r6_mWZPVW9cJ:scholar.google.com/&scioq=%22waist+circumference%22+nigeria&hl=en&as_sdt=0,5&as_ylo=2011&as_yhi=2012&as_vis=1"
0,"RV Jayakumar, V Mohan, CO Ekpebegh…","International Journal of Diabetes in Developing Countries",2012,"International …","rssdi.in","https://rssdi.in/new/pdf/rssdi%20issue1,%202012.pdf","",589,"2021-07-17 18:03:23","PDF","","","",,,,,0,0.00,0,4,9,"Page 1. International Journal of Diabetes in Developing Countries Incorporating Diabetes Bulletin Vol. 32 Number 1 January-March, 2012 International Journal of Diabetes in Developing Countries is indexed/listed in: Science …","https://rssdi.in/new/pdf/rssdi%20issue1,%202012.pdf","https://scholar.google.com/scholar?q=related:JvfTpptaqLoJ:scholar.google.com/&scioq=%22waist+circumference%22+nigeria&hl=en&as_sdt=0,5&as_ylo=2011&as_yhi=2012&as_vis=1"
0,"AA Wood","Relationship between BMI, eating behaviors and attitudes toward food, its preparation and consumption in midlife women",2011,"","conservancy.umn.edu","https://conservancy.umn.edu/handle/11299/104299","",590,"2021-07-17 18:03:23","","","","",,,,,0,0.00,0,1,10,"… kg/m 2 (Williams 2008). Both change in BMI and change in waist circumference were significantly associated with the probability of having high serum cholesterol levels … Among Nigerian mothers, Samuel and Cole (2002) found that attitudes about the nutritive value …","https://conservancy.umn.edu/bitstream/handle/11299/104299/Wood_Alisha_January2011.pdf;sequence=1","https://scholar.google.com/scholar?q=related:Ib4Dxvf26j8J:scholar.google.com/&scioq=%22waist+circumference%22+nigeria&hl=en&as_sdt=0,5&as_ylo=2011&as_yhi=2012&as_vis=1"
3,"DJ Berry","Analysing the association of vitamin D status on selected cardiovascular risk markers using seasonal and genetic variations.",2012,"","discovery.ucl.ac.uk","https://discovery.ucl.ac.uk/id/eprint/1348984/","https://scholar.google.com/scholar?cites=5407392088129280768&as_sdt=2005&sciodt=0,5&hl=en",591,"2021-07-17 18:03:23","","","","",,,,,3,0.33,3,1,9,"… Figure 3.7 Variation in the mean sex specific standard deviation (SDS) concentrations of 1. CRP, 2. D-dimer, 3. fibrinogen, 4. tPA and 5. vWF by (A) body mass index and (B) waist circumference. ....129 …","https://discovery.ucl.ac.uk/id/eprint/1348984/1/Diane%20Berry%20Thesis%20May%202012%20with%20Signature.pdf","https://scholar.google.com/scholar?q=related:ABs0XnTqCksJ:scholar.google.com/&scioq=%22waist+circumference%22+nigeria&hl=en&as_sdt=0,5&as_ylo=2011&as_yhi=2012&as_vis=1"
4,"G Prasanna, N Saraswathi, BP Devi","Diabetes mellitus–An ethnomedicinal perspective",2011,"Journal of Pharmacy Research","Citeseer","https://citeseerx.ist.psu.edu/viewdoc/download?doi=10.1.1.734.9943&rep=rep1&type=pdf","https://scholar.google.com/scholar?cites=413234994545994320&as_sdt=2005&sciodt=0,5&hl=en",592,"2021-07-17 18:03:23","PDF","","","",,,,,4,0.40,1,3,10,"… Any more excess in waist circumference more than 102 cm in men and 88 cm in women is defined obese [24] … 91] 38 Andrographis paniculata Leaf Philippine, Indian Anti-diabetic [91] 39 Combretum micranthum Leaf West African, Anti-diabetic [92] Nigerian 40 Gymnema …","https://citeseerx.ist.psu.edu/viewdoc/download?doi=10.1.1.734.9943&rep=rep1&type=pdf","https://scholar.google.com/scholar?q=related:UKqswgkbvAUJ:scholar.google.com/&scioq=%22waist+circumference%22+nigeria&hl=en&as_sdt=0,5&as_ylo=2011&as_yhi=2012&as_vis=1"
67,"JM Young, CM Florkowski, SL Molyneux…","A Randomized, Double-Blind, Placebo-Controlled Crossover Study of Coenzyme Q10 Therapy in Hypertensive Patients With the Metabolic Syndrome",2012,"American journal of …","academic.oup.com","https://academic.oup.com/ajh/article-abstract/25/2/261/147336","https://scholar.google.com/scholar?cites=5065323905310366856&as_sdt=2005&sciodt=0,5&hl=en",593,"2021-07-17 18:03:23","","","","",,,,,67,7.44,17,4,9,"AbstractBackground:. Our aim was to examine the effects of adjunctive coenzyme Q10 therapy on 24-h ambulatory blood pressure (BP) in subjects with the metabolic.","https://academic.oup.com/ajh/article-pdf/25/2/261/8581443/25_2_261.pdf","https://scholar.google.com/scholar?q=related:iJxRMEGlS0YJ:scholar.google.com/&scioq=%22waist+circumference%22+nigeria&hl=en&as_sdt=0,5&as_ylo=2011&as_yhi=2012&as_vis=1"
1,"A Dannhauser, VL Van den Berg","Prevalence of the known risk factors in women diagnosed with breast cancer at queen ii hospital, maseru",2011,"","scholar.ufs.ac.za","https://scholar.ufs.ac.za/handle/11660/1226","https://scholar.google.com/scholar?cites=2943375220885945278&as_sdt=2005&sciodt=0,5&hl=en",594,"2021-07-17 18:03:23","","","","",,,,,1,0.10,1,2,10,"… WC Waist circumference … Although there are low prevalence rates, women from Nigeria, Senegal and of African origin are likely to have a more aggressive form of breast cancer than women from the European origin (Fregene & Newman, 2005:1544; Easton, 2005:1) because …","https://scholar.ufs.ac.za/bitstream/handle/11660/1226/LehlasoaMR-1.pdf?sequence=1&isAllowed=y","https://scholar.google.com/scholar?q=related:vvuXMSv42CgJ:scholar.google.com/&scioq=%22waist+circumference%22+nigeria&hl=en&as_sdt=0,5&as_ylo=2011&as_yhi=2012&as_vis=1"
7,"P Puustinen","The association of psychological distress with cardiovascular risk, the metabolic syndrome and mortality: the role of C-reactive protein",2011,"","erepo.uef.fi","https://erepo.uef.fi/bitstream/handle/123456789/10035/urn_isbn_978-952-61-0445-4.pdf?sequence=1","https://scholar.google.com/scholar?cites=9371592014370413243&as_sdt=2005&sciodt=0,5&hl=en",595,"2021-07-17 18:03:23","PDF","","","",,,,,7,0.70,7,1,10,"… In the Scottish Health Survey with 6576 healthy men and women, 959 subjects (15%) were categorized as high distressed (7). In a Nigerian sample of 272 primary care patients, 21% was categorized as psychologically distressed (71) …","https://erepo.uef.fi/bitstream/handle/123456789/10035/urn_isbn_978-952-61-0445-4.pdf?sequence=1","https://scholar.google.com/scholar?q=related:u5pvxEiVDoIJ:scholar.google.com/&scioq=%22waist+circumference%22+nigeria&hl=en&as_sdt=0,5&as_ylo=2011&as_yhi=2012&as_vis=1"
0,"C Lloyd","Mission X: Train Like an Astronaut. International Fitness Challenge",2011,"","ntrs.nasa.gov","https://ntrs.nasa.gov/citations/20110016194","",596,"2021-07-17 18:03:23","","","","",,,,,0,0.00,0,1,10,"… 17), Bolivia (16), Jordan (14), Paraguay (14), Belarus (14), Moldova (13), Mauritius (12), Armenia (12), Kuwait (11), Oman (11), Nigeria (11), Iraq … H, Ellis S, Cole T. Central overweight and obesity in British youth aged 11-16 years: cross sectional surveys of waist circumference …","https://ntrs.nasa.gov/api/citations/20110016194/downloads/20110016194.pdf",""
0,"X Mission","MISSION X: Train Like An Astronaut",2011,"","core.ac.uk","https://core.ac.uk/download/pdf/10563195.pdf","",597,"2021-07-17 18:03:23","PDF","","","",,,,,0,0.00,0,1,10,"… 17), Bolivia (16), Jordan (14), Paraguay (14), Belarus (14), Moldova (13), Mauritius (12), Armenia (12), Kuwait (11), Oman (11), Nigeria (11), Iraq … H, Ellis S, Cole T. Central overweight and obesity in British youth aged 11-16 years: cross sectional surveys of waist circumference …","https://core.ac.uk/download/pdf/10563195.pdf","https://scholar.google.com/scholar?q=related:iU4EYh-_DsUJ:scholar.google.com/&scioq=%22waist+circumference%22+nigeria&hl=en&as_sdt=0,5&as_ylo=2011&as_yhi=2012&as_vis=1"
6,"JM Cruickshank","Essential hypertension",2012,"","books.google.com","https://books.google.com/books?hl=en&lr=&id=MkUrAwAAQBAJ&oi=fnd&pg=PR7&dq=%22waist+circumference%22+nigeria&ots=XJ5JrqNUwH&sig=xo-w0Vn2jRdin2tZxwVlBYQ7CEE","https://scholar.google.com/scholar?cites=6133403646349297493&as_sdt=2005&sciodt=0,5&hl=en",598,"2021-07-17 18:03:23","BOOK","","","",,,,,6,0.67,6,1,9,"Page 1. Essential Hypertension Page 2. Page 3. Essential Hypertension John Malcolm Cruickshank, BM, BCH, MA, DM(Oxford), FRCP(London) Independent Cardiovascular Consultant London, United Kingdom 2013 PEOPLE's …","","https://scholar.google.com/scholar?q=related:VUe8xB46HlUJ:scholar.google.com/&scioq=%22waist+circumference%22+nigeria&hl=en&as_sdt=0,5&as_ylo=2011&as_yhi=2012&as_vis=1"
1,"JR Burger","A drug utilisation review of the concept of metabolic syndrome using a South African medicines claims database",2012,"","repository.nwu.ac.za","http://repository.nwu.ac.za/handle/10394/8072","https://scholar.google.com/scholar?cites=14326023320391126677&as_sdt=2005&sciodt=0,5&hl=en",599,"2021-07-17 18:03:23","","","","",,,,,1,0.11,1,1,9,"… 2.9.1.1 Definition of elevated waist circumference/obesity ..... 46 2.9.1.2 Prevalence and epidemiology of elevated waist circumference/obesity ..... 47 2.9.1.3 Elevated waist circumference/obesity as risk factor ..... 49 …","http://repository.nwu.ac.za/bitstream/handle/10394/8072/Burger_JR.pdf?sequence=2","https://scholar.google.com/scholar?q=related:lQ7gr05C0MYJ:scholar.google.com/&scioq=%22waist+circumference%22+nigeria&hl=en&as_sdt=0,5&as_ylo=2011&as_yhi=2012&as_vis=1"
17,"I Ortiz-Galeano, P Franquelo-Morales…","Prehipertensión arterial en adultos jóvenes",2012,"Revista Clínica …","Elsevier","https://www.sciencedirect.com/science/article/pii/S0014256512001440","https://scholar.google.com/scholar?cites=3718294190018781764&as_sdt=2005&sciodt=0,5&hl=en",600,"2021-07-17 18:03:23","","","","",,,,,17,1.89,6,3,9,"… The presence of metabolic syndrome was evaluated and quantified based on the sum of the standardized scores of the waist circumference, the triglyceride/c-HDL ratio, mean blood pressure and R-HOMA (Index of insulin resistance to glucose lowering effect). Results …","","https://scholar.google.com/scholar?q=related:ROJ3jt0ImjMJ:scholar.google.com/&scioq=%22waist+circumference%22+nigeria&hl=en&as_sdt=0,5&as_ylo=2011&as_yhi=2012&as_vis=1"
59,"M Jayashree, S Singhi","Changing trends and predictors of outcome in patients with acute poisoning admitted to the intensive care",2011,"Journal of tropical pediatrics","academic.oup.com","https://academic.oup.com/tropej/article-abstract/57/5/340/1623769","https://scholar.google.com/scholar?cites=388991835964155879&as_sdt=2005&sciodt=0,5&hl=en",601,"2021-07-17 18:03:23","","","","",,,,,59,5.90,30,2,10,"Abstract. Background: Acute poisoning in children is a medical emergency and preventable cause of morbidity and mortality. Knowledge about the nature, magnitude.","https://academic.oup.com/tropej/article/57/5/340/1623769","https://scholar.google.com/scholar?q=related:56criwP6ZQUJ:scholar.google.com/&scioq=%22waist+circumference%22+nigeria&hl=en&as_sdt=0,5&as_ylo=2011&as_yhi=2012&as_vis=1"
0,"AL Kuipers","Genetic Epidemiology of Subclinical Cardiovascular Disease and Osteoporosis Indices in African Ancestry Families",2011,"","search.proquest.com","https://search.proquest.com/openview/fe98ebc3e9650d60f175a93703ec2089/1?pq-origsite=gscholar&cbl=18750","",602,"2021-07-17 18:03:23","","","","",,,,,0,0.00,0,1,10,"Page 1. GENETIC EPIDEMIOLOGY OF SUBCLINICAL CARDIOVASCULAR DISEASE AND OSTEOPOROSIS INDICES IN AFRICAN ANCESTRY FAMILIES by Allison L Kuipers BS, University of Pittsburgh, 2007 Submitted to the Graduate Faculty of …","http://d-scholarship.pitt.edu/6546/1/ETD_AKuipers042811_FINAL.pdf","https://scholar.google.com/scholar?q=related:Zv-45Hn9auAJ:scholar.google.com/&scioq=%22waist+circumference%22+nigeria&hl=en&as_sdt=0,5&as_ylo=2011&as_yhi=2012&as_vis=1"
154,"M Gillett, P Royle, A Snaith, G Scotland…","Non-pharmacological interventions to reduce the risk of diabetes in people with impaired glucose regulation: a systematic review and economic evaluation.",2012,"Health technology …","eresearch.qmu.ac.uk","https://eresearch.qmu.ac.uk/handle/20.500.12289/4075","https://scholar.google.com/scholar?cites=3436985565629532747&as_sdt=2005&sciodt=0,5&hl=en",603,"2021-07-17 18:03:23","","","","",,,,,154,17.11,31,5,9,"… SD standard deviation SE standard error SF-36 Short Form questionnaire-36 items SF-6D Short Form questionnaire-6 Dimensions T1DM type 1 diabetes mellitus T2DM type 2 diabetes mellitus UKPDS UK Prospective Diabetes Study WC waist circumference WHO World Health …","https://eresearch.qmu.ac.uk/bitstream/handle/20.500.12289/4075/eResearch%204075.pdf?sequence=1","https://scholar.google.com/scholar?q=related:S0p-eSmgsi8J:scholar.google.com/&scioq=%22waist+circumference%22+nigeria&hl=en&as_sdt=0,5&as_ylo=2011&as_yhi=2012&as_vis=1"
0,"V Mahalakshmi","A Study to assess the risk factors with Knowledge and Attitude among Adults and in a view to develop SIM on CAD in a selected Hospital, Madurai.",2012,"","repository-tnmgrmu.ac.in","http://repository-tnmgrmu.ac.in/2586/","",604,"2021-07-17 18:03:23","","","","",,,,,0,0.00,0,1,9,"Page 1. V T AS KNOWL VIEW TO THE TAM IN PA STUDY TO LEDGE A O DEVELO A DI MILNADU ARTIAL FU MAST O ASSESS ND ATTI OP SIM O M ISSERTAT U DR. MG ULFILLM FOR TH TER OF S AP S THE RI ITUDE AM ON CAD IN MADURA TION SUB GR MEDI …","http://repository-tnmgrmu.ac.in/2586/1/300106912mahalakshmi.pdf","https://scholar.google.com/scholar?q=related:TKwE_stTivYJ:scholar.google.com/&scioq=%22waist+circumference%22+nigeria&hl=en&as_sdt=0,5&as_ylo=2011&as_yhi=2012&as_vis=1"
0,"N Moodley","Cardio-metabolic disease and associated risk factors in the Johannesburg Health District",2011,"","core.ac.uk","https://core.ac.uk/download/pdf/39669858.pdf","",605,"2021-07-17 18:03:23","PDF","","","",,,,,0,0.00,0,1,10,"… International Diabetes Federation defines the metabolic syndrome as (9): Central obesity (defined as waist circumference of ≥ 94cm for males and ≥ 80cm for … We must tackle this problem step by step and we must start now.‟ ~ Nigerian President Olusegun Obasanjo (35) …","https://core.ac.uk/download/pdf/39669858.pdf","https://scholar.google.com/scholar?q=related:kW3L2yfuufkJ:scholar.google.com/&scioq=%22waist+circumference%22+nigeria&hl=en&as_sdt=0,5&as_ylo=2011&as_yhi=2012&as_vis=1"
0,"CM Trier","Protein Ingestion as a Dietary Strategy for Managing Caloric Intake in Healthy Adults",2012,"","core.ac.uk","https://core.ac.uk/download/pdf/79565043.pdf","",606,"2021-07-17 18:03:23","PDF","","","",,,,,0,0.00,0,1,9,"… Page 3. ii weight, percent body fat and waist circumference. Those subjects having … Thomas, 2010). For instance, a recent longitudinal study found women of Nigeria and African American women had similar average daily energy …","https://core.ac.uk/download/pdf/79565043.pdf","https://scholar.google.com/scholar?q=related:gOxUkCS6X64J:scholar.google.com/&scioq=%22waist+circumference%22+nigeria&hl=en&as_sdt=0,5&as_ylo=2011&as_yhi=2012&as_vis=1"
12,"VK Moselakgomo, AL Toriola, BS Shaw…","Índice de massa corpórea, sobrepeso e pressão arterial em escolares na província de Limpopo, África do Sul",2012,"Revista Paulista de …","SciELO Brasil","https://www.scielo.br/j/rpp/a/5KrTb5wdwskmHqJ8QzC596q/?lang=pt","https://scholar.google.com/scholar?cites=12150114082797461743&as_sdt=2005&sciodt=0,5&hl=en",607,"2021-07-17 18:03:23","HTML","","","",,,,,12,1.33,3,4,9,"… Increase in body mass index and waist circumference is associated with high blood pressure in children and adolescents in … in relation to geographic area of residence: A cross-sectional study of adolescents in Kogi state, Nigeria … Blood pressure profile in Nigerian children …","https://www.scielo.br/j/rpp/a/5KrTb5wdwskmHqJ8QzC596q/?lang=pt","https://scholar.google.com/scholar?q=related:7yCdXWLgnagJ:scholar.google.com/&scioq=%22waist+circumference%22+nigeria&hl=en&as_sdt=0,5&as_ylo=2011&as_yhi=2012&as_vis=1"
0,"AW Froehle","Physical activity and metabolic physiology in postmenopausal women: an evolutionary approach",2011,"","escholarship.org","https://escholarship.org/uc/item/2rq4n03g","",608,"2021-07-17 18:03:23","","","","",,,,,0,0.00,0,1,10,"… 96 Figure A.16: O2MAX within groups at each testing period ..... 96 Page 10. ix Figure A.17: Waist circumference within groups at each testing period ..... 97 Figure A.18: Weight within groups at each testing period ..... 97 Page 11. x …","https://escholarship.org/content/qt2rq4n03g/qt2rq4n03g.pdf","https://scholar.google.com/scholar?q=related:VWgIWH0cPq0J:scholar.google.com/&scioq=%22waist+circumference%22+nigeria&hl=en&as_sdt=0,5&as_ylo=2011&as_yhi=2012&as_vis=1"
0,"FP TO","Conference Edition",,"69-195-108-233.unifiedlayer.com","","https://69-195-108-233.unifiedlayer.com/ecc/docs/The%20World%20Bank%20-%20NCDs%20in%20Jamaica.pdf","",609,"2021-07-17 18:03:23","PDF","","","",,,,,0,0.00,0,1,,"Page 1. NON-COMMUNICABLE DISEASES IN JAMAICA: MOVING FROM PRESCRIPTION TO PREVENTION Human Development Unit Caribbean Country Management Unit Latin America and the Caribbean Region The World Bank Conference Edition Page 2 …","https://69-195-108-233.unifiedlayer.com/ecc/docs/The%20World%20Bank%20-%20NCDs%20in%20Jamaica.pdf","https://scholar.google.com/scholar?q=related:hcxB1TaKQvgJ:scholar.google.com/&scioq=%22waist+circumference%22+nigeria&hl=en&as_sdt=0,5&as_ylo=2011&as_yhi=2012&as_vis=1"
1,"LD Kwape","Diet and cardiovascular disease risk factors in Botswana",2012,"","researchgate.net","https://www.researchgate.net/profile/Lems-Kwape-2/publication/305481199_Diet_and_cardiovascular_disease_risk_factors_in_Botswana_PhD_thesis/links/5790d0f908ae4e917d0462b8/Diet-and-cardiovascular-disease-risk-factors-in-Botswana-PhD-thesis.pdf","https://scholar.google.com/scholar?cites=14818395650009549525&as_sdt=2005&sciodt=0,5&hl=en",610,"2021-07-17 18:03:23","PDF","","","",,,,,1,0.11,1,1,9,"… Height, weight, waist circumference and blood pressure were measured, and a non-fasting blood sample … questionnaire, including a food frequency questionnaire, measurement of height, weight, waist circumference and blood pressure, and a non-fasting blood sample was …","https://www.researchgate.net/profile/Lems-Kwape-2/publication/305481199_Diet_and_cardiovascular_disease_risk_factors_in_Botswana_PhD_thesis/links/5790d0f908ae4e917d0462b8/Diet-and-cardiovascular-disease-risk-factors-in-Botswana-PhD-thesis.pdf","https://scholar.google.com/scholar?q=related:1UoDHFWEpc0J:scholar.google.com/&scioq=%22waist+circumference%22+nigeria&hl=en&as_sdt=0,5&as_ylo=2011&as_yhi=2012&as_vis=1"
0,"L Athanasiu","Whole genome analysis of genetic susceptibility factors in psychotic disorders",2011,"","duo.uio.no","https://www.duo.uio.no/handle/10852/28027","",611,"2021-07-17 18:03:23","","","","",,,,,0,0.00,0,1,10,"… TCF4 transcription factor 4 TG Triglycerides TOP Tematisk Område Psykoser (Thematically Organized Psychosis Study) TSI Toscani in Italy YRI Yoruba people trios in Ibadan, Nigeria ZNF804A zinc finger protein 804A Page 9. PREFACE 9 1.3 Genetic terms …","https://www.duo.uio.no/bitstream/handle/10852/28027/dravhandling-athanasiu.pdf?sequence=3","https://scholar.google.com/scholar?q=related:0ldOYtyheUIJ:scholar.google.com/&scioq=%22waist+circumference%22+nigeria&hl=en&as_sdt=0,5&as_ylo=2011&as_yhi=2012&as_vis=1"
0,"CL Robbins, PM Dietz, J Bombard, M Tregear…","SYSTEMATIC REVIEW",2011,"Preventing Chronic …","cdc.gov","https://www.cdc.gov/PCD/issues/2011/nov/11_0029.htm","",612,"2021-07-17 18:03:23","HTML","","","",,,,,0,0.00,0,5,10,"… Oluseye et al 1990 (35) Ibadan, Nigeria. Moderate. 42 sedentary Nigerian women, aged 20-50 y … Blood pressure and cholesterol were secondary outcomes of the study; primary outcomes were body weight, fat mass, and waist circumference. Ågren et al 1991 (37) …","https://www.cdc.gov/PCD/issues/2011/nov/11_0029.htm","https://scholar.google.com/scholar?q=related:WL8PbW-EALsJ:scholar.google.com/&scioq=%22waist+circumference%22+nigeria&hl=en&as_sdt=0,5&as_ylo=2011&as_yhi=2012&as_vis=1"
0,"OF CURRENT","ARE BLOOD GROUPS LINKED TO OBESITY A",2011,"Journal of Current Research","researchgate.net","https://www.researchgate.net/profile/Dr-Agrawal-8/publication/345045819_Are_blood_groups_linked_to_obesity_and_mental_health_A_cross_sectional_study/links/5f9d07a392851c14bcf64694/Are-blood-groups-linked-to-obesity-and-mental-health-A-cross-sectional-study.pdf","",613,"2021-07-17 18:03:23","PDF","","","",,,,,0,0.00,0,1,10,"… The limitations of our study were a small sample size and inclusion of limited parameters for assessment of obesity. Additional parameters like waist circumference, waist hip ratio as well as lipid profile can give more insight into the existing information …","https://www.researchgate.net/profile/Dr-Agrawal-8/publication/345045819_Are_blood_groups_linked_to_obesity_and_mental_health_A_cross_sectional_study/links/5f9d07a392851c14bcf64694/Are-blood-groups-linked-to-obesity-and-mental-health-A-cross-sectional-study.pdf","https://scholar.google.com/scholar?q=related:9Pnv6yliycoJ:scholar.google.com/&scioq=%22waist+circumference%22+nigeria&hl=en&as_sdt=0,5&as_ylo=2011&as_yhi=2012&as_vis=1"
1,"I Almazán García","Relación de peso y medidas corporales en cabras de raza alpina en la producción y calidad de leche",2012,"","ninive.uaslp.mx","http://ninive.uaslp.mx/xmlui/handle/i/3427","https://scholar.google.com/scholar?cites=8329692890348761814&as_sdt=2005&sciodt=0,5&hl=en",614,"2021-07-17 18:03:23","","","","",,,,,1,0.11,1,1,9,"… The highest correlation was body weight. The total solids content of milk showed a low positive correlation (0.168) and significant (P <0.05) with waist circumference alone, and an R 2 … a la cruz. En Nigeria, las cabras se utilizan principalmente para producción de carne, siendo …","https://ninive.uaslp.mx/xmlui/bitstream/handle/i/3427/IAZ1REL01201.pdf?sequence=2&isAllowed=y","https://scholar.google.com/scholar?q=related:1rJVGY0DmXMJ:scholar.google.com/&scioq=%22waist+circumference%22+nigeria&hl=en&as_sdt=0,5&as_ylo=2011&as_yhi=2012&as_vis=1"
17,"GK Isbister, SGA Brown…","Bites in Australian snake handlers—Australian snakebite project (ASP-15)",2012,"QJM: An International …","academic.oup.com","https://academic.oup.com/qjmed/article-abstract/105/11/1089/1515054","https://scholar.google.com/scholar?cites=17071935961617009923&as_sdt=2005&sciodt=0,5&hl=en",615,"2021-07-17 18:03:23","","","","",,,,,17,1.89,6,3,9,"Abstract. Background: Snakebites in snake handlers are an important clinical problem that may differ to bites in the general population.Aim: To investigate the.","https://academic.oup.com/qjmed/article/105/11/1089/1515054","https://scholar.google.com/scholar?q=related:Aw1mXE6z6-wJ:scholar.google.com/&scioq=%22waist+circumference%22+nigeria&hl=en&as_sdt=0,5&as_ylo=2011&as_yhi=2012&as_vis=1"
22,"P Padrão, A Damasceno, C Silva-Matos…","Tobacco consumption in Mozambique: use of distinct types of tobacco across urban and rural settings",2012,"Nicotine & Tobacco …","academic.oup.com","https://academic.oup.com/ntr/article-abstract/15/1/199/1107619","https://scholar.google.com/scholar?cites=16630465682877328039&as_sdt=2005&sciodt=0,5&hl=en",616,"2021-07-17 18:03:23","","","","",,,,,22,2.44,6,4,9,"AbstractIntroduction:. Monitoring tobacco consumption patterns is essential to define and evaluate strategies to control the tobacco epidemic. We aimed to quant.","https://citeseerx.ist.psu.edu/viewdoc/download?doi=10.1.1.859.700&rep=rep1&type=pdf","https://scholar.google.com/scholar?q=related:pyo6NW1Iy-YJ:scholar.google.com/&scioq=%22waist+circumference%22+nigeria&hl=en&as_sdt=0,5&as_ylo=2011&as_yhi=2012&as_vis=1"
0,"GC Bryan","An assessment of the risk factors for type 2 diabetes of women in rural Jamaica",2011,"","search.proquest.com","https://search.proquest.com/openview/7c91269b7dfd8b831859bddc63c52db2/1?pq-origsite=gscholar&cbl=18750","",617,"2021-07-17 18:03:23","BOOK","","","",,,,,0,0.00,0,1,10,"Page 1. AN ASSESSMENT OF THE RISK FACTORS FOR TYPE 2 DIABETES OF WOMEN IN RURAL JAMAICA Gearline C. Bryan A dissertation submitted in partial fulfillment of the requirements for the degree of Doctor of Health Administration School of Health Sciences …","","https://scholar.google.com/scholar?q=related:s0EiYlAfXf8J:scholar.google.com/&scioq=%22waist+circumference%22+nigeria&hl=en&as_sdt=0,5&as_ylo=2011&as_yhi=2012&as_vis=1"
1,"S Murugasen","Age at menarche and menopause: their correlates and association with selected cardiovascular disease risk factors among 300 000 Chinese women in the China …",2011,"","ora.ox.ac.uk","https://ora.ox.ac.uk/objects/uuid:3e5b66b9-0782-47c3-89a2-d95400e11689","https://scholar.google.com/scholar?cites=13740711044927453806&as_sdt=2005&sciodt=0,5&hl=en",618,"2021-07-17 18:03:23","","","","",,,,,1,0.10,1,1,10,"… RMB Renminbi SBP Systolic blood pressure SD Standard deviation SE Standard error SES Socioeconomic status USA United States of America WC Waist circumference WHR Waist-hip ratio WWII World War II Page 7 of 262 Page 9. Chapter 1. Introduction …","https://ora.ox.ac.uk/objects/uuid:3e5b66b9-0782-47c3-89a2-d95400e11689/download_file?file_format=pdf&safe_filename=Complete%2520version%2520of%2520Masters%2520thesis%2520with%2520cover%2520page.pdf&type_of_work=Thesis","https://scholar.google.com/scholar?q=related:bvov2uTPsL4J:scholar.google.com/&scioq=%22waist+circumference%22+nigeria&hl=en&as_sdt=0,5&as_ylo=2011&as_yhi=2012&as_vis=1"
0,"M Lilja","Trends in obesity and type 2 diabetes",,"researchgate.net","","https://www.researchgate.net/profile/Mikael-Lilja/publication/230692344_Trends_in_Obesity_and_type_2_diabetes_ethnic_aspects_and_links_to_adipokines/links/56388bce08ae51ccb3cc543b/Trends-in-Obesity-and-type-2-diabetes-ethnic-aspects-and-links-to-adipokines.pdf","",619,"2021-07-17 18:03:23","PDF","","","",,,,,0,0.00,0,1,,"… necrosis factor- T2DM type 2 diabetes mellitus VIP Västerbotten Intervention Programme VMH ventromedial nucleus of the hypothalamus WC waist circumference WHR waist … 9.1% in men and 29.3% in women [15], and a recent study of civil servants in urban Nigeria showed a …","https://www.researchgate.net/profile/Mikael-Lilja/publication/230692344_Trends_in_Obesity_and_type_2_diabetes_ethnic_aspects_and_links_to_adipokines/links/56388bce08ae51ccb3cc543b/Trends-in-Obesity-and-type-2-diabetes-ethnic-aspects-and-links-to-adipokines.pdf","https://scholar.google.com/scholar?q=related:2Mf9F9pG9ZgJ:scholar.google.com/&scioq=%22waist+circumference%22+nigeria&hl=en&as_sdt=0,5&as_ylo=2011&as_yhi=2012&as_vis=1"
2,"FO Abessolo, S Bekale, F Jose, Y Moutsinga…","Profil lipidique, cinétique d'apparition des diènes conjugués et activité paraoxonase-1 chez le diabétique de type 2 à Libreville au Gabon",2012,"International Journal of …","ajol.info","https://www.ajol.info/index.php/ijbcs/article/view/80533","https://scholar.google.com/scholar?cites=9298949643656921941&as_sdt=2005&sciodt=0,5&hl=en",620,"2021-07-17 18:03:23","","","","",,,,,2,0.22,0,5,9,"… 2010. Waist circumference and obesity- related abnormalities in French and Cameroonian adults: the role of urbanization and ethnicity. Int. J. Obes., 34(3): 446-53 … 2008. Pattern of dyslipidemia among Nigerians with type 2 diabetes mellitus. Niger J. Clin. Pract., 11(1): 25-31 …","https://www.ajol.info/index.php/ijbcs/article/view/80533/70777","https://scholar.google.com/scholar?q=related:VYNq1m6BDIEJ:scholar.google.com/&scioq=%22waist+circumference%22+nigeria&hl=en&as_sdt=0,5&as_ylo=2011&as_yhi=2012&as_vis=1"
24,"R Shrimpton, C Rokx","The double burden of malnutrition",2012,"","openknowledge.worldbank.org","https://openknowledge.worldbank.org/handle/10986/27417","https://scholar.google.com/scholar?cites=5822681202709404469&as_sdt=2005&sciodt=0,5&hl=en",621,"2021-07-17 18:03:23","","","","",,,,,24,2.67,12,2,9,"… Child Overweight Mother SES Socioeconomic Status SUN Scaling Up Nutrition TEF Thermic Effect of food TTL Task Team Leader US$ United States Dollar USDA United States Department of Agriculture WAZ Weight for Age Z-Score WC Waist Circumference WHA World Health …","https://openknowledge.worldbank.org/bitstream/handle/10986/27417/795250WP0Doubl00Box037737900PUBLIC0.pdf?sequence=1","https://scholar.google.com/scholar?q=related:NZvWN7RRzlAJ:scholar.google.com/&scioq=%22waist+circumference%22+nigeria&hl=en&as_sdt=0,5&as_ylo=2011&as_yhi=2012&as_vis=1"
2,"R Abu Zuaiter","Nutrition Assessment of Palestinian Children Less than Three Years Old with Rickets in Gaza Strip",2011,"","scholar.alaqsa.edu.ps","http://scholar.alaqsa.edu.ps/id/eprint/2062","https://scholar.google.com/scholar?cites=6147962015330751267&as_sdt=2005&sciodt=0,5&hl=en",622,"2021-07-17 18:03:23","","","","",,,,,2,0.20,2,1,10,"… UNISPAL United Nations Information System on The UNRWA United Nations Relief and Work Agency USD United States Dollars WC Waist Circumference WHO World Health Organization WHR Waist to Hip Ratio µL Micro-Liter Page 12. xii List of tables …","https://scholar.alaqsa.edu.ps/2062/1/Nutrition%20assessment%20of%20Palestinian%20children%20less%20than%20three%20years%20old%20with%20rickets%20in%20gaza%20strip.pdf","https://scholar.google.com/scholar?q=related:I1NiMOHyUVUJ:scholar.google.com/&scioq=%22waist+circumference%22+nigeria&hl=en&as_sdt=0,5&as_ylo=2011&as_yhi=2012&as_vis=1"
0,"F Fatima","Cardiovascular risk factors in rheumatoid arthritis",2012,"","search.proquest.com","https://search.proquest.com/openview/a7d3f48f28b59bccf785859e776efb44/1?pq-origsite=gscholar&cbl=18750&diss=y","",623,"2021-07-17 18:03:23","BOOK","","","",,,,,0,0.00,0,1,9,"Page 1. UNIVERSITY OF LIVERPOOL Cardiovascular Risk Factors in Rheumatoid Arthritis Thesis submitted in accordance with the requirements of the University of Liverpool for the degree of MD by Dr Firdaus Fatima March 2012 Page 2 …","https://livrepository.liverpool.ac.uk/3062695/1/27621058.pdf","https://scholar.google.com/scholar?q=related:4fMHRH1WnaIJ:scholar.google.com/&scioq=%22waist+circumference%22+nigeria&hl=en&as_sdt=0,5&as_ylo=2011&as_yhi=2012&as_vis=1"
0,"T Raad","The prevalence and associated risk factors of low back pain in an automotive production company",2012,"","dev-ir.dut.ac.za","http://dev-ir.dut.ac.za/handle/10321/737","",624,"2021-07-17 18:03:23","","","","",,,,,0,0.00,0,1,9,"Page 1. 0 The prevalence and associated risk factors of low back pain in an automotive production company. By Tarnia Raad Dissertation submitted in partial compliance with the requirements for the Master's Degree in Technology: Chiropractic Durban University of Technology …","http://dev-ir.dut.ac.za/bitstream/10321/737/1/Raad_2012.pdf","https://scholar.google.com/scholar?q=related:VCVSLgDQ0_cJ:scholar.google.com/&scioq=%22waist+circumference%22+nigeria&hl=en&as_sdt=0,5&as_ylo=2011&as_yhi=2012&as_vis=1"
2,"AAG Poku","Prevalence of Risk Factors for Hypertension among Senior High School Students in Ga East District in Greater Accra, Ghana",2011,"","197.255.68.205","http://197.255.68.205/handle/123456789/22773","https://scholar.google.com/scholar?cites=5407540480723113775&as_sdt=2005&sciodt=0,5&hl=en",625,"2021-07-17 18:03:23","","","","",,,,,2,0.20,2,1,10,"… prevalence of 9.9%, while systolic and diastolic hypertension prevalence was 6.4% and 4.5 % respectively. A similar study in Koji State in Nigeria reported a pre-hypertensive rate of 15.1% to 37.2% for age 13 to 18 years and hypertension prevalence of 5.3% to …","http://197.255.68.205/bitstream/handle/123456789/22773/Prevalence%20of%20Risk%20Factors%20For%20Hypertension%20among%20Senior%20High%20School%20Students%20in%20Ga%20East%20District%20in%20Greater%20Accra%2C%20Ghana%20-%20Ahenkan%20Adu%20Gyamfi%20Poku.pdf?sequence=1&isAllowed=y","https://scholar.google.com/scholar?q=related:L9cLtmpxC0sJ:scholar.google.com/&scioq=%22waist+circumference%22+nigeria&hl=en&as_sdt=0,5&as_ylo=2011&as_yhi=2012&as_vis=1"
211,"D Valvi, MA Mendez, D Martinez…","Prenatal concentrations of polychlorinated biphenyls, DDE, and DDT and overweight in children: a prospective birth cohort study",2012,"Environmental …","ehp.niehs.nih.gov","https://ehp.niehs.nih.gov/doi/abs/10.1289/ehp.1103862","https://scholar.google.com/scholar?cites=3576220261600546903&as_sdt=2005&sciodt=0,5&hl=en",626,"2021-07-17 18:03:23","","10.1289/ehp.1103862","","",,,,,211,23.44,53,4,9,"Background: Recent experimental evidence suggests that prenatal exposure to endocrine-disrupting chemicals (EDCs) may increase postnatal obesity risk and that these effects may be sex or diet depen...","https://ehp.niehs.nih.gov/doi/full/10.1289/ehp.1103862?url_ver=Z39.88-2003&rfr_id=ori:rid:crossref.org&rfr_dat=cr_pub%20%200pubmed","https://scholar.google.com/scholar?q=related:V1BBW2FJoTEJ:scholar.google.com/&scioq=%22waist+circumference%22+nigeria&hl=en&as_sdt=0,5&as_ylo=2011&as_yhi=2012&as_vis=1"
15,"C Gómez-Londoño…","Fuerza de presión manual y correlación con indicadores antropométricos y condición física en estudiantes universitarios",2012,"Revista Biosalud","biosalud.ucaldas.edu.co","http://biosalud.ucaldas.edu.co/downloads/Biosalud11(2)_2.pdf","https://scholar.google.com/scholar?cites=392086774646218681&as_sdt=2005&sciodt=0,5&hl=en",627,"2021-07-17 18:03:23","PDF","","","",,,,,15,1.67,8,2,9,"… beneficiary of a food subsidy (46 men - 46 women), aged 17-37 years underwent a nutritional assessment by measuring weight, height, subcutaneous skin folds, waist circumference,Harvard bench step … Reference Values for Handgrip Strength Among Healthy Adults in Nigeria …","http://biosalud.ucaldas.edu.co/downloads/Biosalud11(2)_2.pdf","https://scholar.google.com/scholar?q=related:uZ_qG9j4cAUJ:scholar.google.com/&scioq=%22waist+circumference%22+nigeria&hl=en&as_sdt=0,5&as_ylo=2011&as_yhi=2012&as_vis=1"
0,"M Rocha-e-Silva, AM Gomes","A review of recent pediatric research published in Brazilian indexed journals",2012,"Sao Paulo Medical Journal","SciELO Brasil","https://www.scielo.br/pdf/spmj/v130n5/09.pdf","",628,"2021-07-17 18:03:23","PDF","","","",,,,,0,0.00,0,2,9,"… antibodies, including correlates of infection, among 273 pregnant women (aged 15-40 years) attending an antenatal clinic in Nigeria … protocol for gathering sociodemographic data, body mass index, blood pressure, capil- lary blood glucose and waist circumference was applied …","https://www.scielo.br/pdf/spmj/v130n5/09.pdf","https://scholar.google.com/scholar?q=related:t9wwlJKxMyAJ:scholar.google.com/&scioq=%22waist+circumference%22+nigeria&hl=en&as_sdt=0,5&as_ylo=2011&as_yhi=2012&as_vis=1"
12,"AL Rubin","High blood pressure for dummies",2011,"","books.google.com","https://books.google.com/books?hl=en&lr=&id=YXUuI3zq0f0C&oi=fnd&pg=PA1&dq=%22waist+circumference%22+nigeria&ots=_x4qaDHzwa&sig=GBY4gTwrm9px-unYm2crOageowg","https://scholar.google.com/scholar?cites=12692097588086058798&as_sdt=2005&sciodt=0,5&hl=en",629,"2021-07-17 18:03:23","BOOK","","","",,,,,12,1.20,12,1,10,"Page 1. -■sg^»ffisss*»- 2nd Edition A Reference for the Rest of Us! % 7»™u££*r Page 2. High Blood Pressure FOR DUMmIES‰ 2ND EDITION Page 3. Page 4. High Blood Pressure FOR DUMmIES‰ 2ND EDITION by Alan L.Rubin,MD Page 5 …","","https://scholar.google.com/scholar?q=related:Li92wIJjI7AJ:scholar.google.com/&scioq=%22waist+circumference%22+nigeria&hl=en&as_sdt=0,5&as_ylo=2011&as_yhi=2012&as_vis=1"
3,"TE Leslie","Dengue Fever and the Quandary of Race",2011,"Latin American and Caribbean Ethnic Studies","Taylor & Francis","https://www.tandfonline.com/doi/abs/10.1080/17442222.2011.617590","https://scholar.google.com/scholar?cites=11857596190214393997&as_sdt=2005&sciodt=0,5&hl=en",630,"2021-07-17 18:03:23","","10.1080/17442222.2011.617590","","",,,,,3,0.30,3,1,10,"… Corresponding genotypes for 60 individuals from the Nigerian Yoruba ethnic group and 60 ethnic Caucasians were obtained from the … differences are also defined through muscular/adipose tissue distribution-body mass index, fat fold thickness, waist circumference, and hip …","https://www.academia.edu/download/51240583/Dengue_Fever_and_the_Quandary_of_Race20170107-14026-1k1kla7.pdf","https://scholar.google.com/scholar?q=related:jRDBJ-mkjqQJ:scholar.google.com/&scioq=%22waist+circumference%22+nigeria&hl=en&as_sdt=0,5&as_ylo=2011&as_yhi=2012&as_vis=1"
10,"R Ezekiel, N Singh","Use of potato flour in bread and flat bread",2011,"Flour and breads and their fortification in health and …","Elsevier","https://www.sciencedirect.com/science/article/pii/B9780123808868100236","https://scholar.google.com/scholar?cites=237591647394556739&as_sdt=2005&sciodt=0,5&hl=en",631,"2021-07-17 18:03:23","","","","",,,,,10,1.00,5,2,10,"… The composition (average values) of potato varieties from the United Kingdom (Paul and Southgate, 1978), the United States (Treadway et al., 1950), Nigeria (Okorie et al., 2002), and India (Chandra Shekara and Shurpalekar, 1983) is given in Table 23.1 …","","https://scholar.google.com/scholar?q=related:Q2uNMFgYTAMJ:scholar.google.com/&scioq=%22waist+circumference%22+nigeria&hl=en&as_sdt=0,5&as_ylo=2011&as_yhi=2012&as_vis=1"
15,"C Araújo, C Silva-Matos, A Damasceno…","Manufactured and hand-rolled cigarettes and smokeless tobacco consumption in Mozambique: regional differences at early stages of the tobacco epidemic",2011,"Drug and alcohol …","Elsevier","https://www.sciencedirect.com/science/article/pii/S0376871611002572","https://scholar.google.com/scholar?cites=6921137316662411223&as_sdt=2005&sciodt=0,5&hl=en",632,"2021-07-17 18:03:23","","","","",,,,,15,1.50,4,4,10,"JavaScript is disabled on your browser. Please enable JavaScript to use all the features on this page. Skip to main content Skip to article …","","https://scholar.google.com/scholar?q=related:1_9cQbjRDGAJ:scholar.google.com/&scioq=%22waist+circumference%22+nigeria&hl=en&as_sdt=0,5&as_ylo=2011&as_yhi=2012&as_vis=1"
131,"MA Mendez, R Garcia-Esteban…","Prenatal organochlorine compound exposure, rapid weight gain, and overweight in infancy",2011,"Environmental …","ehp.niehs.nih.gov","https://ehp.niehs.nih.gov/doi/abs/10.1289/ehp.1002169","https://scholar.google.com/scholar?cites=12354059002959222270&as_sdt=2005&sciodt=0,5&hl=en",633,"2021-07-17 18:03:23","","10.1289/ehp.1002169","","",,,,,131,13.10,44,3,10,"BackgroundAlthough it has been hypothesized that fetal exposure to endocrine-disrupting chemicals may increase obesity risk, empirical data are limited, and it is uncertain how early in life any ef...","https://ehp.niehs.nih.gov/doi/full/10.1289/ehp.1002169","https://scholar.google.com/scholar?q=related:_tWZZTVvcqsJ:scholar.google.com/&scioq=%22waist+circumference%22+nigeria&hl=en&as_sdt=0,5&as_ylo=2011&as_yhi=2012&as_vis=1"
89,"MS Sridhar, CD Jarrett…","Obesity and symptomatic osteoarthritis of the knee",2012,"The Journal of …","online.boneandjoint.org.uk","https://online.boneandjoint.org.uk/doi/abs/10.1302/0301-620X.94B4.27648","https://scholar.google.com/scholar?cites=13299919777496177236&as_sdt=2005&sciodt=0,5&hl=en",634,"2021-07-17 18:03:23","","10.1302/0301-620X.94B4.27648","","",,,,,89,9.89,30,3,9,"Log in to your account. Email. Password. Forgot password? Keep me logged in …","https://online.boneandjoint.org.uk/doi/pdf/10.1302/0301-620x.94b4.27648","https://scholar.google.com/scholar?q=related:VBraVpLOkrgJ:scholar.google.com/&scioq=%22waist+circumference%22+nigeria&hl=en&as_sdt=0,5&as_ylo=2011&as_yhi=2012&as_vis=1"
0,"T Chowdhury, L King, CF Close…","Sri Lankan Diet",2012,"… Handbook of Food …","books.google.com","https://books.google.com/books?hl=en&lr=&id=YF1YCg5Ig-EC&oi=fnd&pg=PA102&dq=%22waist+circumference%22+nigeria&ots=7hPwUAN5JW&sig=KYKVViALrNgMk5nmXZ1fZ9TmvZk","",635,"2021-07-17 18:03:23","","","","",,,,,0,0.00,0,4,9,"… headandneckcancer. co. uk/showpage. asp? id= incidence & menu= 2. Misra, A., Vikram, NK et al.(2006) Waist circumference cutoff points and action levels for Asian Indians for identification of abdominal obesity. International Journal of Obesity, 30, 106–11 …","","https://scholar.google.com/scholar?q=related:RREPrpktSE8J:scholar.google.com/&scioq=%22waist+circumference%22+nigeria&hl=en&as_sdt=0,5&as_ylo=2011&as_yhi=2012&as_vis=1"
0,"M Mosley","Dietary associations that may reduce metabolic syndrome risk in Mexican young adults",2012,"","ideals.illinois.edu","http://www.ideals.illinois.edu/handle/2142/34536","",636,"2021-07-17 18:03:23","","","","",,,,,0,0.00,0,1,9,"… fat in the abdominal area, is closely associated with metabolic conditions (Vague, 1956). Abdominal obesity is typically clinically measured by waist circumference (WC), but may also … Prudhomme, Pouliot, Tremblay, & Bouchard, 1991). Waist circumference has also proven a …","https://www.ideals.illinois.edu/bitstream/handle/2142/34536/Mosley_Michelle.pdf?sequence=1","https://scholar.google.com/scholar?q=related:ijLR-H6rRR4J:scholar.google.com/&scioq=%22waist+circumference%22+nigeria&hl=en&as_sdt=0,5&as_ylo=2011&as_yhi=2012&as_vis=1"
19,"S Chen, CW Binns, Y Zhang","The importance of definition in diagnosing obesity: a review of studies of children in China",2012,"Asia Pacific Journal of Public …","journals.sagepub.com","https://journals.sagepub.com/doi/abs/10.1177/1010539512441617","https://scholar.google.com/scholar?cites=8712593745990684052&as_sdt=2005&sciodt=0,5&hl=en",637,"2021-07-17 18:03:23","","10.1177/1010539512441617","","",,,,,19,2.11,6,3,9,"The prevalence of childhood overweight and obesity in China has increased in recent decades. However, studies reported from China use several different definitions and growth references, making it ...","","https://scholar.google.com/scholar?q=related:lI0QxtlZ6XgJ:scholar.google.com/&scioq=%22waist+circumference%22+nigeria&hl=en&as_sdt=0,5&as_ylo=2011&as_yhi=2012&as_vis=1"
5,"Y Liu","Acute effects of navy bean powder, lentil powder and chickpea powder on postprandial glycaemic response and subjective appetite in healthy young men",2012,"","central.bac-lac.gc.ca","https://central.bac-lac.gc.ca/.item?id=MR91972&op=pdf&app=Library&oclc_number=1019482452","https://scholar.google.com/scholar?cites=15150093919592360194&as_sdt=2005&sciodt=0,5&hl=en",638,"2021-07-17 18:03:23","PDF","","","",,,,,5,0.56,5,1,9,"… and copper, but they also have lower body weight and smaller waist circumference (16); bean consumers in adolescents aged 12-19 years also have lower body weight and smaller waist … cups of canned navy beans per week for four weeks and experienced waist circumference …","https://central.bac-lac.gc.ca/.item?id=MR91972&op=pdf&app=Library&oclc_number=1019482452","https://scholar.google.com/scholar?q=related:AqkbtybyP9IJ:scholar.google.com/&scioq=%22waist+circumference%22+nigeria&hl=en&as_sdt=0,5&as_ylo=2011&as_yhi=2012&as_vis=1"
2,"D Zappulla","The CO2 Hypothesis Update-Metabolic Syndrome: An Inevitable Response to Environmental Stresses-Induced Suicidal Death of Erythrocytes (Eryptosis)?",2012,"HANDBOOK ON METABOLIC SYNDROME","researchgate.net","https://www.researchgate.net/profile/Alynne-Andaki/publication/282505880_Diagnostics_Criteria_of_metabolic_Syndrome_in_Children/links/5611689608ae4833751b9d70/Diagnostics-Criteria-of-metabolic-Syndrome-in-Children.pdf#page=207","https://scholar.google.com/scholar?cites=5211096290559992470&as_sdt=2005&sciodt=0,5&hl=en",639,"2021-07-17 18:03:23","PDF","","","",,,,,2,0.22,2,1,9,"… that worldwide 1.5 billion adults of≥ 20 years are overweight, 500 million of whom are clinically obese, classified by a body mass index (BMI= weight in kilograms divided by square of height in meters) equal to or greater than 30 kgm2, or a waist circumference greater than 94 …","https://www.researchgate.net/profile/Alynne-Andaki/publication/282505880_Diagnostics_Criteria_of_metabolic_Syndrome_in_Children/links/5611689608ae4833751b9d70/Diagnostics-Criteria-of-metabolic-Syndrome-in-Children.pdf#page=207","https://scholar.google.com/scholar?q=related:liIveXeIUUgJ:scholar.google.com/&scioq=%22waist+circumference%22+nigeria&hl=en&as_sdt=0,5&as_ylo=2011&as_yhi=2012&as_vis=1"
8,"J Pires, P Padrão, A Damasceno…","Impact of different reference period definitions in the quantification of alcohol consumption: Results from a nationwide STEPS survey in Mozambique",2012,"Alcohol and …","academic.oup.com","https://academic.oup.com/alcalc/article-abstract/47/3/328/145655","https://scholar.google.com/scholar?cites=493447489407534474&as_sdt=2005&sciodt=0,5&hl=en",640,"2021-07-17 18:03:23","","","","",,,,,8,0.89,2,4,9,"Abstract. Aims: To compare the estimates of alcohol consumption in Mozambique obtained with different reference period definitions. This is a critical methodolo.","https://academic.oup.com/alcalc/article/47/3/328/145655","https://scholar.google.com/scholar?q=related:isVxkeAT2QYJ:scholar.google.com/&scioq=%22waist+circumference%22+nigeria&hl=en&as_sdt=0,5&as_ylo=2011&as_yhi=2012&as_vis=1"
0,"P Little Flower","Assess the Knowledge and Practice regarding Hypertension and Its Association with the Level of Blood Pressure among Adults in Nanchiyampalayam at Dharapuram …",2012,"","repository-tnmgrmu.ac.in","http://repository-tnmgrmu.ac.in/12988/","",641,"2021-07-17 18:03:23","","","","",,,,,0,0.00,0,1,9,"Page 1. ASSESS THE KNOWLEDGE AND PRACTICE REGARDING HYPERTENSION AND ITS ASSOCIATION WITH THE LEVEL OF BLOOD PRESSURE AMONG ADULTS IN NANCHIYAMPALAYAM AT DHARAPURAM WITH A VIEW OF CONDUCTING AN …","http://repository-tnmgrmu.ac.in/12988/1/300406512littleflower.pdf","https://scholar.google.com/scholar?q=related:_s2Chftf3AoJ:scholar.google.com/&scioq=%22waist+circumference%22+nigeria&hl=en&as_sdt=0,5&as_ylo=2011&as_yhi=2012&as_vis=1"
1,"LU KADUKA","PREVALENCE AND ASSOCIATION OF CONVENTIONAL AND NOVEL RISK FACTORS FOR CORONARY HEART DISEASE IN LANGATA CONSTITUENCY …",2012,"","ir-library.ku.ac.ke","http://ir-library.ku.ac.ke/bitstream/handle/123456789/6574/LYDIA%20URILA%20KADUKA.pdf?sequence=3&isAllowed=y","https://scholar.google.com/scholar?cites=1439301093907475235&as_sdt=2005&sciodt=0,5&hl=en",642,"2021-07-17 18:03:23","PDF","","","",,,,,1,0.11,1,1,9,"… with increasing age in both sexes. A comparison of the lipid profile of normal Nigerian subjects with those of black Americans showed the total cholesterol values of normal black Americans to be significantly higher, and HDLc significantly lower than those of normal Nigerians of …","http://ir-library.ku.ac.ke/bitstream/handle/123456789/6574/LYDIA%20URILA%20KADUKA.pdf?sequence=3&isAllowed=y","https://scholar.google.com/scholar?q=related:I6svG7hs-RMJ:scholar.google.com/&scioq=%22waist+circumference%22+nigeria&hl=en&as_sdt=0,5&as_ylo=2011&as_yhi=2012&as_vis=1"
81,"H Shibata, H Itoh","Mineralocorticoid receptor-associated hypertension and its organ damage: clinical relevance for resistant hypertension",2012,"American journal of hypertension","academic.oup.com","https://academic.oup.com/ajh/article-abstract/25/5/514/104442","https://scholar.google.com/scholar?cites=12759768112137490786&as_sdt=2005&sciodt=0,5&hl=en",643,"2021-07-17 18:03:23","","","","",,,,,81,9.00,41,2,9,"Abstract. The role of aldosterone in the pathogenesis of hypertension and cardiovascular diseases has been clearly shown in congestive heart failure and endocri.","https://academic.oup.com/ajh/article-pdf/25/5/514/8580249/25_5_514.pdf","https://scholar.google.com/scholar?q=related:YtFPbH7NE7EJ:scholar.google.com/&scioq=%22waist+circumference%22+nigeria&hl=en&as_sdt=0,5&as_ylo=2011&as_yhi=2012&as_vis=1"
1,"SK M'Kiunga","Barriers in preventing long-term complications among patients with type 2 diabetes mellitus at the Kenyatta National Hospital",2011,"","erepository.uonbi.ac.ke","http://erepository.uonbi.ac.ke/handle/11295/4538","https://scholar.google.com/scholar?cites=17220558469111669677&as_sdt=2005&sciodt=0,5&hl=en",644,"2021-07-17 18:03:23","","","","",,,,,1,0.10,1,1,10,"Page 1. BARRIERS IN PREVENTING LONG-TERM COMPLICATIONS AMONG PATIENTS WITH TYPE 2 DIABETES MELLITUS AT THE KENYATTA NATIONAL HOSPITAL A THESIS SUBMITTED IN PART FULFILLMENT OF …","http://erepository.uonbi.ac.ke/bitstream/handle/11295/4538/Kiunga_Barriers%20in%20preventing%20long-term%20complications%20among%20patients%20with%20type%202%20diabetes%20mellitus(2).pdf?sequence=4","https://scholar.google.com/scholar?q=related:reM-cbC2--4J:scholar.google.com/&scioq=%22waist+circumference%22+nigeria&hl=en&as_sdt=0,5&as_ylo=2011&as_yhi=2012&as_vis=1"
65,"SL Dwivedi, KL Sahrawat, KN Rai, MW Blair…","Nutritionally enhanced staple food crops",2012,"","oar.icrisat.org","http://oar.icrisat.org/6196/","https://scholar.google.com/scholar?cites=14530551062003058954&as_sdt=2005&sciodt=0,5&hl=en",645,"2021-07-17 18:03:23","","","","",,,,,65,7.22,13,5,9,"… The basic anthropometric measurements include the body mass index (BMI = weight/height^2) and the waist circumference (either alone or expressed against hip circumference) … The waist circumference correlates quite closely with the BMI …","http://oar.icrisat.org/6196/7/PBreviews_36_169-291_2012.pdf","https://scholar.google.com/scholar?q=related:CgleaTTjpskJ:scholar.google.com/&scioq=%22waist+circumference%22+nigeria&hl=en&as_sdt=0,5&as_ylo=2011&as_yhi=2012&as_vis=1"
0,"KB Adamo","Manuscript# 3: Body Composition Measured by Dual-Energy X-ray Absorptiometry (DXA) Half-body Scans in Obese Children",2011,"Validation of Cardiorespiratory Fitness and Body …","Citeseer","http://citeseerx.ist.psu.edu/viewdoc/download?doi=10.1.1.965.8959&rep=rep1&type=pdf#page=95","",646,"2021-07-17 18:03:23","PDF","","","",,,,,0,0.00,0,1,10,"Page 95. 95 CHAPTER 5 Manuscript# 3: Body Composition Measured by Dual-Energy X-ray Absorptiometry (DXA) Half-body Scans in Obese Children Body composition measured by dual-‐energy x-‐ray absorptiometry half …","http://citeseerx.ist.psu.edu/viewdoc/download?doi=10.1.1.965.8959&rep=rep1&type=pdf#page=95","https://scholar.google.com/scholar?q=related:dfZuPsz8OdsJ:scholar.google.com/&scioq=%22waist+circumference%22+nigeria&hl=en&as_sdt=0,5&as_ylo=2011&as_yhi=2012&as_vis=1"
30,"K Nowosielski, V Skrzypulec‐Plinta","Mediators of sexual functions in women with diabetes",2011,"The journal of sexual medicine","Elsevier","https://www.sciencedirect.com/science/article/pii/S1743609515336596","https://scholar.google.com/scholar?cites=14750078033123132621&as_sdt=2005&sciodt=0,5&hl=en",647,"2021-07-17 18:03:23","","","","",,,,,30,3.00,15,2,10,"… 1. Abdominal obesity: waist circumference >88 cm; 2 Hypertriglyceridemia: 150 mg/dL (1.69 mmol/L); 3 Low HDL cholesterol: <50 mg/dL (1.29 mmol/L); 4 High blood pressure: 130/85 mm Hg; 5 High fasting glucose: 110 mg/dL (6.1 mmol/L) …","https://www.academia.edu/download/33984457/DM_-_madiators_JSM.pdf","https://scholar.google.com/scholar?q=related:zcSYZdLNsswJ:scholar.google.com/&scioq=%22waist+circumference%22+nigeria&hl=en&as_sdt=0,5&as_ylo=2011&as_yhi=2012&as_vis=1"
0,"K Richardson","Genetic variation at the PAT loci: associations, gene-diet interactions and obesity risk",2011,"","search.proquest.com","https://search.proquest.com/openview/65514cdd1c502fba47ce900eb099e065/1?pq-origsite=gscholar&cbl=18750","",648,"2021-07-17 18:03:23","","","","",,,,,0,0.00,0,1,10,"Page 1. Genetic variation at the PAT loci: associations, gene-diet interactions and obesity risk. A dissertation submitted by Kris Richardson In partial fulfillment of the requirements for the degree of Doctor of Philosophy in Genetics Tufts University …","","https://scholar.google.com/scholar?q=related:rzvGE5xyfiQJ:scholar.google.com/&scioq=%22waist+circumference%22+nigeria&hl=en&as_sdt=0,5&as_ylo=2011&as_yhi=2012&as_vis=1"
3,"C Calbom","The Juice Lady's Weekend Weight-Loss Diet: Two Days to a New Dress Size",2011,"","books.google.com","https://books.google.com/books?hl=en&lr=&id=jW8OAwAAQBAJ&oi=fnd&pg=PR4&dq=%22waist+circumference%22+nigeria&ots=WZiMbmaeIO&sig=lj5rZg46ilAnNE8NTeTrSXDeAic","https://scholar.google.com/scholar?cites=12652864186126135686&as_sdt=2005&sciodt=0,5&hl=en",649,"2021-07-17 18:03:23","BOOK","","","",,,,,3,0.30,3,1,10,"Page 1. _\ _~ Ch€ri@ C|Q|'n,|\/:s,cl\1 Besi-selling author of Juicing for Life and The Juice Ldd)/'5 Turbo Diet Page 2. The Juice Lady's WEEKEND WEIGHT-LOSS DIET Page 3. Page 4. The Juice Lady's WEEKEND WEIGHT-LOSS DIET Cherie Calbom ,MS, CN Page 5 …","","https://scholar.google.com/scholar?q=related:hnFPhfAAmK8J:scholar.google.com/&scioq=%22waist+circumference%22+nigeria&hl=en&as_sdt=0,5&as_ylo=2011&as_yhi=2012&as_vis=1"
132,"DC Bellinger","The protean toxicities of lead: new chapters in a familiar story",2011,"International journal of environmental research and …","mdpi.com","https://www.mdpi.com/25866","https://scholar.google.com/scholar?cites=12690097852396598023&as_sdt=2005&sciodt=0,5&hl=en",650,"2021-07-17 18:03:23","","","","",,,,,132,13.20,132,1,10,"… the median value (19.0 μg/g) had pulse pressures that were 4.2 mmHg higher (95% CI 1.9–6.5 mmHg), compared with men with tibia lead levels below the median, adjusting for age, race, diabetes, family history of hypertension, education, waist circumference, alcohol intake …","https://www.mdpi.com/1660-4601/8/7/2593/pdf","https://scholar.google.com/scholar?q=related:B_MLAcNIHLAJ:scholar.google.com/&scioq=%22waist+circumference%22+nigeria&hl=en&as_sdt=0,5&as_ylo=2011&as_yhi=2012&as_vis=1"
0,"AE Lang","CHALLENGES TO OBTAINING NEUROPROTECTION IN PARKINSON'S DISEASE",,"researchgate.net","","https://www.researchgate.net/profile/Olena-Fartushna/publication/321153386_Emergency_therapeutic_approach_as_a_secondary_prevention_of_an_acute_ischemic_stroke_in_patients_with_TIA/links/5c1c3a8f458515a4c7edaf5f/Emergency-therapeutic-approach-as-a-secondary-prevention-of-an-acute-ischemic-stroke-in-patients-with-TIA.pdf","",651,"2021-07-17 18:03:23","PDF","","","",,,,,0,0.00,0,1,,"… Central obesity was determined by waist circumference and hypercoagulable state by plasminogen activator inhibitor (PAI-1) levels … PAI-1 levels, and waist circumference were significantly higher in group A, B, and C in comparison to controls (p< 0.01, respectively) …","https://www.researchgate.net/profile/Olena-Fartushna/publication/321153386_Emergency_therapeutic_approach_as_a_secondary_prevention_of_an_acute_ischemic_stroke_in_patients_with_TIA/links/5c1c3a8f458515a4c7edaf5f/Emergency-therapeutic-approach-as-a-secondary-prevention-of-an-acute-ischemic-stroke-in-patients-with-TIA.pdf",""
0,"HS Al-Safar","The EFR Project: A Collaborative Network to Establish an Arabian Bio-bank Resource to Identify Disease Genes of Indigenous Populations",2011,"","api.research-repository.uwa.edu.au","https://api.research-repository.uwa.edu.au/portalfiles/portal/3247496/Al-Safar_Habiba_Sayeed_2011.pdf","",652,"2021-07-17 18:03:23","BOOK","","","",,,,,0,0.00,0,1,10,"… Once the data in the disease and control groups were stratified, a significant relationship between T2D status and waist circumference (WC) (p = 2.6, E-9) and BMI (Body Mass Index) (p = 1.0, E-6) was found … WC Waist Circumference WGA Whole Genome Amplification …","https://api.research-repository.uwa.edu.au/portalfiles/portal/3247496/Al-Safar_Habiba_Sayeed_2011.pdf","https://scholar.google.com/scholar?q=related:HGFq2Zyp6v4J:scholar.google.com/&scioq=%22waist+circumference%22+nigeria&hl=en&as_sdt=0,5&as_ylo=2011&as_yhi=2012&as_vis=1"
0,"SH Liu","Sexual activity, menstrual cycle, and variable detection of human papillomavirus DNA in mid-adult women",2012,"","search.proquest.com","https://search.proquest.com/openview/e629f12233352e2f08fbdfaf161193c8/1?pq-origsite=gscholar&cbl=18750","",653,"2021-07-17 18:03:23","BOOK","","","",,,,,0,0.00,0,1,9,"… body mass index [BMI] > 30 kg/m2: 1.03, P: 0.906; aOR for waist circumference [WC] > 88 cm: 0.74, P: 0.286), after adjusting for age, race/ ethnicity, statin and … Spain to 25.6% (95%CI: 22.4-28.8) in Nigeria.2,3 Of note, both reports showed a …","","https://scholar.google.com/scholar?q=related:eSUQJnuL8XIJ:scholar.google.com/&scioq=%22waist+circumference%22+nigeria&hl=en&as_sdt=0,5&as_ylo=2011&as_yhi=2012&as_vis=1"
0,"AZ Al Hazzouri, P Singh, R van der Linde, CM de Leon…","FINAL PROGRAM",2012,"","epiresearch.org","https://epiresearch.org/wp-content/uploads/2014/07/FINAL-program-2012.pdf","",654,"2021-07-17 18:03:23","PDF","","","",,,,,0,0.00,0,5,9,"… 135 Comparison of Bilirubin-Induced Neurologic Dysfunction (BIND) Scores in Jaundiced Nigerian Infants by Resident and Consultant Pediatricians Frank Groves 136 Neonatal Mortality Rate in the Last 25 Years Due to Congenital Heart Disease (CHD) Jagjit Teji …","https://epiresearch.org/wp-content/uploads/2014/07/FINAL-program-2012.pdf",""
0,"SA Carson","Nineteenth Century US Black and White Physical Activity and Nutritional Trends among the Working Class",2012,"","papers.ssrn.com","https://papers.ssrn.com/sol3/papers.cfm?abstract_id=2133156","",655,"2021-07-17 18:03:23","","","","",,,,,0,0.00,0,1,9,"Page 1. Nineteenth Century US Black and White Physical Activity and Nutritional Trends among the Working Class Scott Alan Carson CESIFO WORKING PAPER NO. 3890 CATEGORY 4: LABOUR MARKETS JULY 2012 An …","https://www.econstor.eu/bitstream/10419/61045/1/720723302.pdf","https://scholar.google.com/scholar?q=related:ktMiyhE8UZgJ:scholar.google.com/&scioq=%22waist+circumference%22+nigeria&hl=en&as_sdt=0,5&as_ylo=2011&as_yhi=2012&as_vis=1"
0,"V Pribram, K Foster","13 Healthy Eating and Well-Being",2011,"Nutrition and HIV","books.google.com","https://books.google.com/books?hl=en&lr=&id=MgnvD539ffUC&oi=fnd&pg=PA275&dq=%22waist+circumference%22+nigeria&ots=jWqzmbWP2V&sig=HXwZDYSo9He6bgxEDtg0JUK7-0g","",656,"2021-07-17 18:03:23","","","","",,,,,0,0.00,0,2,10,"… Kenya Uganda Zimbabwe Malawi South Africa Botswana Central African States Eg DRC, Congo, Cameroon Southern Africa West Africa Eg, Nigeria, Ivory Coast … Use BMI to classify degree of obesity and waist circumference to classify health risk if BMI less than 35 kg/m2 (see …","","https://scholar.google.com/scholar?q=related:nkKfXpGIob4J:scholar.google.com/&scioq=%22waist+circumference%22+nigeria&hl=en&as_sdt=0,5&as_ylo=2011&as_yhi=2012&as_vis=1"
5,"S Huhn, B Pardini, A Naccarati, P Vodička…","Ancestral susceptibility to colorectal cancer",2012,"…","academic.oup.com","https://academic.oup.com/mutage/article-abstract/27/2/197/1048511","https://scholar.google.com/scholar?cites=16348450756288095090&as_sdt=2005&sciodt=0,5&hl=en",657,"2021-07-17 18:03:23","","","","",,,,,5,0.56,1,5,9,"Abstract. Every year, approximately 1 million new colorectal cancer (CRC) cases are diagnosed and about half a million people worldwide die due to this cancer.","https://academic.oup.com/mutage/article/27/2/197/1048511","https://scholar.google.com/scholar?q=related:cqOEVFhd4eIJ:scholar.google.com/&scioq=%22waist+circumference%22+nigeria&hl=en&as_sdt=0,5&as_ylo=2011&as_yhi=2012&as_vis=1"
0,"RJ ANUYE","GOPD CARE OF TYPE 2 DIABETES MELLITUS PATIENTS IN JUTH-Effect of Patient-Centred-Care on Glycaemic control and Quality of Life",2012,"Faculty of Family Medicine","dissertation.npmcn.edu.ng","http://www.dissertation.npmcn.edu.ng/index.php/FMCFM/article/view/325","",658,"2021-07-17 18:03:23","","","","",,,,,0,0.00,0,1,9,"… A DISSERTATION SUBMITTED TO NATIONAL POSTGRADUATE MEDICAL COLLEGE OF NIGERIA (NPMCN) IN PARTIAL FULFILLMENT OF THE REQUIREMENTS FOR THE AWARD OF FELLOWSHIP OF … JOS UNIVERSITY TEACHING HOSPITAL, JOS NIGERIA. MAY 2012 …","https://www.dissertation.npmcn.edu.ng/index.php/FMCFM/article/download/325/1737","https://scholar.google.com/scholar?q=related:grZqeHTsLBsJ:scholar.google.com/&scioq=%22waist+circumference%22+nigeria&hl=en&as_sdt=0,5&as_ylo=2011&as_yhi=2012&as_vis=1"
142,"AE Silverstone, PF Rosenbaum…","Polychlorinated biphenyl (PCB) exposure and diabetes: results from the Anniston Community Health Survey",2012,"Environmental …","ehp.niehs.nih.gov","https://ehp.niehs.nih.gov/doi/abs/10.1289/ehp.1104247","https://scholar.google.com/scholar?cites=13220139033179309266&as_sdt=2005&sciodt=0,5&hl=en",659,"2021-07-17 18:03:23","","10.1289/ehp.1104247","","",,,,,142,15.78,47,3,9,"… Of the 1,110 individuals who completed the survey, 774 agreed to a clinic visit, which included measurements—by standard protocol—of height, weight, waist circumference, and blood pressure, as well as a review of current medications …","https://ehp.niehs.nih.gov/doi/full/10.1289/ehp.1104247","https://scholar.google.com/scholar?q=related:0sTtSWhed7cJ:scholar.google.com/&scioq=%22waist+circumference%22+nigeria&hl=en&as_sdt=0,5&as_ylo=2011&as_yhi=2012&as_vis=1"
0,"SL Hughes, LA Anderson","Mobility and Aging: Transference to Transportation",,"downloads.hindawi.com","","https://downloads.hindawi.com/journals/specialissues/689458.pdf","",660,"2021-07-17 18:03:23","PDF","","","",,,,,0,0.00,0,2,,"… pages Prevalence and Correlates of Physical Disability and Functional Limitation among Elderly Rural Population in Nigeria, IS Abdulraheem, AR Oladipo, and MO Amodu Volume 2011, Article ID 369894, 13 pages Cognitive …","https://downloads.hindawi.com/journals/specialissues/689458.pdf","https://scholar.google.com/scholar?q=related:pEZtmBsLfV8J:scholar.google.com/&scioq=%22waist+circumference%22+nigeria&hl=en&as_sdt=0,5&as_ylo=2011&as_yhi=2012&as_vis=1"
0,"S Appiah","Logistic Regression Analysis to Determine Risk Factors for the Clinical Diagnosis of Diabetes; Case Study: Komfo Anokye Teaching Hospital (2008-2009)",2012,"","dspace.knust.edu.gh","http://dspace.knust.edu.gh/handle/123456789/4123","",661,"2021-07-17 18:03:23","","","","",,,,,0,0.00,0,1,9,"Page 1. i KWAME NKRUMAH UNIVERSITY OF SCIENCE AND TECHNOLOGY, KUMASI MULTIPLE LOGISTIC REGRESSION ANALYSIS TO DETERMINE RISK FACTORS FOR THE CLINICAL DIAGNOSIS OF DIABETES CASE …","http://dspace.knust.edu.gh/bitstream/123456789/4123/1/Stella%20Appiah%20thesis.pdf",""
0,"M Tracy, B Choi","Chronic Diseases and Injuries in Canada",,"researchgate.net","","https://www.researchgate.net/profile/Vincenza-Cofini/publication/236031680_Preface_to_the_7th_World_Alliance_for_Risk_Factor_Surveillance_Global_Conference_Abstracts/links/00463515e77fe68f82000000/Preface-to-the-7th-World-Alliance-for-Risk-Factor-Surveillance-Global-Conference-Abstracts.pdf","",662,"2021-07-17 18:03:23","PDF","","","",,,,,0,0.00,0,2,,"… Author references Department of Clinical Pharmacy and Biopharmacy, Faculty of Pharmacy, University of Lagos, Lagos, Nigeria 1 … Sexual behaviour, knowledge and attitudes of youth related to HIV/AIDS in Egbeda, Lagos State, Nigeria BA Aina, PhD (1); CC Emenike, MSc (2) …","https://www.researchgate.net/profile/Vincenza-Cofini/publication/236031680_Preface_to_the_7th_World_Alliance_for_Risk_Factor_Surveillance_Global_Conference_Abstracts/links/00463515e77fe68f82000000/Preface-to-the-7th-World-Alliance-for-Risk-Factor-Surveillance-Global-Conference-Abstracts.pdf",""
0,"N Mathe","Adisposity and CVD risk factors: A comparison between ethnicities",2011,"","bucks.repository.guildhe.ac.uk","http://bucks.repository.guildhe.ac.uk/id/eprint/9624/","",663,"2021-07-17 18:03:23","","","","",,,,,0,0.00,0,1,10,"… The analysis focused on the influence of ethnicity on the widely used Body Mass Index (BMI) and Waist Circumference (WC) … of Benin, Burkina Faso, Cape Verde, Cote d?Ivoire, Gambia, Ghana, Guinea, Guinea-Bissau, Liberia, Mali, Mauritania, Niger, Nigeria, Senegal, Sierra …","https://bucks.repository.guildhe.ac.uk/9624/2/N%20Mathe-%20Thesis%202010.doc.txt","https://scholar.google.com/scholar?q=related:vsLnBI87mBwJ:scholar.google.com/&scioq=%22waist+circumference%22+nigeria&hl=en&as_sdt=0,5&as_ylo=2011&as_yhi=2012&as_vis=1"
2,"N Port, A Sultan","Case presentation: reflex anoxic seizures and anaesthesia",2012,"BJMP","bjmp.org","https://www.bjmp.org/category/upcoming-article/no?page=5","https://scholar.google.com/scholar?cites=3701135591131624841&as_sdt=2005&sciodt=0,5&hl=en",664,"2021-07-17 18:03:23","HTML","","","",,,,,2,0.22,1,2,9,"","https://www.bjmp.org/category/upcoming-article/no?page=5","https://scholar.google.com/scholar?q=related:ibX07jUTXTMJ:scholar.google.com/&scioq=%22waist+circumference%22+nigeria&hl=en&as_sdt=0,5&as_ylo=2011&as_yhi=2012&as_vis=1"
0,"MA Njelekela","Body fat maldistribution among human immunodeficiency virus-infected patients attending care and treatment clinics in Dar es salaam municipal hospitals",2012,"","core.ac.uk","https://core.ac.uk/download/pdf/11307886.pdf","",665,"2021-07-17 18:03:23","PDF","","","",,,,,0,0.00,0,1,9,"… million], 68% of the global total 1 . Sub-Saharan Africa has more women than men living with HIV. The largest epidemics in sub-Saharan Africa Ethiopia, Nigeria, South Africa, Zambia, and Zimbabwe have either stabilized or are showing signs of decline. The …","https://core.ac.uk/download/pdf/11307886.pdf","https://scholar.google.com/scholar?q=related:En33w_SnP1gJ:scholar.google.com/&scioq=%22waist+circumference%22+nigeria&hl=en&as_sdt=0,5&as_ylo=2011&as_yhi=2012&as_vis=1"
0,"ST Yanda, FB Lepira, JR Makulo, MK Kabeya…","Annales Africaines de Médecine",,"researchgate.net","","https://www.researchgate.net/profile/Pierre-Akilimali/publication/263009600_Issue_therapeutique_des_patients_tuberculeux_suivis_dans_les_centres_de_sante_de_diagnostic_et_de_traitement_de_la_Ville_de_Matadi_RDC_dans_le_contexte_du_VIH/links/0c96053989706eee31000000/Issue-therapeutique-des-patients-tuberculeux-suivis-dans-les-centres-de-sante-de-diagnostic-et-de-traitement-de-la-Ville-de-Matadi-RDC-dans-le-contexte-du-VIH.pdf","",666,"2021-07-17 18:03:23","PDF","","","",,,,,0,0.00,0,5,,"… Data were also available for duration of hyper- tension, familial and personal history of diabetes, hypertension and current anti- hypertensive medication. Measures of adiposity included body mass index (BMI) and waist circumference …","https://www.researchgate.net/profile/Pierre-Akilimali/publication/263009600_Issue_therapeutique_des_patients_tuberculeux_suivis_dans_les_centres_de_sante_de_diagnostic_et_de_traitement_de_la_Ville_de_Matadi_RDC_dans_le_contexte_du_VIH/links/0c96053989706eee31000000/Issue-therapeutique-des-patients-tuberculeux-suivis-dans-les-centres-de-sante-de-diagnostic-et-de-traitement-de-la-Ville-de-Matadi-RDC-dans-le-contexte-du-VIH.pdf","https://scholar.google.com/scholar?q=related:tJn1SxIVv54J:scholar.google.com/&scioq=%22waist+circumference%22+nigeria&hl=en&as_sdt=0,5&as_ylo=2011&as_yhi=2012&as_vis=1"
0,"SJ Younis","Life Style, Serum Leptin and Lipid profile of Obese Adolescents In Secondary School in Gaza Strip",2012,"","dstore.alazhar.edu.ps","http://dstore.alazhar.edu.ps/xmlui/handle/123456789/1760","",667,"2021-07-17 18:03:23","","","","",,,,,0,0.00,0,1,9,"Page 1. Al-Azhar University of Gaza Faculty of Pharmacy Dean of Postgraduate Studies and Research Affairs Lifestyle, Serum Leptin and Lipid Profiles of Obese Adolescents in Secondary Schools in Gaza Strip A Thesis Submitted …","http://dstore.alazhar.edu.ps/xmlui/bitstream/handle/123456789/1760/20067109.pdf?sequence=1&isAllowed=y","https://scholar.google.com/scholar?q=related:rAS4gkCBkKsJ:scholar.google.com/&scioq=%22waist+circumference%22+nigeria&hl=en&as_sdt=0,5&as_ylo=2011&as_yhi=2012&as_vis=1"
0,"D Makuyana","Type 2 Diabetes Mellitus in Black Zimbabweans-Metabolic Factors and Molecular Genetics.",2012,"","41.175.146.201","http://41.175.146.201/handle/10646/817","",668,"2021-07-17 18:03:23","","","","",,,,,0,0.00,0,1,9,"Page 1. CHAPTER 1. INTRODUCTION 1.1 BACKGROUND OF DIABETES MELLITUS IN ZIMBABWE AND IN DEVELOPING COUNTRIES The current number of patients afflicted with diabetes in the world is 135 million and diabetes …","http://41.175.146.201/bitstream/handle/10646/817/main_document.pdf?sequence=2&isAllowed=y","https://scholar.google.com/scholar?q=related:RnpR7xZV-j4J:scholar.google.com/&scioq=%22waist+circumference%22+nigeria&hl=en&as_sdt=0,5&as_ylo=2011&as_yhi=2012&as_vis=1"
14,"PS Chandra, JVS Kommu…","Schizophrenia in women and children: a selective review of literature from developing countries",2012,"International Review of …","Taylor & Francis","https://www.tandfonline.com/doi/abs/10.3109/09540261.2012.707118","https://scholar.google.com/scholar?cites=13633104937078835469&as_sdt=2005&sciodt=0,5&hl=en",669,"2021-07-17 18:03:23","","10.3109/09540261.2012.707118","","",,,,,14,1.56,5,3,9,"… Another study from Brazil also found higher rates of increased waist circumference amongst women compared to men (Attux et al., 2007) … In a study conducted in Nigeria, 61% of women with severe mental illness such as schizophrenia were reportedly kept at a social distance …","https://www.researchgate.net/profile/John-Vijay-Sagar-Kommu/publication/232234572_Schizophrenia_in_women_and_children_A_selective_review_of_literature_from_developing_countries/links/54f6766c0cf21d8b8a5c8201/Schizophrenia-in-women-and-children-A-selective-review-of-literature-from-developing-countries.pdf","https://scholar.google.com/scholar?q=related:DUk1gLWEMr0J:scholar.google.com/&scioq=%22waist+circumference%22+nigeria&hl=en&as_sdt=0,5&as_ylo=2011&as_yhi=2012&as_vis=1"
0,"A Snyders","Abstracts-SA Heart Congress 2012",2012,"SA Heart Journal","journals.ac.za","http://www.journals.ac.za/index.php/SAHJ/article/view/1840/939","",670,"2021-07-17 18:03:23","PDF","","","",,,,,0,0.00,0,1,9,"… We have recently demonstrated in a community sample with a high prevalence of obesity that waist circumference has a strong and inverse relationship with early-to-atrial transmitral velocity (E/A), an index of diastolic function of the left ventricle (LV) …","http://www.journals.ac.za/index.php/SAHJ/article/view/1840/939",""
0,"F Botha, F Peters, MR Essop","SA HEART CONGRESS 2012",,"researchgate.net","","https://www.researchgate.net/profile/Christie-Godsmark/publication/280881925_The_effects_of_acute_magnesium_administration_on_isoprenaline-induced_myocardial_infarction_in_adult_Wistar_rats/links/55ca280c08aebc967dfbdc35/The-effects-of-acute-magnesium-administration-on-isoprenaline-induced-myocardial-infarction-in-adult-Wistar-rats.pdf","",671,"2021-07-17 18:03:23","PDF","","","",,,,,0,0.00,0,3,,"Page 1. 168 Pump dysfunction in hypertensive hypertrophy: Impact of severity of blood pressure elevation in patients of African ancestry Haroon-ur-Rasheed Abbasi*, Elena Libhaber*, Gavin Norton#, Angela Woodiwiss# and …","https://www.researchgate.net/profile/Christie-Godsmark/publication/280881925_The_effects_of_acute_magnesium_administration_on_isoprenaline-induced_myocardial_infarction_in_adult_Wistar_rats/links/55ca280c08aebc967dfbdc35/The-effects-of-acute-magnesium-administration-on-isoprenaline-induced-myocardial-infarction-in-adult-Wistar-rats.pdf",""
0,"A Brus, G Boëtsch","Variabilité mondiale des normes de corpulence: entre diversité biologique et diversité sociale",2011,"Obésité","Springer","https://link.springer.com/article/10.1007/s11690-011-0257-x","",672,"2021-07-17 18:03:23","","10.1007/s11690-011-0257-x","","",,,,,0,0.00,0,2,10,"… Lear SA, Humphries KH, Kohli S, Birmingham CL (2007) The use of BMI and waist circumference as surrogates of body fat differs by ethnicity … R, Rotimi C, et al (1997) Relation bet- ween Body Mass Index and body fat in black population samples from Nigeria, Jamaica, and the …","","https://scholar.google.com/scholar?q=related:i9sFJ9F8HDwJ:scholar.google.com/&scioq=%22waist+circumference%22+nigeria&hl=en&as_sdt=0,5&as_ylo=2011&as_yhi=2012&as_vis=1"
1,"DJ Brand","The healing station: The role of the African American church as a change agent for health",2011,"","search.proquest.com","https://search.proquest.com/openview/bd8bf82a0f0c8cce6525f18de7fbef8d/1?pq-origsite=gscholar&cbl=18750","https://scholar.google.com/scholar?cites=7213578810714243299&as_sdt=2005&sciodt=0,5&hl=en",673,"2021-07-17 18:03:23","BOOK","","","",,,,,1,0.10,1,1,10,"… It Page 17. 10 includes people who indicate their race as “Black, African American, or Negro,” or provide written entries such as African American, Afro American, Kenyan, Nigerian, or Haitian” (US Census Bureau, 2001c) The …","https://www.ideals.illinois.edu/bitstream/handle/2142/24471/Brand_Dorine.pdf?sequence=1&isAllowed=y","https://scholar.google.com/scholar?q=related:40Doi7XHG2QJ:scholar.google.com/&scioq=%22waist+circumference%22+nigeria&hl=en&as_sdt=0,5&as_ylo=2011&as_yhi=2012&as_vis=1"
7,"PRF Mosca, PP Silveira, ICR Werlang…","Obesidade e genética",2012,"… Alegre. Vol. 32, n. 3 (jul …","lume.ufrgs.br","https://www.lume.ufrgs.br/handle/10183/157959","https://scholar.google.com/scholar?cites=3416082195904911251&as_sdt=2005&sciodt=0,5&hl=en",674,"2021-07-17 18:03:23","","","","",,,,,7,0.78,2,4,9,"Page 1. 318 Rev HCPA 2012;32(3) http://seer.ufrgs.br/hcpa Obesidade e genética Obesity and genetics Paulo Roberto Ferrari Mosca1, Patrícia Pelufo Silveira1,2, Isabel Cristina Ribas Werlang2, Marcelo Zubaran Goldani1,2 Revista HCPA. 2012;32(3):318-331 …","https://www.lume.ufrgs.br/bitstream/handle/10183/157959/000873639.pdf?sequence=1","https://scholar.google.com/scholar?q=related:k9dycqhcaC8J:scholar.google.com/&scioq=%22waist+circumference%22+nigeria&hl=en&as_sdt=0,5&as_ylo=2011&as_yhi=2012&as_vis=1"
0,"M Kolberg","Lower extremity neuromuscular deficits associated with obstetric fistula",2011,"","bora.uib.no","https://bora.uib.no/bora-xmlui/handle/1956/21634","",675,"2021-07-17 18:03:23","","","","",,,,,0,0.00,0,1,10,"… fistula is still unknown (Hilton 2003). A study from north central Nigeria found as many as 899 cases of obstetric fistula out of 932 … 1.2.2 The fistula patient A retrospective review of 932 fistula cases at a hospital in Nigeria showed that 899 (96.5%) …","https://bora.uib.no/bora-xmlui/bitstream/handle/1956/21634/82636777.pdf?sequence=1","https://scholar.google.com/scholar?q=related:IYwECYxx2WMJ:scholar.google.com/&scioq=%22waist+circumference%22+nigeria&hl=en&as_sdt=0,5&as_ylo=2011&as_yhi=2012&as_vis=1"
3,"KS Bishop, CHJ Kao, DY Han…","Prostate Cancer Prevention in the Developing World-What are we Waiting for?",2012,"Current …","ingentaconnect.com","https://www.ingentaconnect.com/content/ben/cppm/2012/00000010/00000001/art00008","https://scholar.google.com/scholar?cites=6516871791784816013&as_sdt=2005&sciodt=0,5&hl=en",676,"2021-07-17 18:03:23","","","","",,,,,3,0.33,1,4,9,"… been listed for comparison (Table 3). Data of food consumption was compared from the two years 1961 and 2007 for developed countries as represented by New Zealand, Finland and the USA, and for developing countries as represented by China, India, Nigeria and Kenya …","https://www.researchgate.net/profile/Karen-Bishop/publication/256702384_Prostate_Cancer_in_the_Developing_World_What_are_we_Waiting_for/links/00b7d5240afb9bb534000000/Prostate-Cancer-in-the-Developing-World-What-are-we-Waiting-for.pdf","https://scholar.google.com/scholar?q=related:je0Y5F2UcFoJ:scholar.google.com/&scioq=%22waist+circumference%22+nigeria&hl=en&as_sdt=0,5&as_ylo=2011&as_yhi=2012&as_vis=1"
0,"A Rogalla","A Cross-Sectional Study of the Effects of Stressors Upon Blood Glucose Levels in Non-Obese Patients in Rural Western Kenya",2012,"","beardocs.baylor.edu","http://beardocs.baylor.edu/xmlui/handle/2104/8401","",677,"2021-07-17 18:03:23","","","","",,,,,0,0.00,0,1,9,"Page 1. ABSTRACT A Cross-Sectional Study of the Effects of Stressors upon Blood Glucose Levels in Non- Obese Patients in Rural Western Kenya Aislinn Rogalla Director: Troy Abell, PhD MPH In order to more effectively address the expansion of type 2 diabetes worldwide …","http://beardocs.baylor.edu/xmlui/bitstream/handle/2104/8401/Rogalla%20Thesis.pdf?sequence=1","https://scholar.google.com/scholar?q=related:Dw8e1uRjzVIJ:scholar.google.com/&scioq=%22waist+circumference%22+nigeria&hl=en&as_sdt=0,5&as_ylo=2011&as_yhi=2012&as_vis=1"
0,"M Smit","Physical activity related to health components and medical costs in employees of a financial institution",2012,"","repository.nwu.ac.za","http://repository.nwu.ac.za/handle/10394/9841","",678,"2021-07-17 18:03:23","","","","",,,,,0,0.00,0,1,9,"Page 1. Physical activity related to health components and medical costs in employees of a financial institution Madelein Smit Thesis submitted for the degree Philosophiae Doctor in Human Movement Science at the Potchefstroom campus of the North-West University …","https://repository.nwu.ac.za/bitstream/handle/10394/9841/Smit_M.pdf?sequence=1","https://scholar.google.com/scholar?q=related:7qCIdxoFb_EJ:scholar.google.com/&scioq=%22waist+circumference%22+nigeria&hl=en&as_sdt=0,5&as_ylo=2011&as_yhi=2012&as_vis=1"
1,"D Cooper, DJ O'Gorman","Exercise and Type 2 diabetes: the metabolic benefits and challenges",2011,"Diabetes Management","search.proquest.com","https://search.proquest.com/openview/353a49fb0ed75b56ef67583eb3bc8ecb/1?pq-origsite=gscholar&cbl=636389","https://scholar.google.com/scholar?cites=4206734074756292061&as_sdt=2005&sciodt=0,5&hl=en",679,"2021-07-17 18:03:23","","","","",,,,,1,0.10,1,2,10,"… subjects [32]. These associations persist after adjustment for BMI, waist circumference and body fat [30,31]. However, some studies report changes in daily physical activity rather than changes in aerobic fitness or strength. Physical …","","https://scholar.google.com/scholar?q=related:3V1hTlpSYToJ:scholar.google.com/&scioq=%22waist+circumference%22+nigeria&hl=en&as_sdt=0,5&as_ylo=2011&as_yhi=2012&as_vis=1"
1,"G YERUSHALMI, A HOURVITZ","Using the IVM/IVF model for characterization and validation of the human ovulatory cascade",2012,"Gynecological","eprints.bice.rm.cnr.it","http://eprints.bice.rm.cnr.it/6591/1/article_(1).pdf#page=93","https://scholar.google.com/scholar?cites=12727374171323134801&as_sdt=2005&sciodt=0,5&hl=en",680,"2021-07-17 18:03:23","PDF","","","",,,,,1,0.11,1,2,9,"Page 93. Introduction Reproduction is a major area of research since the on- set of biological science. However, the human female reproduction research lags substantially behind main- ly due to the lack of proper biological materials and the lack of proper tools …","http://eprints.bice.rm.cnr.it/6591/1/article_(1).pdf#page=93","https://scholar.google.com/scholar?q=related:UXMyVWC3oLAJ:scholar.google.com/&scioq=%22waist+circumference%22+nigeria&hl=en&as_sdt=0,5&as_ylo=2011&as_yhi=2012&as_vis=1"
0,"S DANJUMA","THE EFFECT OF LIFESTYLE MODIFICATION ON THE MANAGEMENT OF HYPERTENSION AMONG ADULTS PRESENTING IN THE GENERAL OUTPATIENT …",2012,"Faculty of Family Medicine","dissertation.npmcn.edu.ng","http://dissertation.npmcn.edu.ng/index.php/FMCFM/article/download/323/1739","",681,"2021-07-17 18:03:23","PDF","","","",,,,,0,0.00,0,1,9,"… increase in BP remain major public health priorities. The perception of physicians in Northern Nigeria where several studies on prehypertension … Page 19. 7 than 4.3 million Nigerians over 15 years of age have hypertension and only half of them are aware of their condition …","http://dissertation.npmcn.edu.ng/index.php/FMCFM/article/download/323/1739","https://scholar.google.com/scholar?q=related:CrZ8BwRwYIQJ:scholar.google.com/&scioq=%22waist+circumference%22+nigeria&hl=en&as_sdt=0,5&as_ylo=2011&as_yhi=2012&as_vis=1"
0,"A Douvris","Functional Analysis of the TRIB1 Locus in Coronary Artery Disease",2011,"","ruor.uottawa.ca","https://ruor.uottawa.ca/handle/10393/20115","",682,"2021-07-17 18:03:23","","","","",,,,,0,0.00,0,1,10,"… average of size of LD blocks appears to be a population-specific phenomenon. An earlier study compared LD blocks between a population of North European descent and Nigerian population. In- — 11 — Page 20. terestingly, they …","https://ruor.uottawa.ca/bitstream/10393/20115/1/Douvris_Adrianna_2011_thesis.pdf","https://scholar.google.com/scholar?q=related:IV9-TYHOdKcJ:scholar.google.com/&scioq=%22waist+circumference%22+nigeria&hl=en&as_sdt=0,5&as_ylo=2011&as_yhi=2012&as_vis=1"
0,"RL Hanson","Help in Overweight/Obesity Prevention Effort (HOPE) Study–A Study to Identify Resiliency Factors to Childhood Obesity and Comparison Between Body Mass Index …",2011,"","digitalcommons.usu.edu","https://digitalcommons.usu.edu/etd/1065/","",683,"2021-07-17 18:03:23","","","","",,,,,0,0.00,0,1,10,"… Metabolic syndrome is a collection of risk factors that contribute to CVD. The risk factors that are included in metabolic syndrome are: insulin resistance, high blood pressure, high cholesterol and a waist circumference greater than 40 inches in men and 35 Page 22. 11 …","https://digitalcommons.usu.edu/cgi/viewcontent.cgi?article=2057&context=etd","https://scholar.google.com/scholar?q=related:sWojhPBdx0IJ:scholar.google.com/&scioq=%22waist+circumference%22+nigeria&hl=en&as_sdt=0,5&as_ylo=2011&as_yhi=2012&as_vis=1"
0,"G Di Cianni, Y Yogev","Characterization of Former Gestational Diabetes Mellitus: Prognostic, Therapeutic, and Predictive Aspects",,"downloads.hindawi.com","","https://downloads.hindawi.com/journals/specialissues/945361.pdf","",684,"2021-07-17 18:03:23","PDF","","","",,,,,0,0.00,0,2,,"Page 1. Characterization of Former Gestational Diabetes Mellitus: Prognostic, Therapeutic, and Predictive Aspects International Journal of Endocrinology Guest Editors: Andrea Tura, Alexandra Kautzky-Willer, Graziano Di Cianni, and Yariv Yogev Page 2 …","https://downloads.hindawi.com/journals/specialissues/945361.pdf","https://scholar.google.com/scholar?q=related:75WSmG5UAzoJ:scholar.google.com/&scioq=%22waist+circumference%22+nigeria&hl=en&as_sdt=0,5&as_ylo=2011&as_yhi=2012&as_vis=1"
3,"BM Birmann, BCH Chiu, K Muench…","Epidemiology and etiology of multiple myeloma",2012,"Multiple Myeloma-A …","books.google.com","https://books.google.com/books?hl=en&lr=&id=0g2qcT2apz8C&oi=fnd&pg=PA15&dq=%22waist+circumference%22+nigeria&ots=dpMl2eVFNO&sig=gL51oIZaZcZVW5786xAFg_EENRE","https://scholar.google.com/scholar?cites=8230145613598607260&as_sdt=2005&sciodt=0,5&hl=en",685,"2021-07-17 18:03:23","","","","",,,,,3,0.33,1,4,9,"Page 25. Multiple Myeloma-A New Era of Treatment Strategies, 2012, 15-57 15 Epidemiology and Etiology of Multiple Myeloma Brenda M. Birmann “, Brian C.-H. Chiuz, Kristin Muenchs, Catherine A. Suppan1 and Wendy Cozen3 …","","https://scholar.google.com/scholar?q=related:nMdIlNRZN3IJ:scholar.google.com/&scioq=%22waist+circumference%22+nigeria&hl=en&as_sdt=0,5&as_ylo=2011&as_yhi=2012&as_vis=1"
0,"SY SARAL, STD BOSTANCI, PTD KOÇYİĞİT","Ankara Üniversitesi Tıp Fakültesi erişkin diyabet polikliniğine başvuran hastalarda tırnak batması görülme sıklığı, klinik ve laboratuvar özeliklerinin değerlendirilmesi",,"dspace.ankara.edu.tr","","http://dspace.ankara.edu.tr/xmlui/handle/20.500.12575/22762","",686,"2021-07-17 18:03:23","","","","",,,,,0,0.00,0,3,,"Page 1. ii TÜRKİYE CUMHURİYETİ ANKARA ÜNİVERSİTESİ TIP FAKÜLTESİ ANKARA ÜNİVERSİTESİ TIP FAKÜLTESİ ERİŞKİN DİYABET POLİKLİNİĞİNE BAŞVURAN HASTALARDA TIRNAK BATMASI GÖRÜLME SIKLIĞI, KLİNİK VE LABORATUVAR …","https://dspace.ankara.edu.tr/xmlui/bitstream/handle/20.500.12575/22762/314426.pdf?sequence=1","https://scholar.google.com/scholar?q=related:PD4uJjsMx-UJ:scholar.google.com/&scioq=%22waist+circumference%22+nigeria&hl=en&as_sdt=0,5&as_ylo=2011&as_yhi=2012&as_vis=1"
4,"AC Palmer","Early life nutritional exposures and long-term programming of the immune system",2011,"","search.proquest.com","https://search.proquest.com/openview/b5ca66d508b89b106748228a5936a76f/1?pq-origsite=gscholar&cbl=18750","https://scholar.google.com/scholar?cites=8556184839505024629&as_sdt=2005&sciodt=0,5&hl=en",687,"2021-07-17 18:03:23","BOOK","","","",,,,,4,0.40,4,1,10,"… thickness ..... 163 Figure 5.10 Adjusted relationship between C-reactive protein concentrations (mg/L) among children and waist circumference ..... 163 …","","https://scholar.google.com/scholar?q=related:dZZHZ8esvXYJ:scholar.google.com/&scioq=%22waist+circumference%22+nigeria&hl=en&as_sdt=0,5&as_ylo=2011&as_yhi=2012&as_vis=1"
5,"PL Barrios","Relationship between household structure, maternal autonomy and undernutrition in Brazilian children",2012,"","search.proquest.com","https://search.proquest.com/openview/582a9b3c2864dc3696b3bd5780a1b828/1?pq-origsite=gscholar&cbl=18750","https://scholar.google.com/scholar?cites=18419325895180764625&as_sdt=2005&sciodt=0,5&hl=en",688,"2021-07-17 18:03:23","BOOK","","","",,,,,5,0.56,5,1,9,"Page 1. RELATIONSHIP BETWEEN HOUSEHOLD STRUCTURE, MATERNAL AUTONOMY AND UNDERNUTRITION IN BRAZILIAN CHILDREN By PAMELA L. BARRIOS A thesis submitted to the Graduate School-New Brunswick Rutgers, The State University of New Jersey …","https://rucore.libraries.rutgers.edu/rutgers-lib/37366/pdf/1/","https://scholar.google.com/scholar?q=related:0UVn2E-Xnv8J:scholar.google.com/&scioq=%22waist+circumference%22+nigeria&hl=en&as_sdt=0,5&as_ylo=2011&as_yhi=2012&as_vis=1"
0,"K Sasikala","Analysis of fetomaternal outcome in eclampsia",2012,"","repository-tnmgrmu.ac.in","http://repository-tnmgrmu.ac.in/8534/","",689,"2021-07-17 18:03:23","","","","",,,,,0,0.00,0,1,9,"… this medical disorder being type II diabetes and hypertension. It has been established that the waist circumference in early pregnancy which is a measure of central obesity especially when associated with insulin resistance is directly associated with preeclampsia. 41 …","http://repository-tnmgrmu.ac.in/8534/1/200200712sasikala.pdf","https://scholar.google.com/scholar?q=related:-bhfMtvn-z4J:scholar.google.com/&scioq=%22waist+circumference%22+nigeria&hl=en&as_sdt=0,5&as_ylo=2011&as_yhi=2012&as_vis=1"
0,"A Douvris","Functional Analysis of the TRIB1 Locus in Coronary Artery Disease (CAD)",2011,"","search.proquest.com","https://search.proquest.com/openview/e8b8df593a827f9027847e0856a4299f/1?pq-origsite=gscholar&cbl=18750","",690,"2021-07-17 18:03:23","BOOK","","","",,,,,0,0.00,0,1,10,"… average of size of LD blocks appears to be a population-specific phenomenon. An earlier study compared LD blocks between a population of North European descent and Nigerian population. In- — 11 — Page 21. terestingly, they …","https://central.bac-lac.gc.ca/.item?id=MR86781&op=pdf&app=Library&oclc_number=1019482031","https://scholar.google.com/scholar?q=related:A7lk4LnpDjsJ:scholar.google.com/&scioq=%22waist+circumference%22+nigeria&hl=en&as_sdt=0,5&as_ylo=2011&as_yhi=2012&as_vis=1"
18,"N Shaw, W Högler","Biochemical markers of bone metabolism",2012,"Pediatric Bone","Elsevier","https://www.sciencedirect.com/science/article/pii/B9780123820402100152","https://scholar.google.com/scholar?cites=664801543384124673&as_sdt=2005&sciodt=0,5&hl=en",691,"2021-07-17 18:03:23","","","","",,,,,18,2.00,9,2,9,"JavaScript is disabled on your browser. Please enable JavaScript to use all the features on this page. Skip to main content Skip to article …","","https://scholar.google.com/scholar?q=related:Ac2KP3vZOQkJ:scholar.google.com/&scioq=%22waist+circumference%22+nigeria&hl=en&as_sdt=0,5&as_ylo=2011&as_yhi=2012&as_vis=1"
1,"BH Garcia","The clinical pharmacist's role in post-discharge follow-up of patients with coronary heart disease. A follow-up program.",2012,"","munin.uit.no","https://munin.uit.no/handle/10037/4122","https://scholar.google.com/scholar?cites=7695088801668404767&as_sdt=2005&sciodt=0,5&hl=en",692,"2021-07-17 18:03:23","","","","",,,,,1,0.11,1,1,9,"Page 1. FACULTY OF HEALTH SCIENCES DEPARTMENT OF PHARMACY THE CLINICAL PHARMACIST'S ROLE IN POST-DISCHARGE FOLLOW-UP OF PATIENTS WITH CORONARY HEART DISEASE A FOLLOW-UP PROGRAM Beate Hennie Garcia …","https://munin.uit.no/bitstream/handle/10037/4122/thesis.pdf?sequence=2","https://scholar.google.com/scholar?q=related:HxaIqn5yymoJ:scholar.google.com/&scioq=%22waist+circumference%22+nigeria&hl=en&as_sdt=0,5&as_ylo=2011&as_yhi=2012&as_vis=1"
0,"M Bulló, M Garcia-Aloy","12 Obesity and Inflammation",2012,"Nutrition and Physical Activity in …","books.google.com","https://books.google.com/books?hl=en&lr=&id=pQETKQIQbH4C&oi=fnd&pg=PA193&dq=%22waist+circumference%22+nigeria&ots=-o8si7HG-Y&sig=WzPFgAAyUzhL4IdbX2TU2sNL_NQ","",693,"2021-07-17 18:03:23","","","","",,,,,0,0.00,0,2,9,"… between total physical activity and Page 214. Obesity and Inflammation 201 BMI and waist circumference was observed, independent of age, energy intake and sex (Besson et al., 2009). However, prospective cohort studies in …","","https://scholar.google.com/scholar?q=related:mScOGWFcxwQJ:scholar.google.com/&scioq=%22waist+circumference%22+nigeria&hl=en&as_sdt=0,5&as_ylo=2011&as_yhi=2012&as_vis=1"
0,"PM Piovesana","Sensibilidade gustativa e consumo de sal em indivíduos hipertensos",2011,"","repositorio.unicamp.br","http://repositorio.unicamp.br/handle/REPOSIP/310825","",694,"2021-07-17 18:03:23","","","","",,,,,0,0.00,0,1,10,"… with the thresholds. The average values of systolic blood pressure, diastolic and mean, body mass index and waist circumference were higher among hypertensives, and in the … thresholds. Sex and waist circumference were independent predictors of both thresholds …","http://repositorio.unicamp.br/bitstream/REPOSIP/310825/1/Piovesana_PauladeMoura_M.pdf","https://scholar.google.com/scholar?q=related:RKMVbFT2A8UJ:scholar.google.com/&scioq=%22waist+circumference%22+nigeria&hl=en&as_sdt=0,5&as_ylo=2011&as_yhi=2012&as_vis=1"
5,"S Whillier, P Kuchel, J Raftos","Oxidative stress in type II diabetes mellitus and the role of the endogenous antioxidant glutathione",2011,"Role of the Adipocyte in …","books.google.com","https://books.google.com/books?hl=en&lr=&id=pn-ZDwAAQBAJ&oi=fnd&pg=PA129&dq=%22waist+circumference%22+nigeria&ots=K15Z7nXJAD&sig=db11Ah_i62tDlx__YuFGokfNZdU","https://scholar.google.com/scholar?cites=14928897735376376591&as_sdt=2005&sciodt=0,5&hl=en",695,"2021-07-17 18:03:23","","","","",,,,,5,0.50,2,3,10,"… 1995). 4.2 Oxidation in the aetiology of NIDDM Major contributing factors to the development of NIDDM are weight gain and the deposition of excessive amounts of visceral fat (waist circumference> 94 cm in men or> 80 cm in women)(Caterson and Broom 2001) …","https://www.researchonline.mq.edu.au/vital/access/services/Download/mq:19164/DS01","https://scholar.google.com/scholar?q=related:DxM-xWQZLs8J:scholar.google.com/&scioq=%22waist+circumference%22+nigeria&hl=en&as_sdt=0,5&as_ylo=2011&as_yhi=2012&as_vis=1"
19,"C Jaffiol","Le diabète sucré en Afrique: un enjeu de santé publique",2011,"Bulletin de l'Académie nationale de médecine","Elsevier","https://www.sciencedirect.com/science/article/pii/S0001407919319831","https://scholar.google.com/scholar?cites=8687656065981103444&as_sdt=2005&sciodt=0,5&hl=en",696,"2021-07-17 18:03:23","","","","",,,,,19,1.90,19,1,10,"… Les projections sur 2020 prévoient que seront particulièrement concernés la Tanzanie et le Nigeria où existe une … Prevalence and clinical picture of IDDM in Nigerian Igbo school children … The metabolic syndrome in black hypertensive women-waist circumference more strongly …","","https://scholar.google.com/scholar?q=related:VD2SrynBkHgJ:scholar.google.com/&scioq=%22waist+circumference%22+nigeria&hl=en&as_sdt=0,5&as_ylo=2011&as_yhi=2012&as_vis=1"
0,"M Eickemberg","Comparação da bioimpedância com a tomografia computadorizada e antropometria na avaliação da composição corporal de adultos e idosos",,"repositorio.ufba.br","","https://repositorio.ufba.br/ri/handle/ri/11436","",697,"2021-07-17 18:03:23","","","","",,,,,0,0.00,0,1,,"Page 1. 0 UNIVERSIDADE FEDERAL DA BAHIA ESCOLA DE NUTRIÇÃO PROGRAMA DE PÓS-GRADUAÇÃO EM ALIMENTOS, NUTRIÇÃO E SAÚDE MICHAELA EICKEMBERG COMPARAÇÃO DA BIOIMPEDÂNCIA COM A TOMOGRAFIA …","https://repositorio.ufba.br/ri/bitstream/ri/11436/1/Disserta%C3%A7%C3%A3o_Nut_%20Michaela%20Eickemberg.pdf","https://scholar.google.com/scholar?q=related:7HBeTSWKnKAJ:scholar.google.com/&scioq=%22waist+circumference%22+nigeria&hl=en&as_sdt=0,5&as_ylo=2011&as_yhi=2012&as_vis=1"
0,"FP Matozinhos","Obesidade materna e natimortalidade: estudo de base populacional",2012,"","repositorio.ufmg.br","https://repositorio.ufmg.br/handle/1843/GCPA-922LUK","",698,"2021-07-17 18:03:23","","","","",,,,,0,0.00,0,1,9,"… their obstetric history since 2001. Obesity was determined using the anthropometric measures Body Mass Index, Waist Circumference and Waist-to-Height Ratio above the recommended standards. The fetal death occurrence …","https://repositorio.ufmg.br/bitstream/1843/GCPA-922LUK/1/fernanda_penido_matozinhos.pdf","https://scholar.google.com/scholar?q=related:M7bWWphCIYEJ:scholar.google.com/&scioq=%22waist+circumference%22+nigeria&hl=en&as_sdt=0,5&as_ylo=2011&as_yhi=2012&as_vis=1"
0,"T Sibi","Risk Factors for Distal Symmetric Peripheral Neuropathy in Patients With Type 2 Diabetes Mellitus",2011,"","repository-tnmgrmu.ac.in","http://repository-tnmgrmu.ac.in/6046/1/200100511sibi.pdf","",699,"2021-07-17 18:03:23","PDF","","","",,,,,0,0.00,0,1,10,"Page 1. DISSERTATION ON RISK FACTORS FOR DISTAL SYMMETRIC PERIPHERAL NEUROPATHY IN PATIENTS WITH TYPE 2 DIABETES MELLITUS MD DEGREE EXAMINATION BRANCH I (GENERAL MEDICINE) THANJAVUR MEDICAL COLLEGE THANJAVUR …","http://repository-tnmgrmu.ac.in/6046/1/200100511sibi.pdf","https://scholar.google.com/scholar?q=related:ayEpQDVS7pYJ:scholar.google.com/&scioq=%22waist+circumference%22+nigeria&hl=en&as_sdt=0,5&as_ylo=2011&as_yhi=2012&as_vis=1"
3,"R Kanter","Gender disparities in dietary intake and obesity prevalence among Mexican adults: A cross-country comparison between Mexico and the US",2011,"","search.proquest.com","https://search.proquest.com/openview/2fd1763199cacfcd14d5899fdf1c3965/1?pq-origsite=gscholar&cbl=18750","https://scholar.google.com/scholar?cites=11029592524473300668&as_sdt=2005&sciodt=0,5&hl=en",700,"2021-07-17 18:03:23","BOOK","","","",,,,,3,0.30,3,1,10,"… Among black and whitenormal-weight nulliparous women (compared to non-gravid women), excess weight gainis significant only after the first birth, but waist circumference significantly increaseswith each birth; and both types of gain are greater among blacks (35) … Nigeria and …","","https://scholar.google.com/scholar?q=related:vPaItvb7EJkJ:scholar.google.com/&scioq=%22waist+circumference%22+nigeria&hl=en&as_sdt=0,5&as_ylo=2011&as_yhi=2012&as_vis=1"
0,"SM Coulon","The role of social support, neighborhood walkability, and physical activity, on blood pressure in African American adults in the PATH trial: A mediation …",2011,"","search.proquest.com","https://search.proquest.com/openview/e5dc1ef3b46c89c5618c3688a39c8bdd/1?pq-origsite=gscholar&cbl=18750","",701,"2021-07-17 18:03:23","HTML","","","",,,,,0,0.00,0,1,10,"… culturally unique samples of African descent that self-identified as black (Nigerians, Jamaicans, African Americans). Analyses indicated a strong inverse relation between PA … screening during which PA, BP, height, weight, waist circumference, and blood sugar …","https://search.proquest.com/openview/e5dc1ef3b46c89c5618c3688a39c8bdd/1?pq-origsite=gscholar&cbl=18750","https://scholar.google.com/scholar?q=related:2lr04NXKAcYJ:scholar.google.com/&scioq=%22waist+circumference%22+nigeria&hl=en&as_sdt=0,5&as_ylo=2011&as_yhi=2012&as_vis=1"
0,"T Tangeraas","Survival, cardiorespiratory fitness and quality of life after renal transplantation in childhood: Data from the HENT study",2011,"","duo.uio.no","https://www.duo.uio.no/handle/10852/28001","",702,"2021-07-17 18:03:23","","","","",,,,,0,0.00,0,1,10,"Page 1. Survival, cardiorespiratory fitness and quality of life after renal transplantation in childhood: Data from the HENT study. Trine Tangeraas Oslo University Hospital, Rikshospitalet Department of Pediatric Medicine Faculty of Medicine University of Oslo 2011 Page 2 …","https://www.duo.uio.no/bitstream/handle/10852/28001/dravhandling-tangeraas.pdf?sequence=3","https://scholar.google.com/scholar?q=related:LHKuuCcZKjkJ:scholar.google.com/&scioq=%22waist+circumference%22+nigeria&hl=en&as_sdt=0,5&as_ylo=2011&as_yhi=2012&as_vis=1"
0,"SS An","Genetic variants of ADIPOQ and association with plasma adiponectin levels, type 2 diabetes, glucose homeostasis and adiposity",2012,"","search.proquest.com","https://search.proquest.com/openview/6bfb015d07d6c0cf186cacc574f29cfa/1?pq-origsite=gscholar&cbl=18750","",703,"2021-07-17 18:03:23","","","","",,,,,0,0.00,0,1,9,"… SOLAR Sequential Oligogenic Analysis Routine SNP Single Nucleotide Polymorphism T2DM Type 2 Diabetes Mellitus TCF7L2 Transcription factor 7-like 2 VAT Visceral adipose tissue YRI Yoruban Individual from Ibadan, Nigeria Page 15. xiv  ABSTRACT Si Sandy An …","","https://scholar.google.com/scholar?q=related:lkH_rq_vXDAJ:scholar.google.com/&scioq=%22waist+circumference%22+nigeria&hl=en&as_sdt=0,5&as_ylo=2011&as_yhi=2012&as_vis=1"
0,"ZM Ferraro, L Gaudet, KB Adamo","CME REVIEWARTICLE",2012,"OBSTETRICAL AND …","journals.lww.com","https://journals.lww.com/obgynsurvey/Documents/OGS%20February%202012%20All.pdf","",704,"2021-07-17 18:03:23","","","","",,,,,0,0.00,0,3,9,"… Recently, Fraser et al99 demonstrated that children of mothers who gained in excess of the GWG recommendations had elevated BMI, waist circumference, greater fat mass, blood pressure, and inflammatory markers in their circula- tion at age 9 when compared with offspring of …","","https://scholar.google.com/scholar?q=related:8jNHyWfX56UJ:scholar.google.com/&scioq=%22waist+circumference%22+nigeria&hl=en&as_sdt=0,5&as_ylo=2011&as_yhi=2012&as_vis=1"
0,"KS Rabanal","Ethnic inequalities in cardiovascular health",2011,"","nmbu.brage.unit.no","https://nmbu.brage.unit.no/nmbu-xmlui/bitstream/handle/11250/188805/masteroppgaven%20Kjersti%20S%20Rabanal_1.pdf?sequence=1","",705,"2021-07-17 18:03:23","PDF","","","",,,,,0,0.00,0,1,10,"… Page 19. 11 disputed, but Dalton et al. (2003) found that the WHR was somewhat preferable to BMI and waist circumference alone, although all measures showed predictive values in relation to type 2 diabetes, hypertension and dyslipidemia (Dalton et al. 2003) …","https://nmbu.brage.unit.no/nmbu-xmlui/bitstream/handle/11250/188805/masteroppgaven%20Kjersti%20S%20Rabanal_1.pdf?sequence=1","https://scholar.google.com/scholar?q=related:KE4bij2vhngJ:scholar.google.com/&scioq=%22waist+circumference%22+nigeria&hl=en&as_sdt=0,5&as_ylo=2011&as_yhi=2012&as_vis=1"
261,"JR Speakman, DA Levitsky, DB Allison…","Set points, settling points and some alternative models: theoretical options to understand how genes and environments combine to regulate body adiposity",2011,"Disease models & …","journals.biologists.com","https://journals.biologists.com/dmm/article-abstract/4/6/733/3137","https://scholar.google.com/scholar?cites=11511753117498769474&as_sdt=2005&sciodt=0,5&hl=en",706,"2021-07-17 18:03:23","","","","",,,,,261,26.10,65,4,10,"Skip to Main Content Advertisement. Umbrella Alt Text Umbrella Alt Text Close. Journals: Development; Journal of Cell Science; Journal of Experimental Biology; Disease Models & Mechanisms; Biology Open. Community sites: The …","https://journals.biologists.com/dmm/article/4/6/733/3137","https://scholar.google.com/scholar?q=related:QoCC7nf2wZ8J:scholar.google.com/&scioq=%22waist+circumference%22+nigeria&hl=en&as_sdt=0,5&as_ylo=2011&as_yhi=2012&as_vis=1"
1,"LE Inumaru","Fatores de risco e de proteção para câncer de mama: revisão sistemática e estudo caso-controle",2011,"","repositorio.bc.ufg.br","https://repositorio.bc.ufg.br/tede/handle/tde/1465","https://scholar.google.com/scholar?cites=10024203549557473376&as_sdt=2005&sciodt=0,5&hl=en",707,"2021-07-17 18:03:23","","","","",,,,,1,0.10,1,1,10,"Page 1. UNIVERSIDADE FEDERAL DE GOIÁS FACULDADE DE NUTRIÇÃO PROGRAMA DE PÓS-GRADUAÇÃO EM NUTRIÇÃO E SAÚDE LÍVIA EMI INUMARU FATORES DE RISCO E DE PROTEÇÃO PARA CÂNCER DE MAMA: REVISÃO SISTEMÁTICA E ESTUDO CASO …","https://repositorio.bc.ufg.br/tede/bitstream/tde/1465/1/Dissertacao%20Livia%20Emi%20Inumaru.pdf","https://scholar.google.com/scholar?q=related:YECVjwQgHYsJ:scholar.google.com/&scioq=%22waist+circumference%22+nigeria&hl=en&as_sdt=0,5&as_ylo=2011&as_yhi=2012&as_vis=1"
0,"IOFPREBC COLONY, EFP PREVENTS","Midwestern Regional Program Abstracts",2012,"","jim.bmj.com","https://jim.bmj.com/content/60/4/712.abstract","",708,"2021-07-17 18:03:23","","","","",,,,,0,0.00,0,2,9,"Skip to main content. Viewing from: Google Indexer. BMJ Journals. Subscribe; Log In More …","",""
1,"CS Gabrel","Revisiting Population Taxonomy: Using A Social Equity Framework to Analyze Health Disparities Among Obese Black American Ethnic Subgroups",2011,"","search.proquest.com","https://search.proquest.com/openview/bcf44a2d8bd34a811fc3546f3d912940/1?pq-origsite=gscholar&cbl=18750","https://scholar.google.com/scholar?cites=6459565604326206959&as_sdt=2005&sciodt=0,5&hl=en",709,"2021-07-17 18:03:23","BOOK","","","",,,,,1,0.10,1,1,10,"Page 1. Revisiting Population Taxonomy: Using A Social Equity Framework to Analyze Health Disparities Among Obese Black American Ethnic Subgroups Celia S. Gabrel A dissertation submitted in partial fulfillment of the requirements …","https://mdsoar.org/bitstream/handle/11603/3714/UB_2011_Gabrel_C.pdf?sequence=1&isAllowed=y","https://scholar.google.com/scholar?q=related:7-0xYbH8pFkJ:scholar.google.com/&scioq=%22waist+circumference%22+nigeria&hl=en&as_sdt=0,5&as_ylo=2011&as_yhi=2012&as_vis=1"
0,"JAF Noronha","Pressão arterial elevada em crianças e adolescentes com excesso de peso: associação com biomarcadores hormonais e inflamatório",2011,"","tede.bc.uepb.edu.br","http://tede.bc.uepb.edu.br/jspui/handle/tede/1690","",710,"2021-07-17 18:03:23","","","","",,,,,0,0.00,0,1,10,"… Anthropometric data were obtained: body mass index, waist circumference and blood pressure were measured. The systolic or diastolic blood pressure was classified as normal below the 90th percentile for gender, age and stature, Page 8. 8 …","http://tede.bc.uepb.edu.br/jspui/bitstream/tede/1690/1/Juliana%20Andreia%20Fernandes%20Noronha.pdf","https://scholar.google.com/scholar?q=related:pu9MSk89_FUJ:scholar.google.com/&scioq=%22waist+circumference%22+nigeria&hl=en&as_sdt=0,5&as_ylo=2011&as_yhi=2012&as_vis=1"
2,"KK Patel, B Caramelli, MR Silva","Original research articles on the cardiopulmonary system recently appeared in Brazilian clinical and surgical journals",2011,"Revista da Associação Médica …","SciELO Brasil","https://www.scielo.br/j/ramb/a/GQNGfZhxr7mwnLMGMJHKQxN/?format=pdf&lang=en","https://scholar.google.com/scholar?cites=2779675658241152967&as_sdt=2005&sciodt=0,5&hl=en",711,"2021-07-17 18:03:23","PDF","","","",,,,,2,0.20,1,3,10,"… An epidemiological study on the mor- bidity and mortality of respiratory diseases among adults attending a tertiary hospital in Nigeria showed that pul- monary tuberculosis (TB), asthma and pneumonia were the leading causes of respiratory disease-related morbidi- ties …","https://www.scielo.br/j/ramb/a/GQNGfZhxr7mwnLMGMJHKQxN/?format=pdf&lang=en","https://scholar.google.com/scholar?q=related:x5dDqEhkkyYJ:scholar.google.com/&scioq=%22waist+circumference%22+nigeria&hl=en&as_sdt=0,5&as_ylo=2011&as_yhi=2012&as_vis=1"
0,"O Sergeyev, PL Williams, R Hauser, SA Korrick…","Dioxins/PCBs and adrenarche among Russian boys",2011,"Horm Res","researchgate.net","https://www.researchgate.net/profile/Saji-Alexander/publication/285380043_Sperm_cryopreservation_in_adolescent_minors_with_cancer_A_10-year_experience_of_222_consecutive_patients_aged_12-18_years/links/5b2de831a6fdcc8506c2c55f/Sperm-cryopreservation-in-adolescent-minors-with-cancer-A-10-year-experience-of-222-consecutive-patients-aged-12-18-years.pdf","",712,"2021-07-17 18:03:23","PDF","","","",,,,,0,0.00,0,5,10,"Page 1. 49 50th Annual Meeting of the ESPE _____ _____ _____ Horm Res 2011;76(suppl 2) …","https://www.researchgate.net/profile/Saji-Alexander/publication/285380043_Sperm_cryopreservation_in_adolescent_minors_with_cancer_A_10-year_experience_of_222_consecutive_patients_aged_12-18_years/links/5b2de831a6fdcc8506c2c55f/Sperm-cryopreservation-in-adolescent-minors-with-cancer-A-10-year-experience-of-222-consecutive-patients-aged-12-18-years.pdf",""
0,"PWN Hwang","Anti-carcinogenic effects of Morinda citrifolia (noni): identifying signal transduction pathways using ER positive and ER negative human breast cancer cell lines",2012,"","scholarspace.manoa.hawaii.edu","https://scholarspace.manoa.hawaii.edu/handle/10125/100967","",713,"2021-07-17 18:03:23","","","","",,,,,0,0.00,0,1,9,"… risk of developing breast cancer. Besides having a high BMI, women with higher than normal central adiposity (measured by waist circumference) also have a higher risk of developing breast cancer [17]. Obese individuals tend to have higher concentrations of …","https://scholarspace.manoa.hawaii.edu/bitstream/10125/100967/1/Hwang_Phoebe_r.pdf","https://scholar.google.com/scholar?q=related:6SGkb3EQmgsJ:scholar.google.com/&scioq=%22waist+circumference%22+nigeria&hl=en&as_sdt=0,5&as_ylo=2011&as_yhi=2012&as_vis=1"
0,"T Gomathi","A Clinical study of Microvascular Complications in Newly Diagnosed Diabetes Mellitus",2012,"","repository-tnmgrmu.ac.in","http://repository-tnmgrmu.ac.in/id/eprint/13112","",714,"2021-07-17 18:03:23","","","","",,,,,0,0.00,0,1,9,"… certain unique clinical and biochemical abnormalities in Indians .They are increased insulin resistance, greater abdominal adiposity ie, higher waist circumference despite lower body mass index, lower adiponectin and higher high sensitive C-reactive protein levels …","http://repository-tnmgrmu.ac.in/13112/1/200100712gomathi.pdf","https://scholar.google.com/scholar?q=related:ZanFXj7e228J:scholar.google.com/&scioq=%22waist+circumference%22+nigeria&hl=en&as_sdt=0,5&as_ylo=2011&as_yhi=2012&as_vis=1"
0,"D RICKETS","EXCELLENCE IN PAEDIATRICS 2011 ORAL PRESENTATIONS CARDIOLOGY",2011,"","researchgate.net","https://www.researchgate.net/profile/Nilguen-Caylan/publication/294330186_SHOULD_SMOKING_MOTHERS_BREASTFEED/links/5fab3d07a6fdcc331b944be6/SHOULD-SMOKING-MOTHERS-BREASTFEED.pdf","",715,"2021-07-17 18:03:23","PDF","","","",,,,,0,0.00,0,1,10,"Page 1. ABSTRACT EXCELLENCE IN PAEDIATRICS 2011 ORAL PRESENTATIONS CARDIOLOGY OP01 SUBCLINICAL MYOCARDIAL DYSFUNCTION IN VITAMIN D DEFICIENCY RICKETS A Kotby, W Elguindy, S Abdurrahman …","https://www.researchgate.net/profile/Nilguen-Caylan/publication/294330186_SHOULD_SMOKING_MOTHERS_BREASTFEED/links/5fab3d07a6fdcc331b944be6/SHOULD-SMOKING-MOTHERS-BREASTFEED.pdf","https://scholar.google.com/scholar?q=related:bbW26XQUpJwJ:scholar.google.com/&scioq=%22waist+circumference%22+nigeria&hl=en&as_sdt=0,5&as_ylo=2011&as_yhi=2012&as_vis=1"
0,"JS Siegel","Measures of Health Status, Functioning, and Use of Health Services",2012,"The Demography and Epidemiology of Human Health …","Springer","https://link.springer.com/chapter/10.1007/978-94-007-1315-4_5","",716,"2021-07-17 18:03:23","","10.1007/978-94-007-1315-4_5","","",,,,,0,0.00,0,1,9,"… 17.1. Madagascar, 2000. 10.5. 12.8. Malawi, 1996. 12.3. 16.1. Mali, 1996. 15.3. 25.3. Mozambique, 1997. 11.8. 20.7. Niger, 2000. 11.8. 40.0. Nigeria, 1999. 11.3. 15.3. Senegal, 2000. 6.6. 21.3 a. Sierra Leone, 2000. 8.7. 25.3. Tanzania, 1999. 13.9. 12.4. Togo, 1998. 20.2. 31.1. Uganda …","","https://scholar.google.com/scholar?q=related:TuaeJ7MTJ98J:scholar.google.com/&scioq=%22waist+circumference%22+nigeria&hl=en&as_sdt=0,5&as_ylo=2011&as_yhi=2012&as_vis=1"
0,"MA Collins","Ecological Variables and Eating Behaviors in Early Adolescent African American Girls and Their Parent",2012,"","indigo.uic.edu","https://indigo.uic.edu/articles/thesis/Ecological_Variables_and_Eating_Behaviors_in_Early_Adolescent_African_American_Girls_and_Their_Parent/10863551","",717,"2021-07-17 18:03:23","","","","",,,,,0,0.00,0,1,9,"… Page 21. 10 disease. From the 1988 to the 1999 NHANES survey there was a 69% increase in abdominal waist circumference in girls (Li et al., 2006). The highest prevalence of body mass index is consistently seen in African American and Mexican American youth. TABLE II …","https://indigo.uic.edu/articles/thesis/Ecological_Variables_and_Eating_Behaviors_in_Early_Adolescent_African_American_Girls_and_Their_Parent/10863551/files/19367609.pdf",""
9,"L Zoué, M Bedikou, B Faulet, J Gonnety…","Physicochemical and microbiological characterization of linolenic acid-rich oils from seeds of two tropical plants: Corchorus olitorius L. and Hibiscus sabdariffa L.",2012,"African Journal of …","ajol.info","https://www.ajol.info/index.php/ajb/article/view/127458","https://scholar.google.com/scholar?cites=8924383761646358568&as_sdt=2005&sciodt=0,5&hl=en",718,"2021-07-17 18:03:23","","","","",,,,,9,1.00,2,5,9,"… Food potentials of some non-conventional oilseeds grown in Nigeria … Effects of vitamin D supplementation on 25-hydroxyvitamin D, high-density lipoprotein cholesterol, and other cardiovascular disease risk markers in subjects with elevated waist circumference. Int. J. Food …","https://www.ajol.info/index.php/ajb/article/view/127458/116985","https://scholar.google.com/scholar?q=related:KBAycL_H2XsJ:scholar.google.com/&scioq=%22waist+circumference%22+nigeria&hl=en&as_sdt=0,5&as_ylo=2011&as_yhi=2012&as_vis=1"
0,"LR Cain","The Association of Markers of Endothelial Dysfunction and Incident Diabetes Mellitus, Hypertension, Chronic Kidney Disease and Cardiovascular Mortality",2011,"","researchrepository.wvu.edu","https://researchrepository.wvu.edu/etd/3394/","",719,"2021-07-17 18:03:23","","","","",,,,,0,0.00,0,1,10,"Page 1. Graduate Theses, Dissertations, and Problem Reports 2011 The Association of Markers of Endothelial Dysfunction and Incident Diabetes Mellitus, Hypertension, Chronic Kidney Disease and Cardiovascular Mortality Loretta Rena Cain West Virginia University …","https://researchrepository.wvu.edu/cgi/viewcontent.cgi?article=4398&context=etd","https://scholar.google.com/scholar?q=related:qZc1a1YAZxQJ:scholar.google.com/&scioq=%22waist+circumference%22+nigeria&hl=en&as_sdt=0,5&as_ylo=2011&as_yhi=2012&as_vis=1"
0,"AG Hoosen","Exploring the actions of general practitioners on abnormal findings identified by registered nurses conducting home comprehensive geriatric assessments (CGA).",2011,"","ukzn-dspace.ukzn.ac.za","http://ukzn-dspace.ukzn.ac.za/handle/10413/11090","",720,"2021-07-17 18:03:23","","","","",,,,,0,0.00,0,1,10,"… This ranks South Africa as the second highest number of older persons on the African continent, only surpassed by the older population of Nigeria (5.42 million). Despite … continent, only surpassed by the older population of Nigeria (5.42 million). Despite …","https://ukzn-dspace.ukzn.ac.za/bitstream/handle/10413/11090/Hoosen_Aslam_Goolam_2011.pdf?sequence=1&isAllowed=y","https://scholar.google.com/scholar?q=related:KnribEvUQeAJ:scholar.google.com/&scioq=%22waist+circumference%22+nigeria&hl=en&as_sdt=0,5&as_ylo=2011&as_yhi=2012&as_vis=1"
0,"AL Benedet","Associação entre estimativas de ancestralidade genômica ea ocorrência e severidade da doença de Alzheimer",2011,"","repositorio.unb.br","http://repositorio.unb.br/handle/10482/10240","",721,"2021-07-17 18:03:23","","","","",,,,,0,0.00,0,1,10,"Page 1. ANDREA LESSA BENEDET ASSOCIAÇÃO ENTRE ESTIMATIVAS DE ANCESTRALIDADE GENÔMICA E A OCORRÊNCIA E SEVERIDADE DA DOENÇA DE ALZHEIMER. Dissertação apresentada ao Programa de …","https://repositorio.unb.br/bitstream/10482/10240/1/2011_AndreaLessaBenedet.pdf","https://scholar.google.com/scholar?q=related:wqVBZ3lylnMJ:scholar.google.com/&scioq=%22waist+circumference%22+nigeria&hl=en&as_sdt=0,5&as_ylo=2011&as_yhi=2012&as_vis=1"
0,"AG Zeki Al Hazzouri","Life Course Socioeconomic Conditions and Mental Health Among Older Mexicans and Mexican Americans.",2011,"","deepblue.lib.umich.edu","https://deepblue.lib.umich.edu/handle/2027.42/84580","",722,"2021-07-17 18:03:23","","","","",,,,,0,0.00,0,1,10,"Page 1. Life Course Socioeconomic Conditions and Mental Health Among Older Mexicans and Mexican Americans by Adina G. Zeki Al Hazzouri A dissertation submitted in partial fulfillment of the requirements for the degree …","https://deepblue.lib.umich.edu/bitstream/handle/2027.42/84580/adinaz_1.pdf?sequence=1","https://scholar.google.com/scholar?q=related:jImRvwq48hkJ:scholar.google.com/&scioq=%22waist+circumference%22+nigeria&hl=en&as_sdt=0,5&as_ylo=2011&as_yhi=2012&as_vis=1"
0,"J Labad, J Kulkarni","Psychosis and Gender",,"downloads.hindawi.com","","https://downloads.hindawi.com/journals/specialissues/205926.pdf","",723,"2021-07-17 18:03:23","PDF","","","",,,,,0,0.00,0,2,,"Page 1. Psychosis and Gender Guest Editors: Susana Ochoa, Judith Usall, Jesús Cobo, Javier Labad, and Jayashri Kulkarni Schizophrenia Research and Treatment Page 2. Psychosis and Gender Page 3. Schizophrenia Research and Treatment Psychosis and Gender …","https://downloads.hindawi.com/journals/specialissues/205926.pdf","https://scholar.google.com/scholar?q=related:79nuLcqw_GYJ:scholar.google.com/&scioq=%22waist+circumference%22+nigeria&hl=en&as_sdt=0,5&as_ylo=2011&as_yhi=2012&as_vis=1"
0,"E POPESCU, I GOLUBEV","NUTRITION, CONSUMPTION AND HEALTH",2012,"","academia.edu","https://www.academia.edu/download/49622319/Functional_Food_Sources_Beans_in_Sight20161015-1893-dmnxut.pdf","",724,"2021-07-17 18:03:23","PDF","","","",,,,,0,0.00,0,2,9,"Page 1. AGRICULTURE ISSUES AND POLICIES BEANS NUTRITION, CONSUMPTION AND HEALTH ELENA POPESCU AND IVAN GOLUBEV EDITORS Nova Science Publishers, Inc. New York Page 2. Copyright C 2012 by Nova Science Publishers, Inc. All rights reserved …","https://www.academia.edu/download/49622319/Functional_Food_Sources_Beans_in_Sight20161015-1893-dmnxut.pdf","https://scholar.google.com/scholar?q=related:ewGTBWs5oI8J:scholar.google.com/&scioq=%22waist+circumference%22+nigeria&hl=en&as_sdt=0,5&as_ylo=2011&as_yhi=2012&as_vis=1"
4,"P Pridmore","Identifying and tackling the social determinants of child malnutrition in urban informal settlements and slums: a cross national review of the evidence for action",2011,"","opendocs.ids.ac.uk","https://opendocs.ids.ac.uk/opendocs/bitstream/handle/20.500.12413/11885/Child_Malnutrition_Pridmore.pdf","https://scholar.google.com/scholar?cites=210085449966256822&as_sdt=2005&sciodt=0,5&hl=en",725,"2021-07-17 18:03:23","PDF","","","",,,,,4,0.40,4,1,10,"Page 1. NICK Nutritional Improvement for children in urban Chile and Kenya Identifying and tackling the social determinants of child malnutrition in urban informal settlements and slums: a cross national review of the evidence for action Dr Pat Pridmore …","https://opendocs.ids.ac.uk/opendocs/bitstream/handle/20.500.12413/11885/Child_Malnutrition_Pridmore.pdf","https://scholar.google.com/scholar?q=related:toK3iZpf6gIJ:scholar.google.com/&scioq=%22waist+circumference%22+nigeria&hl=en&as_sdt=0,5&as_ylo=2011&as_yhi=2012&as_vis=1"
1,"STP Matenge","Utilisation of traditional and indigenous foods in the North West province of South Africa",2011,"","repository.nwu.ac.za","http://repository.nwu.ac.za/handle/10394/8439","https://scholar.google.com/scholar?cites=18258653867044230868&as_sdt=2005&sciodt=0,5&hl=en",726,"2021-07-17 18:03:23","","","","",,,,,1,0.10,1,1,10,"Page 1. UTILISATION OF TRADITIONAL AND INDIGENOUS FOODS IN THE NORTH WEST PROVINCE OF SOUTH AFRICA SARAH TP MATENGE (M. Consumer Sciences) Thesis submitted for the degree Doctor of Philosophy …","http://repository.nwu.ac.za/bitstream/handle/10394/8439/Matenge_STP.pdf?sequence=1","https://scholar.google.com/scholar?q=related:1Nb7HfTEY_0J:scholar.google.com/&scioq=%22waist+circumference%22+nigeria&hl=en&as_sdt=0,5&as_ylo=2011&as_yhi=2012&as_vis=1"
2,"PA Speaks","Describing the cultural perceptions of weight and perceived body size with obese African American women: A descriptive focused ethnography",2012,"","search.proquest.com","https://search.proquest.com/openview/9dc35d37ad01e418c76713fa11a856a7/1?pq-origsite=gscholar&cbl=18750","https://scholar.google.com/scholar?cites=2982206865187457953&as_sdt=2005&sciodt=0,5&hl=en",727,"2021-07-17 18:03:23","","","","",,,,,2,0.22,2,1,9,"Page 1. DESCRIBING THE CULTURAL PERCEPTIONS OF WEIGHT AND PERCEIVED BODY SIZE WITH OBESE AFRICAN AMERICAN WOMEN: A DESCRIPTIVE FOCUSED ETHNOGRAPHY by Patricia Ann Speaks …","https://repository.arizona.edu/bitstream/handle/10150/255193/azu_etd_12457_sip1_m.pdf?sequence=1","https://scholar.google.com/scholar?q=related:ocs67lftYikJ:scholar.google.com/&scioq=%22waist+circumference%22+nigeria&hl=en&as_sdt=0,5&as_ylo=2011&as_yhi=2012&as_vis=1"
0,"P Rakesh","A Study on Plasma Fibrinogen Levels in Type 2 Diabetes Mellitus",2012,"","repository-tnmgrmu.ac.in","http://repository-tnmgrmu.ac.in/6764/1/200100112rakesh.pdf","",728,"2021-07-17 18:03:23","PDF","","","",,,,,0,0.00,0,1,9,"Page 1. A STUDY ON FIBRINOGEN LEVELS IN TYPE 2 DIABETES MELLITUS Dissertation submitted in partial fulfillment of requirements for MD DEGREE IN GENERAL MEDICINE BRANCH I Of THE TAMILNADU Dr. MGR MEDICAL UNIVERSITY, CHENNAI, INDIA …","http://repository-tnmgrmu.ac.in/6764/1/200100112rakesh.pdf","https://scholar.google.com/scholar?q=related:yWVgpuZcONAJ:scholar.google.com/&scioq=%22waist+circumference%22+nigeria&hl=en&as_sdt=0,5&as_ylo=2011&as_yhi=2012&as_vis=1"
10,"P Moynihan","The role of diet in the prevention of dental diseases",2012,"Comprehensive Preventive Dentistry. John Wiley & …","books.google.com","https://books.google.com/books?hl=en&lr=&id=bar1W50pfgEC&oi=fnd&pg=PA99&dq=%22waist+circumference%22+nigeria&ots=IcPI486YA1&sig=LESAfDiVarv0xiYMq1TuK610O6c","https://scholar.google.com/scholar?cites=14446837009562163022&as_sdt=2005&sciodt=0,5&hl=en",729,"2021-07-17 18:03:23","","","","",,,,,10,1.11,10,1,9,"Page 110. 6 The role of diet in the prevention of dental diseases Paula Moynihan Introduction Despite an increased awareness ofthe importance of oral health and advances made in the use of fluoride as a preventive measure …","","https://scholar.google.com/scholar?q=related:Tlfrsrd5fcgJ:scholar.google.com/&scioq=%22waist+circumference%22+nigeria&hl=en&as_sdt=0,5&as_ylo=2011&as_yhi=2012&as_vis=1"
0,"E Wasserfall","Growth patterns and nutrition-related problems of infants under one year attending Red Cross Children's Hospital's antiretroviral clinic and the knowledge, attitudes …",2011,"","scholar.sun.ac.za","http://scholar.sun.ac.za/handle/10019.1/17969","",730,"2021-07-17 18:03:23","","","","",,,,,0,0.00,0,1,10,"Page 1. GROWTH PATTERNS AND NUTRITION-RELATED PROBLEMS OF INFANTS UNDER ONE YEAR ATTENDING RED CROSS CHILDREN'S HOSPITAL'S ANTIRETROVIRAL CLINIC AND THE KNOWLEDGE, ATTITUDE, BELIEFS AND PRACTICES OF THEIR …","https://scholar.sun.ac.za/bitstream/handle/10019.1/17969/wasserfall_growth_2011.pdf?sequence=1&isAllowed=y","https://scholar.google.com/scholar?q=related:dmdAt3hqQ7cJ:scholar.google.com/&scioq=%22waist+circumference%22+nigeria&hl=en&as_sdt=0,5&as_ylo=2011&as_yhi=2012&as_vis=1"
73,"W Katon, M Maj, N Sartorius","Depression and diabetes",2011,"","books.google.com","https://books.google.com/books?hl=en&lr=&id=hBnmzG1QP5YC&oi=fnd&pg=PA7&dq=%22waist+circumference%22+nigeria&ots=k-vYm5hFna&sig=XBnjBMmLTYN0Zyl72vtdx7msq1I","https://scholar.google.com/scholar?cites=11505897595808275993&as_sdt=2005&sciodt=0,5&hl=en",731,"2021-07-17 18:03:23","BOOK","","","",,,,,73,7.30,24,3,10,"Page 1. Depression and Diabetes Edited by Wayne Katon Mario Maj Norman Sartorius World @WlLEY-BLACKWELL @ matric- ciation Page 2. Contents Series Page Copytright List of Contributors Preface CHAPTER 1 The Epidemiology …","","https://scholar.google.com/scholar?q=related:GV4sDOcorZ8J:scholar.google.com/&scioq=%22waist+circumference%22+nigeria&hl=en&as_sdt=0,5&as_ylo=2011&as_yhi=2012&as_vis=1"
8,"V Ivezaj","An examination of psychological risk factors for the development of substance abuse among post-bariatric surgery patients",2012,"","commons.emich.edu","https://commons.emich.edu/theses/408/","https://scholar.google.com/scholar?cites=6875336067401617797&as_sdt=2005&sciodt=0,5&hl=en",732,"2021-07-17 18:03:23","","","","",,,,,8,0.89,8,1,9,"… Figure 1. Obesity trends among US adults Although there are a number of ways to measure obesity (eg, waist circumference), obesity is commonly measured through obtaining a Body Mass Index (BMI) score, which is calculated by the following formula: weight (lb) / [height (in)] …","https://commons.emich.edu/cgi/viewcontent.cgi?article=1777&context=theses","https://scholar.google.com/scholar?q=related:hZHn6LkZal8J:scholar.google.com/&scioq=%22waist+circumference%22+nigeria&hl=en&as_sdt=0,5&as_ylo=2011&as_yhi=2012&as_vis=1"
0,"이경진","당뇨병이 없는 한국인 성인남녀에서 당화혈색소와 심뇌혈관 질환의 관련성",2011,"","ir.ymlib.yonsei.ac.kr","https://ir.ymlib.yonsei.ac.kr/handle/22282913/136337","",733,"2021-07-17 18:03:23","","","","",,,,,0,0.00,0,1,10,"Page 1. 당뇨병이 없는 한국인 성인 남녀에서 당화혈색소와 심뇌혈관 질환의 관련성 연세대학교 보건대학원 역학건강증진학과 이 경 진 Page 2. 당뇨병이 없는 한국인 성인 남녀에서 당화혈색소와 심뇌혈관 질환의 관련성 지도 지 선 하 교수 이 논문을 보건학 석사 학위논문으로 제출함 …","https://ir.ymlib.yonsei.ac.kr/bitstream/22282913/136337/1/TA01315.pdf","https://scholar.google.com/scholar?q=related:2etB84T0o0cJ:scholar.google.com/&scioq=%22waist+circumference%22+nigeria&hl=en&as_sdt=0,5&as_ylo=2011&as_yhi=2012&as_vis=1"
3,"P Hovi","Preterm birth and risk factors for chronic disease: Helsinki Study of Very Low Birth Weight Adults",2011,"Research/National Institute for Health and Welfare","helda.helsinki.fi","https://helda.helsinki.fi/handle/10138/26510","https://scholar.google.com/scholar?cites=3233306123201618013&as_sdt=2005&sciodt=0,5&hl=en",734,"2021-07-17 18:03:23","","","","",,,,,3,0.30,3,1,10,"Page 1. 62 Preterm B irth an d R isk Facto rs fo r C h ro n ic D isease 62 2011 Petteri Ho vi Petteri Hovi Preterm Birth and Risk Factors for Chronic Disease Helsinki Study of Very Low Birth Weight Adults R ESEAR CH Page 2 …","https://helda.helsinki.fi/bitstream/handle/10138/26510/pretermb.pdf?sequence=1","https://scholar.google.com/scholar?q=related:XSCHy8kC3ywJ:scholar.google.com/&scioq=%22waist+circumference%22+nigeria&hl=en&as_sdt=0,5&as_ylo=2011&as_yhi=2012&as_vis=1"
3,"BML Ponte","Composição corporal e insulino-resistência",2011,"","bdigital.ufp.pt","https://bdigital.ufp.pt/handle/10284/2481","https://scholar.google.com/scholar?cites=16759020093715422897&as_sdt=2005&sciodt=0,5&hl=en",735,"2021-07-17 18:03:23","","","","",,,,,3,0.30,3,1,10,"… water, level of visceral fat and waist circumference) and insulin resistance, addressing the particularities of the central distribution of fat in the context of MS, possible pathogenetic … also a positive relationship between blood glucose levels and visceral fat, waist circumference, fat …","https://bdigital.ufp.pt/bitstream/10284/2481/1/T_15226.pdf","https://scholar.google.com/scholar?q=related:sZ6Kbfv_k-gJ:scholar.google.com/&scioq=%22waist+circumference%22+nigeria&hl=en&as_sdt=0,5&as_ylo=2011&as_yhi=2012&as_vis=1"
2,"PM Pontilho","Relação entre elasticidade arterial e outros marcadores de risco cardiovascular em indivíduos com HIV/aids em terapia antirretroviral",2012,"","teses.usp.br","https://www.teses.usp.br/teses/disponiveis/6/6138/tde-21012013-145244/en.php","https://scholar.google.com/scholar?cites=2781718359013261798&as_sdt=2005&sciodt=0,5&hl=en",736,"2021-07-17 18:03:23","","","","",,,,,2,0.22,2,1,9,"Page 1. Universidade de São Paulo Faculdade de Saúde Pública Relação entre elasticidade arterial e outros marcadores de risco cardiovascular em indivíduos com HIV/aids em terapia antirretroviral Patrícia de Moraes Pontilho …","https://www.teses.usp.br/teses/disponiveis/6/6138/tde-21012013-145244/publico/PatriciaPontilho.pdf","https://scholar.google.com/scholar?q=related:5gEr_hummiYJ:scholar.google.com/&scioq=%22waist+circumference%22+nigeria&hl=en&as_sdt=0,5&as_ylo=2011&as_yhi=2012&as_vis=1"
0,"RH Sansores, A Ramírez-Venegas…","Alteraciones visuales asociadas al tabaquismo. Una revisión sistemática a propósito de un caso clínico",2012,"Revista de …","medigraphic.com","https://www.medigraphic.com/cgi-bin/new/resumenI.cgi?IDARTICULO=41454","",737,"2021-07-17 18:03:23","","","","",,,,,0,0.00,0,3,9,"Page 1. 9 i i es c Revista de Investigación Clínica / Vol. 64, Núm. 1 / Enero-Febrero, 2012 / pp 89-101 Alteraciones visuales asociadas al tabaquismo. Una revisión sistemática a propósito de un caso clínico Raúl H. Sansores …","https://www.medigraphic.com/pdfs/revinvcli/nn-2012/nn121l.pdf","https://scholar.google.com/scholar?q=related:pR4qxljuTpcJ:scholar.google.com/&scioq=%22waist+circumference%22+nigeria&hl=en&as_sdt=0,5&as_ylo=2011&as_yhi=2012&as_vis=1"
0,"V De Albuquerque, C Pyper","The Relationship Between the Lumbar Lordosis, Body Fat Percentage, Lumbar Spine Range of Motion, Physical Activity Level and the Incidence of Low Back …",2012,"","ujcontent.uj.ac.za","https://ujcontent.uj.ac.za/vital/access/services/Download/uj:7451/CONTENT1","",738,"2021-07-17 18:03:23","PDF","","","",,,,,0,0.00,0,2,9,"Page 1. i THE RELATIONSHIP BETWEEN THE LUMBAR LORDOSIS, BODY FAT PERCENTAGE, LUMBAR SPINE RANGE OF MOTION, PHYSICAL ACTIVITY LEVEL AND THE INCIDENCE OF LOW BACK PAIN IN FEMALES …","https://ujcontent.uj.ac.za/vital/access/services/Download/uj:7451/CONTENT1","https://scholar.google.com/scholar?q=related:sCT7d9mhYs0J:scholar.google.com/&scioq=%22waist+circumference%22+nigeria&hl=en&as_sdt=0,5&as_ylo=2011&as_yhi=2012&as_vis=1"
0,"X Chen","The distribution of income and well-being in rural China: a survey of panel data sets, studies and new directions: Xi Chen",2012,"Rising China in the Changing World Economy","taylorfrancis.com","https://www.taylorfrancis.com/chapters/edit/10.4324/9780203144596-20/distribution-income-well-being-rural-china-survey-panel-data-sets-studies-new-directions-xi-chen-xi-chen","",739,"2021-07-17 18:03:23","","","","",,,,,0,0.00,0,1,9,"Page 1. 11 The distribution of income and well-being in rural China A survey of panel data sets, studies and new directions Xi Chen Introduction and overview China has been experiencing unprecedented growth over the past …","","https://scholar.google.com/scholar?q=related:kOag_RA-C18J:scholar.google.com/&scioq=%22waist+circumference%22+nigeria&hl=en&as_sdt=0,5&as_ylo=2011&as_yhi=2012&as_vis=1"
0,"AS Marques","Prevalência de hipertensão arterial em servidores universitários do Noroeste do Paraná",2012,"","repositorio.uem.br","http://repositorio.uem.br:8080/jspui/handle/1/2272","",740,"2021-07-17 18:03:23","","","","",,,,,0,0.00,0,1,9,"Page 1. UNIVERSIDADE ESTADUAL DE MARINGÁ CENTRO DE CIÊNCIAS DA SAÚDE DEPARTAMENTO DE EDUCAÇÃO FÍSICA PROGRAMA DE PÓS-GRADUAÇÃO ASSOCIADO EM EDUCAÇÃO FÍSICA – UEM/UEL ANGÉLICA SBROLINI MARQUES …","http://repositorio.uem.br:8080/jspui/bitstream/1/2272/1/000205523.pdf","https://scholar.google.com/scholar?q=related:A-2Wiv6Xf2wJ:scholar.google.com/&scioq=%22waist+circumference%22+nigeria&hl=en&as_sdt=0,5&as_ylo=2011&as_yhi=2012&as_vis=1"
1,"C Sossa","Évolution du risque cardiométabolique sur une période de quatre ans: Étude chez des adultes béninois (Afrique de l'Ouest)",2012,"","search.proquest.com","https://search.proquest.com/openview/acbef5d875700159779ae69f769b6f94/1?pq-origsite=gscholar&cbl=18750","https://scholar.google.com/scholar?cites=8021758977712165924&as_sdt=2005&sciodt=0,5&hl=en",741,"2021-07-17 18:03:23","BOOK","","","",,,,,1,0.11,1,1,9,"… (CMR) in Benin adults were: • To examine whether abdominal obesity according to International Diabetes Federation (IDF) waist circumference cut-offs, or insulin resistance measured by … the waist circumference was associated with a higher likelihood of insulin resistance …","https://papyrus.bib.umontreal.ca/xmlui/bitstream/handle/1866/8822/Sossa_Charles_2012_these.pdf","https://scholar.google.com/scholar?q=related:JJRVBEoDU28J:scholar.google.com/&scioq=%22waist+circumference%22+nigeria&hl=en&as_sdt=0,5&as_ylo=2011&as_yhi=2012&as_vis=1"
1,"EM Moiloa","Non-adherence to ART medication regimens among people living with HIV, who are registered with Leratong hospital in Gauteng province, South Africa",2012,"","scholar.sun.ac.za","http://scholar.sun.ac.za/handle/10019.1/19924","https://scholar.google.com/scholar?cites=6836971132388485155&as_sdt=2005&sciodt=0,5&hl=en",742,"2021-07-17 18:03:23","","","","",,,,,1,0.11,1,1,9,"Page 1. NON-ADHERENCE TO ART MEDICATION REGIMENS AMONG PEOPLE LIVING WITH HIV, WHO ARE REGISTERED WITH LERATONG HOSPITAL IN GAUTENG PROVINCE, SOUTH AFRICA EDWIN MOHLALEFI MOILOA …","http://scholar.sun.ac.za/bitstream/handle/10019.1/19924/moiloa_nonadherence_2012.pdf?sequence=1&isAllowed=y","https://scholar.google.com/scholar?q=related:I6idZQXN4V4J:scholar.google.com/&scioq=%22waist+circumference%22+nigeria&hl=en&as_sdt=0,5&as_ylo=2011&as_yhi=2012&as_vis=1"
0,"HS Khan, S Majid, R Hamid, R Reshi","Elucidation of Etiology of Colorectal Cancer: A Study on Silencing of MGMT Gene by Promoter Hypermethylation",2012,"","core.ac.uk","https://core.ac.uk/download/pdf/159343856.pdf","",743,"2021-07-17 18:03:23","PDF","","","",,,,,0,0.00,0,4,9,"… However, a positive association between diabetes and colorectal cancer has been found in studies that accounted for physical activity, body mass index, and waist circumference (Larsson et al., 2005). 2.4 Molecular biology of CRC …","https://core.ac.uk/download/pdf/159343856.pdf",""
3,"X Chen","Essays on social networks: relative concerns, social interactions, and Unintended Consequences",2012,"","ecommons.cornell.edu","https://ecommons.cornell.edu/handle/1813/31507","https://scholar.google.com/scholar?cites=5916829393407772708&as_sdt=2005&sciodt=0,5&hl=en",744,"2021-07-17 18:03:23","","","","",,,,,3,0.33,3,1,9,"Page 1. ESSAYS ON SOCIAL NETWORKS: RELATIVE CONCERNS, SOCIAL INTERACTIONS, AND UNINTENDED CONSEQUENCES A Dissertation Presented to the Faculty of the Graduate School of Cornell University In …","https://ecommons.cornell.edu/xmlui/bitstream/handle/1813/31507/xc49.pdf?sequence=1","https://scholar.google.com/scholar?q=related:JAipDvzMHFIJ:scholar.google.com/&scioq=%22waist+circumference%22+nigeria&hl=en&as_sdt=0,5&as_ylo=2011&as_yhi=2012&as_vis=1"
18,"LO Amusa, DT Goon, AK Amey…","Health-related physical fitness among rural primary school children in Tshannda, South Africa",2011,"Scientific Research and …","academicjournals.org","https://academicjournals.org/journal/SRE/article-abstract/8EAFA2124328","https://scholar.google.com/scholar?cites=14013952404614775113&as_sdt=2005&sciodt=0,5&hl=en",745,"2021-07-17 18:03:23","","","","",,,,,18,1.80,5,4,10,"Page 1. Scientific Research and Essays Vol. 6(22), pp. 4665-4680, 7 October, 2011 Available online at http://www.academicjournals.org/SRE DOI: 10.5897/SRE10.522 ISSN 1992-2248 Š2011 Academic Journals Full Length Research Paper …","https://academicjournals.org/journal/SRE/article-full-text-pdf/8EAFA2124328.pdf","https://scholar.google.com/scholar?q=related:SYFLgHaPe8IJ:scholar.google.com/&scioq=%22waist+circumference%22+nigeria&hl=en&as_sdt=0,5&as_ylo=2011&as_yhi=2012&as_vis=1"
2,"J Battle","Translating sweetness: Type 2 diabetes, race, research, and outreach",2012,"","escholarship.org","https://escholarship.org/uc/item/06f5s847","https://scholar.google.com/scholar?cites=16853269634974617049&as_sdt=2005&sciodt=0,5&hl=en",746,"2021-07-17 18:03:23","","","","",,,,,2,0.22,2,1,9,"Page 1. UC Berkeley UC Berkeley Electronic Theses and Dissertations Title Translating Sweetness: Type 2 Diabetes, Race, Research, and Outreach Permalink https://escholarship. org/uc/item/06f5s847 Author Battle, James Publication Date 2012 …","https://escholarship.org/content/qt06f5s847/qt06f5s847.pdf","https://scholar.google.com/scholar?q=related:2Q2KyHDX4ukJ:scholar.google.com/&scioq=%22waist+circumference%22+nigeria&hl=en&as_sdt=0,5&as_ylo=2011&as_yhi=2012&as_vis=1"
5,"F Abu Snayma","Ghrelin, leptin and insulin in type 2 diabetic patients in Gaza Strip",2012,"","iugspace.iugaza.edu.ps","https://iugspace.iugaza.edu.ps/handle/20.500.12358/21889","https://scholar.google.com/scholar?cites=1167078777616929222&as_sdt=2005&sciodt=0,5&hl=en",747,"2021-07-17 18:03:23","","","","",,,,,5,0.56,5,1,9,"Page 1. Islamic University-Gaza ﺔﻌﻣﺎـﺟﻟا ﺔـﯾﻣﻼﺳﻹا - ةزــﻏ Deanery of Post Graduation ةدﺎـﻣﻋ تﺎـﺳاردﻟا ﺎـﯾﻟﻌﻟا Faculty of Science ﺔــﯾﻟـﮐ موــﻟـﻌﻟا Master of Biological Sciences رـﯾﺗﺳـﺟﺎﻣ موـﻟﻌﻟا ﺔﯾﺗﺎﯾـﺣﻟا Medical Technology لـﯾﻟﺎــﺣﺗ ﺔـــﯾـﺑـط Ghrelin, Leptin and Insulin in Type 2 …","https://iugspace.iugaza.edu.ps/bitstream/handle/20.500.12358/21889/file_1.pdf?sequence=1&isAllowed=y","https://scholar.google.com/scholar?q=related:xhHB_PZLMhAJ:scholar.google.com/&scioq=%22waist+circumference%22+nigeria&hl=en&as_sdt=0,5&as_ylo=2011&as_yhi=2012&as_vis=1"
0,"K KARABAĞ, Z ORBAK","3-7 YAŞ GRUBU ÇOCUKLARDA SERUM ANTİOKSİDAN VİTAMİN (A, E, C) DÜZEYLERİ VE AÇLIK İNSÜLİN DÜZEYİNİN VÜCUT KİTLE İNDEKSİ İLE İLİŞKİSİ",,"nek.istanbul.edu.tr","","http://nek.istanbul.edu.tr:4444/ekos/TEZ/47734.pdf","",748,"2021-07-17 18:03:23","PDF","","","",,,,,0,0.00,0,2,,"Page 1. TC ATATÜRK ÜNİVERSİTESİ TIP FAKÜLTESİ ÇOCUK SAĞLIĞI VE HASTALIKLARI ANABİLİM DALI 3-7 YAŞ GRUBU ÇOCUKLARDA SERUM ANTİOKSİDAN VİTAMİN (A,E,C) DÜZEYLERİ VE AÇLIK İNSÜLİN DÜZEYİNİN VÜCUT KİTLE İNDEKSİ İLE İLİŞKİSİ …","http://nek.istanbul.edu.tr:4444/ekos/TEZ/47734.pdf","https://scholar.google.com/scholar?q=related:6egn3tOQ9xIJ:scholar.google.com/&scioq=%22waist+circumference%22+nigeria&hl=en&as_sdt=0,5&as_ylo=2011&as_yhi=2012&as_vis=1"
0,"QA Acton","Ophthalmic Steroids—Advances in Research and Application: 2012 Edition",2012,"","books.google.com","https://books.google.com/books?hl=en&lr=&id=7lzeyDNj4goC&oi=fnd&pg=PR1&dq=%22waist+circumference%22+nigeria&ots=QwdxLT1DIq&sig=IypLiPqI0SONnpD8yNRhKXd54tY","",749,"2021-07-17 18:03:23","BOOK","","","",,,,,0,0.00,0,1,9,"Page 1. Ophthalmic Steroids— Advanccs in Research and Application 2012 Edition Q. Ashton Acton, PhD General Editor SCHOLARLYEDITIONSM Page 2. Ophthalmic Steroids— Advances in Research and Application Edition …","","https://scholar.google.com/scholar?q=related:9tJeZOxpmSIJ:scholar.google.com/&scioq=%22waist+circumference%22+nigeria&hl=en&as_sdt=0,5&as_ylo=2011&as_yhi=2012&as_vis=1"
0,"A Khan","Drinking water salinity and the risk of (pre) eclampsia and gestational hypertension in coastal Bangladesh: impacts of climate change",2012,"","spiral.imperial.ac.uk","https://spiral.imperial.ac.uk/handle/10044/1/23906","",750,"2021-07-17 18:03:23","","","","",,,,,0,0.00,0,1,9,"… study, women with previous gestational hypertension (at an average age of 25 years) had significantly higher BP, BMI, waist circumference, and insulin … In Abuja, Nigeria, another country of the tropics, the incidence of eclampsia was associated with rainy season (Okafor et al …","https://spiral.imperial.ac.uk/bitstream/10044/1/23906/1/Khan-AE-2014-PhD-Thesis.docx","https://scholar.google.com/scholar?q=related:b1ZXm6YA1L0J:scholar.google.com/&scioq=%22waist+circumference%22+nigeria&hl=en&as_sdt=0,5&as_ylo=2011&as_yhi=2012&as_vis=1"
0,"KL Drager","Energy availability in female athletes and non-athletes taking oral contraceptive pills",2012,"","era.library.ualberta.ca","https://era.library.ualberta.ca/items/b8305358-6e77-4f00-b31e-4d161d520dca","",751,"2021-07-17 18:03:23","","","","",,,,,0,0.00,0,1,9,"Page 1. University of Alberta Energy availability of female athletes and non-athletes taking oral contraceptive pills by Kelly Drager A thesis submitted to the Faculty of Graduate Studies and Research in partial fulfillment of the requirements for the degree of Master of Science …","https://era.library.ualberta.ca/items/b8305358-6e77-4f00-b31e-4d161d520dca/view/67b672be-455d-44ee-af81-d166081c339d/Drager_Kelly_Spring-202012.pdf","https://scholar.google.com/scholar?q=related:DLOn5ovzhfAJ:scholar.google.com/&scioq=%22waist+circumference%22+nigeria&hl=en&as_sdt=0,5&as_ylo=2011&as_yhi=2012&as_vis=1"
0,"FR Conde Cáceres","Factores relacionados con la expresión de receptores hormonales en pacientes con cáncer de mama en el Hospital Nacional Edgardo Rebagliati Martins, Lima–Perú …",2011,"","redi.unjbg.edu.pe","http://redi.unjbg.edu.pe/handle/UNJBG/211","",752,"2021-07-17 18:03:23","","","","",,,,,0,0.00,0,1,10,"Page 1. UNIVERSIDAD NACIONAL JORGE BASADRE GROHMANN -TACNA Facultad de Ciencias de la Salud Escuela Académico Profesional de Medicina Humana ""FACTORES RELACIONADOS CON LA EXPRESIÓN DE RECEPTORES …","http://redi.unjbg.edu.pe/bitstream/handle/UNJBG/211/TG0062.pdf?sequence=1&isAllowed=y","https://scholar.google.com/scholar?q=related:adhACDDNOBYJ:scholar.google.com/&scioq=%22waist+circumference%22+nigeria&hl=en&as_sdt=0,5&as_ylo=2011&as_yhi=2012&as_vis=1"
1,"AJ Accettura","Determinants of physical performance in people with knee osteoarthritis",2012,"","macsphere.mcmaster.ca","https://macsphere.mcmaster.ca/handle/11375/12483","https://scholar.google.com/scholar?cites=9600722266676810713&as_sdt=2005&sciodt=0,5&hl=en",753,"2021-07-17 18:03:23","","","","",,,,,1,0.11,1,1,9,"Page 1. DETERMINANTS OF PHYSICAL PERFROMANCE IN KNEE OSTEOARTHRTIS Page 2. DETERMINANTS OF PHYSICAL PERFROMANCE IN PEOPLE WITH KNEE OSTEOARTHRITIS By ANGELA ACCETTURA, MPT, BA (Kin) …","https://macsphere.mcmaster.ca/bitstream/11375/12483/1/fulltext.pdf","https://scholar.google.com/scholar?q=related:2VN05AiePIUJ:scholar.google.com/&scioq=%22waist+circumference%22+nigeria&hl=en&as_sdt=0,5&as_ylo=2011&as_yhi=2012&as_vis=1"
8,"NF Aguas Aguas","Prevalencia De Hipertension Arterial Y Factores De Riesgo En Poblacion Adulta Afroecuatoriana De La Comunidad La Loma, Canton Mira, Del Carchi 2011",2012,"","repositorio.utn.edu.ec","http://repositorio.utn.edu.ec/handle/123456789/2070","https://scholar.google.com/scholar?cites=14367331542536136982&as_sdt=2005&sciodt=0,5&hl=en",754,"2021-07-17 18:03:23","","","","",,,,,8,0.89,8,1,9,"… The hypertension prevalence reached 32% and it was higher in adults over 61 years old, in this age group also found increased cardiovascular risk according to waist circumference. HTA is presented in people who had high intake of salt (> 6 gr.) …","http://repositorio.utn.edu.ec/jspui/bitstream/123456789/2070/1/TESIS%20COMPLETA%20NELLY%20AGUAS.pdf","https://scholar.google.com/scholar?q=related:Fqkho-oDY8cJ:scholar.google.com/&scioq=%22waist+circumference%22+nigeria&hl=en&as_sdt=0,5&as_ylo=2011&as_yhi=2012&as_vis=1"
0,"SA Vieira","Influência das velocidades de ganho de peso e comprimento nos primeiros seis meses de vida no estado nutricional, composição corporal e perfil lipídico de crianças …",2012,"","locus.ufv.br","https://www.locus.ufv.br/handle/123456789/2781","",755,"2021-07-17 18:03:23","","","","",,,,,0,0.00,0,1,9,"… months explained the occurrence of higher values of BMI / I, percentage of body fat, percentage of fat in the android and waist circumference at ages between 4 and 7 years. The VLG 4-6 months was associated with waist circumference, and the increase in higher values …","https://www.locus.ufv.br/bitstream/123456789/2781/1/texto%20completo.pdf","https://scholar.google.com/scholar?q=related:z3GiVQ9pCSIJ:scholar.google.com/&scioq=%22waist+circumference%22+nigeria&hl=en&as_sdt=0,5&as_ylo=2011&as_yhi=2012&as_vis=1"
15,"ÁA López-González, E Martínez, M Rodríguez…","Prevalencia de factores de riesgo cardiovascular en trabajadores aparentemente sanos",2012,"Gaceta Médica de …","anmm.org.mx","https://www.anmm.org.mx/bgmm/2012/5/GMM_148_2012_5_430-437.pdf","https://scholar.google.com/scholar?cites=17264931035871588620&as_sdt=2005&sciodt=0,5&hl=en",756,"2021-07-17 18:03:23","PDF","","","",,,,,15,1.67,4,4,9,"Page 1. Gaceta Médica de México. 2012;148 430 Prevalencia de factores de riesgo cardiovascular en trabajadores aparentemente sanos Ángel Arturo López-González1*, Escarlata Angullo Martínez2, Miguel Román Rodríguez3 …","https://www.anmm.org.mx/bgmm/2012/5/GMM_148_2012_5_430-437.pdf","https://scholar.google.com/scholar?q=related:DDG-uE1bme8J:scholar.google.com/&scioq=%22waist+circumference%22+nigeria&hl=en&as_sdt=0,5&as_ylo=2011&as_yhi=2012&as_vis=1"
4,"H Nikolopoulos","Adoption of the alberta nutrition guidelines for children and youth: Assessing organizational behaviour change in childcare organizations",2012,"","era.library.ualberta.ca","https://era.library.ualberta.ca/items/d02cb948-c226-467c-92f2-023dc23bd42e","https://scholar.google.com/scholar?cites=7006152886746845364&as_sdt=2005&sciodt=0,5&hl=en",757,"2021-07-17 18:03:23","","","","",,,,,4,0.44,4,1,9,"… Page 14. 4 20.6 kg/m² and waist circumference increased from 65.5 cm to 70.0 cm indicating that increases in weight are related to increased adiposity not greater muscularity (11). In Alberta, the prevalence of overweight children and youth was below the …","https://era.library.ualberta.ca/items/d02cb948-c226-467c-92f2-023dc23bd42e/view/b0310414-0240-4cfc-8a02-77494d7c8865/Nikolopoulos_Hara_Spring-202012.pdf","https://scholar.google.com/scholar?q=related:tJCfKO7aOmEJ:scholar.google.com/&scioq=%22waist+circumference%22+nigeria&hl=en&as_sdt=0,5&as_ylo=2011&as_yhi=2012&as_vis=1"
0,"V Tajadura, C Warboys, A Ferro","Irish Hypertension Society (BIHS)",2012,"Signal","nature.com","https://www.nature.com/articles/s41371-018-0109-3","",758,"2021-07-17 18:03:23","","","","",,,,,0,0.00,0,3,9,"Skip to main content Thank you for visiting nature.com. You are using a browser version with limited support for CSS. To obtain the best experience, we recommend you use a more up to date browser (or turn off compatibility mode in Internet Explorer) …","https://www.researchgate.net/profile/Hannah-Taylor-35/publication/336877828_Mediation_by_blood_pressure_and_other_risk_factors_of_relationships_between_body_composition_and_cardiac_structure_in_adolescents/links/5db831e6299bf1a47bfbd8b8/Mediation-by-blood-pressure-and-other-risk-factors-of-relationships-between-body-composition-and-cardiac-structure-in-adolescents.pdf","https://scholar.google.com/scholar?q=related:-ggDdEqziSUJ:scholar.google.com/&scioq=%22waist+circumference%22+nigeria&hl=en&as_sdt=0,5&as_ylo=2011&as_yhi=2012&as_vis=1"
11,"RR Watson, G Grimble, VR Preedy, S Zibadi","Nutrition in Infancy: Volume 1",2012,"","books.google.com","https://books.google.com/books?hl=en&lr=&id=W75RWpCa2E8C&oi=fnd&pg=PR3&dq=%22waist+circumference%22+nigeria&ots=LA9RPWOHKe&sig=Hs2vE5juYw2sz1Y1aME1k5Ttc1s","https://scholar.google.com/scholar?cites=7902163947824118032&as_sdt=2005&sciodt=0,5&hl=en",759,"2021-07-17 18:03:23","BOOK","","","",,,,,11,1.22,3,4,9,"Page 1. Nutrition and Health Series Editor Adrianne Bendich Ronald R0.5S Watson George Grimble Victor R. Preedy Sherma Zibadi Editors | Nutrition in Infancy Volume 1 14. & Humana Press Page 2. Nutrition and Health Series …","","https://scholar.google.com/scholar?q=related:EHn0Oj4gqm0J:scholar.google.com/&scioq=%22waist+circumference%22+nigeria&hl=en&as_sdt=0,5&as_ylo=2011&as_yhi=2012&as_vis=1"
8,"JL Hauck","Developmental Trajectory of Physical Activity and its Relationship to Rate of Gain in Weight, Subcutaneous Fat, and Motor Skill Development during the First Six …",2012,"","deepblue.lib.umich.edu","https://deepblue.lib.umich.edu/handle/2027.42/96146","https://scholar.google.com/scholar?cites=3270797470636509251&as_sdt=2005&sciodt=0,5&hl=en",760,"2021-07-17 18:03:23","","","","",,,,,8,0.89,8,1,9,"Page 1. Developmental trajectory of physical activity and its relationship to rate of gain in weight, subcutaneous fat, and motor skill development during the first six months of life by Janet Lynn Hauck A dissertation submitted in …","https://deepblue.lib.umich.edu/bitstream/handle/2027.42/96146/jhauck_1.pdf?sequence1","https://scholar.google.com/scholar?q=related:QwiJWfg0ZC0J:scholar.google.com/&scioq=%22waist+circumference%22+nigeria&hl=en&as_sdt=0,5&as_ylo=2011&as_yhi=2012&as_vis=1"
0,"M Payne, R Osgood, T Laliberte","Small Intestine/Unclassified",2012,"Am J Gastroenterol","search.proquest.com","https://search.proquest.com/openview/7a09b578dc879c35d3a89952c0cd7910/1?pq-origsite=gscholar&cbl=2041977","",761,"2021-07-17 18:03:23","","","","",,,,,0,0.00,0,3,9,"Page 1. © 2012 by the American College of Gastroenterology The American Journal of GASTROENTEROLOGY Abstracts S113 Am J Gastroenterol 2012; 107:S113–S141; doi:10.1038/ajg.2012.270 SMALL INTESTINE/UNCLASSIFIED 262 …","",""
0,"YF Chuang","Aggregate cardiovascular risk and changes in cognition, brain structure and function in older adults",2012,"","search.proquest.com","https://search.proquest.com/openview/05bb83acbd25f84838f24e5cbdf5fed9/1?pq-origsite=gscholar&cbl=18750","",762,"2021-07-17 18:03:23","BOOK","","","",,,,,0,0.00,0,1,9,"Page 1. AGGREGATE CARDIOVASCULAR RISK AND CHANGES IN COGNITION, BRAIN STRUCTURE AND FUNCTION IN OLDER ADULTS by Yi-Fang Chuang A dissertation submitted to Johns Hopkins University in conformity …","","https://scholar.google.com/scholar?q=related:lCeU49Isld0J:scholar.google.com/&scioq=%22waist+circumference%22+nigeria&hl=en&as_sdt=0,5&as_ylo=2011&as_yhi=2012&as_vis=1"
0,"M Conradie","Nutritional status in Tanzania: a regional comparison of the BMI and its determinants among adult women",2012,"","frw.studenttheses.ub.rug.nl","https://frw.studenttheses.ub.rug.nl/id/eprint/2542","",763,"2021-07-17 18:03:23","","","","",,,,,0,0.00,0,1,9,"… There were also increases in vegetable and fruit consumption and the consumption of saturated fat for both men and women (Unwin et al., 2010). Weight- and waist circumference as well as BMI also increased for both men and women who moved to urban areas …","https://frw.studenttheses.ub.rug.nl/2542/1/MasterThesisMelleConradie.pdf","https://scholar.google.com/scholar?q=related:1PwmbCrwYRIJ:scholar.google.com/&scioq=%22waist+circumference%22+nigeria&hl=en&as_sdt=0,5&as_ylo=2011&as_yhi=2012&as_vis=1"
0,"E Michelin","Efeito da participação e do desligamento de programa de mudança no estilo de vida sobre o nível de atividade e aptidão física, percepção de saúde e presença de …",2012,"","repositorio.unesp.br","https://repositorio.unesp.br/handle/11449/106055","",764,"2021-07-17 18:03:23","","","","",,,,,0,0.00,0,1,9,"… The assessments included anthropometric measurements (weight and height to calculate body mass index (BMI), waist circumference, fat percentage, muscle mass and muscular mass index (MMI)), fitness (trunk flexibility (sit and reach) and handgrip strength …","https://repositorio.unesp.br/bitstream/handle/11449/106055/michelin_e_dr_botfm.pdf?sequence=1","https://scholar.google.com/scholar?q=related:Wl8zvIG2yv8J:scholar.google.com/&scioq=%22waist+circumference%22+nigeria&hl=en&as_sdt=0,5&as_ylo=2011&as_yhi=2012&as_vis=1"
0,"KK Salpea","Telomere length in cardiovascular disease and type 2 diabetes",2011,"","discovery.ucl.ac.uk","https://discovery.ucl.ac.uk/id/eprint/1334600/","",765,"2021-07-17 18:03:23","","","","",,,,,0,0.00,0,1,10,"Page 1. 1 TELOMERE LENGTH IN CARDIOVASCULAR DISEASE AND TYPE 2 DIABETES Kalliopi Klelia Salpea UCL Thesis submitted for the degree of Doctor of Philosphy Page 2. 2 “Imagination is more important than knowledge” Albert Einstein (1879 – 1955) …","https://discovery.ucl.ac.uk/id/eprint/1334600/1/1334600.pdf","https://scholar.google.com/scholar?q=related:PeBjOMfiU9cJ:scholar.google.com/&scioq=%22waist+circumference%22+nigeria&hl=en&as_sdt=0,5&as_ylo=2011&as_yhi=2012&as_vis=1"
4,"AA López-González, EA Martínez…","Prevalence of cardiovascular risk factors in Balearic workers apparently healthy",2012,"Gaceta medica de …","medigraphic.com","https://www.medigraphic.com/cgi-bin/new/resumenI.cgi?IDREVISTA=16&IDARTICULO=37824&IDPUBLICACION=4005","https://scholar.google.com/scholar?cites=12340321712080681977&as_sdt=2005&sciodt=0,5&hl=en",766,"2021-07-17 18:03:23","","","","",,,,,4,0.44,1,3,9,"Page 1. Gaceta Médica de México. 2012;148 430 Prevalencia de factores de riesgo cardiovascular en trabajadores aparentemente sanos Ángel Arturo López-González1*, Escarlata Angullo Martínez2, Miguel Román Rodríguez3 …","https://www.medigraphic.com/pdfs/gaceta/gm-2012/gm125b.pdf","https://scholar.google.com/scholar?q=related:-fubHjehQasJ:scholar.google.com/&scioq=%22waist+circumference%22+nigeria&hl=en&as_sdt=0,5&as_ylo=2011&as_yhi=2012&as_vis=1"
3,"AN Zeba","Transition nutritionnelle et double fardeau de la malnutrition chez des adultes de Ouagadougou au Burkina Faso (Afrique de l'Ouest)",2012,"","search.proquest.com","https://search.proquest.com/openview/93b93d33cf3ec986916106b392829943/1?pq-origsite=gscholar&cbl=18750","https://scholar.google.com/scholar?cites=14661689353477258544&as_sdt=2005&sciodt=0,5&hl=en",767,"2021-07-17 18:03:23","BOOK","","","",,,,,3,0.33,3,1,9,"… Time in moderate to vigorous activities was significantly and negatively associated with body mass index (BMI), waist circumference (WC), and Page 10. vii … VIH : Virus d'Immunodéficience Humaine WC Waist circumference WHO : World Health Organisation Page 20. xvii …","https://papyrus.bib.umontreal.ca/xmlui/bitstream/handle/1866/8754/Zeba_Augustin-Nawidimbasba_2012_These_.pdf","https://scholar.google.com/scholar?q=related:MH0jOcnIeMsJ:scholar.google.com/&scioq=%22waist+circumference%22+nigeria&hl=en&as_sdt=0,5&as_ylo=2011&as_yhi=2012&as_vis=1"
0,"World Health Organization","Food for thought: summaries of lunchtime seminars, 2010-2011",2012,"","apps.who.int","https://apps.who.int/iris/handle/10665/205110","",768,"2021-07-17 18:03:23","","","","",,,,,0,0.00,0,1,9,"… UNICEF United Nations Children's Fund UPCM University of Philippines College of Medicine VAT visceral abdominal tissue WC waist circumference WHO World Health Organization WHR waist-to-hip ratio WR WHO Representative Page 8. 1 …","https://apps.who.int/iris/bitstream/handle/10665/205110/B4861.pdf?sequence=1",""
0,"VM Caselato de Sousa","Efeito do grão de amaranto expandido no perfil lipidêmico de coelhos e humanos",2012,"","repositorio.unicamp.br","http://repositorio.unicamp.br/handle/REPOSIP/254510","",769,"2021-07-17 18:03:23","","","","",,,,,0,0.00,0,1,9,"… Nutritional status was assessed measuring anthropometric variables as follows: weight (W), height (H), triceps skin fold (TSF), waist circumference (WC), hip circumference (HC), body mass index (BMI) , corrected arm muscle area (CAMA), lean mass (LM) and fat …","http://repositorio.unicamp.br/bitstream/REPOSIP/254510/1/CaselatodeSousa_ValeriaMaria_D.pdf","https://scholar.google.com/scholar?q=related:19yelWQISMgJ:scholar.google.com/&scioq=%22waist+circumference%22+nigeria&hl=en&as_sdt=0,5&as_ylo=2011&as_yhi=2012&as_vis=1"
0,"ACM CARVALHO","Efeito da dextrina de trigo na sensibilidade à insulina e estado nutricional de indivíduos com Diabetes Mellitus tipo 2",2012,"","repositorio.bc.ufg.br","https://repositorio.bc.ufg.br/tede/handle/tde/1531","",770,"2021-07-17 18:03:23","","","","",,,,,0,0.00,0,1,9,"… In the test group showed no changes in insulin sensitivity. The test group showed improvement in bowel function. The fiber intake was below the recommendation for the diabetic.Food intake, body weight, BMI and waist circumference (WC) also showed no significant change …","https://repositorio.bc.ufg.br/tede/bitstream/tde/1531/1/Tese%20Ana%20Clara%20M%20e%20S%20Carvalho%20-%20Patologia%20Clinica.pdf",""
0,"I Koné","Costing of hospital services in rural sub-Saharan Africa-The case of Nouna district hospital, Burkina Faso",2011,"","epub.ub.uni-greifswald.de","https://epub.ub.uni-greifswald.de/files/756/Diss_Kone_Insa.pdf","",771,"2021-07-17 18:03:23","PDF","","","",,,,,0,0.00,0,1,10,"Page 1. Aus dem Lehrstuhl für Allgemeine Betriebswirtschaftslehre und Gesundheitsmanagement (Univ.-Prof. Dr. habil. Steffen Fleßa) der Rechts- und Staatswissenschaftlichen Fakultät der Ernst-Moritz-Arndt-Universität Greifswald …","https://epub.ub.uni-greifswald.de/files/756/Diss_Kone_Insa.pdf","https://scholar.google.com/scholar?q=related:S7xq0gOY_PMJ:scholar.google.com/&scioq=%22waist+circumference%22+nigeria&hl=en&as_sdt=0,5&as_ylo=2011&as_yhi=2012&as_vis=1"
0,"HL Basson","Heart rate and systolic blood pressure response to workload during an incremental sub–maximal exercise test in healthy individuals",2012,"","repository.nwu.ac.za","http://repository.nwu.ac.za/handle/10394/8787","",772,"2021-07-17 18:03:23","","","","",,,,,0,0.00,0,1,9,"Page 1. Heart rate and systolic blood pressure response to workload during an incremental sub-maximal exercise test in healthy individuals Hennie Basson 20382383 Page 2. Heart rate and systolic blood pressure response to workload during an incremental sub …","https://repository.nwu.ac.za/bitstream/handle/10394/8787/Basson_HL.pdf?sequence=1",""
4,"C Calbom","The Juice Lady's Living Foods Revolution: Eat Your Way to Health, Detoxification, and Weight Loss with Delicious Juices and Raw Foods",2011,"","books.google.com","https://books.google.com/books?hl=en&lr=&id=Fm2Gj_m-Me4C&oi=fnd&pg=PR2&dq=%22waist+circumference%22+nigeria&ots=QhN88qamlN&sig=wKpuztm7Y8vB6FDCMDUtGQK4ke0","https://scholar.google.com/scholar?cites=17863484858056878016&as_sdt=2005&sciodt=0,5&hl=en",773,"2021-07-17 18:03:23","BOOK","","","",,,,,4,0.40,4,1,10,"Page 1. Forewor Jordon Rubin, New York Times besf-se ing author of The Makerfs Dief Revolution Ecfr your way To hec1|Th,deToxiﬁcc|Tion, _ and weight loss vvifh j deliciousjuices and raw foods = Cherie Cculloom Best-selling …","","https://scholar.google.com/scholar?q=related:wKcMZ9XY5_cJ:scholar.google.com/&scioq=%22waist+circumference%22+nigeria&hl=en&as_sdt=0,5&as_ylo=2011&as_yhi=2012&as_vis=1"
0,"QA Acton","Urologic Diseases—Advances in Research and Treatment: 2012 Edition",2012,"","books.google.com","https://books.google.com/books?hl=en&lr=&id=cgfzv7UTjGIC&oi=fnd&pg=PR1&dq=%22waist+circumference%22+nigeria&ots=hU0uuZ9g2l&sig=x65PHIo2MSvQSGhq_e25d8CM6u8","",774,"2021-07-17 18:03:23","BOOK","","","",,,,,0,0.00,0,1,9,"Page 1. Urologic Diseases—Advances in Research and Treatment 2012 Edition Q. Ashton Acton, PhD General Editor SCHOLARLYEDITIONSTM Page 2. Urologic Diseases—Advances in Research and Treatment 2012 Edition …","",""
2,"V Anghinoni","Importância da atenção farmacêutica na melhora da qualidade de vida de pacientes com síndrome metabólica em unidades básicas de saúde do município de …",2011,"","repositorio.ufsc.br","https://repositorio.ufsc.br/handle/123456789/96078","https://scholar.google.com/scholar?cites=13613508296135244930&as_sdt=2005&sciodt=0,5&hl=en",775,"2021-07-17 18:03:23","","","","",,,,,2,0.20,2,1,10,"Page 1. UNIVERSIDADE FEDERAL DE SANTA CATARINA CENTRO DE CIÊNCIAS BIOLÓGICAS PROGRAMA DE PÓS-GRADUAÇÃO EM FARMACOLOGIA MESTRADO PROFISSIONAL EM FARMACOLOGIA VANESSA ANGHINONI …","https://repositorio.ufsc.br/bitstream/handle/123456789/96078/298228.pdf?sequence=1","https://scholar.google.com/scholar?q=related:gnz5-arl7LwJ:scholar.google.com/&scioq=%22waist+circumference%22+nigeria&hl=en&as_sdt=0,5&as_ylo=2011&as_yhi=2012&as_vis=1"
0,"B Aigner","Abe, K. et al.: A novel N-ethyl-N-nitrosourea-induced mutation in phospholipase Cγ2 causes inflammatory arthritis, metabolic defects, and male infertility in vitro …",2011,"Phytochemistry","helmholtz-muenchen.de","https://www.helmholtz-muenchen.de/fileadmin/HZM-Corporate-Website/Bilder/HZM/Forschung/Publikationen/wissenschaftliche-Publikationen/Publikationen-pdf/2011/internetliste_2011_alphabetisch_nach_autoren.pdf","",776,"2021-07-17 18:03:23","PDF","","","",,,,,0,0.00,0,1,10,"Page 1. Publication List 2011 31.12.2011 * external Authors page 1 of 73 Abe, K. et al.: A novel N-ethyl-N-nitrosourea-induced mutation in phospholipase Cγ2 causes inflammatory arthritis, metabolic defects, and male infertility in vitro in a murine model. Arthritis Rheum …","https://www.helmholtz-muenchen.de/fileadmin/HZM-Corporate-Website/Bilder/HZM/Forschung/Publikationen/wissenschaftliche-Publikationen/Publikationen-pdf/2011/internetliste_2011_alphabetisch_nach_autoren.pdf",""
0,"M Nwude","Knowledge, Attitude, and Lifestyle Practices on Primary Prevention of Dementia",2012,"","search.proquest.com","https://search.proquest.com/openview/fa6b0659eb13f959205b9fd619fa2f69/1?pq-origsite=gscholar&cbl=18750","",777,"2021-07-17 18:03:23","","","","",,,,,0,0.00,0,1,9,"… by Michael Nwude MBBS, University of Nigeria, 1988 MPH, California State University, Long Beach, 2007 Preventive … by Michael Nwude MBBS, University of Nigeria, 1988 MPH, California State University, Long Beach, 2007 Preventive …","","https://scholar.google.com/scholar?q=related:1oFPgy7PLfMJ:scholar.google.com/&scioq=%22waist+circumference%22+nigeria&hl=en&as_sdt=0,5&as_ylo=2011&as_yhi=2012&as_vis=1"
2,"FJ Rodríguez Rodríguez","Estimación de la masa muscular segmentada, por medio de ecuaciones antropométricas y su relación con la dexa, en deportistas recreativos",2011,"","helvia.uco.es","http://helvia.uco.es/handle/10396/5149","https://scholar.google.com/scholar?cites=16041432616164278654&as_sdt=2005&sciodt=0,5&hl=en",778,"2021-07-17 18:03:23","","","","",,,,,2,0.20,2,1,10,"Page 1. UNIVERSIDAD DE CÓRDOBA – ESPAÑA FACULTAD DE MEDICINA DEPARTAMENTO DE ESPECIALIDADES MEDICO-QUIRÚRGICAS ESTIMACIÓN DE LA MASA MUSCULAR SEGMENTADA, POR MEDIO DE ECUACIONES …","http://helvia.uco.es/bitstream/handle/10396/5149/9788469447581.pdf?sequence=1&isAllowed=y","https://scholar.google.com/scholar?q=related:fkHWJvmdnt4J:scholar.google.com/&scioq=%22waist+circumference%22+nigeria&hl=en&as_sdt=0,5&as_ylo=2011&as_yhi=2012&as_vis=1"
5,"AC Ross, CL Taylor, AL Yaktine…","Review of potential indicators of adequacy and selection of indicators: calcium and vitamin D",2011,"… Reference Intakes for …","ncbi.nlm.nih.gov","https://www.ncbi.nlm.nih.gov/books/NBK56069/","https://scholar.google.com/scholar?cites=13521982224336661731&as_sdt=2005&sciodt=0,5&hl=en",779,"2021-07-17 18:03:23","HTML","","","",,,,,5,0.50,1,4,10,"The first step in the decision-making process associated with the development of Dietary Reference Intakes (DRIs) is the identification of potentially useful measures—indicators—that reflect a health outcome associated with the intake of the nutrient. As described in Chapter 1 …","https://www.ncbi.nlm.nih.gov/books/NBK56069/","https://scholar.google.com/scholar?q=related:46y7xDC7p7sJ:scholar.google.com/&scioq=%22waist+circumference%22+nigeria&hl=en&as_sdt=0,5&as_ylo=2011&as_yhi=2012&as_vis=1"
0,"Z Lagunova","Vitamin D Status: UV-exposure, Obesity and Cancer",2011,"","duo.uio.no","https://www.duo.uio.no/handle/10852/28026","",780,"2021-07-17 18:03:23","","","","",,,,,0,0.00,0,1,10,"Page 1. VITAMIN D STATUS: UV-EXPOSURE, OBESITY AND CANCER by Zoya Lagunova Oslo University Hospital The Norwegian Radium Hospital Institute for Cancer Research 2011 Page 2. © Zoya Lagunova, 2011 Series …","https://www.duo.uio.no/bitstream/handle/10852/28026/3/dravhandling-lagunova.pdf","https://scholar.google.com/scholar?q=related:tiu55WcTvIkJ:scholar.google.com/&scioq=%22waist+circumference%22+nigeria&hl=en&as_sdt=0,5&as_ylo=2011&as_yhi=2012&as_vis=1"
1,"VR Kirsten","Limiar de sensibilidade gustativa ao sal em adolescentes: relação com a pressão arterial, estado nutricional e sexo",2012,"","lume.ufrgs.br","https://www.lume.ufrgs.br/handle/10183/66679","https://scholar.google.com/scholar?cites=18315294832901039835&as_sdt=2005&sciodt=0,5&hl=en",781,"2021-07-17 18:03:23","","","","",,,,,1,0.11,1,1,9,"Page 1. 0 UNIVERSIDADE FEDERAL DO RIO GRANDE DO SUL FACULDADE DE MEDICINA PROGRAMA DE PÓS-GRADUAÇÃO EM SAÚDE DA CRIANÇA E DO ADOLESCENTE LIMIAR DE SENSIBILIDADE GUSTATIVA AO SAL …","https://www.lume.ufrgs.br/bitstream/handle/10183/66679/000868693.pdf?sequence=1","https://scholar.google.com/scholar?q=related:2yadp5z_LP4J:scholar.google.com/&scioq=%22waist+circumference%22+nigeria&hl=en&as_sdt=0,5&as_ylo=2011&as_yhi=2012&as_vis=1"
1,"DL Moyer","The Nature of Self-Representations Related to Physical Activity in Adolescence",2011,"","search.proquest.com","https://search.proquest.com/openview/d7f510f991d2577d7a06804cf8de408f/1?pq-origsite=gscholar&cbl=18750","https://scholar.google.com/scholar?cites=5199789325879251386&as_sdt=2005&sciodt=0,5&hl=en",782,"2021-07-17 18:03:23","","","","",,,,,1,0.10,1,1,10,"… disease and diabetes that is ofrecent concern among researchers and clinicians (Brambilla, Pozzobon, & Pietrobelli, 2011).Metabolic syndrome is generally defined as the presence of three or more of the followingpathophysiologic conditions: waist circumference greater than …","https://deepblue.lib.umich.edu/bitstream/handle/2027.42/86327/dmoyer_1.pdf?sequence=1","https://scholar.google.com/scholar?q=related:upHmm9dcKUgJ:scholar.google.com/&scioq=%22waist+circumference%22+nigeria&hl=en&as_sdt=0,5&as_ylo=2011&as_yhi=2012&as_vis=1"
4,"MCBCV Atzingen","Sensibilidade gustativa de adultos de uma instituição universitária do município de São Paulo",2011,"","teses.usp.br","https://www.teses.usp.br/teses/disponiveis/6/6138/tde-08042011-155703/en.php","https://scholar.google.com/scholar?cites=11262116060858127818&as_sdt=2005&sciodt=0,5&hl=en",783,"2021-07-17 18:03:23","","","","",,,,,4,0.40,4,1,10,"Page 1. 1 Universidade de São Paulo Faculdade de Saúde Pública Sensibilidade gustativa de adultos de uma instituição universitária do município de São Paulo Maria Carolina BC von Atzingen Tese apresentada ao Programa …","https://www.teses.usp.br/teses/disponiveis/6/6138/tde-08042011-155703/publico/CarolVonAtzingen.pdf","https://scholar.google.com/scholar?q=related:ypWrWuMSS5wJ:scholar.google.com/&scioq=%22waist+circumference%22+nigeria&hl=en&as_sdt=0,5&as_ylo=2011&as_yhi=2012&as_vis=1"
1,"S Addei, Y Blomstedt, M Gyapong, M Bangha, R Preet…","Ghana Country Report",2012,"","intrec.info","http://www.intrec.info/Country%20reports/INTREC%20-%20Ghana.pdf","https://scholar.google.com/scholar?cites=11550387084260590847&as_sdt=2005&sciodt=0,5&hl=en",784,"2021-07-17 18:03:23","PDF","","","",,,,,1,0.11,0,6,9,"Page 1. INDEPTH Training and Research Centres of Excellence (INTREC) Ghana Country Report October, 2012 Sheila Addei 1 Yulia Blomstedt 2 Margaret Gyapong 1 Martin Bangha 3 Raman Preet 2 Karen Hofman 4 John Kinsman 2 …","http://www.intrec.info/Country%20reports/INTREC%20-%20Ghana.pdf","https://scholar.google.com/scholar?q=related:_8ScR9s3S6AJ:scholar.google.com/&scioq=%22waist+circumference%22+nigeria&hl=en&as_sdt=0,5&as_ylo=2011&as_yhi=2012&as_vis=1"
0,"S Saari, A Moilanen","International Evaluation of Research and Doctoral Training at the University of Helsinki 2005-2010: RC-Specific Evaluation of FoodNutri-Food and Nutrition …",2012,"","helda.helsinki.fi","https://helda.helsinki.fi/bitstream/handle/10138/34447/hallinnon_julkaisuja_80_10_2012.pdf?sequence=1","",785,"2021-07-17 18:03:23","PDF","","","",,,,,0,0.00,0,2,9,"Page 1. Evaluation Panel: Biological, Agricultural and Veterinary Sciences INTERNATIONAL EVALUATION OF RESEARCH AND DOCTORAL TRAINING AT THE UNIVERSITY OF HELSINKI 2005–2010 RC-Specific Evaluation of FoodNutri – Food and Nutrition Sciences …","https://helda.helsinki.fi/bitstream/handle/10138/34447/hallinnon_julkaisuja_80_10_2012.pdf?sequence=1",""
0,"H GİRAY ŞİMŞEK","Sosyal eşitsizliklerin koroner kalp hastalığı risk etmenlerine etkisi",2011,"","acikerisim.deu.edu.tr","https://acikerisim.deu.edu.tr/xmlui/handle/20.500.12397/10316","",786,"2021-07-17 18:03:23","","","","",,,,,0,0.00,0,1,10,"Page 1. TC DOKUZ EYLÜL ÜNĠVERSĠTESĠ SAĞLIK BĠLĠMLERĠ ENSTĠTÜSÜ SOSYAL EġĠTSĠZLĠKLERĠN KORONER KALP HASTALIĞI RĠSK ETMENLERĠNE ETKĠSĠ Dr. HATĠCE (GĠRAY) ġĠMġEK HALK SAĞLIĞI ANABĠLĠM DALI DOKTORA TEZĠ …","http://acikerisim.deu.edu.tr:8080/xmlui/bitstream/handle/20.500.12397/10316/281957.pdf?sequence=1&isAllowed=y","https://scholar.google.com/scholar?q=related:YSefc6TBLbEJ:scholar.google.com/&scioq=%22waist+circumference%22+nigeria&hl=en&as_sdt=0,5&as_ylo=2011&as_yhi=2012&as_vis=1"
0,"DM Kennard, M Almanza","Docket Clerk US Department of Agriculture, Food Safety and Inspection Service FSIS Docket Room 1400 Independence Avenue, SW Patriots Plaza 3, Mailstop …",2012,"","asn-online.org","https://www.asn-online.org/policy/webdocs/fda.pdf","",787,"2021-07-17 18:03:23","PDF","","","",,,,,0,0.00,0,2,9,"Page 1. January 27, 2012 Division of Dockets Management (HFA-305) Food and Drug Administration 5630 Fishers Lane, Room 1061 Rockville, Maryland 20852 Docket Clerk US Department of Agriculture, Food Safety and …","https://www.asn-online.org/policy/webdocs/fda.pdf","https://scholar.google.com/scholar?q=related:aYyNaMoqatUJ:scholar.google.com/&scioq=%22waist+circumference%22+nigeria&hl=en&as_sdt=0,5&as_ylo=2011&as_yhi=2012&as_vis=1"
