Cites,Authors,Title,Year,Source,Publisher,ArticleURL,CitesURL,GSRank,QueryDate,Type,DOI,ISSN,CitationURL,Volume,Issue,StartPage,EndPage,ECC,CitesPerYear,CitesPerAuthor,AuthorCount,Age,Abstract,FullTextURL,RelatedURL
22,"FS Okpokowuruk, MU Akpan, EE Ikpeme","Prevalence of hypertension and prehypertension among children and adolescents in a semi-urban area of Uyo Metropolis, Nigeria",2017,"Pan African Medical Journal","ajol.info","https://www.ajol.info/index.php/pamj/article/view/166909","https://scholar.google.com/scholar?cites=4670920391923444013&as_sdt=2005&sciodt=0,5&hl=en",1,"2021-07-17 21:08:35","","","","",,,,,22,5.50,7,3,4,"… in the study populace is still low; • Age, BMI and waist circumference were significantly … Prevalence of elevated blood pressure among primary school children in Kano metropolis, Nigeria … Prevalence of hypertension in Nigerian children and adolescents: a systematic review and …","https://www.ajol.info/index.php/pamj/article/download/166909/156356","https://scholar.google.com/scholar?q=related:Lam5Tllx0kAJ:scholar.google.com/&scioq=%22waist+circumference%22+nigeria&hl=en&as_sdt=0,5&as_ylo=2017&as_yhi=2017&as_vis=1"
58,"CJ Ononamadu, CN Ezekwesili…","Comparative analysis of anthropometric indices of obesity as correlates and potential predictors of risk for hypertension and prehypertension in a population in Nigeria",2017,"… journal of Africa","journals.co.za","https://journals.co.za/doi/abs/10.5830/CVJA-2016-061","https://scholar.google.com/scholar?cites=10545915913952497746&as_sdt=2005&sciodt=0,5&hl=en",2,"2021-07-17 21:08:35","","10.5830/CVJA-2016-061","","",,,,,58,14.50,19,3,4,"… indices of obesity: body mass index (BMI), ponderal index (PI), waist circumference (WC), hip … potential predictors of risk of hyperten- sion and prehypertension in a Nigerian population, and … cross-sectional study was conducted in Anambra state, south-eastern Nigeria from 2012 …","https://www.ncbi.nlm.nih.gov/pmc/articles/pmc5488060/","https://scholar.google.com/scholar?q=related:UhBHKqaeWpIJ:scholar.google.com/&scioq=%22waist+circumference%22+nigeria&hl=en&as_sdt=0,5&as_ylo=2017&as_yhi=2017&as_vis=1"
6,"IC Udenze, OF Olowoselu, EU Egbuagha…","Thyroid, cortisol and growth hormone levels in adult Nigerians with metabolic syndrome",2017,"The Pan African …","ncbi.nlm.nih.gov","https://www.ncbi.nlm.nih.gov/pmc/articles/PMC5398860/","https://scholar.google.com/scholar?cites=342729398716246842&as_sdt=2005&sciodt=0,5&hl=en",3,"2021-07-17 21:08:35","HTML","","","",,,,,6,1.50,2,4,4,"… the levels of cortisol, thyroid and growth hormones in adult Nigerians with metabolic … The Ethics committee of the Lagos University Teaching Hospital, Lagos, Nigeria, approved the … T3 correlated positively and significantly with waist circumference (p=0.004), glucose (p= 0.002 …","https://www.ncbi.nlm.nih.gov/pmc/articles/PMC5398860/","https://scholar.google.com/scholar?q=related:OquQgJKewQQJ:scholar.google.com/&scioq=%22waist+circumference%22+nigeria&hl=en&as_sdt=0,5&as_ylo=2017&as_yhi=2017&as_vis=1"
12,"CP Onyenekwu, AO Dada, OT Babatunde","The prevalence of metabolic syndrome and its components among overweight and obese Nigerian adolescents and young adults",2017,"Nigerian journal of clinical …","ajol.info","https://www.ajol.info/index.php/njcp/article/view/158229","https://scholar.google.com/scholar?cites=2489022002845053901&as_sdt=2005&sciodt=0,5&hl=en",4,"2021-07-17 21:08:35","","","","",,,,,12,3.00,4,3,4,"… Anthropometric measures of waist circumference, weight and height were also taken using standard protocols and … Nigerian Journal of Clinical Practice ¦ Volume 20 ¦ Issue 6 ¦ June 2017 … adults presenting for university degree admissions at a private tertiary institution in Nigeria …","https://www.ajol.info/index.php/njcp/article/download/158229/147841","https://scholar.google.com/scholar?q=related:zfO1_VLIiiIJ:scholar.google.com/&scioq=%22waist+circumference%22+nigeria&hl=en&as_sdt=0,5&as_ylo=2017&as_yhi=2017&as_vis=1"
16,"AA Akintunde, TW Oloyede","Metabolic syndrome and occupation: Any association? Prevalence among auto technicians and school teachers in South West Nigeria",2017,"… & Metabolic Syndrome: Clinical Research & …","Elsevier","https://www.sciencedirect.com/science/article/pii/S1871402116302715","https://scholar.google.com/scholar?cites=7075936079781600522&as_sdt=2005&sciodt=0,5&hl=en",5,"2021-07-17 21:08:35","","","","",,,,,16,4.00,8,2,4,"… Majority of Nigerians patronize them for their autocare as there are very few licensed corporate … from the Ethics Committee of the Ladoke Akintola University of Technology Teaching Hospital, Ogbomoso, Nigeria … 24.4 ± 3.4 kg/m2, p > 0.05), waist circumference (85.1 ± 11.6 vs …","https://www.researchgate.net/profile/Taiwo-Oloyede/publication/347949819_Metabolic_syndrome_and_occupation_Any_association_Prevalence_among_auto_technicians_and_school_teachers_in_South_West_Nigeria/links/5fe9ea9a92851c13fecc3fa5/Metabolic-syndrome-and-occupation-Any-association-Prevalence-among-auto-technicians-and-school-teachers-in-South-West-Nigeria.pdf","https://scholar.google.com/scholar?q=related:Cp3A6F_GMmIJ:scholar.google.com/&scioq=%22waist+circumference%22+nigeria&hl=en&as_sdt=0,5&as_ylo=2017&as_yhi=2017&as_vis=1"
11,"PO Ukegbu, AC Uwaegbute, CA Echendu…","Obesity and associated factors in young adults attending tertiary institutions in south-eastern Nigeria",2017,"South African Journal of …","ajol.info","https://www.ajol.info/index.php/sajcn/article/view/157999","https://scholar.google.com/scholar?cites=6887847361472688761&as_sdt=2005&sciodt=0,5&hl=en",6,"2021-07-17 21:08:35","","","","",,,,,11,2.75,3,4,4,"… was used to determine those at risk of central obesity15 and subjects with a waist circumference of > 102 … 6.5%, a value within the range (5–10%) reported by one study in Nigeria.6 The … the 6.0% and 9.8% recorded in cross-sectional surveys of a group of Nigerian and Ghanaian …","https://www.ajol.info/index.php/sajcn/article/view/157999/147599","https://scholar.google.com/scholar?q=related:efKwj66Mll8J:scholar.google.com/&scioq=%22waist+circumference%22+nigeria&hl=en&as_sdt=0,5&as_ylo=2017&as_yhi=2017&as_vis=1"
2,"A Yerima, O Adelowo","Knee osteoarthritis and associated cardio-metabolic clusters in a tertiary hospital in Nigeria",2017,"Clinical rheumatology","Springer","https://link.springer.com/article/10.1007/s10067-017-3816-1","https://scholar.google.com/scholar?cites=8423582256399794547&as_sdt=2005&sciodt=0,5&hl=en",7,"2021-07-17 21:08:35","","10.1007/s10067-017-3816-1","","",,,,,2,0.50,1,2,4,"… They however differed significantly in terms of mean waist circumference (p = 0.025, CI [− 8.20 to … Similar studies from Cameroon [15] and Nigeria [24] reported mean BMI of 30.8 ± 5.6 and … m 2 , respectively, with 52% of Cameroonian patients and 41% of Nigerian patients having …","https://www.researchgate.net/profile/A-Yerima/publication/319698202_Knee_osteoarthritis_and_associated_cardio-metabolic_clusters_in_a_tertiary_hospital_in_Nigeria/links/5e0e51a092851c8364adc36f/Knee-osteoarthritis-and-associated-cardio-metabolic-clusters-in-a-tertiary-hospital-in-Nigeria.pdf","https://scholar.google.com/scholar?q=related:c0H-oG6T5nQJ:scholar.google.com/&scioq=%22waist+circumference%22+nigeria&hl=en&as_sdt=0,5&as_ylo=2017&as_yhi=2017&as_vis=1"
3,"GO Vincent-Onabajo, H Daniel, MU Ali, MA Masta","Abdominal obesity in stroke: an exploratory survey of stroke survivors attending physiotherapy facilities in Nigeria",2017,"Prog Med Sci","researchgate.net","https://www.researchgate.net/profile/Muhammad-Ali-407/publication/323817897_Abdominal_obesity_in_stroke_an_exploratory_survey_of_stroke_survivors_attending_physiotherapy_facilities_in_Nigeria/links/5ce0330da6fdccc9ddbc0867/Abdominal-obesity-in-stroke-an-exploratory-survey-of-stroke-survivors-attending-physiotherapy-facilities-in-Nigeria.pdf","https://scholar.google.com/scholar?cites=8614882003280922407&as_sdt=2005&sciodt=0,5&hl=en",8,"2021-07-17 21:08:35","PDF","","","",,,,,3,0.75,1,4,4,"… of abdominal obesity among stroke survivors receiving physiotherapy care in a Nigerian community … Waist circumference was measured to the nearest 0.1 cm and recorded on the data … is unargu- ably the most accessed rehabilitation service among stroke patients in Nigeria …","https://www.researchgate.net/profile/Muhammad-Ali-407/publication/323817897_Abdominal_obesity_in_stroke_an_exploratory_survey_of_stroke_survivors_attending_physiotherapy_facilities_in_Nigeria/links/5ce0330da6fdccc9ddbc0867/Abdominal-obesity-in-stroke-an-exploratory-survey-of-stroke-survivors-attending-physiotherapy-facilities-in-Nigeria.pdf","https://scholar.google.com/scholar?q=related:Jwd304k1jncJ:scholar.google.com/&scioq=%22waist+circumference%22+nigeria&hl=en&as_sdt=0,5&as_ylo=2017&as_yhi=2017&as_vis=1"
7,"O Oduma, SI Oluka","Comparative analysis of anthropometric dimensions of male and female agricultural workers in south-eastern Nigeria",2017,"Nigerian Journal of Technology","ajol.info","https://www.ajol.info/index.php/njt/article/view/150251","https://scholar.google.com/scholar?cites=3362781527050503014&as_sdt=2005&sciodt=0,5&hl=en",9,"2021-07-17 21:08:35","","","","",,,,,7,1.75,4,2,4,"… breadth in which the females' dimensions were greater than the males by 7.6cm 9.4% of the male's mean waist circumference) and hip … The comparison showed some variations in the body dimensions of south-eastern Nigeria and other nations … Nigerian Journal of Technology …","https://www.ajol.info/index.php/njt/article/view/150251/139825","https://scholar.google.com/scholar?q=related:ZkMXafv_qi4J:scholar.google.com/&scioq=%22waist+circumference%22+nigeria&hl=en&as_sdt=0,5&as_ylo=2017&as_yhi=2017&as_vis=1"
1,"AA Bolanle","Waist Circumference Disparity: A Comparison of American, European and Asian Cut Offs Among Africans",2017,"Journal of Applied Biotechnology Bioengineering","researchgate.net","https://www.researchgate.net/profile/Adegbenga-Ademolu/publication/323776575_Waist_Circumference_Disparity_A_Comparison_of_American_European_and_Asian_Cut_Offs_Among_Africans/links/5accaf85a6fdcc8bfc87eef4/Waist-Circumference-Disparity-A-Comparison-of-American-European-and-Asian-Cut-Offs-Among-Africans.pdf","https://scholar.google.com/scholar?cites=11321031860943931197&as_sdt=2005&sciodt=0,5&hl=en",10,"2021-07-17 21:08:35","PDF","","","",,,,,1,0.25,1,1,4,"… All measurements were taken during a free medical screening programme in Nigeria … dyslipidemia) were not assessed with the aim of correlating it with large waist circumference in the cohort … Also in this preliminary study only a small Nigerian population was used but a large …","https://www.researchgate.net/profile/Adegbenga-Ademolu/publication/323776575_Waist_Circumference_Disparity_A_Comparison_of_American_European_and_Asian_Cut_Offs_Among_Africans/links/5accaf85a6fdcc8bfc87eef4/Waist-Circumference-Disparity-A-Comparison-of-American-European-and-Asian-Cut-Offs-Among-Africans.pdf","https://scholar.google.com/scholar?q=related:PUdxAn9iHJ0J:scholar.google.com/&scioq=%22waist+circumference%22+nigeria&hl=en&as_sdt=0,5&as_ylo=2017&as_yhi=2017&as_vis=1"
5,"AY Asuku, B Danborno, SA Akuyam…","Relationship of second-to-fourth digit ratio with metabolic syndrome indices and serum biomarkers in Hausa ethnic group of Kano, Nigeria",2017,"… of Experimental and …","jecajournal.org","https://www.jecajournal.org/article.asp?issn=1596-2393;year=2017;volume=16;issue=2;spage=103;epage=110;aulast=Asuku","https://scholar.google.com/scholar?cites=4117881030880449196&as_sdt=2005&sciodt=0,5&hl=en",11,"2021-07-17 21:08:35","HTML","","","",,,,,5,1.25,1,4,4,"… index, waist circumference and blood pressure of postmenopausal women in Zaria, Northern Nigeria. Curr Res J Biol Sci 4 (3):329-32. Back to cited text no. 2. 3. Akuyam SA, Aghogho UB, Aliyu IS, Bakari AG (2009). Serum total cholesterol in hypertensive Northern Nigerians …","https://www.jecajournal.org/article.asp?issn=1596-2393;year=2017;volume=16;issue=2;spage=103;epage=110;aulast=Asuku","https://scholar.google.com/scholar?q=related:rNLy6PqmJTkJ:scholar.google.com/&scioq=%22waist+circumference%22+nigeria&hl=en&as_sdt=0,5&as_ylo=2017&as_yhi=2017&as_vis=1"
5,"CP Onyenekwu, EC Azinge, EU Egbuagha…","Relationship between plasma osteocalcin, glycaemic control and components of metabolic syndrome in adult Nigerians with type 2 diabetes mellitus",2017,"Diabetes & Metabolic …","Elsevier","https://www.sciencedirect.com/science/article/pii/S1871402116302375","https://scholar.google.com/scholar?cites=11209360231494201839&as_sdt=2005&sciodt=0,5&hl=en",12,"2021-07-17 21:08:35","","","","",,,,,5,1.25,1,4,4,"… We performed a study among adult Nigerians with type 2 DM to determine the levels of … facility with a 60– 70% bed occupancy, located in the South-Western part of Nigeria … Diabetes Federation (IDF) criteria as three or more of abdominal obesity (waist circumference ≥ 80 cm in …","https://www.ncbi.nlm.nih.gov/pmc/articles/PMC6582646/","https://scholar.google.com/scholar?q=related:7zGapb2lj5sJ:scholar.google.com/&scioq=%22waist+circumference%22+nigeria&hl=en&as_sdt=0,5&as_ylo=2017&as_yhi=2017&as_vis=1"
2,"OC Afam-Anene, JN Okorie, AN Maduforo","Obessity, Physical Activity Pattern and Hypercholesterolemia among Civil Servants in Bida Niger State Nigeria",2017,"J Dietit Assoc Niger","researchgate.net","https://www.researchgate.net/profile/Aloysius-Maduforo/publication/321377049_OBESITY_PHYSICAL_ACTIVITY_PATTERN_AND_HYPERCHOLESTEROLEMIA_AMONG_CIVIL_SERVANTS_IN_BIDA_NIGER_STATE_NIGERIA/links/5a1fbd7ea6fdccc6b7fb660e/OBESITY-PHYSICAL-ACTIVITY-PATTERN-AND-HYPERCHOLESTEROLEMIA-AMONG-CIVIL-SERVANTS-IN-BIDA-NIGER-STATE-NIGERIA.pdf","https://scholar.google.com/scholar?cites=15561673665881906854&as_sdt=2005&sciodt=0,5&hl=en",13,"2021-07-17 21:08:35","PDF","","","",,,,,2,0.50,1,3,4,"… serum cholesterol and BMI, %body fat, % skeletal muscle, visceral fat, waist circumference and hip … diseases (CVDs), diabetes, cancer and chronic respiratory diseases in Nigeria is 20% [9 … The civil servants are employees of Nigerian government agencies other than the military …","https://www.researchgate.net/profile/Aloysius-Maduforo/publication/321377049_OBESITY_PHYSICAL_ACTIVITY_PATTERN_AND_HYPERCHOLESTEROLEMIA_AMONG_CIVIL_SERVANTS_IN_BIDA_NIGER_STATE_NIGERIA/links/5a1fbd7ea6fdccc6b7fb660e/OBESITY-PHYSICAL-ACTIVITY-PATTERN-AND-HYPERCHOLESTEROLEMIA-AMONG-CIVIL-SERVANTS-IN-BIDA-NIGER-STATE-NIGERIA.pdf","https://scholar.google.com/scholar?q=related:ph5x9b8r9tcJ:scholar.google.com/&scioq=%22waist+circumference%22+nigeria&hl=en&as_sdt=0,5&as_ylo=2017&as_yhi=2017&as_vis=1"
0,"O Ojo, O Ojo, O Ilesanmi, I Amenkhienan…","Metabolic profile in a semi urban community in South western Nigeria",2017,"Endocrine …","endocrine-abstracts.org","https://www.endocrine-abstracts.org/ea/0050/ea0050P344","",14,"2021-07-17 21:08:35","","","","",,,,,0,0.00,0,5,4,"… Methodology: This was a cross sectional study of subjects living in Owo, a semi urban community in South western Nigeria. Weight, height, waist circumference, hip circumference, blood pressure and random blood sugar measurements were done using standard methods …","",""
4,"SJ Bagi, EE Daniel, KM Rabiu, I Ezekiel","… , body mass index and waist-hip ratio on academic performance of female students in Akanu Ibiam federal polytechnic unwana, Afikpo, Ebonyi State, Nigeria",2017,"International Journal of Brain …","kiu.ac.ug","https://kiu.ac.ug/assets/publications/92_assessment-of-body-weight-body-mass-index-and-waist-hip-ratio-on-academic-performance-of-female-students-in-akanu-ibiam-federal-polytechnic-unwana-afikpo-ebonyi-state-nigeria.pdf","https://scholar.google.com/scholar?cites=9923636921931731093&as_sdt=2005&sciodt=0,5&hl=en",15,"2021-07-17 21:08:35","PDF","","","",,,,,4,1.00,1,4,4,"… The waist–hip ratio was calculated by dividing the waist circumference by the hip circumference … Similar studies elsewhere outside Nigeria cannot be used since they are not homogenous to … There is no known comparative study from other Departments in Nigerian Polytechnics …","https://kiu.ac.ug/assets/publications/92_assessment-of-body-weight-body-mass-index-and-waist-hip-ratio-on-academic-performance-of-female-students-in-akanu-ibiam-federal-polytechnic-unwana-afikpo-ebonyi-state-nigeria.pdf","https://scholar.google.com/scholar?q=related:lRCx6zPXt4kJ:scholar.google.com/&scioq=%22waist+circumference%22+nigeria&hl=en&as_sdt=0,5&as_ylo=2017&as_yhi=2017&as_vis=1"
1,"AB Peter","Body Mass Index and Menorrhagia among Adolescent Female Undergraduate Students in Nigeria",2017,"J Hum Anat Physiol","pdfs.semanticscholar.org","https://pdfs.semanticscholar.org/7b07/8574c39ad23d6d298b678abb1c0dc26f3191.pdf","https://scholar.google.com/scholar?cites=16115094332346767602&as_sdt=2005&sciodt=0,5&hl=en",16,"2021-07-17 21:08:35","PDF","","","",,,,,1,0.25,1,1,4,"… Index menorrhagia, as well as the strength and direction of the relationships among adolescent female undergraduate students in Nigeria … the strengths and direction of the relationships differ across the difference indices of height, weight, waist circumference, hip circumference …","https://pdfs.semanticscholar.org/7b07/8574c39ad23d6d298b678abb1c0dc26f3191.pdf","https://scholar.google.com/scholar?q=related:8phw8elQpN8J:scholar.google.com/&scioq=%22waist+circumference%22+nigeria&hl=en&as_sdt=0,5&as_ylo=2017&as_yhi=2017&as_vis=1"
1,"DO Soyoye, RT Ikem, BA Kolawole…","Relationship between C-reactive protein, white blood cell count and metabolic syndrome in Nigerians with type 2 diabetes mellitus",2017,"Journal of Diabetes …","scirp.org","https://www.scirp.org/html/13-4300433_78812.htm?pagespeed=noscript","https://scholar.google.com/scholar?cites=16534203696278781049&as_sdt=2005&sciodt=0,5&hl=en",17,"2021-07-17 21:08:35","HTML","","","",,,,,1,0.25,0,4,4,"… This cross-sectional study involved 108 consecutive adult Nigerians with type 2 diabetes attending the diabetes out-patient clinic of a tertiary hospital in South-West Nigeria … Weight, height and waist circumference (WC) were measured using standard protocols [15] , and body …","https://www.scirp.org/html/13-4300433_78812.htm?pagespeed=noscript","https://scholar.google.com/scholar?q=related:ebyl6KhKdeUJ:scholar.google.com/&scioq=%22waist+circumference%22+nigeria&hl=en&as_sdt=0,5&as_ylo=2017&as_yhi=2017&as_vis=1"
10,"AC Elochukwu, UC Opara, NA Chinyere…","Evaluation of tumor necrosis factor alpha, insulin, and homeostasis model assessment of insulin resistance among obese participants living in Calabar, Nigeria",2017,"Trop J Med …","researchgate.net","https://www.researchgate.net/profile/Agu-Chidozie/publication/312210824_Evaluation_of_tumor_necrosis_factor_alpha_insulin_and_homeostasis_model_assessment_of_insulin_resistance_among_obese_participants_living_in_Calabar_Nigeria/links/58763f3b08ae6eb871cf5e6e/Evaluation-of-tumor-necrosis-factor-alpha-insulin-and-homeostasis-model-assessment-of-insulin-resistance-among-obese-participants-living-in-Calabar-Nigeria.pdf","https://scholar.google.com/scholar?cites=6025141060414878223&as_sdt=2005&sciodt=0,5&hl=en",18,"2021-07-17 21:08:35","PDF","","","",,,,,10,2.50,3,4,4,"… factor alpha, insulin, and homeostasis model assessment of insulin resistance among obese participants living in Calabar, Nigeria … Anthropometric parameters Anthropometric parameters such as height (m), weight (kg), waist circumference (WC) (cm), and hip circumference …","https://www.researchgate.net/profile/Agu-Chidozie/publication/312210824_Evaluation_of_tumor_necrosis_factor_alpha_insulin_and_homeostasis_model_assessment_of_insulin_resistance_among_obese_participants_living_in_Calabar_Nigeria/links/58763f3b08ae6eb871cf5e6e/Evaluation-of-tumor-necrosis-factor-alpha-insulin-and-homeostasis-model-assessment-of-insulin-resistance-among-obese-participants-living-in-Calabar-Nigeria.pdf","https://scholar.google.com/scholar?q=related:DzKmM9-ZnVMJ:scholar.google.com/&scioq=%22waist+circumference%22+nigeria&hl=en&as_sdt=0,5&as_ylo=2017&as_yhi=2017&as_vis=1"
4,"YA Adeyemi, OO Onabanjo, SA Sanni…","Prevalence of metabolic syndrome among apparently healthy adults in Ogun state, Nigeria",2017,"Nutrition & Food …","emerald.com","https://www.emerald.com/insight/content/doi/10.1108/NFS-12-2016-0190/full/html","https://scholar.google.com/scholar?cites=807550102577395967&as_sdt=2005&sciodt=0,5&hl=en",19,"2021-07-17 21:08:35","","10.1108/NFS-12-2016-0190","","",,,,,4,1.00,1,4,4,"","","https://scholar.google.com/scholar?q=related:_7h0Kor-NAsJ:scholar.google.com/&scioq=%22waist+circumference%22+nigeria&hl=en&as_sdt=0,5&as_ylo=2017&as_yhi=2017&as_vis=1"
8,"MO Akanbi, PA Agaba, OB Ozoh…","Obesity and obstructive sleep apnea risk among Nigerians",2017,"Journal of Medicine in …","ncbi.nlm.nih.gov","https://www.ncbi.nlm.nih.gov/pmc/articles/PMC5701752/","https://scholar.google.com/scholar?cites=10216731413272838083&as_sdt=2005&sciodt=0,5&hl=en",20,"2021-07-17 21:08:35","HTML","","","",,,,,8,2.00,2,4,4,"… Waist circumference, cm, mean (SD), 97.1 (12.6), 88.3 (10.7), <0.01 … In conclusion, our study highlights the high prevalence of persons at high risk of OSA in a Nigerian population and the … This research was supported by a TETfund grant from the government of Nigeria …","https://www.ncbi.nlm.nih.gov/pmc/articles/PMC5701752/","https://scholar.google.com/scholar?q=related:w7-z_RYfyY0J:scholar.google.com/&scioq=%22waist+circumference%22+nigeria&hl=en&as_sdt=0,5&as_ylo=2017&as_yhi=2017&as_vis=1"
10,"TO Alonge, LA Adebusoye, AM Ogunbode…","Factors associated with osteoporosis among older patients at the Geriatric Centre in Nigeria: a cross-sectional study",2017,"South African Family …","journals.co.za","https://journals.co.za/doi/abs/10.1080/20786190.2016.1272248","https://scholar.google.com/scholar?cites=4587472790768499271&as_sdt=2005&sciodt=0,5&hl=en",21,"2021-07-17 21:08:35","","10.1080/20786190.2016.1272248","","",,,,,10,2.50,3,4,4,"… 70 years of age.1 Similarly, in a cross-sectional study among 208 Nigerian women, broadband … associated with osteoporosis among older patients at the Geriatric centre in Nigeria: A cross … (OR = 1.410 [95% CI 1.130–1.805], p = 0.006), normal waist circumference (OR = 1.953 …","https://www.ajol.info/index.php/safp/article/view/158579/148200","https://scholar.google.com/scholar?q=related:R7qGnjL6qT8J:scholar.google.com/&scioq=%22waist+circumference%22+nigeria&hl=en&as_sdt=0,5&as_ylo=2017&as_yhi=2017&as_vis=1"
11,"R Oluyombo, MA Olamoyegun…","Clustering of chronic kidney disease and cardiovascular risk factors in South-West Nigeria",2017,"Journal of …","ncbi.nlm.nih.gov","https://www.ncbi.nlm.nih.gov/pmc/articles/PMC5607983/","https://scholar.google.com/scholar?cites=651006717582215897&as_sdt=2005&sciodt=0,5&hl=en",22,"2021-07-17 21:08:35","HTML","","","",,,,,11,2.75,4,3,4,"… We aim to investigate this relationship in Nigerian communities … 92.34 ± 27.36 mL/min/1.73 m 2 , P = 0.001) and increased waist circumference (89.12 ± 32.42 vs … 5. Discussion. This cross-sectional study from Nigeria has shown an association of CV risk factor clusters with CKD …","https://www.ncbi.nlm.nih.gov/pmc/articles/PMC5607983/","https://scholar.google.com/scholar?q=related:2YrhEynXCAkJ:scholar.google.com/&scioq=%22waist+circumference%22+nigeria&hl=en&as_sdt=0,5&as_ylo=2017&as_yhi=2017&as_vis=1"
8,"X Wu, X Yang, R Shan, T Li, T Zi, Y Li, L Na, C Sun","Potential mediating biomarkers underlying the association of body mass index or waist circumference with blood pressure: results from three population …",2017,"Scientific reports","nature.com","https://www.nature.com/articles/s41598-017-05677-3","https://scholar.google.com/scholar?cites=88690886769926105&as_sdt=2005&sciodt=0,5&hl=en",23,"2021-07-17 21:08:35","HTML","","","",,,,,8,2.00,1,8,4,"… Mass Index or Waist Circumference with Blood Pressure: Results from Three Population-based Studies … Potential Mediating Biomarkers underlying the Association of Body Mass Index or Waist Circumference with Blood Pressure: Results from Three Population-based Studies …","https://www.nature.com/articles/s41598-017-05677-3","https://scholar.google.com/scholar?q=related:2V-8QOQXOwEJ:scholar.google.com/&scioq=%22waist+circumference%22+nigeria&hl=en&as_sdt=0,5&as_ylo=2017&as_yhi=2017&as_vis=1"
0,"DO Soyoye, CO Ayandele, C Anizor…","Burden of obesity and hypertension in Nigerians with type 2 diabetes mellitus seen in a tertiary health facility",2017,"Endocrine …","endocrine-abstracts.org","https://www.endocrine-abstracts.org/ea/0050/abstracts/poster-presentations/diabetes-and-cardiovascular/ea0050p230/","",24,"2021-07-17 21:08:35","","","","",,,,,0,0.00,0,4,4,"… University Teaching Hospital, Oghara, Nigeria; 3 Federal Medical Centre, Abeokuta, Nigeria … This was a cross sectional descriptive study of Nigerians with Type 2 … Socio-demographic information, anthropometric indices (weight, height, waist circumference and hip circumference …","",""
2,"TE Ambakederemo, ST Dodiyi-Manuel","Associations of anthropometric variables of obesity with blood pressure and gender disparities observed in a referral hospital in the Niger Delta of Nigeria",2017,"AGE","scholarsmepub.com","http://scholarsmepub.com/wp-content/uploads/2017/05/SJMPS-34239-244.pdf","https://scholar.google.com/scholar?cites=4333840432708769840&as_sdt=2005&sciodt=0,5&hl=en",25,"2021-07-17 21:08:35","PDF","","","",,,,,2,0.50,1,2,4,"… Relationship of anthropometric indicators with blood pressure levels and the risk of hypertension in Nigerian adults … Waist circumference and obesity-associated risk factors among whites in the third National Health and Nutrition Examination … Federal ministry of Health Nigeria …","http://scholarsmepub.com/wp-content/uploads/2017/05/SJMPS-34239-244.pdf","https://scholar.google.com/scholar?q=related:MNjUcOnkJDwJ:scholar.google.com/&scioq=%22waist+circumference%22+nigeria&hl=en&as_sdt=0,5&as_ylo=2017&as_yhi=2017&as_vis=1"
31,"K Peltzer, S Pengpid","Sleep duration, sleep quality, body mass index, and waist circumference among young adults from 24 low-and middle-income and two high-income countries",2017,"… journal of environmental research and public …","mdpi.com","https://www.mdpi.com/199442","https://scholar.google.com/scholar?cites=16640344366983026275&as_sdt=2005&sciodt=0,5&hl=en",26,"2021-07-17 21:08:35","","","","",,,,,31,7.75,16,2,4,"… is hypothesised that short sleep duration and poor sleep quality will be associated with increased BMI and increased waist circumference (WC … Saharan Africa: Ivory Coast (n = 781), Kenya (n = 820), Madagascar (n = 779), Mauritius (n = 450), Namibia (n = 468), Nigeria (n = 804 …","https://www.mdpi.com/1660-4601/14/6/566/pdf","https://scholar.google.com/scholar?q=related:YxYylglh7uYJ:scholar.google.com/&scioq=%22waist+circumference%22+nigeria&hl=en&as_sdt=0,5&as_ylo=2017&as_yhi=2017&as_vis=1"
2,"SY Amoo-Tella, BS Danborno, S Akuyam…","Gender-and age-related differences in anthropometric and body composition parameters in Nigerians, Zaria, Nigeria",2017,"… of Experimental and …","jecajournal.org","https://www.jecajournal.org/article.asp?issn=1596-2393;year=2017;volume=16;issue=2;spage=137;epage=146;aulast=Amoo-Tella","https://scholar.google.com/scholar?cites=9649637384691705572&as_sdt=2005&sciodt=0,5&hl=en",27,"2021-07-17 21:08:35","HTML","","","",,,,,2,0.50,1,4,4,"… Waist circumference (WC) was measured in centimeters at the narrowest waist (World Health Organization 2008b) … Profile of body mass index and obesity in Nigerian children and adolescents … Body mass index variations among adolescents from Kano metropolis, Nigeria …","https://www.jecajournal.org/article.asp?issn=1596-2393;year=2017;volume=16;issue=2;spage=137;epage=146;aulast=Amoo-Tella","https://scholar.google.com/scholar?q=related:5ObgTRNm6oUJ:scholar.google.com/&scioq=%22waist+circumference%22+nigeria&hl=en&as_sdt=0,5&as_ylo=2017&as_yhi=2017&as_vis=1"
1,"RE Ucheya, SE Okonofua, LC Anyanwu…","Relationship Between Neck Circumference, Waist Circumference, Body Mass Index, Arm Circumference and Waist Hip Ratio as Predictors of Cardiovascular …",2017,"Biosciences …","biotech-asia.org","http://www.biotech-asia.org/vol6no1/relationship-between-neck-circumference-waist-circumference-body-mass-index-arm-circumference-and-waist-hip-ratio-as-predictors-of-cardiovascular-risk-factors/","https://scholar.google.com/scholar?cites=13386307048108253781&as_sdt=2005&sciodt=0,5&hl=en",28,"2021-07-17 21:08:35","HTML","","","",,,,,1,0.25,0,4,4,"… waist circumference and to define NC cut-off levels for waist circumference, body mass index, Arm circumference, and waist hip ratio and according to existing age. Research Methods and Procedures. The entire cohort studied comprised of 218 Nigeria male undergraduate …","http://www.biotech-asia.org/vol6no1/relationship-between-neck-circumference-waist-circumference-body-mass-index-arm-circumference-and-waist-hip-ratio-as-predictors-of-cardiovascular-risk-factors/","https://scholar.google.com/scholar?q=related:VeLMKFa3xbkJ:scholar.google.com/&scioq=%22waist+circumference%22+nigeria&hl=en&as_sdt=0,5&as_ylo=2017&as_yhi=2017&as_vis=1"
1,"TH Raimi, AO Odewabi, O Odusan…","Correlation of Anthropometric Indices and Age with Fasting Plasma Glucose among Inhabitants of Ogun State, South-West Nigeria",2017,"Journal of Advances in …","journaljammr.com","http://www.journaljammr.com/index.php/JAMMR/article/view/10177","https://scholar.google.com/scholar?cites=12032459757457158732&as_sdt=2005&sciodt=0,5&hl=en",29,"2021-07-17 21:08:35","","","","",,,,,1,0.25,0,4,4,"… Previous reports from Nigeria were limited to the association between blood glucose and BMI [16,17] … In a study of association between waist circumference and risk of hypertension and type 2 DM, plasma glucose was not available for the Nigerian participants [5]. Is the …","https://www.journaljammr.com/index.php/JAMMR/article/download/10177/18251","https://scholar.google.com/scholar?q=related:TLJqEWbi-6YJ:scholar.google.com/&scioq=%22waist+circumference%22+nigeria&hl=en&as_sdt=0,5&as_ylo=2017&as_yhi=2017&as_vis=1"
3,"AM Adeoye, O Adebayo, M Nwosu, A Adebiyi…","Assessment of measures of adiposity that correlate with blood pressure among hypertensive Africans",2017,"Annals of Ibadan …","ajol.info","https://www.ajol.info/index.php/aipm/article/view/166499","https://scholar.google.com/scholar?cites=1330577420294704048&as_sdt=2005&sciodt=0,5&hl=en",30,"2021-07-17 21:08:35","","","","",,,,,3,0.75,1,5,4,"… of the measures of adiposity correlates best with blood pressure among Nigerian hypertensives and … Obesity classification in military personnel: a comparison of body fat, waist circumference, and body … index and body fat in black population samples from Nigeria, Jamaica, and …","https://www.ajol.info/index.php/aipm/article/view/166499/155935","https://scholar.google.com/scholar?q=related:sEvSMh0pdxIJ:scholar.google.com/&scioq=%22waist+circumference%22+nigeria&hl=en&as_sdt=0,5&as_ylo=2017&as_yhi=2017&as_vis=1"
0,"BA Alalade, OF Adesina, OA Otukoya…","Anthropometric changes associated with antiretroviral therapy in nigerians infected with human immunodeficiency virus",2017,"Endocrine …","endocrine-abstracts.org","https://www.endocrine-abstracts.org/ea/0050/abstracts-second-import/poster-presentations/obesity-and-metabolism/ea0050p342/","",31,"2021-07-17 21:08:35","","","","",,,,,0,0.00,0,4,4,"… Anthropometric changes associated with antiretroviral therapy in nigerians infected with human … Titilope, Olukunle Olawale, Bello Adejoke, Federal Medical Centre, Abeokuta, Nigeria … measurements inclusive of weight, body mass index, waist circumference, hip circumference …","",""
1,"F Muhammad, M Ramalan…","Change in body mass index (BMI) after highly active antiretroviral therapy among hiv patients in kano, Northwestern Nigeria",2017,"Endocrine …","endocrine-abstracts.org","https://www.endocrine-abstracts.org/ea/0048/ea0048p10","https://scholar.google.com/scholar?cites=6710251907121400663&as_sdt=2005&sciodt=0,5&hl=en",32,"2021-07-17 21:08:35","","","","",,,,,1,0.25,0,3,4,"… Specialist Hospital, Kano, Nigeria; 2 Aminu Kano Teaching Hospital, Kano, Nigeria; 3 Specialist Hospital Akure, Ondo, Nigeria … with increased BMI were impaired fasting glucose, Diabetes, Insulin resistance, raised triglyceride, low HDL, increased waist circumference and waist …","","https://scholar.google.com/scholar?q=related:V8tbnY6aH10J:scholar.google.com/&scioq=%22waist+circumference%22+nigeria&hl=en&as_sdt=0,5&as_ylo=2017&as_yhi=2017&as_vis=1"
1,"AY Asuku, B Danborno, AS Akuyam, JA Timbuak…","Sexual dimorphism in visceral adiposity measures, parameters and biomarkers of metabolic syndrome among Hausa ethnic group in Kano, Nigeria",2017,"Bayero Journal of Pure …","ajol.info","https://www.ajol.info/index.php/bajopas/article/view/169660","https://scholar.google.com/scholar?cites=5313965264983507966&as_sdt=2005&sciodt=0,5&hl=en",33,"2021-07-17 21:08:35","","","","",,,,,1,0.25,0,5,4,"… Where WC is waist circumference, TG is serum triglyceride, HDL is serum high density lipoprotein … RECOMMENDATION Similar studies on other ethnic groups in Nigeria should be conducted to find out if … in MetS indicators observed in this study can be applied to other Nigerians …","https://www.ajol.info/index.php/bajopas/article/download/169660/160403","https://scholar.google.com/scholar?q=related:_kMbAEH_vkkJ:scholar.google.com/&scioq=%22waist+circumference%22+nigeria&hl=en&as_sdt=0,5&as_ylo=2017&as_yhi=2017&as_vis=1"
1,"SB Muazu, IO Okpe, FE Anumah, AG Bakari","… profile of latent autoimmune diabetes in adults (LADA) subgroup among type two diabetic patients attending tertiary health facility in Northern Nigeria",2017,"Journal of Health Research …","jhrr.org","https://www.jhrr.org/article.asp?issn=2394-2010;year=2017;volume=4;issue=3;spage=108;epage=114;aulast=Muazu","https://scholar.google.com/scholar?cites=8009310889900618455&as_sdt=2005&sciodt=0,5&hl=en",34,"2021-07-17 21:08:35","HTML","","","",,,,,1,0.25,0,4,4,"… below and 50 T2DM patients attending a tertiary health institution in Northern Nigeria … MS: Metabolic syndrome, WC: Waist circumference, FBG: Fasting blood glucose, HDL: High density lipoprotein … diabetes amongst adults with type 2 diabetes in a Nigerian tertiary hospital …","https://www.jhrr.org/article.asp?issn=2394-2010;year=2017;volume=4;issue=3;spage=108;epage=114;aulast=Muazu","https://scholar.google.com/scholar?q=related:17IxuNHJJm8J:scholar.google.com/&scioq=%22waist+circumference%22+nigeria&hl=en&as_sdt=0,5&as_ylo=2017&as_yhi=2017&as_vis=1"
6,"OA Michael, O Rotimi, IO Sandra","… Performance of the Finnish Diabetes Risk Score (FINDRISC) Questionaire for Screening Individuals with Undiagnosed Type 2 Diabetes and Dysglycaemia in Nigeria",2017,"Journal of Advances in …","journaljammr.com","http://www.journaljammr.com/index.php/JAMMR/article/view/10263","https://scholar.google.com/scholar?cites=14704807050838145744&as_sdt=2005&sciodt=0,5&hl=en",35,"2021-07-17 21:08:35","","","","",,,,,6,1.50,2,3,4,"… Female waist circumference 100.83±8.09 84.20±11.66 <0.001 … Risk of developing diabetes among healthcare workers in a Nigerian tertiary hospital … Community-based diabetes risk assessment in Ogun State, Nigeria (World Diabetes Federation Project 08-321) …","http://www.journaljammr.com/index.php/JAMMR/article/download/10263/18417","https://scholar.google.com/scholar?q=related:0Prdcxr4EcwJ:scholar.google.com/&scioq=%22waist+circumference%22+nigeria&hl=en&as_sdt=0,5&as_ylo=2017&as_yhi=2017&as_vis=1"
4,"SO Martins, OF Folasire, AE Irabor","Prevalence and predictors of prediabetes among administrative staff of a tertiary health centre, southwestern Nigeria",2017,"Annals of Ibadan postgraduate …","ajol.info","https://www.ajol.info/index.php/aipm/article/view/166509","https://scholar.google.com/scholar?cites=10442449894657690899&as_sdt=2005&sciodt=0,5&hl=en",36,"2021-07-17 21:08:35","","","","",,,,,4,1.00,1,3,4,"… grade level 6 and above as senior staff and grade level 5 and below as junior staff according to the Nigeria Federal Civil … Using an inelastic measuring tape, waist circumference was measured in centimeters at the level midway between the lowest rib margin and the iliac crest …","https://www.ajol.info/index.php/aipm/article/view/166509/155944","https://scholar.google.com/scholar?q=related:Ew3jS9oI65AJ:scholar.google.com/&scioq=%22waist+circumference%22+nigeria&hl=en&as_sdt=0,5&as_ylo=2017&as_yhi=2017&as_vis=1"
0,"CN Ofiaeli, AV Egwuonwu, MJ Nwankwo…","The Relationship between Selected Anthropometric Indices and Cardiorespiratory Fitness in Apparently Healthy Young Adults in a Nigerian Community",2017,"Journal of Advances …","journaljamps.com","http://www.journaljamps.com/index.php/JAMPS/article/view/16682","",37,"2021-07-17 21:08:35","","","","",,,,,0,0.00,0,4,4,"… Healthy Young Adults in a Nigerian Community … (2) JN Egwurugwu, Imo State University, Nigeria … Borg's exertion scale and step benches were used to obtain the blood pressure, heart rate, respiratory rate, rate of perceived exertion, height, weight, waist circumference and …","https://www.journaljamps.com/index.php/JAMPS/article/download/16682/31006","https://scholar.google.com/scholar?q=related:4VNUwQVQk9QJ:scholar.google.com/&scioq=%22waist+circumference%22+nigeria&hl=en&as_sdt=0,5&as_ylo=2017&as_yhi=2017&as_vis=1"
0,"EM Umuerri, CO Ayandele","Self-perception of body size among adults in Delta State, Nigeria",2017,"New Nigerian Journal of Clinical …","mdcan-uath.org","https://www.mdcan-uath.org/article.asp?issn=2250-9658;year=2017;volume=6;issue=10;spage=45;epage=51;aulast=Umuerri","",38,"2021-07-17 21:08:35","HTML","","","",,,,,0,0.00,0,2,4,"… Rural-urban comparison of anthropometric indices (body mass index and waist circumference) and self … of misperception of weight among adults living in Delta State, Nigeria, with underestimation … Body size perceptions and weight status of adults in a Nigerian Rural Community …","https://www.mdcan-uath.org/article.asp?issn=2250-9658;year=2017;volume=6;issue=10;spage=45;epage=51;aulast=Umuerri","https://scholar.google.com/scholar?q=related:Xd02urQNymYJ:scholar.google.com/&scioq=%22waist+circumference%22+nigeria&hl=en&as_sdt=0,5&as_ylo=2017&as_yhi=2017&as_vis=1"
3,"CS Yilgwan, HI Hyacinth, OO Ige, II Abok…","Cardiovascular disease risk profile in Nigerian school children",2017,"Sahel Medical …","smjonline.org","https://www.smjonline.org/article.asp?issn=1118-8561;year=2017;volume=20;issue=4;spage=143;epage=148;aulast=Yilgwan","https://scholar.google.com/scholar?cites=1762596749588308074&as_sdt=2005&sciodt=0,5&hl=en",39,"2021-07-17 21:08:35","HTML","","","",,,,,3,0.75,1,5,4,"… [18] Truncal obesity was defined as 95 th percentile waist circumference for age and sex … 9. 10. Ansa VO, Odigwe CO, Anah MU. Profile of body mass index and obesity in Nigerian children and adolescents … Prevalence of overweight and obesity in Eti-Osa LGA, Lagos, Nigeria …","https://www.smjonline.org/article.asp?issn=1118-8561;year=2017;volume=20;issue=4;spage=143;epage=148;aulast=Yilgwan","https://scholar.google.com/scholar?q=related:aiB4tWcAdhgJ:scholar.google.com/&scioq=%22waist+circumference%22+nigeria&hl=en&as_sdt=0,5&as_ylo=2017&as_yhi=2017&as_vis=1"
0,"OL Dominic, IA Ojo, RA Adedoyin","A Comparative Study of the Physiological Variables Associated with Cardiovascular Disease Risk Factors Among Retirees in Ile-Ife, Nigeria",2017,"KIU Journal of Social Sciences","ijhumas.com","http://www.ijhumas.com/ojs/index.php/kiujoss/article/view/38","",40,"2021-07-17 21:08:35","","","","",,,,,0,0.00,0,3,4,"… et al (2006) assessed cardiovascular risk among the people of a Nigeria University community … The experimental group male and female waist circumference was found to be 90.52(±12.31 … Assessment of cardiovascular Risk among the people of a Nigerian University Community …","https://www.ijhumas.com/ojs/index.php/kiujoss/article/download/38/36","https://scholar.google.com/scholar?q=related:pOEUizzymQIJ:scholar.google.com/&scioq=%22waist+circumference%22+nigeria&hl=en&as_sdt=0,5&as_ylo=2017&as_yhi=2017&as_vis=1"
0,"N Unamba Norbert, C Unamba Blessing…","Serum Lipid Profile and Its Relationship with Carotid Intima-Media Thickness in Hypertensive Adults Attending a Tertiary Hospital in Southern Nigeria",2017,"","academia.edu","https://www.academia.edu/download/54320350/serum_lipid_profile_and_CIMT_ARTICLE.pdf","",41,"2021-07-17 21:08:35","PDF","","","",,,,,0,0.00,0,3,4,"… study where 50% of the study population had visceral obesity (assessed by waist circumference) … Intima-Media Thickness in Hypertensive Adults Attending a Tertiary Hospital in Southern Nigeria … thickness as a measure of cardiovascular disease burden in Nigerian Africans with …","https://www.academia.edu/download/54320350/serum_lipid_profile_and_CIMT_ARTICLE.pdf","https://scholar.google.com/scholar?q=related:27EPFLQAOLgJ:scholar.google.com/&scioq=%22waist+circumference%22+nigeria&hl=en&as_sdt=0,5&as_ylo=2017&as_yhi=2017&as_vis=1"
0,"C Agu","… Index as Predictors of Insulin Resistance and Risks of Cardiovascular Disease Among Obese Subjects in Calabar, Nigeria: Inflammation, Insulin Resistance …",2017,"","ciando.com","http://www.ciando.com/img/books/extract/3668390355_lp.pdf","",42,"2021-07-17 21:08:35","BOOK","","","",,,,,0,0.00,0,1,4,"… CALABAR – NIGERIA … In this study, the association between obesity markers (Body mass index, waist circumference, and waist-hip ratio), inflammatory marker (Tumour necrosis factor-alpha), insulin resistance markers (Homeostasis model assessment of insulin resistance …","http://www.ciando.com/img/books/extract/3668390355_lp.pdf","https://scholar.google.com/scholar?q=related:F8HbwVFTLrQJ:scholar.google.com/&scioq=%22waist+circumference%22+nigeria&hl=en&as_sdt=0,5&as_ylo=2017&as_yhi=2017&as_vis=1"
0,"NN Unamba, MR Akpa","Sex-related Association of Serum Uric Acid and Carotid Atherosclerosis in a Hypertensive Nigerian Population",2017,"Cardiology and Angiology: An International …","journalca.com","http://journalca.com/index.php/CA/article/view/21171","",43,"2021-07-17 21:08:35","","","","",,,,,0,0.00,0,2,4,"… Nigerian Population … 2Department of Medicine, Faculty of Clinical Sciences, University of Port Harcourt / University of Port Harcourt Teaching Hospital, Port Harcourt, Nigeria … Their waist circumference, body mass indices and fasting lipid profile and SUA were determined …","http://journalca.com/index.php/CA/article/download/21171/39286","https://scholar.google.com/scholar?q=related:MvcnQMY5pkYJ:scholar.google.com/&scioq=%22waist+circumference%22+nigeria&hl=en&as_sdt=0,5&as_ylo=2017&as_yhi=2017&as_vis=1"
1,"OG Arinola","Biochemical nutritional parameters and anthropometric measurements in Nigerian pulmonary tuberculosis patients before and during chemotherapy",2017,"African Journal of Medicine and Medical Sciences","ojshostng.com","http://www.ojshostng.com/index.php/ajmms/article/view/514","https://scholar.google.com/scholar?cites=11863968909446575617&as_sdt=2005&sciodt=0,5&hl=en",44,"2021-07-17 21:08:35","HTML","","","",,,,,1,0.25,1,1,4,"… fat(PBF), fat mass index(FMI), fat-free mass index(FFMI), waist circumference(WC), hip … OG Arinola, Department of Chemical Pathology, College of Medicine, University of Ibadan, Ibadan, Nigeria … levels of IL-2 and decreases serum TGF-Beta levels in Nigerian asthmatic patients …","http://www.ojshostng.com/index.php/ajmms/article/view/514","https://scholar.google.com/scholar?q=related:AXbXed1IpaQJ:scholar.google.com/&scioq=%22waist+circumference%22+nigeria&hl=en&as_sdt=0,5&as_ylo=2017&as_yhi=2017&as_vis=1"
14,"EN Adejumo, OA Ogundahunsi…","Prevalence of metabolic syndrome in a rural and urban community in South-West Nigeria using three different definitions",2017,"… Journal of Tropical …","journalbank.org","https://journalbank.org/index.php/IJTDH/article/view/1850","https://scholar.google.com/scholar?cites=3028198912133704037&as_sdt=2005&sciodt=0,5&hl=en",45,"2021-07-17 21:08:35","","","","",,,,,14,3.50,5,3,4,"… Waist circumference ≥ 94 cm in men or ≥ 80 cm in women (as recommended for Europeans) … Understanding asthma and the metabolic syndrome - a Nigerian report. Int Arch Med … Ogbera AO, Kuku S, Dada O. The metabolic syndrome in thyroid disease: A report from Nigeria …","https://journalbank.org/index.php/IJTDH/article/download/1850/3697","https://scholar.google.com/scholar?q=related:ZSn00t1SBioJ:scholar.google.com/&scioq=%22waist+circumference%22+nigeria&hl=en&as_sdt=0,5&as_ylo=2017&as_yhi=2017&as_vis=1"
0,"WB Vidona, A Wadioni…","Evaluation of anthropometric profile in obesity in nigerian females during pregnancy",2017,"International Journal of …","edouniversity.edu.ng","https://www.edouniversity.edu.ng/oerrepository/articles/evaluation_of_anthropometric_profile_in_obesity_in_nigerian_females_during_pregnancy.pdf","",46,"2021-07-17 21:08:35","PDF","","","",,,,,0,0.00,0,3,4,"… obesity as indicated by BMI and waist circumference among Nigerian adults attending family medicine … some anthropometric indices for the diagnosis of obesity in pregnancy in Nigeria: A cross … Waist circumference in the prediction of obesity-related adverse pregnancy outcomes …","https://www.edouniversity.edu.ng/oerrepository/articles/evaluation_of_anthropometric_profile_in_obesity_in_nigerian_females_during_pregnancy.pdf","https://scholar.google.com/scholar?q=related:F9K779ZNrXcJ:scholar.google.com/&scioq=%22waist+circumference%22+nigeria&hl=en&as_sdt=0,5&as_ylo=2017&as_yhi=2017&as_vis=1"
0,"F Fakhraddeen Muhammad MBBS…","CHANGE IN BODY MASS INDEX (BMI) AFTER HIGHLY ACTIVE ANTIRETROVIRAL THERAPY AMONG HIV PATIENTS IN KANO, NORTHWESTERN NIGERIA",2017,"Endocrine …","search.proquest.com","https://search.proquest.com/openview/abdf1fe6458768fa4e6e4cc0c9278a32/1?pq-origsite=gscholar&cbl=1896353","",47,"2021-07-17 21:08:35","","","","",,,,,0,0.00,0,2,4,"… mean age 15.2 years old (SD 1.6), mean BMI of 22.5 kg/m2 (SD 7.7), mean waist circumference (WC) 78.3 cm (SD … CHANGE IN BODY MASS INDEX (BMI) AFTER HIGHLY ACTIVE ANTIRETROVIRAL THERAPY AMONG HIV PATIENTS IN KANO, NORTHWESTERN NIGERIA …","",""
0,"F Muhammad, A Uloko, I Gezawa…","Assessment of glycated haemoglobin among HIV patients pre and post highly active antiretroviral therapy (HAART) in Kano, Northwestern Nigeria",2017,"Endocrine …","endocrine-abstracts.org","https://www.endocrine-abstracts.org/ea/0050/ea0050p209","",48,"2021-07-17 21:08:35","","","","",,,,,0,0.00,0,4,4,"… 1 Aminu Kano Teaching Hospital, Kano, Nigeria; 2 Specialist Hospital, Akure, Nigeria … HAART include age more than 40 years, longer duration of HIV infection and HAART, exposure to PI-based regimen, increase body mass index and increase waist circumference (P<0.05) …","",""
0,"A Agbecha, CA Usoro, MH Etukudo","Lipid profile pattern in chronic viral hepatitis C in Makurdi, Nigeria",2017,"Med Sci Res","researchgate.net","https://www.researchgate.net/profile/Ayu-Agbecha/publication/313484648_Lipid_profile_pattern_in_chronic_viral_hepatitis_C_in_Makurdi_Nigeria/links/5b7c87f9a6fdcc5f8b5afde0/Lipid-profile-pattern-in-chronic-viral-hepatitis-C-in-Makurdi-Nigeria.pdf","",49,"2021-07-17 21:08:35","PDF","","","",,,,,0,0.00,0,3,4,"… study involved the selection of 36 chronic hepatitis C (CHC) patients attending the clinic at a tertiary hospital in Makurdi, Nigeria … There was no significant (P > 0.05) difference between the mean systolic blood pressure (BP), diastolic BP, age, waist circumference, body mass …","https://www.researchgate.net/profile/Ayu-Agbecha/publication/313484648_Lipid_profile_pattern_in_chronic_viral_hepatitis_C_in_Makurdi_Nigeria/links/5b7c87f9a6fdcc5f8b5afde0/Lipid-profile-pattern-in-chronic-viral-hepatitis-C-in-Makurdi-Nigeria.pdf","https://scholar.google.com/scholar?q=related:qZIY6PN5P_MJ:scholar.google.com/&scioq=%22waist+circumference%22+nigeria&hl=en&as_sdt=0,5&as_ylo=2017&as_yhi=2017&as_vis=1"
0,"CR Oyom, MO Omobowale, AE Orimadegun…","Central Fatness among Secondary School Adolescents in Ibadan, Nigeria",,"The Nigerian Journal of …","researchgate.net","https://www.researchgate.net/profile/Olukemi-Amodu/publication/319330364_Central_Fatness_among_Secondary_School_Adolescents_in_Ibadan_Nigeria/links/59a561d7a6fdcc9fe95f21f7/Central-Fatness-among-Secondary-School-Adolescents-in-Ibadan-Nigeria.pdf","",50,"2021-07-17 21:08:35","PDF","","","",,,,,0,0.00,0,4,,"… Furthermore, Pearson's Correlation Coefficient between height and waist circumference were 0.584 for male and 0.352 … the State: Illicit Sexuality, Nationalism and Politics in Colonial Nigeria, 1900-158 … KS (2008) Overweight and Obesity: Does It Occur In Nigerian Adolescents in …","https://www.researchgate.net/profile/Olukemi-Amodu/publication/319330364_Central_Fatness_among_Secondary_School_Adolescents_in_Ibadan_Nigeria/links/59a561d7a6fdcc9fe95f21f7/Central-Fatness-among-Secondary-School-Adolescents-in-Ibadan-Nigeria.pdf","https://scholar.google.com/scholar?q=related:nHUE8gUZ3kUJ:scholar.google.com/&scioq=%22waist+circumference%22+nigeria&hl=en&as_sdt=0,5&as_ylo=2017&as_yhi=2017&as_vis=1"
0,"EN Adejumo, OA Ogundahunsi…","Socio Demographic Determinants of Metabolic Syndrome and Its Components in South-West Nigeria",2017,"Journal of Advances …","journaljammr.com","http://journaljammr.com/index.php/JAMMR/article/view/11936","",51,"2021-07-17 21:08:35","","","","",,,,,0,0.00,0,3,4,"… Similar finding was obtained in studies from Ghana and Northern Nigeria [23,37,38] … Studies from Africa have shown that the cutoff for waist circumference used the conventional definitions of MetS is not appropriate [31,42,43] …","http://journaljammr.com/index.php/JAMMR/article/download/11936/21746","https://scholar.google.com/scholar?q=related:PkWDig8ev-AJ:scholar.google.com/&scioq=%22waist+circumference%22+nigeria&hl=en&as_sdt=0,5&as_ylo=2017&as_yhi=2017&as_vis=1"
1,"AY Asuku, LH Adamu, IA Tela, A Gudaji…","Relationships of Anthropometric Indices of Centripetal Adiposity With Essential Hypertension and Type-2 Diabetes Mellitus in Kano Metropolis",2017,"Nigerian Journal of Basic …","ajol.info","https://www.ajol.info/index.php/njbas/article/view/174394","https://scholar.google.com/scholar?cites=6025292164373782893&as_sdt=2005&sciodt=0,5&hl=en",52,"2021-07-17 21:08:35","","","","",,,,,1,0.25,0,5,4,"… Nigerian Journal of Basic and Applied Science (June, 2017), 25(1): 32-39 37 … Similarly, a cross sectional study conducted in Zaria, Northern Nigeria on the WC, BMI and its correlations with the blood pressure of a sample of women found that the waist circumference was a …","https://www.ajol.info/index.php/njbas/article/view/174394/163789","https://scholar.google.com/scholar?q=related:baFx1UwjnlMJ:scholar.google.com/&scioq=%22waist+circumference%22+nigeria&hl=en&as_sdt=0,5&as_ylo=2017&as_yhi=2017&as_vis=1"
0,"CN Nwankwo, CU Igwe, AA Emejulu, VA Onwuliri","Demographic and Anthropometric Indices of Male and Female Type 2 Diabetes Mellitus Patients in Anambra State, Nigeria",,"futojnls.org","","https://www.futojnls.org/download/data/files/1514458786demographic_and_anthropometric_indices_of_male_and_female_type_2_diabetes_mellitus_patients_in_anambra_state_nigeria.pdf","",53,"2021-07-17 21:08:35","PDF","","","",,,,,0,0.00,0,4,,"… anthropometric and clinical characteristics of Type 2 diabetes mellitus (T2DM) patients attending Chukwuemeka Odumegwu Ojukwu University Teaching Hospital Awka, Anambra State, Nigeria were studied between … 24.57 ± 4.16 kg/m²), waist circumference (1.02 ± 0.08 vs …","https://www.futojnls.org/download/data/files/1514458786demographic_and_anthropometric_indices_of_male_and_female_type_2_diabetes_mellitus_patients_in_anambra_state_nigeria.pdf","https://scholar.google.com/scholar?q=related:EsN8DhS2rwsJ:scholar.google.com/&scioq=%22waist+circumference%22+nigeria&hl=en&as_sdt=0,5&as_ylo=2017&as_yhi=2017&as_vis=1"
0,"EAS Bartimaeus, OD Horsfall, SU Ken-Ezihuo","… AND OESTROGEN LEVELS OF YOUNG ADULTS MALE SMOKERS OF MARIJUANA (CANNABIS SATIVUS) IN PORT HARCOURT, NIGERIA",2017,"","researchgate.net","https://www.researchgate.net/profile/Stella-Ken-Ezihuo/publication/335972774_ASSESSMENT_OF_TESTOSTERONE_AND_OESTROGEN_LEVELS_OF_YOUNG_ADULTS_MALE_SMOKERS_OF_MARIJUANA_CANNABIS_SATIVUS_IN_PORT_HARCOURT_NIGERIA/links/5d879d1592851ceb792f33ec/ASSESSMENT-OF-TESTOSTERONE-AND-OESTROGEN-LEVELS-OF-YOUNG-ADULTS-MALE-SMOKERS-OF-MARIJUANA-CANNABIS-SATIVUS-IN-PORT-HARCOURT-NIGERIA.pdf","",54,"2021-07-17 21:08:35","PDF","","","",,,,,0,0.00,0,3,4,"… Measurement of weight, height and waist circumference The height was measured (in metres) to the nearest 0.1 m with a calibrated meter rule placed horizontally against the wall … Nigeria … Adu EM, Popoola OA, Adikema NA. Serum testosterone level in Nigerian marijuana and …","https://www.researchgate.net/profile/Stella-Ken-Ezihuo/publication/335972774_ASSESSMENT_OF_TESTOSTERONE_AND_OESTROGEN_LEVELS_OF_YOUNG_ADULTS_MALE_SMOKERS_OF_MARIJUANA_CANNABIS_SATIVUS_IN_PORT_HARCOURT_NIGERIA/links/5d879d1592851ceb792f33ec/ASSESSMENT-OF-TESTOSTERONE-AND-OESTROGEN-LEVELS-OF-YOUNG-ADULTS-MALE-SMOKERS-OF-MARIJUANA-CANNABIS-SATIVUS-IN-PORT-HARCOURT-NIGERIA.pdf","https://scholar.google.com/scholar?q=related:PepcozOSijYJ:scholar.google.com/&scioq=%22waist+circumference%22+nigeria&hl=en&as_sdt=0,5&as_ylo=2017&as_yhi=2017&as_vis=1"
0,"SO Onagbiye, M Mulubwa, MEM Young","Body circumference parameters predict body mass index in children aged 2-5 years",2017,"","repository.uwc.ac.za","https://repository.uwc.ac.za/handle/10566/4001","",55,"2021-07-17 21:08:35","","","","",,,,,0,0.00,0,3,4,"… by approximately twenty percent, between the year 2002 and year 2010 in Nigeria … However, waist circumference has been most favourably used to measure abdominal obesity … combination of neck and hip circumference significantly predicts BMI among Nigerian children aged …","https://repository.uwc.ac.za/bitstream/handle/10566/4001/Onagbiye_Body-circumference_2017.pdf?sequence=1&isAllowed=y","https://scholar.google.com/scholar?q=related:7v7UB3J9mE4J:scholar.google.com/&scioq=%22waist+circumference%22+nigeria&hl=en&as_sdt=0,5&as_ylo=2017&as_yhi=2017&as_vis=1"
2,"A Oyeyemi, A Lawan, A Oyeyemi…","Patterns and predictors of physical activity among pregnant women in northeast Nigeria",2017,"African Journal for …","journals.co.za","https://journals.co.za/doi/pdf/10.10520/EJC-c24596999","https://scholar.google.com/scholar?cites=12190902011304810085&as_sdt=2005&sciodt=0,5&hl=en",56,"2021-07-17 21:08:35","","10.10520/EJC-c24596999","","",,,,,2,0.50,1,4,4,"… indicates that these variables (occupation, number of children, waist circumference, hip circumference … limits generalization of findings to other population of pregnant women in Nigeria … absence of psychometric evidence for the questionnaire among Nigerian pregnant women …","","https://scholar.google.com/scholar?q=related:ZRZrA8rILqkJ:scholar.google.com/&scioq=%22waist+circumference%22+nigeria&hl=en&as_sdt=0,5&as_ylo=2017&as_yhi=2017&as_vis=1"
0,"JC Aririguzo, DC Nnadi","Anthropomertric Dimensions of Farmers in Mbaise Nation of Imo State Nigeria",,"academia.edu","","https://www.academia.edu/download/53764316/C06071116.pdf","",57,"2021-07-17 21:08:35","PDF","","","",,,,,0,0.00,0,2,,"… work is to develop an anthropometric database for male and female agricultural workers in the rural areas of Mbaise nation of Nigeria for a … The measuring tape was used to measure waist breadth, waist circumference, foot length, and hand breadth across thump, hand height at …","https://www.academia.edu/download/53764316/C06071116.pdf","https://scholar.google.com/scholar?q=related:5MrQ3YVf6rYJ:scholar.google.com/&scioq=%22waist+circumference%22+nigeria&hl=en&as_sdt=0,5&as_ylo=2017&as_yhi=2017&as_vis=1"
0,"AA Aje, OF Adekoya","Health Screening among Pharmacists in a Teaching Hospital in South-Western Nigeria",2017,"Nigerian Journal of Pharmaceutical …","researchgate.net","https://www.researchgate.net/profile/Akinniyi-Aje/publication/336513204_Health_Screening_among_Pharmacists_in_a_Teaching_Hospital_in_South-Western_Nigeria/links/5da4588145851553ff8f610c/Health-Screening-among-Pharmacists-in-a-Teaching-Hospital-in-South-Western-Nigeria.pdf","",58,"2021-07-17 21:08:35","PDF","","","",,,,,0,0.00,0,2,4,"… Kg) 47 - 125 75.9 ± 14.4 Height (m) 1.5 – 1.84 1.66 ± 0.9 Waist circumference (cm) 61 … DY, Anite, J. and Ekhumelo, E. (2013); Training needs analysis for pharmacists in Nigeria … AO (2008) Risk of developing diabetes among healthcare workers in a Nigerian tertiary hospital …","https://www.researchgate.net/profile/Akinniyi-Aje/publication/336513204_Health_Screening_among_Pharmacists_in_a_Teaching_Hospital_in_South-Western_Nigeria/links/5da4588145851553ff8f610c/Health-Screening-among-Pharmacists-in-a-Teaching-Hospital-in-South-Western-Nigeria.pdf","https://scholar.google.com/scholar?q=related:XPGkTUafWrQJ:scholar.google.com/&scioq=%22waist+circumference%22+nigeria&hl=en&as_sdt=0,5&as_ylo=2017&as_yhi=2017&as_vis=1"
0,"EI Okaka, BO Eiya, AB Olokor, IO Iyawe…","Chronic kidney disease risk factors in workers of an agricultural research institute in Southern Nigeria",2017,"African Journal of …","ajmhs.org","http://www.ajmhs.org/article.asp?issn=2384-5589;year=2017;volume=16;issue=1;spage=30;epage=35;aulast=Okaka","",59,"2021-07-17 21:08:35","HTML","","","",,,,,0,0.00,0,5,4,"… [4] CKD sufferers in Nigeria are mostly … Permission was requested from and granted by the management of the Nigerian Institute for Oil Palm Research, Benin … Waist–hip ratio (WHR) was determined using the waist circumference (measured at the midpoint between the lowest rib …","http://www.ajmhs.org/article.asp?issn=2384-5589;year=2017;volume=16;issue=1;spage=30;epage=35;aulast=Okaka","https://scholar.google.com/scholar?q=related:zpYT-1LX8ikJ:scholar.google.com/&scioq=%22waist+circumference%22+nigeria&hl=en&as_sdt=0,5&as_ylo=2017&as_yhi=2017&as_vis=1"
0,"MJ Olisekodiaka","… Measurements, Lipids and Lipoproteins Levels and Total Antioxidant Status of Pre and Postmenopausal School Teachers in Osogbo, South-West Nigeria",,"scholarsmepub.com","","http://scholarsmepub.com/wp-content/uploads/2017/06/SJMPS-35428-432.pdf","",60,"2021-07-17 21:08:35","PDF","","","",,,,,0,0.00,0,1,,"… The body mass index, waist circumference and blood pressure of postmenopausal women in Zaria, Northern Nigeria … The effects of menopause on the serum lipid profile of normal females of South East Nigeria. Nigerian journal of physiological sciences, 20(1), 48-53. 29 …","http://scholarsmepub.com/wp-content/uploads/2017/06/SJMPS-35428-432.pdf","https://scholar.google.com/scholar?q=related:qvT2fCXMCCUJ:scholar.google.com/&scioq=%22waist+circumference%22+nigeria&hl=en&as_sdt=0,5&as_ylo=2017&as_yhi=2017&as_vis=1"
7,"C Yang, L Wang","Comparisons of waist circumference measurements at five different anatomical sites in Chinese children",2017,"BioMed Research International","hindawi.com","https://www.hindawi.com/journals/bmri/2017/7678613/","https://scholar.google.com/scholar?cites=10708045413994732152&as_sdt=2005&sciodt=0,5&hl=en",61,"2021-07-17 21:08:35","HTML","","","",,,,,7,1.75,4,2,4,"Page 1. Research Article Comparisons of Waist Circumference Measurements at … This study compared the waist circumference (WC) measurements of Chinese children at different sites to determine the relationship between WC measurements and body fat …","https://www.hindawi.com/journals/bmri/2017/7678613/","https://scholar.google.com/scholar?q=related:eBroA5KempQJ:scholar.google.com/&scioq=%22waist+circumference%22+nigeria&hl=en&as_sdt=0,5&as_ylo=2017&as_yhi=2017&as_vis=1"
0,"CC Onoh, IL Nwaogazie","Obesity Classification Based On Agglomerative Hierarchical Clustering",,"academiascholarlyjournal.org","","https://www.academiascholarlyjournal.org/ijamsb/publications/jun17/Onoh_and_Nwaogazie.pdf","",62,"2021-07-17 21:08:35","PDF","","","",,,,,0,0.00,0,2,,"… Onoh CC and Nwaogazie IL (2016). Workplace assessment of hypertension: Prevention and awareness in a food processing industry in Owerri, Nigeria. Int. J. Trop … The prevalence of obesity as indicated by BMI and waist circumference among Nigerian adult attending …","https://www.academiascholarlyjournal.org/ijamsb/publications/jun17/Onoh_and_Nwaogazie.pdf","https://scholar.google.com/scholar?q=related:yLHT2HY4MHQJ:scholar.google.com/&scioq=%22waist+circumference%22+nigeria&hl=en&as_sdt=0,5&as_ylo=2017&as_yhi=2017&as_vis=1"
1,"BA Adegbenga, A Abiola, I Arinipade…","Pattern of Underweight and Overweight in Lagos Southwest Nigeria",2017,"J Appl Biotechnol …","researchgate.net","https://www.researchgate.net/profile/Adegbenga-Ademolu/publication/321999600_Pattern_of_Underweight_and_Overweight_in_Lagos_Southwest_Nigeria/links/5a91d37faca2721405642ff3/Pattern-of-Underweight-and-Overweight-in-Lagos-Southwest-Nigeria.pdf","https://scholar.google.com/scholar?cites=11317139454686622469&as_sdt=2005&sciodt=0,5&hl=en",63,"2021-07-17 21:08:35","PDF","","","",,,,,1,0.25,0,4,4,"… The prevalence of central obesity in male and female using same waist circumference is 1.92% and 21.15% [42] … Both conditions are commoner in the female gender in Lagos southwest Nigeria … A Nigerian National Health and Nutrition Examination Survey are needed …","https://www.researchgate.net/profile/Adegbenga-Ademolu/publication/321999600_Pattern_of_Underweight_and_Overweight_in_Lagos_Southwest_Nigeria/links/5a91d37faca2721405642ff3/Pattern-of-Underweight-and-Overweight-in-Lagos-Southwest-Nigeria.pdf","https://scholar.google.com/scholar?q=related:BXMnjl-ODp0J:scholar.google.com/&scioq=%22waist+circumference%22+nigeria&hl=en&as_sdt=0,5&as_ylo=2017&as_yhi=2017&as_vis=1"
0,"OC Oguejiofor, CH Onwukwe, CM Ezeude…","Objective Peripheral Neuropathy and its Predictors in Type 2 Diabetic Subjects with Symptoms of Peripheral Neuropathy in Nnewi, South-Eastern Nigeria",,"ijrsmhs.com","","http://www.ijrsmhs.com/pdf/v2-i12/3.pdf","",64,"2021-07-17 21:08:35","PDF","","","",,,,,0,0.00,0,4,,"… DM, Diabetes Mellitus; OR, Odd Ratio; TG, Triglyceride; WC, Waist Circumference; WHR, Waist-to … arterial disease in persons with diabetes mellitus in a Nigerian University Teaching … 2 Diabetic Subjects with Symptoms of Peripheral Neuropathy in Nnewi, South-Eastern Nigeria …","http://www.ijrsmhs.com/pdf/v2-i12/3.pdf","https://scholar.google.com/scholar?q=related:07lEQUgdssEJ:scholar.google.com/&scioq=%22waist+circumference%22+nigeria&hl=en&as_sdt=0,5&as_ylo=2017&as_yhi=2017&as_vis=1"
4,"TH Raimi, IO Oluwayemi","Anthropometric correlates and prediction of body fat measured by bioelectric impedance analysis among women",2017,"Annals of Medical and Health Sciences …","amhsr.org","https://www.amhsr.org/articles/anthropometric-correlates-and-prediction-of-body-fat-measured-by-bioelectric-impedance-analysis-among-women-3816.html","https://scholar.google.com/scholar?cites=7171275733472512745&as_sdt=2005&sciodt=0,5&hl=en",65,"2021-07-17 21:08:35","HTML","","","",,,,,4,1.00,2,2,4,"… of cardiometabolic risk factore among a rural Yoruba south-western Nigerian population: A … High prevalence of central obesity in rural South-Western Nigeria: Need for targeted … index that better predict metabolic syndrome: body mass index, waist circumference, waist hip ratio …","https://www.amhsr.org/articles/anthropometric-correlates-and-prediction-of-body-fat-measured-by-bioelectric-impedance-analysis-among-women-3816.html","https://scholar.google.com/scholar?q=related:6QoC2Eh9hWMJ:scholar.google.com/&scioq=%22waist+circumference%22+nigeria&hl=en&as_sdt=0,5&as_ylo=2017&as_yhi=2017&as_vis=1"
0,"R Rai","A Study on Correlation of Anthropometric me",2017,"","researchgate.net","https://www.researchgate.net/profile/Richa-Rai-5/publication/334389420_A_Study_on_Correlation_of_Anthropometric_measures_and_HbA1c_in_asymptomatic_young_adults/links/5e52badd92851c7f7f55093c/A-Study-on-Correlation-of-Anthropometric-measures-and-HbA1c-in-asymptomatic-young-adults.pdf","",66,"2021-07-17 21:08:35","PDF","","","",,,,,0,0.00,0,1,4,"… al. also studied the correlation between body mass index waist circumference in nigerian adults and implied indicators of health status[2]. Glycated haemoglobin (HbA1c) is a routinely used ma for long-term glycemic control …","https://www.researchgate.net/profile/Richa-Rai-5/publication/334389420_A_Study_on_Correlation_of_Anthropometric_measures_and_HbA1c_in_asymptomatic_young_adults/links/5e52badd92851c7f7f55093c/A-Study-on-Correlation-of-Anthropometric-measures-and-HbA1c-in-asymptomatic-young-adults.pdf","https://scholar.google.com/scholar?q=related:dZfdXbOAsaIJ:scholar.google.com/&scioq=%22waist+circumference%22+nigeria&hl=en&as_sdt=0,5&as_ylo=2017&as_yhi=2017&as_vis=1"
0,"O Iheji, MR Akpa","Short Term Rehospitalisation or Death and Determinants after Acute Heart Failure Admission in a Cohort of African Patients in Port Harcourt, Southern Nigeria",2017,"Journal of Advances in Medicine and Medical …","journaljammr.com","http://journaljammr.com/index.php/JAMMR/article/view/12473","",67,"2021-07-17 21:08:35","","","","",,,,,0,0.00,0,2,4,"… Waist-hip ratio was calculated by dividing the waist circumference by the hip circumference [19] … Pattern of non-communicable diseases among medical admissions in Port Harcourt, Nigeria. Niger Med Pract … Pattern of heart failure in a Nigerian teaching hospital …","https://journaljammr.com/index.php/JAMMR/article/download/12473/22813","https://scholar.google.com/scholar?q=related:VpCCN4D99x4J:scholar.google.com/&scioq=%22waist+circumference%22+nigeria&hl=en&as_sdt=0,5&as_ylo=2017&as_yhi=2017&as_vis=1"
0,"GC Onyemelukwe, O Ogunfowokan, A Mbakwem…","Cardiovascular risk factors in adult general outpatient clinics in Nigeria: the Africa and Middle East cardiovascular epidemiological study.",,"africanhealthsciences.org","","http://africanhealthsciences.org/wp-content/uploads/2017/09/Cardiovascular-risk-factors-in-adult-general-outpatient-clinics-in-Nigeria.pdf","",68,"2021-07-17 21:08:35","PDF","","","",,,,,0,0.00,0,4,,"… and median BMI was 25.9 kg/m2 (Table 1). The preva- lence of obesity when defined by waist circumference (ie, abdominal … Ischaemic heart disease in Aminu Kano Teaching Hospital, Kano, Nigeria: a 5 year review … Stroke in a subsaharan Nigerian hospital--a retrospective study …","http://africanhealthsciences.org/wp-content/uploads/2017/09/Cardiovascular-risk-factors-in-adult-general-outpatient-clinics-in-Nigeria.pdf","https://scholar.google.com/scholar?q=related:f2FbbPHH7NkJ:scholar.google.com/&scioq=%22waist+circumference%22+nigeria&hl=en&as_sdt=0,5&as_ylo=2017&as_yhi=2017&as_vis=1"
19,"BF Oyeyemi, CA Ologunde, AB Olaoye…","FTO gene associates and interacts with obesity risk, physical activity, energy intake, and time spent sitting: pilot study in a Nigerian population",2017,"Journal of …","hindawi.com","https://www.hindawi.com/journals/jobe/2017/3245270/","https://scholar.google.com/scholar?cites=6028593947865202558&as_sdt=2005&sciodt=0,5&hl=en",69,"2021-07-17 21:08:35","HTML","","","",,,,,19,4.75,5,4,4,"… kg, 0.54 kg/m 2 , and 1.07 cm more weight, BMI, and waist circumference (WC), respectively … But this is slowly being understood in Nigerian context due to limited reports … and restriction fragment length polymorphism (RFLP) to unravel FTO polymorphism in Nigeria population …","https://www.hindawi.com/journals/jobe/2017/3245270/","https://scholar.google.com/scholar?q=related:fj-TNUHeqVMJ:scholar.google.com/&scioq=%22waist+circumference%22+nigeria&hl=en&as_sdt=0,5&as_ylo=2017&as_yhi=2017&as_vis=1"
20,"OO Sholeye, VJ Animasahun…","Anemia in pregnancy and its associated factors among primary care clients in Sagamu, Southwest, Nigeria: A facility-based study",2017,"Journal of family …","ncbi.nlm.nih.gov","https://www.ncbi.nlm.nih.gov/pmc/articles/PMC5749080/","https://scholar.google.com/scholar?cites=5271808447254899091&as_sdt=2005&sciodt=0,5&hl=en",70,"2021-07-17 21:08:35","HTML","","","",,,,,20,5.00,7,3,4,"… Hemamalini J. Anemia in relation to body mass index and waist circumference among Andhra … among pregnant women in rural and urban areas of Ogun State, Southwest Nigeria … predisposing factors to protein energy malnutrition among pregnant women in Nigerian community …","https://www.ncbi.nlm.nih.gov/pmc/articles/PMC5749080/","https://scholar.google.com/scholar?q=related:kymI_tk5KUkJ:scholar.google.com/&scioq=%22waist+circumference%22+nigeria&hl=en&as_sdt=0,5&as_ylo=2017&as_yhi=2017&as_vis=1"
2,"AE Anyasodor, EU Nwose, PT Bwititi, E Aganbi…","Prevalence of hyperglycemia and risk factors for orodental disease in Nigeria: Implications of opportunistic screening",2017,"Indian Journal of Dental …","ijdr.in","https://www.ijdr.in/article.asp?issn=0970-9290;year=2017;volume=28;issue=5;spage=507;epage=513;aulast=Anyasodor","https://scholar.google.com/scholar?cites=15263637613803515616&as_sdt=2005&sciodt=0,5&hl=en",71,"2021-07-17 21:08:35","HTML","","","",,,,,2,0.50,0,5,4,"… 5. Fasanmade OA, Dagogo-Jack S. Diabetes care in Nigeria. Ann Glob Health 2015;81:821-9. Back to cited text no … 14. Ogbebor OG, Azodo CC. Reasons for seeking dental healthcare services in a Nigerian Missionary Hospital … WHO. Waist Circumference and Waist-hip Ratio …","https://www.ijdr.in/article.asp?issn=0970-9290;year=2017;volume=28;issue=5;spage=507;epage=513;aulast=Anyasodor","https://scholar.google.com/scholar?q=related:4K4MH4pV09MJ:scholar.google.com/&scioq=%22waist+circumference%22+nigeria&hl=en&as_sdt=0,5&as_ylo=2017&as_yhi=2017&as_vis=1"
7,"FY Muhammad, ID Gezawa, A Uloko…","Metabolic syndrome among HIV infected patients: a comparative cross sectional study in northwestern Nigeria",2017,"Diabetes & Metabolic …","Elsevier","https://www.sciencedirect.com/science/article/pii/S1871402117300632","https://scholar.google.com/scholar?cites=15638260107420026399&as_sdt=2005&sciodt=0,5&hl=en",72,"2021-07-17 21:08:35","","","","",,,,,7,1.75,2,4,4,"… the metabolic syndrome and insulin resistance among HAART-treated HIV infected patients in a major HIV treatment center in Northwestern Nigeria … was calculated by dividing the weight (kg) by the square of the height in metres-squared (m 2 ). Waist circumference (WC) was …","","https://scholar.google.com/scholar?q=related:H8bub7ZCBtkJ:scholar.google.com/&scioq=%22waist+circumference%22+nigeria&hl=en&as_sdt=0,5&as_ylo=2017&as_yhi=2017&as_vis=1"
7,"GC Onyemelukwe, O Ogunfowokan, A Mbakwem…","Cardiovascular risk factors in adult general out-patient clinics in Nigeria: a country analysis of the Africa and Middle East Cardiovascular Epidemiological (ACE) study.",2017,"African health …","ajol.info","https://www.ajol.info/index.php/ahs/article/view/164367","https://scholar.google.com/scholar?cites=13835693530190768665&as_sdt=2005&sciodt=0,5&hl=en",73,"2021-07-17 21:08:35","","","","",,,,,7,1.75,2,4,4,"… Obesity: prevalence Median (25th, 75th percentile) waist circumference was … Ischaemic heart disease in Aminu Kano Teaching Hospital, Kano, Nigeria: a 5 year review. Niger J Med 2006; 15 (2): 128-131 16 … Stroke in a sub-saharan Nigerian hospi- tal--a retrospective study …","https://www.ajol.info/index.php/ahs/article/view/164367/153882","https://scholar.google.com/scholar?q=related:GeowCPZBAsAJ:scholar.google.com/&scioq=%22waist+circumference%22+nigeria&hl=en&as_sdt=0,5&as_ylo=2017&as_yhi=2017&as_vis=1"
0,"GO Otinwa, ER Okeowo","Effect of Six Weeks Flexion Exercise Programme on the Health Related Fitness Components of Selected Older Adults in Nigeria.",2017,"ICHPER-SD Journal of Research","ERIC","https://eric.ed.gov/?id=EJ1197074","",74,"2021-07-17 21:08:35","","","","",,,,,0,0.00,0,2,4,"… Older Adults in Nigeria … and Diastolic Blood Pressure (Using Omron's M6 AC HEM- 7322E Blood Pressure Monitor), Weight (Using a Camry weigh Scale), Waist and Hip circumference (Using a tailor's measuring Tape), Waist Hip Ratio (Waist Circumference/Hip Circumference …","https://files.eric.ed.gov/fulltext/EJ1197074.pdf","https://scholar.google.com/scholar?q=related:dSCS_DeXTIwJ:scholar.google.com/&scioq=%22waist+circumference%22+nigeria&hl=en&as_sdt=0,5&as_ylo=2017&as_yhi=2017&as_vis=1"
7,"OI Ajayi, DB Akinbo, AMJ Okafor","Correlation between body mass index and hematological indices in young adult Nigerians with different hemoglobin genotypes",2017,"American Journal of …","eprints.abuad.edu.ng","http://eprints.abuad.edu.ng/402/","https://scholar.google.com/scholar?cites=11066233091234666786&as_sdt=2005&sciodt=0,5&hl=en",75,"2021-07-17 21:08:35","","","","",,,,,7,1.75,2,3,4,"… Our study revealed a significant decrease in the BMI and waist circumference of the HbSS … AD; Arinola, OG Serum Iron Status and Haematological Profiles in Adult Nigerian Sickle Cell … group pattern of some students of Imo State University, Owerri, Nigeria, International Journal …","http://eprints.abuad.edu.ng/402/1/AJBMS_2017_1_05.pdf","https://scholar.google.com/scholar?q=related:Ihm3dF0ok5kJ:scholar.google.com/&scioq=%22waist+circumference%22+nigeria&hl=en&as_sdt=0,5&as_ylo=2017&as_yhi=2017&as_vis=1"
6,"OS Olawale, M Mwila, YME Marie, TA Lamina","Relationship between Cardiorespiratory Fitness and Anthropometric Variables among school-going adolescents in Nigeria",2017,"The Anthropologist","Taylor & Francis","https://www.tandfonline.com/doi/abs/10.1080/09720073.2017.1351514","https://scholar.google.com/scholar?cites=15795906182540049406&as_sdt=2005&sciodt=0,5&hl=en",76,"2021-07-17 21:08:35","","10.1080/09720073.2017.1351514","","",,,,,6,1.50,2,4,4,"… previous findings which indicated statistically significant correla- tions between BMI, waist circumference, and VO2max … Future studies on Nigerian children should cross-validate the pre- diction equation … and Health Education, Obafemi Awolowo Universi- ty, Ile-Ife, Nigeria in the …","https://repository.uwc.ac.za/bitstream/handle/10566/3994/Olawale_Relationship-between_2017.pdf?sequence=1&isAllowed=y","https://scholar.google.com/scholar?q=related:_juyk_tUNtsJ:scholar.google.com/&scioq=%22waist+circumference%22+nigeria&hl=en&as_sdt=0,5&as_ylo=2017&as_yhi=2017&as_vis=1"
0,"OF Badamasi, OO Onabanjo, WAO Afolabi…","Nutritional status and the risk of obesity among market women in Offa Local Government Area, Kwara State",2017,"Nigerian Journal of …","ajol.info","https://www.ajol.info/index.php/njns/article/view/166576","",77,"2021-07-17 21:08:35","","","","",,,,,0,0.00,0,4,4,"… Anthropometric measurements [(Weight, Height, Waist circumference (WC), Hip circumference (HC)] were conducted using standard procedures. Nutrients intake was estimated using 24-hr dietary recall … Copyright owner is the Nutrition Society of Nigeria …","",""
0,"MF Khan, MF Pathan","ENERGY INTAKE AND EXPENDITURE IN TYPE 2 DIABETIC SUBJECTS ATTENDING A TERTIARY CARE HOSPITAL IN BANGLADESH",2017,"Endocrine Practice","search.proquest.com","https://search.proquest.com/openview/9a1494f6c14b44889e351b0c76e5029b/1?pq-origsite=gscholar&cbl=1896353","",78,"2021-07-17 21:08:35","","","","",,,,,0,0.00,0,2,4,"… Fasting blood glucose, waist circumference and habitat are predictors of obesity … TYPE 1 DIABETES IN A NIGERIAN FAMILY- A CASE REPORT OF OCCURRENCE IN THREE OUT … Hospital & Ladoke Akintola University of Technology, Ogbomoso, Oyo State, Nigeria., 2. General …","",""
0,"ABA Med","Reproductive Endocrinopathies in Nigerian Males with Zero and Three or More Metabolic Syndrome Components",2017,"Archives of Basic and Applied Medicine","publication.babcock.edu.ng","https://publication.babcock.edu.ng/asset/docs/publications/SOSW/9701/3288.pdf","",79,"2021-07-17 21:08:35","PDF","","","",,,,,0,0.00,0,1,4,"… Endocrinopathies are prevalent in Nigerian men irrespective of their metabolic status or age … The increasing trend of obesity in Nigeria has been associated with changes in lifestyle … hypogonadism in men with MS and these men had an increased waist circumference (WC) and …","https://publication.babcock.edu.ng/asset/docs/publications/SOSW/9701/3288.pdf","https://scholar.google.com/scholar?q=related:-g6vH6Deu_gJ:scholar.google.com/&scioq=%22waist+circumference%22+nigeria&hl=en&as_sdt=0,5&as_ylo=2017&as_yhi=2017&as_vis=1"
22,"OA Ala, AA Akintunde, RT Ikem, BA Kolawole…","Association between insulin resistance and total plasma homocysteine levels in type 2 diabetes mellitus patients in south west Nigeria",2017,"Diabetes & Metabolic …","Elsevier","https://www.sciencedirect.com/science/article/pii/S1871402117301649","https://scholar.google.com/scholar?cites=9816964085936722948&as_sdt=2005&sciodt=0,5&hl=en",80,"2021-07-17 21:08:35","","","","",,,,,22,5.50,4,5,4,"… to determine the role of insulin resistance on serum tHcy in Nigerians with T2DM … of Obafemi Awolowo University Teaching Hospital complex, Ile-Ife, Osun State, Nigeria and 100 … The waist circumference was measured at the midpoint of the point between the anterior superior …","","https://scholar.google.com/scholar?q=related:BJQG29LcPIgJ:scholar.google.com/&scioq=%22waist+circumference%22+nigeria&hl=en&as_sdt=0,5&as_ylo=2017&as_yhi=2017&as_vis=1"
6,"AA Akinbodewa, AO Adejumo, OV Koledoye…","Community screening for pre-hypertension, traditional risk factors and markers of chronic kidney disease in Ondo State, South-Western Nigeria",2017,"Nigerian Postgraduate …","npmj.org","https://www.npmj.org/article.asp?issn=1117-1936;year=2017;volume=24;issue=1;spage=25;epage=30;aulast=Akinbodewa","https://scholar.google.com/scholar?cites=10236696729820134206&as_sdt=2005&sciodt=0,5&hl=en",81,"2021-07-17 21:08:35","HTML","","","",,,,,6,1.50,2,4,4,"… The waist circumference was above cut-off (80 cm) in 68% of the females … Blood pressure, prevalence of hypertension and hypertension related complications in Nigerian Africans: A review … Prevalence of hypertension among urban slum dwellers in Lagos, Nigeria …","https://www.npmj.org/article.asp?issn=1117-1936;year=2017;volume=24;issue=1;spage=25;epage=30;aulast=Akinbodewa","https://scholar.google.com/scholar?q=related:PvtUfnANEI4J:scholar.google.com/&scioq=%22waist+circumference%22+nigeria&hl=en&as_sdt=0,5&as_ylo=2017&as_yhi=2017&as_vis=1"
16,"R Ramírez-Vélez, J Moreno-Jiménez…","Using LMS tables to determine waist circumference and waist-to-height ratios in Colombian children and adolescents: the FUPRECOL study",2017,"BMC …","bmcpediatr.biomedcentral.com","https://bmcpediatr.biomedcentral.com/articles/10.1186/s12887-017-0919-4","https://scholar.google.com/scholar?cites=8176809544030710348&as_sdt=2005&sciodt=0,5&hl=en",82,"2021-07-17 21:08:35","HTML","10.1186/s12887-017-0919-4","","",,,,,16,4.00,5,3,4,"Waist circumference (WC) and waist-to-height ratio (WHtR) are often used as indices predictive of central obesity. The aims of this study were: 1) to obtain smoothed centile charts and LMS tables for WC and WHtR among Colombian children and adolescents; 2) to evaluate the utility …","https://bmcpediatr.biomedcentral.com/articles/10.1186/s12887-017-0919-4","https://scholar.google.com/scholar?q=related:TGr5K_XceXEJ:scholar.google.com/&scioq=%22waist+circumference%22+nigeria&hl=en&as_sdt=0,5&as_ylo=2017&as_yhi=2017&as_vis=1"
4,"OE Essien, IE Bassey, RM Gali, AE Udoh…","Cardiovascular disease risk factors: How relevant in African men with prostate cancer receiving androgen-deprivation therapy?",2017,"Journal of global …","ascopubs.org","https://ascopubs.org/doi/abs/10.1200/JGO.2015.002790","https://scholar.google.com/scholar?cites=8876354548025503233&as_sdt=2005&sciodt=0,5&hl=en",83,"2021-07-17 21:08:35","","10.1200/JGO.2015.002790","","",,,,,4,1.00,1,5,4,"… Records from most parts of Nigeria show it to be the third most common cancer … One hundred fifty-three patients of Nigerian origin with confirmed CaP attending the Surgical … Waist circumference in centimeters was calculated by taking the average of two measurements, one after …","https://ascopubs.org/doi/pdfdirect/10.1200/JGO.2015.002790","https://scholar.google.com/scholar?q=related:Aa57t24lL3sJ:scholar.google.com/&scioq=%22waist+circumference%22+nigeria&hl=en&as_sdt=0,5&as_ylo=2017&as_yhi=2017&as_vis=1"
5,"IC Chikezie, MA Charles-Davies, AM Balogun…","Effects of endocrine disrupting heavy metals on pituitary and gonadal hormones in normal weight automechanics in Ibadan, Nigeria",2017,"African Journal of …","ajol.info","https://www.ajol.info/index.php/ajbr/article/view/155641","https://scholar.google.com/scholar?cites=18221149936442191728&as_sdt=2005&sciodt=0,5&hl=en",84,"2021-07-17 21:08:35","","","","",,,,,5,1.25,1,4,4,"… In Nigeria, auto-mechanics are found in places called mechanic village where they carry out repair and servicing of motor vehicles … for MS was used to include only males with zero component of MS (blood pressure < 130/85mmHg, waist circumference < 94cm, triglyceride …","https://www.ajol.info/index.php/ajbr/article/download/155641/145270","https://scholar.google.com/scholar?q=related:cK_E0FOH3vwJ:scholar.google.com/&scioq=%22waist+circumference%22+nigeria&hl=en&as_sdt=0,5&as_ylo=2017&as_yhi=2017&as_vis=1"
2,"OB Olopade, IA Odeniyi, SO Iwuala, OO Kayode…","Comparison of glycaemic indices of some local beans (Vigna unguiculata [Linn] Walp varieties) in Nigerians",2017,"… and Diabetes of South …","ajol.info","https://www.ajol.info/index.php/jemdsa/article/view/163926","https://scholar.google.com/scholar?cites=2612033748472928292&as_sdt=2005&sciodt=0,5&hl=en",85,"2021-07-17 21:08:35","","","","",,,,,2,0.50,0,5,4,"… blood pressure; FPG = fasting plasma glucose; BMI = body mass index; WC = waist circumference; WHR = waist circumference to hip … Oboh H, Osagie A, Omotosho A. Glycaemic response of some boiled legumes commonly eaten in Nigeria … Which Nigerian food for the diabetic …","https://www.ajol.info/index.php/jemdsa/article/view/163926/153392","https://scholar.google.com/scholar?q=related:JJgP59rOPyQJ:scholar.google.com/&scioq=%22waist+circumference%22+nigeria&hl=en&as_sdt=0,5&as_ylo=2017&as_yhi=2017&as_vis=1"
1,"RK Steele-Dadzie, DY Larvie…","Comparison of lunch consumed by corporate workers and artisans in a metropolitan area in Accra, Ghana",2017,"Nigerian Journal of …","ajol.info","https://www.ajol.info/index.php/njns/article/view/166573","https://scholar.google.com/scholar?cites=4406154242992886235&as_sdt=2005&sciodt=0,5&hl=en",86,"2021-07-17 21:08:35","","","","",,,,,1,0.25,0,3,4,"… weekly. Corporate workers were significantly more obese; BMI (p = 0.01), waist circumference (p < 0.01) and visceral fat (p < 0.01) compared to artisans. Conclusion … published. Copyright owner is the Nutrition Society of Nigeria. An …","","https://scholar.google.com/scholar?q=related:29Erb_DNJT0J:scholar.google.com/&scioq=%22waist+circumference%22+nigeria&hl=en&as_sdt=0,5&as_ylo=2017&as_yhi=2017&as_vis=1"
11,"C Patil, J Deshmukh, S Yadav, S Patil…","Neck circumference: A novel anthropometric tool for screening obesity in adults",2017,"International Journal of …","iomcworld.org","https://www.iomcworld.org/abstract/neck-circumference-a-novel-anthropometric-tool-forscreening-obesity-in-adults-18943.html","https://scholar.google.com/scholar?cites=16308757293319950998&as_sdt=2005&sciodt=0,5&hl=en",87,"2021-07-17 21:08:35","","","","",,,,,11,2.75,2,5,4,"… 0.49 in males and r=0.32 in females). 28 A study conducted by Adamu et al in Nigeria showed very weak correlations between neck circumference and body mass index and neck circumference and waist circumference. 29 …","https://www.iomcworld.org/articles/neck-circumference-a-novel-anthropometric-tool-forscreening-obesity-in-adults.pdf","https://scholar.google.com/scholar?q=related:lpJlzFlYVOIJ:scholar.google.com/&scioq=%22waist+circumference%22+nigeria&hl=en&as_sdt=0,5&as_ylo=2017&as_yhi=2017&as_vis=1"
0,"SJ Bathna, JA Dunga, NH Alkali, D Alasiya…","Waist-hip ratio, body mass index, physical activity and the risk of diabetes mellitus in Gombe State, Northeast Nigeria",2017,"Journal of Medicine …","researchgate.net","https://www.researchgate.net/profile/Nura-Alkali/publication/318150959_Waist-hip_ratio_body_mass_index_physical_activity_and_the_risk_of_diabetes_mellitus_in_Gombe_State_Northeast_Nigeria/links/59624d9d0f7e9b81947753c4/Waist-hip-ratio-body-mass-index-physical-activity-and-the-risk-of-diabetes-mellitus-in-Gombe-State-Northeast-Nigeria.pdf","",88,"2021-07-17 21:08:35","PDF","","","",,,,,0,0.00,0,5,4,"… Waist circumference (WC) … to be 3.9% (M 5.7% and F 2.8% ) this findings is higher than the rates previously reported from other population surveys in Nigeria. Strict comparisons of the prevalence rates of DM from this study with those of the Nigerian studies are rather difficult to …","https://www.researchgate.net/profile/Nura-Alkali/publication/318150959_Waist-hip_ratio_body_mass_index_physical_activity_and_the_risk_of_diabetes_mellitus_in_Gombe_State_Northeast_Nigeria/links/59624d9d0f7e9b81947753c4/Waist-hip-ratio-body-mass-index-physical-activity-and-the-risk-of-diabetes-mellitus-in-Gombe-State-Northeast-Nigeria.pdf","https://scholar.google.com/scholar?q=related:PMtiBDhLMlUJ:scholar.google.com/&scioq=%22waist+circumference%22+nigeria&hl=en&as_sdt=0,5&as_ylo=2017&as_yhi=2017&as_vis=1"
0,"CS Yilgwan, G Yilgwan, OO Ige, E Yiltok, II Abok…","Relationship of anthropometric measures of fatness to serum lipid concentration in school children: A cross sectional study",,"scholar.archive.org","","https://scholar.archive.org/work/moquxesctjhl5com4qgobef42u/access/wayback/http://www.gjmedph.com/uploads/O8-Vo6No4.pdf","",89,"2021-07-17 21:08:35","PDF","","","",,,,,0,0.00,0,6,,"… BMI=body mass index, MUAC= mid upper arm circumference, WC= waist circumference, WHtR= waist … reported among Nigerian,15 Brazillia23 and Sudanese Children.24 Though the overall prevalence … higher than the 0-5% prevalence previously reported in Nigeria, it however …","https://scholar.archive.org/work/moquxesctjhl5com4qgobef42u/access/wayback/http://www.gjmedph.com/uploads/O8-Vo6No4.pdf","https://scholar.google.com/scholar?q=related:VB-YhiV1554J:scholar.google.com/&scioq=%22waist+circumference%22+nigeria&hl=en&as_sdt=0,5&as_ylo=2017&as_yhi=2017&as_vis=1"
0,"IJ Onuora, ISI Ogbu, OA Onyegbule, CM Njoku…","Assessment of cardiovascular risk factors in obese individual in Awka, Anambra state, Nigeria",2017,"Nigerian Journal of …","ajol.info","https://www.ajol.info/index.php/njm/article/view/168458","",90,"2021-07-17 21:08:35","","","","",,,,,0,0.00,0,5,4,"… Ethical clearance was obtained from Ministry of Health, Anambra State Nigeria … Nigerian Journal of Medicine, Vol. 26 No … Considering the significant association between clustering of CVD risk factors and BMI or waist circumference, the study suggests that high prevalence of …","https://www.ajol.info/index.php/njm/article/download/168458/157932","https://scholar.google.com/scholar?q=related:8dKyl-kzWE8J:scholar.google.com/&scioq=%22waist+circumference%22+nigeria&hl=en&as_sdt=0,5&as_ylo=2017&as_yhi=2017&as_vis=1"
0,"OA Ajayi","Endocrine Disruptors-Arsenic, cadmium and lead in pre and postmenopausal black women with breast cancer.",2017,"African Journal of Medicine and Medical Sciences","ojshostng.com","http://ojshostng.com/index.php/ajmms/article/view/543","",91,"2021-07-17 21:08:35","HTML","","","",,,,,0,0.00,0,1,4,"… and lead in relation to adiposity and blood pressure in Nigerian women with … Waist circumference (WC), hip circumference (HC), weight, height, waist hip ratio (WHR), waist height … Department of Chemical Pathology, College of Medicine, University of Ibadan, Ibadan, Nigeria …","http://ojshostng.com/index.php/ajmms/article/view/543","https://scholar.google.com/scholar?q=related:wjHM9LOHTdMJ:scholar.google.com/&scioq=%22waist+circumference%22+nigeria&hl=en&as_sdt=0,5&as_ylo=2017&as_yhi=2017&as_vis=1"
4,"JOT Ngoufack, OP Mbouemboue, I Sakinatou…","Association between blood Pressure, waist circumference, cholesterolaemia and triglyceridaemia in a population of Cameroonian adults",2017,"Research Journal of …","ajol.info","https://www.ajol.info/index.php/rejhs/article/view/154199","https://scholar.google.com/scholar?cites=14937826805462991063&as_sdt=2005&sciodt=0,5&hl=en",92,"2021-07-17 21:08:35","HTML","","","",,,,,4,1.00,1,4,4,"… Keywords: Blood pressure, pulse pressure, age, waist circumference, triglycerides, total cholesterol … (14) Eritrea (1) Eswatini (3) Ethiopia (30) Ghana (27) Kenya (29) Lesotho (1) Libya (2) Madagascar (1) Malawi (4) Mauritius (3) Mozambique (1) Nigeria (222) Rwanda (7 …","https://www.ajol.info/index.php/rejhs/article/view/154199","https://scholar.google.com/scholar?q=related:1wDu51XSTc8J:scholar.google.com/&scioq=%22waist+circumference%22+nigeria&hl=en&as_sdt=0,5&as_ylo=2017&as_yhi=2017&as_vis=1"
2,"ID Osegbe, A Dada, O Soriyan","Framingham risk assessment of metabolic syndrome patients at a tertiary hospital in Nigeria",2017,"African Journal of Medical and Health …","ajmhs.org","http://www.ajmhs.org/article.asp?issn=2384-5589;year=2017;volume=16;issue=2;spage=89;epage=93;aulast=Osegbe","https://scholar.google.com/scholar?cites=955067435312715944&as_sdt=2005&sciodt=0,5&hl=en",93,"2021-07-17 21:08:35","HTML","","","",,,,,2,0.50,1,3,4,"… BMI) >30 kg/m 2 , then central obesity was assumed and waist circumference did not … Assessment of cardiovascular risk in a Nigerian rural community as a means of primary … Cardiovascular risk factors in semi-urban communities in Southwest Nigeria: Patterns and prevalence …","http://www.ajmhs.org/article.asp?issn=2384-5589;year=2017;volume=16;issue=2;spage=89;epage=93;aulast=Osegbe","https://scholar.google.com/scholar?q=related:qJhbssUUQQ0J:scholar.google.com/&scioq=%22waist+circumference%22+nigeria&hl=en&as_sdt=0,5&as_ylo=2017&as_yhi=2017&as_vis=1"
2,"CB Nwatu, EE Young, CC Okwara…","Concurrent Prediabetes and Prehypertension in a Rural Community in South East Nigeria",2017,"Journal of Advances …","journaljammr.com","http://journaljammr.com/index.php/JAMMR/article/view/11380","https://scholar.google.com/scholar?cites=17461943666058959786&as_sdt=2005&sciodt=0,5&hl=en",94,"2021-07-17 21:08:35","","","","",,,,,2,0.50,1,4,4,"… Denotes significant values. Abbreviations: BMI = body mass index; WC = Waist circumference … Diabetes Care. 1997;20:1183-1197. 7. Nigeria Country Programme Document 2014-2017 … Prevalence of prediabetes and associated risk factors in a rural Nigerian community …","http://journaljammr.com/index.php/JAMMR/article/download/11380/20634","https://scholar.google.com/scholar?q=related:qptTNz9JVfIJ:scholar.google.com/&scioq=%22waist+circumference%22+nigeria&hl=en&as_sdt=0,5&as_ylo=2017&as_yhi=2017&as_vis=1"
0,"A Gudaji, LH Adamu, MG Taura, B Danborno…","Age specific sex differences in BMI and skin fold thickness among children of Kazaure Emirate, Nigeria",2017,"Bayero Journal of Pure …","ajol.info","https://www.ajol.info/index.php/bajopas/article/view/169715","",95,"2021-07-17 21:08:35","","","","",,,,,0,0.00,0,5,4,"… Nigeria, the characteristic maternal education, high dequate nutritional intake … Katzmarzyk, PT, Srinivasan, SR, Chen, W., Malina, RM, Bouchard, C. and Berenson, GS (2004).Body mass index, waist circumference and clustering of cardiovascular disease risk factors in a biracial …","https://www.ajol.info/index.php/bajopas/article/download/169715/159163","https://scholar.google.com/scholar?q=related:9FGEN-bDdGUJ:scholar.google.com/&scioq=%22waist+circumference%22+nigeria&hl=en&as_sdt=0,5&as_ylo=2017&as_yhi=2017&as_vis=1"
25,"YA Ali, AO Almobarak, H Awadalla…","Obesity among Sudanese adults with diabetes: a population-based survey",2017,"Annals of …","ncbi.nlm.nih.gov","https://www.ncbi.nlm.nih.gov/pmc/articles/pmc5497089/","https://scholar.google.com/scholar?cites=7257193753731350828&as_sdt=2005&sciodt=0,5&hl=en",96,"2021-07-17 21:08:35","HTML","","","",,,,,25,6.25,6,4,4,"… Anthropometric measurements including body weight, height and waist circumference were determined using standardized techniques and calibrated equipment … For instance, in Nigeria 83% were either overweight or obese among individuals with diabetes attending diabetes …","https://www.ncbi.nlm.nih.gov/pmc/articles/pmc5497089/","https://scholar.google.com/scholar?q=related:LEFXzUS7tmQJ:scholar.google.com/&scioq=%22waist+circumference%22+nigeria&hl=en&as_sdt=0,5&as_ylo=2017&as_yhi=2017&as_vis=1"
0,"RCC Ojeda, MM Alducin, CM Alba-Alba","Bibliographic Review about Anthropometric Measurements in Mother-Child Dyads",,"sigma.nursingrepository.org","","https://sigma.nursingrepository.org/handle/10755/621672","",97,"2021-07-17 21:08:35","","","","",,,,,0,0.00,0,3,,"… Mostazir, M., Jeffery, A., Voss, L. & Wilkin, T. (2013). Gender-assortative waist circumference in mother–daughter and father–son pairs, and its implications … Maternal overweight/obesity characteristics and child anthropometric status in Jos, Nigeria. Nigerian Medical Journal, Vol …","https://sigma.nursingrepository.org/bitstream/handle/10755/621672/Ojeda_83664.pdf?sequence=1",""
15,"GM Arugu, O Maduka","Risk factors for diabetes mellitus among adult residents of a rural district in southern Nigeria: implications for prevention and control",2017,"Nigerian journal of clinical practice","ajol.info","https://www.ajol.info/index.php/njcp/article/view/166133","https://scholar.google.com/scholar?cites=15797718881633907427&as_sdt=2005&sciodt=0,5&hl=en",98,"2021-07-17 21:08:35","","","","",,,,,15,3.75,8,2,4,"… Waist circumference was measured by placing a plastic tape to the nearest 0.5 cm … Community based diabetes risk assessment in Ogun State, Nigeria (World Diabetes Foundation Project … cardiometabolic risk factors among a rural Yoruba South‑Western Nigerian population: A …","https://www.ajol.info/index.php/njcp/article/download/166133/155566","https://scholar.google.com/scholar?q=related:4zJFeZ_FPNsJ:scholar.google.com/&scioq=%22waist+circumference%22+nigeria&hl=en&as_sdt=0,5&as_ylo=2017&as_yhi=2017&as_vis=1"
2,"B Awede, S Lawani, G Adehan, J Akakpo…","Glucose tolerance in non-diabetic adult subjects of an urban West-African population",2017,"Nigerian Journal of …","bioline.org.br","http://www.bioline.org.br/abstract?np17025","https://scholar.google.com/scholar?cites=3002064529982965557&as_sdt=2005&sciodt=0,5&hl=en",99,"2021-07-17 21:08:35","","","","",,,,,2,0.50,0,5,4,"… Keywords: Glucose tolerance, Insulin sensitivity, Beta cell function, Overweight, Diabetes ©Physiological Society of Nigeria *Address for correspondence: bonawed@yahoo.com Manuscript Accepted: November, 2017 … Mean value of waist circumference was 86.06 ± 1.18 cm …","http://www.bioline.org.br/pdf?np17025","https://scholar.google.com/scholar?q=related:NUdvzsh5qSkJ:scholar.google.com/&scioq=%22waist+circumference%22+nigeria&hl=en&as_sdt=0,5&as_ylo=2017&as_yhi=2017&as_vis=1"
1,"C Ejike","Underweight prevalence in adult Nigerians-a n under-reported but consequential phenomenon",2017,"FUNAI J Sci Technol","fjst.org","http://www.fjst.org/wp-content/uploads/2017/12/Ejike.pdf","https://scholar.google.com/scholar?cites=2140224057430790486&as_sdt=2005&sciodt=0,5&hl=en",100,"2021-07-17 21:08:35","PDF","","","",,,,,1,0.25,1,1,4,"… nearest 0.1 kg. The waist circumference (WC) of each subject was measured at the midpoint … In Nigeria in particular and sub-Saharan Africa in general, underweight in adults is under … anxiety and obesity: A study of a young- adult Nigerian population. J Neurosci …","http://www.fjst.org/wp-content/uploads/2017/12/Ejike.pdf","https://scholar.google.com/scholar?q=related:VlHo2nCasx0J:scholar.google.com/&scioq=%22waist+circumference%22+nigeria&hl=en&as_sdt=0,5&as_ylo=2017&as_yhi=2017&as_vis=1"
0,"NP OGECHI","DETERMINANTS OF OVERWEIGHT AND OBESITY AMONG ADULTS IN EKPOMA, ESAN WEST EDO-STATE, NIGERIA",2017,"","psasir.upm.edu.my","http://psasir.upm.edu.my/id/eprint/70607/1/FPSK%28M%29%202017%2072%20-%20IR.pdf","",101,"2021-07-17 21:08:35","PDF","","","",,,,,0,0.00,0,1,4,"… 6 2.2.2 Waist Circumference 7 2.2.3 Fat Percentage 7 2.3 Pattern of Obesity 8 2.3.1 Android Obesity (Apple Shape) 8 2.3.2 Gynoid Obesity (Pear Shape) 8 2.4 Pathophysiology of Overweight and Obesity 9 2.5 Prevalence of Overweight and Obesity in Nigeria 9 …","http://psasir.upm.edu.my/id/eprint/70607/1/FPSK%28M%29%202017%2072%20-%20IR.pdf","https://scholar.google.com/scholar?q=related:PjE-ev896z4J:scholar.google.com/&scioq=%22waist+circumference%22+nigeria&hl=en&as_sdt=0,5&as_ylo=2017&as_yhi=2017&as_vis=1"
1,"WE Sadoh, NJ Iduoriyekemwen…","Electrocardiographic and echocardiographic findings in adolescent overweight and obese secondary school children in Benin City, Nigeria",2017,"Journal of Advances in …","journaljammr.com","http://journaljammr.com/index.php/JAMMR/article/view/11828","https://scholar.google.com/scholar?cites=9139015861297242125&as_sdt=2005&sciodt=0,5&hl=en",102,"2021-07-17 21:08:35","","","","",,,,,1,0.25,0,3,4,"… Characteristics Subjects Controls p value Mean BMI Mean waist circumference (cm) 87.05 ± 8.50 … 7 blood pressure among adolescents in Lagos, Nigeria: A cross sectional study … Profile of body mass index and obesity in Nigerian children and adolescents. Niger J Med …","http://journaljammr.com/index.php/JAMMR/article/download/11828/21532","https://scholar.google.com/scholar?q=related:DWBIWYFO1H4J:scholar.google.com/&scioq=%22waist+circumference%22+nigeria&hl=en&as_sdt=0,5&as_ylo=2017&as_yhi=2017&as_vis=1"
0,"ASD DDA","Metabolic Syndrome and Kidney Damage: Prevalence and Assessment of Risk among Apparently Healthy Resident of Ado Ekiti, South West Nigeria",,"researchgate.net","","https://www.researchgate.net/profile/Dada-Ayokunle/publication/321244843_Metabolic_Syndrome_and_Kidney_Damage_Prevalence_and_Assessment_of_Risk_among_Apparently_Healthy_Resident_of_Ado_Ekiti_South_West_Nigeria/links/5a16b354aca272df080743f1/Metabolic-Syndrome-and-Kidney-Damage-Prevalence-and-Assessment-of-Risk-among-Apparently-Healthy-Resident-of-Ado-Ekiti-South-West-Nigeria.pdf","",103,"2021-07-17 21:08:35","PDF","","","",,,,,0,0.00,0,1,,"… 2 among Nigerian population … Christian faithful during the year 2016 edition of their regular annual religious outreach program at Ado-Ekiti, Nigeria … mmol/L or lipid lowering medication, BP ≥ 130/85 mmHg or use of antihypertensive medication, waist circumference ≥ 102 cm …","https://www.researchgate.net/profile/Dada-Ayokunle/publication/321244843_Metabolic_Syndrome_and_Kidney_Damage_Prevalence_and_Assessment_of_Risk_among_Apparently_Healthy_Resident_of_Ado_Ekiti_South_West_Nigeria/links/5a16b354aca272df080743f1/Metabolic-Syndrome-and-Kidney-Damage-Prevalence-and-Assessment-of-Risk-among-Apparently-Healthy-Resident-of-Ado-Ekiti-South-West-Nigeria.pdf","https://scholar.google.com/scholar?q=related:81Y3_2NZNq8J:scholar.google.com/&scioq=%22waist+circumference%22+nigeria&hl=en&as_sdt=0,5&as_ylo=2017&as_yhi=2017&as_vis=1"
16,"IB Prasetya, I Hasan, W Wisnu, CM Rumende","Prevalence and profile of fibrosis in diabetic patients with non-alcoholic fatty liver disease and the associated factors",2017,"Acta Med Indones","core.ac.uk","https://core.ac.uk/download/pdf/276527654.pdf","https://scholar.google.com/scholar?cites=13765367350080293770&as_sdt=2005&sciodt=0,5&hl=en",104,"2021-07-17 21:08:35","PDF","","","",,,,,16,4.00,4,4,4,"… Unlike our results, the data from DM population in Nigeria has demonstrated a correlation … Other factors such as age, waist circumference, duration of DM, HDL, triglyceride and HbA1C levels … Non alcoholic fatty liver disease in a Nigerian population with type II diabetes mellitus …","https://core.ac.uk/download/pdf/276527654.pdf","https://scholar.google.com/scholar?q=related:istLQKxoCL8J:scholar.google.com/&scioq=%22waist+circumference%22+nigeria&hl=en&as_sdt=0,5&as_ylo=2017&as_yhi=2017&as_vis=1"
0,"AE Anieting, JK Mosugu","APPLICATION OF DISCRIMINANT ANALYSIS ON DISCRIMINATORY FACTORS OF HYPERTENSION AMONG ADULTS",,"indianscholar.co.in","","http://www.indianscholar.co.in/downloads/6-a.e.-anieting.pdf","",105,"2021-07-17 21:08:35","PDF","","","",,,,,0,0.00,0,2,,"… Mosugu, JK National Open University of Nigeria Abuja, Nigeria Abstract This study applied discriminant analysis to examine the discriminatory factors in Adults. Three risk factors- Age, Body Mass Index and Waist circumference were considered …","http://www.indianscholar.co.in/downloads/6-a.e.-anieting.pdf","https://scholar.google.com/scholar?q=related:_0QTx4_SFNIJ:scholar.google.com/&scioq=%22waist+circumference%22+nigeria&hl=en&as_sdt=0,5&as_ylo=2017&as_yhi=2017&as_vis=1"
4,"SK Rahamon, UA Fabian, MA Charles-Davies…","Changes in mediators of inflammation and pro-thrombosis after 12 months of dietary modification in adults with metabolic syndrome",2017,"African health …","ajol.info","https://www.ajol.info/index.php/ahs/article/view/158727","https://scholar.google.com/scholar?cites=8999914735711533456&as_sdt=2005&sciodt=0,5&hl=en",106,"2021-07-17 21:08:35","","","","",,,,,4,1.00,1,4,4,"… Prevalence of metabolic syndrome in a rural community in Nigeria. Metabolic Syndrome and Related Disorders … 14. Ghazali SM, Sanusi RA. Waist circumference, waist to hip ratio, and body mass index in the diagnosis of met- abolic syndrome in Nigerian subjects …","https://www.ajol.info/index.php/ahs/article/view/158727/148346","https://scholar.google.com/scholar?q=related:kLnjvsQe5nwJ:scholar.google.com/&scioq=%22waist+circumference%22+nigeria&hl=en&as_sdt=0,5&as_ylo=2017&as_yhi=2017&as_vis=1"
2,"AC Anyanwu, OA Fasanmade, HA Coker","Relationship between vitamin D levels and glycaemic control in Type 2 diabetes mellitus patients in Lagos, Nigeria",2017,"","ir.unilag.edu.ng","https://ir.unilag.edu.ng/handle/123456789/7261","https://scholar.google.com/scholar?cites=3569150943644218578&as_sdt=2005&sciodt=0,5&hl=en",107,"2021-07-17 21:08:35","","","","",,,,,2,0.50,1,3,4,"… Nigerian patients with T2DM attending the diabetes clinic of LUTH were chosen as study … as mean±SD, T2DM patients (n=114), Controls (n=60), WC: Waist circumference, BMI: Body … MU, Essien OE, Compliance and glycaemic control in adult diabetic patients in rural Nigeria …","https://ir.unilag.edu.ng/bitstream/handle/123456789/7261/JDiabetol8232-7807623_214116.pdf?sequence=1","https://scholar.google.com/scholar?q=related:0vSpgd8riDEJ:scholar.google.com/&scioq=%22waist+circumference%22+nigeria&hl=en&as_sdt=0,5&as_ylo=2017&as_yhi=2017&as_vis=1"
3,"ND Madala, T Dubula, AGH Assounga…","Association of kidney function and waist circumference with uric acid levels in South Africans",2017,"… syndrome and related …","liebertpub.com","https://www.liebertpub.com/doi/abs/10.1089/met.2017.0025","https://scholar.google.com/scholar?cites=4033716170333502528&as_sdt=2005&sciodt=0,5&hl=en",108,"2021-07-17 21:08:35","","10.1089/met.2017.0025","","",,,,,3,0.75,1,4,4,"… 20 One of the few published studies in sub-Saharan Africa reported hyperuricemia in 25% of type II diabetes patients in Nigeria … This was also evident in our study, as odds of hyperuricemia increased by 3% (95% CI 1%–6%) for every cm increase in waist circumference, but not …","","https://scholar.google.com/scholar?q=related:QDx6QXyj-jcJ:scholar.google.com/&scioq=%22waist+circumference%22+nigeria&hl=en&as_sdt=0,5&as_ylo=2017&as_yhi=2017&as_vis=1"
4,"MM Oluwasanu, O Oladepo","Effects of a multi-level intervention on the pattern of physical activity among in-school adolescents in Oyo state Nigeria: a cluster randomised trial",2017,"BMC public health","Springer","https://link.springer.com/article/10.1186/s12889-017-4781-y","https://scholar.google.com/scholar?cites=8815814747477962931&as_sdt=2005&sciodt=0,5&hl=en",109,"2021-07-17 21:08:35","HTML","10.1186/s12889-017-4781-y","","",,,,,4,1.00,2,2,4,"… young children and adolescents in Nigeria [4]. Obesity in childhood and adolescence has been linked to cardiovascular diseases, type-2 diabetes, cancer and depression [5,6,7,8]. Findings from recent studies conducted among adolescents in different Nigerian states lend …","https://link.springer.com/article/10.1186/s12889-017-4781-y","https://scholar.google.com/scholar?q=related:s_AS_c0QWHoJ:scholar.google.com/&scioq=%22waist+circumference%22+nigeria&hl=en&as_sdt=0,5&as_ylo=2017&as_yhi=2017&as_vis=1"
4,"EN Anyabolu, I Okoye, A Chukwudi","Hypertension and its socioeconomic factors in a market population in Awka Nigeria",2017,"American Journal of Medical …","academia.edu","https://www.academia.edu/download/56096635/ajmsm-5-3-1.pdf","https://scholar.google.com/scholar?cites=11932509636612449529&as_sdt=2005&sciodt=0,5&hl=en",110,"2021-07-17 21:08:35","PDF","","","",,,,,4,1.00,1,3,4,"… [9] Different Nigerian studies have … the prevalence of hypertension and the factors which may influence it in a market workers population in Awka, Nigeria … LHR=Likelihood ratio, BMI=body mass index, Waist C=waist circumference, FSLP=fasting serum lipid profile, CholT=total …","https://www.academia.edu/download/56096635/ajmsm-5-3-1.pdf","https://scholar.google.com/scholar?q=related:-eQ1GUvKmKUJ:scholar.google.com/&scioq=%22waist+circumference%22+nigeria&hl=en&as_sdt=0,5&as_ylo=2017&as_yhi=2017&as_vis=1"
52,"EO Owolabi, D Ter Goon, OV Adeniyi","Central obesity and normal-weight central obesity among adults attending healthcare facilities in Buffalo City Metropolitan Municipality, South Africa: a cross …",2017,"Journal of health, population and …","Springer","https://link.springer.com/article/10.1186/s41043-017-0133-x","https://scholar.google.com/scholar?cites=12139757056685885894&as_sdt=2005&sciodt=0,5&hl=en",111,"2021-07-17 21:08:35","HTML","10.1186/s41043-017-0133-x","","",,,,,52,13.00,17,3,4,"… Overall and central obesity were assessed using BMI, waist circumference (WC), waist-to-hip ratio (WHR) and waist-to-height ratio (WHTR) … As shown in Table 2, 26.9% of participants with a healthy weight, using BMI, had either a high-risk or very high-risk waist circumference …","https://link.springer.com/article/10.1186/s41043-017-0133-x","https://scholar.google.com/scholar?q=related:xslNT7kUeagJ:scholar.google.com/&scioq=%22waist+circumference%22+nigeria&hl=en&as_sdt=0,5&as_ylo=2017&as_yhi=2017&as_vis=1"
2,"M Nwankwo, B Danborno, HW Oliver","Family background and age at menarche among secondary schoolgirls in Nigeria",2017,"Journal of Experimental …","jecajournal.org","https://www.jecajournal.org/article.asp?issn=1596-2393;year=2017;volume=16;issue=2;spage=77;epage=82;aulast=Nwankwo","https://scholar.google.com/scholar?cites=17490316051616419694&as_sdt=2005&sciodt=0,5&hl=en",112,"2021-07-17 21:08:35","HTML","","","",,,,,2,0.50,1,3,4,"… Age at menarche is positively associated with waist circumference and negatively associated with hip and … body size parameters on the age at menarche among samples of Nigerian secondary schoolgirls … sectional study was done in Enugu and Kaduna States of Nigeria in 2014 …","https://www.jecajournal.org/article.asp?issn=1596-2393;year=2017;volume=16;issue=2;spage=77;epage=82;aulast=Nwankwo","https://scholar.google.com/scholar?q=related:bs_oAcgVuvIJ:scholar.google.com/&scioq=%22waist+circumference%22+nigeria&hl=en&as_sdt=0,5&as_ylo=2017&as_yhi=2017&as_vis=1"
0,"Y Lawal, FE Anumah, AG Bakari","Is glucose dysregulation an inflammatory process?",2017,"Journal of Health Research and …","jhrr.org","https://www.jhrr.org/article.asp?issn=2394-2010;year=2017;volume=4;issue=2;spage=66;epage=70;aulast=Lawal","",113,"2021-07-17 21:08:35","HTML","","","",,,,,0,0.00,0,3,4,"… to test for association between plasma glucose levels and body mass index (BMI), waist circumference (WC), waist … the prevalence of previously undiagnosed glucose dysregulation in a Northern Nigerian population; To … Zaria is a major city in Kaduna State of Northern Nigeria …","https://www.jhrr.org/article.asp?issn=2394-2010;year=2017;volume=4;issue=2;spage=66;epage=70;aulast=Lawal","https://scholar.google.com/scholar?q=related:ouzEJvf1AScJ:scholar.google.com/&scioq=%22waist+circumference%22+nigeria&hl=en&as_sdt=0,5&as_ylo=2017&as_yhi=2017&as_vis=1"
0,"A Kamarudin, RY Tengah, NM Raysid…","Relationship between body mass index, waist circumference, fat mass and fat percentage as a measurement of obesity among Universiti Pendidikan Sultan Idris …",2017,"Journal of Fundamental …","ajol.info","https://www.ajol.info/index.php/jfas/article/view/165974","",114,"2021-07-17 21:08:35","","","","",,,,,0,0.00,0,4,4,"… 15. [3] Brenner, DR, Tepylo, K., Eny, KM, Cahill, LE, & El-Sohemy, A. Comparison of body mass index and waist circumference as predictors of cardiometabolic health in a population of young Canadian adults … students in, Enugu, South East, Nigeria. Niger Medical Journal …","https://www.ajol.info/index.php/jfas/article/download/165974/155411","https://scholar.google.com/scholar?q=related:N569AFbr9c4J:scholar.google.com/&scioq=%22waist+circumference%22+nigeria&hl=en&as_sdt=0,5&as_ylo=2017&as_yhi=2017&as_vis=1"
7,"Y Zhang, S Wang, M Chen…","Recent trends in body mass index and waist circumference among children and adolescents in Shandong China",2017,"Journal of tropical …","academic.oup.com","https://academic.oup.com/tropej/article-abstract/63/6/461/3064194","https://scholar.google.com/scholar?cites=3780645998432375519&as_sdt=2005&sciodt=0,5&hl=en",115,"2021-07-17 21:08:35","","","","",,,,,7,1.75,2,4,4,"… Article Navigation. Recent Trends in Body Mass Index and Waist Circumference among Children and Adolescents in Shandong China. Ying-xiu Zhang, Ying-xiu Zhang. Shandong Center for Disease Control and Prevention, Shandong …","https://academic.oup.com/tropej/article/63/6/461/3064194","https://scholar.google.com/scholar?q=related:31IQPoGNdzQJ:scholar.google.com/&scioq=%22waist+circumference%22+nigeria&hl=en&as_sdt=0,5&as_ylo=2017&as_yhi=2017&as_vis=1"
0,"NN Unamba, AM Romokere…","The Relationship between Neutrophil to Lymphocyte Ratio and Left Ventricular Function in Drug-naïve Asymptomatic Hypertensive Adults in Port Harcourt, Nigeria",2017,"Journal of Advances in …","journaljammr.com","http://www.journaljammr.com/index.php/JAMMR/article/view/11431","",116,"2021-07-17 21:08:35","","","","",,,,,0,0.00,0,3,4,"… Studies from various parts of Nigeria have also documented significant left ventricular systolic … of their study tended to be older and had higher waist circumference, triglycerides than … left ventricular systolic dysfunction and NLR in these untreated hypertensive Nigerian subjects …","https://www.journaljammr.com/index.php/JAMMR/article/download/11431/20734","https://scholar.google.com/scholar?q=related:uMKEl_ft3mEJ:scholar.google.com/&scioq=%22waist+circumference%22+nigeria&hl=en&as_sdt=0,5&as_ylo=2017&as_yhi=2017&as_vis=1"
13,"AN Odili, L Thijs, WY Yang…","Office and home blood pressures as determinants of electrocardiographic left ventricular hypertrophy among Black Nigerians compared with White Flemish",2017,"American journal of …","academic.oup.com","https://academic.oup.com/ajh/article-abstract/30/11/1083/3921220","https://scholar.google.com/scholar?cites=2059109738398850548&as_sdt=2005&sciodt=0,5&hl=en",117,"2021-07-17 21:08:35","","","","",,,,,13,3.25,3,4,4,"… Office and Home Blood Pressures as Determinants of Electrocardiographic Left Ventricular Hypertrophy Among Black Nigerians Compared With White … 2 Department of Internal Medicine, Faculty of Clinical Sciences, College of Health Sciences University of Abuja. , Nigeria …","https://academic.oup.com/ajh/article/30/11/1083/3921220","https://scholar.google.com/scholar?q=related:9J3PvmVtkxwJ:scholar.google.com/&scioq=%22waist+circumference%22+nigeria&hl=en&as_sdt=0,5&as_ylo=2017&as_yhi=2017&as_vis=1"
4,"A Agbecha, CAO Usoro","Serum testosterone and insulin resistance in type 2 male diabetics attending University of Calabar teaching hospital, Nigeria",2017,"Journal of Medical Society","jmedsoc.org","https://www.jmedsoc.org/article.asp?issn=0972-4958;year=2017;volume=31;issue=3;spage=178;epage=184;aulast=Agbecha","https://scholar.google.com/scholar?cites=8991605201513427738&as_sdt=2005&sciodt=0,5&hl=en",118,"2021-07-17 21:08:35","HTML","","","",,,,,4,1.00,2,2,4,"… of serum testosterone level and its relationship with insulin resistance in male T2Ds in Calabar and South-South Nigeria … apparently healthy male nondiabetic individuals with anthropometric indices (blood pressure [BP], body mass index [BMI], waist circumference [WC], and …","https://www.jmedsoc.org/article.asp?issn=0972-4958;year=2017;volume=31;issue=3;spage=178;epage=184;aulast=Agbecha","https://scholar.google.com/scholar?q=related:GjPDjEqZyHwJ:scholar.google.com/&scioq=%22waist+circumference%22+nigeria&hl=en&as_sdt=0,5&as_ylo=2017&as_yhi=2017&as_vis=1"
4,"AM Adeoye, YR Raji, A Adebiyi, BO Tayo…","Circadian blood pressure variation amongst people with chronic kidney diseases: a pilot study in Ibadan",2017,"Nigerian Postgraduate …","npmj.org","https://www.npmj.org/article.asp?issn=1117-1936;year=2017;volume=24;issue=3;spage=131;epage=136;aulast=Adeoye","https://scholar.google.com/scholar?cites=8154739318062544630&as_sdt=2005&sciodt=0,5&hl=en",119,"2021-07-17 21:08:35","HTML","","","",,,,,4,1.00,1,5,4,"… with CKD could not afford dialysis for more than 3 months in most Nigerian hospitals and … risk factor that increases the risk for progression to (ESRD) in Nigeria; therefore, control of … Waist circumference was measured at the narrowest part of the participant's torso (or the minimum …","https://www.npmj.org/article.asp?issn=1117-1936;year=2017;volume=24;issue=3;spage=131;epage=136;aulast=Adeoye","https://scholar.google.com/scholar?q=related:9nYHQTR0K3EJ:scholar.google.com/&scioq=%22waist+circumference%22+nigeria&hl=en&as_sdt=0,5&as_ylo=2017&as_yhi=2017&as_vis=1"
1,"R Kosif, G Bugdayci, Y Cinpolat","The Relationship Between Waist/Height Ratio With Fasting Blood Glucose, Blood Pressure and Several Body Measurements in College Students",2017,"","researchgate.net","https://www.researchgate.net/profile/Rengin-Kosif/publication/320057194_The_Relationship_Between_WaistHeight_Ratio_with_Fasting_Blood_Glucose_Blood_Pressure_and_Several_Body_Measurements_in_College_Students/links/59cb656e0f7e9bbfdc3b29bb/The-Relationship-Between-Waist-Height-Ratio-with-Fasting-Blood-Glucose-Blood-Pressure-and-Several-Body-Measurements-in-College-Students.pdf","https://scholar.google.com/scholar?cites=17540334299577954973&as_sdt=2005&sciodt=0,5&hl=en",120,"2021-07-17 21:08:35","PDF","","","",,,,,1,0.25,0,3,4,"… Body Mass Index and Blood Pressure among University Students in, Enugu, South East, Nigeria. Niger J Med;19:43-47. Ogden CL (2004). Defining overweight in children using growth charts. Md Med;5:19-21. RerksuppapholL, RerksuppapholS. Waist circumference and waist …","https://www.researchgate.net/profile/Rengin-Kosif/publication/320057194_The_Relationship_Between_WaistHeight_Ratio_with_Fasting_Blood_Glucose_Blood_Pressure_and_Several_Body_Measurements_in_College_Students/links/59cb656e0f7e9bbfdc3b29bb/The-Relationship-Between-Waist-Height-Ratio-with-Fasting-Blood-Glucose-Blood-Pressure-and-Several-Body-Measurements-in-College-Students.pdf","https://scholar.google.com/scholar?q=related:nbLx3xzJa_MJ:scholar.google.com/&scioq=%22waist+circumference%22+nigeria&hl=en&as_sdt=0,5&as_ylo=2017&as_yhi=2017&as_vis=1"
6,"S Devi, AK Choudhary, P Verma…","Association of lipid profile, body mass index, and waist circumference as cardiovascular risk factors for obese male adults of north India",2017,"… Journal of Scientific …","galaxyjeevandhara.com","http://galaxyjeevandhara.com/index.php/ijss/article/view/623","https://scholar.google.com/scholar?cites=7478256050649558184&as_sdt=2005&sciodt=0,5&hl=en",121,"2021-07-17 21:08:35","","","","",,,,,6,1.50,2,4,4,"… Rizk NM, Yousef M. Association of lipid profile and waist circumference as cardiovascular risk factors for overweight and obesity among school children in … Overweight and obesity, lipid profile and atherogenic indices among civil servants in Abakaliki, South Eastern Nigeria …","http://galaxyjeevandhara.com/index.php/ijss/article/download/623/599","https://scholar.google.com/scholar?q=related:qOxhrkEayGcJ:scholar.google.com/&scioq=%22waist+circumference%22+nigeria&hl=en&as_sdt=0,5&as_ylo=2017&as_yhi=2017&as_vis=1"
0,"R Amelia","Anthropometric Correlation with Blood Glucose Level in Community Health Center Tuntungan, in Medan City",2017,"Age (years)","atlantis-press.com","https://www.atlantis-press.com/article/25875898.pdf","",122,"2021-07-17 21:08:35","PDF","","","",,,,,0,0.00,0,1,4,"… Page 5. level and waist circumference, hip circumference, and waist-hip circumference ratio among adults in Nigeria showed that there is a positive relationship between waist circumference and blood glucose level (r = 0.1, p = 0.004) [21] …","https://www.atlantis-press.com/article/25875898.pdf","https://scholar.google.com/scholar?q=related:ga0L0Elb2AcJ:scholar.google.com/&scioq=%22waist+circumference%22+nigeria&hl=en&as_sdt=0,5&as_ylo=2017&as_yhi=2017&as_vis=1"
0,"JE Correa-Bautista, J Schmidt-RioValle, F Lobelo…","Using LMS tables to determine waist circumference and waist-to-height ratios in Colombian children and adolescents: the FUPRECOL study",2017,"BMC Pediatrics","go.gale.com","https://go.gale.com/ps/i.do?id=GALE%7CA511344918&sid=googleScholar&v=2.1&it=r&linkaccess=abs&issn=14712431&p=HRCA&sw=w","",123,"2021-07-17 21:08:35","","","","",,,,,0,0.00,0,4,4,"… 39. Musa DI, Toriola AL, Monyeki MA, Lawal B. Nigeria Trop Med Int Health. 2012;17(11):1369.- 1375 … 2015;7:37. 42. Hirschler V, Molinari C, Maccallini G, Hidalgo M, Gonzalez C. Waist circumference percentiles in indigenous Argentinean school children living at high altitudes …","","https://scholar.google.com/scholar?q=related:Vsaq-q5DSKIJ:scholar.google.com/&scioq=%22waist+circumference%22+nigeria&hl=en&as_sdt=0,5&as_ylo=2017&as_yhi=2017&as_vis=1"
0,"JC Igweh, PRC Esegbue…","Correlative Studies on Anthropometric Indexes for Identifying Obesity in Pregnancy",2017,"Journal of Advances …","journaljammr.com","http://www.journaljammr.com/index.php/JAMMR/article/view/11637","",124,"2021-07-17 21:08:35","","","","",,,,,0,0.00,0,3,4,"… 2 different ages and trimesters were ethically sourced from selected antenatal/ maternal homes in Enugu State of Nigeria … Among the various standardized sites for measuring waist circumference, the minimal waist, being most distant from the growing uterus, is likely to be less …","http://www.journaljammr.com/index.php/JAMMR/article/download/11637/21144","https://scholar.google.com/scholar?q=related:n0GekuMGTX0J:scholar.google.com/&scioq=%22waist+circumference%22+nigeria&hl=en&as_sdt=0,5&as_ylo=2017&as_yhi=2017&as_vis=1"
0,"RC Ezennaka, ST Dodiyi-Manuel","Echocardiographic Features of Patients with Stroke in Port Harcourt, Nigeria",2017,"Journal of Advances in …","journaljammr.com","http://journaljammr.com/index.php/JAMMR/article/view/11157","",125,"2021-07-17 21:08:35","","","","",,,,,0,0.00,0,2,4,"… Waist circumference was taken at the part of the trunk located midway between the costal margin and the … Cerebrovascular diseases in Nigeria: What do we know and what do we need to know … E, Ogunrin O, Danesi M. Re- appraisal of risk factors for stroke in Nigerian Africans- A …","https://journaljammr.com/index.php/JAMMR/article/download/11157/20178","https://scholar.google.com/scholar?q=related:ZNYkoac5WC8J:scholar.google.com/&scioq=%22waist+circumference%22+nigeria&hl=en&as_sdt=0,5&as_ylo=2017&as_yhi=2017&as_vis=1"
2,"MS Abdalla, IA Ali, OA Musa","Correlation between body mass index and blood pressure",2017,"Internafional Journal of Scienfific …","researchgate.net","https://www.researchgate.net/profile/Ibrahim-Ali-18/publication/320267522_Correlation_between_Body_Mass_Index_and_Blood_Pressure/links/59d8d06c458515a5bc26210b/Correlation-between-Body-Mass-Index-and-Blood-Pressure.pdf","https://scholar.google.com/scholar?cites=13904656526944485843&as_sdt=2005&sciodt=0,5&hl=en",126,"2021-07-17 21:08:35","PDF","","","",,,,,2,0.50,1,3,4,"… The Nigerian population is therefore at risk of the amalgamation of overweight/obesity/ hyperglycemia and hypertension … The Body Mass Index, Waist Circumference and Blood Pressure of Postmenopausal Women in Zaria, Northern Nigeria …","https://www.researchgate.net/profile/Ibrahim-Ali-18/publication/320267522_Correlation_between_Body_Mass_Index_and_Blood_Pressure/links/59d8d06c458515a5bc26210b/Correlation-between-Body-Mass-Index-and-Blood-Pressure.pdf","https://scholar.google.com/scholar?q=related:08FX9HBD98AJ:scholar.google.com/&scioq=%22waist+circumference%22+nigeria&hl=en&as_sdt=0,5&as_ylo=2017&as_yhi=2017&as_vis=1"
2,"KS Akinlade, KG Habila, SK Rahamon…","Insulin sensitivity and mortality risk estimation in patients with type 2 diabetes mellitus",2017,"Nigerian journal of …","ajol.info","https://www.ajol.info/index.php/njcp/article/view/158252","https://scholar.google.com/scholar?cites=610440543324401326&as_sdt=2005&sciodt=0,5&hl=en",127,"2021-07-17 21:08:35","","","","",,,,,2,0.50,1,4,4,"… Department of Chemical Pathology, University of Ibadan/University College Hospital, Ibadan, Nigeria … 768 Nigerian Journal of Clinical Practice ¦ Volume 20 ¦ Issue 6 ¦ June 2017 … Waist circumference was measured using a measuring tape placed at the umbilical level, whereas …","https://www.ajol.info/index.php/njcp/article/view/158252/147865","https://scholar.google.com/scholar?q=related:ru5YnXC4eAgJ:scholar.google.com/&scioq=%22waist+circumference%22+nigeria&hl=en&as_sdt=0,5&as_ylo=2017&as_yhi=2017&as_vis=1"
0,"BC Nkum, FB Micah, TC Ankrah, O Nyan…","BINGHAM JOURNAL OF MEDICINE",,"BINGHAM JOURNAL …","binghamadmission.com","https://binghamadmission.com/library/images/pdf/BJM.pdf#page=20","",128,"2021-07-17 21:08:35","PDF","","","",,,,,0,0.00,0,5,,"… impaired fasting glycaemia; IGT, impaired glucose tolerance; HTN, hypertension; RF, WC, increased waist circumference; WHR … Prevalence of diabetes mellitus in a Nigerian population … Prevalence of risk factors for diabetes mellitus in a non-diabetic population in Jos, Nigeria …","https://binghamadmission.com/library/images/pdf/BJM.pdf#page=20","https://scholar.google.com/scholar?q=related:fADrTw00LV0J:scholar.google.com/&scioq=%22waist+circumference%22+nigeria&hl=en&as_sdt=0,5&as_ylo=2017&as_yhi=2017&as_vis=1"
0,"EN Anyabolu, II Chukwuonye, I Ezeani","Urine osmolality in treatment-naïve HIV-positive subjects in Southeast Nigeria",2017,"Nigerian journal of clinical practice","ajol.info","https://www.ajol.info/index.php/njcp/article/view/161090","",129,"2021-07-17 21:08:35","","","","",,,,,0,0.00,0,3,4,"… LHR=Likelihood ratio; BMI=Body mass index; Waist Circ=Waist circumference; ClCr=Creatinine clearance, 24HUP=24-h urine … 940 Nigerian Journal of Clinical Practice ¦ Volume 20 ¦ Issue 8 ¦ August 2017 … In addition, our study was conducted in Nigeria, whereas theirs in USA …","https://www.ajol.info/index.php/njcp/article/download/161090/150651","https://scholar.google.com/scholar?q=related:P46gBK0iS_kJ:scholar.google.com/&scioq=%22waist+circumference%22+nigeria&hl=en&as_sdt=0,5&as_ylo=2017&as_yhi=2017&as_vis=1"
16,"MM Nascimento, LGD Pereira…","Comparison and agreement of criteria for the BMI classification of physically active elderly women living in the Backlands, semi-arid Region",2017,"Journal of Human …","pepsic.bvsalud.org","http://pepsic.bvsalud.org/scielo.php?script=sci_arttext&pid=S0104-12822017000300012","https://scholar.google.com/scholar?cites=523656946591438694&as_sdt=2005&sciodt=0,5&hl=en",130,"2021-07-17 21:08:35","HTML","","","",,,,,16,4.00,5,3,4,"… 2016;8(3):1-6. [ Links ]. 11. Chinedu SN, Ogunlana OO, Azuh DE, Iweala EEJ, Afalobi IS, Uhuegibu CC, et al. Correlation between body mass index and waist circumference in nigerian adults: implication as indicators of health status. J Public health Res. 2013;2(2):e16 …","http://pepsic.bvsalud.org/scielo.php?script=sci_arttext&pid=S0104-12822017000300012","https://scholar.google.com/scholar?q=related:Zpe_7TdnRAcJ:scholar.google.com/&scioq=%22waist+circumference%22+nigeria&hl=en&as_sdt=0,5&as_ylo=2017&as_yhi=2017&as_vis=1"
47,"J Osei-Yeboah, WKBA Owiredu, GK Norgbe…","The prevalence of metabolic syndrome and its components among people with type 2 diabetes in the Ho Municipality, Ghana: a cross-sectional study",2017,"International journal of …","hindawi.com","https://www.hindawi.com/journals/IJCD/2017/8765804/","https://scholar.google.com/scholar?cites=13161158133189707202&as_sdt=2005&sciodt=0,5&hl=en",131,"2021-07-17 21:08:35","HTML","","","",,,,,47,11.75,12,4,4,"… BMI: body mass index, WC: waist circumference, HC: hip circumference, WHR: waist-to-hip ratio, WHtR: waist-to-height ratio, CI: Conicity … syndrome (63.6%, 51%, and 56%) have been recorded among people with type 2 diabetes, respectively, in North-Central Nigeria and Saudi …","https://www.hindawi.com/journals/IJCD/2017/8765804/","https://scholar.google.com/scholar?q=related:wgWEYZfTpbYJ:scholar.google.com/&scioq=%22waist+circumference%22+nigeria&hl=en&as_sdt=0,5&as_ylo=2017&as_yhi=2017&as_vis=1"
0,"M Asuquo, MBHF FMCOph, OAO FMCOph…","Cardiovascular risk factors and electrocardiographic pattern in two rural communities of Osun State in South West Nigeria",,"m.zuiqilu.com","","https://m.zuiqilu.com/scholarly-articles/cardiovascular-risk-factors-and-electrocardiographic-pattern-in-two-rural-communities-of-osun-state-in-south-west-nigeri.pdf","",132,"2021-07-17 21:08:35","PDF","","","",,,,,0,0.00,0,4,,"… age of 42.1 ± 21.6 years of the subjects in one of the earlier Nigerian studies (18) … obesity also falls within the range of the prevalence of obesity in Nigeria as reported … and overweight (BMI) and the association was stronger with central obesity using waist circumference (p<0.001 …","https://m.zuiqilu.com/scholarly-articles/cardiovascular-risk-factors-and-electrocardiographic-pattern-in-two-rural-communities-of-osun-state-in-south-west-nigeri.pdf","https://scholar.google.com/scholar?q=related:IF9SFDBZf18J:scholar.google.com/&scioq=%22waist+circumference%22+nigeria&hl=en&as_sdt=0,5&as_ylo=2017&as_yhi=2017&as_vis=1"
1,"E Emmanuel","Anthropometric Studies on some primary school children of Ajaokuta local Government area of Kogi State, nigeria",2017,"Int J Biotech & Bioeng","pdfs.semanticscholar.org","https://pdfs.semanticscholar.org/caa8/7c4998e43f7a84545ae0e1640308d4e655bf.pdf","https://scholar.google.com/scholar?cites=14233187985167019852&as_sdt=2005&sciodt=0,5&hl=en",133,"2021-07-17 21:08:35","PDF","","","",,,,,1,0.25,1,1,4,"… by measuring different body parts like weight, height, upper arm circumference, waist circumference etc as … reports have shown that the problem of malnutrition among nigerian children is … of preschool children were respectively, stunted and underweight in nigeria (Nduba, 1998) …","https://pdfs.semanticscholar.org/caa8/7c4998e43f7a84545ae0e1640308d4e655bf.pdf","https://scholar.google.com/scholar?q=related:TO881Q9xhsUJ:scholar.google.com/&scioq=%22waist+circumference%22+nigeria&hl=en&as_sdt=0,5&as_ylo=2017&as_yhi=2017&as_vis=1"
10,"OT Odeyinka, IOO Ajayi","Prevalence of hypertension and diabetes and their determinants among commercial drivers in Ibadan metropolis, South-Western Nigeria",2017,"Nigerian Journal of Cardiology","nigjcardiol.org","https://www.nigjcardiol.org/article.asp?issn=0189-7969;year=2017;volume=14;issue=2;spage=75;epage=83;aulast=Odeyinka","https://scholar.google.com/scholar?cites=14593646879433018150&as_sdt=2005&sciodt=0,5&hl=en",134,"2021-07-17 21:08:35","HTML","","","",,,,,10,2.50,5,2,4,"… 25 but <30 kg/m 2 , and normal if the BMI is between 18 and 25 kg/m 2 and underweight if <18 kg/m 2 . [21] Waist-hip ratio Waist-hip ratio (WHR) was estimated as waist circumference (in cm … The Nigerian Motor Transporters since the 1920's … Federal Republic of Nigeria; 2013 …","https://www.nigjcardiol.org/article.asp?issn=0189-7969;year=2017;volume=14;issue=2;spage=75;epage=83;aulast=Odeyinka","https://scholar.google.com/scholar?q=related:JssXMoQMh8oJ:scholar.google.com/&scioq=%22waist+circumference%22+nigeria&hl=en&as_sdt=0,5&as_ylo=2017&as_yhi=2017&as_vis=1"
1,"BT Bello, CO Amira","Pattern and predictors of urine protein excretion among patients with type 2 diabetes attending a single tertiary hospital in Lagos, Nigeria",2017,"Saudi Journal of Kidney Diseases and …","sjkdt.org","https://www.sjkdt.org/article.asp?issn=1319-2442;year=2017;volume=28;issue=6;spage=1381;epage=1388;aulast=Bello","https://scholar.google.com/scholar?cites=6495095891623872329&as_sdt=2005&sciodt=0,5&hl=en",135,"2021-07-17 21:08:35","HTML","","","",,,,,1,0.25,1,2,4,"… BMI >25 Kg/m 2 while truncal obesity was defined as a waist circumference >88 cm … Prevalence of microalbuminuria in newly diagnosed type 2 diabetic patients in Jos Nigeria … Oyeyinka G, Arije A. Micro-albuminuria in non-insulin-dependent (type 2) Nigerian diabetics: Relation …","https://www.sjkdt.org/article.asp?issn=1319-2442;year=2017;volume=28;issue=6;spage=1381;epage=1388;aulast=Bello","https://scholar.google.com/scholar?q=related:SQdXCk03I1oJ:scholar.google.com/&scioq=%22waist+circumference%22+nigeria&hl=en&as_sdt=0,5&as_ylo=2017&as_yhi=2017&as_vis=1"
0,"S Hailemariam","WAIST CIRCUMFERENCE CUTOFF POINT DETERMINATION FOR DEFINING METABOLIC SYNDROME AMONG TYPE II DIABETIC MELLITUS PATIENTS AT …",2017,"","213.55.79.198","http://213.55.79.198/xmlui/handle/123456789/940","",136,"2021-07-17 21:08:35","","","","",,,,,0,0.00,0,1,4,"… and duration of diabetes are advisable in order to increase the classification power of WC. Keywords: Diabetic mellitus; Metabolic syndrome; Waist circumference Page 10. 1 1. INTRODUCTION … In 2004, MetS was present in 25.2% of T2DM patients in Nigeria(33) …","http://213.55.79.198/xmlui/bitstream/handle/123456789/940/SHEWIT%20FINAL%20THESIS%20-.pdf?sequence=1&isAllowed=y","https://scholar.google.com/scholar?q=related:T7SGlL76tyMJ:scholar.google.com/&scioq=%22waist+circumference%22+nigeria&hl=en&as_sdt=0,5&as_ylo=2017&as_yhi=2017&as_vis=1"
16,"JM Nuhu, SS Maharaj","Influence of a mini-trampoline rebound exercise program on insulin resistance, lipid profile and central obesity in individuals with type 2 diabetes.",2017,"The journal of sports medicine and physical …","europepmc.org","https://europepmc.org/article/med/28249384","https://scholar.google.com/scholar?cites=14632143589070533857&as_sdt=2005&sciodt=0,5&hl=en",137,"2021-07-17 21:08:35","","","","",,,,,16,4.00,8,2,4,"… 1 author 1. Department of Physiotherapy, Bayero University, Kano, Nigeria -. 1 author 2. Department of Physiotherapy, University of … per week for 12 weeks.Postrebound exercise, significant improvements in insulin resistance, lipid profile and waist circumference were noted …","","https://scholar.google.com/scholar?q=related:4fQO4RHRD8sJ:scholar.google.com/&scioq=%22waist+circumference%22+nigeria&hl=en&as_sdt=0,5&as_ylo=2017&as_yhi=2017&as_vis=1"
62,"V Mogre, ZO Abanga…","Adherence to and factors associated with self-care behaviours in type 2 diabetes patients in Ghana",2017,"BMC …","bmcendocrdisord.biomedcentral …","https://bmcendocrdisord.biomedcentral.com/articles/10.1186/s12902-017-0169-3","https://scholar.google.com/scholar?cites=16256358140593583545&as_sdt=2005&sciodt=0,5&hl=en",138,"2021-07-17 21:08:35","HTML","10.1186/s12902-017-0169-3","","",,,,,62,15.50,21,3,4,"Previous research has failed to examine more than one self-care behaviour in type 2 diabetes patients in Ghana. The purpose of this study is to investigate adult Ghanaian type 2 diabetes patients' adherence to four self-care activities: diet (general and specific), exercise, self-monitoring …","https://bmcendocrdisord.biomedcentral.com/articles/10.1186/s12902-017-0169-3","https://scholar.google.com/scholar?q=related:uTWcV5kvmuEJ:scholar.google.com/&scioq=%22waist+circumference%22+nigeria&hl=en&as_sdt=0,5&as_ylo=2017&as_yhi=2017&as_vis=1"
28,"SK Noor, WM Elmadhoun, SO Bushara…","Glycaemic control in Sudanese individuals with type 2 diabetes: Population based study",2017,"Diabetes & Metabolic …","Elsevier","https://www.sciencedirect.com/science/article/pii/S1871402116302703","https://scholar.google.com/scholar?cites=8931803472577187261&as_sdt=2005&sciodt=0,5&hl=en",139,"2021-07-17 21:08:35","","","","",,,,,28,7.00,7,4,4,"… Lipid profile and glycosylated hemoglobin were tested by calibrated laboratory methods. Blood pressure, Body mass index (BMI) and waist circumference were measured … Waist circumference. Waist circumference was measured by a tape measure at the level of the umbilicus …","","https://scholar.google.com/scholar?q=related:vU2Qgu8j9HsJ:scholar.google.com/&scioq=%22waist+circumference%22+nigeria&hl=en&as_sdt=0,5&as_ylo=2017&as_yhi=2017&as_vis=1"
1,"AA Akintunde, WA Saka…","… risk factors and metabolic syndrome: A study of the prevalence and level of awareness of related risk factors among school teachers in Ogbomoso, South West Nigeria",2017,"Annals of Health …","annalsofhealthresearch.com","http://www.annalsofhealthresearch.com/index.php/ahr/article/view/60","https://scholar.google.com/scholar?cites=13876166187977436475&as_sdt=2005&sciodt=0,5&hl=en",140,"2021-07-17 21:08:35","","","","",,,,,1,0.25,0,3,4,"… [3] The prevalence of metabolic syndrome among adults in the Nigerian population has been … Waist Circumference (cm) 87.52±12.1 85.9±12.6 88.7±11.5 0.108 … observed in the present study was similar to what was demonstrated in other studies from different parts of Nigeria …","https://www.annalsofhealthresearch.com/index.php/ahr/article/download/60/46","https://scholar.google.com/scholar?q=related:O22u_qALksAJ:scholar.google.com/&scioq=%22waist+circumference%22+nigeria&hl=en&as_sdt=0,5&as_ylo=2017&as_yhi=2017&as_vis=1"
29,"C Mizéhoun-Adissoda, D Houinato, C Houehanou…","Dietary sodium and potassium intakes: Data from urban and rural areas",2017,"Nutrition","Elsevier","https://www.sciencedirect.com/science/article/pii/S0899900716301988","https://scholar.google.com/scholar?cites=4284695216763695521&as_sdt=2005&sciodt=0,5&hl=en",141,"2021-07-17 21:08:35","","","","",,,,,29,7.25,7,4,4,"… High intake of sodium was associated with urban area, age <44 y, administrative occupation, higher income, body mass index (BMI) ≥25 kg/m 2 , and a large waist circumference … Women, 182, 51.4, BMI (kg/m 2 ), 354, 24.3 ± 4.9, Waist circumference (cm). Men, 172, 84.6 ± 11.5 …","","https://scholar.google.com/scholar?q=related:ofEDLplLdjsJ:scholar.google.com/&scioq=%22waist+circumference%22+nigeria&hl=en&as_sdt=0,5&as_ylo=2017&as_yhi=2017&as_vis=1"
8,"NG Chamba, ER Shao, T Sonda…","Lipid profile of Type 2 diabetic patients at a tertiary hospital in Tanzania: cross sectional study",2017,"J Endocrinol …","pdfs.semanticscholar.org","https://pdfs.semanticscholar.org/be98/0b99bf1d393ecfb7ddbf23f99e9e93b399bb.pdf","https://scholar.google.com/scholar?cites=2895554444560692638&as_sdt=2005&sciodt=0,5&hl=en",142,"2021-07-17 21:08:35","PDF","","","",,,,,8,2.00,2,4,4,"… Waist Circumference 0.2 (0.1-1.0) 0.001 0.1 (0.2-2.5) 0.525 … Within the African continent, similar studies have revealed high prevalence of dyslipidemia among diabetic patients; in Nigeria 82.6% to 90.7% from 2008-2011 respectively [8, 9, 10] and in South Africa [11] …","https://pdfs.semanticscholar.org/be98/0b99bf1d393ecfb7ddbf23f99e9e93b399bb.pdf","https://scholar.google.com/scholar?q=related:nvXXD20TLygJ:scholar.google.com/&scioq=%22waist+circumference%22+nigeria&hl=en&as_sdt=0,5&as_ylo=2017&as_yhi=2017&as_vis=1"
0,"HF Ghazi, M Elnajeh, M AbdalQader, MF Baobaid…","Research Article Prevalence of Hypertension and its Association with Nutritional Factors Among University Students in Shah Alam, Malaysia",2017,"","researchgate.net","https://www.researchgate.net/profile/Hasanain-Ghazi/publication/318702403_Prevalence_of_Hypertension_and_its_Association_with_Nutritional_Factors_Among_University_Students_in_Shah_Alam_Malaysia/links/597c75870f7e9b8802c39185/Prevalence-of-Hypertension-and-its-Association-with-Nutritional-Factors-Among-University-Students-in-Shah-Alam-Malaysia.pdf","",143,"2021-07-17 21:08:35","PDF","","","",,,,,0,0.00,0,5,4,"… This result is consistent with a previous study conducted in Nigeria by Tadesse … Relationship between waist circumference and blood pressure among the population in Baghdad, Iraq … of cardiometabolic risk factors among a rural Yoruba South-Western Nigerian population: A …","https://www.researchgate.net/profile/Hasanain-Ghazi/publication/318702403_Prevalence_of_Hypertension_and_its_Association_with_Nutritional_Factors_Among_University_Students_in_Shah_Alam_Malaysia/links/597c75870f7e9b8802c39185/Prevalence-of-Hypertension-and-its-Association-with-Nutritional-Factors-Among-University-Students-in-Shah-Alam-Malaysia.pdf","https://scholar.google.com/scholar?q=related:DFWOphr8rocJ:scholar.google.com/&scioq=%22waist+circumference%22+nigeria&hl=en&as_sdt=0,5&as_ylo=2017&as_yhi=2017&as_vis=1"
13,"A Tadewos, T Egeno, A Amsalu","Risk factors of metabolic syndrome among hypertensive patients at Hawassa University Comprehensive Specialized Hospital, Southern Ethiopia",2017,"BMC cardiovascular disorders","Springer","https://link.springer.com/article/10.1186/s12872-017-0648-5","https://scholar.google.com/scholar?cites=6915426883816544895&as_sdt=2005&sciodt=0,5&hl=en",144,"2021-07-17 21:08:35","HTML","10.1186/s12872-017-0648-5","","",,,,,13,3.25,4,3,4,"… This include abdominal obesity [defined as waist circumference (WC) >102 cm in men and >88 cm in … it is higher than the prevalence reported from Abuja state in the Nigeria, which was … reality that only newly identified hypertensive individuals were involved in the Nigerian study …","https://link.springer.com/article/10.1186/s12872-017-0648-5","https://scholar.google.com/scholar?q=related:f1oSgByI-F8J:scholar.google.com/&scioq=%22waist+circumference%22+nigeria&hl=en&as_sdt=0,5&as_ylo=2017&as_yhi=2017&as_vis=1"
0,"M Olamoyegun, B Kolawole, AAL Ajayi","The impact of lisinopril‑thiazide and thiazide on beta cell function and insulin resistance in Nigerian Hypertensives: Investigating the role of ethnicity and gender",2017,"Journal of Pharmacology …","academia.edu","https://www.academia.edu/download/53347837/JPP-PDF2017.pdf","",145,"2021-07-17 21:08:35","PDF","","","",,,,,0,0.00,0,3,4,"… cell and IR as well as any modification of this by Lis in Nigerian hypertensives … part of Nigeria and is about 200 km from Lagos the commercial capital city of Nigeria … Body mass index (BMI), waist circumference (WC), and waist-hip ratio (WHR) were comparable in both groups …","https://www.academia.edu/download/53347837/JPP-PDF2017.pdf","https://scholar.google.com/scholar?q=related:p8OjMkWJAp8J:scholar.google.com/&scioq=%22waist+circumference%22+nigeria&hl=en&as_sdt=0,5&as_ylo=2017&as_yhi=2017&as_vis=1"
1,"NO Onuoha, AM Okafor, LK Okeke","Glycaemic indices of unripe plantain (Musa paradisiaca) and unripe red banana (Musa sp. AAA) flour meals",2017,"Bio-research","ajol.info","https://www.ajol.info/index.php/br/article/view/188318","https://scholar.google.com/scholar?cites=706565229998000807&as_sdt=2005&sciodt=0,5&hl=en",146,"2021-07-17 21:08:35","","","","",,,,,1,0.25,0,3,4,"… between the ages of 20 and 29 years old were recruited from the Department of Home Science, Nutrition and Dietetics, University of Nigeria, Nsukka for the study. Anthropometric measurement Anthropometric measurements of weight, height, waist circumference and hip …","https://www.ajol.info/index.php/br/article/view/188318/177581","https://scholar.google.com/scholar?q=related:p0qsSFU5zgkJ:scholar.google.com/&scioq=%22waist+circumference%22+nigeria&hl=en&as_sdt=0,5&as_ylo=2017&as_yhi=2017&as_vis=1"
6,"SN Chinedu, OC Emiloju…","Association between age, gender and body weight in educational institutions in Ota, Southwest Nigeria",2017,"Asian Journal …","eprints.covenantuniversity.edu.ng","http://eprints.covenantuniversity.edu.ng/9948/","https://scholar.google.com/scholar?cites=5741582085723691551&as_sdt=2005&sciodt=0,5&hl=en",147,"2021-07-17 21:08:35","","","","",,,,,6,1.50,2,3,4,"… 17. Chinedu, SN, OO Ogunlana, DE Azuh, EEJ Iweala and IS Afolabi et al., 2013. Correlation between body mass index and waist circumference in Nigerian adults: Implication as indicators of health status … Child survival situation in Nigeria: A policy brief …","http://eprints.covenantuniversity.edu.ng/9948/1/Association%20between%20age%2C%20gender%20and%20body%20weight-1.pdf","https://scholar.google.com/scholar?q=related:H5pOnHwyrk8J:scholar.google.com/&scioq=%22waist+circumference%22+nigeria&hl=en&as_sdt=0,5&as_ylo=2017&as_yhi=2017&as_vis=1"
17,"P Jésus, M Guerchet, S Pilleron, P Fayemendy…","Undernutrition and obesity among elderly people living in two cities of developing countries: prevalence and associated factors in the EDAC study",2017,"Clinical nutrition …","Elsevier","https://www.sciencedirect.com/science/article/pii/S2405457717300566","https://scholar.google.com/scholar?cites=15922813012568992191&as_sdt=2005&sciodt=0,5&hl=en",148,"2021-07-17 21:08:35","","","","",,,,,17,4.25,3,5,4,"… Participants were aged ≥65 years old and underwent nutritional assessment including the following measurements: weight, height, body mass index (BMI), waist circumference (WC). Diet was also investigated … Western Africa. WC waist circumference. 1. Introduction …","","https://scholar.google.com/scholar?q=related:v2kkfxIy-dwJ:scholar.google.com/&scioq=%22waist+circumference%22+nigeria&hl=en&as_sdt=0,5&as_ylo=2017&as_yhi=2017&as_vis=1"
0,"MA Monserrat, UN Student","Bibliographic Review about Anthropometric Measurements in Mother-Child Dyads",,"nursingrepository.org","","https://www.nursingrepository.org/bitstream/handle/10755/621672/Ojeda_83664.pdf?sequence=1","",149,"2021-07-17 21:08:35","PDF","","","",,,,,0,0.00,0,2,,"… Mostazir, M., Jeffery, A., Voss, L. & Wilkin, T. (2013). Gender-assortative waist circumference in mother–daughter and father–son pairs, and its implications … Maternal overweight/obesity characteristics and child anthropometric status in Jos, Nigeria. Nigerian Medical Journal, Vol …","https://www.nursingrepository.org/bitstream/handle/10755/621672/Ojeda_83664.pdf?sequence=1",""
0,"EA Ajayi, PT Adegun, GO Akanbi…","Association Between Prostatic Volume, Metabolic Syndrome and Left Ventricular Mass: A Cross Sectional Study",2017,"Clinical Medicine …","article.clinmedicine.org","http://article.clinmedicine.org/pdf/10.11648.j.cmr.20170604.11.pdf","",150,"2021-07-17 21:08:35","PDF","","","",,,,,0,0.00,0,4,4,"… prospective, cross-sectional study of patients that presented to the Urology, Medical and General Outpatient Clinics of a tertiary health institution in Nigeria … Waist circumference was measured midway between the costal margin and the iliac crest at the end of a normal expiration …","http://article.clinmedicine.org/pdf/10.11648.j.cmr.20170604.11.pdf","https://scholar.google.com/scholar?q=related:dAibdAyuTSAJ:scholar.google.com/&scioq=%22waist+circumference%22+nigeria&hl=en&as_sdt=0,5&as_ylo=2017&as_yhi=2017&as_vis=1"
1,"CC Onoh, IL Nwaogazie, EI Achalu","Prevalence and Atherogenic Index of Plasma as a Predictor of Cardiometabolic Syndrome amongst Road Transport Workers in Owerri",2017,"International Journal of …","journalbank.org","https://journalbank.org/index.php/IJTDH/article/view/1870","https://scholar.google.com/scholar?cites=8330352453110035346&as_sdt=2005&sciodt=0,5&hl=en",151,"2021-07-17 21:08:35","","","","",,,,,1,0.25,0,3,4,"… to be statistically significant and positively correlated with waist circumference (WC) and … cardiovascular diseases are independently associated with dyslipidaemia among Nigerians [12 … Atherogenic Index of Plasma among populations with cardiometabolic syndrome in Nigeria …","https://journalbank.org/index.php/IJTDH/article/download/1870/3737","https://scholar.google.com/scholar?q=related:knNthWtbm3MJ:scholar.google.com/&scioq=%22waist+circumference%22+nigeria&hl=en&as_sdt=0,5&as_ylo=2017&as_yhi=2017&as_vis=1"
1,"Y Aliyu, AG Adesiyun, S Avidime…","Prevalence of obesity and outcome of weight loss on reproduction: A study among women attending infertility clinic in Zaria, Northern Nigeria",2017,"Archives of Medicine and …","archms.org","https://www.archms.org/article.asp?issn=WKMP-0146;year=2017;volume=2;issue=1;spage=3;epage=6;aulast=Aliyu","https://scholar.google.com/scholar?cites=17386631216200943161&as_sdt=2005&sciodt=0,5&hl=en",152,"2021-07-17 21:08:35","HTML","","","",,,,,1,0.25,0,4,4,"… Obesity and its implication in thirty Nigerian patients in Lagos … Obesity overweight and underweight in sub urban Northern Nigeria … The prevalence of obesity as indicated by BMI and waist circumference among Nigerian adults attending family medicine clinics as outpatients in …","https://www.archms.org/article.asp?issn=WKMP-0146;year=2017;volume=2;issue=1;spage=3;epage=6;aulast=Aliyu","https://scholar.google.com/scholar?q=related:OQZgCvm4SfEJ:scholar.google.com/&scioq=%22waist+circumference%22+nigeria&hl=en&as_sdt=0,5&as_ylo=2017&as_yhi=2017&as_vis=1"
2,"VK Oriji, JD Ojule, BO Fumudoh","Prediction of gestational diabetes mellitus in early pregnancy: is abdominal skin fold thickness 20 mm or more an independent risk predictor?",2017,"Journal of Biosciences and Medicines","scirp.org","https://www.scirp.org/html/2-2150456_80438.htm","https://scholar.google.com/scholar?cites=13103771305330768151&as_sdt=2005&sciodt=0,5&hl=en",153,"2021-07-17 21:08:35","HTML","","","",,,,,2,0.50,1,3,4,"… among Obese Patients at the University of Port Harcourt Teaching Hospital Nigeria … and Enyinda, GT (2001) Gestational Diabetes Mellitus in a Nigerian Antenatal Population … Institute (2016) Classification of Overweight and Obesity by BMI, Waist Circumference and Associated …","https://www.scirp.org/html/2-2150456_80438.htm","https://scholar.google.com/scholar?q=related:F3kyUJPy2bUJ:scholar.google.com/&scioq=%22waist+circumference%22+nigeria&hl=en&as_sdt=0,5&as_ylo=2017&as_yhi=2017&as_vis=1"
1,"CECC Ejike, PO Ukegbu","Not a 'Straitjacket Affair': Anthropometrically Derived Obesity Index Correlates of Elevated Blood Pressure among University Undergraduates",2017,"Medical Sciences","mdpi.com","https://www.mdpi.com/196994","https://scholar.google.com/scholar?cites=4178402849682526685&as_sdt=2005&sciodt=0,5&hl=en",154,"2021-07-17 21:08:35","","","","",,,,,1,0.25,1,2,4,"… The waist circumference (WC) of each subject was measured using a non-elastic fibre glass … A recent population-based study of men in Nigeria found hypertension and prehypertension to … [15] had, however, reported a prevalence of 13.8% for hypertension in Nigerian adults, a …","https://www.mdpi.com/2076-3271/5/2/9/pdf","https://scholar.google.com/scholar?q=related:3ZHO70Cr_DkJ:scholar.google.com/&scioq=%22waist+circumference%22+nigeria&hl=en&as_sdt=0,5&as_ylo=2017&as_yhi=2017&as_vis=1"
9,"FO Anumah, R Mshelia-Reng, A Abubakar, T Sough…","Management outcome of diabetic foot ulcers in a teaching hospital in Abuja, Nigeria",2017,"Age (Years)","jdfc.org","https://www.jdfc.org/wp-content/uploads/2017/06/a3/v9i1a3.pdf","https://scholar.google.com/scholar?cites=15759782483121777081&as_sdt=2005&sciodt=0,5&hl=en",155,"2021-07-17 21:08:35","PDF","","","",,,,,9,2.25,2,5,4,"… DM:Diabetes Mellitus, FU:Foot Ulcer, BMI:Body Mass Index, WC:Waist Circumference, RBS:Random Blood Sugar … foot syndrome: an evaluation of risk factors, disease burden and economic costs in Nigerian with diabetes … National Post graduate Medical College of Nigeria …","https://www.jdfc.org/wp-content/uploads/2017/06/a3/v9i1a3.pdf","https://scholar.google.com/scholar?q=related:uanlY6v-tdoJ:scholar.google.com/&scioq=%22waist+circumference%22+nigeria&hl=en&as_sdt=0,5&as_ylo=2017&as_yhi=2017&as_vis=1"
17,"RP Duquia, IS Dos Santos, H de Almeida Jr…","Epidemiology of acne vulgaris in 18-year-old male army conscripts in a South Brazilian city",2017,"Dermatology","karger.com","https://www.karger.com/Article/Abstract/475775","https://scholar.google.com/scholar?cites=16610486188345163770&as_sdt=2005&sciodt=0,5&hl=en",156,"2021-07-17 21:08:35","","","","",,,,,17,4.25,4,4,4,"… This finding is in agreement with results from Australia, Nigeria, Peru, and Turkey [3,18 … that in children without acne [9]. In our study, we used waist circumference and BMI … Yahya H: Acne vulgaris in Nigerian adolescents - prevalence, severity, beliefs, perceptions, and practices …","https://www.researchgate.net/profile/Paulo-Souza-19/publication/317600023_Epidemiology_of_Acne_Vulgaris_in_18-Year-Old_Male_Army_Conscripts_in_a_South_Brazilian_City/links/5beb39064585150b2bb4dee4/Epidemiology-of-Acne-Vulgaris-in-18-Year-Old-Male-Army-Conscripts-in-a-South-Brazilian-City.pdf","https://scholar.google.com/scholar?q=related:-n_Yoi5NhOYJ:scholar.google.com/&scioq=%22waist+circumference%22+nigeria&hl=en&as_sdt=0,5&as_ylo=2017&as_yhi=2017&as_vis=1"
2,"G Udoh Uwemedimo, D Edem Gabriel…","Relationship between height and Armspan length in adults of the Annang ethnic group of Nigeria",2017,"IJAR","researchgate.net","https://www.researchgate.net/profile/Uwemedimo-Udoh/publication/324890745_Relationship_between_height_and_Armspan_length_in_adults_of_the_Annang_ethnic_group_of_Nigeria/links/5ae99b59a6fdcc03cd903d5a/Relationship-between-height-and-Armspan-length-in-adults-of-the-Annang-ethnic-group-of-Nigeria.pdf","https://scholar.google.com/scholar?cites=10876293738730342470&as_sdt=2005&sciodt=0,5&hl=en",157,"2021-07-17 21:08:35","PDF","","","",,,,,2,0.50,1,3,4,"… 2003; 59:189-92. 2. Yabanci N, Selim K, Isil S. The relationship between height and arm span, midupper arm and waist circumference in children, Annals of Human Biology … Prediction of the Height of Esan Ethnic Group of Nigeria, using Armspan length … Nigerian Adults …","https://www.researchgate.net/profile/Uwemedimo-Udoh/publication/324890745_Relationship_between_height_and_Armspan_length_in_adults_of_the_Annang_ethnic_group_of_Nigeria/links/5ae99b59a6fdcc03cd903d5a/Relationship-between-height-and-Armspan-length-in-adults-of-the-Annang-ethnic-group-of-Nigeria.pdf","https://scholar.google.com/scholar?q=related:RsjTwYdb8JYJ:scholar.google.com/&scioq=%22waist+circumference%22+nigeria&hl=en&as_sdt=0,5&as_ylo=2017&as_yhi=2017&as_vis=1"
16,"SI Gupta, RKMR Gupta, MII KulShReStha…","Evaluation of ECG abnormalities in patients with asymptomatic type 2 diabetes mellitus",2017,"Journal of clinical and …","ncbi.nlm.nih.gov","https://www.ncbi.nlm.nih.gov/pmc/articles/PMC5449835/","https://scholar.google.com/scholar?cites=6121679992238866398&as_sdt=2005&sciodt=0,5&hl=en",158,"2021-07-17 21:08:35","HTML","","","",,,,,16,4.00,4,4,4,"… variables studied were: gender, age, smoking, physical activity, and waist circumference, Body Mass … abnormalities in persons with type 2 diabetes in Kaduna, Northern Nigeria … variants and determinants of electrocardiographic abnormalities amongst elderly Nigerians with type …","https://www.ncbi.nlm.nih.gov/pmc/articles/PMC5449835/","https://scholar.google.com/scholar?q=related:3n8D1oST9FQJ:scholar.google.com/&scioq=%22waist+circumference%22+nigeria&hl=en&as_sdt=0,5&as_ylo=2017&as_yhi=2017&as_vis=1"
1,"DM Virginia, F Fenty","Correlation Between Anthropometric Measurements and Risk of Anemia Among Rural Community in Cangkringan, Sleman",2017,"Journal of Pharmaceutical Sciences and …","neliti.com","https://www.neliti.com/publications/229863/correlation-between-anthropometric-measurements-and-risk-of-anemia-among-rural-c","https://scholar.google.com/scholar?cites=7414591486420477686&as_sdt=2005&sciodt=0,5&hl=en",159,"2021-07-17 21:08:35","","","","",,,,,1,0.25,1,2,4,"… A study in Nigeria by Ugwuja et al … Anemia in relation to body mass index and waist circumference among Chinese women … Anaemia in Relation to Body Mass Index (BMI) and Socio-Demographic Characteristics in Adult Nigerians in Page 8 …","https://media.neliti.com/media/publications/229863-correlation-between-anthropometric-measu-61e2c9e3.pdf","https://scholar.google.com/scholar?q=related:9ma6Nqzr5WYJ:scholar.google.com/&scioq=%22waist+circumference%22+nigeria&hl=en&as_sdt=0,5&as_ylo=2017&as_yhi=2017&as_vis=1"
5,"S Bajaj, Y Pathak, S Varma, S Verma","Metabolic status and hypogonadism in human immunodeficiency virus-infected males",2017,"Indian journal of …","ncbi.nlm.nih.gov","https://www.ncbi.nlm.nih.gov/pmc/articles/PMC5628536/","https://scholar.google.com/scholar?cites=9711845292715062667&as_sdt=2005&sciodt=0,5&hl=en",160,"2021-07-17 21:08:35","HTML","","","",,,,,5,1.25,1,4,4,"… al.,[11] it was found that despite adjustment for BMI and waist circumference, there were a … In a prospective case–control study conducted in Nigeria,[13] a strong association was … Uchechukwu J, Pius Oparinde D. Hypogonadism and metabolic syndrome in Nigerian male patients …","https://www.ncbi.nlm.nih.gov/pmc/articles/PMC5628536/","https://scholar.google.com/scholar?q=related:i7XUkdZnx4YJ:scholar.google.com/&scioq=%22waist+circumference%22+nigeria&hl=en&as_sdt=0,5&as_ylo=2017&as_yhi=2017&as_vis=1"
16,"DR Silva, AO Werneck, PJ Collings, D Ohara…","Cardiorespiratory fitness effect may be under-estimated in 'fat but fit'hypothesis studies",2017,"Annals of human …","Taylor & Francis","https://www.tandfonline.com/doi/abs/10.1080/03014460.2016.1229029","https://scholar.google.com/scholar?cites=17965842007641534660&as_sdt=2005&sciodt=0,5&hl=en",161,"2021-07-17 21:08:35","","10.1080/03014460.2016.1229029","","",,,,,16,4.00,3,5,4,"… Waist circumference was measured according to the recommendations of Katzmarzyk et al. (2004), using an anthropometric tape with a precision of 0.1 cm … Table 2. Crude and multivariate regression models for CVD risk (with and without waist circumference) prediction …","https://repositorio.unesp.br/bitstream/handle/11449/168971/2-s2.0-84988651883.pdf?sequence=1","https://scholar.google.com/scholar?q=related:xLBDbB5-U_kJ:scholar.google.com/&scioq=%22waist+circumference%22+nigeria&hl=en&as_sdt=0,5&as_ylo=2017&as_yhi=2017&as_vis=1"
6,"KW Wahab, M Owolabi, R Akinyemi, C Jenkins…","Short-term pilot feasibility study of a nurse-led intervention to improve blood pressure control after stroke in Nigeria",2017,"Journal of the …","Elsevier","https://www.sciencedirect.com/science/article/pii/S0022510X17302393","https://scholar.google.com/scholar?cites=15815683639337672418&as_sdt=2005&sciodt=0,5&hl=en",162,"2021-07-17 21:08:35","","","","",,,,,6,1.50,1,5,4,"… Usual care after stroke in Nigeria typically involves at least one scheduled follow-up visit after the initial diagnostic encounter with a neurologist … NGN = Nigerian Naira; SBP = systolic blood pressure; DBP = diastolic blood pressure; WC = Waist circumference; BMI = Body …","","https://scholar.google.com/scholar?q=related:4t6tknmYfNsJ:scholar.google.com/&scioq=%22waist+circumference%22+nigeria&hl=en&as_sdt=0,5&as_ylo=2017&as_yhi=2017&as_vis=1"
16,"HM Wong, SM Peng, Y Yang, NM King…","Tooth eruption and obesity in 12-year-old children",2017,"Journal of dental …","Elsevier","https://www.sciencedirect.com/science/article/pii/S1991790216300988","https://scholar.google.com/scholar?cites=9117230637475529514&as_sdt=2005&sciodt=0,5&hl=en",163,"2021-07-17 21:08:35","HTML","","","",,,,,16,4.00,3,5,4,"… Body height, body weight, waist circumference (WC), hip circumference, and triceps skinfold thickness (TRSKF) were measured to assess the adiposity statuses [weight-height ratio (W/H) and body mass index (BMI) for general obesity; WC and waist-hip ratio (WHR) for central …","https://www.sciencedirect.com/science/article/pii/S1991790216300988","https://scholar.google.com/scholar?q=related:KoMJqvXohn4J:scholar.google.com/&scioq=%22waist+circumference%22+nigeria&hl=en&as_sdt=0,5&as_ylo=2017&as_yhi=2017&as_vis=1"
0,"C Chundusu","Diabetic Patients with Carotid Plagues",2017,"","140.105.46.149","https://140.105.46.149/jspui/handle/123456789/2418","",164,"2021-07-17 21:08:35","","","","",,,,,0,0.00,0,1,4,"… University of Jos, Nigeria *Corresponding author: Caleb Chundusu, Department of Medicine, University of Jos, Nigeria, Tel:+234 … It compares clinical features (height, weight, hip circumference, waist circumference, and blood pressures), chemical laboratory (electrolytes, urea …","https://140.105.46.149/jspui/bitstream/123456789/2418/1/diabetic-patients-with-carotid-plagues.pdf","https://scholar.google.com/scholar?q=related:mPFmijdtJTkJ:scholar.google.com/&scioq=%22waist+circumference%22+nigeria&hl=en&as_sdt=0,5&as_ylo=2017&as_yhi=2017&as_vis=1"
0,"ADAR ULOKO","… STUDY OF RENAL FUNCTION IN THE ELDERLY AND YOUNGER SUBJECTS IN IBADAN NORTH LOCAL GOVERNMENT AREA OF OYO STATE, NIGERIA",2017,"Faculty of INTERNAL MEDICINE","dissertation.npmcn.edu.ng","http://www.dissertation.npmcn.edu.ng/index.php/FMCP/article/download/401/791","",165,"2021-07-17 21:08:35","PDF","","","",,,,,0,0.00,0,1,4,"… and mortality and health care cost.15 In Nigeria (and most of Africa) there is paucity of data on kidney function, CKD prevalence, health care cost and strategies in the elderly population. Thus, a study evaluating the profile of renal function in elderly Nigerians is necessary to …","http://www.dissertation.npmcn.edu.ng/index.php/FMCP/article/download/401/791","https://scholar.google.com/scholar?q=related:lyE-BFBM2_oJ:scholar.google.com/&scioq=%22waist+circumference%22+nigeria&hl=en&as_sdt=0,5&as_ylo=2017&as_yhi=2017&as_vis=1"
9,"S Anand, Y Zheng, ME Montez-Rath, WJ Wei…","Do attributes of persons with chronic kidney disease differ in low-income and middle-income countries compared with high-income countries? Evidence from …",2017,"BMJ global …","gh.bmj.com","https://gh.bmj.com/content/2/4/e000453.abstract","https://scholar.google.com/scholar?cites=2110892505658380436&as_sdt=2005&sciodt=0,5&hl=en",166,"2021-07-17 21:08:35","","","","",,,,,9,2.25,2,5,4,"Skip to main content. Viewing from: Google Indexer. BMJ Journals. Log In More …","https://gh.bmj.com/content/bmjgh/2/4/e000453.full.pdf","https://scholar.google.com/scholar?q=related:lFDNxoxlSx0J:scholar.google.com/&scioq=%22waist+circumference%22+nigeria&hl=en&as_sdt=0,5&as_ylo=2017&as_yhi=2017&as_vis=1"
25,"N Ekeke, KN Ukwaja, JN Chukwu, CC Nwafor…","Screening for diabetes mellitus among tuberculosis patients in Southern Nigeria: a multi-centre implementation study under programme settings",2017,"Scientific reports","nature.com","https://www.nature.com/articles/srep44205","https://scholar.google.com/scholar?cites=12050963681075257889&as_sdt=2005&sciodt=0,5&hl=en",167,"2021-07-17 21:08:35","HTML","","","",,,,,25,6.25,5,5,4,"… Nigeria: a multi-centre implementation study under programme settings … Implementation studies are recommended to assess the feasibility and effectiveness of programmes. In Nigeria, little is known about the burden of diabetes mellitus (DM) among tuberculosis (TB) patients …","https://www.nature.com/articles/srep44205","https://scholar.google.com/scholar?q=related:IeKfg56fPacJ:scholar.google.com/&scioq=%22waist+circumference%22+nigeria&hl=en&as_sdt=0,5&as_ylo=2017&as_yhi=2017&as_vis=1"
5,"UE Ekrikpo, EE Effa, EE Akpan, AS Obot…","Clinical utility of urinary β2-Microglobulin in detection of early nephropathy in african diabetes mellitus patients",2017,"International journal of …","hindawi.com","https://www.hindawi.com/journals/ijn/2017/4093171/","https://scholar.google.com/scholar?cites=7324448517718102488&as_sdt=2005&sciodt=0,5&hl=en",168,"2021-07-17 21:08:35","HTML","","","",,,,,5,1.25,1,5,4,"… We may soon see diabetic nephropathy as the commonest cause of end stage renal disease in Nigeria, resembling the scenario in the developed world … Body mass index (kg/m 2 ) ∗∗ 26.9 ± 4.5 26.2 ± 6.1 0.34 Δ Waist circumference (cm) ∗∗ 95.8 ± 12.6 89.0 ± 15.3 0.007 Δ …","https://www.hindawi.com/journals/ijn/2017/4093171/","https://scholar.google.com/scholar?q=related:2FE5yh6rpWUJ:scholar.google.com/&scioq=%22waist+circumference%22+nigeria&hl=en&as_sdt=0,5&as_ylo=2017&as_yhi=2017&as_vis=1"
0,"MT UMAR","EFFECT OF EXERCISE OR METFORMIN ON PREDIABETES AMONG NIGERIANS: A RANDOMISED PLACEBO CONTROLLED TRIAL",2017,"Faculty of INTERNAL MEDICINE","dissertation.npmcn.edu.ng","http://dissertation.npmcn.edu.ng/index.php/FMCP/article/download/379/811","",169,"2021-07-17 21:08:35","PDF","","","",,,,,0,0.00,0,1,4,"Page 1. 1 EFFECT OF EXERCISE OR METFORMIN ON PREDIABETES AMONG NIGERIANS: A RANDOMISED PLACEBO CONTROLLED TRIAL … 2 1.4 Prediabetes in Nigeria 2 … 64 5.6 Predictors of Glycaemic Response to Interventions in Nigerian Subjects with Prediabetes 64 …","http://dissertation.npmcn.edu.ng/index.php/FMCP/article/download/379/811","https://scholar.google.com/scholar?q=related:ROatKFck2nQJ:scholar.google.com/&scioq=%22waist+circumference%22+nigeria&hl=en&as_sdt=0,5&as_ylo=2017&as_yhi=2017&as_vis=1"
0,"AT LAWAL-BELLO","… OF VITAMIN D TO GLYCAEMIA AND KIDNEY FUNCTION IN ADULT NIGERIANS WITH TYPE 2 DIABETES MELLITUS IN ILE-IFE, SOUTH WEST NIGERIA",2017,"Faculty of INTERNAL MEDICINE","dissertation.npmcn.edu.ng","http://www.dissertation.npmcn.edu.ng/index.php/FMCP/article/download/716/488","",170,"2021-07-17 21:08:35","PDF","","","",,,,,0,0.00,0,1,4,"… 1.6 ALTERNATE HYPOTHESIS 1 There is a difference in the vitamin D status of Nigerians with type 2 DM … Evidence regarding the prevalence of hypovitaminosis D in type 2 DM patients in Nigeria is scares … status of adult Nigerian with type 2 DM and its effect on glycaemia and …","http://www.dissertation.npmcn.edu.ng/index.php/FMCP/article/download/716/488","https://scholar.google.com/scholar?q=related:e9hMLMlXs9sJ:scholar.google.com/&scioq=%22waist+circumference%22+nigeria&hl=en&as_sdt=0,5&as_ylo=2017&as_yhi=2017&as_vis=1"
24,"CC de Oliveira, AKC Roriz, LB Ramos…","Indicators of adiposity predictors of metabolic syndrome in the elderly",2017,"Annals of Nutrition and …","karger.com","https://www.karger.com/Article/Abstract/455333","https://scholar.google.com/scholar?cites=2434283633367778394&as_sdt=2005&sciodt=0,5&hl=en",171,"2021-07-17 21:08:35","","","","",,,,,24,6.00,6,4,4,"… Nigerian male geriatric population. J Rural Trop Public Health 2011;10:101-105. Zeng Q, He Y, Dong S, Zhao X, Chen Z, Song Z, et al: Optimal cut-off values of BMI, waist circumference and waist:height ratio for defining obesity in Chinese adults. Br J Nutr 2014;112:1735-1744 …","https://www.researchgate.net/profile/Mansueto-Neto/publication/312566741_Indicators_of_Adiposity_Predictors_of_Metabolic_Syndrome_in_the_Elderly/links/5a4bcb0ca6fdcc3e99cf5f3d/Indicators-of-Adiposity-Predictors-of-Metabolic-Syndrome-in-the-Elderly.pdf","https://scholar.google.com/scholar?q=related:WgRvMRFQyCEJ:scholar.google.com/&scioq=%22waist+circumference%22+nigeria&hl=en&as_sdt=0,5&as_ylo=2017&as_yhi=2017&as_vis=1"
0,"S Anand, Y Zheng, ME Montez-Rath, W Jin…","Do attributes of persons with chronic kidney disease differ in low-and middle-income countries compared to high income countries? Evidence from population-based …",2017,"BMJ Global …","ora.ox.ac.uk","https://ora.ox.ac.uk/objects/uuid:ce5ebfe7-cbe3-4856-bddf-e4c939bdce78","",172,"2021-07-17 21:08:35","","","","",,,,,0,0.00,0,5,4,"… by profiles within country; significant albuminuria was most common in Nigeria for both profiles 1 and 4. Supplemental analyses relying solely on … Missingness of waist circumference data was high in this study; thus 27% of persons in profile 4 had missing data for other profiles …","https://ora.ox.ac.uk/objects/uuid:ce5ebfe7-cbe3-4856-bddf-e4c939bdce78/download_file?safe_filename=e000453.full.pdf&file_format=application%2Fpdf&type_of_work=Journal+article","https://scholar.google.com/scholar?q=related:cWD7lHW0a_cJ:scholar.google.com/&scioq=%22waist+circumference%22+nigeria&hl=en&as_sdt=0,5&as_ylo=2017&as_yhi=2017&as_vis=1"
35,"H Zhang, H Xu, F Song, W Xu…","Relation of socioeconomic status to overweight and obesity: a large population-based study of Chinese adults",2017,"Annals of human …","Taylor & Francis","https://www.tandfonline.com/doi/abs/10.1080/03014460.2017.1328072","https://scholar.google.com/scholar?cites=11988051022769148776&as_sdt=2005&sciodt=0,5&hl=en",173,"2021-07-17 21:08:35","","10.1080/03014460.2017.1328072","","",,,,,35,8.75,7,5,4,"… Waist circumference, body weight and height were measured following standard procedures … Published online: 23 May 2017. Table 1. Characteristics of the study participants by body mass index (BMI) and waist circumference (n = 7351) …","","https://scholar.google.com/scholar?q=related:aNNpyeMcXqYJ:scholar.google.com/&scioq=%22waist+circumference%22+nigeria&hl=en&as_sdt=0,5&as_ylo=2017&as_yhi=2017&as_vis=1"
0,"N Amidu, PPM Dapare, Y Adams","Impact of Nutrient Intake and Physical Activity Level on Nutritional Status among University Students in Ghana",2017,"Journal of Advances in …","journaljammr.com","http://journaljammr.com/index.php/JAMMR/article/view/11415","",174,"2021-07-17 21:08:35","","","","",,,,,0,0.00,0,3,4,"… Majority of level 100 and 200 students were overweight for waist circumference classifications whiles level … study is lower than results obtained among similar population in Nigeria [26] and … physical activity and obesity among biomedical college students in a Nigerian university …","http://journaljammr.com/index.php/JAMMR/article/download/11415/20702","https://scholar.google.com/scholar?q=related:vBpgTTL4VXMJ:scholar.google.com/&scioq=%22waist+circumference%22+nigeria&hl=en&as_sdt=0,5&as_ylo=2017&as_yhi=2017&as_vis=1"
0,"AC Death","The Detection Rate of Hypertension and Related Risk Factors in Children and Adolescents in Fuzhou",2017,"American Journal of Hypertension","academic.oup.com","https://academic.oup.com/ajh/article-abstract/30/4/451/3062245","",175,"2021-07-17 21:08:35","","","","",,,,,0,0.00,0,1,4,"… One class was randomly selected each grade in each school, and a total of 1,371 students of 6–17 years old were interviewed face-to-face and underwent physical examination including the measurements of blood pressure, height, weight, waist circumference, and heart rate …","",""
26,"MV Nascimento-Ferreira, T Rendo-Urteaga…","The lipid accumulation product is a powerful tool to predict metabolic syndrome in undiagnosed Brazilian adults",2017,"Clinical Nutrition","Elsevier","https://www.sciencedirect.com/science/article/pii/S0261561416313619","https://scholar.google.com/scholar?cites=18172435220206238534&as_sdt=2005&sciodt=0,5&hl=en",176,"2021-07-17 21:08:35","","","","",,,,,26,6.50,9,3,4,"… included. The independent variables were body mass index (BMI), waist circumference (WC), waist-to-height ratio (WHtR) and waist-to-hip ratio (WHR) and LAP … Waist circumference, cm, 96.1, ±13.0, 99.2, ±12.5, 94.2, ±13.0, 0.008. Waist …","","https://scholar.google.com/scholar?q=related:RrswFI11MfwJ:scholar.google.com/&scioq=%22waist+circumference%22+nigeria&hl=en&as_sdt=0,5&as_ylo=2017&as_yhi=2017&as_vis=1"
6,"P Duboz, G Boëtsch, L Gueye, E Macia","Type 2 diabetes in a Senegalese rural area",2017,"World journal of diabetes","ncbi.nlm.nih.gov","https://www.ncbi.nlm.nih.gov/pmc/articles/pmc5507832/","https://scholar.google.com/scholar?cites=3831648737565708927&as_sdt=2005&sciodt=0,5&hl=en",177,"2021-07-17 21:08:35","HTML","","","",,,,,6,1.50,2,4,4,"… HTA: Hypertension; WC: Waist circumference; WHR: Waist-to-hip ratio … Ohwovoriole AE, Searle J. Prevalence of dysglycemia in Calabar: a cross-sectional observational study among residents of Calabar, Nigeria … Indices of obesity among type 2 diabetic Hausa-Fulani Nigerians …","https://www.ncbi.nlm.nih.gov/pmc/articles/pmc5507832/","https://scholar.google.com/scholar?q=related:f5Kt0jnALDUJ:scholar.google.com/&scioq=%22waist+circumference%22+nigeria&hl=en&as_sdt=0,5&as_ylo=2017&as_yhi=2017&as_vis=1"
0,"AO RAIYEMO","… OF CARDIOMETABOLIC RISK FACTORS IN PATIENTS WITH TYPE 2 DIABETES MELLITUS AT THE FEDERAL TEACHING HOSPITAL IDO-EKITI, NIGERIA",2017,"Faculty of INTERNAL MEDICINE","dissertation.npmcn.edu.ng","http://www.dissertation.npmcn.edu.ng/index.php/FMCP/article/download/378/812","",178,"2021-07-17 21:08:35","PDF","","","",,,,,0,0.00,0,1,4,"… WC WAIST CIRCUMFERENCE WHO WORLD HEALTH ORGANIZATION … Nigeria with a view to providing a basis for instituting appropriate control measures to reduce … 1. What is the magnitude of cardiometabolic risk factors in Nigerians with type 2 Diabetes Mellitus …","http://www.dissertation.npmcn.edu.ng/index.php/FMCP/article/download/378/812","https://scholar.google.com/scholar?q=related:iVhDzkJP1xUJ:scholar.google.com/&scioq=%22waist+circumference%22+nigeria&hl=en&as_sdt=0,5&as_ylo=2017&as_yhi=2017&as_vis=1"
0,"I Raza, S Mukhtar, M Kamran","BENIGN PROSTATIC HYPERPLASIA",2017,"The Professional Medical …","theprofesional.com","http://www.theprofesional.com/index.php/tpmj/article/download/1557/1261","",179,"2021-07-17 21:08:35","PDF","","","",,,,,0,0.00,0,3,4,"… Waist Circumference >90cm is an independent risk factor for prostatic growth … 21. Bock-Oruma AA, Dienye PO, Oghu IS. Prevalence of lower urinary tract symptoms suggestive of benign prostatic hyperplasia in primary care, Port Harcourt, Nigeria. South African Family Practice …","http://www.theprofesional.com/index.php/tpmj/article/download/1557/1261","https://scholar.google.com/scholar?q=related:jPeTJeasXZAJ:scholar.google.com/&scioq=%22waist+circumference%22+nigeria&hl=en&as_sdt=0,5&as_ylo=2017&as_yhi=2017&as_vis=1"
8,"BO Eledo, DO Allagoa, AU Ihedioha…","Evaluation of some haematological parameters among post-menopausal women in Bayelsa state, Nigeria: a case study of patients attending Federal Medical …",2017,"American Journal …","article.labmedjournal.org","http://article.labmedjournal.org/pdf/10.11648.j.ajlm.20170206.14.pdf","https://scholar.google.com/scholar?cites=6223847633983140584&as_sdt=2005&sciodt=0,5&hl=en",180,"2021-07-17 21:08:35","PDF","","","",,,,,8,2.00,2,4,4,"… Post-menopausal women usually have higher mean waist circumference, systolic blood pressure, pulse pressure, total cholesterol, LDL cholesterol … of Some Haematological Parameters Among Post-menopausal Women in Bayelsa Women in Bayelsa State, Nigeria: A Case …","http://article.labmedjournal.org/pdf/10.11648.j.ajlm.20170206.14.pdf","https://scholar.google.com/scholar?q=related:6HK4n3KMX1YJ:scholar.google.com/&scioq=%22waist+circumference%22+nigeria&hl=en&as_sdt=0,5&as_ylo=2017&as_yhi=2017&as_vis=1"
2,"J Rao, AN Bhat, AS Bhatia","Relationship of anthropometric variables with fasting blood sugar in moderate and sedentary workers",2017,"Int J Basic Appl Physiol","researchgate.net","https://www.researchgate.net/profile/Anjalinadir-Bhat/publication/328028766_RELATIONSHIP_OF_ANTHROPOMETRIC_VARIABLES_WITH_FASTING_BLOOD_SUGAR_IN_MODERATE_AND_SEDENTARY_WORKERS/links/5bb3a392a6fdccd3cb826a53/RELATIONSHIP-OF-ANTHROPOMETRIC-VARIABLES-WITH-FASTING-BLOOD-SUGAR-IN-MODERATE-AND-SEDENTARY-WORKERS.pdf","https://scholar.google.com/scholar?cites=15400686313473974379&as_sdt=2005&sciodt=0,5&hl=en",181,"2021-07-17 21:08:35","PDF","","","",,,,,2,0.50,1,3,4,"… 10. World Health Organization. Waist Circumference and Waist-Hip Ratio. Report of WHO Expert Consultation … Ezeukwu AO and Agwubike EO. Anthropometric measures of adiposity as correlates of atherogenic index of plasma in non-obese sedentary Nigerian males …","https://www.researchgate.net/profile/Anjalinadir-Bhat/publication/328028766_RELATIONSHIP_OF_ANTHROPOMETRIC_VARIABLES_WITH_FASTING_BLOOD_SUGAR_IN_MODERATE_AND_SEDENTARY_WORKERS/links/5bb3a392a6fdccd3cb826a53/RELATIONSHIP-OF-ANTHROPOMETRIC-VARIABLES-WITH-FASTING-BLOOD-SUGAR-IN-MODERATE-AND-SEDENTARY-WORKERS.pdf","https://scholar.google.com/scholar?q=related:ayDWE5s6utUJ:scholar.google.com/&scioq=%22waist+circumference%22+nigeria&hl=en&as_sdt=0,5&as_ylo=2017&as_yhi=2017&as_vis=1"
16,"CM Ma, N Lu, R Wang, XL Liu, Q Lu, FZ Yin","Three novel obese indicators perform better in monitoring management of metabolic syndrome in type 2 diabetes",2017,"Scientific reports","nature.com","https://www.nature.com/articles/s41598-017-10446-3","https://scholar.google.com/scholar?cites=8041792168146858648&as_sdt=2005&sciodt=0,5&hl=en",182,"2021-07-17 21:08:35","HTML","","","",,,,,16,4.00,3,6,4,"… Abstract. The present study evaluated the performance of three novel obese indicators, visceral adiposity index (VAI), lipid accumulation product (LAP) and waist circumference-triglyceride index (WTI), for identifying metabolic syndrome(MetS) in type 2 diabetes …","https://www.nature.com/articles/s41598-017-10446-3","https://scholar.google.com/scholar?q=related:mHLpo14vmm8J:scholar.google.com/&scioq=%22waist+circumference%22+nigeria&hl=en&as_sdt=0,5&as_ylo=2017&as_yhi=2017&as_vis=1"
7,"S Kingue, S Rakotoarimanana…","Prevalence of selected cardiometabolic risk factors among adults in urban and semi-urban hospitals in four sub-Saharan African countries",2017,"… Journal of Africa","journals.co.za","https://journals.co.za/doi/abs/10.5830/CVJA-2016-072","https://scholar.google.com/scholar?cites=6180820532771718434&as_sdt=2005&sciodt=0,5&hl=en",183,"2021-07-17 21:08:35","","10.5830/CVJA-2016-072","","",,,,,7,1.75,2,3,4,"… The following SSA countries participated in the study: Cameroon (13 centres), Nigeria (five centres), Democratic Republic of Congo (DRC) (11 centres) and … The waist circumference (WC) was measured with a tape midway between the lower rib margin and iliac crest …","https://www.ncbi.nlm.nih.gov/pmc/articles/PMC5558135/","https://scholar.google.com/scholar?q=related:IoVM9IavxlUJ:scholar.google.com/&scioq=%22waist+circumference%22+nigeria&hl=en&as_sdt=0,5&as_ylo=2017&as_yhi=2017&as_vis=1"
28,"C Yu, J Wang, Y Li, X Han, H Hu, F Wang…","Exposure to the Chinese famine in early life and hypertension prevalence risk in adults",2017,"Journal of …","journals.lww.com","https://journals.lww.com/jhypertension/fulltext/2017/01000/Exposure_to_the_Chinese_famine_in_early_life_and.12.aspx","https://scholar.google.com/scholar?cites=16352080122214584918&as_sdt=2005&sciodt=0,5&hl=en",184,"2021-07-17 21:08:35","","","","",,,,,28,7.00,4,7,4,"Objectives: Famine exposure in early life has been reported to be associated with higher risk of h.","","https://scholar.google.com/scholar?q=related:VpJT7ztC7uIJ:scholar.google.com/&scioq=%22waist+circumference%22+nigeria&hl=en&as_sdt=0,5&as_ylo=2017&as_yhi=2017&as_vis=1"
17,"PJL Gradidge, NJ Crowther","Metabolic syndrome in black South African women",2017,"Ethnicity & disease","ncbi.nlm.nih.gov","https://www.ncbi.nlm.nih.gov/pmc/articles/pmc5398178/","https://scholar.google.com/scholar?cites=1178582578910581788&as_sdt=2005&sciodt=0,5&hl=en",185,"2021-07-17 21:08:35","HTML","","","",,,,,17,4.25,9,2,4,"… Adeoye et al 27, IDF, Cross-sectional (urban), 256, 42.0 ± 9.4, Nigeria, 17.0, 14.0 … to be present for a positive diagnosis, and region-specific cut-offs for central obesity were proposed (Table 5). The main concern with the harmonized definition is that the waist circumference cut points …","https://www.ncbi.nlm.nih.gov/pmc/articles/pmc5398178/","https://scholar.google.com/scholar?q=related:HNRtcpwqWxAJ:scholar.google.com/&scioq=%22waist+circumference%22+nigeria&hl=en&as_sdt=0,5&as_ylo=2017&as_yhi=2017&as_vis=1"
13,"MS Borkum, JM Heckmann, K Manning, JA Dave…","High prevalence of “non-dipping” blood pressure and vascular stiffness in HIV-infected South Africans on antiretrovirals",2017,"PloS one","journals.plos.org","https://journals.plos.org/plosone/article?id=10.1371/journal.pone.0185003","https://scholar.google.com/scholar?cites=17212800841657397962&as_sdt=2005&sciodt=0,5&hl=en",186,"2021-07-17 21:08:35","HTML","","","",,,,,13,3.25,3,5,4,"… 11] A hsCRP >3.0mg/L was found in 69% of our cohort and was significantly associated with an increased waist circumference present in … The prevalence of non-dipping BP was greater in our cohort than in a cohort of HIV-unknown, black Nigerian patients with more traditional …","https://journals.plos.org/plosone/article?id=10.1371/journal.pone.0185003","https://scholar.google.com/scholar?q=related:yrKIDCsn4O4J:scholar.google.com/&scioq=%22waist+circumference%22+nigeria&hl=en&as_sdt=0,5&as_ylo=2017&as_yhi=2017&as_vis=1"
9,"CC Oliveira, ED Costa, AKC Roriz…","Predictors of Metabolic Syndrome in the elderly: A review",2017,"International Journal of …","SciELO Brasil","https://www.scielo.br/j/ijcs/a/bbjgKg7fRHdXJKS7gJ3LxKK/?lang=en","https://scholar.google.com/scholar?cites=15595852325808175966&as_sdt=2005&sciodt=0,5&hl=en",187,"2021-07-17 21:08:35","HTML","","","",,,,,9,2.25,2,4,4,"… Optimal cut-off values of BMI, waist circumference and waist:height ratio for defining obesity in Chinese adults. Br J Nutr … 25 Ejike CECC. Lipid accumulation product and waist-to-height ratio are predictors of the metabolic syndrome in a nigerian male geriatric population …","https://www.scielo.br/j/ijcs/a/bbjgKg7fRHdXJKS7gJ3LxKK/?lang=en","https://scholar.google.com/scholar?q=related:Xvs-WQ-Zb9gJ:scholar.google.com/&scioq=%22waist+circumference%22+nigeria&hl=en&as_sdt=0,5&as_ylo=2017&as_yhi=2017&as_vis=1"
22,"KAC Meeks, K Stronks, A Adeyemo, J Addo…","Peripheral insulin resistance rather than beta cell dysfunction accounts for geographical differences in impaired fasting blood glucose among sub-Saharan …",2017,"Diabetologia","Springer","https://link.springer.com/content/pdf/10.1007/s00125-017-4216-4.pdf","https://scholar.google.com/scholar?cites=13327667489120950755&as_sdt=2005&sciodt=0,5&hl=en",188,"2021-07-17 21:08:35","PDF","10.1007/s00125-017-4216-4","","",,,,,22,5.50,4,5,4,"… In multivariate analyses, BMI (β=0.17 [95% CI 0.11, 0.24]) and waist circumference (β= 0.29 [95%CI 0.22, 0.36]) were most strongly associated with higher HOMA-IR, whereas inverse HOMA-B was most strongly associated with age (β =0.20 [95% CI 0.16, 0.23]) and excess …","https://link.springer.com/content/pdf/10.1007/s00125-017-4216-4.pdf","https://scholar.google.com/scholar?q=related:45mT5fdi9bgJ:scholar.google.com/&scioq=%22waist+circumference%22+nigeria&hl=en&as_sdt=0,5&as_ylo=2017&as_yhi=2017&as_vis=1"
23,"L Gang, Z Yanyan, Z Zhongwei, D Juan","Association between mean platelet volume and hypertension incidence",2017,"Hypertension research","nature.com","https://www.nature.com/articles/hr201730","https://scholar.google.com/scholar?cites=1702904871940398958&as_sdt=2005&sciodt=0,5&hl=en",189,"2021-07-17 21:08:35","","","","",,,,,23,5.75,6,4,4,"… P<0.001), respectively. In multivariate Cox regression analysis, MPV predicted hypertension independently of age, sex, platelet count, waist circumference, drinking, systolic blood pressure and creatinine levels. The present …","https://www.researchgate.net/profile/Li-Gang-13/publication/314486001_Association_between_mean_platelet_volume_and_hypertension_incidence/links/5c7f4ca4299bf1268d3ce940/Association-between-mean-platelet-volume-and-hypertension-incidence.pdf","https://scholar.google.com/scholar?q=related:bh9KavXuoRcJ:scholar.google.com/&scioq=%22waist+circumference%22+nigeria&hl=en&as_sdt=0,5&as_ylo=2017&as_yhi=2017&as_vis=1"
0,"HH Eker, MD Onuk, C Geredeli, M Abuduli","THE IMPACT OF RAMAZAN I'TIKAF ON IMMUNE SYSTEM",2017,"Malaysian Journal of Public …","mjphm.org","http://mjphm.org/index.php/mjphm/article/view/221","",190,"2021-07-17 21:08:35","","","","",,,,,0,0.00,0,4,4,"… Waist circumference(cm) 95.5 93.0 2.5 0.00 … The studies by Murray in Nigeria in 1973 and in Ethiopia in 1975 detected that the incidence of the diseases like tuberculosis, malaria and brucellosis was lower in the victims striving on starvation in Ethiopia and Nigeria, but their …","http://mjphm.org/index.php/mjphm/article/download/221/52","https://scholar.google.com/scholar?q=related:cz0zhML_i88J:scholar.google.com/&scioq=%22waist+circumference%22+nigeria&hl=en&as_sdt=0,5&as_ylo=2017&as_yhi=2017&as_vis=1"
1,"YM ABDULKADIR","Clinical profile and colonoscopy findings among patients with lower gastrointestinal bleeding in Kano, Nigeria",2017,"Faculty of INTERNAL MEDICINE","dissertation.npmcn.edu.ng","http://dissertation.npmcn.edu.ng/index.php/FMCP/article/download/404/788","https://scholar.google.com/scholar?cites=12716952290297829298&as_sdt=2005&sciodt=0,5&hl=en",191,"2021-07-17 21:08:35","PDF","","","",,,,,1,0.25,1,1,4,"… University of Benin for her care and support for “budding” nephrologists all over Nigeria. For her sake, I received favours from many. My sincere gratitude also goes to Dr OO Okunola for guiding my thoughts … 49 3.11.c Waist circumference 50 3.11.d Blood pressure, temperature …","http://dissertation.npmcn.edu.ng/index.php/FMCP/article/download/404/788","https://scholar.google.com/scholar?q=related:stfKELuwe7AJ:scholar.google.com/&scioq=%22waist+circumference%22+nigeria&hl=en&as_sdt=0,5&as_ylo=2017&as_yhi=2017&as_vis=1"
3,"T Tesfaye","Assessment of the prevalence of hypertension and associated factors among Ethiopian federal police officers Addis Ababa, Ethiopia: a community based cross …",2017,"EC Cardiology","researchgate.net","https://www.researchgate.net/profile/Tariku-Tesfaye/publication/344898047_EC_CARDIOLOGY_Research_Article_Assessment_of_the_Prevalence_of_Hypertension_and_Associated_Factors_Among_Ethiopian_Federal_Police_Officers_Addis_Ababa_Ethiopia_A_Community_Based_Cross-Sectional_Study/links/5f97d84c299bf1b53e498ed3/EC-CARDIOLOGY-Research-Article-Assessment-of-the-Prevalence-of-Hypertension-and-Associated-Factors-Among-Ethiopian-Federal-Police-Officers-Addis-Ababa-Ethiopia-A-Community-Based-Cross-Sectional-Study.pdf","https://scholar.google.com/scholar?cites=16255623990352482028&as_sdt=2005&sciodt=0,5&hl=en",192,"2021-07-17 21:08:35","PDF","","","",,,,,3,0.75,3,1,4,"… waist circumference were found to be 3.7 times at increased risk of having hypertension than participants with lower waist circumference, (AOR = 3.7 95% CI … among Adult in a rural community in Pla- teau state Nigeria [26], Ganesh KS, Naresh AGV, Bammigati C among police …","https://www.researchgate.net/profile/Tariku-Tesfaye/publication/344898047_EC_CARDIOLOGY_Research_Article_Assessment_of_the_Prevalence_of_Hypertension_and_Associated_Factors_Among_Ethiopian_Federal_Police_Officers_Addis_Ababa_Ethiopia_A_Community_Based_Cross-Sectional_Study/links/5f97d84c299bf1b53e498ed3/EC-CARDIOLOGY-Research-Article-Assessment-of-the-Prevalence-of-Hypertension-and-Associated-Factors-Among-Ethiopian-Federal-Police-Officers-Addis-Ababa-Ethiopia-A-Community-Based-Cross-Sectional-Study.pdf","https://scholar.google.com/scholar?q=related:7A5Hq-STl-EJ:scholar.google.com/&scioq=%22waist+circumference%22+nigeria&hl=en&as_sdt=0,5&as_ylo=2017&as_yhi=2017&as_vis=1"
2,"PO Uadia, CC Nwokolo, AE Arainru…","Effect of physical and flexibility exercise on certain hormones and fasting blood sugar of some young Nigerian adults",2017,"Tropical Journal of …","ajol.info","https://www.ajol.info/index.php/tjpr/article/view/150996","https://scholar.google.com/scholar?cites=17490073353400187874&as_sdt=2005&sciodt=0,5&hl=en",193,"2021-07-17 21:08:35","","","","",,,,,2,0.50,1,4,4,"… [9]. A short-term exercise regimen can be helpful in reducing waist circumference, body mass index (BMI … METHODS Subjects Sixteen (16) apparently healthy Nigerian students (aged 20 – 31 years) from the University of Benin, Benin City, Nigeria, who do not exercise …","https://www.ajol.info/index.php/tjpr/article/download/150996/140574","https://scholar.google.com/scholar?q=related:4nvxbAw5ufIJ:scholar.google.com/&scioq=%22waist+circumference%22+nigeria&hl=en&as_sdt=0,5&as_ylo=2017&as_yhi=2017&as_vis=1"
2,"N Kahlon, PAK Namita, S Dixit","Impact of Adiposity Markers on Peak Expiratory flow Rate in Young Adults",2017,"Journal Of Medical Science And …","216.10.240.19","http://216.10.240.19/v5-i9/63%20jmscr.pdf","https://scholar.google.com/scholar?cites=2535966852044384888&as_sdt=2005&sciodt=0,5&hl=en",194,"2021-07-17 21:08:35","PDF","","","",,,,,2,0.50,1,3,4,"… Body Mass Index, Waist Circumference and Hip Circumference are Independent Predictors of Obesity … Joffa PK, Nwafor A and Adienbo OM. Correlation between Body Mass Index and Peak Expiratory Flow Rate of an Indigenous Nigerian Population in the Niger Delta Region …","http://216.10.240.19/v5-i9/63%20jmscr.pdf","https://scholar.google.com/scholar?q=related:eGpFcmqQMSMJ:scholar.google.com/&scioq=%22waist+circumference%22+nigeria&hl=en&as_sdt=0,5&as_ylo=2017&as_yhi=2017&as_vis=1"
1,"EN Anyabolu","Anaemia and its associated factors in patients attending a General Out-Patient Clinic in a tertiary hospital in Southeast Nigeria",2017,"Int J Med Biomed Res","researchgate.net","https://www.researchgate.net/profile/Ernest-Ndukaife-Anyabolu/publication/314782165_Anaemia_and_its_associated_factors_in_patients_attending_a_General_Out-Patient_Clinic_in_a_tertiary_hospital_in_Southeast_Nigeria/links/5e007fc392851c836493c609/Anaemia-and-its-associated-factors-in-patients-attending-a-General-Out-Patient-Clinic-in-a-tertiary-hospital-in-Southeast-Nigeria.pdf","https://scholar.google.com/scholar?cites=7868610665307266017&as_sdt=2005&sciodt=0,5&hl=en",195,"2021-07-17 21:08:35","PDF","","","",,,,,1,0.25,1,1,4,"… High >2.2) 5(71.4%) 2(28.6%) LHR=Likelihood ratio, BMI=body mass index, Waist Circ=waist circumference, ClCr=creatinine … Prevalence of iron deficiency anaemia in anaemic under-5 children in Enugu South East Nigeria. Nigerian Journal of Pediatrics 2014;41:129-328 …","https://www.researchgate.net/profile/Ernest-Ndukaife-Anyabolu/publication/314782165_Anaemia_and_its_associated_factors_in_patients_attending_a_General_Out-Patient_Clinic_in_a_tertiary_hospital_in_Southeast_Nigeria/links/5e007fc392851c836493c609/Anaemia-and-its-associated-factors-in-patients-attending-a-General-Out-Patient-Clinic-in-a-tertiary-hospital-in-Southeast-Nigeria.pdf","https://scholar.google.com/scholar?q=related:4Vt93bXrMm0J:scholar.google.com/&scioq=%22waist+circumference%22+nigeria&hl=en&as_sdt=0,5&as_ylo=2017&as_yhi=2017&as_vis=1"
0,"OC Okoye, H Ovwasa, AG Kweki, IIN Awunor…","Screening for chronic kidney disease and its risk factors in Oghara, Nigeria: a World Kidney Day 2014 report",,"researchgate.net","","https://www.researchgate.net/profile/Nyemike-Awunor/publication/341049778_Screening_for_chronic_kidney_disease_and_its_risk_factors_in_Oghara_Nigeria_A_World_Kidney_Day_2014_Report/links/5eaad48a299bf18b9588d7d7/Screening-for-chronic-kidney-disease-and-its-risk-factors-in-Oghara-Nigeria-A-World-Kidney-Day-2014-Report.pdf","",196,"2021-07-17 21:08:35","PDF","","","",,,,,0,0.00,0,5,,"… distribution; methods of assessing obesity (eg BMI, waist circumference, Body fat percentage, Waist Hip- Ratio), and … disease among adults in a university community in Southern Nigeria … of blood pressure and prevalence of hypertension in a special rural Nigerian community …","https://www.researchgate.net/profile/Nyemike-Awunor/publication/341049778_Screening_for_chronic_kidney_disease_and_its_risk_factors_in_Oghara_Nigeria_A_World_Kidney_Day_2014_Report/links/5eaad48a299bf18b9588d7d7/Screening-for-chronic-kidney-disease-and-its-risk-factors-in-Oghara-Nigeria-A-World-Kidney-Day-2014-Report.pdf","https://scholar.google.com/scholar?q=related:qijjGQ2ppfEJ:scholar.google.com/&scioq=%22waist+circumference%22+nigeria&hl=en&as_sdt=0,5&as_ylo=2017&as_yhi=2017&as_vis=1"
13,"MJ Kruger, TA Nell","The prevalence of the metabolic syndrome in a farm worker community in the Boland district, South Africa",2017,"BMC public health","Springer","https://link.springer.com/article/10.1186/s12889-016-3973-1","https://scholar.google.com/scholar?cites=6658823261672544836&as_sdt=2005&sciodt=0,5&hl=en",197,"2021-07-17 21:08:35","HTML","10.1186/s12889-016-3973-1","","",,,,,13,3.25,7,2,4,"… Risk factors according to the IDF criteria for men and women in the MetS and non-MetS groups for (a) waist-circumference; (b) glucose … compared to those from other areas of the world [14–16] and even smaller African countries themselves such as Nigeria, Ethiopia, Cameroon …","https://link.springer.com/article/10.1186/s12889-016-3973-1","https://scholar.google.com/scholar?q=related:RJoZ_nnkaFwJ:scholar.google.com/&scioq=%22waist+circumference%22+nigeria&hl=en&as_sdt=0,5&as_ylo=2017&as_yhi=2017&as_vis=1"
0,"SN Muneshwar, M Shafee, PA Giri…","Prevalence of cardiovascular risk factors amongst teaching staff of IIMSR medical college, Badnapur, Jalna, Maharashtra",2017,"… Journal of Community …","researchgate.net","https://www.researchgate.net/profile/Purushottam-Giri/publication/320001680_Prevalence_of_cardiovascular_risk_factors_amongst_teaching_staff_of_IIMSR_medical_college_Badnapur_Jalna_Maharashtra/links/5fe8c4be92851c13fec98ed5/Prevalence-of-cardiovascular-risk-factors-amongst-teaching-staff-of-IIMSR-medical-college-Badnapur-Jalna-Maharashtra.pdf","",198,"2021-07-17 21:08:35","PDF","","","",,,,,0,0.00,0,4,4,"… 200, RBS >140, BMI ≥30, history of cigarette smoking, history of alcohol, increased mean weight, increased mean waist circumference, high mean … Prevalence of traditional cardiovascular risk factors among staff of LadokeAkintola University of Technology, Ogbomoso, Nigeria …","https://www.researchgate.net/profile/Purushottam-Giri/publication/320001680_Prevalence_of_cardiovascular_risk_factors_amongst_teaching_staff_of_IIMSR_medical_college_Badnapur_Jalna_Maharashtra/links/5fe8c4be92851c13fec98ed5/Prevalence-of-cardiovascular-risk-factors-amongst-teaching-staff-of-IIMSR-medical-college-Badnapur-Jalna-Maharashtra.pdf","https://scholar.google.com/scholar?q=related:dvjOi_B1rlEJ:scholar.google.com/&scioq=%22waist+circumference%22+nigeria&hl=en&as_sdt=0,5&as_ylo=2017&as_yhi=2017&as_vis=1"
0,"IN Uchenna","Pregnancy-Induced Changes in Some Ventilatory Indices in Enugu, South East Nigeria",2017,"","dspace.unn.edu.ng","http://www.dspace.unn.edu.ng/handle/123456789/5228","",199,"2021-07-17 21:08:35","","","","",,,,,0,0.00,0,1,4,"… Lagos, Nigeria studied the static and dynamic long volumes of 181 (123 males and 58 females) apparently healthy Nigerian adults … Page 27. 13 Ogun state Nigeria used 131 school children and adolescents aged … Nigerians of similar age, sex, height and weight. Physical activity …","http://www.dspace.unn.edu.ng/bitstream/handle/123456789/5228/UCHENNA%20IFEANYI%20NWAGHA.pdf?sequence=1&isAllowed=y","https://scholar.google.com/scholar?q=related:-VhiHaZ6t1kJ:scholar.google.com/&scioq=%22waist+circumference%22+nigeria&hl=en&as_sdt=0,5&as_ylo=2017&as_yhi=2017&as_vis=1"
0,"RK Dangol, B Koju, P Lanjekar, C Pulipati","Cardiovascular Risk Factors among First Year Medical Students",2017,"Journal of Lumbini Medical …","nepjol.info","https://www.nepjol.info/index.php/JLMC/article/view/18875","",200,"2021-07-17 21:08:35","","","","",,,,,0,0.00,0,4,4,"… greater waist circumference than the cut-off. BMI in male and female was comparable (p = 0.84). In contrast, a cross sectional study conducted by Kutty NAM et al. found higher BMI in males as compared to that in females.[15] Similarly, a study conducted in Nigerian University …","https://www.nepjol.info/index.php/JLMC/article/download/18875/15398","https://scholar.google.com/scholar?q=related:a12CVn2CAO4J:scholar.google.com/&scioq=%22waist+circumference%22+nigeria&hl=en&as_sdt=0,5&as_ylo=2017&as_yhi=2017&as_vis=1"
12,"AA Idowu, AO Ajose, AT Adedeji, AO Adegoke…","Microalbuminuria, Other Markers of Nephropathy and Biochemical Derangements in Type 2 Diabetes Mellitus: Relationships and Determinants",2017,"Ghana medical …","ajol.info","https://www.ajol.info/index.php/gmj/article/view/160356","https://scholar.google.com/scholar?cites=15264986252994179043&as_sdt=2005&sciodt=0,5&hl=en",201,"2021-07-17 21:08:35","","","","",,,,,12,3.00,2,5,4,"… It was conducted over a period of 6 months at the Obafemi Awolowo University Teaching Hospitals Complex (OAUTHC) in Ile-Ife, South Western Nigeria … p=0.28 p=0.99 p=0.717 Waist Circumference(cm) 93.23±2.84 94.62±1.88 94.82±1.98 98.10±1.58 …","https://www.ajol.info/index.php/gmj/article/download/160356/149933","https://scholar.google.com/scholar?q=related:42_wph4g2NMJ:scholar.google.com/&scioq=%22waist+circumference%22+nigeria&hl=en&as_sdt=0,5&as_ylo=2017&as_yhi=2017&as_vis=1"
23,"OJ Ukpabi, ID Ewelike","The eighth joint national committee on the prevention, detection, evaluation, and treatment of high blood pressure (joint national committee-8) report: Matters …",2017,"Nigerian Journal of Cardiology","nigjcardiol.org","https://www.nigjcardiol.org/article.asp?issn=0189-7969;year=2017;volume=14;issue=1;spage=15;epage=18;aulast=Ukpabi","https://scholar.google.com/scholar?cites=12011024081665404406&as_sdt=2005&sciodt=0,5&hl=en",202,"2021-07-17 21:08:35","HTML","","","",,,,,23,5.75,12,2,4,"… [1] According to the World Health Organization (WHO), Nigeria is considered … Blood pressure, prevalence of hypertension and hypertension related complications in Nigerian Africans: A … obesity according to obesity indicators (body mass index and waist circumference values) in …","https://www.nigjcardiol.org/article.asp?issn=0189-7969;year=2017;volume=14;issue=1;spage=15;epage=18;aulast=Ukpabi","https://scholar.google.com/scholar?q=related:9i1U4MO6r6YJ:scholar.google.com/&scioq=%22waist+circumference%22+nigeria&hl=en&as_sdt=0,5&as_ylo=2017&as_yhi=2017&as_vis=1"
0,"PO Okundia","The Burden of Hypertension and Diabetes Mellitus in Rural Communities in Southern Nigeria by Alphonsus Rukevwe Isara and",,"academia.edu","","https://www.academia.edu/download/53739926/Public_Health_Vol5_Issue2_Article_2.pdf","",203,"2021-07-17 21:08:35","PDF","","","",,,,,0,0.00,0,1,,"… In this case, obesity measurement can be done using the abdominal gait/ waist circumference measurement which to a large … pattern and common primary co-morbidities in a rural Mission General Hospital in Imo state, south-eastern Nigeria. Nigerian journal of clinical practice …","https://www.academia.edu/download/53739926/Public_Health_Vol5_Issue2_Article_2.pdf","https://scholar.google.com/scholar?q=related:XNjw2p5ezb4J:scholar.google.com/&scioq=%22waist+circumference%22+nigeria&hl=en&as_sdt=0,5&as_ylo=2017&as_yhi=2017&as_vis=1"
4,"AA Akintunde","Right ventricular function in patients with heart failure in a cardiac clinic in Southwest Nigeria",2017,"Nigerian medical journal: journal of the Nigeria …","ncbi.nlm.nih.gov","https://www.ncbi.nlm.nih.gov/pmc/articles/pmc5715568/","https://scholar.google.com/scholar?cites=13876426054957813571&as_sdt=2005&sciodt=0,5&hl=en",204,"2021-07-17 21:08:35","HTML","","","",,,,,4,1.00,4,1,4,"… E-mail: gn.ude.hcetual@ednutnikaaa. Copyright : © 2017 Nigerian Medical Journal. This is an … Heart Clinic, Osogbo, Nigeria, a private specialized cardiac clinic in Southwest Nigeria … Height, weight, waist circumference, average systolic blood pressure (SBP) and diastolic blood …","https://www.ncbi.nlm.nih.gov/pmc/articles/pmc5715568/","https://scholar.google.com/scholar?q=related:Q0-8_fn3ksAJ:scholar.google.com/&scioq=%22waist+circumference%22+nigeria&hl=en&as_sdt=0,5&as_ylo=2017&as_yhi=2017&as_vis=1"
1,"W Materko, EL Santos","Optimal cut-off values for obesity using classification tree in middle-aged adults living Rio de Janeiro city",2017,"… Journal of Research in Medical Sciences","researchgate.net","https://www.researchgate.net/profile/Wollner-Materko/publication/317909691_Optimal_cut-off_values_for_obesity_using_classification_tree_in_middle-aged_adults_living_Rio_de_Janeiro_city/links/5d013a37299bf13a3850fc63/Optimal-cut-off-values-for-obesity-using-classification-tree-in-middle-aged-adults-living-Rio-de-Janeiro-city.pdf","https://scholar.google.com/scholar?cites=12680347735985846342&as_sdt=2005&sciodt=0,5&hl=en",205,"2021-07-17 21:08:35","PDF","","","",,,,,1,0.25,1,2,4,"… North American, Japanese, Thai, British, Indonesian, Polish, Spanish, Tongan, Australian, Nigerian and Jamaican … body mass index <25 kg/m2) Asian Indians with normal waist circumference have high … BMI and body fat in black population samples from Nigeria, Jamaica and …","https://www.researchgate.net/profile/Wollner-Materko/publication/317909691_Optimal_cut-off_values_for_obesity_using_classification_tree_in_middle-aged_adults_living_Rio_de_Janeiro_city/links/5d013a37299bf13a3850fc63/Optimal-cut-off-values-for-obesity-using-classification-tree-in-middle-aged-adults-living-Rio-de-Janeiro-city.pdf","https://scholar.google.com/scholar?q=related:RnjdHxWl-a8J:scholar.google.com/&scioq=%22waist+circumference%22+nigeria&hl=en&as_sdt=0,5&as_ylo=2017&as_yhi=2017&as_vis=1"
3,"B Asamoah","Differences in physical, physiological and motor performance traits between volleyball and basketball athletes in a university in Ghana",2017,"","dspace.knust.edu.gh","http://dspace.knust.edu.gh/handle/123456789/13134","https://scholar.google.com/scholar?cites=3083915213654113294&as_sdt=2005&sciodt=0,5&hl=en",206,"2021-07-17 21:08:35","","","","",,,,,3,0.75,3,1,4,"… Relationships between bio-physiological parameters and speed performance of Nigerian FIFA referees … Waist circumference and waist-to-hip ratio as predictors of cardiovascular events: meta … â€TM s Involvement in Sports and Physical Exercises in Nigeria : Implications for …","http://dspace.knust.edu.gh/xmlui/bitstream/handle/123456789/13134/Ben%20Asamoah.pdf?sequence=1","https://scholar.google.com/scholar?q=related:DrxGK4xEzCoJ:scholar.google.com/&scioq=%22waist+circumference%22+nigeria&hl=en&as_sdt=0,5&as_ylo=2017&as_yhi=2017&as_vis=1"
3,"J Khare, S Nalla, J Wadhwa, P Srivastava…","Prevalence of metabolic syndrome in hypothyroidism: Experience in a tertiary center in South India",2017,"CHRISMED Journal of …","cjhr.org","https://www.cjhr.org/article.asp?issn=2348-3334;year=2017;volume=4;issue=1;spage=19;epage=22;aulast=Khare","https://scholar.google.com/scholar?cites=8652376510968367583&as_sdt=2005&sciodt=0,5&hl=en",207,"2021-07-17 21:08:35","HTML","","","",,,,,3,0.75,1,5,4,"… Clinical examination included body mass indices obtained from the formula weight/height 2 (kg/m 2 ). The waist circumference (WC) was measured … Not much-published literature exists regarding the prevalence of MetS in hypothyroid patient, but a report from Nigeria found the …","https://www.cjhr.org/article.asp?issn=2348-3334;year=2017;volume=4;issue=1;spage=19;epage=22;aulast=Khare","https://scholar.google.com/scholar?q=related:3wk0L5hqE3gJ:scholar.google.com/&scioq=%22waist+circumference%22+nigeria&hl=en&as_sdt=0,5&as_ylo=2017&as_yhi=2017&as_vis=1"
4,"F Abbaszadeh, N Sarafraz, MK Atrian, Z Sadat…","Anthropometric Indices in the Prediction of Hypertension in Female Adolescents.",2017,"Iranian Red Crescent …","sid.ir","https://www.sid.ir/FileServer/JE/88120171109.pdf","https://scholar.google.com/scholar?cites=13530058009468280309&as_sdt=2005&sciodt=0,5&hl=en",208,"2021-07-17 21:08:35","PDF","","","",,,,,4,1.00,1,5,4,"… 16. Ashwell M, Gunn P, Gibson S. Waist-to-height ratio is a better screening tool than waist circumference and BMI for adult car … Variations in the prevalence of point (pre)hypertension in a Nigerian school-going adolescent population living in a semi-urban and an urban area …","https://www.sid.ir/FileServer/JE/88120171109.pdf","https://scholar.google.com/scholar?q=related:9R3JBBNsxLsJ:scholar.google.com/&scioq=%22waist+circumference%22+nigeria&hl=en&as_sdt=0,5&as_ylo=2017&as_yhi=2017&as_vis=1"
30,"G Omuse, D Maina, M Hoffman…","Metabolic syndrome and its predictors in an urban population in Kenya: a cross sectional study",2017,"BMC …","bmcendocrdisord.biomedcentral …","https://bmcendocrdisord.biomedcentral.com/articles/10.1186/s12902-017-0188-0","https://scholar.google.com/scholar?cites=10358086480026494136&as_sdt=2005&sciodt=0,5&hl=en",209,"2021-07-17 21:08:35","HTML","10.1186/s12902-017-0188-0","","",,,,,30,7.50,8,4,4,"The metabolic syndrome (MetS) is a clustering of interrelated risk factors which doubles the risk of cardio-vascular disease (CVD) in 5–10 years and increases the risk of type 2 diabetes 5 fold. The identification of modifiable CVD risk factors and predictors of MetS in an otherwise …","https://bmcendocrdisord.biomedcentral.com/articles/10.1186/s12902-017-0188-0","https://scholar.google.com/scholar?q=related:uGTBKsZQv48J:scholar.google.com/&scioq=%22waist+circumference%22+nigeria&hl=en&as_sdt=0,5&as_ylo=2017&as_yhi=2017&as_vis=1"
22,"VM Oguoma, EU Nwose, II Ulasi…","Cardiovascular disease risk factors in a Nigerian population with impaired fasting blood glucose level and diabetes mellitus",2017,"BMC public …","bmcpublichealth.biomedcentral.com","https://bmcpublichealth.biomedcentral.com/articles/10.1186/s12889-016-3910-3","https://scholar.google.com/scholar?cites=13575443403739574082&as_sdt=2005&sciodt=0,5&hl=en",210,"2021-07-17 21:08:35","HTML","10.1186/s12889-016-3910-3","","",,,,,22,5.50,6,4,4,"Diabetes is a risk factor for cardiovascular diseases (CVDs) and there are reports of increasing prevalence of prediabetes in Nigeria. This study therefore characterised CVDs risk factors in subjects with impaired fasting glucose (IFG) and diabetes. Data from 4 population-based cross …","https://bmcpublichealth.biomedcentral.com/articles/10.1186/s12889-016-3910-3","https://scholar.google.com/scholar?q=related:Qi9RlNmpZbwJ:scholar.google.com/&scioq=%22waist+circumference%22+nigeria&hl=en&as_sdt=0,5&as_ylo=2017&as_yhi=2017&as_vis=1"
1,"UAI Sirisena, BN Okeahialam, EE Ike…","Abdominal Height: A safe and convenient measurement using a novel locally fabricated instrument to predict the Cardio-Thoracic Ratio (CTR)",2017,"International Journal of …","seahipaj.org","http://seahipaj.org/journals-ci/june-2017/IJIHCR/full/IJIHCR-J-3-2017.pdf","https://scholar.google.com/scholar?cites=9013266167344121865&as_sdt=2005&sciodt=0,5&hl=en",211,"2021-07-17 21:08:35","PDF","","","",,,,,1,0.25,0,4,4,"… 4. University Health Centre, University of Jos, Jos, Nigeria … Sagittal Abdominal Diameter Shows Better Correlation with Cardiovascular Risk Factors than Waist Circumference and BMI … 6]. Obikili EN, Okoye IJ, Anyawu GE (2010) Cardiothoracic Ratio in Normal Nigerian Subject …","http://seahipaj.org/journals-ci/june-2017/IJIHCR/full/IJIHCR-J-3-2017.pdf","https://scholar.google.com/scholar?q=related:CciXKtONFX0J:scholar.google.com/&scioq=%22waist+circumference%22+nigeria&hl=en&as_sdt=0,5&as_ylo=2017&as_yhi=2017&as_vis=1"
0,"OO Oyediran, MO Akinbade, EO Oyibocha…","Assessment of Nutritional Status of Perimenopausal Female School Teachers in Osogbo, Osun State, Nigeria",,"noveltyjournals.com","","https://www.noveltyjournals.com/upload/paper/Assessment%20of%20Nutritional%20Status-895.pdf","",212,"2021-07-17 21:08:35","PDF","","","",,,,,0,0.00,0,4,,"… Page | 19 Novelty Journals Assessment of Nutritional Status of Perimenopausal Female School Teachers in Osogbo, Osun State, Nigeria 1 Oyediran OO, 2 Akinbade MO, 3 Oyibocha EO 4 Ojofeitimi EO 1Department of Nursing Science …","https://www.noveltyjournals.com/upload/paper/Assessment%20of%20Nutritional%20Status-895.pdf","https://scholar.google.com/scholar?q=related:LNo-nUoLNWsJ:scholar.google.com/&scioq=%22waist+circumference%22+nigeria&hl=en&as_sdt=0,5&as_ylo=2017&as_yhi=2017&as_vis=1"
19,"MR Zandona, CN Sangalli, PB Campagnolo…","Validation of obesity susceptibility loci identified by genome‐wide association studies in early childhood in South Brazilian children",2017,"Pediatric …","Wiley Online Library","https://onlinelibrary.wiley.com/doi/abs/10.1111/ijpo.12113","https://scholar.google.com/scholar?cites=9291618772417375148&as_sdt=2005&sciodt=0,5&hl=en",213,"2021-07-17 21:08:35","","10.1111/ijpo.12113","","",,,,,19,4.75,5,4,4,"… Tricipital and subscapular skin-fold thicknesses and waist circumference were also measured. BMI was calculated as [weight {kg}/height {m} 2 ], and BMI-for-age Z-scores (BMI-Z) were estimated based on the World Health Organization standards 15 …","","https://scholar.google.com/scholar?q=related:rOtJXgt28oAJ:scholar.google.com/&scioq=%22waist+circumference%22+nigeria&hl=en&as_sdt=0,5&as_ylo=2017&as_yhi=2017&as_vis=1"
1,"MM Donma, O Donma","The importance of some new clinical indices in the Evaluation of Childhood Obesity",2017,"LIFE: International Journal of Health and …","researchgate.net","https://www.researchgate.net/profile/Metin-Donma/publication/322959293_THE_IMPORTANCE_OF_SOME_NEW_CLINICAL_INDICES_IN_THE_EVALUATION_OF_CHILDHOOD_OBESITY/links/5a79b9a1aca2722e4df4cd3b/THE-IMPORTANCE-OF-SOME-NEW-CLINICAL-INDICES-IN-THE-EVALUATION-OF-CHILDHOOD-OBESITY.pdf","https://scholar.google.com/scholar?cites=14203507859607518181&as_sdt=2005&sciodt=0,5&hl=en",214,"2021-07-17 21:08:35","PDF","","","",,,,,1,0.25,1,2,4,"… Oda, E. (2017). LDL cholesterol was more strongly associated with percent body fat than body mass index and waist circumference in a health screening population., Obesity … syndrome in Nigeria: A consolidated analysis of four cross-sectional studies …","https://www.researchgate.net/profile/Metin-Donma/publication/322959293_THE_IMPORTANCE_OF_SOME_NEW_CLINICAL_INDICES_IN_THE_EVALUATION_OF_CHILDHOOD_OBESITY/links/5a79b9a1aca2722e4df4cd3b/THE-IMPORTANCE-OF-SOME-NEW-CLINICAL-INDICES-IN-THE-EVALUATION-OF-CHILDHOOD-OBESITY.pdf","https://scholar.google.com/scholar?q=related:5ftfGCX_HMUJ:scholar.google.com/&scioq=%22waist+circumference%22+nigeria&hl=en&as_sdt=0,5&as_ylo=2017&as_yhi=2017&as_vis=1"
4,"MO Oyakhire, A Udoaka","Evaluation of the lumbar-sacral configuration: A radiographic study of young adults in Southern Nigeria",2017,"Annals of Bioanthropology","triggered.edina.clockss.org","https://triggered.edina.clockss.org/ServeContent?url=http://www.bioanthrojournal.org%2Farticle.asp%3Fissn%3D2315-7992%3Byear%3D2017%3Bvolume%3D5%3Bissue%3D1%3Bspage%3D1%3Bepage%3D8%3Baulast%3DOyakhire","https://scholar.google.com/scholar?cites=1058279461643410672&as_sdt=2005&sciodt=0,5&hl=en",215,"2021-07-17 21:08:35","HTML","","","",,,,,4,1.00,2,2,4,"… This study was conducted in accordance with Nigerian National Code of Health Ethics … Measurement of lumbosacral angle in normal radiographs: A retrospective study in southeast Nigeria … Relationship of waist circumference, waist hip ratio, and body mass index as predictors …","https://triggered.edina.clockss.org/ServeContent?url=http://www.bioanthrojournal.org%2Farticle.asp%3Fissn%3D2315-7992%3Byear%3D2017%3Bvolume%3D5%3Bissue%3D1%3Bspage%3D1%3Bepage%3D8%3Baulast%3DOyakhire","https://scholar.google.com/scholar?q=related:8NxYOJDDrw4J:scholar.google.com/&scioq=%22waist+circumference%22+nigeria&hl=en&as_sdt=0,5&as_ylo=2017&as_yhi=2017&as_vis=1"
0,"OL Olaitan, OO Onifade, SO Oniyangi, ST Bakinde…","Factors Influencing the Choice of Family Planning Among Couples in South West Nigeria",2017,"","uilspace.unilorin.edu.ng","https://uilspace.unilorin.edu.ng/handle/20.500.12484/3671","",216,"2021-07-17 21:08:35","","","","",,,,,0,0.00,0,5,4,"… et al (2006) assessed cardiovascular risk among the people of a Nigeria University community … The experimental group male and female waist circumference was found to be 90.52(±12.31 … Assessment of cardiovascular Risk among the people of a Nigerian University Community …","https://uilspace.unilorin.edu.ng/bitstream/handle/20.500.12484/3671/ARTICLE%2011.pdf?sequence=1","https://scholar.google.com/scholar?q=related:z5rUf0hOVycJ:scholar.google.com/&scioq=%22waist+circumference%22+nigeria&hl=en&as_sdt=0,5&as_ylo=2017&as_yhi=2017&as_vis=1"
5,"H Haryuti, LD Saraswati, A Udiyono…","Gambaran tekanan darah dan indikator obesitas wanita usia subur di wilayah kerja Puskesmas Tlogosari Wetan Kota Semarang",2017,"Jurnal Kesehatan …","ejournal3.undip.ac.id","https://ejournal3.undip.ac.id/index.php/jkm/article/view/16363","https://scholar.google.com/scholar?cites=10868899523160241433&as_sdt=2005&sciodt=0,5&hl=en",217,"2021-07-17 21:08:35","","","","",,,,,5,1.25,1,4,4,"… The average of waist circumference was 85,44 cm, sistolic blood pressure was 132,71 mmHg, diastolic blood pressure was 86,21 … Hasil ini lebih tinggi dibandingkan penelitian di Nigeria yang menyebutkan bahwa obesitas sentral terjadi pada 33,3% responden.(4) Hasil ini …","https://ejournal3.undip.ac.id/index.php/jkm/article/download/16363/15787","https://scholar.google.com/scholar?q=related:GfVgyYcW1pYJ:scholar.google.com/&scioq=%22waist+circumference%22+nigeria&hl=en&as_sdt=0,5&as_ylo=2017&as_yhi=2017&as_vis=1"
28,"MMA Abulmeaty, AM Almajwal, NK Almadani…","Anthropometric and central obesity indices as predictors of long-term cardiometabolic risk among Saudi young and middle-aged men and women",2017,"Saudi medical …","ncbi.nlm.nih.gov","https://www.ncbi.nlm.nih.gov/pmc/articles/PMC5447189/","https://scholar.google.com/scholar?cites=4245999871219743106&as_sdt=2005&sciodt=0,5&hl=en",218,"2021-07-17 21:08:35","HTML","","","",,,,,28,7.00,7,4,4,"… The anthropometric measurement collected included weight, height, waist circumference (WC), hip circumference (HC), triceps skin-fold thickness (TST), mid-arm … measures of adiposity as correlates of atherogenic index of plasma in non-obese sedentary Nigerian males …","https://www.ncbi.nlm.nih.gov/pmc/articles/PMC5447189/","https://scholar.google.com/scholar?q=related:gjlo-GLS7DoJ:scholar.google.com/&scioq=%22waist+circumference%22+nigeria&hl=en&as_sdt=0,5&as_ylo=2017&as_yhi=2017&as_vis=1"
0,"A Agbecha, CAO Usoro, MH Etukudo","Insulin resistance and tumor necrosis factor-α in chronic viral hepatitis C in Makurdi, Nigeria",2017,"Journal of the Scientific …","jscisociety.com","https://www.jscisociety.com/article.asp?issn=0974-5009;year=2017;volume=44;issue=2;spage=100;epage=105;aulast=Agbecha","",219,"2021-07-17 21:08:35","HTML","","","",,,,,0,0.00,0,3,4,"… with desired blood pressure (BP) and anthropometric indices (body mass index [BMI], waist circumference [WC], and … C virus infection in type 2 diabetic patients attending Plateau state specialist hospital Jos Nigeria … Hepatitis C virus infection in Nigerians with diabetes mellitus …","https://www.jscisociety.com/article.asp?issn=0974-5009;year=2017;volume=44;issue=2;spage=100;epage=105;aulast=Agbecha","https://scholar.google.com/scholar?q=related:9Qgg3vU-hTYJ:scholar.google.com/&scioq=%22waist+circumference%22+nigeria&hl=en&as_sdt=0,5&as_ylo=2017&as_yhi=2017&as_vis=1"
1,"KS BELLO","… of sexual dysfunction among adults with type 2 diabetes attending the general out patient clinic of ahmadu bello university teaching hospital zaria, Nigeria",2017,"Faculty of Family Medicine","dissertation.npmcn.edu.ng","http://www.dissertation.npmcn.edu.ng/index.php/FMCFM/article/download/222/1839","https://scholar.google.com/scholar?cites=1381929898969874952&as_sdt=2005&sciodt=0,5&hl=en",220,"2021-07-17 21:08:35","PDF","","","",,,,,1,0.25,1,1,4,"… worldwide as at 2010, with about 5 million Nigerians (approximately 2.2% mean National … In Nigeria, the age-adjusted prevalence of ED among adult married men is between 43.8% and … the sexual performance of Nigerian women who are afflicted with the disease.20 …","http://www.dissertation.npmcn.edu.ng/index.php/FMCFM/article/download/222/1839","https://scholar.google.com/scholar?q=related:CEKX3OuZLRMJ:scholar.google.com/&scioq=%22waist+circumference%22+nigeria&hl=en&as_sdt=0,5&as_ylo=2017&as_yhi=2017&as_vis=1"
1,"M Olubukola Ajala, SE Endo…","CHILDHOOD PREDICTORS OF CARDIOVASULAR DISEASE IN ADULTHOOD. A SYSTEMIC REVIEW AND META-ANALYSIS",2017,"Endocrine Practice","search.proquest.com","https://search.proquest.com/openview/37f0294d0b51158bf80be940d00543df/1?pq-origsite=gscholar&cbl=1896353","https://scholar.google.com/scholar?cites=16021539220543955785&as_sdt=2005&sciodt=0,5&hl=en",221,"2021-07-17 21:08:35","","","","",,,,,1,0.25,0,3,4,"… mean age 15.2 years old (SD 1.6), mean BMI of 22.5 kg/m2 (SD 7.7), mean waist circumference (WC) 78.3 cm (SD … CHANGE IN BODY MASS INDEX (BMI) AFTER HIGHLY ACTIVE ANTIRETROVIRAL THERAPY AMONG HIV PATIENTS IN KANO, NORTHWESTERN NIGERIA …","","https://scholar.google.com/scholar?q=related:SeOCCwnxV94J:scholar.google.com/&scioq=%22waist+circumference%22+nigeria&hl=en&as_sdt=0,5&as_ylo=2017&as_yhi=2017&as_vis=1"
4,"AB Ademolu","Thyrotoxic cardiomyopathy: a study of three cases",2017,"Gerontol & Geriatric study","researchgate.net","https://www.researchgate.net/profile/Adegbenga-Ademolu/publication/327957495_Thyrotoxic_Cardiomyopathy_A_Study_of_Three_Cases/links/5cadcbab458515cd2b0d6042/Thyrotoxic-Cardiomyopathy-A-Study-of-Three-Cases.pdf","https://scholar.google.com/scholar?cites=7823151338094014433&as_sdt=2005&sciodt=0,5&hl=en",222,"2021-07-17 21:08:35","PDF","","","",,,,,4,1.00,4,1,4,"… oedema and WHO grade lll goitre, she had proptosis, lid lag and lid retraction, weight 73kg, height 1.64m, waist circumference 89cm hip … 8. Olurin EO, Itayemi SO, Oluwasanmi Jo, Ajayi OO (1973) The pattern of thyroid gland diseases in Ibadan, Nigeria. Nigerian Med J 3: 58-65 …","https://www.researchgate.net/profile/Adegbenga-Ademolu/publication/327957495_Thyrotoxic_Cardiomyopathy_A_Study_of_Three_Cases/links/5cadcbab458515cd2b0d6042/Thyrotoxic-Cardiomyopathy-A-Study-of-Three-Cases.pdf","https://scholar.google.com/scholar?q=related:4S83c7FqkWwJ:scholar.google.com/&scioq=%22waist+circumference%22+nigeria&hl=en&as_sdt=0,5&as_ylo=2017&as_yhi=2017&as_vis=1"
1,"OL Dominic, TO Ibraheem, IY Seidina…","Influence of ICT use on body composition and sedentary death syndrome (SEDS) risk among University of Ilorin Sandwich Students",2017,"KIU Journal of Social …","ijhumas.com","https://www.ijhumas.com/ojs/index.php/kiujoss/article/view/43","https://scholar.google.com/scholar?cites=13592155726398111773&as_sdt=2005&sciodt=0,5&hl=en",223,"2021-07-17 21:08:35","","","","",,,,,1,0.25,0,4,4,"… Waist circumference of the female revealed majority had low risk 95 (42.0%) … to the opinion of Adebayo (2015) that the prevalence of sedentariness among Nigerian adults is … and Oyeyemi (2011) that only 49.9% - 59% of University students in Nigeria performed recommended …","https://www.ijhumas.com/ojs/index.php/kiujoss/article/download/43/41","https://scholar.google.com/scholar?q=related:HUDAa54JobwJ:scholar.google.com/&scioq=%22waist+circumference%22+nigeria&hl=en&as_sdt=0,5&as_ylo=2017&as_yhi=2017&as_vis=1"
21,"R Kelishadi, M Heidari-Beni, M Qorbani…","Association between neck and wrist circumferences and cardiometabolic risk in children and adolescents: The CASPIAN-V study",2017,"Nutrition","Elsevier","https://www.sciencedirect.com/science/article/pii/S089990071730120X","https://scholar.google.com/scholar?cites=4492692425199638560&as_sdt=2005&sciodt=0,5&hl=en",224,"2021-07-17 21:08:35","","","","",,,,,21,5.25,5,4,4,"… Anthropometric indices (neck, wrist and waist circumference, and body mass index), biochemical and clinical parameters were measured. Metabolic syndrome was defined based on the Adult Treatment Panel III criteria modified for the pediatric age group …","","https://scholar.google.com/scholar?q=related:INgcGfU_WT4J:scholar.google.com/&scioq=%22waist+circumference%22+nigeria&hl=en&as_sdt=0,5&as_ylo=2017&as_yhi=2017&as_vis=1"
4,"SY Lokpo","Association between anthropometry, dyslipidaemia and the ten-year relative risk of cardiovascular disease in ghanaians with type 2 diabetes and …",2017,"Open Access Library Journal","scirp.org","https://www.scirp.org/html/74287_74287.htm","https://scholar.google.com/scholar?cites=15540366194445329035&as_sdt=2005&sciodt=0,5&hl=en",225,"2021-07-17 21:08:35","HTML","","","",,,,,4,1.00,4,1,4,"… in the Kumasi metropolis recorded a close association between hypertension and central obesity (waist circumference) … with three previous studies in the Ghanaian and Nigerian populations, which … Idemudia, J. (2014) Dyslipidaemia in Hypertensives in South-South Nigeria …","https://www.scirp.org/html/74287_74287.htm","https://scholar.google.com/scholar?q=related:iyJnq7d4qtcJ:scholar.google.com/&scioq=%22waist+circumference%22+nigeria&hl=en&as_sdt=0,5&as_ylo=2017&as_yhi=2017&as_vis=1"
0,"AO IDOWU","THYROID FUNCTION ABNORMALITIES AMONG PATIENTS WITH HIV/AIDS IN SAGAMU, SOUTH WESTERN NIGERIA",2017,"Faculty of INTERNAL MEDICINE","dissertation.npmcn.edu.ng","http://www.dissertation.npmcn.edu.ng/index.php/FMCP/article/download/367/823","",226,"2021-07-17 21:08:35","PDF","","","",,,,,0,0.00,0,1,4,"… PATIENTS WITH HIV/AIDS IN SAGAMU, SOUTH WESTERN NIGERIA BY IDOWU, AKOLADE OLUKOREDE (MBChB OGUN, 2005) A DISSERTATION SUBMITTED TO THE NATIONAL POSTGRADUATE MEDICAL COLLEGE OF NIGERIA IN PARTIAL FULFILMENT OF THE …","http://www.dissertation.npmcn.edu.ng/index.php/FMCP/article/download/367/823","https://scholar.google.com/scholar?q=related:uUDPjh7d18QJ:scholar.google.com/&scioq=%22waist+circumference%22+nigeria&hl=en&as_sdt=0,5&as_ylo=2017&as_yhi=2017&as_vis=1"
6,"JR Liu, BW Liu, FZ Yin","Change in nonhigh-density lipoprotein cholesterol levels in adults with prediabetes",2017,"Medicine","ncbi.nlm.nih.gov","https://www.ncbi.nlm.nih.gov/pmc/articles/PMC5682814/","https://scholar.google.com/scholar?cites=2015632283759710306&as_sdt=2005&sciodt=0,5&hl=en",227,"2021-07-17 21:08:35","HTML","","","",,,,,6,1.50,2,3,4,"… A recent study in Nigerians revealed that TC and LDL-C were significantly … tolerance test, SBP = systolic blood pressure, TC = total cholesterol, TG = triglycerides, WC = waist circumference … Prevalence of hyperuricaemia in a rural population of Nigerian Niger Delta region …","https://www.ncbi.nlm.nih.gov/pmc/articles/PMC5682814/","https://scholar.google.com/scholar?q=related:YpBO_-H2-BsJ:scholar.google.com/&scioq=%22waist+circumference%22+nigeria&hl=en&as_sdt=0,5&as_ylo=2017&as_yhi=2017&as_vis=1"
32,"M Harris, A Hutchins, L Fryda","The impact of virgin coconut oil and high-oleic safflower oil on body composition, lipids, and inflammatory markers in postmenopausal women",2017,"Journal of medicinal food","liebertpub.com","https://www.liebertpub.com/doi/abs/10.1089/jmf.2016.0114","https://scholar.google.com/scholar?cites=11345701955228649813&as_sdt=2005&sciodt=0,5&hl=en",228,"2021-07-17 21:08:35","","10.1089/jmf.2016.0114","","",,,,,32,8.00,11,3,4,"… Weight (kg) 68.3 ± 10.9 BMI (kg/m2) 26.4 ± 4.4 Waist circumference (cm) 85.6 ± 13.2 Hip circumference (cm) 103.4 ± 7.4 Total fat% (DXA) 37.2 ± 5.8 Android fat% (DXA … 2. Odenigbu U, Otisi C: Fatty acids and phytochemical contents of different coconut seed flesh in Nigeria …","https://www.researchgate.net/profile/Margaret-Harris-6/publication/314504241_The_Impact_of_Virgin_Coconut_Oil_and_High-Oleic_Safflower_Oil_on_Body_Composition_Lipids_and_Inflammatory_Markers_in_Postmenopausal_Women/links/5b9899fb92851c4ba8121c9e/The-Impact-of-Virgin-Coconut-Oil-and-High-Oleic-Safflower-Oil-on-Body-Composition-Lipids-and-Inflammatory-Markers-in-Postmenopausal-Women.pdf","https://scholar.google.com/scholar?q=related:Vcnb8NAHdJ0J:scholar.google.com/&scioq=%22waist+circumference%22+nigeria&hl=en&as_sdt=0,5&as_ylo=2017&as_yhi=2017&as_vis=1"
16,"I Rotter, A Rył, A Szylińska…","Lipid accumulation product (LAP) as an index of metabolic and hormonal disorders in aging men",2017,"Experimental and …","thieme-connect.com","https://www.thieme-connect.com/products/ejournals/html/10.1055/s-0042-116071","https://scholar.google.com/scholar?cites=6769659660146921716&as_sdt=2005&sciodt=0,5&hl=en",229,"2021-07-17 21:08:35","","10.1055/s-0042-116071","","",,,,,16,4.00,4,4,4,"… Anthropometric measurements, including waist circumference and arterial pressure, were performed … Sam et al. [37] show that even in the presence of T2DM, an elevated waist circumference by itself does not identify subjects with higher accumulations of visceral fat …","","https://scholar.google.com/scholar?q=related:9FBZ_Zep8l0J:scholar.google.com/&scioq=%22waist+circumference%22+nigeria&hl=en&as_sdt=0,5&as_ylo=2017&as_yhi=2017&as_vis=1"
22,"LK Micklesfield, RJ Munthali, A Prioreschi…","Understanding the relationship between socio-economic status, physical activity and sedentary behaviour, and adiposity in young adult South African women using …",2017,"International journal of …","mdpi.com","https://www.mdpi.com/232064","https://scholar.google.com/scholar?cites=18222379681260735186&as_sdt=2005&sciodt=0,5&hl=en",230,"2021-07-17 21:08:35","","","","",,,,,22,5.50,6,4,4,"… in the urban sample. Structural equation models (SEMs) were constructed for BMI and waist circumference. In the urban … leisure time MVPA. 3.3. Structural Equation Models for BMI and Waist Circumference. The SEMs for the …","https://www.mdpi.com/1660-4601/14/10/1271/pdf","https://scholar.google.com/scholar?q=related:0orXF8bl4vwJ:scholar.google.com/&scioq=%22waist+circumference%22+nigeria&hl=en&as_sdt=0,5&as_ylo=2017&as_yhi=2017&as_vis=1"
12,"E Chedjou-Nono, S Sap, SP Choukem…","Cardiometabolic profile of obese children in a sub-Saharan African setting: a cross-sectional study",2017,"BMC …","bmcpediatr.biomedcentral.com","https://bmcpediatr.biomedcentral.com/articles/10.1186/s12887-017-0880-2","https://scholar.google.com/scholar?cites=6267755182579750988&as_sdt=2005&sciodt=0,5&hl=en",231,"2021-07-17 21:08:35","HTML","10.1186/s12887-017-0880-2","","",,,,,12,3.00,3,4,4,"Cardiovascular and metabolic consequences of obesity in children, unlike adults, are still not well understood nor have they been subject to extensive research in Africa. We aimed to identify the cardio-metabolic complications associated with childhood obesity at the early phase …","https://bmcpediatr.biomedcentral.com/articles/10.1186/s12887-017-0880-2","https://scholar.google.com/scholar?q=related:TJjHbCGK-1YJ:scholar.google.com/&scioq=%22waist+circumference%22+nigeria&hl=en&as_sdt=0,5&as_ylo=2017&as_yhi=2017&as_vis=1"
0,"N Hajichehasae, N Amsoh, A Pohheng…","Association Between Body Mass Index, Blood Pressure, Blood Glucoseand Blood Lipid Profile in Academic Staff at Princess of NaradhiwasUniversity",2017,"The Bangkok …","he02.tci-thaijo.org","https://he02.tci-thaijo.org/index.php/bkkmedj/article/view/221934","",232,"2021-07-17 21:08:35","","","","",,,,,0,0.00,0,4,4,"… of Nigerians showed a positive correlation of SBP and DBP with age, BMI and waist circumference.13,14 … Obesity and blood pressure levels of adolescents in Abeokuta, Nigeria … index, waist hip ratio, blood sugar levels and blood pressure in apparently healthy adult Nigerians …","https://he02.tci-thaijo.org/index.php/bkkmedj/article/download/221934/152955","https://scholar.google.com/scholar?q=related:apqo7QoN1PUJ:scholar.google.com/&scioq=%22waist+circumference%22+nigeria&hl=en&as_sdt=0,5&as_ylo=2017&as_yhi=2017&as_vis=1"
1,"M Selvaraj, G Kannan","A study of body fat distribution and cardiovascular risk factors in Government Dharmapuri Medical College, Dharmapuri",2017,"International Archives of Integrated …","iaimjournal.com","https://www.iaimjournal.com/wp-content/uploads/2017/07/iaim_2017_0407_26.pdf","https://scholar.google.com/scholar?cites=3546923861254520030&as_sdt=2005&sciodt=0,5&hl=en",233,"2021-07-17 21:08:35","PDF","","","",,,,,1,0.25,1,2,4,"… Waist hip ratio and waist circumference are better indicators of the cardiovascular risk in a given individual than BMI … FF, Omotoso EO Age-specific association between percent body fat and pulmonary function in apparently normal children in Ogbomoso, Oyo State, Nigeria …","https://www.iaimjournal.com/wp-content/uploads/2017/07/iaim_2017_0407_26.pdf","https://scholar.google.com/scholar?q=related:3rxum3U0OTEJ:scholar.google.com/&scioq=%22waist+circumference%22+nigeria&hl=en&as_sdt=0,5&as_ylo=2017&as_yhi=2017&as_vis=1"
4,"IO Dada","The meal pattern and incidence of overweight and obesity among market women in a Southwest community, Nigeria",2017,"Saudi Journal of Obesity","saudijobesity.com","https://www.saudijobesity.com/article.asp?issn=2347-2618;year=2017;volume=5;issue=2;spage=70;epage=76;aulast=Dada","https://scholar.google.com/scholar?cites=2692474200195453037&as_sdt=2005&sciodt=0,5&hl=en",234,"2021-07-17 21:08:35","HTML","","","",,,,,4,1.00,4,1,4,"… Correlation between body mass index and waist circumference in Nigeria adults: Implication as indicators of health … status and market activities of female traders in a major city South East, Nigeria … Activity pattern, energy intake and obesity among Nigerian urban market women …","https://www.saudijobesity.com/article.asp?issn=2347-2618;year=2017;volume=5;issue=2;spage=70;epage=76;aulast=Dada","https://scholar.google.com/scholar?q=related:bdCNDQWXXSUJ:scholar.google.com/&scioq=%22waist+circumference%22+nigeria&hl=en&as_sdt=0,5&as_ylo=2017&as_yhi=2017&as_vis=1"
27,"AR Bentley, CN Rotimi","Interethnic differences in serum lipids and implications for cardiometabolic disease risk in African ancestry populations",2017,"Global heart","Elsevier","https://www.sciencedirect.com/science/article/pii/S221181601730011X","https://scholar.google.com/scholar?cites=4653857859292065884&as_sdt=2005&sciodt=0,5&hl=en",235,"2021-07-17 21:08:35","HTML","","","",,,,,27,6.75,14,2,4,"","https://www.sciencedirect.com/science/article/pii/S221181601730011X","https://scholar.google.com/scholar?q=related:XHBD2hDTlUAJ:scholar.google.com/&scioq=%22waist+circumference%22+nigeria&hl=en&as_sdt=0,5&as_ylo=2017&as_yhi=2017&as_vis=1"
25,"O Sarfo-Kantanka, FS Sarfo, EO Ansah, E Yorke…","Frequency and determinants of thyroid autoimmunity in Ghanaian type 2 diabetes patients: a case-control study",2017,"BMC endocrine …","Springer","https://link.springer.com/article/10.1186/s12902-016-0152-4","https://scholar.google.com/scholar?cites=15303562210357667141&as_sdt=2005&sciodt=0,5&hl=en",236,"2021-07-17 21:08:35","HTML","10.1186/s12902-016-0152-4","","",,,,,25,6.25,5,5,4,"… Waist circumference measurement. Duplicate waist circumference (WC) measurements were taken and the average recorded for both group of participants, WC measurements > 80 cm and 94 cm were recorded as central obesity for females and males respectively [16] …","https://link.springer.com/article/10.1186/s12902-016-0152-4","https://scholar.google.com/scholar?q=related:ReV1or8sYdQJ:scholar.google.com/&scioq=%22waist+circumference%22+nigeria&hl=en&as_sdt=0,5&as_ylo=2017&as_yhi=2017&as_vis=1"
2,"K Opare-Asamoah, SF Majeed, L Quaye…","Assessing the prevalence of hypertension and obesity among diabetics in the Tamale Metropolis, Ghana",2017,"Journal of Advances …","journaljammr.com","http://www.journaljammr.com/index.php/JAMMR/article/view/11200","https://scholar.google.com/scholar?cites=10192961902688182640&as_sdt=2005&sciodt=0,5&hl=en",237,"2021-07-17 21:08:35","","","","",,,,,2,0.50,1,4,4,"… lower than the 64.2% prevalence reported by Isezuo and Ezunu [31] in a cohort study of Nigerian diabetics … Unadike B, Eregie A, Ohwovoriole A. Prevalence of hypertension amongst persons with diabetes mellitus in Benin City, Nigeria … Waist circumference and waist-hip ratio …","https://www.journaljammr.com/index.php/JAMMR/article/download/11200/20269","https://scholar.google.com/scholar?q=related:cKHRitisdI0J:scholar.google.com/&scioq=%22waist+circumference%22+nigeria&hl=en&as_sdt=0,5&as_ylo=2017&as_yhi=2017&as_vis=1"
5,"DA Berbada, J Haidar…","Magnitude of double burden of malnutrition and its associated factors among selected in-school adolescents: evidence from South Ethiopia",2017,"… Journal of Nutrition …","academicjournals.org","https://academicjournals.org/journal/IJNAM/article-abstract/9939DE064453","https://scholar.google.com/scholar?cites=577442497720268847&as_sdt=2005&sciodt=0,5&hl=en",238,"2021-07-17 21:08:35","","","","",,,,,5,1.25,2,3,4,"… HC = hip circumference; WC = waist circumference; WHR = waist to hip ratio; BAZ =body mass index for age Z-score … This finding is comparable to the study done in Addis Ababa and among Adolescents in Osun State, Nigeria (Alemu et al., 2014, Funke, 2008), where both …","https://academicjournals.org/journal/IJNAM/article-full-text-pdf/9939DE064453.pdf","https://scholar.google.com/scholar?q=related:L7jUauR8AwgJ:scholar.google.com/&scioq=%22waist+circumference%22+nigeria&hl=en&as_sdt=0,5&as_ylo=2017&as_yhi=2017&as_vis=1"
3,"FL Ciroma, JO Ayo, A Mohammed…","Association between adiponectin, serum lipids and obesity in a University setting in Nigeria",2017,"Niger J Physiol …","researchgate.net","https://www.researchgate.net/profile/Musa-Kana-2/publication/319967832_Association_between_Adiponectin_Serum_Lipids_and_Obesity_in_a_University_Setting_in_Nigeria/links/59fdb8bd458515d07069d0b9/Association-between-Adiponectin-Serum-Lipids-and-Obesity-in-a-University-Setting-in-Nigeria.pdf","https://scholar.google.com/scholar?cites=5800052353233938209&as_sdt=2005&sciodt=0,5&hl=en",239,"2021-07-17 21:08:35","PDF","","","",,,,,3,0.75,1,4,4,"… Correlation between body mass index and waist circumference in nigerian adults: implication as indicators of health status … Adiponectin and Obesity in a Nigerian University setting 7 … Among Adult Nigerians in a Primary Care Clinic of a Tertiary Hospital in South-Eastern, Nigeria …","https://www.researchgate.net/profile/Musa-Kana-2/publication/319967832_Association_between_Adiponectin_Serum_Lipids_and_Obesity_in_a_University_Setting_in_Nigeria/links/59fdb8bd458515d07069d0b9/Association-between-Adiponectin-Serum-Lipids-and-Obesity-in-a-University-Setting-in-Nigeria.pdf","https://scholar.google.com/scholar?q=related:IWctoeLsfVAJ:scholar.google.com/&scioq=%22waist+circumference%22+nigeria&hl=en&as_sdt=0,5&as_ylo=2017&as_yhi=2017&as_vis=1"
3,"HA Abban, P Barnes, DB Asante, E Effah-Yeboah…","Prevalence of metabolic syndrome among diabetes patients in central regional hospital, cape coast, Ghana",2017,"","ir.ucc.edu.gh","https://ir.ucc.edu.gh/xmlui/handle/123456789/4748","https://scholar.google.com/scholar?cites=4040136178073763495&as_sdt=2005&sciodt=0,5&hl=en",240,"2021-07-17 21:08:35","","","","",,,,,3,0.75,1,5,4,"… Results: A total of 42 (40.8%), 31(30.1%), 81 (78.6%) were obese, overweight and have high waist circumference (IDF) respectively … However, Nigeria records a prevalence of 12.1% (4). In Ghana, the MetS was found to be prevalent among CVDs patients who were seeking …","https://ir.ucc.edu.gh/xmlui/bitstream/handle/123456789/4748/Prevalence%20of%20Metabolic%20Syndrome%20Among%20Diabetes.pdf?sequence=1&isAllowed=y","https://scholar.google.com/scholar?q=related:p35KynJyETgJ:scholar.google.com/&scioq=%22waist+circumference%22+nigeria&hl=en&as_sdt=0,5&as_ylo=2017&as_yhi=2017&as_vis=1"
16,"PR Alencastro, NT Barcellos…","People living with HIV on ART have accurate perception of lipodystrophy signs: a cross-sectional study",2017,"BMC …","bmcresnotes.biomedcentral.com","https://bmcresnotes.biomedcentral.com/articles/10.1186/s13104-017-2377-3","https://scholar.google.com/scholar?cites=6079877828847667849&as_sdt=2005&sciodt=0,5&hl=en",241,"2021-07-17 21:08:35","HTML","10.1186/s13104-017-2377-3","","",,,,,16,4.00,5,3,4,"The prevalence of lipodystrophy ranges from 31 to 65%, depending on the criteria adopted for diagnosis. The usual methods applied in the diagnosis vary from self-perception, medical examination, skinfolds measurements, or even imaging assessment for confirmation of fat …","https://bmcresnotes.biomedcentral.com/articles/10.1186/s13104-017-2377-3","https://scholar.google.com/scholar?q=related:iQo9OqwQYFQJ:scholar.google.com/&scioq=%22waist+circumference%22+nigeria&hl=en&as_sdt=0,5&as_ylo=2017&as_yhi=2017&as_vis=1"
18,"S Bekele, T Yohannes…","Dyslipidemia and associated factors among diabetic patients attending Durame General Hospital in Southern Nations, Nationalities, and People's Region",2017,"… , metabolic syndrome and …","ncbi.nlm.nih.gov","https://www.ncbi.nlm.nih.gov/pmc/articles/PMC5489051/","https://scholar.google.com/scholar?cites=13752679658479378638&as_sdt=2005&sciodt=0,5&hl=en",242,"2021-07-17 21:08:35","HTML","","","",,,,,18,4.50,6,3,4,"… Waist-to-hip ratio (WHR) was calculated as indicated by World Health Organization as waist circumference (WC) divided by hip circumference … Bello-Sani F, Bakari AG, Anumah FE. Dyslipidaemia in persons with type 2 diabetes mellitus in Kaduna, Nigeria. Int J Diabetes Metab …","https://www.ncbi.nlm.nih.gov/pmc/articles/PMC5489051/","https://scholar.google.com/scholar?q=related:zmBn2UhV274J:scholar.google.com/&scioq=%22waist+circumference%22+nigeria&hl=en&as_sdt=0,5&as_ylo=2017&as_yhi=2017&as_vis=1"
27,"SMR Sokwalla, MD Joshi, EO Amayo, K Acharya…","Quality of sleep and risk for obstructive sleep apnoea in ambulant individuals with type 2 diabetes mellitus at a tertiary referral hospital in Kenya: a cross …",2017,"BMC endocrine …","Springer","https://link.springer.com/article/10.1186/s12902-017-0158-6","https://scholar.google.com/scholar?cites=16543761007629843404&as_sdt=2005&sciodt=0,5&hl=en",243,"2021-07-17 21:08:35","HTML","10.1186/s12902-017-0158-6","","",,,,,27,6.75,5,5,4,"… Cases had a significantly higher probability for poor QOS [OR 2.76 (95% CI 1.7–4.4))] and high risk for OSA [OR 9.1 (95% CI 4.4–19.0)]. Higher waist circumference was independently associated with a high risk for OSA in cases. Conclusions …","https://link.springer.com/article/10.1186/s12902-017-0158-6","https://scholar.google.com/scholar?q=related:zDu83Ps-l-UJ:scholar.google.com/&scioq=%22waist+circumference%22+nigeria&hl=en&as_sdt=0,5&as_ylo=2017&as_yhi=2017&as_vis=1"
0,"G ODOH","PREVALENCE OF LATENT AUTOIMMUNE DIABETES OF ADULTS IN PATIENTS WITH TYPE 2 DIABETES MELLITUS AT JOS UNIVERSITY TEACHING …",2017,"Faculty of INTERNAL MEDICINE","dissertation.npmcn.edu.ng","http://www.dissertation.npmcn.edu.ng/index.php/FMCP/article/download/371/819","",244,"2021-07-17 21:08:35","PDF","","","",,,,,0,0.00,0,1,4,"… Subjects with LADA had lower mean BMI (25.19kg/m2 Vs. 27.85Kg/m2,t=2.66,df=1, p=0.010), lower Waist circumference (91.00cm Vs … participants. Sixty percent of the participants were from Nigeria and GADA was found in 10% of them.33 A study on ICA in Nigerian …","http://www.dissertation.npmcn.edu.ng/index.php/FMCP/article/download/371/819","https://scholar.google.com/scholar?q=related:k_v3WQRfUdMJ:scholar.google.com/&scioq=%22waist+circumference%22+nigeria&hl=en&as_sdt=0,5&as_ylo=2017&as_yhi=2017&as_vis=1"
1,"DE Mandob, OA Arnaud","PREVALENCE OF METABOLIC SYNDROME AMONG CIVIL SERVANTS WOMEN YAOUNDE–CAMEROON",2017,"World Journal of Pharmacy and …","researchgate.net","https://www.researchgate.net/profile/Mandob-Damaris/publication/316415622_PREVALENCE_OF_METABOLIC_SYNDROME_AMONG_CIVIL_SERVANTS_WOMEN_YAOUNDE_-CAMEROON/links/591dee59a6fdcc233fceadec/PREVALENCE-OF-METABOLIC-SYNDROME-AMONG-CIVIL-SERVANTS-WOMEN-YAOUNDE-CAMEROON.pdf","https://scholar.google.com/scholar?cites=1660271857547078539&as_sdt=2005&sciodt=0,5&hl=en",245,"2021-07-17 21:08:35","PDF","","","",,,,,1,0.25,1,2,4,"… without MetS BMI: Body mass index, WC: waist circumference, WHR: waist to hip ratio, SBP: systolic … was considerably higher than previous reports on Sokoto civils servants women in Nigeria [26] , also to other Cameroonians studies [21,22] and lower to bamileke women study …","https://www.researchgate.net/profile/Mandob-Damaris/publication/316415622_PREVALENCE_OF_METABOLIC_SYNDROME_AMONG_CIVIL_SERVANTS_WOMEN_YAOUNDE_-CAMEROON/links/591dee59a6fdcc233fceadec/PREVALENCE-OF-METABOLIC-SYNDROME-AMONG-CIVIL-SERVANTS-WOMEN-YAOUNDE-CAMEROON.pdf","https://scholar.google.com/scholar?q=related:i-urO3V4ChcJ:scholar.google.com/&scioq=%22waist+circumference%22+nigeria&hl=en&as_sdt=0,5&as_ylo=2017&as_yhi=2017&as_vis=1"
8,"M Hozoori, F Moradi, Z Hosseini-zade…","Age at menarche and its relationship to anthropometric indices in adolescent girls",2017,"International journal of …","ijp.mums.ac.ir","http://ijp.mums.ac.ir/article_8374_1148.html","https://scholar.google.com/scholar?cites=8095727083002342675&as_sdt=2005&sciodt=0,5&hl=en",246,"2021-07-17 21:08:35","","","","",,,,,8,2.00,2,4,4,"… Also, we have found a significant negative relationship between anthropometric indices (such as weight, body mass index, and waist circumference) and age at menarche … 31. Ofuya ZM. The age at menarche in Nigerian adolescents from two different socioeconomic classes …","https://ijp.mums.ac.ir/article_8374_dd7636c56f01369effc73a3f2002b940.pdf","https://scholar.google.com/scholar?q=related:Ey3dlOPMWXAJ:scholar.google.com/&scioq=%22waist+circumference%22+nigeria&hl=en&as_sdt=0,5&as_ylo=2017&as_yhi=2017&as_vis=1"
6,"M Zorlu, M Kiskac, EM Güler, I Gültepe, E Yavuz…","Serum obestatin and omentin levels in patients with diabetic nephropathy",2017,"Nigerian journal of …","ajol.info","https://www.ajol.info/index.php/njcp/article/view/150013","https://scholar.google.com/scholar?cites=6578282482064057163&as_sdt=2005&sciodt=0,5&hl=en",247,"2021-07-17 21:08:35","","","","",,,,,6,1.50,1,6,4,"… Nigerian Journal of Clinical Practice • February 2017 • Vol 20 • Issue 2 … Omentin was also found to be positively related with adiponectin, high‑density lipoprotein levels and negatively related with body mass index (BMI), waist circumference, IR, triglyceride (TG) and leptin levels …","https://www.ajol.info/index.php/njcp/article/download/150013/139550","https://scholar.google.com/scholar?q=related:S2OabxDBSlsJ:scholar.google.com/&scioq=%22waist+circumference%22+nigeria&hl=en&as_sdt=0,5&as_ylo=2017&as_yhi=2017&as_vis=1"
4,"CI Eziuzo, BC Chinko, DV Dapper","Comparative assessment of some white blood cell and platelet parameters among normotensive and hypertensive subjects in Port Harcourt, Nigeria",2017,"Nigerian medical journal …","ncbi.nlm.nih.gov","https://www.ncbi.nlm.nih.gov/pmc/articles/PMC6496979/","https://scholar.google.com/scholar?cites=15238548255390244653&as_sdt=2005&sciodt=0,5&hl=en",248,"2021-07-17 21:08:35","HTML","","","",,,,,4,1.00,1,3,4,"… type of measurement, and cutoff values. 8 For instance, in Port Harcourt, southeastern Nigeria, Akpa et al. in 2008 surveyed 921 adult Nigerian participants and reported a prevalence of 40.82%. 2 However, more recent studies …","https://www.ncbi.nlm.nih.gov/pmc/articles/PMC6496979/","https://scholar.google.com/scholar?q=related:LR8vp-YyetMJ:scholar.google.com/&scioq=%22waist+circumference%22+nigeria&hl=en&as_sdt=0,5&as_ylo=2017&as_yhi=2017&as_vis=1"
21,"H Ataş, M Gönül","Increased risk of metabolic syndrome in patients with vitiligo",2017,"Balkan medical journal","ncbi.nlm.nih.gov","https://www.ncbi.nlm.nih.gov/pmc/articles/PMC5450861/","https://scholar.google.com/scholar?cites=3692027706046471047&as_sdt=2005&sciodt=0,5&hl=en",249,"2021-07-17 21:08:35","HTML","","","",,,,,21,5.25,11,2,4,"… HDL and systolic tension were higher than in the controls, with the exception of the diastolic tension, treatment for hyperglycaemia and hypertension, and waist circumference … Oxidative stress among subjects with metabolic syndrome in Sokoto, North-Western Nigeria …","https://www.ncbi.nlm.nih.gov/pmc/articles/PMC5450861/","https://scholar.google.com/scholar?q=related:h9vML6O3PDMJ:scholar.google.com/&scioq=%22waist+circumference%22+nigeria&hl=en&as_sdt=0,5&as_ylo=2017&as_yhi=2017&as_vis=1"
0,"P Jésus, M Guerchet, S Pilleron, P Fayemendy…","Clinical Nutrition ESPEN",2017,"","researchgate.net","https://www.researchgate.net/profile/Sophie-Pilleron/publication/317582172_Undernutrition_and_obesity_among_elderly_people_living_in_two_cities_of_developing_countries_Prevalence_and_associated_factors_in_the_EDAC_study/links/5a5f0461458515c03ee18002/Undernutrition-and-obesity-among-elderly-people-living-in-two-cities-of-developing-countries-Prevalence-and-associated-factors-in-the-EDAC-study.pdf","",250,"2021-07-17 21:08:35","PDF","","","",,,,,0,0.00,0,5,4,"… Participants were aged !65 years old and underwent nutritional assessment including the following measurements: weight, height, body mass index (BMI), waist circumference (WC) … Waist circumference (cm) 85.3 ± 28.4 1 72.6 ± 7.7 86.0 ± 31.3 107.8 ± 11.7 <0.0001 …","https://www.researchgate.net/profile/Sophie-Pilleron/publication/317582172_Undernutrition_and_obesity_among_elderly_people_living_in_two_cities_of_developing_countries_Prevalence_and_associated_factors_in_the_EDAC_study/links/5a5f0461458515c03ee18002/Undernutrition-and-obesity-among-elderly-people-living-in-two-cities-of-developing-countries-Prevalence-and-associated-factors-in-the-EDAC-study.pdf","https://scholar.google.com/scholar?q=related:NU8TZ5YzZasJ:scholar.google.com/&scioq=%22waist+circumference%22+nigeria&hl=en&as_sdt=0,5&as_ylo=2017&as_yhi=2017&as_vis=1"
0,"SM Walaa, SN Eman","Anthropometric Measurements and Food Consumption Pattern of Male and Female Undergraduates",2017,"","researchgate.net","https://www.researchgate.net/profile/W-Amin/publication/331518208_Anthropometric_Measurements_and_Food_Consumption_Pattern_of_Male_and_Female_Undergraduates/links/5c7de51ea6fdcc4715af7f2d/Anthropometric-Measurements-and-Food-Consumption-Pattern-of-Male-and-Female-Undergraduates.pdf","",251,"2021-07-17 21:08:35","PDF","","","",,,,,0,0.00,0,2,4,"… The results showed that most of females had normal waist/hip ratio and waist circumference … Some individuals tended to store fat in the abdominal area called the 'apple shape' which is measured through the waist circumference …","https://www.researchgate.net/profile/W-Amin/publication/331518208_Anthropometric_Measurements_and_Food_Consumption_Pattern_of_Male_and_Female_Undergraduates/links/5c7de51ea6fdcc4715af7f2d/Anthropometric-Measurements-and-Food-Consumption-Pattern-of-Male-and-Female-Undergraduates.pdf","https://scholar.google.com/scholar?q=related:XbR5tDEMMHQJ:scholar.google.com/&scioq=%22waist+circumference%22+nigeria&hl=en&as_sdt=0,5&as_ylo=2017&as_yhi=2017&as_vis=1"
0,"H Halib, NA Hamdan, N Hussin…","The association between the use of complementary and alternative medicine (CAM) with health-related quality of life (HRQoL) and anthropometric indices …",2017,"Malaysian Journal of …","researchgate.net","https://www.researchgate.net/profile/Hasmiza-Halib/publication/321937165_THE_ASSOCIATION_BETWEEN_THE_USE_OF_COMPLEMENTARY_AND_ALTERNATIVE_MEDICINE_CAM_WITH_HEALTH-RELATED_QUALITY_OF_LIFE_HRQOL_AND_ANTHROPOMETRIC_INDICES_AMONG_UNIVERSITY'S_STAFF/links/5a39f68e0f7e9baa5017cb29/THE-ASSOCIATION-BETWEEN-THE-USE-OF-COMPLEMENTARY-AND-ALTERNATIVE-MEDICINE-CAM-WITH-HEALTH-RELATED-QUALITY-OF-LIFE-HRQOL-AND-ANTHROPOMETRIC-INDICES-AMONG-UNIVERSITYS-STAFF.pdf","",252,"2021-07-17 21:08:35","PDF","","","",,,,,0,0.00,0,4,4,"… Table 4: Correlation of MCS Scores and PCS Scores between Age, BMI, Waist Circumference and Body Fat for Non-CAM Users (n= 188) … Use of complementary and alternative medicine by cancer patients at the University of Nigeria Teaching Hospital, Enugu, Nigeria …","https://www.researchgate.net/profile/Hasmiza-Halib/publication/321937165_THE_ASSOCIATION_BETWEEN_THE_USE_OF_COMPLEMENTARY_AND_ALTERNATIVE_MEDICINE_CAM_WITH_HEALTH-RELATED_QUALITY_OF_LIFE_HRQOL_AND_ANTHROPOMETRIC_INDICES_AMONG_UNIVERSITY'S_STAFF/links/5a39f68e0f7e9baa5017cb29/THE-ASSOCIATION-BETWEEN-THE-USE-OF-COMPLEMENTARY-AND-ALTERNATIVE-MEDICINE-CAM-WITH-HEALTH-RELATED-QUALITY-OF-LIFE-HRQOL-AND-ANTHROPOMETRIC-INDICES-AMONG-UNIVERSITYS-STAFF.pdf","https://scholar.google.com/scholar?q=related:MqfYhki4AKAJ:scholar.google.com/&scioq=%22waist+circumference%22+nigeria&hl=en&as_sdt=0,5&as_ylo=2017&as_yhi=2017&as_vis=1"
13,"G Ojo, O Adetola","The relationship between skinfold thickness and body mass index in estimating body fat percentage on Bowen University students",2017,"International Biological and Biomedical Journal","ibbj.org","https://ibbj.org/browse.php?a_id=109&slc_lang=en&sid=1&printcase=1&hbnr=1&hmb=1","https://scholar.google.com/scholar?cites=3466169551572299462&as_sdt=2005&sciodt=0,5&hl=en",253,"2021-07-17 21:08:35","","","","",,,,,13,3.25,7,2,4,"… Various anthropometric measurements such as BMI, waist circumference, waist hip ratio, waist height ratio, and … of body fat and serum cholesterol in samples of three Nigerian populations … and nutrient intake of hypertensive elders and middle-aged men and women in Nigeria …","http://ibbj.org/files/site1/user_files_03ca30/gideonojo-A-10-185-2-238ac1d.pdf","https://scholar.google.com/scholar?q=related:xu69tNdOGjAJ:scholar.google.com/&scioq=%22waist+circumference%22+nigeria&hl=en&as_sdt=0,5&as_ylo=2017&as_yhi=2017&as_vis=1"
12,"J Mugisha, M De Hert, B Stubbs…","Physical health policies and metabolic screening in mental health care systems of sub-Saharan African countries: a systematic review",2017,"… journal of mental …","ijmhs.biomedcentral.com","https://ijmhs.biomedcentral.com/articles/10.1186/s13033-017-0141-7","https://scholar.google.com/scholar?cites=2441936201756980202&as_sdt=2005&sciodt=0,5&hl=en",254,"2021-07-17 21:08:35","HTML","10.1186/s13033-017-0141-7","","",,,,,12,3.00,3,4,4,"There is a need for interventions to address the escalating mental health burden in sub-Saharan Africa (SSA). Addressing physical health needs should have a central role in reducing the burden and facilitating recovery in people with severe mental illness (SMI). We systematically …","https://ijmhs.biomedcentral.com/articles/10.1186/s13033-017-0141-7","https://scholar.google.com/scholar?q=related:6jPknQmA4yEJ:scholar.google.com/&scioq=%22waist+circumference%22+nigeria&hl=en&as_sdt=0,5&as_ylo=2017&as_yhi=2017&as_vis=1"
5,"SI Onung, EE Young, TE Ugwu…","Hypogonadism in Nigerian men with type 2 diabetes mellitus",2017,"International Journal of …","Springer","https://link.springer.com/article/10.1007/s13410-016-0481-x","https://scholar.google.com/scholar?cites=16179134264025338853&as_sdt=2005&sciodt=0,5&hl=en",255,"2021-07-17 21:08:35","","10.1007/s13410-016-0481-x","","",,,,,5,1.25,1,4,4,"… [12] also reported a similar finding among Nigerian men with … Multi-centre studies in Nigeria such as the DIABCARE study have also reported such abysmal figures [22] … Body mass index, and waist circumference were found to correlate inversely, though not significantly with free …","http://196.45.48.59/bitstream/handle/123456789/7504/Hypogonadism%20in%20Nigerian%20men%20with%20type%202%20diabetes%20mellitus%20%7C%20SpringerLink.pdf?sequence=1&isAllowed=y","https://scholar.google.com/scholar?q=related:5dOUdOTUh-AJ:scholar.google.com/&scioq=%22waist+circumference%22+nigeria&hl=en&as_sdt=0,5&as_ylo=2017&as_yhi=2017&as_vis=1"
0,"CE Okereke","Some Anthropometric Indices for Identifying Obesity in Pregnancy",2017,"","196.222.5.9","http://196.222.5.9/handle/123456789/5191","",256,"2021-07-17 21:08:35","","","","",,,,,0,0.00,0,1,4,"… Page 21. 21 circumference, waist circumference and waist to hip ratio can be measured easily … Chapter Three Methodology 3.1 Study area: This study was carried out in Enugu, the capital of the former South-East Geo-Political zone of Nigeria, among pregnant women attending …","http://196.222.5.9/bitstream/handle/123456789/5191/OKEREKE%20CHIAMAKA%20EDITH.pdf?sequence=1&isAllowed=y","https://scholar.google.com/scholar?q=related:G1nkWZ9dCDAJ:scholar.google.com/&scioq=%22waist+circumference%22+nigeria&hl=en&as_sdt=0,5&as_ylo=2017&as_yhi=2017&as_vis=1"
3,"LH Wang, YC Liu, JS Hou, DA Wu…","Hypoadiponectemia is associated with metabolic syndrome in patients with type 2 diabetes",2017,"International journal of …","ncbi.nlm.nih.gov","https://www.ncbi.nlm.nih.gov/pmc/articles/PMC6965775/","https://scholar.google.com/scholar?cites=16395172088047209051&as_sdt=2005&sciodt=0,5&hl=en",257,"2021-07-17 21:08:35","HTML","","","",,,,,3,0.75,1,5,4,"… Other studies have reported the prevalence of MetS in patients with type 2 DM as 86% in the Nigerian population and … Our results also demonstrated a higher proportion of hypertension, SBP, DBP, waist circumference, body weight, BMI, fasting glucose, TGs, HbA1c, insulin level …","https://www.ncbi.nlm.nih.gov/pmc/articles/PMC6965775/","https://scholar.google.com/scholar?q=related:Wwp0EyZah-MJ:scholar.google.com/&scioq=%22waist+circumference%22+nigeria&hl=en&as_sdt=0,5&as_ylo=2017&as_yhi=2017&as_vis=1"
18,"SP Choukem, AP Kengne…","Four-year trends in adiposity and its association with hypertension in serial groups of young adult university students in urban Cameroon: a time-series study",2017,"BMC Public …","bmcpublichealth.biomedcentral.com","https://bmcpublichealth.biomedcentral.com/articles/10.1186/s12889-017-4449-7","https://scholar.google.com/scholar?cites=3977458624060413320&as_sdt=2005&sciodt=0,5&hl=en",258,"2021-07-17 21:08:35","HTML","10.1186/s12889-017-4449-7","","",,,,,18,4.50,6,3,4,"Obesity is a major risk factor for non-communicable diseases (NCDs) and is growing rapidly globally including in sub-Saharan Africa (SSA). We aimed to assess the trend in adiposity markers in Cameroonian university students, and investigated their associations with hypertension …","https://bmcpublichealth.biomedcentral.com/articles/10.1186/s12889-017-4449-7","https://scholar.google.com/scholar?q=related:iFXvi4vFMjcJ:scholar.google.com/&scioq=%22waist+circumference%22+nigeria&hl=en&as_sdt=0,5&as_ylo=2017&as_yhi=2017&as_vis=1"
2,"G Yilmazel","Co-existence of lipitension and central obesity: an epidemilogic study of primary care patients",2017,"Acta Med. Mediterranea","researchgate.net","https://www.researchgate.net/profile/Guelay-Yilmazel/publication/315757579_CO-EXISTENCE_OF_LIPITENSION_AND_CENTRAL_OBESITY_AN_EPIDEMILOGIC_STUDY_OF_PRIMARY_CARE_PATIENTS/links/58e271ffaca272059ab62cfc/CO-EXISTENCE-OF-LIPITENSION-AND-CENTRAL-OBESITY-AN-EPIDEMILOGIC-STUDY-OF-PRIMARY-CARE-PATIENTS.pdf","https://scholar.google.com/scholar?cites=11480801635295449502&as_sdt=2005&sciodt=0,5&hl=en",259,"2021-07-17 21:08:35","PDF","","","",,,,,2,0.50,2,1,4,"… A Nigerian study reported that dyslipidemia prevalence was 31.7%(21) … Prevalence and pattern of dyslipi- demia in a rural community in Southern Nigeria … BMI is strongly associated with hypertension, and waist circumference is strongly associated with type 2 diabetes and …","https://www.researchgate.net/profile/Guelay-Yilmazel/publication/315757579_CO-EXISTENCE_OF_LIPITENSION_AND_CENTRAL_OBESITY_AN_EPIDEMILOGIC_STUDY_OF_PRIMARY_CARE_PATIENTS/links/58e271ffaca272059ab62cfc/CO-EXISTENCE-OF-LIPITENSION-AND-CENTRAL-OBESITY-AN-EPIDEMILOGIC-STUDY-OF-PRIMARY-CARE-PATIENTS.pdf","https://scholar.google.com/scholar?q=related:nlGCaEIAVJ8J:scholar.google.com/&scioq=%22waist+circumference%22+nigeria&hl=en&as_sdt=0,5&as_ylo=2017&as_yhi=2017&as_vis=1"
1,"A Matthew","Serum cystatin C level in adult obese and overweight subjects in delta state",2017,"SF J Cardio1","researchgate.net","https://www.researchgate.net/profile/Adu-Matthew/publication/319266063_Serum_Cystatin_C_Level_in_Adult_Obese_And_Overweight_Subjects_In_Delta_State/links/599f02b045851574f4b87607/Serum-Cystatin-C-Level-in-Adult-Obese-And-Overweight-Subjects-In-Delta-State.pdf","https://scholar.google.com/scholar?cites=9409535157855954852&as_sdt=2005&sciodt=0,5&hl=en",260,"2021-07-17 21:08:35","PDF","","","",,,,,1,0.25,1,1,4,"… Emem-Chioma PC, Dapper DV (2008) The prevalence of obesity as indicated by BMI and waist circumference among Nigerian … 2015) Reference intervals for serum cystatin C and creatinine of an indigenous adult Nigerian population … Nigeria Journal Clinical Practice 18: 173-177 …","https://www.researchgate.net/profile/Adu-Matthew/publication/319266063_Serum_Cystatin_C_Level_in_Adult_Obese_And_Overweight_Subjects_In_Delta_State/links/599f02b045851574f4b87607/Serum-Cystatin-C-Level-in-Adult-Obese-And-Overweight-Subjects-In-Delta-State.pdf","https://scholar.google.com/scholar?q=related:pKeNSV9ilYIJ:scholar.google.com/&scioq=%22waist+circumference%22+nigeria&hl=en&as_sdt=0,5&as_ylo=2017&as_yhi=2017&as_vis=1"
4,"RVG Silva, RS de Araújo…","Correlation between therapy and lipid profile of leprosy patients: is there a higher risk for developing cardiovascular diseases after treatment?",2017,"Infectious …","idpjournal.biomedcentral.com","https://idpjournal.biomedcentral.com/articles/10.1186/s40249-017-0295-1","https://scholar.google.com/scholar?cites=15889188932306803994&as_sdt=2005&sciodt=0,5&hl=en",261,"2021-07-17 21:08:35","HTML","10.1186/s40249-017-0295-1","","",,,,,4,1.00,1,3,4,"The impact of leprosy reduces health-related quality of life of affected patients, interfering with different factors such as nutrition. This study investigated the lipid profile, nutritional status, and risk for cardiovascular disease (CVD) in patients who underwent leprosy treatment in Brazil …","https://idpjournal.biomedcentral.com/articles/10.1186/s40249-017-0295-1","https://scholar.google.com/scholar?q=related:Gh03Pya9gdwJ:scholar.google.com/&scioq=%22waist+circumference%22+nigeria&hl=en&as_sdt=0,5&as_ylo=2017&as_yhi=2017&as_vis=1"
15,"E Macia, E Cohen, L Gueye, G Boetsch…","Prevalence of obesity and body size perceptions in urban and rural Senegal: new insight on the epidemiological transition in West Africa",2017,"… journal of Africa","journals.co.za","https://journals.co.za/doi/abs/10.5830/CVJA-2017-034","https://scholar.google.com/scholar?cites=12171021830318226245&as_sdt=2005&sciodt=0,5&hl=en",262,"2021-07-17 21:08:35","","10.5830/CVJA-2017-034","","",,,,,15,3.75,3,5,4,"… In terms of body mass index (BMI), the prevalence of overweight and general obesity in 2009 was 22.3 and 8.3%, respectively, in Dakar, whereas using waist circumference (WC), the prevalence of central obesity was 21.2%.11 Only by monitoring prevalence over time can the …","https://www.ncbi.nlm.nih.gov/pmc/articles/pmc5730727/","https://scholar.google.com/scholar?q=related:RXukrd4n6KgJ:scholar.google.com/&scioq=%22waist+circumference%22+nigeria&hl=en&as_sdt=0,5&as_ylo=2017&as_yhi=2017&as_vis=1"
0,"L Van Rooy, Y Coopoo","Comprehensive cardiac rehabilitation and quality of life in coronary artery bypass graft patients",2017,"SA Heart","journals.co.za","https://journals.co.za/doi/abs/10.10520/EJC-c61c743d5","",263,"2021-07-17 21:08:35","","10.10520/EJC-c61c743d5","","",,,,,0,0.00,0,2,4,"… change in self-perceived health status.(37) Similarly, significant reductions in waist circumference were also … of life of patients with hypertension, diabetes and concomitant hypertension with diabetes in Ilorin, Nigeria. Nigerian Post- graduate Medical Journal 2016;23(4):182-190 …","https://journals.co.za/doi/pdf/10.10520/EJC-c61c743d5","https://scholar.google.com/scholar?q=related:1uaGKGVBvZoJ:scholar.google.com/&scioq=%22waist+circumference%22+nigeria&hl=en&as_sdt=0,5&as_ylo=2017&as_yhi=2017&as_vis=1"
0,"UI ABUBAKAR","A STUDY OF THYROID DYSFUNCTION AND ASSOCIATED RISK FACTORS AMONG PATIENTS WITH HIV/AIDS IN KANO, NORTH-WESTERN NIGERIA",2017,"Faculty of INTERNAL MEDICINE","dissertation.npmcn.edu.ng","http://dissertation.npmcn.edu.ng/index.php/FMCP/article/download/373/817","",264,"2021-07-17 21:08:35","PDF","","","",,,,,0,0.00,0,1,4,"… Aminu Kano Teaching Hospital APIN AIDS Prevention Initiative in Nigeria ART Anti Retroviral Therapy BMI … Page 19. 19 SUMMARY BACKGROUND The prevalence, pattern and risk factors for thyroid dysfunction among Nigerians with HIV/AIDS have been sparsely studied …","http://dissertation.npmcn.edu.ng/index.php/FMCP/article/download/373/817","https://scholar.google.com/scholar?q=related:40LY8FwJANkJ:scholar.google.com/&scioq=%22waist+circumference%22+nigeria&hl=en&as_sdt=0,5&as_ylo=2017&as_yhi=2017&as_vis=1"
10,"R Ramírez-Vélez, JE Correa-Bautista…","The role of body adiposity index in determining body fat percentage in Colombian adults with overweight or obesity",2017,"International journal of …","mdpi.com","https://www.mdpi.com/225542","https://scholar.google.com/scholar?cites=7765776631450134622&as_sdt=2005&sciodt=0,5&hl=en",265,"2021-07-17 21:08:35","","","","",,,,,10,2.50,3,3,4,"… old). Anthropometric characteristics (body mass index, height, waist-to-height ratio, hip and waist circumference), socioeconomic status, and diet were assessed, and BF% was measured by BIA-BF% and by BAI-BF%. Pearson's …","https://www.mdpi.com/1660-4601/14/10/1093/pdf","https://scholar.google.com/scholar?q=related:XmidkrOUxWsJ:scholar.google.com/&scioq=%22waist+circumference%22+nigeria&hl=en&as_sdt=0,5&as_ylo=2017&as_yhi=2017&as_vis=1"
4,"SV Kashinakunti, M Rangappa…","Correlation between liver enzymes and lipid profile in type II diabetes mellitus–A case control study",2017,"J. Biotechnol …","researchgate.net","https://www.researchgate.net/profile/Sangappa-Kashinakunti-2/publication/321268553_Correlation_between_liver_enzymes_and_lipid_profile_in_type_II_diabetes_mellitus-A_case_control_study/links/5a17f5940f7e9be37f95ae35/Correlation-between-liver-enzymes-and-lipid-profile-in-type-II-diabetes-mellitus-A-case-control-study.pdf","https://scholar.google.com/scholar?cites=4579885184364416005&as_sdt=2005&sciodt=0,5&hl=en",266,"2021-07-17 21:08:35","PDF","","","",,,,,4,1.00,1,3,4,"… BMI: Body mass index WC: Waist circumference SBP: Systolic blood pressure DBP: Diastolic blood … R. Lipid profile of a population of diabetic patients attending Nigerian National Petroleum … Liver Enzymes and Lipid Profile Among Type 2 Diabetic Patients in Osogbo, Nigeria …","https://www.researchgate.net/profile/Sangappa-Kashinakunti-2/publication/321268553_Correlation_between_liver_enzymes_and_lipid_profile_in_type_II_diabetes_mellitus-A_case_control_study/links/5a17f5940f7e9be37f95ae35/Correlation-between-liver-enzymes-and-lipid-profile-in-type-II-diabetes-mellitus-A-case-control-study.pdf","https://scholar.google.com/scholar?q=related:BYwdVk8Fjz8J:scholar.google.com/&scioq=%22waist+circumference%22+nigeria&hl=en&as_sdt=0,5&as_ylo=2017&as_yhi=2017&as_vis=1"
33,"J Nauman, LC Tauschek, LA Kaminsky, BM Nes…","Global fitness levels: findings from a web-based surveillance report",2017,"Progress in …","Elsevier","https://www.sciencedirect.com/science/article/pii/S0033062017300208","https://scholar.google.com/scholar?cites=353757836075807747&as_sdt=2005&sciodt=0,5&hl=en",267,"2021-07-17 21:08:35","","","","",,,,,33,8.25,7,5,4,"… Previous article in issue; Next article in issue. Abbreviations and Acronyms. CRF Cardiorespiratory fitness. CVD Cardiovascular disease. eCRF Estimated cardiorespiratory fitness. PA Physical activity. RHR Resting heart rate. WC Waist circumference. US United States. Keywords …","","https://scholar.google.com/scholar?q=related:AzTPq-DM6AQJ:scholar.google.com/&scioq=%22waist+circumference%22+nigeria&hl=en&as_sdt=0,5&as_ylo=2017&as_yhi=2017&as_vis=1"
2,"KA Shin","The blood pressure response during graded exercise test in obese adults",2017,"Biomedical Science Letters","bslonline.org","https://www.bslonline.org/journal/view.html?uid=928&page=&pn=mostread&sort=publish_Date%20DESC&spage=&vmd=Full","https://scholar.google.com/scholar?cites=4486262230220631422&as_sdt=2005&sciodt=0,5&hl=en",268,"2021-07-17 21:08:35","HTML","","","",,,,,2,0.50,2,1,4,"… Blood pressure response to an exercise treadmill test, and echocardiographic left ventricular geometry in Nigerian normotensive diabetics … BMI and waist circumference;cross-sectional and prospective associations with blood pressure and cholesterol in 12-year-olds …","https://www.bslonline.org/journal/view.html?uid=928&page=&pn=mostread&sort=publish_Date%20DESC&spage=&vmd=Full","https://scholar.google.com/scholar?q=related:fm2NqbpnQj4J:scholar.google.com/&scioq=%22waist+circumference%22+nigeria&hl=en&as_sdt=0,5&as_ylo=2017&as_yhi=2017&as_vis=1"
6,"CM Ma, FZ Yin, XL Liu, R Wang, DH Lou, Q Lu","How to simplify the diagnostic criteria of metabolic syndrome in adolescents",2017,"Pediatrics & Neonatology","Elsevier","https://www.sciencedirect.com/science/article/pii/S187595721630078X","https://scholar.google.com/scholar?cites=9621148373004829259&as_sdt=2005&sciodt=0,5&hl=en",269,"2021-07-17 21:08:35","HTML","","","",,,,,6,1.50,1,6,4,"… Pediatrics, Chinese Medical Association. Waist-to-height and blood pressure-to-height ratios were alternatives to waist circumference and blood pressure in the height-corrected definition. Results. According to the MS definition …","https://www.sciencedirect.com/science/article/pii/S187595721630078X","https://scholar.google.com/scholar?q=related:S8JHYHgvhYUJ:scholar.google.com/&scioq=%22waist+circumference%22+nigeria&hl=en&as_sdt=0,5&as_ylo=2017&as_yhi=2017&as_vis=1"
9,"V McEbula, NJ Crowther, SE Nagel…","Diabetes and abnormal glucose tolerance in subjects with tuberculosis in a South African urban center",2017,"… International Journal of …","ingentaconnect.com","https://www.ingentaconnect.com/content/iuatld/ijtld/2017/00000021/00000002/art00014","https://scholar.google.com/scholar?cites=2495507224821842697&as_sdt=2005&sciodt=0,5&hl=en",270,"2021-07-17 21:08:35","","","","",,,,,9,2.25,2,4,4,"… was significantly associated with age, weight, body mass index (BMI) and waist circumference, and inversely … A study from Nigeria noted a prevalence of newly diagnosed DM of 8.0% among TB … blood glucose and HbA1c after instituting treatment.15,23 In a Nigerian study, only …","","https://scholar.google.com/scholar?q=related:CUPtZZnSoSIJ:scholar.google.com/&scioq=%22waist+circumference%22+nigeria&hl=en&as_sdt=0,5&as_ylo=2017&as_yhi=2017&as_vis=1"
17,"C Nienaber-Rousseau, OF Sotunde…","Socio-demographic and lifestyle factors predict 5-year changes in adiposity among a group of black South African adults",2017,"International journal of …","mdpi.com","https://www.mdpi.com/225206","https://scholar.google.com/scholar?cites=2537977085896659151&as_sdt=2005&sciodt=0,5&hl=en",271,"2021-07-17 21:08:35","","","","",,,,,17,4.25,6,3,4,"… H9X 3V9, Canada. 3. Department of Human Nutrition and Dietetics, Michael Okpara University of Agriculture, Umudike PMB 7267, Abia State, Nigeria … Body mass index (BMI) and waist circumference increased in both sexes, whereas triceps skinfold thickness remained the same …","https://www.mdpi.com/1660-4601/14/9/1089/pdf","https://scholar.google.com/scholar?q=related:z5DzfLa0OCMJ:scholar.google.com/&scioq=%22waist+circumference%22+nigeria&hl=en&as_sdt=0,5&as_ylo=2017&as_yhi=2017&as_vis=1"
0,"OA ENIGBOKAN","CLINICOPATHOLOGIC FEATURES AND QUALITY OF LIFE OF PATIENTS WITH PSORIASIS IN IBADAN, NIGERIA",2017,"Faculty of INTERNAL MEDICINE","dissertation.npmcn.edu.ng","http://dissertation.npmcn.edu.ng/index.php/FMCP/article/download/411/782","",272,"2021-07-17 21:08:35","PDF","","","",,,,,0,0.00,0,1,4,"… WHR Waist hip ratio WC Waist circumference HC Hip circumference … Nigeria . Background: Psoriasis is a papulosquamous disorder earlier reported to be rare in West Africa … (Nigerian English and Yoruba versions of DLQ1). Data was analyzed using the STATA 12 …","http://dissertation.npmcn.edu.ng/index.php/FMCP/article/download/411/782","https://scholar.google.com/scholar?q=related:D2kYef5DyD0J:scholar.google.com/&scioq=%22waist+circumference%22+nigeria&hl=en&as_sdt=0,5&as_ylo=2017&as_yhi=2017&as_vis=1"
11,"MW Kimando, FCF Otieno…","Adequacy of control of cardiovascular risk factors in ambulatory patients with type 2 diabetes attending diabetes out-patients clinic at a county hospital, Kenya",2017,"BMC …","bmcendocrdisord.biomedcentral …","https://bmcendocrdisord.biomedcentral.com/articles/10.1186/s12902-017-0223-1","https://scholar.google.com/scholar?cites=16760642818300328938&as_sdt=2005&sciodt=0,5&hl=en",273,"2021-07-17 21:08:35","HTML","10.1186/s12902-017-0223-1","","",,,,,11,2.75,4,3,4,"Type 2 diabetes is associated with substantial cardiovascular morbidity and mortality arising from the high prevalence of cardiovascular risk factors such as hypertension, dyslipidaemia, obesity, poor glycaemic control and albuminuria. Adequacy of control of these risk factors …","https://bmcendocrdisord.biomedcentral.com/articles/10.1186/s12902-017-0223-1","https://scholar.google.com/scholar?q=related:6jv-b9fDmegJ:scholar.google.com/&scioq=%22waist+circumference%22+nigeria&hl=en&as_sdt=0,5&as_ylo=2017&as_yhi=2017&as_vis=1"
0,"G Memi, NH Nogay","Effect of examination stress on energy and nutrient intake in university students",2017,"Rawal Medical Journal","rmj.org.pk","http://rmj.org.pk/fulltext/27-1484834000.pdf","",274,"2021-07-17 21:08:35","PDF","","","",,,,,0,0.00,0,2,4,"… and waist/height ratio of males were found to be significantly higher compared to females."" In our study, similarly, the body weight, BMI, waist circumference, waist/hip and … Prevalence of overweight and obesity among pharmacy students in a University in Benin City, in Nigeria …","http://rmj.org.pk/fulltext/27-1484834000.pdf","https://scholar.google.com/scholar?q=related:LiAH8k0AkyAJ:scholar.google.com/&scioq=%22waist+circumference%22+nigeria&hl=en&as_sdt=0,5&as_ylo=2017&as_yhi=2017&as_vis=1"
4,"M Gomina, RNM Ele, RS Imorou…","Prevalence and factors associated with dyslipidemia among menopausal women in the city of Parakou (Benin)",2017,"… Research Journal of …","researchgate.net","https://www.researchgate.net/profile/Lamine-Baba-Moussa/publication/316222995_Prevalence_and_factors_associated_with_dyslipidemia_among_menopausal_women_in_the_city_of_Parakou_Benin/links/58f6833245851506cd30ea53/Prevalence-and-factors-associated-with-dyslipidemia-among-menopausal-women-in-the-city-of-Parakou-Benin.pdf","https://scholar.google.com/scholar?cites=4099378459095148923&as_sdt=2005&sciodt=0,5&hl=en",275,"2021-07-17 21:08:35","PDF","","","",,,,,4,1.00,1,4,4,"… Number 379 Mean age (years) 56.45±9.26 Mean body mass index (kg/m2) 30.00±6.02 Mean waist circumference (cm) 98.72±14.66 Mean systolic blood pressure (mmHg) 147.87±26.01 Mean diastolic blood pressure (mmHg) 89.93±16.07 Mean … (2008) in Nigeria reported 60.5 …","https://www.researchgate.net/profile/Lamine-Baba-Moussa/publication/316222995_Prevalence_and_factors_associated_with_dyslipidemia_among_menopausal_women_in_the_city_of_Parakou_Benin/links/58f6833245851506cd30ea53/Prevalence-and-factors-associated-with-dyslipidemia-among-menopausal-women-in-the-city-of-Parakou-Benin.pdf","https://scholar.google.com/scholar?q=related:eylBNv3q4zgJ:scholar.google.com/&scioq=%22waist+circumference%22+nigeria&hl=en&as_sdt=0,5&as_ylo=2017&as_yhi=2017&as_vis=1"
6,"IM Paruk, Y Ganie, S Maharaj, FJ Pirie…","High prevalence of antithyroid peroxidase and antiparietal cell antibodies among patients with type 1 diabetes mellitus attending a tertiary diabetes centre in South …",2017,"Postgraduate medical …","pmj.bmj.com","https://pmj.bmj.com/content/93/1100/338.short","https://scholar.google.com/scholar?cites=8343066387002054573&as_sdt=2005&sciodt=0,5&hl=en",276,"2021-07-17 21:08:35","","","","",,,,,6,1.50,1,5,4,"… in T1DM yielded only one report from South Africa6 and five reports from other African countries including Cameroon, Egypt, Nigeria and Uganda.7–11 With the exception of the Nigerian study which … Anthropometry included height, weight, hip and waist circumference …","","https://scholar.google.com/scholar?q=related:rVfC7qyGyHMJ:scholar.google.com/&scioq=%22waist+circumference%22+nigeria&hl=en&as_sdt=0,5&as_ylo=2017&as_yhi=2017&as_vis=1"
12,"IO Ajayi, MAO Soyannwo, AO Asinobi…","Blood pressure pattern and hypertension related risk factors in an urban community in Southwest Nigeria: The Mokola hypertension initiative project, Ibadan, Nigeria",2017,"Journal of Public …","academicjournals.org","https://academicjournals.org/journal/JPHE/article-abstract/4EFCAA263322","https://scholar.google.com/scholar?cites=12988962761211612022&as_sdt=2005&sciodt=0,5&hl=en",277,"2021-07-17 21:08:35","","","","",,,,,12,3.00,3,4,4,"… The community is close to the University College Hospital, the premier tertiary hospital in Nigeria. Sample size … Lagos by the Nigerian Heart Foundation in 2003 and 0.6% prevalence among adolescents (10-19 years) in Zaria (2005) …","https://academicjournals.org/journal/JPHE/article-full-text-pdf/4EFCAA263322","https://scholar.google.com/scholar?q=related:dovLFtAQQrQJ:scholar.google.com/&scioq=%22waist+circumference%22+nigeria&hl=en&as_sdt=0,5&as_ylo=2017&as_yhi=2017&as_vis=1"
3,"AA Saleh, AH Hayawi, AKY Al-Samarrai…","Metabolic syndrome among obese adults in Baghdad, Iraq",2017,"Saudi Journal of …","saudijobesity.com","https://saudijobesity.com/article.asp?issn=2347-2618;year=2017;volume=5;issue=1;spage=8;epage=14;aulast=Saleh","https://scholar.google.com/scholar?cites=14108172052479991052&as_sdt=2005&sciodt=0,5&hl=en",278,"2021-07-17 21:08:35","HTML","","","",,,,,3,0.75,1,4,4,"… 8. 9. Puppet F, Uloko A, Akogu I, Aniekwensi E. Prevalence of the metabolic syndrome among patients with type 2 diabetes mellitus in urban north-central Nigeria … Waist circumference cut-off points for identification of abdominal obesity among the Tunisian adult population …","https://saudijobesity.com/article.asp?issn=2347-2618;year=2017;volume=5;issue=1;spage=8;epage=14;aulast=Saleh","https://scholar.google.com/scholar?q=related:DN0pwrtLysMJ:scholar.google.com/&scioq=%22waist+circumference%22+nigeria&hl=en&as_sdt=0,5&as_ylo=2017&as_yhi=2017&as_vis=1"
5,"OA Uthman, L Hartley, K Rees, F Taylor, S Ebrahim…","Multiple risk factor interventions for primary prevention of CVD in LMIC: a cochrane review",2017,"Global heart","Elsevier","https://www.sciencedirect.com/science/article/pii/S2211816016306391","https://scholar.google.com/scholar?cites=13387793499630064214&as_sdt=2005&sciodt=0,5&hl=en",279,"2021-07-17 21:08:35","","","","",,,,,5,1.25,1,6,4,"… CI]: −9.82 to −3.61; I 2 = 91%), diastolic blood pressure (−4.40 mm Hg; 95% CI: −6.47 to −2.34; I 2 = 92%), body mass index (−0.76 kg/m 2 ; 95% CI: −1.29 to −0.22; I 2 = 80%), and waist circumference (−3.31 cm; 95 … One trial recruited participants from both China and Nigeria [22] …","https://researchonline.lshtm.ac.uk/id/eprint/2697237/1/01.Cochrane_MRF_abridged_FINAL_v2.docx","https://scholar.google.com/scholar?q=related:VtK7n0H_yrkJ:scholar.google.com/&scioq=%22waist+circumference%22+nigeria&hl=en&as_sdt=0,5&as_ylo=2017&as_yhi=2017&as_vis=1"
0,"A Sachan","A Molecular Analysis Of FTO Gene Polymorphism In Patients Of Obesity And It s Correlation With Biochemical and Anthropometric Measurements Of Adults In The …",2017,"","shodhgangotri.inflibnet.ac.in","https://shodhgangotri.inflibnet.ac.in/handle/123456789/4090","",280,"2021-07-17 21:08:35","","","","",,,,,0,0.00,0,1,4,"… Waist Height Ratio Compared to Body Mass Index and Waist Circumference in Relation to … body mass index and blood glucose levels among some Nigerian undergraduates, HOAJ … Index Equates Persistent and Poor Control of Hypertension in Nigeria?, International Journal of …","https://shodhgangotri.inflibnet.ac.in/jspui/bitstream/123456789/4090/3/03_literature%20review.pdf","https://scholar.google.com/scholar?q=related:NtklQLHDHxYJ:scholar.google.com/&scioq=%22waist+circumference%22+nigeria&hl=en&as_sdt=0,5&as_ylo=2017&as_yhi=2017&as_vis=1"
0,"B Das","ANTHROPOMETRIC PROFILES AND ASSESSMENT OF NUTRITIONAL STATUS BASED ON BODY MASS INDEX (BMI) AMONG THE PRAWN SEED …",2017,"","inet.vidyasagar.ac.in","http://inet.vidyasagar.ac.in:8080/jspui/bitstream/123456789/5184/1/Banibrata%20Das.pdf","",281,"2021-07-17 21:08:35","PDF","","","",,,,,0,0.00,0,1,4,"… There was a significant change in waist circumference and waist-hip ratio among the male and female prawn seed collectors … Socio- demographic and nutritional assessment of the elderly Yorubas in Nigeria. Asia Pacific Journal of Clinical Nutrition, 15 (1): 95-101 …","http://inet.vidyasagar.ac.in:8080/jspui/bitstream/123456789/5184/1/Banibrata%20Das.pdf","https://scholar.google.com/scholar?q=related:edZA_y3xDQwJ:scholar.google.com/&scioq=%22waist+circumference%22+nigeria&hl=en&as_sdt=0,5&as_ylo=2017&as_yhi=2017&as_vis=1"
0,"FA Olatona, DO Odebiyi, HA Olabinjo, OA Olawale","Prevalence of low back pain and its association with age and sex among obese individuals of an adult population in Lagos Nigeria.",2017,"","196.45.48.59","http://196.45.48.59/handle/123456789/9079","",282,"2021-07-17 21:08:35","","","","",,,,,0,0.00,0,4,4,"… mass index (BMI) and in terms of its distribution via the waist circumference (4). Body … The burden of non- communicable diseases in Nigeria; in the context of globalization … A prevalence of cardiometabolic risk factors among a rural Yoruba south-western Nigerian population: A …","http://196.45.48.59/bitstream/handle/123456789/9079/Prevalence%20of%20low%20back%20pain.pdf?sequence=1&isAllowed=y","https://scholar.google.com/scholar?q=related:L17DdJl8YIIJ:scholar.google.com/&scioq=%22waist+circumference%22+nigeria&hl=en&as_sdt=0,5&as_ylo=2017&as_yhi=2017&as_vis=1"
0,"FZ Okwonu, JN Igabari","Test of Normality of Waist Measurement Data of Young Male and Female Adults based on the Quantile-Quantile Plot",2017,"Journal of Statistical Science and …","pdfs.semanticscholar.org","https://pdfs.semanticscholar.org/c47c/145bcc6e565be96d1b4d38717d6151cc7933.pdf","",283,"2021-07-17 21:08:35","PDF","","","",,,,,0,0.00,0,2,4,"… were taken from a group of 49 young adult volunteers, consisting of 32 males and 17 females, all undergraduate students of the fourth year in a certain University in Nigeria … W. Blahd, Calculating your waist circumference (WebMD Medical Reference) WebMD LLC, 2016 …","https://pdfs.semanticscholar.org/c47c/145bcc6e565be96d1b4d38717d6151cc7933.pdf","https://scholar.google.com/scholar?q=related:e0LBkpPNWk0J:scholar.google.com/&scioq=%22waist+circumference%22+nigeria&hl=en&as_sdt=0,5&as_ylo=2017&as_yhi=2017&as_vis=1"
26,"I Onakpoya, J O'Sullivan, C Heneghan…","The effect of grapefruits (Citrus paradisi) on body weight and cardiovascular risk factors: A systematic review and meta-analysis of randomized clinical trials",2017,"Critical reviews in food …","Taylor & Francis","https://www.tandfonline.com/doi/abs/10.1080/10408398.2014.901292","https://scholar.google.com/scholar?cites=14728776578364097238&as_sdt=2005&sciodt=0,5&hl=en",284,"2021-07-17 21:08:35","","10.1080/10408398.2014.901292","","",,,,,26,6.50,7,4,4,"… Mean changes in body weight, percentage body fat, waist circumference, systolic and diastolic blood pressures, fasting blood sugar, total cholesterol, low-density lipoprotein (LDL) cholesterol, high-density lipoprotein (HDL) cholesterol, and triglycerides were used as primary …","","https://scholar.google.com/scholar?q=related:1kJ8-UIgZ8wJ:scholar.google.com/&scioq=%22waist+circumference%22+nigeria&hl=en&as_sdt=0,5&as_ylo=2017&as_yhi=2017&as_vis=1"
5,"SR Noumegni, JR Nansseu, JJ Bigna…","Atherogenic index of plasma and 10-year risk of cardiovascular disease in adult Africans living with HIV infection: A cross-sectional study from Yaoundé, Cameroon",2017,"JRSM …","journals.sagepub.com","https://journals.sagepub.com/doi/abs/10.1177/2048004017740478","https://scholar.google.com/scholar?cites=14797380521561294664&as_sdt=2005&sciodt=0,5&hl=en",285,"2021-07-17 21:08:35","","10.1177/2048004017740478","","",,,,,5,1.25,1,4,4,"BackgroundThe paucity of data regarding the association between atherogenic index of plasma and risk of cardiovascular disease in HIV-infected populations living in sub-Saharan Africa prompted us t...","https://journals.sagepub.com/doi/full/10.1177/2048004017740478","https://scholar.google.com/scholar?q=related:SAfyOS_bWs0J:scholar.google.com/&scioq=%22waist+circumference%22+nigeria&hl=en&as_sdt=0,5&as_ylo=2017&as_yhi=2017&as_vis=1"
0,"S Jadhav, S Sawant","Obesity among health care assistants: Prevalence and association of prevalence",,"innovationalpublishers.com","","http://innovationalpublishers.com/Content/uploads/PDF/370777491_IJNH%20APRIL%20JUNE%202017%2022.pdf","",286,"2021-07-17 21:08:35","PDF","","","",,,,,0,0.00,0,2,,"… of sample with relation to WHR as per WHO criteria for health risk n=100 WHR(health risk) waist circumference (men > 102cm … Self- Reported Physical Activity among Health Care Professionals in South‐West Nigeria. Nigerian journal of clinical practice, 18(6), 790-795. 21 …","http://innovationalpublishers.com/Content/uploads/PDF/370777491_IJNH%20APRIL%20JUNE%202017%2022.pdf","https://scholar.google.com/scholar?q=related:L73oV07WPdAJ:scholar.google.com/&scioq=%22waist+circumference%22+nigeria&hl=en&as_sdt=0,5&as_ylo=2017&as_yhi=2017&as_vis=1"
0,"NAR Karim, JH Yenzeel, SN Al-Wachi","HIGH SENSITIVITY C–REACTIVE PROTEIN AND BODY MASS INDEX AS PREDICTORS OF OBESITY IN POSTMENOPAUSAL IRAQI WOMEN",,"researchgate.net","","https://www.researchgate.net/profile/Jabbar-Yenzeel/publication/325057112_HIGH_SENSITIVITY_C-REACTIVE_PROTEIN_AND_BODY_MASS_INDEX_AS_PREDICTORS_OF_OBESITY_IN_POSTMENOPAUSAL_IRAQI_WOMEN/links/5af3e6c24585157136c9284f/HIGH-SENSITIVITY-C-REACTIVE-PROTEIN-AND-BODY-MASS-INDEX-AS-PREDICTORS-OF-OBESITY-IN-POSTMENOPAUSAL-IRAQI-WOMEN.pdf","",287,"2021-07-17 21:08:35","PDF","","","",,,,,0,0.00,0,3,,"… CERIN, 112:1-6. [38]. Achie, LN, Olorunshola, VK, Toryila. EJ and Tende, JA (2012) The body mass index, waist circumference and blood pressure of postmenopausal women in Zaria, Northern Nigeria. Curr. Res. J. Biol. Sci., 4(3): 329-332. [39] …","https://www.researchgate.net/profile/Jabbar-Yenzeel/publication/325057112_HIGH_SENSITIVITY_C-REACTIVE_PROTEIN_AND_BODY_MASS_INDEX_AS_PREDICTORS_OF_OBESITY_IN_POSTMENOPAUSAL_IRAQI_WOMEN/links/5af3e6c24585157136c9284f/HIGH-SENSITIVITY-C-REACTIVE-PROTEIN-AND-BODY-MASS-INDEX-AS-PREDICTORS-OF-OBESITY-IN-POSTMENOPAUSAL-IRAQI-WOMEN.pdf","https://scholar.google.com/scholar?q=related:a_AnHDSR3OUJ:scholar.google.com/&scioq=%22waist+circumference%22+nigeria&hl=en&as_sdt=0,5&as_ylo=2017&as_yhi=2017&as_vis=1"
31,"S Jian, N Su-Mei, C Xue, Z Jie…","Association and interaction between triglyceride–glucose index and obesity on risk of hypertension in middle-aged and elderly adults",2017,"Clinical and Experimental …","Taylor & Francis","https://www.tandfonline.com/doi/abs/10.1080/10641963.2017.1324477","https://scholar.google.com/scholar?cites=1058363960322132098&as_sdt=2005&sciodt=0,5&hl=en",288,"2021-07-17 21:08:35","","10.1080/10641963.2017.1324477","","",,,,,31,7.75,6,5,4,"… Anthropometric test: Height and weight were measured with the participants in lightweight clothing and without shoes. Waist circumference (WC) was measured at the level midway between the lower rib margin and the iliac crest …","","https://scholar.google.com/scholar?q=related:gogTGmoQsA4J:scholar.google.com/&scioq=%22waist+circumference%22+nigeria&hl=en&as_sdt=0,5&as_ylo=2017&as_yhi=2017&as_vis=1"
43,"SB Woyesa, AT Hirigo, TB Wube","Hyperuricemia and metabolic syndrome in type 2 diabetes mellitus patients at Hawassa university comprehensive specialized hospital, South West Ethiopia",2017,"BMC endocrine disorders","Springer","https://link.springer.com/article/10.1186/s12902-017-0226-y","https://scholar.google.com/scholar?cites=1427364011227639635&as_sdt=2005&sciodt=0,5&hl=en",289,"2021-07-17 21:08:35","HTML","10.1186/s12902-017-0226-y","","",,,,,43,10.75,14,3,4,"… Body mass index (BMI) was calculated weight divided by the square of height in kilogram per meters square formula (BMI = weight/height 2 in kg/m 2 ). Waist circumference (WC) was measured at the … from India [1] and much less prevalence was also reported from Nigeria [3] …","https://link.springer.com/article/10.1186/s12902-017-0226-y","https://scholar.google.com/scholar?q=related:U29mdgEEzxMJ:scholar.google.com/&scioq=%22waist+circumference%22+nigeria&hl=en&as_sdt=0,5&as_ylo=2017&as_yhi=2017&as_vis=1"
0,"TG Adedeji, AA Fasanmade…","Diet and the metabolic syndrome",2017,"Afr: J. Med. Med …","researchgate.net","https://www.researchgate.net/profile/Adedeji-Temitope-2/publication/319814597_Diet_and_Metabolic_Syndrome/links/59bcf8d9a6fdcca8e567a9c8/Diet-and-Metabolic-Syndrome.pdf","",290,"2021-07-17 21:08:35","PDF","","","",,,,,0,0.00,0,3,4,"… positive genetic correlations with factors such as insulin resistance, BMI, waist circumference and BMI … of hypertension and cardio-metabolic syndromc in semi-urban and rural communities in Nigeria … Prevalence of the metabolic syndrome among Nigerians with type 2 diabetes …","https://www.researchgate.net/profile/Adedeji-Temitope-2/publication/319814597_Diet_and_Metabolic_Syndrome/links/59bcf8d9a6fdcca8e567a9c8/Diet-and-Metabolic-Syndrome.pdf","https://scholar.google.com/scholar?q=related:EryBiLbDUAsJ:scholar.google.com/&scioq=%22waist+circumference%22+nigeria&hl=en&as_sdt=0,5&as_ylo=2017&as_yhi=2017&as_vis=1"
4,"MA Emokpae, PA Obazelu","The association of triiodothyronine-to-thyroxine ratio with body mass index in obese Nigerian children and adolescents",2017,"Medical Sciences","mdpi.com","https://www.mdpi.com/246100","https://scholar.google.com/scholar?cites=14131596764102983873&as_sdt=2005&sciodt=0,5&hl=en",291,"2021-07-17 21:08:35","","","","",,,,,4,1.00,2,2,4,"… Association of Triiodothyronine-to-Thyroxine Ratio with Body Mass Index in Obese Nigerian Children and Adolescents … Department of Medical Laboratory Science, School of Basic Medical Sciences, College of Medical Sciences, University of Benin, Benin City 300001, Nigeria …","https://www.mdpi.com/2076-3271/5/4/36/pdf","https://scholar.google.com/scholar?q=related:wQBrcWKEHcQJ:scholar.google.com/&scioq=%22waist+circumference%22+nigeria&hl=en&as_sdt=0,5&as_ylo=2017&as_yhi=2017&as_vis=1"
0,"P Soni, DS Kumar, P Kishore","An overview on Obesity",2017,"world","216.10.240.19","http://216.10.240.19/v6-i11/150%20jmscr.pdf","",292,"2021-07-17 21:08:35","PDF","","","",,,,,0,0.00,0,3,4,"… 30 kg/m 2 and central obesity as a waist circumference greater than 102 cm in men and 88 cm in women [3] . Whereas children whose BMI exceeds the 95th percentile value are considered as obese [4] … 10. Nigeria 20,997,494 …","http://216.10.240.19/v6-i11/150%20jmscr.pdf","https://scholar.google.com/scholar?q=related:RY7zI1WW9JIJ:scholar.google.com/&scioq=%22waist+circumference%22+nigeria&hl=en&as_sdt=0,5&as_ylo=2017&as_yhi=2017&as_vis=1"
10,"D Baltaci, MH Deler, Y Turker, F Ermis, D Iliev…","Evaluation of serum Vitamin B12 level and related nutritional status among apparently healthy obese female individuals",2017,"Nigerian journal of …","ajol.info","https://www.ajol.info/index.php/njcp/article/view/149460","https://scholar.google.com/scholar?cites=9180242167882819614&as_sdt=2005&sciodt=0,5&hl=en",293,"2021-07-17 21:08:35","","","","",,,,,10,2.50,2,6,4,"… 101 Nigerian Journal of Clinical Practice • January 2017 • Vol 20 • Issue 1 … Anthropometric measurements The anthropometric values of subjects were measured: Body weight, height, and waist circumference (WC) and hip circumference, according to standard procedures …","https://www.ajol.info/index.php/njcp/article/download/149460/138964","https://scholar.google.com/scholar?q=related:Hqi32JzFZn8J:scholar.google.com/&scioq=%22waist+circumference%22+nigeria&hl=en&as_sdt=0,5&as_ylo=2017&as_yhi=2017&as_vis=1"
4,"R Ebere, V Kimani, J Imungi","Prevalence of Diabetes Mellitus Type 2 and its Association with Demography, Socio-Economy and Nutritional Status for Women of Amagoro Division in Western …",2017,"","repository.must.ac.ke","http://repository.must.ac.ke/handle/123456789/249","https://scholar.google.com/scholar?cites=5367861810814433190&as_sdt=2005&sciodt=0,5&hl=en",294,"2021-07-17 21:08:35","","","","",,,,,4,1.00,1,3,4,"… [19] WHO (World Health Organization), Waist Circumference and Waist-Hip … [20] I. Gezawa, F. Puepet, B. Mubi, A.Uloko, B. Bakki, M. Talle and I. Haliru, I, Socio-demographic and Anthropometric risk factors for Type 2 diabetes in Maiduguri, North-Eastern Nigeria, Sahel Medical …","http://repository.must.ac.ke/bitstream/handle/123456789/249/Prevalence_of_Diabetes_Mellitus_Type_2_and_its_Ass.pdf?sequence=1","https://scholar.google.com/scholar?q=related:prf6dOB5fkoJ:scholar.google.com/&scioq=%22waist+circumference%22+nigeria&hl=en&as_sdt=0,5&as_ylo=2017&as_yhi=2017&as_vis=1"
1,"R Samantaray, AK Bal, D Das","Pattern of Dyslipidemia in Type 2 Diabetic Patients in Southern Odisha",2017,"Scholars Journal of Applied …","researchgate.net","https://www.researchgate.net/profile/Debasish-Das-10/publication/322021087_Pattern_of_Dyslipidemia_in_Type_2_Diabetic_Patients_in_Southern_Odisha/links/5a3e1556aca272d294446b45/Pattern-of-Dyslipidemia-in-Type-2-Diabetic-Patients-in-Southern-Odisha.pdf","https://scholar.google.com/scholar?cites=12876212345462024561&as_sdt=2005&sciodt=0,5&hl=en",295,"2021-07-17 21:08:35","PDF","","","",,,,,1,0.25,0,3,4,"… TG was positively correlated with BMI, waist circumference and body fat … 2012;22(12):24-8. 25. Ogbera AO, Fasanmade OA, Chinenye S, Akinlade A. Characterization of lipid parameters in diadetes mellitus –a Nigerian report. International archives of medicine …","https://www.researchgate.net/profile/Debasish-Das-10/publication/322021087_Pattern_of_Dyslipidemia_in_Type_2_Diabetic_Patients_in_Southern_Odisha/links/5a3e1556aca272d294446b45/Pattern-of-Dyslipidemia-in-Type-2-Diabetic-Patients-in-Southern-Odisha.pdf","https://scholar.google.com/scholar?q=related:cWnDN-h-sbIJ:scholar.google.com/&scioq=%22waist+circumference%22+nigeria&hl=en&as_sdt=0,5&as_ylo=2017&as_yhi=2017&as_vis=1"
0,"MD Khaled Baagar, A Aboudi, H Khaldi…","A THREE-YEAR REVIEW OF DIABETIC KETOACIDOSIS IN PREGNANCY–CAUSES AND OUTCOMES",2017,"Endocrine …","search.proquest.com","https://search.proquest.com/openview/1f33b544688a2e008fed3560db43466b/1?pq-origsite=gscholar&cbl=1896353","",296,"2021-07-17 21:08:35","","","","",,,,,0,0.00,0,4,4,"… prediabetes (IPD), as compared to body mass index (BMI), waist circumference and waist … ON DIABETES RELATED KNOWLEDGE AMONGST DIABETIC PATIENTS IN A NIGERIAN TEACHING HOSPITAL … diabetes in patients attending a teaching hospital in South west Nigeria …","",""
56,"R Zheng, Y Mao","Triglyceride and glucose (TyG) index as a predictor of incident hypertension: a 9-year longitudinal population-based study",2017,"Lipids in health and disease","lipidworld.biomedcentral.com","https://lipidworld.biomedcentral.com/articles/10.1186/s12944-017-0562-y","https://scholar.google.com/scholar?cites=13010680107006222975&as_sdt=2005&sciodt=0,5&hl=en",297,"2021-07-17 21:08:35","HTML","10.1186/s12944-017-0562-y","","",,,,,56,14.00,28,2,4,"Hypertension and the triglyceride and glucose index both have been associated with insulin resistance; however, the longitudinal association remains unclear. This study was designed to investigate the longitudinal association between the triglyceride and glucose index and incident …","https://lipidworld.biomedcentral.com/articles/10.1186/s12944-017-0562-y","https://scholar.google.com/scholar?q=related:f-JYsJ84j7QJ:scholar.google.com/&scioq=%22waist+circumference%22+nigeria&hl=en&as_sdt=0,5&as_ylo=2017&as_yhi=2017&as_vis=1"
0,"T Kayode-Adedeji, O Oyero, SA Aririguzoh","DIABETES AND LIFESTYLE MODIFICATION AWARENESS AMONG NIGERIANS",2017,"","eprints.covenantuniversity.edu.ng","http://eprints.covenantuniversity.edu.ng/9430/","",298,"2021-07-17 21:08:35","","","","",,,,,0,0.00,0,3,4,"… The syndrome is characterized by increased waist circumference, low HDL (high-density lipoprotein) cholesterol, high … Nigerians: a study of its prevalence and risk factors in Port Harcourt, Nigeria … Osain, M. (2011) The Nigerian health care system: Need for integrating adequate …","http://eprints.covenantuniversity.edu.ng/9430/1/328.pdf","https://scholar.google.com/scholar?q=related:scLNPTRA8pAJ:scholar.google.com/&scioq=%22waist+circumference%22+nigeria&hl=en&as_sdt=0,5&as_ylo=2017&as_yhi=2017&as_vis=1"
11,"NH Nogay","Assessment of the correlation between the atherogenic index of plasma and cardiometabolic risk factors in children and adolescents: might it be superior to the TG …",2017,"Journal of Pediatric Endocrinology and Metabolism","degruyter.com","https://www.degruyter.com/document/doi/10.1515/jpem-2016-0479/html","https://scholar.google.com/scholar?cites=14963128299968263909&as_sdt=2005&sciodt=0,5&hl=en",299,"2021-07-17 21:08:35","","10.1515/jpem-2016-0479","","",,,,,11,2.75,11,1,4,"… The body weight, height, waist circumference, hip circumfer- ence, triceps and subscapular skinfold thickness of the participants were measured … Waist circumference, cm 67.03 ± 7.49 65.42 ± 10.76 0.530 71.24 ± 8.77 77.60 ± 13.07 0.000a …","","https://scholar.google.com/scholar?q=related:5fYzKOm1p88J:scholar.google.com/&scioq=%22waist+circumference%22+nigeria&hl=en&as_sdt=0,5&as_ylo=2017&as_yhi=2017&as_vis=1"
0,"M Shahraki, O Eslami, T Shahraki","Correlation of Obesity with Cardiometabolic Status among Medical University Employees in Southeast of Iran",2017,"Journal of Nutrition and Food …","jnfs.ssu.ac.ir","http://jnfs.ssu.ac.ir/browse.php?a_id=90&slc_lang=en&sid=en&ftxt=1&html=1","",300,"2021-07-17 21:08:35","HTML","","","",,,,,0,0.00,0,3,4,"… Overweight and obesity, lipid profile and atherogenic indices among Civil Servants in Abakaliki, south eastern Nigeria. Annals of medical and health sciences research … WHO 2011. Waist circumference and waist–hip ratio: report of a WHO expert consultation WHO: Geneva …","http://jnfs.ssu.ac.ir/browse.php?a_id=90&slc_lang=en&sid=en&ftxt=1&html=1","https://scholar.google.com/scholar?q=related:hFLM5Lhi3xwJ:scholar.google.com/&scioq=%22waist+circumference%22+nigeria&hl=en&as_sdt=0,5&as_ylo=2017&as_yhi=2017&as_vis=1"
30,"L Mao, Y Fang, M Campbell, WM Southerland","Population differentiation in allele frequencies of obesity-associated SNPs",2017,"BMC genomics","Springer","https://link.springer.com/article/10.1186/s12864-017-4262-9","https://scholar.google.com/scholar?cites=1457526414797097855&as_sdt=2005&sciodt=0,5&hl=en",301,"2021-07-17 21:08:35","HTML","10.1186/s12864-017-4262-9","","",,,,,30,7.50,8,4,4,"… the obesity related traits (p-value <9 × 10 −6 ). The traits include BMI, obesity, obesity (early onset extreme), waist circumference and waist … Specifically, for countries with multiple populations profiled in 1000 Genomes Project, we pooled ESN (Esan in Nigeria) and YRI (Yoruba in …","https://link.springer.com/article/10.1186/s12864-017-4262-9","https://scholar.google.com/scholar?q=related:f8u6TI0sOhQJ:scholar.google.com/&scioq=%22waist+circumference%22+nigeria&hl=en&as_sdt=0,5&as_ylo=2017&as_yhi=2017&as_vis=1"
31,"AGM Brown, RF Houser, J Mattei…","Hypertension among US-born and foreign-born non-Hispanic Blacks: NHANES 2003–2014 data",2017,"Journal of …","ncbi.nlm.nih.gov","https://www.ncbi.nlm.nih.gov/pmc/articles/pmc6002771/","https://scholar.google.com/scholar?cites=3364152788503588292&as_sdt=2005&sciodt=0,5&hl=en",302,"2021-07-17 21:08:35","HTML","","","",,,,,31,7.75,8,4,4,"… statistics suggest that the influx of Black immigrants represent a diverse array of countries of origin (ie, Nigeria, Ethiopia, Ghana … Model 4, added BMI; and we confirmed in sensitivity analysis that results were not appreciably different adjusting for waist circumference instead (data …","https://www.ncbi.nlm.nih.gov/pmc/articles/pmc6002771/","https://scholar.google.com/scholar?q=related:xG3lGCPfry4J:scholar.google.com/&scioq=%22waist+circumference%22+nigeria&hl=en&as_sdt=0,5&as_ylo=2017&as_yhi=2017&as_vis=1"
11,"EU Nwose, RS Richards, PT Bwititi…","Prediabetes and cardiovascular complications study (PACCS): international collaboration 4 years' summary and future direction",2017,"BMC …","bmcresnotes.biomedcentral.com","https://bmcresnotes.biomedcentral.com/articles/10.1186/s13104-017-3017-7","https://scholar.google.com/scholar?cites=4100659944931451722&as_sdt=2005&sciodt=0,5&hl=en",303,"2021-07-17 21:08:35","HTML","10.1186/s13104-017-3017-7","","",,,,,11,2.75,3,4,4,"The prediabetes and cardiovascular complications studies proposes to develop a screening protocol for diabetes cardiovascular risk, and strategies for holistic management amongst others. Over 500 participants were recruited in the first 2 years of rural community research screening …","https://bmcresnotes.biomedcentral.com/articles/10.1186/s13104-017-3017-7","https://scholar.google.com/scholar?q=related:SuNPYn546DgJ:scholar.google.com/&scioq=%22waist+circumference%22+nigeria&hl=en&as_sdt=0,5&as_ylo=2017&as_yhi=2017&as_vis=1"
0,"P Jobin, AS Veparala, A Varghese…","Assessment of occupational safety, hazards and related health problems among quarry workers at work places in India",2017,"… Journal of Nursing …","indianjournals.com","https://www.indianjournals.com/ijor.aspx?target=ijor:ijner&volume=5&issue=1&article=014","",304,"2021-07-17 21:08:35","","","","",,,,,0,0.00,0,4,4,"… Waist circumference cutoff and its importance for diagnosis of metabolic syndrome in Asian Indians: A preliminary study … and patterns of injury among quarry workers in Sabon-Gari Local Government Area, Kaduna state North-Western Nigeria. Annals of Nigerian Medicine …","","https://scholar.google.com/scholar?q=related:SAzqVUC8oR4J:scholar.google.com/&scioq=%22waist+circumference%22+nigeria&hl=en&as_sdt=0,5&as_ylo=2017&as_yhi=2017&as_vis=1"
13,"I Solomon, M Adjuik, W Takramah…","Prevalence and awareness of hypertension among urban and rural adults in Hohoe Municipality, Ghana",2017,"Journal of …","maleriaresearch.com","http://www.maleriaresearch.com/assets/pdf_files/1563213603pdf.pdf","https://scholar.google.com/scholar?cites=11930394026559609627&as_sdt=2005&sciodt=0,5&hl=en",305,"2021-07-17 21:08:35","PDF","","","",,,,,13,3.25,3,4,4,"… in 2008 [8]. Both men and women have high rates of BP in the African region with prevalence rates over 40% [1]. A report from rural Nigeria showed the … Arterial blood pressure and anthropometric measurement of height, weight, hip and waist circumference were also measured …","http://www.maleriaresearch.com/assets/pdf_files/1563213603pdf.pdf","https://scholar.google.com/scholar?q=related:GxuHPyhGkaUJ:scholar.google.com/&scioq=%22waist+circumference%22+nigeria&hl=en&as_sdt=0,5&as_ylo=2017&as_yhi=2017&as_vis=1"
1,"PA Agaba, MO Akanbi, AN Ocheke, ZM Gimba…","Body size and metabolic health: A phenotypic characterisation of an Indigenous African working population",2017,"","140.105.46.149","https://140.105.46.149/jspui/handle/123456789/2126","https://scholar.google.com/scholar?cites=17335038235047180076&as_sdt=2005&sciodt=0,5&hl=en",306,"2021-07-17 21:08:35","","","","",,,,,1,0.25,0,5,4,"… by body size and metabolic phenotypes among 879 workers in a Nigerian university Variables … MH= Metabolically Healthy; MU= Metabolically Unhealthy; WC= Waist Circumference; SBP= Systolic BP; DBP … In a systematic review of papers published in Nigeria between 2001 and …","https://140.105.46.149/jspui/bitstream/123456789/2126/1/body-size-and-metabolic-health-a-phenotypic-characterisation-of-an-indigenous-african-working-population.pdf","https://scholar.google.com/scholar?q=related:LDfNB25tkvAJ:scholar.google.com/&scioq=%22waist+circumference%22+nigeria&hl=en&as_sdt=0,5&as_ylo=2017&as_yhi=2017&as_vis=1"
3,"DR Ayu, A Aditiawati, J Anzar, E Bahar","Upper arm circumference measurement for detecting overweight and obesity in children aged 6-7 years",2017,"Paediatr Indones","core.ac.uk","https://core.ac.uk/download/pdf/194718690.pdf","https://scholar.google.com/scholar?cites=12282807390066030573&as_sdt=2005&sciodt=0,5&hl=en",307,"2021-07-17 21:08:35","PDF","","","",,,,,3,0.75,1,4,4,"… A Nigerian study showed significantly higher fat mass and upper arm circumference in girls than in boys, in children aged 5-15 … 17. Mazicioglu MM, Hatipoglu N, Ozturk A, Cicek B, Ustunbas HB, Kurtoglu S. Waist circumference and mid-upper arm circumference in evaluation of …","https://core.ac.uk/download/pdf/194718690.pdf","https://scholar.google.com/scholar?q=related:7bdtgT5MdaoJ:scholar.google.com/&scioq=%22waist+circumference%22+nigeria&hl=en&as_sdt=0,5&as_ylo=2017&as_yhi=2017&as_vis=1"
11,"EO Owolabi, D Ter Goon, OV Adeniyi…","Prevalence and correlates of metabolic syndrome among adults attending healthcare facilities in Eastern Cape, South Africa",2017,"The Open Public …","benthamopen.com","https://benthamopen.com/ABSTRACT/TOPHJ-10-148","https://scholar.google.com/scholar?cites=8867738894570232766&as_sdt=2005&sciodt=0,5&hl=en",308,"2021-07-17 21:08:35","","","","",,,,,11,2.75,3,4,4,"… Impact of urbanization and gender on frequency of metabolic syndrome among native Abuja settlers in Nigeria … The current waist circumference cut point used for the diagnosis of metabolic syndrome in sub-Saharan African women is not appropriate …","https://benthamopen.com/FULLTEXT/TOPHJ-10-148","https://scholar.google.com/scholar?q=related:vhvGk4qJEHsJ:scholar.google.com/&scioq=%22waist+circumference%22+nigeria&hl=en&as_sdt=0,5&as_ylo=2017&as_yhi=2017&as_vis=1"
4,"PA Agaba, AN Ocheke, MO Akanbi…","Sexual functioning and health-related quality of life in men",2017,"Nigerian medical …","ncbi.nlm.nih.gov","https://www.ncbi.nlm.nih.gov/pmc/articles/PMC6009138/","https://scholar.google.com/scholar?cites=2976403864756957371&as_sdt=2005&sciodt=0,5&hl=en",309,"2021-07-17 21:08:35","HTML","","","",,,,,4,1.00,1,4,4,"… E-mail: moc.liamg@abagaie. Copyright : © 2018 Nigerian Medical Journal. This is an open access journal, and … This questionnaire has been used in studies on ED in Nigeria … conducted on each participant included height (m), body weight (kg), and waist circumference (WC, cm …","https://www.ncbi.nlm.nih.gov/pmc/articles/PMC6009138/","https://scholar.google.com/scholar?q=related:uzDwmotPTikJ:scholar.google.com/&scioq=%22waist+circumference%22+nigeria&hl=en&as_sdt=0,5&as_ylo=2017&as_yhi=2017&as_vis=1"
11,"KS Akinlade, OA Olaniyan, VO Lasebikan…","Vitamin D levels in different severity groups of schizophrenia",2017,"Frontiers in …","frontiersin.org","https://www.frontiersin.org/articles/10.3389/fpsyt.2017.00105/full","https://scholar.google.com/scholar?cites=13310173635486869741&as_sdt=2005&sciodt=0,5&hl=en",310,"2021-07-17 21:08:35","HTML","","","",,,,,11,2.75,3,4,4,"… has cross-cultural reliability and validity and has previously been used in Nigeria (19 … Height, body weight, waist circumference, and blood pressure were measured using standard methods … of public importance as it indicates that majority of apparently healthy Nigerians are likely …","https://www.frontiersin.org/articles/10.3389/fpsyt.2017.00105/full","https://scholar.google.com/scholar?q=related:7ej2sWY8t7gJ:scholar.google.com/&scioq=%22waist+circumference%22+nigeria&hl=en&as_sdt=0,5&as_ylo=2017&as_yhi=2017&as_vis=1"
5,"C Obirikorang, EO Anto, P Addai, Y Obirikorang…","Prevalence and risks factors of overweight/obesity among Undergraduate students: An institutional based cross-sectional study, Ghana",2017,"Journal of Medical and …","ajol.info","https://www.ajol.info/index.php/jmbs/article/view/157610","https://scholar.google.com/scholar?cites=11789528791319965586&as_sdt=2005&sciodt=0,5&hl=en",311,"2021-07-17 21:08:35","","","","",,,,,5,1.25,1,5,4,"… Blood pressure, weight, height, waist circumference (WC) and hip circumference (HC) were measured … Waist circumference (WC) was measured to the nearest 0.1 cm horizontally at the narrowest point between lower end of the rib cage and iliac crest …","https://www.ajol.info/index.php/jmbs/article/download/157610/147212","https://scholar.google.com/scholar?q=related:ku_d2_jRnKMJ:scholar.google.com/&scioq=%22waist+circumference%22+nigeria&hl=en&as_sdt=0,5&as_ylo=2017&as_yhi=2017&as_vis=1"
0,"AKA Katiella, B Danborno, M Nwankwo","Does settlement and season of birth influence body size? A cross-sectional study of school children and adolescents in Republic of Niger",2017,"Journal of Experimental …","jecajournal.org","https://www.jecajournal.org/article.asp?issn=1596-2393;year=2017;volume=16;issue=1;spage=29;epage=35;aulast=Katiella","",312,"2021-07-17 21:08:35","HTML","","","",,,,,0,0.00,0,3,4,"… after the approval of Health Research Ethics, Committee of Ahmadu Bello University Teaching Hospital, Zaria, Nigeria … assistants included weight, height, mid-upper arm circumference (MUAC), head circumference, hip circumference, waist circumference, leg circumference …","https://www.jecajournal.org/article.asp?issn=1596-2393;year=2017;volume=16;issue=1;spage=29;epage=35;aulast=Katiella","https://scholar.google.com/scholar?q=related:yV7IEHuWCYQJ:scholar.google.com/&scioq=%22waist+circumference%22+nigeria&hl=en&as_sdt=0,5&as_ylo=2017&as_yhi=2017&as_vis=1"
1,"S Acquah, BA Eghan, JN Boampong","High prevalence of dyslipidemia irrespective of obesity in the cape coast metropolis of Ghana",2017,"Ibnosina Journal of Medicine and …","ijmbs.org","https://www.ijmbs.org/article.asp?issn=1947-489X;year=2017;volume=9;issue=4;spage=103;epage=110;aulast=Acquah","https://scholar.google.com/scholar?cites=16713376178659230831&as_sdt=2005&sciodt=0,5&hl=en",313,"2021-07-17 21:08:35","HTML","","","",,,,,1,0.25,0,3,4,"… Optimal waist circumference cutoff value reflecting insulin resistance as a diagnostic criterion of metabolic syndrome in a nondiabetic Korean population aged 40 years and over: The … Serum lipid profile of newly diagnosed hypertensive patients in nnewi, South-East Nigeria …","https://www.ijmbs.org/article.asp?issn=1947-489X;year=2017;volume=9;issue=4;spage=103;epage=110;aulast=Acquah","https://scholar.google.com/scholar?q=related:b4R1ThXX8ecJ:scholar.google.com/&scioq=%22waist+circumference%22+nigeria&hl=en&as_sdt=0,5&as_ylo=2017&as_yhi=2017&as_vis=1"
11,"A Singh, K Bains, H Kaur","Relationship of eating behaviors with age, anthropometric measurements, and body composition parameters among professional Indian women",2017,"Ecology of food and nutrition","Taylor & Francis","https://www.tandfonline.com/doi/abs/10.1080/03670244.2017.1366317","https://scholar.google.com/scholar?cites=1469550816432104052&as_sdt=2005&sciodt=0,5&hl=en",314,"2021-07-17 21:08:35","","10.1080/03670244.2017.1366317","","",,,,,11,2.75,4,3,4,"… A significant difference was observed in the mean value of waist circumference between Group I (81.6 cm) and Group II (87.7 cm) as well as between Group I and Group III (88.2 cm). The women in Group I had the lowest mean value of waist circumference …","","https://scholar.google.com/scholar?q=related:dCLSeK7kZBQJ:scholar.google.com/&scioq=%22waist+circumference%22+nigeria&hl=en&as_sdt=0,5&as_ylo=2017&as_yhi=2017&as_vis=1"
0,"GO Ibezim","Development of Culture-Centered Diabetes Education Program for Nigerian Immigrants",2017,"","fisherpub.sjfc.edu","http://fisherpub.sjfc.edu/cgi/viewcontent.cgi?article=1043&context=nursing_etd_masters","",315,"2021-07-17 21:08:35","PDF","","","",,,,,0,0.00,0,1,4,"… The impact of DM among Nigerians is increasingly becoming more of a concern (Adeniyi, Uloko, Ogwumike, Sanya, & Fasanmade, 2013). Nigerian immigrants mirror Nigeria as a whole, and a major setback in the management of DM among Nigerians is due to the late …","http://fisherpub.sjfc.edu/cgi/viewcontent.cgi?article=1043&context=nursing_etd_masters","https://scholar.google.com/scholar?q=related:Rl4X__1p7SsJ:scholar.google.com/&scioq=%22waist+circumference%22+nigeria&hl=en&as_sdt=0,5&as_ylo=2017&as_yhi=2017&as_vis=1"
0,"JO Nebo","Estimation of Daily Salt Intake of Healthy Ambulant Nigerian Adults",2017,"","dspace.unn.edu.ng","http://www.dspace.unn.edu.ng/handle/123456789/5305","",316,"2021-07-17 21:08:35","","","","",,,,,0,0.00,0,1,4,"… Therefore, this research is aimed at estimating the daily salt intake of healthy ambulant Nigerian adults … and is a major public health concern in the USA, Nigeria and worldwide (Medicine … as measured by waist circumference related to the increase of systolic blood pressure …","http://www.dspace.unn.edu.ng/bitstream/handle/123456789/5305/Nebo%2C%20Jude%20Okechukwu.pdf?sequence=1&isAllowed=y","https://scholar.google.com/scholar?q=related:N5fgrXDx3ugJ:scholar.google.com/&scioq=%22waist+circumference%22+nigeria&hl=en&as_sdt=0,5&as_ylo=2017&as_yhi=2017&as_vis=1"
0,"HQ SOFIHUSSEIN, BK HAMAD","High Sensitive C-reactive Protein for Prediction of Cardiovascular Risk Level in Patients with Metabolic Syndrome in Sulaimania-Iraq",,"core.ac.uk","","https://core.ac.uk/download/pdf/234666997.pdf","",317,"2021-07-17 21:08:35","PDF","","","",,,,,0,0.00,0,2,,"… Waist circumference adds to the variance in plasma C-reactive protein levels in elderly patients with metabolic syndrome. Gerontology, 53:329–339 … High sensitive C-reactive protein (HsCRP) as a cardiovascular risk factor in hypertensive Nigerians …","https://core.ac.uk/download/pdf/234666997.pdf","https://scholar.google.com/scholar?q=related:JOpXVXhN-cgJ:scholar.google.com/&scioq=%22waist+circumference%22+nigeria&hl=en&as_sdt=0,5&as_ylo=2017&as_yhi=2017&as_vis=1"
0,"PB Adebayo, AA Akintunde, AJ Adebayo…","Comparison of Neuropsychological Patterns in Nigerians with different Heart Failure Phenotypes",2017,"Archives of Clinical …","academic.oup.com","https://academic.oup.com/acn/article-abstract/32/3/280/2754472","",318,"2021-07-17 21:08:35","","","","",,,,,0,0.00,0,4,4,"… suggesting that cognitive dysfunction is highly prevalent among native Nigerian Africans with … of Technology (LAUTECH) Teaching Hospital, Ogbomoşo, south-western Nigeria between February 1 … BMI) was calculated as weight (kg)/height (m) 2 . Waist circumference (WC) was …","https://academic.oup.com/acn/article/32/3/280/2754472","https://scholar.google.com/scholar?q=related:Ro64oVSewc8J:scholar.google.com/&scioq=%22waist+circumference%22+nigeria&hl=en&as_sdt=0,5&as_ylo=2017&as_yhi=2017&as_vis=1"
1,"IA Thomas, MA Agiang, JO Jemide…","Effectiveness of nutritional counselling in the management of overweight/obesity in Calabar Metropolis, Cross River State, Nigeria",2017,"World Journal of Nutrition …","Citeseer","https://citeseerx.ist.psu.edu/viewdoc/download?doi=10.1.1.1040.4801&rep=rep1&type=pdf","https://scholar.google.com/scholar?cites=11307812876039296978&as_sdt=2005&sciodt=0,5&hl=en",319,"2021-07-17 21:08:35","PDF","","","",,,,,1,0.25,0,4,4,"… Effectiveness of Nutritional Counseling in the Management of Overweight/Obesity in Calabar Metropolis, Cross River State, Nigeria … Thus, this study presents the effectiveness of nutritional counseling in the management of overweight/obesity in an urban area in Nigeria …","https://citeseerx.ist.psu.edu/viewdoc/download?doi=10.1.1.1040.4801&rep=rep1&type=pdf","https://scholar.google.com/scholar?q=related:0hfpPuZr7ZwJ:scholar.google.com/&scioq=%22waist+circumference%22+nigeria&hl=en&as_sdt=0,5&as_ylo=2017&as_yhi=2017&as_vis=1"
32,"AB Adeniyi, CE Laurence, JA Volmink…","Prevalence of chronic kidney disease and association with cardiovascular risk factors among teachers in Cape Town, South Africa",2017,"Clinical kidney …","academic.oup.com","https://academic.oup.com/ckj/article-abstract/10/3/363/2918138","https://scholar.google.com/scholar?cites=11600635728380174571&as_sdt=2005&sciodt=0,5&hl=en",320,"2021-07-17 21:08:35","","","","",,,,,32,8.00,8,4,4,"… Africa/HSPH PaCT) is a collaboration between Harvard University and scientists from South Africa, Uganda, Tanzania and Nigeria to address … Waist circumference was measured with a non-stretchable Seca 201 tape measure placed against the skin at a horizontal plane at the …","https://academic.oup.com/ckj/article/10/3/363/2918138","https://scholar.google.com/scholar?q=related:6yDObru8_aAJ:scholar.google.com/&scioq=%22waist+circumference%22+nigeria&hl=en&as_sdt=0,5&as_ylo=2017&as_yhi=2017&as_vis=1"
31,"EC Marinho, IDD Custódio, IB Ferreira, CA Crispim…","Impact of chemotherapy on perceptions related to food intake in women with breast cancer: A prospective study",2017,"PLoS …","journals.plos.org","https://journals.plos.org/plosone/article?id=10.1371/journal.pone.0187573","https://scholar.google.com/scholar?cites=5610394885482603347&as_sdt=2005&sciodt=0,5&hl=en",321,"2021-07-17 21:08:35","HTML","","","",,,,,31,7.75,6,5,4,"… 0.021). The appetite for salty (p = 0.004) and spicy (p = 0.03) foods was increased in T1. There was an increase of body weight (p = 0.008), body mass index (BMI) (p = 0.009) and waist circumference (WC) (p = 0.03) during CT. CT …","https://journals.plos.org/plosone/article?id=10.1371/journal.pone.0187573","https://scholar.google.com/scholar?q=related:U-PbVmwg3E0J:scholar.google.com/&scioq=%22waist+circumference%22+nigeria&hl=en&as_sdt=0,5&as_ylo=2017&as_yhi=2017&as_vis=1"
29,"MA Ortiz-Rodríguez, L Yáñez-Velasco…","Prevalence of metabolic syndrome among elderly Mexicans",2017,"Archives of gerontology …","Elsevier","https://www.sciencedirect.com/science/article/pii/S0167494317302832","https://scholar.google.com/scholar?cites=18234837178567833624&as_sdt=2005&sciodt=0,5&hl=en",322,"2021-07-17 21:08:35","","","","",,,,,29,7.25,10,3,4,"… Waist circumference (WC, measured at the navel in men, and midway between the bottom of the ribs and the top of the hip bone in women), hip circumference (HC, measured at the tip of the hip bone in men, and at the widest point between the hips and the buttocks in women …","","https://scholar.google.com/scholar?q=related:GDifNc0nD_0J:scholar.google.com/&scioq=%22waist+circumference%22+nigeria&hl=en&as_sdt=0,5&as_ylo=2017&as_yhi=2017&as_vis=1"
100,"V Vanderpuye, S Grover…","An update on the management of breast cancer in Africa",2017,"Infectious …","infectagentscancer.biomedcentral …","https://infectagentscancer.biomedcentral.com/articles/10.1186/s13027-017-0124-y","https://scholar.google.com/scholar?cites=12133840680426753812&as_sdt=2005&sciodt=0,5&hl=en",323,"2021-07-17 21:08:35","HTML","10.1186/s13027-017-0124-y","","",,,,,100,25.00,33,3,4,"There is limited information about the challenges of cancer management and attempts at improving outcomes in Africa. Even though South and North Africa are better resourceds to tackle the burden of breast cancer, similar poor prognostic factors are common to all countries. The …","https://infectagentscancer.biomedcentral.com/articles/10.1186/s13027-017-0124-y","https://scholar.google.com/scholar?q=related:FE8Fns8PZKgJ:scholar.google.com/&scioq=%22waist+circumference%22+nigeria&hl=en&as_sdt=0,5&as_ylo=2017&as_yhi=2017&as_vis=1"
0,"AO TIMI-OLADIPO","… CONTROL IN ELDERLY TYPE 2 DIABETICS ATTENDING THE OUTPATIENT CLINIC OF UNIVERSITY OF ILORIN TEACHING HOSPITAL, ILORIN NIGERIA.",2017,"Faculty of Family Medicine","dissertation.npmcn.edu.ng","http://www.dissertation.npmcn.edu.ng/index.php/FMCFM/article/download/217/1844","",324,"2021-07-17 21:08:35","PDF","","","",,,,,0,0.00,0,1,4,"… 37 Page 22. 10 Evidence has also shown that many elderly people in Nigeria are no longer sufficiently cared for … 38This declined family support may indirectly affect the level of glycaemic control in Nigerian elderly population. There is therefore need for further …","http://www.dissertation.npmcn.edu.ng/index.php/FMCFM/article/download/217/1844","https://scholar.google.com/scholar?q=related:EP4P0jWXZjAJ:scholar.google.com/&scioq=%22waist+circumference%22+nigeria&hl=en&as_sdt=0,5&as_ylo=2017&as_yhi=2017&as_vis=1"
1,"M Adnan, T Rahat, N Hashmat…","METABOLIC SYNDROME",2017,"The Professional Medical …","theprofesional.com","http://theprofesional.com/index.php/tpmj/article/download/1442/1154","https://scholar.google.com/scholar?cites=12107784719438795595&as_sdt=2005&sciodt=0,5&hl=en",325,"2021-07-17 21:08:35","PDF","","","",,,,,1,0.25,0,4,4,"… This significant difference seems because of ATP III criteria that do not recommend ethnic specific values for waist circumference.5 Hypertension … to 91.9% reported from Pakistan7-10; however greatly differed with the frequencies reported from India, Ghana and Nigeria.13-15 It …","http://theprofesional.com/index.php/tpmj/article/download/1442/1154","https://scholar.google.com/scholar?q=related:S1MNcw1-B6gJ:scholar.google.com/&scioq=%22waist+circumference%22+nigeria&hl=en&as_sdt=0,5&as_ylo=2017&as_yhi=2017&as_vis=1"
6,"S Di Francesco, RL Tenaglia","Metabolic syndrome and aggressive prostate cancer at initial diagnosis",2017,"Hormone and Metabolic …","thieme-connect.com","https://www.thieme-connect.com/products/ejournals/html/10.1055/s-0043-109866","https://scholar.google.com/scholar?cites=5837236274998921742&as_sdt=2005&sciodt=0,5&hl=en",326,"2021-07-17 21:08:35","","10.1055/s-0043-109866","","",,,,,6,1.50,3,2,4,"… NS. Waist circumference (cm). 99.22±6.25 … Adv Urol 2012; 248607; 24 Akinloye O, Blessing Popoola B, Bolanle Ajadi M, Gregory Uchechukwu J, Pius Oparinde D. Hypogonadism and metabolic syndrome in nigerian male patients with both type 2 diabetes and hypertension …","","https://scholar.google.com/scholar?q=related:DspVEXcHAlEJ:scholar.google.com/&scioq=%22waist+circumference%22+nigeria&hl=en&as_sdt=0,5&as_ylo=2017&as_yhi=2017&as_vis=1"
5,"T Osayomi, MA Orhiere","Small-area variations in overweight and obesity in an urban area of Nigeria: The role of fast food outlets",2017,"Bulletin of Geography. Socio-economic Series","apcz.umk.pl","https://apcz.umk.pl/czasopisma/index.php/BGSS/article/view/bog-2017-0036","https://scholar.google.com/scholar?cites=1747927302227726689&as_sdt=2005&sciodt=0,5&hl=en",327,"2021-07-17 21:08:35","","","","",,,,,5,1.25,3,2,4,"… By 2015, nearly half of Nigerians lived in urban centres (Population Reference Bureau, 2015 … In Nigeria, fast food brands are very common in urban centres where “life is fast as home … Some of the fast food items on Nigerian menu lists include: “meat pies, fish pies, doughnuts, hot …","https://apcz.umk.pl/czasopisma/index.php/BGSS/article/download/bog-2017-0036/13207","https://scholar.google.com/scholar?q=related:YZF91p7iQRgJ:scholar.google.com/&scioq=%22waist+circumference%22+nigeria&hl=en&as_sdt=0,5&as_ylo=2017&as_yhi=2017&as_vis=1"
7,"AK Pandey, D Pandey, A Pandit","Obesity and lipid profile study in type 2 diabetes patients with auditory and reaction time deficits and non‐diabetic control subjects",2017,"Adv Diab Metab","Citeseer","http://citeseerx.ist.psu.edu/viewdoc/download?doi=10.1.1.1059.8088&rep=rep1&type=pdf","https://scholar.google.com/scholar?cites=5932252305217265165&as_sdt=2005&sciodt=0,5&hl=en",328,"2021-07-17 21:08:35","PDF","","","",,,,,7,1.75,2,3,4,"… Waist circumference cutoff points and action levels for Asian Indians for identification of abdominal obesity. Int J Obes (Lond). 2006; 30(1):106-11 … [12] Mezue K. The increasing burden of hypertension in Nigeria - can a dietary salt reduction strategy change the trend …","http://citeseerx.ist.psu.edu/viewdoc/download?doi=10.1.1.1059.8088&rep=rep1&type=pdf","https://scholar.google.com/scholar?q=related:DZ53igqYU1IJ:scholar.google.com/&scioq=%22waist+circumference%22+nigeria&hl=en&as_sdt=0,5&as_ylo=2017&as_yhi=2017&as_vis=1"
64,"KK O'Brien, AM Tynan…","Effectiveness of Progressive Resistive Exercise (PRE) in the context of HIV: systematic review and meta-analysis using the Cochrane Collaboration protocol",2017,"BMC infectious …","bmcinfectdis.biomedcentral.com","https://bmcinfectdis.biomedcentral.com/articles/10.1186/s12879-017-2342-8","https://scholar.google.com/scholar?cites=9403337118127457925&as_sdt=2005&sciodt=0,5&hl=en",329,"2021-07-17 21:08:35","HTML","10.1186/s12879-017-2342-8","","",,,,,64,16.00,21,3,4,"HIV is increasingly considered a chronic illness. More individuals are living longer and aging with the health-related consequences associated with HIV and multi-morbidity. Exercise is a self-management approach that can promote health for people aging with HIV. We examined …","https://bmcinfectdis.biomedcentral.com/articles/10.1186/s12879-017-2342-8","https://scholar.google.com/scholar?q=related:hYY7tUldf4IJ:scholar.google.com/&scioq=%22waist+circumference%22+nigeria&hl=en&as_sdt=0,5&as_ylo=2017&as_yhi=2017&as_vis=1"
13,"S Khalil, AO Almobarak, H Awadalla…","Low levels of physical activity in Sudanese individuals with some features of metabolic syndrome: population based study",2017,"Diabetes & Metabolic …","Elsevier","https://www.sciencedirect.com/science/article/pii/S1871402117300723","https://scholar.google.com/scholar?cites=3161382317455418178&as_sdt=2005&sciodt=0,5&hl=en",330,"2021-07-17 21:08:35","","","","",,,,,13,3.25,3,4,4,"… activity per week or equivalent) [7]. Therefore, one practical and cheap approach to fight diabetes epidemic in Africa by promoting physical activity [8], [9]. Regular exercise in Nigeria was associated with … Waist Circumference, Normal WC, 122(52%), 63(27%), 49(21%), 1.40, 0.497 …","","https://scholar.google.com/scholar?q=related:QqMhz3d83ysJ:scholar.google.com/&scioq=%22waist+circumference%22+nigeria&hl=en&as_sdt=0,5&as_ylo=2017&as_yhi=2017&as_vis=1"
0,"KS Akinlade, VO Lasebikan, OO Satope…","Risk and prevalence of type 2 diabetes mellitus in patients with major mental health disorders",2017,"East African Medical …","ajol.info","https://www.ajol.info/index.php/eamj/article/view/172047","",331,"2021-07-17 21:08:35","","","","",,,,,0,0.00,0,4,4,"… It has eight scored questions: age, body mass index (BMI), waist circumference, physical activity, frequency of … of pre-diabetes could be higher in individuals with MMHD than in the Nigerian general population … In Nigeria however, a prevalence of 4.3% was reported in 2016 (16) …","https://www.ajol.info/index.php/eamj/article/download/172047/161446","https://scholar.google.com/scholar?q=related:rDdWlvMVOLIJ:scholar.google.com/&scioq=%22waist+circumference%22+nigeria&hl=en&as_sdt=0,5&as_ylo=2017&as_yhi=2017&as_vis=1"
5,"EN Okafor, OL Erukainure, AU Ozumba…","Cassava flour substitution modulates glycemic responses and glycemic index of wheat breads in apparent healthy volunteers",2017,"Journal of dietary …","Taylor & Francis","https://www.tandfonline.com/doi/abs/10.1080/19390211.2016.1267061","https://scholar.google.com/scholar?cites=13721833912458546583&as_sdt=2005&sciodt=0,5&hl=en",332,"2021-07-17 21:08:35","","10.1080/19390211.2016.1267061","","",,,,,5,1.25,1,4,4,"… In a typical Nigerian setting, bread is eaten in combination with margarine or beans … PIND, Abuja, Nigeria, 2011, 1. [Google Scholar]; Frost G, Leeds A, Trew G, Margara R … fat and protein on glycemic responses in non-diabetic humans vary with waist circumference, fasting plasma …","","https://scholar.google.com/scholar?q=related:lw0A8z2_bb4J:scholar.google.com/&scioq=%22waist+circumference%22+nigeria&hl=en&as_sdt=0,5&as_ylo=2017&as_yhi=2017&as_vis=1"
12,"TS Goharian, JP Goetze, J Faber…","Associations of proatrial natriuretic peptide with components of the metabolic syndrome in adolescents and young adults from the general population",2017,"American journal of …","academic.oup.com","https://academic.oup.com/ajh/article-abstract/30/6/561/3045926","https://scholar.google.com/scholar?cites=11712952098453189198&as_sdt=2005&sciodt=0,5&hl=en",333,"2021-07-17 21:08:35","","","","",,,,,12,3.00,3,4,4,"… Among the young adults, MR-proANP was negatively associated with body mass index (BMI) (β = −0.10, P = 0.02), waist circumference (WC) (β = −0.14, P < 0.001), systolic blood pressure (BP) (β = −0.08, P = 0.03), diastolic BP (β = −0.23, P < 0.001), insulin (β = −0.15, P < 0.001 …","https://academic.oup.com/ajh/article/30/6/561/3045926","https://scholar.google.com/scholar?q=related:TvJ3K-DDjKIJ:scholar.google.com/&scioq=%22waist+circumference%22+nigeria&hl=en&as_sdt=0,5&as_ylo=2017&as_yhi=2017&as_vis=1"
0,"R Zarb Adami, P Jones, L Camilleri…","Investigating determinants of obesity in 5-to 6-year-old Maltese children",2017,"","um.edu.mt","https://www.um.edu.mt/library/oar/handle/123456789/20549","",334,"2021-07-17 21:08:35","","","","",,,,,0,0.00,0,4,4,"… Multiple regression related BMI and waist circumference (WC) with dietary intake, activity levels and parental BMI. Children's BMI and WC were positively and significantly (rs = 0.71, p < 0.001) correlated … Figure 1. Mean waist circumference by gender between school types …","https://www.um.edu.mt/library/oar/bitstream/123456789/20549/1/MJHS%20-%202017%20-%204-1%20-%20A3.pdf","https://scholar.google.com/scholar?q=related:PCUDZygVKVcJ:scholar.google.com/&scioq=%22waist+circumference%22+nigeria&hl=en&as_sdt=0,5&as_ylo=2017&as_yhi=2017&as_vis=1"
27,"OI Ameh, IG Okpechi, C Dandara…","Association between telomere length, chronic kidney disease, and renal traits: a systematic review",2017,"Omics: a journal of …","liebertpub.com","https://www.liebertpub.com/doi/abs/10.1089/omi.2016.0180","https://scholar.google.com/scholar?cites=14061436035116395446&as_sdt=2005&sciodt=0,5&hl=en",335,"2021-07-17 21:08:35","","10.1089/omi.2016.0180","","",,,,,27,6.75,7,4,4,"… Zenith Medical and Kidney Centre, Abuja, Nigeria … wave velocity in type 2 DM patients with and without microalbuminuria, Regression LTL and AER (entire population), β = −0.007 ± 0.002, p = 0.007, β = −0.007 ± 0.002, p = 0.002, BMI, waist circumference, hypertension, smoking …","","https://scholar.google.com/scholar?q=related:tmv9wJJBJMMJ:scholar.google.com/&scioq=%22waist+circumference%22+nigeria&hl=en&as_sdt=0,5&as_ylo=2017&as_yhi=2017&as_vis=1"
35,"GO Boateng, EA Adams, M Odei Boateng, IN Luginaah…","Obesity and the burden of health risks among the elderly in Ghana: A population study",2017,"PloS one","journals.plos.org","https://journals.plos.org/plosone/article?id=10.1371/journal.pone.0186947","https://scholar.google.com/scholar?cites=10570682725579129578&as_sdt=2005&sciodt=0,5&hl=en",336,"2021-07-17 21:08:35","HTML","","","",,,,,35,8.75,7,5,4,"… of daily living. A sub analysis using waist circumference as a measure of body fat showed elderly females with abdominal adiposity were relatively more likely to have stage 2 hypertension. Conclusions. These findings call for …","https://journals.plos.org/plosone/article?id=10.1371/journal.pone.0186947","https://scholar.google.com/scholar?q=related:6oKA2-6bspIJ:scholar.google.com/&scioq=%22waist+circumference%22+nigeria&hl=en&as_sdt=0,5&as_ylo=2017&as_yhi=2017&as_vis=1"
2,"T Alemayehu, D Shimelis, W Abebe","Prevalence of diabetes mellitus in 7–12 years old school children presenting to department of pediatrics and child health, tikur anbessa specialized teaching …",2017,"Ethiop Med J","researchgate.net","https://www.researchgate.net/profile/Tinsae-Alemayehu/publication/318317838_Prevalence_of_diabetes_mellitus_in_7-12_years_old_school_children_presenting_to_department_of_pediatrics_and_child_health_tikur_anbessa_specialized_Teaching_Hospital_Addis_Ababa_Ethiopia/links/596353350f7e9b81948af1af/Prevalence-of-diabetes-mellitus-in-7-12-years-old-school-children-presenting-to-department-of-pediatrics-and-child-health-tikur-anbessa-specialized-Teaching-Hospital-Addis-Ababa-Ethiopia.pdf","https://scholar.google.com/scholar?cites=3882960329450955719&as_sdt=2005&sciodt=0,5&hl=en",337,"2021-07-17 21:08:35","PDF","","","",,,,,2,0.50,1,3,4,"… a struc- tured questionnaire and measurements of weight, height, body mass index, waist circumference and random … Asani MO, Belonwu RO, Gwarzo GD, Farouk Z. Childhood DM in Kano, Nigeria … NJ, Ludvigss J. Prevalence and clinical picture of IDDM in Nigerian Igbo school …","https://www.researchgate.net/profile/Tinsae-Alemayehu/publication/318317838_Prevalence_of_diabetes_mellitus_in_7-12_years_old_school_children_presenting_to_department_of_pediatrics_and_child_health_tikur_anbessa_specialized_Teaching_Hospital_Addis_Ababa_Ethiopia/links/596353350f7e9b81948af1af/Prevalence-of-diabetes-mellitus-in-7-12-years-old-school-children-presenting-to-department-of-pediatrics-and-child-health-tikur-anbessa-specialized-Teaching-Hospital-Addis-Ababa-Ethiopia.pdf","https://scholar.google.com/scholar?q=related:x6PbydgL4zUJ:scholar.google.com/&scioq=%22waist+circumference%22+nigeria&hl=en&as_sdt=0,5&as_ylo=2017&as_yhi=2017&as_vis=1"
6,"SR Noumegni, VJM Ama, FK Assah, JJ Bigna…","Assessment of the agreement between the Framingham and DAD risk equations for estimating cardiovascular risk in adult Africans living with HIV infection: a …",2017,"Tropical diseases, travel …","Springer","https://link.springer.com/article/10.1186/s40794-017-0055-z","https://scholar.google.com/scholar?cites=17874293973612795197&as_sdt=2005&sciodt=0,5&hl=en",338,"2021-07-17 21:08:35","HTML","10.1186/s40794-017-0055-z","","",,,,,6,1.50,1,5,4,"… Mean values were 25.8 kg/m 2 for BMI, 82.1 cm for waist circumference, 95.1 cm for hip circumference, 0.86 for waist-to-hip ratio, 124 mmHg for SBP and 81 mmHg for DBP (Table 1). BMI and hip circumference were significantly higher in men compared to women … in Nigeria [16 …","https://link.springer.com/article/10.1186/s40794-017-0055-z","https://scholar.google.com/scholar?q=related:PZUYvKo_DvgJ:scholar.google.com/&scioq=%22waist+circumference%22+nigeria&hl=en&as_sdt=0,5&as_ylo=2017&as_yhi=2017&as_vis=1"
9,"M Zaki, S Kamal, W Ezzat, N Hassan, W Yousef…","Serum apelin levels and metabolic risk markers in obese women",2017,"Journal of Genetic …","Elsevier","https://www.sciencedirect.com/science/article/pii/S1687157X17300276","https://scholar.google.com/scholar?cites=16377940471647297219&as_sdt=2005&sciodt=0,5&hl=en",339,"2021-07-17 21:08:35","HTML","","","",,,,,9,2.25,2,6,4,"… Waist circumference (WC) and hip circumference (HC) were measured in cm using a plastic, non-stretchable tape. WC was measured with light clothing at a level midway between the lower rib margin and the iliac crest standing and breathing normally …","https://www.sciencedirect.com/science/article/pii/S1687157X17300276","https://scholar.google.com/scholar?q=related:w94HvRUiSuMJ:scholar.google.com/&scioq=%22waist+circumference%22+nigeria&hl=en&as_sdt=0,5&as_ylo=2017&as_yhi=2017&as_vis=1"
0,"D khalaf Al-aumary, AAS AlGhuzi, AJ Mohammod","Prevalence of Obesity Among Thi-Qar University Students During the Year 2015-2016",,"iasj.net","","https://www.iasj.net/iasj/download/1486882d4ca7acf7","",340,"2021-07-17 21:08:35","PDF","","","",,,,,0,0.00,0,3,,"… The mean waist circumference was 80.53 ± 9.2cm and the mean BMI was 24.17 ± 4.00 kg/m. There was a significance differences in the … Compared to other studies ,65.0% of Karbala university students (17), and 67.7 % of the Tai Solarin university of education in Nigeria (18) …","https://www.iasj.net/iasj/download/1486882d4ca7acf7","https://scholar.google.com/scholar?q=related:p0Gyg7l3JdUJ:scholar.google.com/&scioq=%22waist+circumference%22+nigeria&hl=en&as_sdt=0,5&as_ylo=2017&as_yhi=2017&as_vis=1"
5,"HA Kakudi, CK Loo, K Pasupa","Risk quantification of metabolic syndrome with quantum particle swarm optimisation",2017,"… of the 26th International Conference on …","dl.acm.org","https://dl.acm.org/doi/abs/10.1145/3041021.3054935","https://scholar.google.com/scholar?cites=8177119630419347437&as_sdt=2005&sciodt=0,5&hl=en",341,"2021-07-17 21:08:35","","10.1145/3041021.3054935","","",,,,,5,1.25,2,3,4,"… Optimisa- tion; Areal Similarity Degree ∗Department of Computer Science, FCSIT, Bayero Univer- sity Kano, PMB 3011, Kano, Nigeria … Syndrome Risk Factors Thresholds Fasting Blood Glucose (FBG) ≥ 5.5 mmol/L and/or medication treatment Waist Circumference (WC) Male …","http://papers.www2017.com.au.s3.amazonaws.com/companion/p1141.pdf","https://scholar.google.com/scholar?q=related:7ccEyfr2enEJ:scholar.google.com/&scioq=%22waist+circumference%22+nigeria&hl=en&as_sdt=0,5&as_ylo=2017&as_yhi=2017&as_vis=1"
4,"D Nowakowski, K Kliś, M Żurawiecka…","Influence of socioeconomic and anthropometric factors on respiratory function in female university students",2017,"… and Respiratory Care","Springer","https://link.springer.com/chapter/10.1007/5584_2016_194","https://scholar.google.com/scholar?cites=18114202677951090407&as_sdt=2005&sciodt=0,5&hl=en",342,"2021-07-17 21:08:35","","10.1007/5584_2016_194","","",,,,,4,1.00,1,4,4,"… Onagbiye S (2013) Relationship between body circumferences and lung function tests among undergraduate students of a Nigerian university … Pedoe H, Bolton-Smith C, Hannah MK, Morrison C (2001) Association of dietary antioxidants and waist circumference with pulmonary …","https://ndl.ethernet.edu.et/bitstream/123456789/35337/1/44.pdf#page=50","https://scholar.google.com/scholar?q=related:5060yFyTYvsJ:scholar.google.com/&scioq=%22waist+circumference%22+nigeria&hl=en&as_sdt=0,5&as_ylo=2017&as_yhi=2017&as_vis=1"
8,"W Liu, J Ling, Y Chen, Y Wu, P Lu","The association between adiposity and the risk of glaucoma: A meta-analysis",2017,"Journal of ophthalmology","hindawi.com","https://www.hindawi.com/journals/joph/2017/9787450/","https://scholar.google.com/scholar?cites=1529991792078021575&as_sdt=2005&sciodt=0,5&hl=en",343,"2021-07-17 21:08:35","HTML","","","",,,,,8,2.00,2,5,4,"… and ISI Web of Science before December 2016, using the following terms: ((metabolic syndrome) OR (overweight) OR (obesity) OR (adiposity) OR (body mass index) OR (BMI) OR (intra-abdominal fat) OR (waist hip ratio) OR (waist circumference) OR (Anthropometric … Nigeria …","https://www.hindawi.com/journals/joph/2017/9787450/","https://scholar.google.com/scholar?q=related:x-MSvG2fOxUJ:scholar.google.com/&scioq=%22waist+circumference%22+nigeria&hl=en&as_sdt=0,5&as_ylo=2017&as_yhi=2017&as_vis=1"
4,"R Atinyi, W Takramah, WK Axame, R Owusu…","Prevalence and awareness of Hypertension among urban and rural Adults in the Keta Municipality, Ghana",2017,"","ir.ucc.edu.gh","https://ir.ucc.edu.gh/xmlui/handle/123456789/5402","https://scholar.google.com/scholar?cites=8085874436493990070&as_sdt=2005&sciodt=0,5&hl=en",344,"2021-07-17 21:08:35","","","","",,,,,4,1.00,1,5,4,"… In rural Nigeria, the prevalence of hypertensionwas found to be 37.6% [15] … Data was collected through one-on-one interview. Arterial blood pressure and anthropometric measurement of height, weight, hip and waist circumference were also measured …","https://ir.ucc.edu.gh/xmlui/bitstream/handle/123456789/5402/Prevalence%20and%20awareness%20of%20Hypertension%20among%20urban%20and%20rural%20Adults%20in%20the%20Keta%20Municipality%2C%20Ghana.pdf?sequence=1&isAllowed=y","https://scholar.google.com/scholar?q=related:ttiijfXLNnAJ:scholar.google.com/&scioq=%22waist+circumference%22+nigeria&hl=en&as_sdt=0,5&as_ylo=2017&as_yhi=2017&as_vis=1"
8,"YU Qian, H Shen, Y Hu, Y Chen…","Prevalence and metabolic factors of hyperuricemia in an elderly agricultural and fishing population in Taiwan",2017,"Archives of rheumatology","ncbi.nlm.nih.gov","https://www.ncbi.nlm.nih.gov/pmc/articles/PMC6190989/","https://scholar.google.com/scholar?cites=14483360552155562756&as_sdt=2005&sciodt=0,5&hl=en",345,"2021-07-17 21:08:35","HTML","","","",,,,,8,2.00,2,5,4,"… Male: 5.9, Female: 2.0, You et al.18, 2009, 1,426, Mongolia, Male: 17.7, Waist circumference, the level of triglycerides. Female: 5.2, Alikor et al.19, 2013, 500, Nigeria, Overall: 17.2, Waist circumference, total cholesterol, LDL, sex. Male: 25, Female: 13.7 …","https://www.ncbi.nlm.nih.gov/pmc/articles/PMC6190989/","https://scholar.google.com/scholar?q=related:BEMjoa87_8gJ:scholar.google.com/&scioq=%22waist+circumference%22+nigeria&hl=en&as_sdt=0,5&as_ylo=2017&as_yhi=2017&as_vis=1"
2,"R Vinodhini, L Kebede, G Teka…","Prevalence of prediabetes and its risk factors among the employees of Ambo university, Oromia region, Ethiopia",2017,"Research in Molecular …","rmm.mazums.ac.ir","https://rmm.mazums.ac.ir/browse.php?a_id=252&sid=1&slc_lang=fa","https://scholar.google.com/scholar?cites=14641402731243649742&as_sdt=2005&sciodt=0,5&hl=en",346,"2021-07-17 21:08:35","","","","",,,,,2,0.50,1,4,4,"… In the global level 6.0% of prevalence in Nigeria (38), 26.5% in rural Uganda (39), 28.52 % in China(40), IFG (7.1%) and IGT … fat is an important determinant of risk because it accurately measures the abdominal obesity which is observed by higher waist circumference (OR: 2.5 …","http://rmm.mazums.ac.ir/files/site1/user_files_a6894a/swethasivani-A-10-920-1-5d05642.pdf","https://scholar.google.com/scholar?q=related:zjo26TW2MMsJ:scholar.google.com/&scioq=%22waist+circumference%22+nigeria&hl=en&as_sdt=0,5&as_ylo=2017&as_yhi=2017&as_vis=1"
62,"AO Almobarak, H Awadalla, M Osman…","Prevalence of diabetic foot ulceration and associated risk factors: an old and still major public health problem in Khartoum, Sudan?",2017,"Annals of translational …","ncbi.nlm.nih.gov","https://www.ncbi.nlm.nih.gov/pmc/articles/pmc5599292/","https://scholar.google.com/scholar?cites=15099343215711022911&as_sdt=2005&sciodt=0,5&hl=en",347,"2021-07-17 21:08:35","HTML","","","",,,,,62,15.50,16,4,4,"… Blood pressure, BMI and waist circumference were measured as these are indirectly related to … of foot ulcers in patients with diabetes mellitus attending a teaching hospital in Lagos, Nigeria … AO, Adetuyidi A. The pattern of presentation of foot lesions in Nigerian diabetic patients …","https://www.ncbi.nlm.nih.gov/pmc/articles/pmc5599292/","https://scholar.google.com/scholar?q=related:P-8oqqeki9EJ:scholar.google.com/&scioq=%22waist+circumference%22+nigeria&hl=en&as_sdt=0,5&as_ylo=2017&as_yhi=2017&as_vis=1"
1,"A Dasgupta, B Biswas, B Paul…","Quantification of vulnerability to Type 2 diabetes: A study among shopkeepers in Kolkata",2017,"Medical Journal of Dr …","mjdrdypu.org","https://www.mjdrdypu.org/article.asp?issn=0975-2870;year=2017;volume=10;issue=5;spage=417;epage=423;aulast=Dasgupta","https://scholar.google.com/scholar?cites=11145576394494105078&as_sdt=2005&sciodt=0,5&hl=en",348,"2021-07-17 21:08:35","HTML","","","",,,,,1,0.25,0,4,4,"… 12. 13. World Health Organization (WHO): Waist circumference and waist-hip ratio: report of a WHO expert consultation … The Short International Physical Activity Questionnaire: Cross-cultural adaptation, validation and reliability of the Hausa language version in Nigeria …","https://www.mjdrdypu.org/article.asp?issn=0975-2870;year=2017;volume=10;issue=5;spage=417;epage=423;aulast=Dasgupta","https://scholar.google.com/scholar?q=related:9tXM0q0KrZoJ:scholar.google.com/&scioq=%22waist+circumference%22+nigeria&hl=en&as_sdt=0,5&as_ylo=2017&as_yhi=2017&as_vis=1"
10,"AO Ojoawo, MA Hassan, MOB Olaogun…","Comparative effectiveness of two stabilization exercise positions on pain and functional disability of patients with low back pain",2017,"Journal of exercise …","ncbi.nlm.nih.gov","https://www.ncbi.nlm.nih.gov/pmc/articles/pmc5498096/","https://scholar.google.com/scholar?cites=12816832471531001506&as_sdt=2005&sciodt=0,5&hl=en",349,"2021-07-17 21:08:35","HTML","","","",,,,,10,2.50,3,4,4,"… two subjects attending the Outpatient Physiotherapy Department of the State Specialist Hospital, Asubiaro, Osogbo, Osun state, Nigeria were invited … BMI, body mass index; WC, waist circumference; HC, hip circumference; WRC, wrist circumference; WHR, waist to hip ratio; SIP …","https://www.ncbi.nlm.nih.gov/pmc/articles/pmc5498096/","https://scholar.google.com/scholar?q=related:ohZM8zmJ3rEJ:scholar.google.com/&scioq=%22waist+circumference%22+nigeria&hl=en&as_sdt=0,5&as_ylo=2017&as_yhi=2017&as_vis=1"
4,"R Kutlu, FG Cihan","Comparison of the body compositions in obese and nonobese individuals: Can learning body compositions motivate losing weight?",2017,"Nigerian journal of clinical practice","ajol.info","https://www.ajol.info/index.php/njcp/article/view/149457","https://scholar.google.com/scholar?cites=12608794320447955034&as_sdt=2005&sciodt=0,5&hl=en",350,"2021-07-17 21:08:35","","","","",,,,,4,1.00,2,2,4,"… Page 2. Kutlu and Cihan: The body compositions in obese and nonobese individuals 83 Nigerian Journal of Clinical Practice • January 2017 • Vol 20 • Issue 1 … Anthropometric parameters including height, weight, and waist circumference (WC) were measured …","https://www.ajol.info/index.php/njcp/article/view/149457/138961","https://scholar.google.com/scholar?q=related:WmBDVKFv-64J:scholar.google.com/&scioq=%22waist+circumference%22+nigeria&hl=en&as_sdt=0,5&as_ylo=2017&as_yhi=2017&as_vis=1"
0,"AKA Katiella, M Nwankwo, B Danborno","Associations between birthweight, birth order, and age at menarche of schoolgirls in Niger Republic",2017,"Journal of Experimental …","jecajournal.org","https://www.jecajournal.org/article.asp?issn=1596-2393;year=2017;volume=16;issue=1;spage=18;epage=24;aulast=Katiella","",351,"2021-07-17 21:08:35","HTML","","","",,,,,0,0.00,0,3,4,"… Correspondence Address: Monday Nwankwo Department of Anatomy, Faculty of Medical Sciences, Federal University, Lafia Nigeria Login to access the Email id … Waist circumference was measured at the point between the mid-point of the lowest rib, at the top of iliac crest …","https://www.jecajournal.org/article.asp?issn=1596-2393;year=2017;volume=16;issue=1;spage=18;epage=24;aulast=Katiella","https://scholar.google.com/scholar?q=related:ia52iszr37MJ:scholar.google.com/&scioq=%22waist+circumference%22+nigeria&hl=en&as_sdt=0,5&as_ylo=2017&as_yhi=2017&as_vis=1"
19,"T Li, S Chen, X Guo, J Yang, Y Sun","Impact of hypertension with or without diabetes on left ventricular remodeling in rural Chinese population: a cross-sectional study",2017,"BMC cardiovascular disorders","Springer","https://link.springer.com/article/10.1186/s12872-017-0642-y","https://scholar.google.com/scholar?cites=2294410511698030161&as_sdt=2005&sciodt=0,5&hl=en",352,"2021-07-17 21:08:35","HTML","10.1186/s12872-017-0642-y","","",,,,,19,4.75,4,5,4,"… light weight clothing and without shoes. Waist circumference (WC) was measured at the umbilicus using a non-elastic tape (to the nearest 0.1 cm) in standing position at the end of normal expiration. Body mass index (BMI) was …","https://link.springer.com/article/10.1186/s12872-017-0642-y","https://scholar.google.com/scholar?q=related:Ue6uPjRi1x8J:scholar.google.com/&scioq=%22waist+circumference%22+nigeria&hl=en&as_sdt=0,5&as_ylo=2017&as_yhi=2017&as_vis=1"
0,"F Adenike Enikuomehin MBCHB, DS FMCP…","GENDER DIFFERENCE IN CARDIOMETABOLIC RISK PROFILE AND OTHER COMPLICATIONS IN TYPE 2 DIABETIC AT THE OBAFEMI AWOLOWO TEACHING …",2017,"Endocrine …","search.proquest.com","https://search.proquest.com/openview/42d3d5656afaa976c553ad83b3217d32/1?pq-origsite=gscholar&cbl=1896353","",353,"2021-07-17 21:08:35","","","","",,,,,0,0.00,0,3,4,"… Waist circumference below 80cm was protective from macrovascular complication in women … This is similar to the findings of Fasanmade et al in Lagos and Bakari et al in Northern Nigeria and may be due to cultural practices that tend to limit physical exertion by females with …","",""
34,"NE Husain, SK Noor, WM Elmadhoun…","Diabetes, metabolic syndrome and dyslipidemia in people living with HIV in Africa: re-emerging challenges not to be forgotten",2017,"Hiv/aids (Auckland …","ncbi.nlm.nih.gov","https://www.ncbi.nlm.nih.gov/pmc/articles/pmc5685138/","https://scholar.google.com/scholar?cites=6971435150363689555&as_sdt=2005&sciodt=0,5&hl=en",354,"2021-07-17 21:08:35","HTML","","","",,,,,34,8.50,9,4,4,"… High-sensitivity C-reactive protein was positively correlated with traditional cardiometabolic risk factors including waist circumference, triglycerides and total cholesterol … For instance, in a study in Nigeria, the prevalence of metabolic syndrome according to the ATP III, IDF and JIS …","https://www.ncbi.nlm.nih.gov/pmc/articles/pmc5685138/","https://scholar.google.com/scholar?q=related:U4IZQFWDv2AJ:scholar.google.com/&scioq=%22waist+circumference%22+nigeria&hl=en&as_sdt=0,5&as_ylo=2017&as_yhi=2017&as_vis=1"
0,"M Lavanya","Study on Metabolic Syndrome in Newly Detected Hypertensive Individuals at Government Vellore Medical College and Hospital, Vellore",2017,"","repository-tnmgrmu.ac.in","http://repository-tnmgrmu.ac.in/id/eprint/4331","",355,"2021-07-17 21:08:35","","","","",,,,,0,0.00,0,1,4,"… It is followed by abnormal waist circumference (79.06%), low HDL (76.74%), impaired blood glucose (39.53%) … Atleast 3 out of five components is necessary to make a diagnosis of metabolic syndrome. Ethnic and national specificity is required for waist circumference …","http://repository-tnmgrmu.ac.in/4331/1/200122117lavanya.pdf",""
9,"T Akinyemiju, JX Moore, S Judd…","Metabolic dysregulation and cancer mortality in a national cohort of blacks and whites",2017,"BMC …","bmccancer.biomedcentral.com","https://bmccancer.biomedcentral.com/articles/10.1186/s12885-017-3807-2","https://scholar.google.com/scholar?cites=15383378504705573182&as_sdt=2005&sciodt=0,5&hl=en",356,"2021-07-17 21:08:35","HTML","10.1186/s12885-017-3807-2","","",,,,,9,2.25,2,4,4,"We examined the association between metabolic dysregulation and cancer mortality in a prospective cohort of Black and White adults. A total of 25038 Black and White adults were included in the analysis. Metabolic dysregulation was defined in two ways: 1) using the joint …","https://bmccancer.biomedcentral.com/articles/10.1186/s12885-017-3807-2","https://scholar.google.com/scholar?q=related:PgFb0j69fNUJ:scholar.google.com/&scioq=%22waist+circumference%22+nigeria&hl=en&as_sdt=0,5&as_ylo=2017&as_yhi=2017&as_vis=1"
18,"JY Kim, JW You, MS Kim","South Korean anthropometric data and survey methodology:'Size Korea'project",2017,"Ergonomics","Taylor & Francis","https://www.tandfonline.com/doi/abs/10.1080/00140139.2017.1329940","https://scholar.google.com/scholar?cites=3908221626880242587&as_sdt=2005&sciodt=0,5&hl=en",357,"2021-07-17 21:08:35","","10.1080/00140139.2017.1329940","","",,,,,18,4.50,6,3,4,"… survey of rural agricultural workers in Enugu State in southeast Nigeria, and used … They found mismatches between product dimensions and Nigerian anthropometric variables that had negative effects … For the waist circumference for 50–59 male, individual sample size N for the …","","https://scholar.google.com/scholar?q=related:mzOy7dzKPDYJ:scholar.google.com/&scioq=%22waist+circumference%22+nigeria&hl=en&as_sdt=0,5&as_ylo=2017&as_yhi=2017&as_vis=1"
2,"S Shelbaya, S Seddik, A Ahmed, N Roshdy…","Assessment of vitamin D status in different samples of an elderly Egyptian population",2017,"Egyptian Journal of …","ejode.eg.net","https://www.ejode.eg.net/article.asp?issn=2356-8062;year=2017;volume=3;issue=2;spage=53;epage=58;aulast=Shelbaya","https://scholar.google.com/scholar?cites=6550626781614993626&as_sdt=2005&sciodt=0,5&hl=en",358,"2021-07-17 21:08:35","HTML","","","",,,,,2,0.50,0,5,4,"… 24. Thacher TD, Obadofin MO, O'Brien KO, Abrams SA. The effect of vitamin D2 and vitamin D3 on intestinal calcium absorption in Nigerian children with rickets … 31. Koster A, Leitzmann MF, Schatzkin A, Mouw KF, Adams A, van Eijk JT et al. Waist circumference and mortality …","https://www.ejode.eg.net/article.asp?issn=2356-8062;year=2017;volume=3;issue=2;spage=53;epage=58;aulast=Shelbaya","https://scholar.google.com/scholar?q=related:2nBS5lmA6FoJ:scholar.google.com/&scioq=%22waist+circumference%22+nigeria&hl=en&as_sdt=0,5&as_ylo=2017&as_yhi=2017&as_vis=1"
0,"AJ Akamo, RN Ugbaja, OB Onunkwor…","Enhanced Lipid Profile in Plasma and Erythrocytes of Hypertensive Type-2-Diabetes Mellitus Subjects in South-Western Nigeria",2017,"Bangladesh Journal of …","banglajol.info","https://www.banglajol.info/index.php/BJMB/article/view/36700","",359,"2021-07-17 21:08:35","","","","",,,,,0,0.00,0,4,4,"… reported earlier other variables such as body mass index (BMI), waist circumference and other … with hypertension comorbidly occurring with diabetes in some residents of Abeokuta Nigeria … cardiometabolic risk factors among a rural Yoruba south-western Nigerian population: a …","https://www.banglajol.info/index.php/BJMB/article/download/36700/24734","https://scholar.google.com/scholar?q=related:n67dopzwWzIJ:scholar.google.com/&scioq=%22waist+circumference%22+nigeria&hl=en&as_sdt=0,5&as_ylo=2017&as_yhi=2017&as_vis=1"
115,"G Cai, G Shi, S Xue, W Lu","The atherogenic index of plasma is a strong and independent predictor for coronary artery disease in the Chinese Han population",2017,"Medicine","ncbi.nlm.nih.gov","https://www.ncbi.nlm.nih.gov/pmc/articles/PMC5604669/","https://scholar.google.com/scholar?cites=13179474310123542745&as_sdt=2005&sciodt=0,5&hl=en",360,"2021-07-17 21:08:35","HTML","","","",,,,,115,28.75,29,4,4,"… First, the present study was a retrospective study. We could not obtain some useful data, such as waist circumference, body mass index, and physical activity … Serum C-reactive protein levels in pre-dialysis chronic kidney disease patients in southern Nigeria …","https://www.ncbi.nlm.nih.gov/pmc/articles/PMC5604669/","https://scholar.google.com/scholar?q=related:2dhMpQ7m5rYJ:scholar.google.com/&scioq=%22waist+circumference%22+nigeria&hl=en&as_sdt=0,5&as_ylo=2017&as_yhi=2017&as_vis=1"
0,"ET Ugwu","Glucocorticoid hypersensitivity syndrome resulting from inhaled corticosteroid: a case report",2017,"The Egyptian Journal of Internal Medicine","ejim.springeropen.com","https://ejim.springeropen.com/articles/10.4103/ejim.ejim_49_17","",361,"2021-07-17 21:08:35","","10.4103/ejim.ejim_49_17","","",,,,,0,0.00,0,1,4,"… phenomenon accompanied by metabolic syndrome-like manifestations in a young Nigerian man who … Keywords: cortisol, Cushing's syndrome, glucocorticoid hypersensitivity, Nigeria Egypt J Intern Med 29 … He had truncal obesity, with a waist circumference of 115cm, a waist-to …","https://ejim.springeropen.com/track/pdf/10.4103/ejim.ejim_49_17.pdf","https://scholar.google.com/scholar?q=related:qEigFNDgsX4J:scholar.google.com/&scioq=%22waist+circumference%22+nigeria&hl=en&as_sdt=0,5&as_ylo=2017&as_yhi=2017&as_vis=1"
0,"PM Kolo, EO Sanya, AB Omotoso, A Soladoye…","Sex-related differences in clinical, electrocardiographic, and echocardiographic indices among normotensive offspring of black parents with hypertension",2017,"Sub-Saharan African …","ssajm.org","https://www.ssajm.org/article.asp?issn=2384-5147;year=2017;volume=4;issue=4;spage=102;epage=107;aulast=Kolo","",362,"2021-07-17 21:08:35","HTML","","","",,,,,0,0.00,0,5,4,"… Correspondence Address: Dr. Philip M Kolo Department of Medicine, University of Ilorin, PMB 1515, Ilorin Nigeria Login to access the Email id … [10],[11],[12] Similarly, on average men have higher body mass index (BMI) and larger waist circumference than women which may …","https://www.ssajm.org/article.asp?issn=2384-5147;year=2017;volume=4;issue=4;spage=102;epage=107;aulast=Kolo","https://scholar.google.com/scholar?q=related:Qunlqwpvo2sJ:scholar.google.com/&scioq=%22waist+circumference%22+nigeria&hl=en&as_sdt=0,5&as_ylo=2017&as_yhi=2017&as_vis=1"
33,"J Burris, W Rietkerk, JM Shikany, K Woolf","Differences in dietary glycemic load and hormones in New York City adults with no and moderate/severe acne",2017,"… of the Academy of Nutrition and …","Elsevier","https://www.sciencedirect.com/science/article/pii/S2212267217303349","https://scholar.google.com/scholar?cites=11424164305148329903&as_sdt=2005&sciodt=0,5&hl=en",363,"2021-07-17 21:08:35","","","","",,,,,33,8.25,8,4,4,"JavaScript is disabled on your browser. Please enable JavaScript to use all the features on this page. Skip to main content Skip to article …","","https://scholar.google.com/scholar?q=related:rz8QYOjIip4J:scholar.google.com/&scioq=%22waist+circumference%22+nigeria&hl=en&as_sdt=0,5&as_ylo=2017&as_yhi=2017&as_vis=1"
0,"R Ebere, V Kimani, J Imungi, L Nyabola","Association Between Glycemic Load and Diabetes Mellitus Among Women: Case of Amagoro Division in Western Kenya",2017,"","repository.must.ac.ke","http://www.repository.must.ac.ke/handle/123456789/248","",364,"2021-07-17 21:08:35","","","","",,,,,0,0.00,0,4,4,"… Waist circumference > 88 cm indicated abdominal obesity … (Mlotha et al., 2016), Cote d'Ivore (Kouame et al., 2015), Botswana (Mahgoub, Sabone & Jackson, 2013), Nigeria (Omoregie and Osagie) and South Africa … Glycemic indices and glycemic load of some Nigerian Food …","http://www.repository.must.ac.ke/bitstream/handle/123456789/248/document%202.pdf?sequence=1&isAllowed=y","https://scholar.google.com/scholar?q=related:1TMHZjNA3AYJ:scholar.google.com/&scioq=%22waist+circumference%22+nigeria&hl=en&as_sdt=0,5&as_ylo=2017&as_yhi=2017&as_vis=1"
0,"JA Ogunmodede, PM Kolo, PO Adeoye…","Left ventricular pseudoaneurysm: A rare but fatal condition",2017,"Nigerian Journal of …","nigjcardiol.org","https://www.nigjcardiol.org/article.asp?issn=0189-7969;year=2017;volume=14;issue=1;spage=42;epage=46;aulast=Ogunmodede","",365,"2021-07-17 21:08:35","HTML","","","",,,,,0,0.00,0,4,4,"… Blood pressure was 130/85 mmHg. His body mass index was 24.8 kg/m 2 and waist circumference was 85 cm … He was counseled for surgery and was to have the procedure done outside Nigeria … Nigerian Journal of Cardiology | Published by Wolters Kluwer - Medknow …","https://www.nigjcardiol.org/article.asp?issn=0189-7969;year=2017;volume=14;issue=1;spage=42;epage=46;aulast=Ogunmodede","https://scholar.google.com/scholar?q=related:mHxkSXicaSIJ:scholar.google.com/&scioq=%22waist+circumference%22+nigeria&hl=en&as_sdt=0,5&as_ylo=2017&as_yhi=2017&as_vis=1"
8,"A Tadewos, H Ambachew, D Assegu","Pattern of Metabolic Syndrome in Relation to Gender among Type-II DM Patients in Hawassa University Comprehensive Specialized Hospital, Hawassa …",2017,"Health Science Journal","researchgate.net","https://www.researchgate.net/profile/Agete-Tadewos/publication/317686683_Pattern_of_Metabolic_Syndrome_in_Relation_to_Gender_among_Type-II_DM_Patients_in_Hawassa_University_Comprehensive_Specialized_Hospital_Hawassa_Southern_Ethiopia/links/5948e5a6458515db1fd97dfb/Pattern-of-Metabolic-Syndrome-in-Relation-to-Gender-among-Type-II-DM-Patients-in-Hawassa-University-Comprehensive-Specialized-Hospital-Hawassa-Southern-Ethiopia.pdf","https://scholar.google.com/scholar?cites=1889031763629907935&as_sdt=2005&sciodt=0,5&hl=en",366,"2021-07-17 21:08:35","PDF","","","",,,,,8,2.00,3,3,4,"… blood sugar; IQR: Interquartile range; HDL-c: High density lipoprotein cholesterol; SD: Standard deviation; WC: Waist circumference; SBP: Systolic … Furthermore, the lower prevalence rate of MetS reported from Ghana diabetic patients (24.0%) [10] and Nigeria patients (25.2 …","https://www.researchgate.net/profile/Agete-Tadewos/publication/317686683_Pattern_of_Metabolic_Syndrome_in_Relation_to_Gender_among_Type-II_DM_Patients_in_Hawassa_University_Comprehensive_Specialized_Hospital_Hawassa_Southern_Ethiopia/links/5948e5a6458515db1fd97dfb/Pattern-of-Metabolic-Syndrome-in-Relation-to-Gender-among-Type-II-DM-Patients-in-Hawassa-University-Comprehensive-Specialized-Hospital-Hawassa-Southern-Ethiopia.pdf","https://scholar.google.com/scholar?q=related:3x-XaGEwNxoJ:scholar.google.com/&scioq=%22waist+circumference%22+nigeria&hl=en&as_sdt=0,5&as_ylo=2017&as_yhi=2017&as_vis=1"
24,"EJ Reverri, CM Slupsky, DO Mishchuk…","Metabolomics reveals differences between three daidzein metabolizing phenotypes in adults with cardiometabolic risk factors",2017,"Molecular nutrition & …","Wiley Online Library","https://onlinelibrary.wiley.com/doi/abs/10.1002/mnfr.201600132","https://scholar.google.com/scholar?cites=12492782201365323406&as_sdt=2005&sciodt=0,5&hl=en",367,"2021-07-17 21:08:35","","10.1002/mnfr.201600132","","",,,,,24,6.00,6,4,4,"… over the age of 45 years were enrolled and required to have elevated blood pressure ≥130/85 mm Hg (or taking medication for elevated blood pressure) and at least one other cardiometabolic risk factor: elevated fasting glucose, triglycerides, waist circumference, or reduced …","","https://scholar.google.com/scholar?q=related:jt6z-DhHX60J:scholar.google.com/&scioq=%22waist+circumference%22+nigeria&hl=en&as_sdt=0,5&as_ylo=2017&as_yhi=2017&as_vis=1"
33,"T Oni, N Berkowitz, M Kubjane…","Trilateral overlap of tuberculosis, diabetes and HIV-1 in a high-burden African setting: implications for TB control",2017,"European …","Eur Respiratory Soc","https://erj.ersjournals.com/content/50/1/1700004.abstract","https://scholar.google.com/scholar?cites=2166903259788315021&as_sdt=2005&sciodt=0,5&hl=en",368,"2021-07-17 21:08:35","","","","",,,,,33,8.25,8,4,4,"","https://erj.ersjournals.com/content/erj/50/1/1700004.full.pdf","https://scholar.google.com/scholar?q=related:jYlRtghjEh4J:scholar.google.com/&scioq=%22waist+circumference%22+nigeria&hl=en&as_sdt=0,5&as_ylo=2017&as_yhi=2017&as_vis=1"
2,"A Ebrahimzadeh, M Ziaee, G Sharifzadeh…","The Prevalence and Risk Factors of Type II Diabetes Mellitus Among Patients with Hepatitis B Virus: A Descriptive Correlational Study",2017,"Modern Care …","eprints.medsab.ac.ir","http://eprints.medsab.ac.ir/127/1/aa2b1d20-f52c-11e7-bd22-2fb87e7aa711","https://scholar.google.com/scholar?cites=1905158952646536211&as_sdt=2005&sciodt=0,5&hl=en",369,"2021-07-17 21:08:35","PDF","","","",,,,,2,0.50,1,4,4,"… in Thailand (19), 4.6% versus 4.3% in Africa (20), 5.1% versus 3.8% in Turkey (11), 20% versus 17.3% in Nigeria (21), and 3.4 … More- over, the mean age, BMI, waist circumference, AST, ALT, and HbA1c among HBsAg-positive diabetic patients were higher than their nondiabetic …","http://eprints.medsab.ac.ir/127/1/aa2b1d20-f52c-11e7-bd22-2fb87e7aa711","https://scholar.google.com/scholar?q=related:E-wmNfl7cBoJ:scholar.google.com/&scioq=%22waist+circumference%22+nigeria&hl=en&as_sdt=0,5&as_ylo=2017&as_yhi=2017&as_vis=1"
9,"M Yue, H Liu, M He, F Wu, X Li, Y Pang, X Yang…","Gender-specific association of metabolic syndrome and its components with arterial stiffness in the general Chinese population",2017,"PloS one","journals.plos.org","https://journals.plos.org/plosone/article?id=10.1371/journal.pone.0186863","https://scholar.google.com/scholar?cites=3253185826085567063&as_sdt=2005&sciodt=0,5&hl=en",370,"2021-07-17 21:08:35","HTML","","","",,,,,9,2.25,1,8,4,"… Blood samples and waist circumference were examined to identify metabolic syndrome according to the criteria set forth in the 2009 Joint Scientific Statement. Results … Waist circumference (WC) was measured at the midsection between the lowest rib and the iliac crest …","https://journals.plos.org/plosone/article?id=10.1371/journal.pone.0186863","https://scholar.google.com/scholar?q=related:V3oq0EWjJS0J:scholar.google.com/&scioq=%22waist+circumference%22+nigeria&hl=en&as_sdt=0,5&as_ylo=2017&as_yhi=2017&as_vis=1"
0,"P Prasad, K Grover, M Javed","Post-Menopausal Obesity and Metabolic Syndrome: An Analysis of Biomarkers",2017,"Proceedings of the National Academy of …","Springer","https://link.springer.com/article/10.1007/s40011-015-0701-z","",371,"2021-07-17 21:08:35","","10.1007/s40011-015-0701-z","","",,,,,0,0.00,0,3,4,"… 2. Milewicz A, Jedrzejuk D, Dunajska K, Lwow F (2010) Waist circumference and serum adiponectin levels in obese and non-obese postmenopausalwomen. Maturitas 65:272–275 …","","https://scholar.google.com/scholar?q=related:oM_knLGJnAQJ:scholar.google.com/&scioq=%22waist+circumference%22+nigeria&hl=en&as_sdt=0,5&as_ylo=2017&as_yhi=2017&as_vis=1"
2,"JE Correa-Bautista, K González-Ruíz…","Comparison of three adiposity indexes and cutoff values to predict metabolic syndrome among university students",2017,"… syndrome and related …","liebertpub.com","https://www.liebertpub.com/doi/abs/10.1089/met.2017.0016","https://scholar.google.com/scholar?cites=10690283685052635126&as_sdt=2005&sciodt=0,5&hl=en",372,"2021-07-17 21:08:35","","10.1089/met.2017.0016","","",,,,,2,0.50,1,3,4,"… Anthropometric characteristics (height, weight, waist circumference [WC], and hip circumference [HC]) were measured, and body composition was assessed by bioelectrical impedance analysis … Waist circumference (cm), 72.0 (8.0), 79.1 (9.8), 75.4 (9.6), <0.001 …","https://pure.urosario.edu.co/es/publications/comparison-of-three-adiposity-indexes-and-cutoff-values-to-predic","https://scholar.google.com/scholar?q=related:9le3O1-EW5QJ:scholar.google.com/&scioq=%22waist+circumference%22+nigeria&hl=en&as_sdt=0,5&as_ylo=2017&as_yhi=2017&as_vis=1"
0,"TO Olabiji","Screening for Risk Factors of Cardiometabolic Disease Among Female University Students in Riyadh, Saudi Arabia",2017,"The Open Public Health Journal","openpublichealthjournal.com","https://openpublichealthjournal.com/VOLUME/10/PAGE/90/FULLTEXT/","",373,"2021-07-17 21:08:35","HTML","","","",,,,,0,0.00,0,1,4,"… Ojoawo AO, Adeniran SA, Olubayo F, Onagbiye SO, Bamiwuye S. Relationship between body circumferences and lung function tests among undergraduate students of a Nigerian university. Pak J Physiol 2013; 9: 3-6. [20], Schwandt P, Haas GM. Waist circumference in children …","https://openpublichealthjournal.com/VOLUME/10/PAGE/90/FULLTEXT/","https://scholar.google.com/scholar?q=related:d37TCD-tgvIJ:scholar.google.com/&scioq=%22waist+circumference%22+nigeria&hl=en&as_sdt=0,5&as_ylo=2017&as_yhi=2017&as_vis=1"
0,"T Kayode-Adedeji","Imperative in lifestyle modification: The case of diabetic",2017,"New Trends and Issues Proceedings on Humanities …","un-pub.eu","https://un-pub.eu/ojs/index.php/pntsbs/article/view/3118","",374,"2021-07-17 21:08:35","","","","",,,,,0,0.00,0,1,4,"… The syndrome is characterized by increased waist circumference, low high-density lipoprotein cholesterol, high levels of … for proper information with the public to reduce the risk of diabetes in Nigeria. It is well established from the research that majority of Nigerian do not live a …","https://un-pub.eu/ojs/index.php/pntsbs/article/view/3118/5662","https://scholar.google.com/scholar?q=related:7kg_i4_AbKsJ:scholar.google.com/&scioq=%22waist+circumference%22+nigeria&hl=en&as_sdt=0,5&as_ylo=2017&as_yhi=2017&as_vis=1"
2,"TE Yarinbab, F Alemseged","Prevalence and determinants of modifiable risk factors for chronic non-communicable diseases among adults in Mizan-Aman Town, Ethiopia: a community …",2017,"Int Acad J Health Med Nurs","iajournals.org","http://iajournals.org/articles/iajhmn_v1_i1_54_65.pdf","https://scholar.google.com/scholar?cites=2841676845366110517&as_sdt=2005&sciodt=0,5&hl=en",375,"2021-07-17 21:08:35","PDF","","","",,,,,2,0.50,1,2,4,"… Height, waist circumference and hip circumference were measured as per the STEPS manual and were … This is consistent with the study findings in Nigeria and Ethiopia (10, 26) … O V. Modifiable cardiovascular risk factors among apparently healthy adult Nigerian population - a …","http://iajournals.org/articles/iajhmn_v1_i1_54_65.pdf","https://scholar.google.com/scholar?q=related:Nel_9giqbycJ:scholar.google.com/&scioq=%22waist+circumference%22+nigeria&hl=en&as_sdt=0,5&as_ylo=2017&as_yhi=2017&as_vis=1"
0,"IE Casmir","… Factors Associated with Poor Glycaemic Control Among Adult Type 2 Diabetic Patients Attending the Outpatient Diabetes Clinic in Tertiary Hospitals in Abuja, Nigeria",2017,"","etd.uwc.ac.za","https://etd.uwc.ac.za/handle/11394/5827","",376,"2021-07-17 21:08:35","","","","",,,,,0,0.00,0,1,4,"… mean BMI and waist circumference of the study population was 28.9 kg/m2 and 97.6cm … clinic in a tertiary hospital in Nigeria, reported that 34.4% of the respondents identified financial … an easy way out of the quagmire but such a system does not exist in the Nigerian healthcare …","https://etd.uwc.ac.za/bitstream/handle/11394/5827/Igboerika%20comh.pdf?sequence=1&isAllowed=n","https://scholar.google.com/scholar?q=related:rY8x3VTeN8IJ:scholar.google.com/&scioq=%22waist+circumference%22+nigeria&hl=en&as_sdt=0,5&as_ylo=2017&as_yhi=2017&as_vis=1"
0,"M Ziaee, G Sharifzadeh, Z Azarkar…","The Prevalence and Risk Factors of Type II Diabetes Mellitus Among Patients with Hepatitis B Virus: A Descriptive Correlational Study",2017,"Modern Care …","sites.kowsarpub.com","https://sites.kowsarpub.com/mcj/articles/65664.html","",377,"2021-07-17 21:08:35","HTML","","","",,,,,0,0.00,0,4,4,"… Waist circumference, 91.4 ± 13.6, 78.8 ± 14.4, P < 0.001 … prevalence of DM in HBsAg-positive versus HBsAg-negative individuals was 13.5% versus 12.5% in Thailand (19), 4.6% versus 4.3% in Africa (20), 5.1% versus 3.8% in Turkey (11), 20% versus 17.3% in Nigeria (21), and …","https://sites.kowsarpub.com/mcj/articles/65664.html","https://scholar.google.com/scholar?q=related:WBIpZmG7eWYJ:scholar.google.com/&scioq=%22waist+circumference%22+nigeria&hl=en&as_sdt=0,5&as_ylo=2017&as_yhi=2017&as_vis=1"
0,"JD Hernández-Camacho…","Actualización clínica del síndrome metabólico",2017,"Revista Española de …","SciELO Espana","https://scielo.isciii.es/scielo.php?script=sci_arttext&pid=S2174-51452017000400384","",378,"2021-07-17 21:08:35","HTML","","","",,,,,0,0.00,0,2,4,"… in old population, the most prevalent combination was waist circumference, triglycerides, high … syndrome: prevalence and association with electrocardiographic abnormalities in Nigerian hypertensive patients … I, Nnaji I, Oshodi T. Thyroid function in adult Nigerians with metabolic …","https://scielo.isciii.es/scielo.php?script=sci_arttext&pid=S2174-51452017000400384","https://scholar.google.com/scholar?q=related:i7gCZaVyWjYJ:scholar.google.com/&scioq=%22waist+circumference%22+nigeria&hl=en&as_sdt=0,5&as_ylo=2017&as_yhi=2017&as_vis=1"
3,"HA Kakudi, CK Loo, FM Moy","Predicting metabolic syndrome using risk quantification and ensemble methods",2017,"2017 IEEE Symposium Series on …","ieeexplore.ieee.org","https://ieeexplore.ieee.org/abstract/document/8285307/","https://scholar.google.com/scholar?cites=6945049587103470006&as_sdt=2005&sciodt=0,5&hl=en",379,"2021-07-17 21:08:35","","","","",,,,,3,0.75,1,3,4,"… and Information Technology, PMB 3011, Bayero University, Kano, Nigeria. Email:hakakudi.cs@ buk.edu.ng knowledge [4]. Metabolic Syndrome (MetS) is cluster of abnormalities which include impaired blood glucose (hy- perglycaemia), raised waist circumference, low high den …","","https://scholar.google.com/scholar?q=related:tpHGks3FYWAJ:scholar.google.com/&scioq=%22waist+circumference%22+nigeria&hl=en&as_sdt=0,5&as_ylo=2017&as_yhi=2017&as_vis=1"
0,"MB Abubakar, SH Gan","Correlation of Serum Estradiol and Duration of Anastrazole Therapy with Treatment Related Adverse Effects Among Postmenopausal Breast Cancer Women: A …",2017,"Nigerian Journal of Physiological Sciences","academia.edu","https://www.academia.edu/download/61191459/202_Correlation_of_Serum_Estradiol_and_Duration_of_Anastrazole20191112-36988-w2otq4.pdf","",380,"2021-07-17 21:08:35","PDF","","","",,,,,0,0.00,0,2,4,"… Keywords: Estradiol, Anastrozole, Postmenopausal, Breast cancer ©Physiological Society of Nigeria *Address for correspondence: murtala.bello@udusok.edu.ng; +234-80-35925103 … Body mass index 1.05 (0.96, 1.14) 0.240 Waist circumference 1.02 (0.99, 1.05) 0.250 …","https://www.academia.edu/download/61191459/202_Correlation_of_Serum_Estradiol_and_Duration_of_Anastrazole20191112-36988-w2otq4.pdf","https://scholar.google.com/scholar?q=related:7tfXDIfRUtQJ:scholar.google.com/&scioq=%22waist+circumference%22+nigeria&hl=en&as_sdt=0,5&as_ylo=2017&as_yhi=2017&as_vis=1"
4,"Z Rastegari, M Noroozi, Z Paknahad","Socioeconomic and reproductive determinants of waist-hip ratio index in menopausal women",2017,"Journal of mid-life health","ncbi.nlm.nih.gov","https://www.ncbi.nlm.nih.gov/pmc/articles/PMC5753497/","https://scholar.google.com/scholar?cites=685547271800256933&as_sdt=2005&sciodt=0,5&hl=en",381,"2021-07-17 21:08:35","HTML","","","",,,,,4,1.00,1,3,4,"… REFERENCES. 1. World Health Organization. Waist Circumference and Waist-Hip Ratio: Report of a WHO Expert Consultation … Body fat distribution and breast cancer risk: Findings from the Nigerian breast cancer study. Cancer Causes Control. 2012;23:565–74 …","https://www.ncbi.nlm.nih.gov/pmc/articles/PMC5753497/","https://scholar.google.com/scholar?q=related:pXlkjJyNgwkJ:scholar.google.com/&scioq=%22waist+circumference%22+nigeria&hl=en&as_sdt=0,5&as_ylo=2017&as_yhi=2017&as_vis=1"
0,"SM Bahijri, A Borai, Z Awan, G Ajabnoor…","Oligonol Supplementation Decreases Cardiometabolic Risk Factors, and the Prevalence of Metabolic Syndrome in a Sample of Overweight and Obese Saudi …",2017,"Annual Research & …","journalarrb.com","http://www.journalarrb.com/index.php/ARRB/article/view/26099","",382,"2021-07-17 21:08:35","","","","",,,,,0,0.00,0,5,4,"… Weight, height, waist circumference (WC), and blood pressure were measured and fasting blood samples taken before, and after supplement … Waist circumference (WC) was measured between the lowest rib and iliac crest at the level of the umbilicus, to the closest 0.5 cm …","http://www.journalarrb.com/index.php/ARRB/article/download/26099/48860","https://scholar.google.com/scholar?q=related:P0CzJU9dS5wJ:scholar.google.com/&scioq=%22waist+circumference%22+nigeria&hl=en&as_sdt=0,5&as_ylo=2017&as_yhi=2017&as_vis=1"
1,"AO Oluboyo, DC Ucheagwu…","EVALUATION OF SOME INFLAMMATORY AND MUSCLE MARKERS IN PREMENOPAUSAL AND POSTMENOPAUSAL WOMEN",2017,"World Journal of …","eprints.abuad.edu.ng","http://eprints.abuad.edu.ng/754/","https://scholar.google.com/scholar?cites=3636526045196153683&as_sdt=2005&sciodt=0,5&hl=en",383,"2021-07-17 21:08:35","","","","",,,,,1,0.25,0,3,4,"… of rheumatoid factor in Nigeria. [27] The study found the percentage prevalence in Isheri to be … GA, Sowers, M. Physical activity and changes in weight and waist circumference in … arterial blood pressure in some Nigerian women. Public Health, 1986; 100(1): 28–32. 16 …","http://eprints.abuad.edu.ng/754/1/oluboyoarticle_1487243182.pdf","https://scholar.google.com/scholar?q=related:U3NfxCuJdzIJ:scholar.google.com/&scioq=%22waist+circumference%22+nigeria&hl=en&as_sdt=0,5&as_ylo=2017&as_yhi=2017&as_vis=1"
0,"AJQ Moreno, BMM Rosales…","Prediabetes and diabetes mellitus in admitted overweight women",2017,"Revista Cubana de …","medigraphic.com","https://www.medigraphic.com/cgi-bin/new/resumenI.cgi?IDREVISTA=314&IDARTICULO=75441&IDPUBLICACION=7319","",384,"2021-07-17 21:08:35","","","","",,,,,0,0.00,0,3,4,"… Key words: excess body weight; Prediabetes; Mellitus diabetes; Waist circumference. INTRODUCCIÓN … Lancet Diabetes Endocrinol 2014;S2213-8587(14):70145-7. 5. Etukumana EA, Puepet FH, Obadofin MO. Risk factors for diabetes mellitus among rural adults in Nigeria …","https://www.medigraphic.com/pdfs/revcubtecsal/cts-2017/cts171d.pdf","https://scholar.google.com/scholar?q=related:7a9GWAVwnx8J:scholar.google.com/&scioq=%22waist+circumference%22+nigeria&hl=en&as_sdt=0,5&as_ylo=2017&as_yhi=2017&as_vis=1"
30,"CU Nduka, S Stranges, PK Kimani…","Is there sufficient evidence for a causal association between antiretroviral therapy and diabetes in HIV‐infected patients? A meta‐analysis",2017,"Diabetes/metabolism …","Wiley Online Library","https://onlinelibrary.wiley.com/doi/abs/10.1002/dmrr.2902","https://scholar.google.com/scholar?cites=12778833860582955107&as_sdt=2005&sciodt=0,5&hl=en",385,"2021-07-17 21:08:35","","10.1002/dmrr.2902","","",,,,,30,7.50,8,4,4,"… 21 Diabetes mellitus was defined as a fasting plasma glucose concentration ≥ 126 mg/dL (7 mmol/L) or a 2‐hour postprandial blood glucose level ≥ 200 mg/dL (11.1 mmol/L).22 Metabolic syndrome was defined as the presence of central obesity (waist circumference ≥ 94 cm …","https://core.ac.uk/download/pdf/220157645.pdf","https://scholar.google.com/scholar?q=related:Y9jH57CJV7EJ:scholar.google.com/&scioq=%22waist+circumference%22+nigeria&hl=en&as_sdt=0,5&as_ylo=2017&as_yhi=2017&as_vis=1"
1,"MM Rafeeq, HS Habib, HAS Murad, MA Gari…","Effect of rosuvastatin on dyslipidemia and other parameters associated with metabolic syndrome in Saudi patients",2017,"Nigerian journal of …","ajol.info","https://www.ajol.info/index.php/njcp/article/view/156227","https://scholar.google.com/scholar?cites=2191777974471084482&as_sdt=2005&sciodt=0,5&hl=en",386,"2021-07-17 21:08:35","","","","",,,,,1,0.25,0,5,4,"… Page 4. Misbahuddin M Rafeeq: Rosuvastatin in metabolic syndrome 448 Nigerian Journal of Clinical Practice Ś Volume 20 Ś Issue 4 Ś April 2017 Table 1: Baseline characteristics of study population … 26.87 ą 2.13 26.09 ą 2.31 26.58 ą 2.21 Waist circumference (cm) …","https://www.ajol.info/index.php/njcp/article/view/156227/145846","https://scholar.google.com/scholar?q=related:wsnfinTCah4J:scholar.google.com/&scioq=%22waist+circumference%22+nigeria&hl=en&as_sdt=0,5&as_ylo=2017&as_yhi=2017&as_vis=1"
11,"CC Oliveira, ED Costa, AKC Roriz…","Preditores de síndrome metabólica em idosos: uma revisão",2017,"International Journal of …","SciELO Brasil","https://www.scielo.br/j/ijcs/a/bbjgKg7fRHdXJKS7gJ3LxKK/abstract/?lang=pt","https://scholar.google.com/scholar?cites=2625162133211244748&as_sdt=2005&sciodt=0,5&hl=en",387,"2021-07-17 21:08:35","HTML","","","",,,,,11,2.75,3,4,4,"… Optimal cut-off values of BMI, waist circumference and waist:height ratio for defining obesity in Chinese adults. Br J Nutr … 25 Ejike CECC. Lipid accumulation product and waist-to-height ratio are predictors of the metabolic syndrome in a nigerian male geriatric population …","https://www.scielo.br/j/ijcs/a/bbjgKg7fRHdXJKS7gJ3LxKK/abstract/?lang=pt","https://scholar.google.com/scholar?q=related:zOjcKw1zbiQJ:scholar.google.com/&scioq=%22waist+circumference%22+nigeria&hl=en&as_sdt=0,5&as_ylo=2017&as_yhi=2017&as_vis=1"
0,"P CABG","Comprehensive cardiac rehabilitation and quality of life in coronary artery bypass graft patients",,"researchgate.net","","https://www.researchgate.net/profile/Lynn-Van-Rooy/publication/321026568_Comprehensive_cardiac_rehabilitation_and_quality_of_life_in_coronary_artery_bypass_graft_patients/links/5a09644d4585157013a78a31/Comprehensive-cardiac-rehabilitation-and-quality-of-life-in-coronary-artery-bypass-graft-patients.pdf","",388,"2021-07-17 21:08:35","PDF","","","",,,,,0,0.00,0,1,,"… change in self-perceived health status.(37) Similarly, significant reductions in waist circumference were also … of life of patients with hypertension, diabetes and concomitant hypertension with diabetes in Ilorin, Nigeria. Nigerian Post- graduate Medical Journal 2016;23(4):182-190 …","https://www.researchgate.net/profile/Lynn-Van-Rooy/publication/321026568_Comprehensive_cardiac_rehabilitation_and_quality_of_life_in_coronary_artery_bypass_graft_patients/links/5a09644d4585157013a78a31/Comprehensive-cardiac-rehabilitation-and-quality-of-life-in-coronary-artery-bypass-graft-patients.pdf","https://scholar.google.com/scholar?q=related:oQrwmbnMlLAJ:scholar.google.com/&scioq=%22waist+circumference%22+nigeria&hl=en&as_sdt=0,5&as_ylo=2017&as_yhi=2017&as_vis=1"
20,"B Biadgo, SM Abebe, HW Baynes, M Yesuf…","Correlation between serum lipid profile with anthropometric and clinical variables in patients with type 2 diabetes mellitus",2017,"Ethiopian journal of …","ajol.info","https://www.ajol.info/index.php/ejhs/article/view/155573","https://scholar.google.com/scholar?cites=2627449349893012185&as_sdt=2005&sciodt=0,5&hl=en",389,"2021-07-17 21:08:35","","","","",,,,,20,5.00,4,5,4,"… range, © Presented as mean ± standard deviation BMI: Body Mass Index, WHR: Waist to Hip Ratio, FBS: Fasting Blood Sugar, BP: Blood Pressure, WC: Waist Circumference … However, another study in Nigeria reported a different finding (33) which is higher TAG in controls …","https://www.ajol.info/index.php/ejhs/article/download/155573/145202","https://scholar.google.com/scholar?q=related:2Tq0TUOTdiQJ:scholar.google.com/&scioq=%22waist+circumference%22+nigeria&hl=en&as_sdt=0,5&as_ylo=2017&as_yhi=2017&as_vis=1"
0,"EA Nonterah","The effects of HIV and ART on serum lipids among adults in Agincourt in 2015",2017,"","core.ac.uk","https://core.ac.uk/download/pdf/188769451.pdf","",390,"2021-07-17 21:08:35","PDF","","","",,,,,0,0.00,0,1,4,"… mass index (BMI) and skin fold thickness, and triglyceride levels (32). Studies from Nigeria observed that the WHO stages of HIV infection, and waist circumference, were positively correlated with all four molecules of serum lipids (28, 48). Studies in high …","https://core.ac.uk/download/pdf/188769451.pdf","https://scholar.google.com/scholar?q=related:c0el5_704UIJ:scholar.google.com/&scioq=%22waist+circumference%22+nigeria&hl=en&as_sdt=0,5&as_ylo=2017&as_yhi=2017&as_vis=1"
0,"AO Oluboyo, DC Ucheagwu, SC Meludu, BO Oluboyo…","World Journal of Pharmaceutical and Life Sciences WJPLS",,"core.ac.uk","","https://core.ac.uk/download/pdf/143491498.pdf","",391,"2021-07-17 21:08:35","PDF","","","",,,,,0,0.00,0,5,,"… of rheumatoid factor in Nigeria. [27] The study found the percentage prevalence in Isheri to be … GA, Sowers, M. Physical activity and changes in weight and waist circumference in … arterial blood pressure in some Nigerian women. Public Health, 1986; 100(1): 28–32. 16 …","https://core.ac.uk/download/pdf/143491498.pdf","https://scholar.google.com/scholar?q=related:hFhadWUlJvMJ:scholar.google.com/&scioq=%22waist+circumference%22+nigeria&hl=en&as_sdt=0,5&as_ylo=2017&as_yhi=2017&as_vis=1"
0,"D Abera, MT Boltena","1. Department of nutrition, Wolaita Sodo University, Ethiopia. 2. Wolaita Sodo University, Health Sciences and Medicine College, School of Public Health",,"researchgate.net","","https://www.researchgate.net/profile/Minyahil-Tadesse/publication/331155241_Determinants_of_obesity_among_working_adults_in_Wolaita_Sodo_town_Southern_Ethiopia/links/5cc31a1592851c8d22077ea8/Determinants-of-obesity-among-working-adults-in-Wolaita-Sodo-town-Southern-Ethiopia.pdf","",392,"2021-07-17 21:08:35","PDF","","","",,,,,0,0.00,0,2,,"… 11. WHO, Waist circumference and Waist-Hip Ratio, roWE Consultation, Editor … Collins John3 Kenneth Arinze Ohagwu1 Miracle Erinma Imoh4 Samson Ejiji Isa5 Okechukwu Samuel Ogah6 Efosa Oviasu7 Prevalence of overweight and obesity in adult Nigerians – a systematic …","https://www.researchgate.net/profile/Minyahil-Tadesse/publication/331155241_Determinants_of_obesity_among_working_adults_in_Wolaita_Sodo_town_Southern_Ethiopia/links/5cc31a1592851c8d22077ea8/Determinants-of-obesity-among-working-adults-in-Wolaita-Sodo-town-Southern-Ethiopia.pdf","https://scholar.google.com/scholar?q=related:F_A6eun-mxgJ:scholar.google.com/&scioq=%22waist+circumference%22+nigeria&hl=en&as_sdt=0,5&as_ylo=2017&as_yhi=2017&as_vis=1"
0,"N Abdullahi, D Maina, G Omuse","SIGNIFICANCE OF THYROID ANTIBODIES IN A HEALTHY ADULT POPULATION IN KENYA",,"degruyter.com","","https://www.degruyter.com/document/doi/10.1515/cclm-2017-7052/html","",393,"2021-07-17 21:08:35","","10.1515/cclm-2017-7052","","",,,,,0,0.00,0,3,,"… M133 Frontiers in endocrinology INSULIN AND INSULIN-LIKE GROWTH FACTOR-1: A MULTI-CENTER STUDY OF MACROSOMIC NEONATES IN LAGOS, NIGERIA O. Akinmola 1, B. Okusanya 1, E. Azinge 1, H. Okpara 2, G. Olorunfemi 1 1LAGOS UNIVERSITY TEACHING …","",""
14,"TO Awotidebe, VO Adeyeye, RA Adedoyin…","Assessment of functional capacity and sleep quality of patients with chronic heart failure",2017,"Hong Kong …","Elsevier","https://www.sciencedirect.com/science/article/pii/S1013702516300094","https://scholar.google.com/scholar?cites=14127454588505408994&as_sdt=2005&sciodt=0,5&hl=en",394,"2021-07-17 21:08:35","HTML","","","",,,,,14,3.50,4,4,4,"… to high prevalence of cardiovascular disease, including CHF [4]. Although the actual prevalence of CHF is unknown in Nigeria, reports from … More importantly, few studies have examined the relationship between SpQ and functional capacity in Nigerian patients with CHF and …","https://www.sciencedirect.com/science/article/pii/S1013702516300094","https://scholar.google.com/scholar?q=related:4sVTCBnNDsQJ:scholar.google.com/&scioq=%22waist+circumference%22+nigeria&hl=en&as_sdt=0,5&as_ylo=2017&as_yhi=2017&as_vis=1"
22,"M Kikui, T Ono, Y Kokubo, M Kida, T Kosaka…","Relationship between metabolic syndrome and objective masticatory performance in a Japanese general population: the Suita study",2017,"Journal of dentistry","Elsevier","https://www.sciencedirect.com/science/article/pii/S0300571216302160","https://scholar.google.com/scholar?cites=418556933974172351&as_sdt=2005&sciodt=0,5&hl=en",395,"2021-07-17 21:08:35","","","","",,,,,22,5.50,4,6,4,"… hypertriglyceridemia (triglycerides ≥150 mg/dL, and/or taking antihyperlipidemia medication), high plasma glucose (fasting blood glucose ≥100 mg/dL, and/or undergoing diabetic therapy), and abdominal obesity as measured by waist circumference (waist circumference …","","https://scholar.google.com/scholar?q=related:v6LOV1ADzwUJ:scholar.google.com/&scioq=%22waist+circumference%22+nigeria&hl=en&as_sdt=0,5&as_ylo=2017&as_yhi=2017&as_vis=1"
15,"KA Nguyen, N Peer, A De Villiers, B Mukasa…","Metabolic syndrome in people living with human immunodeficiency virus: an assessment of the prevalence and the agreement between diagnostic criteria",2017,"International journal of …","hindawi.com","https://www.hindawi.com/journals/ije/2017/1613657/","https://scholar.google.com/scholar?cites=9283173910197252743&as_sdt=2005&sciodt=0,5&hl=en",396,"2021-07-17 21:08:35","HTML","","","",,,,,15,3.75,3,5,4,"… Heights and weights were taken with the participants in light clothing and barefooted. Waist circumference (WC) to the nearest centimetre was measured at the level of umbi- licus … Waist circumference (cm) 88 (78–98) 79 (74–88) 90 (80–101) <0.001 …","https://www.hindawi.com/journals/ije/2017/1613657/","https://scholar.google.com/scholar?q=related:hzJ7qXx11IAJ:scholar.google.com/&scioq=%22waist+circumference%22+nigeria&hl=en&as_sdt=0,5&as_ylo=2017&as_yhi=2017&as_vis=1"
0,"OS Falade, BA Kolawole, IO Otemuyiwa…","DIETARY FIBRE IN NUTRITION AND HEALTH: THE NIGERIAN EXPERIENCE",2017,"Nigerian Journal of …","lsfnigeria.org","http://lsfnigeria.org/NJEH/images/articles/DIETARY-FIBRE-IN-NUTRITION-AND-HEALTH_-THE-NIGERIAN-EXPERIENCE---Falade-et-al.pdf","",397,"2021-07-17 21:08:35","PDF","","","",,,,,0,0.00,0,4,4,"… significant lowering of waist circumference p = 0.002, fasting blood glucose (FBG), 2 h … vegetables modulate blood pressure, fibrinogen concentration and plasma viscosity in Nigerian hypertensives African … of selected students in the university of Ibadan, Ibadan, Nigeria African J …","http://lsfnigeria.org/NJEH/images/articles/DIETARY-FIBRE-IN-NUTRITION-AND-HEALTH_-THE-NIGERIAN-EXPERIENCE---Falade-et-al.pdf","https://scholar.google.com/scholar?q=related:yJ7mNW1ipHEJ:scholar.google.com/&scioq=%22waist+circumference%22+nigeria&hl=en&as_sdt=0,5&as_ylo=2017&as_yhi=2017&as_vis=1"
12,"L Miao, RX Yin, JZ Wu, S Yang, WX Lin, SL Pan","The SRGAP2 SNPs, their haplotypes and G× E interactions on serum lipid traits",2017,"Scientific reports","nature.com","https://www.nature.com/articles/s41598-017-10950-6","https://scholar.google.com/scholar?cites=642264745720078348&as_sdt=2005&sciodt=0,5&hl=en",398,"2021-07-17 21:08:35","HTML","","","",,,,,12,3.00,2,6,4,"Maonan nationality is a relatively conservative and isolated minority in China. Little is known about the association of the Slit-Robo Rho GTPase activating protein 2 gene (SRGAP2) single nucleotide polymorphisms (SNPs) and serum lipid levels in the Chinese populations. This …","https://www.nature.com/articles/s41598-017-10950-6","https://scholar.google.com/scholar?q=related:DOBmJGLI6QgJ:scholar.google.com/&scioq=%22waist+circumference%22+nigeria&hl=en&as_sdt=0,5&as_ylo=2017&as_yhi=2017&as_vis=1"
1,"EA Header, HM Bukhari, NA Alfky…","Dietary intake and body composition for primary schoolgirls in the Makkah province of Saudi Arabia",2017,"Asian Journal of …","nasawy.faculty.zu.edu.eg","http://www.nasawy.faculty.zu.edu.eg/Download/2/2/Abs_21820_5994.pdf","https://scholar.google.com/scholar?cites=15294680550879122162&as_sdt=2005&sciodt=0,5&hl=en",399,"2021-07-17 21:08:35","PDF","","","",,,,,1,0.25,0,4,4,"… Subjects height, weight, waist circumference, and body composition were measured using anthropometric methods to determine the body mass index (BMI) z-score and body composition values were evaluated by bioelectrical impedance …","http://www.nasawy.faculty.zu.edu.eg/Download/2/2/Abs_21820_5994.pdf","https://scholar.google.com/scholar?q=related:8tI5JO2eQdQJ:scholar.google.com/&scioq=%22waist+circumference%22+nigeria&hl=en&as_sdt=0,5&as_ylo=2017&as_yhi=2017&as_vis=1"
3,"ZN Wakjira, A Beyene Berha","Screening employees for undiagnosed type 2 diabetes mellitus and evaluation of risk scores in Tikur Anbessa specialized Hospital, Addis Ababa, Ethiopia",2017,"J Diabetes Metab","researchgate.net","https://www.researchgate.net/profile/Alemseged-Berha-2/publication/320262525_Screening_Employees_for_Undiagnosed_Type_2_Diabetes_Mellitus_and_Evaluation_of_Risk_Scores_in_Tikur_Anbessa_Specialized_Hospital_Addis_Ababa_Ethiopia/links/5a4372c0aca272d2945a047d/Screening-Employees-for-Undiagnosed-Type-2-Diabetes-Mellitus-and-Evaluation-of-Risk-Scores-in-Tikur-Anbessa-Specialized-Hospital-Addis-Ababa-Ethiopia.pdf","https://scholar.google.com/scholar?cites=4354811594186314024&as_sdt=2005&sciodt=0,5&hl=en",400,"2021-07-17 21:08:35","PDF","","","",,,,,3,0.75,2,2,4,"… Diabetes Association; BMI: Body mass index (kg/m2); CANRISK: Canadian diabetes risk score; ETB: Ethiopian Birr; FINDRISC: Finnish Diabetes Risk Score; IDF: International Diabetes Federation; T2DM: Type 2 Diabetes Mellitus; WC: Waist circumference; WHO: World Health …","https://www.researchgate.net/profile/Alemseged-Berha-2/publication/320262525_Screening_Employees_for_Undiagnosed_Type_2_Diabetes_Mellitus_and_Evaluation_of_Risk_Scores_in_Tikur_Anbessa_Specialized_Hospital_Addis_Ababa_Ethiopia/links/5a4372c0aca272d2945a047d/Screening-Employees-for-Undiagnosed-Type-2-Diabetes-Mellitus-and-Evaluation-of-Risk-Scores-in-Tikur-Anbessa-Specialized-Hospital-Addis-Ababa-Ethiopia.pdf","https://scholar.google.com/scholar?q=related:KFE6dxJmbzwJ:scholar.google.com/&scioq=%22waist+circumference%22+nigeria&hl=en&as_sdt=0,5&as_ylo=2017&as_yhi=2017&as_vis=1"
0,"M Olamoyegun, B Kolawole…","Influence of West African ethnicity and gender on beta-cell function and insulin sensitivity in essential hypertensives treated with hydrochlorothiazide and …",2017,"Journal of pharmacology & …","ncbi.nlm.nih.gov","https://www.ncbi.nlm.nih.gov/pmc/articles/PMC5497402/","",401,"2021-07-17 21:08:35","HTML","","","",,,,,0,0.00,0,3,4,"… cell and IR as well as any modification of this by Lis in Nigerian hypertensives … part of Nigeria and is about 200 km from Lagos the commercial capital city of Nigeria … Body mass index (BMI), waist circumference (WC), and waist-hip ratio (WHR) were comparable in both groups …","https://www.ncbi.nlm.nih.gov/pmc/articles/PMC5497402/","https://scholar.google.com/scholar?q=related:-zXADgHFt10J:scholar.google.com/&scioq=%22waist+circumference%22+nigeria&hl=en&as_sdt=0,5&as_ylo=2017&as_yhi=2017&as_vis=1"
0,"FI Ilesanmi, OO Ilesanmi","EFFECTS OF MATERNAL SOCIO-ECONOMIC STATUS (SES) ON CHILDHOOD OVERWEIGHT AND OBESITY (COWOB) IN NIGERIA",2017,"International Journal of Arts & Sciences","researchgate.net","https://www.researchgate.net/profile/Faith-Ilesanmi/publication/322256298_EFFECTS_OF_MATERNAL_SOCIO-ECONOMIC_STATUS_SES_ON_CHILDHOOD_OVERWEIGHT_AND_OBESITY_COWOB_IN_NIGERIA/links/5a4eacb2458515e71b085d44/EFFECTS-OF-MATERNAL-SOCIO-ECONOMIC-STATUS-SES-ON-CHILDHOOD-OVERWEIGHT-AND-OBESITY-COWOB-IN-NIGERIA.pdf","",402,"2021-07-17 21:08:35","PDF","","","",,,,,0,0.00,0,2,4,"… 1 Azinge EC. Obesity and its complications in 30 Nigerian patients in Lagos. Niger Qt J Hosp Med 1997;7:49-52 … WHO3 als over 42 m Deck obesity ha adopting W Few in Nigeria across the Nigeria ar stable (alb recruited Governme childhood socio-econ case. It is Etiology …","https://www.researchgate.net/profile/Faith-Ilesanmi/publication/322256298_EFFECTS_OF_MATERNAL_SOCIO-ECONOMIC_STATUS_SES_ON_CHILDHOOD_OVERWEIGHT_AND_OBESITY_COWOB_IN_NIGERIA/links/5a4eacb2458515e71b085d44/EFFECTS-OF-MATERNAL-SOCIO-ECONOMIC-STATUS-SES-ON-CHILDHOOD-OVERWEIGHT-AND-OBESITY-COWOB-IN-NIGERIA.pdf","https://scholar.google.com/scholar?q=related:f9hYc1knRDoJ:scholar.google.com/&scioq=%22waist+circumference%22+nigeria&hl=en&as_sdt=0,5&as_ylo=2017&as_yhi=2017&as_vis=1"
3,"Z Zhu, Z Teng, FJB van Duijnhoven, M Dong, Y Qian…","Interactions between RASA2, CADM1, HIF1AN gene polymorphisms and body fatness with breast cancer: a population-based case–control study in China",2017,"Oncotarget","ncbi.nlm.nih.gov","https://www.ncbi.nlm.nih.gov/pmc/articles/PMC5716727/","https://scholar.google.com/scholar?cites=17820689979044738754&as_sdt=2005&sciodt=0,5&hl=en",403,"2021-07-17 21:08:35","HTML","","","",,,,,3,0.75,1,6,4,"… CIs). It was observed that cases had a statistically higher body mass index (BMI ≥ 28 kg/m 2 , OR = 1.77), waist circumference (WC ≥ 90cm, OR = 2.89) and waist-to-hip ratio (WHR ≥ 0.9, OR = 3.41) as compared to controls …","https://www.ncbi.nlm.nih.gov/pmc/articles/PMC5716727/","https://scholar.google.com/scholar?q=related:wjZTLR7PT_cJ:scholar.google.com/&scioq=%22waist+circumference%22+nigeria&hl=en&as_sdt=0,5&as_ylo=2017&as_yhi=2017&as_vis=1"
7,"M Faye, AT Lemrabott, MM Cissé, K Fall, Y Keita…","Prevalence and risk factors of chronic kidney disease in an african semi-urban area: Results from a cross-sectional survey in Gueoul, Senegal",2017,"Saudi Journal of Kidney …","sjkdt.org","https://www.sjkdt.org/article.asp?issn=1319-2442;year=2017;volume=28;issue=6;spage=1389;epage=1396;aulast=Faye","https://scholar.google.com/scholar?cites=9015374686690752214&as_sdt=2005&sciodt=0,5&hl=en",404,"2021-07-17 21:08:35","HTML","","","",,,,,7,1.75,1,6,4,"… A standard tape meter, applied directly to the skin, was using to measure waist circumference … This prevalence was similar to those of the KEEP study (14.8%), [10] Nigeria (10.4%), [14] and Japan … Prevalence of chronic kidney disease in a Nigerian family practice population …","https://www.sjkdt.org/article.asp?issn=1319-2442;year=2017;volume=28;issue=6;spage=1389;epage=1396;aulast=Faye","https://scholar.google.com/scholar?q=related:1jZAFYMLHX0J:scholar.google.com/&scioq=%22waist+circumference%22+nigeria&hl=en&as_sdt=0,5&as_ylo=2017&as_yhi=2017&as_vis=1"
4,"P Bukhala, V Onywera, AL Toriola…","Assessment of physical fitness status of athletes with intellectual disabilities participating in special olympics programs in Nairobi County, Kenya",2017,"Journal of Human …","Taylor & Francis","https://www.tandfonline.com/doi/abs/10.1080/09709274.2017.1368202","https://scholar.google.com/scholar?cites=7165417164844177998&as_sdt=2005&sciodt=0,5&hl=en",405,"2021-07-17 21:08:35","","10.1080/09709274.2017.1368202","","",,,,,4,1.00,1,4,4,"… The anthro- pometric measurements include height/stature, body weight, waist circumference, waist to hip ratio (WHR) and three skinfold sites (triceps, biceps, and calf) … Female athletes in all the centres except UON had a high- er mean waist circumference than male athletes …","https://ir-library.ku.ac.ke/bitstream/handle/123456789/18207/Assessment%20of%20Physical%20Fitness%20Status%20of%20Athletes%20with%20Intellectual%20Disabilities%20Participating%20in%20Special%20Olympics%20Programs%20in%20Nairobi%20County%20Kenya.pdf?isAllowed=y&sequence=1","https://scholar.google.com/scholar?q=related:ThoGivKscGMJ:scholar.google.com/&scioq=%22waist+circumference%22+nigeria&hl=en&as_sdt=0,5&as_ylo=2017&as_yhi=2017&as_vis=1"
18,"R Ramírez-Vélez, JE Correa-Bautista, K González-Ruíz…","Body adiposity index performance in estimating body fat percentage in Colombian college students: Findings from the FUPRECOL—adults study",2017,"Nutrients","mdpi.com","https://www.mdpi.com/175952","https://scholar.google.com/scholar?cites=6617713743942074871&as_sdt=2005&sciodt=0,5&hl=en",406,"2021-07-17 21:08:35","","","","",,,,,18,4.50,5,4,4,"… Waist circumference (WC; in cm) was measured using a tape measure, at the smallest point between the lower costal border and the iliac crest; where this was not evident, it was measured at the midpoint between the last rib and the iliac crest (Ohaus ® 8004-MA, Parsippany …","https://www.mdpi.com/2072-6643/9/1/40/pdf","https://scholar.google.com/scholar?q=related:90HjhJbX1lsJ:scholar.google.com/&scioq=%22waist+circumference%22+nigeria&hl=en&as_sdt=0,5&as_ylo=2017&as_yhi=2017&as_vis=1"
0,"R Rajput","Dr. Deepak Gahlan",,"Education","researchgate.net","https://www.researchgate.net/profile/Deepak-Gahlan-2/publication/327253112_PREVALENCE_OF_METABOLIC_SYNDROME_IN_TYPE_2_DIABETIC_PATIENTS_IN_A_TERTIARY_CARE_CENTER_IN_NORTHERN_INDIA/links/5b84482292851c1e1235b5ee/PREVALENCE-OF-METABOLIC-SYNDROME-IN-TYPE-2-DIABETIC-PATIENTS-IN-A-TERTIARY-CARE-CENTER-IN-NORTHERN-INDIA.pdf","",407,"2021-07-17 21:08:35","PDF","","","",,,,,0,0.00,0,1,,"… Anthropometric measurements including weight, waist circumference, body mass index (BMI) were recorded. Blood pressure was measured using a sphygmomanometer … Though the waist circumference of females was higher, there was no statistical significance …","https://www.researchgate.net/profile/Deepak-Gahlan-2/publication/327253112_PREVALENCE_OF_METABOLIC_SYNDROME_IN_TYPE_2_DIABETIC_PATIENTS_IN_A_TERTIARY_CARE_CENTER_IN_NORTHERN_INDIA/links/5b84482292851c1e1235b5ee/PREVALENCE-OF-METABOLIC-SYNDROME-IN-TYPE-2-DIABETIC-PATIENTS-IN-A-TERTIARY-CARE-CENTER-IN-NORTHERN-INDIA.pdf","https://scholar.google.com/scholar?q=related:XpwB7EPrIcoJ:scholar.google.com/&scioq=%22waist+circumference%22+nigeria&hl=en&as_sdt=0,5&as_ylo=2017&as_yhi=2017&as_vis=1"
114,"AA Tinkov, T Filippini, OP Ajsuvakova, J Aaseth…","The role of cadmium in obesity and diabetes",2017,"Science of The Total …","Elsevier","https://www.sciencedirect.com/science/article/pii/S0048969717313323","https://scholar.google.com/scholar?cites=7333494327095065142&as_sdt=2005&sciodt=0,5&hl=en",408,"2021-07-17 21:08:35","","","","",,,,,114,28.50,23,5,4,"","","https://scholar.google.com/scholar?q=related:NvrXaDzOxWUJ:scholar.google.com/&scioq=%22waist+circumference%22+nigeria&hl=en&as_sdt=0,5&as_ylo=2017&as_yhi=2017&as_vis=1"
42,"H Awadalla, SK Noor, WM Elmadhoun…","Diabetes complications in Sudanese individuals with type 2 diabetes: overlooked problems in sub-Saharan Africa?",2017,"Diabetes & Metabolic …","Elsevier","https://www.sciencedirect.com/science/article/pii/S1871402117302527","https://scholar.google.com/scholar?cites=6323774859971553096&as_sdt=2005&sciodt=0,5&hl=en",409,"2021-07-17 21:08:35","","","","",,,,,42,10.50,11,4,4,"… Lipid profile and glycosylated hemoglobin were tested by calibrated laboratory methods. Blood pressure, body mass index (BMI) and waist circumference were measured as these are indirectly related to complications of DM. 2.4. Laboratory methods …","","https://scholar.google.com/scholar?q=related:SGcm-LqPwlcJ:scholar.google.com/&scioq=%22waist+circumference%22+nigeria&hl=en&as_sdt=0,5&as_ylo=2017&as_yhi=2017&as_vis=1"
1,"OA Abou Zeid, NY Elkhouly, EN Osman…","Metabolic parameters in diabetic neuropathic patients after treatment with pregabalin",2017,"Diabetes & Metabolic …","Elsevier","https://www.sciencedirect.com/science/article/pii/S1871402116302429","https://scholar.google.com/scholar?cites=15984150371054698928&as_sdt=2005&sciodt=0,5&hl=en",410,"2021-07-17 21:08:35","","","","",,,,,1,0.25,0,4,4,"… BMI mean was 33.5 ± 0.45 before versus 31.1 ± 0.33 after (P < 0.001). HbA1C was positively correlated with DPN severity before treatment (r = 0.18, P < 0.01). Same results were observed with weight and waist circumference (r = 0.17, P < 0.01, r = 0.14, P < 0.05 respectively) …","","https://scholar.google.com/scholar?q=related:sMEkJxMc090J:scholar.google.com/&scioq=%22waist+circumference%22+nigeria&hl=en&as_sdt=0,5&as_ylo=2017&as_yhi=2017&as_vis=1"
4,"OA Babah, AA Oluwole, OS Ayanbode…","Obesity and preeclampsia: Role of fibrinogen and C‑reactive protein",2017,"Tropical Journal of …","ajol.info","https://www.ajol.info/index.php/tjog/article/view/178379","https://scholar.google.com/scholar?cites=16730090732426786191&as_sdt=2005&sciodt=0,5&hl=en",411,"2021-07-17 21:08:35","","","","",,,,,4,1.00,1,4,4,"… Similar observation was made in Southeastern Nigeria.[15] This finding is not surprising as … also reported a strong association between BMI, waist circumference and fat mass, and CRP and … of high sensitive CRP and serum lipid profile in South Eastern Nigerian women with pre …","https://www.ajol.info/index.php/tjog/article/download/178379/167742","https://scholar.google.com/scholar?q=related:j3VanuE4LegJ:scholar.google.com/&scioq=%22waist+circumference%22+nigeria&hl=en&as_sdt=0,5&as_ylo=2017&as_yhi=2017&as_vis=1"
153,"MAM Rogers, K Lemmen, R Kramer, J Mann…","Internet-delivered health interventions that work: systematic review of meta-analyses and evaluation of website availability",2017,"Journal of medical …","jmir.org","https://www.jmir.org/2017/3/e90","https://scholar.google.com/scholar?cites=16079222803988094461&as_sdt=2005&sciodt=0,5&hl=en",412,"2021-07-17 21:08:35","HTML","","","",,,,,153,38.25,31,5,4,"Background: Due to easy access and low cost, Internet-delivered therapies offer an attractive alternative to improving health. Although numerous websites contain health-related information, finding evidence-based programs (as demonstrated through randomized controlled trials …","https://www.jmir.org/2017/3/e90","https://scholar.google.com/scholar?q=related:_R0S6PLfJN8J:scholar.google.com/&scioq=%22waist+circumference%22+nigeria&hl=en&as_sdt=0,5&as_ylo=2017&as_yhi=2017&as_vis=1"
22,"MH Ahmed, SK Noor, SO Bushara…","Non-alcoholic fatty liver disease in Africa and Middle East: an attempt to predict the present and future implications on the healthcare system",2017,"Gastroenterology …","ncbi.nlm.nih.gov","https://www.ncbi.nlm.nih.gov/pmc/articles/PMC5667692/","https://scholar.google.com/scholar?cites=14166144135526571757&as_sdt=2005&sciodt=0,5&hl=en",413,"2021-07-17 21:08:35","HTML","","","",,,,,22,5.50,6,4,4,"… high blood pressure, high triglycerides (TGs), low high-density lipoprotein cholesterol (HDL-C) and an increased waist circumference (WC) (above 102 … the prevalence of NAFLD among patients with diabetes mellitus (DM) attending an endocrine clinic in Nigeria and compared …","https://www.ncbi.nlm.nih.gov/pmc/articles/PMC5667692/","https://scholar.google.com/scholar?q=related:7V4LKwlBmMQJ:scholar.google.com/&scioq=%22waist+circumference%22+nigeria&hl=en&as_sdt=0,5&as_ylo=2017&as_yhi=2017&as_vis=1"
103,"JJ Noubiap, M Essouma, JJ Bigna, AM Jingi…","Prevalence of elevated blood pressure in children and adolescents in Africa: a systematic review and meta-analysis",2017,"The Lancet Public …","Elsevier","https://www.sciencedirect.com/science/article/pii/S2468266717301238","https://scholar.google.com/scholar?cites=13929920621856997839&as_sdt=2005&sciodt=0,5&hl=en",414,"2021-07-17 21:08:35","HTML","","","",,,,,103,25.75,21,5,4,"JavaScript is disabled on your browser. Please enable JavaScript to use all the features on this page. Skip to main content Skip to article …","https://www.sciencedirect.com/science/article/pii/S2468266717301238","https://scholar.google.com/scholar?q=related:z8EsbwAFUcEJ:scholar.google.com/&scioq=%22waist+circumference%22+nigeria&hl=en&as_sdt=0,5&as_ylo=2017&as_yhi=2017&as_vis=1"
0,"M Obu-Afful","Prevalence and Factors Associated with Hypertension Among Senior High School Students of Saint Thomas Aquinas and Accra High Senior High School",2017,"","ugspace.ug.edu.gh","http://ugspace.ug.edu.gh/handle/123456789/35172","",415,"2021-07-17 21:08:35","","","","",,,,,0,0.00,0,1,4,"… administered questionnaire was used to obtain data from the senior high school students. The arterial blood pressure, weight, height, and waist circumference were checked by means … later life, the association is unclear in most developing countries. For instance, in Nigeria …","http://ugspace.ug.edu.gh/bitstream/handle/123456789/35172/Prevalence%20And%20Factors%20Associated%20With%20Hypertension%20Among%20Senior%20High%20School%20Students%20Of%20Saint%20Thomas%20Aquinas%20And%20Accra%20High%20Senior%20High%20School.pdf?sequence=1","https://scholar.google.com/scholar?q=related:mMWhHT3kSB0J:scholar.google.com/&scioq=%22waist+circumference%22+nigeria&hl=en&as_sdt=0,5&as_ylo=2017&as_yhi=2017&as_vis=1"
0,"B Suresh Kumar","A Study of Prevalence of Metabolic Syndrome in Young Patients with Acute Myocardial Infarction",2017,"","repository-tnmgrmu.ac.in","http://repository-tnmgrmu.ac.in/12243/","",416,"2021-07-17 21:08:35","","","","",,,,,0,0.00,0,1,4,"… the patients had metabolic syndrome. Metabolic syndrome was also seen in 25.2% of type 2 diabetic patients in Nigeria. However the systemic hypertension was found to be the … Insulin resistance  Increased waist circumference Each component is defined as follows …","http://repository-tnmgrmu.ac.in/12243/1/200100317suresh_kumar.pdf","https://scholar.google.com/scholar?q=related:mPtX6tJF4qYJ:scholar.google.com/&scioq=%22waist+circumference%22+nigeria&hl=en&as_sdt=0,5&as_ylo=2017&as_yhi=2017&as_vis=1"
46,"CN Rotimi, AR Bentley, AP Doumatey…","The genomic landscape of African populations in health and disease",2017,"Human molecular …","academic.oup.com","https://academic.oup.com/hmg/article-abstract/26/R2/R225/3916726","https://scholar.google.com/scholar?cites=3087062027310582358&as_sdt=2005&sciodt=0,5&hl=en",417,"2021-07-17 21:08:35","","","","",,,,,46,11.50,12,4,4,"Abstract. A deeper appreciation of the complex architecture of African genomes is critical to the global effort to understand human history, biology and differ.","https://academic.oup.com/hmg/article/26/R2/R225/3916726","https://scholar.google.com/scholar?q=related:Vspx0Y5y1yoJ:scholar.google.com/&scioq=%22waist+circumference%22+nigeria&hl=en&as_sdt=0,5&as_ylo=2017&as_yhi=2017&as_vis=1"
0,"D Manuel","EFFECT OF BODY MASS INDEX ON BLOOD PRESSURE AND LIPID PROFILE",2017,"Journal of Evolution of Medical and Dental Sciences","go.gale.com","https://go.gale.com/ps/i.do?id=GALE%7CA520323288&sid=googleScholar&v=2.1&it=r&linkaccess=abs&issn=22784748&p=AONE&sw=w","",418,"2021-07-17 21:08:35","","","","",,,,,0,0.00,0,1,4,"… Effect of body mass index on lipid profile of type 2 diabetes at an urban tertiary hospital in Nigeria. JDMS 2016; 15(9):65-70. [12] Guimaraes ICB, de Almeida AM, Santos AS, et al. Blood pressure: effect of body mass index and of waist circumference on adolescents …","","https://scholar.google.com/scholar?q=related:n-qKdpnHV6QJ:scholar.google.com/&scioq=%22waist+circumference%22+nigeria&hl=en&as_sdt=0,5&as_ylo=2017&as_yhi=2017&as_vis=1"
0,"N TUKUR","FACTORS ASSOCIATED WITH OVERWEIGHT AND OBESITY AMONG POSTGRADUATE AFRICAN STUDENTS IN UPM, 2017",2017,"","psasir.upm.edu.my","http://psasir.upm.edu.my/id/eprint/71085/1/FPSK%28M%29%202017%2034%20IR.pdf","",419,"2021-07-17 21:08:35","PDF","","","",,,,,0,0.00,0,1,4,"… WC Waist Circumference WHO World Health Organization … Adienbo, OM, Hart, VO, & Oyeyemi, WA (2012). High Prevalence of Obesity among Indigenous Residents of a Nigerian Ethnic Group: The Kalabaris in the Niger Delta Region of South-South Nigeria …","http://psasir.upm.edu.my/id/eprint/71085/1/FPSK%28M%29%202017%2034%20IR.pdf","https://scholar.google.com/scholar?q=related:IZSF2513pucJ:scholar.google.com/&scioq=%22waist+circumference%22+nigeria&hl=en&as_sdt=0,5&as_ylo=2017&as_yhi=2017&as_vis=1"
13,"R Retnakaran, SW Wen, H Tan, S Zhou…","Maternal blood pressure before pregnancy and sex of the baby: a prospective preconception cohort study",2017,"American journal of …","academic.oup.com","https://academic.oup.com/ajh/article-abstract/30/4/382/2835699","https://scholar.google.com/scholar?cites=5031379019289057877&as_sdt=2005&sciodt=0,5&hl=en",420,"2021-07-17 21:08:35","","","","",,,,,13,3.25,3,5,4,"… At the baseline study visit, anthropometric measurements were performed by trained research staff, including weight, height, waist circumference, and calculated body mass index … BMI (kg/m 2 ), 20.2 ± 2.4, 19.9 ± 2.3, 0.09. Waist circumference (cm), 70.6 ± 7.4, 70.1 ± 7.5, 0.30 …","https://academic.oup.com/ajh/article/30/4/382/2835699","https://scholar.google.com/scholar?q=related:VdoTh48M00UJ:scholar.google.com/&scioq=%22waist+circumference%22+nigeria&hl=en&as_sdt=0,5&as_ylo=2017&as_yhi=2017&as_vis=1"
3,"D Yadav, M Mishra, S Rana, SK Subramani, G Prasad","Study of biochemical and oxidative stress markers in the first-degree relatives of persons with type 2 diabetes stratified by glucose tolerance test",2017,"Prog Nutr","researchgate.net","https://www.researchgate.net/profile/Dr-Seema-Rana/publication/344924916_Study_of_biochemical_and_oxidative_stress_markers_in_the_first-degree_relatives_of_persons_with_type_2_diabetes_stratified_by_glucose_tolerance_test/links/5f992953299bf1b53e4b9e2a/Study-of-biochemical-and-oxidative-stress-markers-in-the-first-degree-relatives-of-persons-with-type-2-diabetes-stratified-by-glucose-tolerance-test.pdf","https://scholar.google.com/scholar?cites=6090701560947946036&as_sdt=2005&sciodt=0,5&hl=en",421,"2021-07-17 21:08:35","PDF","","","",,,,,3,0.75,1,5,4,"… Int J Diabetes & Metabo- lism 2009; 17: 17-9. 21. Levine DA, Calhoun DA, Prineas RJ, Cushman M, How- ard VJ, Howard G. Moderate waist circumference and hy- pertension prevalence: the REGARDS study … The Nigerian postgraduate medical journal 2005; 12: 155-7 …","https://www.researchgate.net/profile/Dr-Seema-Rana/publication/344924916_Study_of_biochemical_and_oxidative_stress_markers_in_the_first-degree_relatives_of_persons_with_type_2_diabetes_stratified_by_glucose_tolerance_test/links/5f992953299bf1b53e4b9e2a/Study-of-biochemical-and-oxidative-stress-markers-in-the-first-degree-relatives-of-persons-with-type-2-diabetes-stratified-by-glucose-tolerance-test.pdf","https://scholar.google.com/scholar?q=related:NDI4vcyEhlQJ:scholar.google.com/&scioq=%22waist+circumference%22+nigeria&hl=en&as_sdt=0,5&as_ylo=2017&as_yhi=2017&as_vis=1"
3,"LS Fonkeng, IM Ali, M Noubom, R Bamou…","Prevalence, predictors and treatment outcome of type 2 diabetes among newly diagnosed sputum positive pulmonary tuberculosis patients in Western …",2017,"J Infect Dis …","researchgate.net","https://www.researchgate.net/profile/Leonard-Sama/publication/319864852_Prevalence_Predictors_and_Treatment_Outcome_of_Type_2_Diabetes_among_Newly_Diagnosed_Sputum_Positive_Pulmonary_Tuberculosis_Patients_in_Western_Cameroon/links/5e8226c1299bf1a91b8cf7b0/Prevalence-Predictors-and-Treatment-Outcome-of-Type-2-Diabetes-among-Newly-Diagnosed-Sputum-Positive-Pulmonary-Tuberculosis-Patients-in-Western-Cameroon.pdf","https://scholar.google.com/scholar?cites=15870600436169986797&as_sdt=2005&sciodt=0,5&hl=en",422,"2021-07-17 21:08:35","PDF","","","",,,,,3,0.75,1,5,4,"… 0.035 5 (4.5%) 15 (13.4%) 0.002 Waist circumference 0.604 ˃ 90 cm (Male) 3 (3.5%) 5 (5.3%) … Normal Male Female 6 (28.6%) 7 (33.3%) 84 (53.5%) 32 (20.4%) Underweight Male Female 3 (14.3%) 3 (14.3%) 15 (11.0%) 8 (5.9%) Waist circumference Male 0.283 …","https://www.researchgate.net/profile/Leonard-Sama/publication/319864852_Prevalence_Predictors_and_Treatment_Outcome_of_Type_2_Diabetes_among_Newly_Diagnosed_Sputum_Positive_Pulmonary_Tuberculosis_Patients_in_Western_Cameroon/links/5e8226c1299bf1a91b8cf7b0/Prevalence-Predictors-and-Treatment-Outcome-of-Type-2-Diabetes-among-Newly-Diagnosed-Sputum-Positive-Pulmonary-Tuberculosis-Patients-in-Western-Cameroon.pdf","https://scholar.google.com/scholar?q=related:7VISugKzP9wJ:scholar.google.com/&scioq=%22waist+circumference%22+nigeria&hl=en&as_sdt=0,5&as_ylo=2017&as_yhi=2017&as_vis=1"
2,"M Sneha, N Arlappa, P Suryanarayana…","Prevalence of Metabolic Syn-drome among Urban Older Adults of Hyderabad Metropolitan City in South India",2017,"J Nutr Obes 1: 101 …","article.scholarena.co","http://article.scholarena.co/Prevalence-of-Metabolic-Syndrome-among-Urban-Older-Adults-of-Hyderabad-Metropolitan-City-in-South-India.pdf","https://scholar.google.com/scholar?cites=17631130499175394252&as_sdt=2005&sciodt=0,5&hl=en",423,"2021-07-17 21:08:35","PDF","","","",,,,,2,0.50,1,4,4,"… diseases. Anthropometric measurements such as height, weight, waist circumference (WC) and hip circumference (HC) were recorded on all the selected older adults, using standard equipment and adopting standard procedure …","http://article.scholarena.co/Prevalence-of-Metabolic-Syndrome-among-Urban-Older-Adults-of-Hyderabad-Metropolitan-City-in-South-India.pdf","https://scholar.google.com/scholar?q=related:zKvnd8ZbrvQJ:scholar.google.com/&scioq=%22waist+circumference%22+nigeria&hl=en&as_sdt=0,5&as_ylo=2017&as_yhi=2017&as_vis=1"
1,"CA Anifa, M Lobota, M Esimo…","Metabolic Disorders Associated with Biological Insulin Resistance in Congolese Woman with Polycystic Ovary Syndrome (PCOS)",2017,"Testes Ovaries-Funct. Clin …","books.google.com","https://books.google.com/books?hl=en&lr=&id=H-mPDwAAQBAJ&oi=fnd&pg=PA53&dq=%22waist+circumference%22+nigeria&ots=O6uQNZsVox&sig=ZYYbjqy4WA43uVLBLtQ7nrjisZg","https://scholar.google.com/scholar?cites=11310735423814654345&as_sdt=2005&sciodt=0,5&hl=en",424,"2021-07-17 21:08:35","","","","",,,,,1,0.25,0,4,4,"… The waist circumference (WC) was defined as the smallest measurement between the iliac crest and lateral costal margin and the hip cir‐- cumference … 2005; 16: 249‐255 Fasanmade O, Oke D, Odeniyi I, Okafor C. Pattern of dyslipidemia amongst Nigerians with type 2 diabetes …","https://www.intechopen.com/books/testes-and-ovaries-functional-and-clinical-differences-and-similarities/metabolic-disorders-associated-with-biological-insulin-resistance-in-congolese-woman-with-polycystic","https://scholar.google.com/scholar?q=related:iVnm7PDN95wJ:scholar.google.com/&scioq=%22waist+circumference%22+nigeria&hl=en&as_sdt=0,5&as_ylo=2017&as_yhi=2017&as_vis=1"
0,"M Kweku, F Bani, W Axame, R Owusu, M Takase…","MRP",2017,"","modernrespub.org","http://www.modernrespub.org/jsrs/pdf/2017/April/Kweku%20et%20al.pdf","",425,"2021-07-17 21:08:35","PDF","","","",,,,,0,0.00,0,6,4,"… DALYs, Disability- Adjusted Life-Years; BMI, Body Mass Index; CHPS, Community Health Planning and Services; CI, Confidence Interval; WC, Waist Circumference; HC, Hip … In rural Nigeria, the prevalence of hypertension was found to be 37.6% (Isara and Okundia, 2015) …","http://www.modernrespub.org/jsrs/pdf/2017/April/Kweku%20et%20al.pdf","https://scholar.google.com/scholar?q=related:Yn-WGpDiz94J:scholar.google.com/&scioq=%22waist+circumference%22+nigeria&hl=en&as_sdt=0,5&as_ylo=2017&as_yhi=2017&as_vis=1"
0,"KVSH Kumar, M Manrai, AK Sood","Prevalence and characteristics of the metabolic syndrome in patients with chronic pancreatitis",2017,"Annals of Nigerian Medicine","anmjournal.com","https://www.anmjournal.com/article.asp?issn=0331-3131;year=2017;volume=11;issue=1;spage=17;epage=21;aulast=Hari","",426,"2021-07-17 21:08:35","HTML","","","",,,,,0,0.00,0,3,4,"… Ann Nigerian Med [serial online] 2017 [cited 2021 Jun 17];11:17-21 … Waist circumference was measured on bare skin as the narrowest circumference between the lower costal margin and the iliac crest in centimeters … Pancreatic calcification in diabetes mellitus at Ilorin, Nigeria …","https://www.anmjournal.com/article.asp?issn=0331-3131;year=2017;volume=11;issue=1;spage=17;epage=21;aulast=Hari","https://scholar.google.com/scholar?q=related:zZxB5rqgLTwJ:scholar.google.com/&scioq=%22waist+circumference%22+nigeria&hl=en&as_sdt=0,5&as_ylo=2017&as_yhi=2017&as_vis=1"
18,"MN Norhayati, I Azlina","Patient satisfaction with doctor-patient interaction and its association with modifiable cardiovascular risk factors among moderately-high risk patients in …",2017,"PeerJ","peerj.com","https://peerj.com/articles/2983/","https://scholar.google.com/scholar?cites=11122758311961209947&as_sdt=2005&sciodt=0,5&hl=en",427,"2021-07-17 21:08:35","HTML","","","",,,,,18,4.50,9,2,4,"… Waist circumference (cm) b, 93.0, (14.76) … It was consistent with other studies that evaluated patient satisfaction in primary healthcare clinic, where 63.3% were satisfied in a study in Nigeria (Abioye Kuteyi et al., 2010), 74% in Trinidad and Tobago (.","https://peerj.com/articles/2983/","https://scholar.google.com/scholar?q=related:W6z4-sD5W5oJ:scholar.google.com/&scioq=%22waist+circumference%22+nigeria&hl=en&as_sdt=0,5&as_ylo=2017&as_yhi=2017&as_vis=1"
0,"MZ USMAN","THE RELATIONSHIP BETWEEN LEFT ATRIAL VOLUME INDEX AND LEFT VENTRICULAR FUNCTIONS AMONG PATIENTS WITH HYPERTENSION SEEN AT …",2017,"Faculty of INTERNAL MEDICINE","dissertation.npmcn.edu.ng","http://www.dissertation.npmcn.edu.ng/index.php/FMCP/article/download/402/790","",428,"2021-07-17 21:08:35","PDF","","","",,,,,0,0.00,0,1,4,"… Nigeria reported NG, CR, CLVH and ELVH to occur among 18.8%, 19.4%, 25.3% and 36.5% respectively of 186 hypertensive patients. Akintunde, et al 66 in a study of 188 Nigerian hypertensives, on the relationship between left ventricular geometric pattern and systolic and …","http://www.dissertation.npmcn.edu.ng/index.php/FMCP/article/download/402/790","https://scholar.google.com/scholar?q=related:zrkOpe4TF-YJ:scholar.google.com/&scioq=%22waist+circumference%22+nigeria&hl=en&as_sdt=0,5&as_ylo=2017&as_yhi=2017&as_vis=1"
0,"G Lubinda-Sinombe","An evaluation of the effects of a lifestyle intervention on eating and physical activity behaviours of urban adolescents in junior public secondary schools in Botswana: a …",2017,"","open.uct.ac.za","https://open.uct.ac.za/handle/11427/25330","",429,"2021-07-17 21:08:35","","","","",,,,,0,0.00,0,1,4,"… ii and waist circumference to determine the prevalence of overweight. Results from the … was 14.3 years (SD 0.79); mean body mass index (BMI) was 20.1 kg/m2 (SD 3.9) and mean waist circumference score was 71.2 cm (SD 8.71). There were more females in …","https://open.uct.ac.za/bitstream/handle/11427/25330/thesis_hsf_2017_lubinda_sinombe_gaonyadiwe.pdf?sequence=1&isAllowed=y","https://scholar.google.com/scholar?q=related:_hhsySWVg88J:scholar.google.com/&scioq=%22waist+circumference%22+nigeria&hl=en&as_sdt=0,5&as_ylo=2017&as_yhi=2017&as_vis=1"
0,"DE Simangunsong, RS Triyoga, MFG Siregar, R Lubis","The Effect of the Intervention"" Pramenopause Empowerment Model (PEM)"" Based on Health Belief Against the Balanced Dietary Changes in the Control of …",2017,"","repo.poltekkes-medan.ac.id","http://repo.poltekkes-medan.ac.id/xmlui/handle/123456789/2877","",430,"2021-07-17 21:08:35","","","","",,,,,0,0.00,0,4,4,"… References [1] Achie LN., Olorunshola KV., Toryila JE., Tende JA., 2012, The Body Mass Index, Waist Circumference and Blood Pressure of Postmenopausal Women in Zaria, Northern Nigeria; Current Research Journal of Biological Science , Published April 05,2012,4(3):329 …","http://repo.poltekkes-medan.ac.id/xmlui/bitstream/handle/123456789/2877/THE%20EFFECT%20OF%20THE%20INTERVENTION%20%28DIETARY%20CHANGES%29%20...%20%281%29.pdf?sequence=1&isAllowed=y","https://scholar.google.com/scholar?q=related:vGyfNZc9l74J:scholar.google.com/&scioq=%22waist+circumference%22+nigeria&hl=en&as_sdt=0,5&as_ylo=2017&as_yhi=2017&as_vis=1"
0,"RM Hassan","PREVALENCE OF OBESITY AMONG YOUNG ADULTS IN AFRICA–A META-ANALYSIS",2017,"Malaysian Journal of Medical Research (MJMR)","ejournal.lucp.net","https://ejournal.lucp.net/index.php/mjmr/article/view/255","",431,"2021-07-17 21:08:35","","","","",,,,,0,0.00,0,1,4,"… and the results were validated by checking the BMI and waist circumference of the respondents … The study was conducted among Tai Solarin University of Education in Ijebu-ode Ogun State, Nigeria … In addition, oily foods are common among Nigerians …","https://ejournal.lucp.net/index.php/mjmr/article/download/255/212","https://scholar.google.com/scholar?q=related:K8MC-eqI8koJ:scholar.google.com/&scioq=%22waist+circumference%22+nigeria&hl=en&as_sdt=0,5&as_ylo=2017&as_yhi=2017&as_vis=1"
25,"J Wu, H Xu, X He, Y Yuan, C Wang, J Sun, S He…","Six-year changes in the prevalence of obesity and obesity-related diseases in Northeastern China from 2007 to 2013",2017,"Scientific reports","nature.com","https://www.nature.com/articles/srep41518","https://scholar.google.com/scholar?cites=10174163026657928109&as_sdt=2005&sciodt=0,5&hl=en",432,"2021-07-17 21:08:35","HTML","","","",,,,,25,6.25,3,8,4,"Obesity and obesity-related diseases are important public health challenges. In this study, we aimed to provide updated trends in the prevalence of these conditions. We conducted two independent cross-sectional surveys of the general population aged 20–75 years in 2007 and …","https://www.nature.com/articles/srep41518","https://scholar.google.com/scholar?q=related:rePbIl7jMY0J:scholar.google.com/&scioq=%22waist+circumference%22+nigeria&hl=en&as_sdt=0,5&as_ylo=2017&as_yhi=2017&as_vis=1"
1,"M Mbaissouroum","Risk Factors of High Blood Pressure in Older South Africans",2017,"","search.proquest.com","https://search.proquest.com/openview/8ad6ccc103921339a872732c19ca0119/1?pq-origsite=gscholar&cbl=18750","https://scholar.google.com/scholar?cites=2403479600957303422&as_sdt=2005&sciodt=0,5&hl=en",433,"2021-07-17 21:08:35","BOOK","","","",,,,,1,0.25,1,1,4,"… As overweight or obesity is frequently associated with HBP and diabetes, many anthropometric indicators including body mass index(BMI), waist circumference … this study conducted in Nigeria, Samir (2015) asserted that social support played a significant …","https://search.proquest.com/openview/8ad6ccc103921339a872732c19ca0119/1?pq-origsite=gscholar&cbl=18750","https://scholar.google.com/scholar?q=related:fir1f_bfWiEJ:scholar.google.com/&scioq=%22waist+circumference%22+nigeria&hl=en&as_sdt=0,5&as_ylo=2017&as_yhi=2017&as_vis=1"
24,"P Kazooba, I Kasamba, BN Mayanja…","Cardiometabolic risk among HIV-POSITIVE Ugandan adults: prevalence, predictors and effect of long-term antiretroviral therapy",2017,"Pan African Medical …","ajol.info","https://www.ajol.info/index.php/pamj/article/view/159878","https://scholar.google.com/scholar?cites=17195574905812934221&as_sdt=2005&sciodt=0,5&hl=en",434,"2021-07-17 21:08:35","","","","",,,,,24,6.00,6,4,4,"… Abdominal obesity was assessed using waist-hip ratio (WHR) cutoffs of 0.95 for men and 0.85 for women [21] or waist circumference (WC)>94 cm … Higher mean AIP in men has also been reported among HIV patients in Nigeria [39], probably due to the elevated TG among men …","https://www.ajol.info/index.php/pamj/article/download/159878/149444","https://scholar.google.com/scholar?q=related:Td6ZUUX0ou4J:scholar.google.com/&scioq=%22waist+circumference%22+nigeria&hl=en&as_sdt=0,5&as_ylo=2017&as_yhi=2017&as_vis=1"
1,"J Salazar, V Bermúdez, W Torres, V Arias…","Dysglycemic states and hypertension: a relationship dependent on low-grade inflammation",2017,"…","f1000research.com","https://f1000research.com/articles/6-1953","https://scholar.google.com/scholar?cites=9520948607060107436&as_sdt=2005&sciodt=0,5&hl=en",435,"2021-07-17 21:08:35","HTML","","","",,,,,1,0.25,0,5,4,"… Waist circumference was measured with a plastic measuring tape graduated in centimeters and millimeters, taking an equidistant point between the costal margin and the anterior superior iliac spine as an anatomical reference, according to the protocol proposed by the US …","https://f1000research.com/articles/6-1953","https://scholar.google.com/scholar?q=related:rGCRYFA0IYQJ:scholar.google.com/&scioq=%22waist+circumference%22+nigeria&hl=en&as_sdt=0,5&as_ylo=2017&as_yhi=2017&as_vis=1"
9,"M Ammar, L Trabelsi, A Chaabene, N Charfi, M Abid","Evaluation of sexual dysfunction in women with type 2 diabetes",2017,"Sexologies","Elsevier","https://www.sciencedirect.com/science/article/pii/S1158136016300664","https://scholar.google.com/scholar?cites=17211242265517191755&as_sdt=2005&sciodt=0,5&hl=en",436,"2021-07-17 21:08:35","","","","",,,,,9,2.25,2,5,4,"… SD+ n = 15, SD– n = 15, P. Age (years), 41.27, 40.47, 0.61. Average age of first sexual intercourse, 21.78, 22.8, 0.48. Waist circumference (cm), 95.73, 96.93, 0.77. BMI (kg/m 2 ), 30.37, 29.85, 0.85. Duration of diabetes (years), 9.64, 6.2, 0.04. Insulin (%), 53.3, 33.3, 0.39 …","","https://scholar.google.com/scholar?q=related:S3JXw6ad2u4J:scholar.google.com/&scioq=%22waist+circumference%22+nigeria&hl=en&as_sdt=0,5&as_ylo=2017&as_yhi=2017&as_vis=1"
0,"OR IBRAHIM","BLOOD PRESSURE PROFILE OF PRIMARY SCHOOL CHILDREN IN ILORIN USING OSCILLOMETRIC AND AUSCULTATORY METHODS",2017,"Faculty of PAEDIATRICS","dissertation.npmcn.edu.ng","http://www.dissertation.npmcn.edu.ng/index.php/FMCPaed/article/download/741/462","",437,"2021-07-17 21:08:35","PDF","","","",,,,,0,0.00,0,1,4,"… WC Waist circumference WHO World Health Organization … children in Nigeria range from 3% in Kano11 to 9.8% in Jos.12 Page 21. 2 | Page … documented studies among children.21,22 There are several studies on blood pressure of Nigerian children which were carried out …","http://www.dissertation.npmcn.edu.ng/index.php/FMCPaed/article/download/741/462","https://scholar.google.com/scholar?q=related:_WC7Sekq7yAJ:scholar.google.com/&scioq=%22waist+circumference%22+nigeria&hl=en&as_sdt=0,5&as_ylo=2017&as_yhi=2017&as_vis=1"
7,"MGB Azevedo, RS Pedrosa, CM Aoqui…","Effectiveness of home pharmaceutical interventions in metabolic syndrome: a randomized controlled trial",2017,"Brazilian Journal of …","SciELO Brasil","https://www.scielo.br/j/bjps/a/s3Lbb9Vj9NL5CSDq7BQXPXC/?lang=en&format=html","https://scholar.google.com/scholar?cites=18057718236961974870&as_sdt=2005&sciodt=0,5&hl=en",438,"2021-07-17 21:08:35","HTML","","","",,,,,7,1.75,2,4,4,"… CV Cost-utility analysis of pharmaceutical care intervention versus usual care in management of Nigerian patients with … age, income monthly/per capita and education level), anthropometric parameters (body mass index [BMI] and waist circumference), hemodynamic parameters …","https://www.scielo.br/j/bjps/a/s3Lbb9Vj9NL5CSDq7BQXPXC/?lang=en&format=html","https://scholar.google.com/scholar?q=related:Vio2CBDnmfoJ:scholar.google.com/&scioq=%22waist+circumference%22+nigeria&hl=en&as_sdt=0,5&as_ylo=2017&as_yhi=2017&as_vis=1"
10,"M Zhang, H Cai, P Bao, W Xu, G Qin, XO Shu…","Body mass index, waist-to-hip ratio and late outcomes: a report from the Shanghai Breast Cancer Survival Study",2017,"Scientific reports","nature.com","https://www.nature.com/articles/s41598-017-07320-7","https://scholar.google.com/scholar?cites=18328271605008542384&as_sdt=2005&sciodt=0,5&hl=en",439,"2021-07-17 21:08:35","HTML","","","",,,,,10,2.50,1,7,4,"Obesity has been well studied in relation to breast cancer survival. However, the associations of post-diagnosis obesity and late outcomes (≥5 years after diagnosis) have been much less studied. A total of 4062 5-year disease-free patients were recruited from the Shanghai Breast …","https://www.nature.com/articles/s41598-017-07320-7","https://scholar.google.com/scholar?q=related:sKpp2-oZW_4J:scholar.google.com/&scioq=%22waist+circumference%22+nigeria&hl=en&as_sdt=0,5&as_ylo=2017&as_yhi=2017&as_vis=1"
23,"KA Bertrand, TN Bethea, LL Adams-Campbell…","Differential patterns of risk factors for early-onset breast cancer by ER status in African American women",2017,"Cancer Epidemiology …","AACR","https://cebp.aacrjournals.org/content/26/2/270.abstract","https://scholar.google.com/scholar?cites=10913599205081718809&as_sdt=2005&sciodt=0,5&hl=en",440,"2021-07-17 21:08:35","","","","",,,,,23,5.75,6,4,4,"","https://cebp.aacrjournals.org/content/cebp/26/2/270.full.pdf","https://scholar.google.com/scholar?q=related:GaDhf6fkdJcJ:scholar.google.com/&scioq=%22waist+circumference%22+nigeria&hl=en&as_sdt=0,5&as_ylo=2017&as_yhi=2017&as_vis=1"
38,"L Caporossi, B Papaleo","Bisphenol A and metabolic diseases: challenges for occupational medicine",2017,"… journal of environmental research and public …","mdpi.com","https://www.mdpi.com/219524","https://scholar.google.com/scholar?cites=2814446067411775808&as_sdt=2005&sciodt=0,5&hl=en",441,"2021-07-17 21:08:35","","","","",,,,,38,9.50,19,2,4,"… This aspect must be taken in consideration depending on the nation in which the studies were done, as some were made in developing countries (ie, Nigeria), or in countries (ie, China) where the regulations for the protection of workers from chemicals have lower standards …","https://www.mdpi.com/1660-4601/14/9/959/pdf","https://scholar.google.com/scholar?q=related:QPGSZ8nrDicJ:scholar.google.com/&scioq=%22waist+circumference%22+nigeria&hl=en&as_sdt=0,5&as_ylo=2017&as_yhi=2017&as_vis=1"
60,"V Mujica, R Orrego, J Pérez, P Romero…","The role of propolis in oxidative stress and lipid metabolism: a randomized controlled trial",2017,"Evidence-Based …","hindawi.com","https://www.hindawi.com/journals/ecam/2017/4272940/","https://scholar.google.com/scholar?cites=9785987998059582981&as_sdt=2005&sciodt=0,5&hl=en",442,"2021-07-17 21:08:35","HTML","","","",,,,,60,15.00,12,5,4,"… Waist circumference (cm) was measured at the midpoint between the lower ribs and the iliac crest … Both groups were, on average, overweight. In terms of weight, BMI, and waist circumference there were no significant differences between the groups at baseline or 90 days …","https://www.hindawi.com/journals/ecam/2017/4272940/","https://scholar.google.com/scholar?q=related:BdaTYDzQzocJ:scholar.google.com/&scioq=%22waist+circumference%22+nigeria&hl=en&as_sdt=0,5&as_ylo=2017&as_yhi=2017&as_vis=1"
2,"K George, S Benn, M Maxwell","Prevalence and socio-demographic profile of overfat and obese primary school children in Mashonaland West Province, Zimbabwe",2017,"Int. J. Health Sci. Res","researchgate.net","https://www.researchgate.net/profile/Benn-Sartorius/publication/323534625_Prevalence_and_Socio-Demographic_Profile_of_Overfat_and_Obese_Primary_School_Children_in_Mashonaland_West_Province_Zimbabwe/links/5a9a2a5aa6fdcc3cbac93a52/Prevalence-and-Socio-Demographic-Profile-of-Overfat-and-Obese-Primary-School-Children-in-Mashonaland-West-Province-Zimbabwe.pdf","https://scholar.google.com/scholar?cites=14494246932621759134&as_sdt=2005&sciodt=0,5&hl=en",443,"2021-07-17 21:08:35","PDF","","","",,,,,2,0.50,1,3,4,"… Anthropometric measurements, namely weight, height, body fat mass, mid-upper arm circumference, hip and waist circumference were collected … Waist circumference/cm 63.35(8.21) (61.67, 65.03) 64.78(8.67) (63.13, 66.43) 64.11(8.49) (62.61, 65.66) 0.322 …","https://www.researchgate.net/profile/Benn-Sartorius/publication/323534625_Prevalence_and_Socio-Demographic_Profile_of_Overfat_and_Obese_Primary_School_Children_in_Mashonaland_West_Province_Zimbabwe/links/5a9a2a5aa6fdcc3cbac93a52/Prevalence-and-Socio-Demographic-Profile-of-Overfat-and-Obese-Primary-School-Children-in-Mashonaland-West-Province-Zimbabwe.pdf","https://scholar.google.com/scholar?q=related:nhK3mcroJckJ:scholar.google.com/&scioq=%22waist+circumference%22+nigeria&hl=en&as_sdt=0,5&as_ylo=2017&as_yhi=2017&as_vis=1"
0,"P Yamuragiye","Prevalence of risk factors for diabetes mellitus type 2 among rural population of selected sector in Rwanda",2017,"","dr.ur.ac.rw","http://dr.ur.ac.rw/handle/123456789/427","",444,"2021-07-17 21:08:35","","","","",,,,,0,0.00,0,1,4,"… convenience sampling strategy with a sample size of 275. A structured diabetes risk questionnaire, anthropometric measurements, weight, height, waist circumference, arterial blood … Waist circumference measure is an indicator of intraabdominal fat circumference is useful for …","http://dr.ur.ac.rw/bitstream/handle/123456789/427/YAMURAGIRE%20Priscille.pdf?sequence=1&isAllowed=y",""
6,"A Lebbie, R Wadsworth, J Saidu…","Predictors of hypertension in a population of undergraduate students in Sierra Leone",2017,"International journal of …","hindawi.com","https://www.hindawi.com/journals/ijhy/2017/8196362/","https://scholar.google.com/scholar?cites=3155268554975018182&as_sdt=2005&sciodt=0,5&hl=en",445,"2021-07-17 21:08:35","HTML","","","",,,,,6,1.50,2,4,4,"… relationships have also been reported between age and BMI among adolescents in northeast Nigeria [23, 24], in which BMI was found to be a significant factor in predicting hypertension in rural Nigeria. In a small sample (60 students) of obese Nigerian students, Ibhazehiebo …","https://www.hindawi.com/journals/ijhy/2017/8196362/","https://scholar.google.com/scholar?q=related:xvw-jgjEySsJ:scholar.google.com/&scioq=%22waist+circumference%22+nigeria&hl=en&as_sdt=0,5&as_ylo=2017&as_yhi=2017&as_vis=1"
32,"O Mbata, NFA El-Magd, AB El-Remessy","Obesity, metabolic syndrome and diabetic retinopathy: Beyond hyperglycemia",2017,"World journal of diabetes","ncbi.nlm.nih.gov","https://www.ncbi.nlm.nih.gov/pmc/articles/PMC5507828/","https://scholar.google.com/scholar?cites=3568570426532551818&as_sdt=2005&sciodt=0,5&hl=en",446,"2021-07-17 21:08:35","HTML","","","",,,,,32,8.00,11,3,4,"… Female: < 1.3 mmol/L (50 mg/dL). Triglycerides, ≥ 1.7 mmol/L (150 mg/dL). Abdominal obesity, Male waist circumference: ≥ 102 cm. Female waist circumference: ≥ 88 cm. Blood pressure, ≥ 130/85 mmHg. Open in a separate window …","https://www.ncbi.nlm.nih.gov/pmc/articles/PMC5507828/","https://scholar.google.com/scholar?q=related:itxvVeUbhjEJ:scholar.google.com/&scioq=%22waist+circumference%22+nigeria&hl=en&as_sdt=0,5&as_ylo=2017&as_yhi=2017&as_vis=1"
3,"Z Akram, T Abduljabbar, A Hanif, A Khan…","Attitude and knowledge of family medicine practitioners towards the association between periodontal disease and obesity",2017,"Nigerian journal of clinical …","ajol.info","https://www.ajol.info/index.php/njcp/article/view/156453","https://scholar.google.com/scholar?cites=5131611639375478085&as_sdt=2005&sciodt=0,5&hl=en",447,"2021-07-17 21:08:35","","","","",,,,,3,0.75,1,5,4,"… Page 4. 598 Nigerian Journal of Clinical Practice ¦ Volume 20 ¦ Issue 5 ¦ May 2017 … This may include measuring parameters such as waist-to-hip ratio, waist circumference, body mass index, and should refer cases for medical advice …","https://www.ajol.info/index.php/njcp/article/download/156453/146065","https://scholar.google.com/scholar?q=related:RT08-pglN0cJ:scholar.google.com/&scioq=%22waist+circumference%22+nigeria&hl=en&as_sdt=0,5&as_ylo=2017&as_yhi=2017&as_vis=1"
16,"LN Aminde, JA Atem, AP Kengne…","Body mass index–measured adiposity and population attributability of associated factors: a population-based study from Buea, Cameroon",2017,"BMC …","bmcobes.biomedcentral.com","https://bmcobes.biomedcentral.com/articles/10.1186/s40608-016-0139-8","https://scholar.google.com/scholar?cites=15264406671177563189&as_sdt=2005&sciodt=0,5&hl=en",448,"2021-07-17 21:08:35","HTML","10.1186/s40608-016-0139-8","","",,,,,16,4.00,4,4,4,"Obesity is currently a global health challenge driven by a mix of behavioural, environmental and genetic factors. Up to date population-based disease burden estimates are needed to guide successful prevention and control efforts in African countries. We investigated the prevalence …","https://bmcobes.biomedcentral.com/articles/10.1186/s40608-016-0139-8","https://scholar.google.com/scholar?q=related:NTykPv4Q1tMJ:scholar.google.com/&scioq=%22waist+circumference%22+nigeria&hl=en&as_sdt=0,5&as_ylo=2017&as_yhi=2017&as_vis=1"
0,"J Salazar, V Bermúdez, VA Wheeler Torres…","on low-grade inflammation [version 1; referees: awaiting peer",,"pdfs.semanticscholar.org","","https://pdfs.semanticscholar.org/5601/3de8927c2beb5303748e4df2fde2bb5ec511.pdf","",449,"2021-07-17 21:08:35","PDF","","","",,,,,0,0.00,0,4,,"… Likewise, waist circumference cutoff points ≥90 cm (females) and ≥95 cm (males) for the definition of abdominal obesity were used25 … Indeed, the predictive value of waist circumference as a risk factor for HTN tends to vary in a population-specific fashion …","https://pdfs.semanticscholar.org/5601/3de8927c2beb5303748e4df2fde2bb5ec511.pdf","https://scholar.google.com/scholar?q=related:8mA-fukZhTEJ:scholar.google.com/&scioq=%22waist+circumference%22+nigeria&hl=en&as_sdt=0,5&as_ylo=2017&as_yhi=2017&as_vis=1"
7,"SB Nayak, N Maharaj, LA Fatt","Association between altered lipid profile, body mass index, low plasma adiponectin and varied blood pressure in Trinidadian type 2 diabetic and non-diabetic …",2017,"","uwispace.sta.uwi.edu","http://uwispace.sta.uwi.edu/dspace/bitstream/handle/2139/44980/LipidProfile_Nayak&Maharaj&Fatt_UWISTAMSL_Faculty_Pub_Collection.pdf?sequence=1","https://scholar.google.com/scholar?cites=12913867467302339801&as_sdt=2005&sciodt=0,5&hl=en",450,"2021-07-17 21:08:35","PDF","","","",,,,,7,1.75,2,3,4,"… J Hum Hypertens 2007;21:28‑37. 2. Janssen I, Heymsfield SB, Allison DB, Kotler DP, Ross R. Body mass index and waist circumference independently contribute to the prediction of nonabdominal, abdominal subcutaneous, and visceral fat … in Kaduna, Northern Nigeria …","http://uwispace.sta.uwi.edu/dspace/bitstream/handle/2139/44980/LipidProfile_Nayak&Maharaj&Fatt_UWISTAMSL_Faculty_Pub_Collection.pdf?sequence=1","https://scholar.google.com/scholar?q=related:2YQHeQpGN7MJ:scholar.google.com/&scioq=%22waist+circumference%22+nigeria&hl=en&as_sdt=0,5&as_ylo=2017&as_yhi=2017&as_vis=1"
0,"PR Costa-Alves, EC de Oliveira Naliato…","Lipid Profile and Cardiovascular Risk in HIV/AIDS Patients on Antiretroviral Therapy: Impact of Intervention on the Modifiable Risk Factors",2017,"Journal of Advances …","journaljammr.com","http://www.journaljammr.com/index.php/JAMMR/article/view/11868","",451,"2021-07-17 21:08:35","","","","",,,,,0,0.00,0,3,4,"… (3) Anonymous Reviewer, Usmanu Danfodiyo University, Nigeria … and treatment of dyslipidaemia, arterial hypertension and Diabetes Mellitus; smoking and physical activity status) were obtained and physical examination (blood pressure, waist circumference, weight, and …","http://www.journaljammr.com/index.php/JAMMR/article/download/11868/21614","https://scholar.google.com/scholar?q=related:4aX0aNVj57wJ:scholar.google.com/&scioq=%22waist+circumference%22+nigeria&hl=en&as_sdt=0,5&as_ylo=2017&as_yhi=2017&as_vis=1"
0,"PA Diet, PA Diet","Supplementary table 1: Trial characteristics of included studies.",,"bmjopen.bmj.com","","https://bmjopen.bmj.com/content/bmjopen/7/6/e015375/DC2/embed/inline-supplementary-material-2.pdf?download=true","",452,"2021-07-17 21:08:35","","","","",,,,,0,0.00,0,2,,"… Vetter, et al. 2 United States 390 Men and women, aged≥21 years, BMI= 30-50kg/m2, elevated waist circumference. Diet and PA. 2 years Weight, BP and cholesterol. Lakerveld, et al … 12 months Weight, BP, smoking and diet. Nigeria 1188 Koelewijn- van Loon, et al …","","https://scholar.google.com/scholar?q=related:mWZqPC1PI5YJ:scholar.google.com/&scioq=%22waist+circumference%22+nigeria&hl=en&as_sdt=0,5&as_ylo=2017&as_yhi=2017&as_vis=1"
0,"ABMK Hasan, M Fariduddin, MA Hasanat","SERUM VITAMIN B12 IN NEWLY DIAGNOSED TYPE 2 DIABETES MELLITUS",2017,"Endocrine Practice","search.proquest.com","https://search.proquest.com/openview/226b9e8ae1e22b1e0f82aa2cd13958d9/1?pq-origsite=gscholar&cbl=1896353","",453,"2021-07-17 21:08:35","","","","",,,,,0,0.00,0,3,4,"… Waist circumference below 80cm was protective from macrovascular complication in women … This is similar to the findings of Fasanmade et al in Lagos and Bakari et al in Northern Nigeria and may be due to cultural practices that tend to limit physical exertion by females with …","",""
0,"PK Mbamukonka, SB Agasa, S Tonen-Wolyec…","Type 2 diabetes mellitus among the elderly in Goma, Democratic Republic of the Congo: prevalence, clinical features and complications",2017,"","researchgate.net","https://www.researchgate.net/profile/Serge-Tonen-Wolyec/publication/322033825_Type_2_diabetes_mellitus_among_the_elderly_in_Goma_Democratic_Republic_of_the_Congo_prevalence_clinical_features_and_complications/links/5bab42c2a6fdccd3cb734ba1/Type-2-diabetes-mellitus-among-the-elderly-in-Goma-Democratic-Republic-of-the-Congo-prevalence-clinical-features-and-complications.pdf","",454,"2021-07-17 21:08:35","PDF","","","",,,,,0,0.00,0,4,4,"… Nevertheless, the mean waist circumference was 102.4 cm (SD: 29.1) in diabetes elderly and 100.8 cm (SD: 28.9) in no diabetes elderly … Nevertheless, the prevalence rate was higher in comparison to Ghana and Nigeria, and lower in comparison to Kenya, which could be due to …","https://www.researchgate.net/profile/Serge-Tonen-Wolyec/publication/322033825_Type_2_diabetes_mellitus_among_the_elderly_in_Goma_Democratic_Republic_of_the_Congo_prevalence_clinical_features_and_complications/links/5bab42c2a6fdccd3cb734ba1/Type-2-diabetes-mellitus-among-the-elderly-in-Goma-Democratic-Republic-of-the-Congo-prevalence-clinical-features-and-complications.pdf","https://scholar.google.com/scholar?q=related:lcbnEOk93RQJ:scholar.google.com/&scioq=%22waist+circumference%22+nigeria&hl=en&as_sdt=0,5&as_ylo=2017&as_yhi=2017&as_vis=1"
8,"R Jayanthi, AR Srinivasan, N Gopal…","Association of divalent cations and insulin resistance with thyroid hormones in patients with type 2 diabetes mellitus",2017,"Diabetes & Metabolic …","Elsevier","https://www.sciencedirect.com/science/article/pii/S187140211730187X","https://scholar.google.com/scholar?cites=1827242694769239783&as_sdt=2005&sciodt=0,5&hl=en",455,"2021-07-17 21:08:35","","","","",,,,,8,2.00,2,4,4,"… 108 patients with T2DM of both genders (24 Non obese and 84 Obese based on Waist circumference for men 85 cm and for women 80 cm) were enrolled from a tertiary health care unit in Puducherry, during the latter half of 2016, with age in the range 30–75 years …","","https://scholar.google.com/scholar?q=related:5-YlvIyrWxkJ:scholar.google.com/&scioq=%22waist+circumference%22+nigeria&hl=en&as_sdt=0,5&as_ylo=2017&as_yhi=2017&as_vis=1"
3,"F Kamdem, FK Lekpa, MS Doualla, YN Nouga…","Prevalence and risk factors of chronic kidney disease in newly diagnosed and untreated hypertensive patients in Cameroon: A cross-sectional study",2017,"Saudi Journal of Kidney …","sjkdt.org","https://www.sjkdt.org/article.asp?issn=1319-2442;year=2017;volume=28;issue=5;spage=1144;epage=1149;aulast=Kamdem","https://scholar.google.com/scholar?cites=6314178285100751242&as_sdt=2005&sciodt=0,5&hl=en",456,"2021-07-17 21:08:35","HTML","","","",,,,,3,0.75,1,5,4,"… of collinearity (waist circumference correlated highly with body mass index (BMI), so we decided to drop waist circumference for BMI … and chronic kidney disease stages among newly diagnosed asymptomatic hypertensives and diabetics seen in a tertiary health center in Nigeria …","https://www.sjkdt.org/article.asp?issn=1319-2442;year=2017;volume=28;issue=5;spage=1144;epage=1149;aulast=Kamdem","https://scholar.google.com/scholar?q=related:ilnqQ7J3oFcJ:scholar.google.com/&scioq=%22waist+circumference%22+nigeria&hl=en&as_sdt=0,5&as_ylo=2017&as_yhi=2017&as_vis=1"
0,"A Baltadjiev, S Vladeva, S Tineshev, E Andreenko","Correlations between Some Anthropometric Parameters, the Lipid Profile and Glycated Hemoglobin in Bulgarian Women with Type 2 Diabetes Mellitus",2017,"","academia.edu","https://www.academia.edu/download/51175356/F0503031034.pdf","",457,"2021-07-17 21:08:35","PDF","","","",,,,,0,0.00,0,4,4,"… 4(4), 2013, 564-9. [7]. Kumar A. Prevalence of glycemic status, obesity and waist circumference in Punjabi type 2 diabetics … Evaluation of fasting lipid profile and glycated hemoglobin in obese subjects at University of Calabar teaching hospital, Nigeria …","https://www.academia.edu/download/51175356/F0503031034.pdf","https://scholar.google.com/scholar?q=related:BxMKoMKZu-gJ:scholar.google.com/&scioq=%22waist+circumference%22+nigeria&hl=en&as_sdt=0,5&as_ylo=2017&as_yhi=2017&as_vis=1"
22,"N Sikhayeva, A Iskakova…","Association between 28 single nucleotide polymorphisms and type 2 diabetes mellitus in the Kazakh population: a case-control study",2017,"BMC medical …","bmcmedgenet.biomedcentral.com","https://bmcmedgenet.biomedcentral.com/articles/10.1186/s12881-017-0443-2","https://scholar.google.com/scholar?cites=14855796532977281088&as_sdt=2005&sciodt=0,5&hl=en",458,"2021-07-17 21:08:35","HTML","10.1186/s12881-017-0443-2","","",,,,,22,5.50,7,3,4,"We evaluated the associations between single nucleotide polymorphisms and different clinical parameters related to type 2 diabetes mellitus (T2DM), obesity risk, and metabolic syndrome (MS) in a Kazakh cohort. A total of 1336 subjects, including 408 T2DM patients and 928 control …","https://bmcmedgenet.biomedcentral.com/articles/10.1186/s12881-017-0443-2","https://scholar.google.com/scholar?q=related:QCiXwzxkKs4J:scholar.google.com/&scioq=%22waist+circumference%22+nigeria&hl=en&as_sdt=0,5&as_ylo=2017&as_yhi=2017&as_vis=1"
12,"Y Tadesse, T Derso, KA Alene, MM Wassie","Prevalence and factors associated with overweight and obesity among private kindergarten school children in Bahirdar Town, Northwest Ethiopia: cross …",2017,"BMC research notes","Springer","https://link.springer.com/article/10.1186/s13104-016-2308-8","https://scholar.google.com/scholar?cites=10993767731631060804&as_sdt=2005&sciodt=0,5&hl=en",459,"2021-07-17 21:08:35","HTML","10.1186/s13104-016-2308-8","","",,,,,12,3.00,3,4,4,"… However, the current study was lower than study reports from different countries; 20.1% in Kenya [8], 23.6% in Nigeria [10] and 21.1% in … Besides; BMI fails to distinguish between fat and fat-free mass (muscle and bone), also waist circumference is not addressed in the study …","https://link.springer.com/article/10.1186/s13104-016-2308-8","https://scholar.google.com/scholar?q=related:RHcFI4G1kZgJ:scholar.google.com/&scioq=%22waist+circumference%22+nigeria&hl=en&as_sdt=0,5&as_ylo=2017&as_yhi=2017&as_vis=1"
2,"RWJF de Freitas, MFM de Araújo…","Comparison of three criteria for metabolic syndrome among Brazilian university students",2017,"Nutrition & Food …","emerald.com","https://www.emerald.com/insight/content/doi/10.1108/NFS-08-2016-0126/full/html","https://scholar.google.com/scholar?cites=3732629132600842270&as_sdt=2005&sciodt=0,5&hl=en",460,"2021-07-17 21:08:35","","10.1108/NFS-08-2016-0126","","",,,,,2,0.50,1,3,4,"… The principal grouping of components of MetS identified, independent of the criteria used, was high waist circumference, triglycerides and … Indeed, previous studies undertaken in populational samples in Portugal, China, Brazil, Nigeria and Colombia have observed the same …","http://repositorio.ufc.br/bitstream/riufc/26375/1/2017_art_rwjffreitas.pdf","https://scholar.google.com/scholar?q=related:Hpjydmv2zDMJ:scholar.google.com/&scioq=%22waist+circumference%22+nigeria&hl=en&as_sdt=0,5&as_ylo=2017&as_yhi=2017&as_vis=1"
9,"D Busingye, S Arabshahi, RG Evans…","Factors associated with awareness, treatment and control of hypertension in a disadvantaged rural Indian population",2017,"Journal of human …","nature.com","https://www.nature.com/articles/jhh201685","https://scholar.google.com/scholar?cites=897276229783003240&as_sdt=2005&sciodt=0,5&hl=en",461,"2021-07-17 21:08:35","","","","",,,,,9,2.25,2,4,4,"The aim of this study was to identify factors associated with awareness, treatment and control of hypertension in a rural setting in India. Following screening of the population, all individuals with hypertension (blood pressure (BP) ⩾140/90 mm Hg or taking antihypertensive medications …","","https://scholar.google.com/scholar?q=related:aCCeHfrDcwwJ:scholar.google.com/&scioq=%22waist+circumference%22+nigeria&hl=en&as_sdt=0,5&as_ylo=2017&as_yhi=2017&as_vis=1"
5,"O Asamoah-Boakye, A Charles…","Prevalence of dyslipidemia and atherogenic risk among type 2 diabetic outpatients in Ghana",2017,"International Journal of …","publichealthmy.org","http://www.publichealthmy.org/ejournal/ojs2/index.php/ijphcs/article/view/430","https://scholar.google.com/scholar?cites=11389670234637752824&as_sdt=2005&sciodt=0,5&hl=en",462,"2021-07-17 21:08:35","","","","",,,,,5,1.25,2,3,4,"… L, LDL-C= 2.3±0.9 mmol/L, VLDL-C= 0.4±0.2mmol/L) respectively (Table 3). Mean BMI and waist circumference were similar … II, Akintunde, AA, Chukwukelu, EE, Bwititi, PT, Richards, RS and Skinner, TC (2017) Cardiovascular disease risk factors in a Nigerian population with …","http://www.publichealthmy.org/ejournal/ojs2/index.php/ijphcs/article/viewFile/430/382","https://scholar.google.com/scholar?q=related:-FlsvLs8EJ4J:scholar.google.com/&scioq=%22waist+circumference%22+nigeria&hl=en&as_sdt=0,5&as_ylo=2017&as_yhi=2017&as_vis=1"
6,"HB Vidwans, MG Watve","How much variance in insulin resistance is explained by obesity?",2017,"Journal of Insulin Resistance","journals.co.za","https://journals.co.za/doi/abs/10.4102/jir.v2i1.22","https://scholar.google.com/scholar?cites=15977573643275058852&as_sdt=2005&sciodt=0,5&hl=en",463,"2021-07-17 21:08:35","","10.4102/jir.v2i1.22","","",,,,,6,1.50,3,2,4,"… 21. Henderson D,Fan X, Sharma S, Copeland P, Borba C, Freudenreich O, Cather C, Evin E, Donald D. Waist Circumference Is the Best … O, ThankGod O, Sandra E, Josiah I. Correlation between body mass index and blood glucose levels among some Nigerian undergraduates …","https://insulinresistance.org/index.php/jir/article/viewFile/22/48","https://scholar.google.com/scholar?q=related:pL4NZJO-u90J:scholar.google.com/&scioq=%22waist+circumference%22+nigeria&hl=en&as_sdt=0,5&as_ylo=2017&as_yhi=2017&as_vis=1"
1,"E Falahi, K Anbari, F Ebrahimzadeh…","Dietary patterns associated with metabolic syndrome: The Khorramabad Study",2017,"Journal of Nutrition and …","jnfs.ssu.ac.ir","http://jnfs.ssu.ac.ir/browse.php?a_id=64&slc_lang=en&sid=1&ftxt=1&html=1","https://scholar.google.com/scholar?cites=2421366380189498240&as_sdt=2005&sciodt=0,5&hl=en",464,"2021-07-17 21:08:35","HTML","","","",,,,,1,0.25,0,4,4,"… Waist circumference (WC) was measured at the narrowest level between the lowest rib and the iliac crest by an upstretched tape measure without any pressure to body surface. Measurements were recorded to the nearest 0.1 cm …","http://jnfs.ssu.ac.ir/browse.php?a_id=64&slc_lang=en&sid=1&ftxt=1&html=1","https://scholar.google.com/scholar?q=related:gLtE0uRrmiEJ:scholar.google.com/&scioq=%22waist+circumference%22+nigeria&hl=en&as_sdt=0,5&as_ylo=2017&as_yhi=2017&as_vis=1"
3,"AO Adedokun, D Ter Goon, EO Owolabi…","Driving to Better Health: Screening for Hypertension and Associated Factors among Commercial Taxi Drivers in Buffalo City Metropolitan Municipality, South …",2017,"The Open Public …","benthamopen.com","https://benthamopen.com/ABSTRACT/TOPHJ-10-303","https://scholar.google.com/scholar?cites=15153316547948463603&as_sdt=2005&sciodt=0,5&hl=en",465,"2021-07-17 21:08:35","HTML","","","",,,,,3,0.75,1,4,4,"… However, studies exist on hypertension among commercial drivers in other countries, such as Nigeria [19Tobin EA, Ofili AN, Asogun DA, Igbinosun PO, Igba KO, Idahosa AV … The waist circumference was taken at the level of the umbilicus by using a non-elastic tape …","https://benthamopen.com/ABSTRACT/TOPHJ-10-303","https://scholar.google.com/scholar?q=related:80WEWR1lS9IJ:scholar.google.com/&scioq=%22waist+circumference%22+nigeria&hl=en&as_sdt=0,5&as_ylo=2017&as_yhi=2017&as_vis=1"
44,"OA Raheem, JJ Su, JR Wilson…","The association of erectile dysfunction and cardiovascular disease: a systematic critical review",2017,"American journal of …","journals.sagepub.com","https://journals.sagepub.com/doi/abs/10.1177/1557988316630305","https://scholar.google.com/scholar?cites=2879513586772263635&as_sdt=2005&sciodt=0,5&hl=en",466,"2021-07-17 21:08:35","","10.1177/1557988316630305","","",,,,,44,11.00,11,4,4,"Despite strong association between erectile dysfunction (ED) and cardiovascular disease (CVD), there is a paucity of clear clinical guidelines detailing when and how to evaluate for ED in patients ...","https://journals.sagepub.com/doi/pdf/10.1177/1557988316630305","https://scholar.google.com/scholar?q=related:08J40VkW9icJ:scholar.google.com/&scioq=%22waist+circumference%22+nigeria&hl=en&as_sdt=0,5&as_ylo=2017&as_yhi=2017&as_vis=1"
88,"A Dzudie, M Twagirumukiza, R Cornick…","Roadmap to achieve 25% hypertension control in Africa by 2025",2017,"… journal of Africa","journals.co.za","https://journals.co.za/doi/abs/10.5830/CVJA-2017-040","https://scholar.google.com/scholar?cites=9555002055980930390&as_sdt=2005&sciodt=0,5&hl=en",467,"2021-07-17 21:08:35","","10.5830/CVJA-2017-040","","",,,,,88,22.00,22,4,4,"… Hospital and University of Cape Town, Cape Town, South Africa Brian Rayner, MD Department of Medicine, Faculty of Health Sciences, University of Abuja; Cardiology Unit, Department of Medicine, University of Abuja Teaching Hospital, Gwagwalada, Abuja, Nigeria Dike Ojji …","https://www.ncbi.nlm.nih.gov/pmc/articles/PMC5642030/","https://scholar.google.com/scholar?q=related:VtXezr4vmoQJ:scholar.google.com/&scioq=%22waist+circumference%22+nigeria&hl=en&as_sdt=0,5&as_ylo=2017&as_yhi=2017&as_vis=1"
0,"MH Rahman","Childhood Obesity; Effects and Prevention",2017,"Bangladesh Journal of Child Health","banglajol.info","https://www.banglajol.info/index.php/BJCH/article/view/36101/24322","",468,"2021-07-17 21:08:35","PDF","","","",,,,,0,0.00,0,1,4,"… A Nigerian study showed that males have higher BMI between 2.6years whereas females have higher BMI at age group 11-14 years and 15-18 … A few studies observed that abdominal obesity measured by waist circumference is associated with albuminiurea, decreased GFR …","https://www.banglajol.info/index.php/BJCH/article/view/36101/24322","https://scholar.google.com/scholar?q=related:AmIwL8Cg564J:scholar.google.com/&scioq=%22waist+circumference%22+nigeria&hl=en&as_sdt=0,5&as_ylo=2017&as_yhi=2017&as_vis=1"
0,"A Tuvor","The Effect of Nutritional Status on the Prevalence of Cardiovascular Diseases among Diabetic Patients",2017,"","ir.knust.edu.gh","http://ir.knust.edu.gh/handle/123456789/10149","",469,"2021-07-17 21:08:35","","","","",,,,,0,0.00,0,1,4,"… 17 2.11.2 Effect of BMI on Cardiovascular Diseases ..... 17 2.11.3 Waist Circumference and Cardiovascular diseases ..... 18 … In a study in Nigeria among diabetes patients 58% had heart failure (Ola et al., 2006). Diabetes …","http://ir.knust.edu.gh/bitstream/123456789/10149/1/TUVOR%20ALICE.pdf","https://scholar.google.com/scholar?q=related:3qV5NBUq-YMJ:scholar.google.com/&scioq=%22waist+circumference%22+nigeria&hl=en&as_sdt=0,5&as_ylo=2017&as_yhi=2017&as_vis=1"
0,"H Yeribu","PREVALENCE OF OBESITY AND RELATED EXPOSURES AMONG ADULT TRADERS IN THE KASSENA-NANKANA MUNICIPALITY",2017,"","41.66.217.101","http://41.66.217.101/handle/123456789/1298","",470,"2021-07-17 21:08:35","","","","",,,,,0,0.00,0,1,4,"… 21 2.6.1 Waist circumference ..... 22 … attractive. Among certain tribes in Nigeria, women are traditionally fattened up before … Also contributing to the weight problem among Nigerian women, younger women there are not …","http://41.66.217.101/bitstream/123456789/1298/1/PREVALENCE%20OF%20OBESITY%20AND%20RELATED%20EXPOSURES%20AMONG%20ADULT%20TRADERS%20IN%20THE%20KASSENA-NANKANA%20MUNICIPALITY.pdf","https://scholar.google.com/scholar?q=related:7aKV74IsxZAJ:scholar.google.com/&scioq=%22waist+circumference%22+nigeria&hl=en&as_sdt=0,5&as_ylo=2017&as_yhi=2017&as_vis=1"
0,"P Hendra, DM Virginia, F Fenty…","Korelasi Antropometri terhadap Profil Lipid pada Masyarakat Pedesaan Cangkringan, Kabupaten Sleman, Daerah Istimewa Yogyakarta",2017,"Indonesian Journal of …","jurnal.unpad.ac.id","http://jurnal.unpad.ac.id/ijcp/article/view/15535","",471,"2021-07-17 21:08:35","","","","",,,,,0,0.00,0,4,4,"… Xu L, Mitsuhiro K, Takeshi Y, Ji KL. Visceral fat area, waist circumference and metabolic risk factors in abdominally obese Chinese adults … Assessment of lipid profile in middle and upper class individuals in Abia State, Nigeria based on life style and dietary habits …","","https://scholar.google.com/scholar?q=related:m7_2w6zCF-4J:scholar.google.com/&scioq=%22waist+circumference%22+nigeria&hl=en&as_sdt=0,5&as_ylo=2017&as_yhi=2017&as_vis=1"
0,"AL Sulaiman, UM Yunusa, I Yunusa, HJ Bello…","High Body Mass Index (BMI): A Marker for Cardiovascular Diseases",,"researchgate.net","","https://www.researchgate.net/profile/Jaafar-Haris-Bello/publication/322618154_High_Body_Mass_Index_BMI_A_Marker_for_Cardiovascular_Diseases/links/5a6309f60f7e9b6b8fd75c00/High-Body-Mass-Index-BMI-A-Marker-for-Cardiovascular-Diseases.pdf","",472,"2021-07-17 21:08:35","PDF","","","",,,,,0,0.00,0,5,,"… 3 Department of Microbiology, Ahmadu Bello University, Zaria, PMB 1045, Kaduna Nigeria … positive linkage of pancreatic cancer mortality for both male and female in overweight and obese individuals were observed in measure of central obesity, waist circumference and waist …","https://www.researchgate.net/profile/Jaafar-Haris-Bello/publication/322618154_High_Body_Mass_Index_BMI_A_Marker_for_Cardiovascular_Diseases/links/5a6309f60f7e9b6b8fd75c00/High-Body-Mass-Index-BMI-A-Marker-for-Cardiovascular-Diseases.pdf","https://scholar.google.com/scholar?q=related:3O-hm-iq9aAJ:scholar.google.com/&scioq=%22waist+circumference%22+nigeria&hl=en&as_sdt=0,5&as_ylo=2017&as_yhi=2017&as_vis=1"
10,"MD Manzar, P Sony, M Salahuddin, A Kumalo…","Electrolyte imbalance and sleep problems during anti-retroviral therapy: an under-recognized problem",2017,"Sleep …","ncbi.nlm.nih.gov","https://www.ncbi.nlm.nih.gov/pmc/articles/PMC5612038/","https://scholar.google.com/scholar?cites=2153647827333164351&as_sdt=2005&sciodt=0,5&hl=en",473,"2021-07-17 21:08:35","HTML","","","",,,,,10,2.50,2,5,4,"… Efavirenz was reportedly implicated in sleep disturbance among Nigerian children on ART … Insomnia is associated with an increased waist circumference and depression 17 … Pattern of Adverse Drug Reaction in HIV-infected Children onAnti-Retroviral Therapy in Jos, Nigeria …","https://www.ncbi.nlm.nih.gov/pmc/articles/PMC5612038/","https://scholar.google.com/scholar?q=related:Py1810lL4x0J:scholar.google.com/&scioq=%22waist+circumference%22+nigeria&hl=en&as_sdt=0,5&as_ylo=2017&as_yhi=2017&as_vis=1"
2,"GVA França, E De Lucia Rolfe, BL Horta, DP Gigante…","Genomic ancestry and education level independently influence abdominal fat distributions in a Brazilian admixed population",2017,"Plos one","journals.plos.org","https://journals.plos.org/plosone/article?id=10.1371/journal.pone.0179085","https://scholar.google.com/scholar?cites=1790124404905917494&as_sdt=2005&sciodt=0,5&hl=en",474,"2021-07-17 21:08:35","HTML","","","",,,,,2,0.50,0,5,4,"… For both images the probe was placed at the crossing point between the xyphoid line and the waist circumference using electronic callipers … we used the following samples from the HapMap Project as external panels: 266 Africans (176 Yoruba in Ibadan, Nigeria [YRI] and 90 …","https://journals.plos.org/plosone/article?id=10.1371/journal.pone.0179085","https://scholar.google.com/scholar?q=related:NrwsaqnM1xgJ:scholar.google.com/&scioq=%22waist+circumference%22+nigeria&hl=en&as_sdt=0,5&as_ylo=2017&as_yhi=2017&as_vis=1"
0,"B de Carvalho, S Policarpo, AC Moreira","Trabajo Original Otros",2017,"Nutr Hosp","revista.nutricionhospitalaria.es","https://revista.nutricionhospitalaria.es/filesPortalWeb/453/MA-00453-02.pdf","",475,"2021-07-17 21:08:35","PDF","","","",,,,,0,0.00,0,3,4,"… In the general population, lower anthropometric measurements are not only associated with a lower QoL, but being overweight or obese and having a high waist circumference have also been associated to morbidity and an impaired QoL (8). Like with any other chronic disease …","https://revista.nutricionhospitalaria.es/filesPortalWeb/453/MA-00453-02.pdf","https://scholar.google.com/scholar?q=related:Ry2qjICFtmQJ:scholar.google.com/&scioq=%22waist+circumference%22+nigeria&hl=en&as_sdt=0,5&as_ylo=2017&as_yhi=2017&as_vis=1"
2,"AMM Chukwudike, AO Janet","Dietary zinc supplementation in diabetic rats: beneficial impacts on glycemic control and pancreatic islet β-cells regeneration",2017,"EC Nutrition","researchgate.net","https://www.researchgate.net/profile/Magnus-Anyakudo/publication/326548925_Dietary_Zinc_Supplementation_in_Diabetic_Rats_Beneficial_Impacts_on_Glycemic_Control_and_Pancreatic_Islet_b-cells_Regeneration/links/5b550bb30f7e9b240ffd6b7e/Dietary-Zinc-Supplementation-in-Diabetic-Rats-Beneficial-Impacts-on-Glycemic-Control-and-Pancreatic-Islet-b-cells-Regeneration.pdf","https://scholar.google.com/scholar?cites=4507428796216118135&as_sdt=2005&sciodt=0,5&hl=en",476,"2021-07-17 21:08:35","PDF","","","",,,,,2,0.50,1,2,4,"… ration) diets were prepared from ingredients purchased from a commercial market in Ibadan metropolis, Oyo State, Nigeria according to … subjects [21] which re- ported reduction in the observed values of anthropometric parameters such as weight, waist circumference and body …","https://www.researchgate.net/profile/Magnus-Anyakudo/publication/326548925_Dietary_Zinc_Supplementation_in_Diabetic_Rats_Beneficial_Impacts_on_Glycemic_Control_and_Pancreatic_Islet_b-cells_Regeneration/links/5b550bb30f7e9b240ffd6b7e/Dietary-Zinc-Supplementation-in-Diabetic-Rats-Beneficial-Impacts-on-Glycemic-Control-and-Pancreatic-Islet-b-cells-Regeneration.pdf","https://scholar.google.com/scholar?q=related:dwvU2JuajT4J:scholar.google.com/&scioq=%22waist+circumference%22+nigeria&hl=en&as_sdt=0,5&as_ylo=2017&as_yhi=2017&as_vis=1"
0,"F Bani, P Nyavor, I Agbemafle, W Takramah, E Agboli…","Prevalence and awareness of hypertension and prehypertension among traders in Hohoe Municipality, Ghana",2017,"","ir.ucc.edu.gh","https://ir.ucc.edu.gh/xmlui/handle/123456789/5403","",477,"2021-07-17 21:08:35","","","","",,,,,0,0.00,0,6,4,"… In Nigeria, the prevalence of hypertension was found to be 32.5 … Data was collected through one-on-one interview. Arterial blood pressure and anthropometric measurement of height, weight, hip and waist circumference were also measured …","https://ir.ucc.edu.gh/xmlui/bitstream/handle/123456789/5403/Ghanaian%20teacher%20trainees%E2%80%99%20perception%20of%20the%20official%20social%20studies%20curriculum%20and%20the%20resources%20available%20for%20its%20implementation.pdf?sequence=1&isAllowed=y","https://scholar.google.com/scholar?q=related:dxgeKbxd130J:scholar.google.com/&scioq=%22waist+circumference%22+nigeria&hl=en&as_sdt=0,5&as_ylo=2017&as_yhi=2017&as_vis=1"
1,"M Masika, C Wachihi, F Muriuki, J Kimani","Hypertension and obesity among HIV patients in a care programme in Nairobi",2017,"East African Medical Journal","ajol.info","https://www.ajol.info/index.php/eamj/article/view/157319","https://scholar.google.com/scholar?cites=16804301866002703158&as_sdt=2005&sciodt=0,5&hl=en",478,"2021-07-17 21:08:35","","","","",,,,,1,0.25,0,4,4,"… However, the picture is highly variable with studies reporting prevalence of obesity in HIV patients ranging from 1.5% in Ethiopia (16), to 8% in Nigeria(17) and 12% in Uganda (18) The majority of subjects in this study were sex-workers who face challenges in accessing health …","https://www.ajol.info/index.php/eamj/article/view/157319/146930","https://scholar.google.com/scholar?q=related:NmOGnYPfNOkJ:scholar.google.com/&scioq=%22waist+circumference%22+nigeria&hl=en&as_sdt=0,5&as_ylo=2017&as_yhi=2017&as_vis=1"
0,"V Herrero, LC García","Assessment of Anthropometric, Clinical and Analytical Parameters in Cardiovascular Apparently Healthy Workers: Relationship with Sociodemographic …",2017,"","researchgate.net","https://www.researchgate.net/profile/Maria-Teofila-Herrero/publication/319471856_Assessment_of_Anthropometric_Clinical_and_Analytical_Parameters_in_Cardiovascular_Apparently_Healthy_Workers_Relationship_with_Sociodemographic_Variables_and_Healthy_Habits-International_Journal_of_Me/links/59ad9a38aca272f8a161854b/Assessment-of-Anthropometric-Clinical-and-Analytical-Parameters-in-Cardiovascular-Apparently-Healthy-Workers-Relationship-with-Sociodemographic-Variables-and-Healthy-Habits-International-Journal-of-M.pdf","",479,"2021-07-17 21:08:35","PDF","","","",,,,,0,0.00,0,2,4,"… The abdominal waist circumference was calculated with a tape measure placed parallel to the floor at the level of the last floating rib, that is … CVR factors in apparently healthy population; although a study carried out in the Mexican population [15] and another in Nigeria [27], in …","https://www.researchgate.net/profile/Maria-Teofila-Herrero/publication/319471856_Assessment_of_Anthropometric_Clinical_and_Analytical_Parameters_in_Cardiovascular_Apparently_Healthy_Workers_Relationship_with_Sociodemographic_Variables_and_Healthy_Habits-International_Journal_of_Me/links/59ad9a38aca272f8a161854b/Assessment-of-Anthropometric-Clinical-and-Analytical-Parameters-in-Cardiovascular-Apparently-Healthy-Workers-Relationship-with-Sociodemographic-Variables-and-Healthy-Habits-International-Journal-of-M.pdf","https://scholar.google.com/scholar?q=related:MmfjstegGVgJ:scholar.google.com/&scioq=%22waist+circumference%22+nigeria&hl=en&as_sdt=0,5&as_ylo=2017&as_yhi=2017&as_vis=1"
4,"S Rodríguez López, IM Bensenor, L Giatti…","Association between maternal education and blood pressure: mediation evidence through height components in the Brazilian Longitudinal Study of Adult Health …",2017,"Annals of human …","Taylor & Francis","https://www.tandfonline.com/doi/abs/10.1080/03014460.2016.1188983","https://scholar.google.com/scholar?cites=2530775984774072581&as_sdt=2005&sciodt=0,5&hl=en",480,"2021-07-17 21:08:35","","10.1080/03014460.2016.1188983","","",,,,,4,1.00,1,4,4,"… et al., 2007) and no association was observed between adult height and hypertension in Nigeria (Olatunbosun & … All anthropometric parameters—including waist circumference and weight—were measured using standard equipment and techniques (NHANES, 2007) by trained …","","https://scholar.google.com/scholar?q=related:BUmMelkfHyMJ:scholar.google.com/&scioq=%22waist+circumference%22+nigeria&hl=en&as_sdt=0,5&as_ylo=2017&as_yhi=2017&as_vis=1"
15,"IS Santos, MS Bittencourt, AC Goulart, MI Schmidt…","Insulin resistance is associated with carotid intima-media thickness in non-diabetic subjects. A cross-sectional analysis of the ELSA-Brasil cohort baseline",2017,"Atherosclerosis","Elsevier","https://www.sciencedirect.com/science/article/pii/S0021915017300989","https://scholar.google.com/scholar?cites=8563834572788881156&as_sdt=2005&sciodt=0,5&hl=en",481,"2021-07-17 21:08:35","","","","",,,,,15,3.75,3,5,4,"… dl. Low HDL-cholesterol (HDL-c) was defined as HDL-c levels < 40 mg/dl for men and <50 mg/dl for women. Abdominal obesity was defined as waist circumference ≥102 cm for men and ≥88 cm for women. Excessive drinking …","","https://scholar.google.com/scholar?q=related:BFdKuiva2HYJ:scholar.google.com/&scioq=%22waist+circumference%22+nigeria&hl=en&as_sdt=0,5&as_ylo=2017&as_yhi=2017&as_vis=1"
4,"S Cernea, C Blendea, AL Roiban, T Benedek","Cardio-renal correlations and epicardial adipose tissue in patients with type 2 diabetes",2017,"J Interdiscip Med","interdisciplinary.ro","https://www.interdisciplinary.ro/wp-content/uploads/2018/01/jim-2017-0085.pdf","https://scholar.google.com/scholar?cites=10899561895593129501&as_sdt=2005&sciodt=0,5&hl=en",482,"2021-07-17 21:08:35","PDF","","","",,,,,4,1.00,1,4,4,"… Also, EATT corre- lated with waist circumference, BMI, and all four upper- body skinfolds, but not hip circumference, which might suggest that EAT accumulates in … Left ventricular geometric patterns in normotensive type 2 diabetic patients in Nigeria: an echocardiographic study …","https://www.interdisciplinary.ro/wp-content/uploads/2018/01/jim-2017-0085.pdf","https://scholar.google.com/scholar?q=related:HTY2sssFQ5cJ:scholar.google.com/&scioq=%22waist+circumference%22+nigeria&hl=en&as_sdt=0,5&as_ylo=2017&as_yhi=2017&as_vis=1"
6,"TR Brahmankar, PM Prabhu","Prevalence and risk factors of hypertension among the bank employees of Western Maharashtra–a cross sectional study",2017,"Int J Community Med Publ Health","researchgate.net","https://www.researchgate.net/profile/Priya-Prabhu-3/publication/316000859_Prevalence_and_risk_factors_of_hypertension_among_the_bank_employees_of_Western_Maharashtra_-_a_cross_sectional_study/links/5902d988a6fdcc8ed511a485/Prevalence-and-risk-factors-of-hypertension-among-the-bank-employees-of-Western-Maharashtra-a-cross-sectional-study.pdf","https://scholar.google.com/scholar?cites=10975890206907922091&as_sdt=2005&sciodt=0,5&hl=en",483,"2021-07-17 21:08:35","PDF","","","",,,,,6,1.50,3,2,4,"… Waist circumference (WC) … The mean of two readings was taken in for calculating the waist-hip ratio (WHR). Waist to hip ratio (WHR) It was calculated by dividing the waist circumference (cm) by the hip circumference (cm)13 and classified as follows: Central obesity …","https://www.researchgate.net/profile/Priya-Prabhu-3/publication/316000859_Prevalence_and_risk_factors_of_hypertension_among_the_bank_employees_of_Western_Maharashtra_-_a_cross_sectional_study/links/5902d988a6fdcc8ed511a485/Prevalence-and-risk-factors-of-hypertension-among-the-bank-employees-of-Western-Maharashtra-a-cross-sectional-study.pdf","https://scholar.google.com/scholar?q=related:q3ZvjP0xUpgJ:scholar.google.com/&scioq=%22waist+circumference%22+nigeria&hl=en&as_sdt=0,5&as_ylo=2017&as_yhi=2017&as_vis=1"
0,"H Gao, RX Yin, QH Zhang, WJ Li…","Association of RBM5 rs2013208 SNP with serum lipid levels in two Chinese ethnic groups",2017,"International journal of …","ncbi.nlm.nih.gov","https://www.ncbi.nlm.nih.gov/pmc/articles/pmc6965480/","",484,"2021-07-17 21:08:35","HTML","","","",,,,,0,0.00,0,5,4,"… In the physical examination, several parameters such as blood pressure, height, weight, waist circumference were measured, and body mass index (BMI, kg/m 2 ) was calculated from the height and weight measurements. Biochemical parameter …","https://www.ncbi.nlm.nih.gov/pmc/articles/pmc6965480/","https://scholar.google.com/scholar?q=related:8pI4-dnNP2QJ:scholar.google.com/&scioq=%22waist+circumference%22+nigeria&hl=en&as_sdt=0,5&as_ylo=2017&as_yhi=2017&as_vis=1"
36,"C Bamberger, A Rossmeier, K Lechner, L Wu…","A walnut-enriched diet reduces lipids in healthy Caucasian subjects, independent of recommended macronutrient replacement and time point of consumption: a …",2017,"Nutrients","mdpi.com","https://www.mdpi.com/228362","https://scholar.google.com/scholar?cites=6416486678457547573&as_sdt=2005&sciodt=0,5&hl=en",485,"2021-07-17 21:08:35","","","","",,,,,36,9.00,7,5,4,"… Intake of Iron, Vitamin A, Iodine, Folate and Zinc in Women of Reproductive Age and Pregnant Women in Ethiopia, Kenya, Nigeria and South … fasting TC, TG, VLDL-C, VLDL-TG, LDL-C, HDL-C, apoB, Lp (a), fasting plasma glucose, HbA1c, hsCRP, BMI, and waist circumference …","https://www.mdpi.com/2072-6643/9/10/1097/pdf","https://scholar.google.com/scholar?q=related:Nft8V6PwC1kJ:scholar.google.com/&scioq=%22waist+circumference%22+nigeria&hl=en&as_sdt=0,5&as_ylo=2017&as_yhi=2017&as_vis=1"
21,"V da Silva Bandeira, LV Pires, LL Hashimoto…","Association of reduced zinc status with poor glycemic control in individuals with type 2 diabetes mellitus",2017,"Journal of Trace …","Elsevier","https://www.sciencedirect.com/science/article/pii/S0946672X17306363","https://scholar.google.com/scholar?cites=15676316623948192783&as_sdt=2005&sciodt=0,5&hl=en",486,"2021-07-17 21:08:35","","","","",,,,,21,5.25,5,4,4,"… The measures of waist circumference (WC) were classified according to the reference values ​​proposed by the World Health Organization [16]. 2.3. Evaluation of food intake of zinc … BMI (kg/(m) 2 ), 29.1 ± 5.3. Waist circumference (cm), 97.5 ± 12.6. Body fat (%), 35.0 ± 9.2 …","https://lysulin.com/wp-content/uploads/2018/09/journal-of-trace-elements-in-medicine-and-biology-44.pdf","https://scholar.google.com/scholar?q=related:D5z7rOl2jdkJ:scholar.google.com/&scioq=%22waist+circumference%22+nigeria&hl=en&as_sdt=0,5&as_ylo=2017&as_yhi=2017&as_vis=1"
11,"C Ghehi, D Gabillard, R Moh, A Badje, GM Kouamé…","High correlation between Framingham equations with BMI and with lipids to estimate cardiovascular risks score at baseline in HIV-infected adults in the …",2017,"PloS one","journals.plos.org","https://journals.plos.org/plosone/article?id=10.1371/journal.pone.0177440","https://scholar.google.com/scholar?cites=10425815736139223888&as_sdt=2005&sciodt=0,5&hl=en",487,"2021-07-17 21:08:35","HTML","","","",,,,,11,2.75,2,6,4,"… Participants were weighed and measured without shoes and wearing only light clothing; (iii) Abdominal waist circumference ≥88 cm for women and ≥102 cm for men; (iv) Total cholesterol ≥5 mmol/L, low HDL cholesterol (<1.2 mmol/L for women and <1.0 mmol/L for men); (v …","https://journals.plos.org/plosone/article?id=10.1371/journal.pone.0177440","https://scholar.google.com/scholar?q=related:UJNBdizwr5AJ:scholar.google.com/&scioq=%22waist+circumference%22+nigeria&hl=en&as_sdt=0,5&as_ylo=2017&as_yhi=2017&as_vis=1"
1,"A Jabeen, GS Begum, JR Rao","Atherogenic Indices as Markers for Risk of Myocardial Infarction in Obese",2017,"J Med Sci Clin Res","researchgate.net","https://www.researchgate.net/profile/Gulam-Saidunnnisa/publication/328307161_Atherogenic_Indices_as_Markers_for_Risk_of_Myocardial_Infarction_in_Obese/links/5bc5c09992851cae21a827da/Atherogenic-Indices-as-Markers-for-Risk-of-Myocardial-Infarction-in-Obese.pdf","https://scholar.google.com/scholar?cites=12738107145065881342&as_sdt=2005&sciodt=0,5&hl=en",488,"2021-07-17 21:08:35","PDF","","","",,,,,1,0.25,0,3,4,"… Three simple measures of obesity are widely used in clinical practice; BMI (body mass index), WC (waist circumference) and waist-to-hip circumference ratio (WHR) … Waist -hip ratio was calculated by dividing waist circumference by the hip circumference …","https://www.researchgate.net/profile/Gulam-Saidunnnisa/publication/328307161_Atherogenic_Indices_as_Markers_for_Risk_of_Myocardial_Infarction_in_Obese/links/5bc5c09992851cae21a827da/Atherogenic-Indices-as-Markers-for-Risk-of-Myocardial-Infarction-in-Obese.pdf","https://scholar.google.com/scholar?q=related:_l6EhPXYxrAJ:scholar.google.com/&scioq=%22waist+circumference%22+nigeria&hl=en&as_sdt=0,5&as_ylo=2017&as_yhi=2017&as_vis=1"
27,"S Naidu, S Ponnampalvanar…","Prevalence of metabolic syndrome among people living with HIV in developing countries: a systematic review",2017,"AIDS patient care and …","liebertpub.com","https://www.liebertpub.com/doi/abs/10.1089/apc.2016.0140","https://scholar.google.com/scholar?cites=18167462455159936046&as_sdt=2005&sciodt=0,5&hl=en",489,"2021-07-17 21:08:35","","10.1089/apc.2016.0140","","",,,,,27,6.75,9,3,4,"Login to your account. Username. Password. Forgot password? Keep me logged in. OpenAthens …","","https://scholar.google.com/scholar?q=related:LtQN_tjKH_wJ:scholar.google.com/&scioq=%22waist+circumference%22+nigeria&hl=en&as_sdt=0,5&as_ylo=2017&as_yhi=2017&as_vis=1"
7,"B de Carvalho, S Policarpo, AC Moreira","Nutritional status and quality of life in HIV-infected patients",2017,"Nutricion hospitalaria","redalyc.org","https://www.redalyc.org/pdf/3092/309252410024.pdf","https://scholar.google.com/scholar?cites=12218800323735823693&as_sdt=2005&sciodt=0,5&hl=en",490,"2021-07-17 21:08:35","PDF","","","",,,,,7,1.75,2,3,4,"… In the general population, lower anthropometric measurements are not only associated with a lower QoL, but being overweight or obese and having a high waist circumference have also been associated to morbidity and an impaired QoL (8). Like with any other chronic disease …","https://www.redalyc.org/pdf/3092/309252410024.pdf","https://scholar.google.com/scholar?q=related:TaWzDSjmkakJ:scholar.google.com/&scioq=%22waist+circumference%22+nigeria&hl=en&as_sdt=0,5&as_ylo=2017&as_yhi=2017&as_vis=1"
0,"J Kaur, LN Made","THE PREVALENCE OF BLOOD GLUCOSE AND BODY MASS INDEX IN ELDERLY PEOPLE AT PANTI WERDHA TRESNA IN GIANYAR BALI.(PRELIMINARY …",,"ojs.unud.ac.id","","https://ojs.unud.ac.id/index.php/emu/article/download/28718/17844","",491,"2021-07-17 21:08:35","PDF","","","",,,,,0,0.00,0,2,,"… levels among Nigerian undergraduates. HOAJ Biology.2013;2050(0874):2-4 6. Jakel JF, Katz DL, Emore JG. Epidemiology Biostatistics & Preventive Medicine 3rd edition. 2007:175-179. 7. Kumar, Ashok. Prevalence of Glycemic Status, Obesity & Waist Circumference in …","https://ojs.unud.ac.id/index.php/emu/article/download/28718/17844","https://scholar.google.com/scholar?q=related:a-ab53aegsgJ:scholar.google.com/&scioq=%22waist+circumference%22+nigeria&hl=en&as_sdt=0,5&as_ylo=2017&as_yhi=2017&as_vis=1"
2,"T Naba, N Obse","Prevalence of hypertension and associated risk factors among adult population in Wolaita Sodo town, Southern Ethiopia",2017,"Int J Med Res Pharm Sci","ijmrpsjournal.com","http://www.ijmrpsjournal.com/Issues%20PDF/Vol.4/May-2017/13.pdf","https://scholar.google.com/scholar?cites=18225140512543599097&as_sdt=2005&sciodt=0,5&hl=en",492,"2021-07-17 21:08:35","PDF","","","",,,,,2,0.50,1,2,4,"… Waist Circumference Waist girth was measured at the mid-way circumference between the lowermost rib margin and the iliac crest at the end of … results obtained in Durame Town, Southern Ethiopia (16) & in other study areas of Africa Oyo State South West Nigeria (17) Oghara …","http://www.ijmrpsjournal.com/Issues%20PDF/Vol.4/May-2017/13.pdf","https://scholar.google.com/scholar?q=related:-em9N7y07PwJ:scholar.google.com/&scioq=%22waist+circumference%22+nigeria&hl=en&as_sdt=0,5&as_ylo=2017&as_yhi=2017&as_vis=1"
1,"BE Graham, C Darabos, M Huang…","Evolutionarily derived networks to inform disease pathways",2017,"Genetic …","Wiley Online Library","https://onlinelibrary.wiley.com/doi/abs/10.1002/gepi.22078","https://scholar.google.com/scholar?cites=17889305508084478496&as_sdt=2005&sciodt=0,5&hl=en",493,"2021-07-17 21:08:35","","10.1002/gepi.22078","","",,,,,1,0.25,0,4,4,"ABSTRACT Methods to identify genes or pathways associated with complex diseases are often inadequate to elucidate most risk because they make implicit and oversimplified assumptions about underlyin...","https://www.ncbi.nlm.nih.gov/pmc/articles/PMC5696086/","https://scholar.google.com/scholar?q=related:IHLQ95OUQ_gJ:scholar.google.com/&scioq=%22waist+circumference%22+nigeria&hl=en&as_sdt=0,5&as_ylo=2017&as_yhi=2017&as_vis=1"
37,"P Lamptey, A Laar, AJ Adler, R Dirks, A Caldwell…","Evaluation of a community-based hypertension improvement program (ComHIP) in Ghana: data from a baseline survey",2017,"BMC Public Health","Springer","https://link.springer.com/article/10.1186/s12889-017-4260-5","https://scholar.google.com/scholar?cites=14816804611197742330&as_sdt=2005&sciodt=0,5&hl=en",494,"2021-07-17 21:08:35","HTML","10.1186/s12889-017-4260-5","","",,,,,37,9.25,6,6,4,"Ghana faces an increasing burden of non-communicable disease with rates of hypertension estimated as high as 36% in adults. Despite these high rates, hypertension control remains very poor in Ghana (4%). The current project aims to implement and evaluate a community-based …","https://link.springer.com/article/10.1186/s12889-017-4260-5","https://scholar.google.com/scholar?q=related:-qzPhErdn80J:scholar.google.com/&scioq=%22waist+circumference%22+nigeria&hl=en&as_sdt=0,5&as_ylo=2017&as_yhi=2017&as_vis=1"
11,"LY Liu, F Wang, SD Cui, FG Tian, ZM Fan, CZ Geng…","A case-control study on risk factors of breast cancer in Han Chinese women",2017,"Oncotarget","ncbi.nlm.nih.gov","https://www.ncbi.nlm.nih.gov/pmc/articles/pmc5722557/","https://scholar.google.com/scholar?cites=3521214583894229433&as_sdt=2005&sciodt=0,5&hl=en",495,"2021-07-17 21:08:35","HTML","","","",,,,,11,2.75,2,7,4,"","https://www.ncbi.nlm.nih.gov/pmc/articles/pmc5722557/","https://scholar.google.com/scholar?q=related:ucHwAgLe3TAJ:scholar.google.com/&scioq=%22waist+circumference%22+nigeria&hl=en&as_sdt=0,5&as_ylo=2017&as_yhi=2017&as_vis=1"
3,"JDH Camacho, MH Camacho","Clinical update on metabolic syndrome",2017,"Revista española de nutrición …","dialnet.unirioja.es","https://dialnet.unirioja.es/servlet/articulo?codigo=6283525","https://scholar.google.com/scholar?cites=10204634976162147767&as_sdt=2005&sciodt=0,5&hl=en",496,"2021-07-17 21:08:35","","","","",,,,,3,0.75,2,2,4,"… profile 16.3%, increased triglycerides concentration 15.6%, and high waist circumference 8.6%, etc … syndrome: prevalence and association with electrocardiographic abnormalities in Nigerian hypertensive patients … I, Oshodi T. Thyroid function in adult Nigerians with metabolic …","https://dialnet.unirioja.es/descarga/articulo/6283525.pdf","https://scholar.google.com/scholar?q=related:t-2rwHElno0J:scholar.google.com/&scioq=%22waist+circumference%22+nigeria&hl=en&as_sdt=0,5&as_ylo=2017&as_yhi=2017&as_vis=1"
0,"HCN Kayembe, RR Tozin, FIN Mbutiwi","Frequency of hypertension in Postmenopausal women at Kinshasa University hospital Cliniques Universitaires de Kinshasa",2017,"Ann. Afr. Méd","researchgate.net","https://www.researchgate.net/profile/Fiston-Mbutiwi/publication/323105407_Frequency_of_hypertension_in_Postmenopausal_women_at_Kinshasa_University_hospital/links/5a7f333a0f7e9be137c72df2/Frequency-of-hypertension-in-Postmenopausal-women-at-Kinshasa-University-hospital.pdf","",497,"2021-07-17 21:08:35","PDF","","","",,,,,0,0.00,0,3,4,"… However, many reports showed that high BP levels are also attributed to increased BMI and waist circumference (WC) not to menopausal status (7, 17, 19) … Menopausal hypertension in the Nigerian female: role of psycho- social stress. Public Health 1985; 99, 235 238 10 …","https://www.researchgate.net/profile/Fiston-Mbutiwi/publication/323105407_Frequency_of_hypertension_in_Postmenopausal_women_at_Kinshasa_University_hospital/links/5a7f333a0f7e9be137c72df2/Frequency-of-hypertension-in-Postmenopausal-women-at-Kinshasa-University-hospital.pdf","https://scholar.google.com/scholar?q=related:T3YKvSTxQQQJ:scholar.google.com/&scioq=%22waist+circumference%22+nigeria&hl=en&as_sdt=0,5&as_ylo=2017&as_yhi=2017&as_vis=1"
0,"EK Oghagbon","Polyunsaturated fatty acids and inflammatory biomarkers in the pathogenesis of type II diabetes",2017,"","gala.gre.ac.uk","http://gala.gre.ac.uk/id/eprint/23495/","",498,"2021-07-17 21:08:35","","","","",,,,,0,0.00,0,1,4,"… Waist circumference WHR … OH vitamin D3 is not associated with type 2 diabetes mellitus in Nigeria patients Submitted: J Clin Biochem and Nutr … and Circulating Cytokines in African Nigerian type II Diabetics Compared to Healthy …","http://gala.gre.ac.uk/id/eprint/23495/1/Efosa%20Kenneth%20Oghagbon%202017%20-%20redacted.pdf","https://scholar.google.com/scholar?q=related:3jpj2bnH9EEJ:scholar.google.com/&scioq=%22waist+circumference%22+nigeria&hl=en&as_sdt=0,5&as_ylo=2017&as_yhi=2017&as_vis=1"
0,"B SüsleyIcI, MKI Gündüz, SÜ ZengIn…","Relationship of Bradykinin B2 Receptor Gene C-58T Variation with Total-Cholesterol and Glucose in Essential Hypertension",2017,"Bezmialem …","pdfs.semanticscholar.org","https://pdfs.semanticscholar.org/025e/6ddd9d08fa48ebfd7e053dc4d1a288475ddd.pdf","",499,"2021-07-17 21:08:35","PDF","","","",,,,,0,0.00,0,4,4,"… The C allele was found to have an increasing effect on blood glucose levels (p=0.05) and decreasing effect on total cholesterol levels (p=0.008) in hypertensive patients, whereas it was found to have an increasing effect on waist circumference (p=0.041) in control subjects …","https://pdfs.semanticscholar.org/025e/6ddd9d08fa48ebfd7e053dc4d1a288475ddd.pdf","https://scholar.google.com/scholar?q=related:FlMhS01SpMQJ:scholar.google.com/&scioq=%22waist+circumference%22+nigeria&hl=en&as_sdt=0,5&as_ylo=2017&as_yhi=2017&as_vis=1"
0,"D Kankana","Study Variation of Anthropometric Variables at Time of Puberty",2017,"J Gen Pract (Los Angel)","researchgate.net","https://www.researchgate.net/profile/Kankana-De/publication/314492233_Study_Variation_of_Anthropometric_Variables_at_Time_of_Puberty/links/58cd10e1aca272335515e5ad/Study-Variation-of-Anthropometric-Variables-at-Time-of-Puberty.pdf","",500,"2021-07-17 21:08:35","PDF","","","",,,,,0,0.00,0,1,4,"… A study on adolescent girls in Nigeria has shown that rural people are more suffering from under nutrition than urban … Figure 5: Age wise presentation of waist circumference in respect to premenarcheal, postmenarcheal, and combined of both groups …","https://www.researchgate.net/profile/Kankana-De/publication/314492233_Study_Variation_of_Anthropometric_Variables_at_Time_of_Puberty/links/58cd10e1aca272335515e5ad/Study-Variation-of-Anthropometric-Variables-at-Time-of-Puberty.pdf","https://scholar.google.com/scholar?q=related:rAJjvNJQ6F8J:scholar.google.com/&scioq=%22waist+circumference%22+nigeria&hl=en&as_sdt=0,5&as_ylo=2017&as_yhi=2017&as_vis=1"
11,"CR Monnard, JL Miles-Chan","Energy cost of standing in a multi-ethnic cohort: are energy-savers a minority or the majority?",2017,"PLoS One","journals.plos.org","https://journals.plos.org/plosone/article?id=10.1371/journal.pone.0169478","https://scholar.google.com/scholar?cites=14606592484938460644&as_sdt=2005&sciodt=0,5&hl=en",501,"2021-07-17 21:08:35","HTML","","","",,,,,11,2.75,6,2,4,"… Anthropometric comparison between ethnic groups. The characteristics of all subjects are summarized in Table 2. There were no significant differences in age, height, weight, BMI or waist circumference between the ethnic groups …","https://journals.plos.org/plosone/article?id=10.1371/journal.pone.0169478","https://scholar.google.com/scholar?q=related:5K2l23kKtcoJ:scholar.google.com/&scioq=%22waist+circumference%22+nigeria&hl=en&as_sdt=0,5&as_ylo=2017&as_yhi=2017&as_vis=1"
0,"IJ Nwagbara","The Aetiopathogenic and Anthropometric Factors in Type 2 Diabetes Mellitus Patients in Enugu State University Teaching Hospital, Enugu State",2017,"","dspace.unn.edu.ng","http://dspace.unn.edu.ng/handle/123456789/4077","",502,"2021-07-17 21:08:35","","","","",,,,,0,0.00,0,1,4,"… Enugu State, by NwagbaraIjeoma Jacinta with Reg. No.: PG/M.Sc./10/55068 of Department of Medical Laboratory Sciences, University of Nigeria, Enugu campus as meeting the standard for M.Sc … 18 2.17.2 Waist Circumference - - - - - 19 2.17.1 Waist to Hip Ratio …","http://dspace.unn.edu.ng/bitstream/handle/123456789/4077/Nwagbara%20Ijeoma%20Jacinta.pdf?sequence=1&isAllowed=y","https://scholar.google.com/scholar?q=related:0S8C91ewTBEJ:scholar.google.com/&scioq=%22waist+circumference%22+nigeria&hl=en&as_sdt=0,5&as_ylo=2017&as_yhi=2017&as_vis=1"
3501,"GBD 2015 Obesity Collaborators","Health effects of overweight and obesity in 195 countries over 25 years",2017,"New England Journal of …","Mass Medical Soc","https://www.nejm.org/doi/full/10.1056/NEJMoa1614362","https://scholar.google.com/scholar?cites=4882906621414313117&as_sdt=2005&sciodt=0,5&hl=en",503,"2021-07-17 21:08:35","HTML","10.1056/NEJMoa1614362","","",,,,,3501,875.25,3501,1,4,"BackgroundAlthough the rising pandemic of obesity has received major attention in many countries, the effects of this attention on trends and the disease burden of obesity remain uncertain. Methods...","https://www.nejm.org/doi/full/10.1056/NEJMoa1614362","https://scholar.google.com/scholar?q=related:nYzNkLORw0MJ:scholar.google.com/&scioq=%22waist+circumference%22+nigeria&hl=en&as_sdt=0,5&as_ylo=2017&as_yhi=2017&as_vis=1"
0,"KA Nguyen, N Peer, A de Villiers, B Mukasa…","Metabolic Syndrome in People living with HIV: An Assessment of the Prevalence and the Agreement between Diagnostic Criteria",2017,"… the prevalence and …","open.uct.ac.za","https://open.uct.ac.za/bitstream/item/28289/thesis_hsf_2017_nguyen_kim_anh.pdf?sequence=1#page=115","",504,"2021-07-17 21:08:35","PDF","","","",,,,,0,0.00,0,5,4,"… The prevalence of metabolic syndrome and determination of the optimal waist circumference cutoff points in a rural South … Prevalence and clinical correlates of metabolic syndrome in Nigerians living with human immunodeficiency virus/acquired immunodeficiency syndrome …","https://open.uct.ac.za/bitstream/item/28289/thesis_hsf_2017_nguyen_kim_anh.pdf?sequence=1#page=115","https://scholar.google.com/scholar?q=related:kln0KNdPXCkJ:scholar.google.com/&scioq=%22waist+circumference%22+nigeria&hl=en&as_sdt=0,5&as_ylo=2017&as_yhi=2017&as_vis=1"
1,"C Okoro","Assessing the quality of care received by diabetes patients under the Nigeria National Health Insurance Scheme: does enrollment in health insurance matter?",2017,"","core.ac.uk","https://core.ac.uk/download/pdf/142080076.pdf","https://scholar.google.com/scholar?cites=7087849398589388455&as_sdt=2005&sciodt=0,5&hl=en",505,"2021-07-17 21:08:35","PDF","","","",,,,,1,0.25,1,1,4,"… more than 50 million Nigerians. Government intentions and strategy for attaining … Figure 2: Health expenditure per capita in Nigeria Source: WHO Global Health Expenditure Database … Nigerian government established the Basic Healthcare Provision Fund (BHPF) …","https://core.ac.uk/download/pdf/142080076.pdf","https://scholar.google.com/scholar?q=related:p_ZimHkZXWIJ:scholar.google.com/&scioq=%22waist+circumference%22+nigeria&hl=en&as_sdt=0,5&as_ylo=2017&as_yhi=2017&as_vis=1"
0,"C Aryee","Biochemical and Anthropometric Characterisation of hypertension in Kumasi",2017,"","dspace.knust.edu.gh","http://dspace.knust.edu.gh/handle/123456789/9969","",506,"2021-07-17 21:08:35","","","","",,,,,0,0.00,0,1,4,"… VCAM Vascular Cell Adhesion Molecule-1 WC Waist Circumference WHO World Health Organization … risk and vice-versa (Micah and Nkum, 2012). Studies revealed that the serum lipid levels in healthy Nigerians was found to be generally lower than in Caucasians …","http://dspace.knust.edu.gh/bitstream/123456789/9969/1/Final%20Print%20of%20Christiana%20Aryee%20thesis.pdf","https://scholar.google.com/scholar?q=related:K4w9et2l7HIJ:scholar.google.com/&scioq=%22waist+circumference%22+nigeria&hl=en&as_sdt=0,5&as_ylo=2017&as_yhi=2017&as_vis=1"
0,"TG Mahanta, R Joshi, BN Mahanta, P Gogoi","DIETARY RISK FACTORS OF METABOLIC SYNDROME IN DIBRUGARH DISTRICT OF ASSAM",,"researchgate.net","","https://www.researchgate.net/profile/Tulika-Mahanta/publication/319035886_Dietary_risk_factors_of_metabolic_syndrome_in_Dibrugarh_district_of_Assam/links/599db91845851574f4b3541b/Dietary-risk-factors-of-metabolic-syndrome-in-Dibrugarh-district-of-Assam.pdf","",507,"2021-07-17 21:08:35","PDF","","","",,,,,0,0.00,0,4,,"… among children has taken place over the past twenty years in developing countries as diverse as India, Mexico, Nigeria and Tunisia.3 … the World Health Organisation (WHO) to issue guidelines for use of gender-specific, Waist Circumference (WC) cut points to identify abdominal …","https://www.researchgate.net/profile/Tulika-Mahanta/publication/319035886_Dietary_risk_factors_of_metabolic_syndrome_in_Dibrugarh_district_of_Assam/links/599db91845851574f4b3541b/Dietary-risk-factors-of-metabolic-syndrome-in-Dibrugarh-district-of-Assam.pdf","https://scholar.google.com/scholar?q=related:SHdMh2Fc4FIJ:scholar.google.com/&scioq=%22waist+circumference%22+nigeria&hl=en&as_sdt=0,5&as_ylo=2017&as_yhi=2017&as_vis=1"
7,"H Kramer, L Colangelo, CE Lewis…","Cumulative exposure to systolic blood pressure during young adulthood through midlife and the urine albumin-to-creatinine ratio at midlife",2017,"American journal of …","academic.oup.com","https://academic.oup.com/ajh/article-abstract/30/5/502/3038216","https://scholar.google.com/scholar?cites=6784954510608609715&as_sdt=2005&sciodt=0,5&hl=en",508,"2021-07-17 21:08:35","","","","",,,,,7,1.75,2,4,4,"AbstractBACKGROUND. Higher blood pressure during young adulthood may increase cardiovascular and kidney disease risk later in life. This study examined the asso.","https://academic.oup.com/ajh/article/30/5/502/3038216","https://scholar.google.com/scholar?q=related:s7EC3i0AKV4J:scholar.google.com/&scioq=%22waist+circumference%22+nigeria&hl=en&as_sdt=0,5&as_ylo=2017&as_yhi=2017&as_vis=1"
0,"RM Vieira, MSS Bortoletto…","Association between Metabolic Syndrome and Socioeconomic Status",2017,"Int J Endocrinol …","pdfs.semanticscholar.org","https://pdfs.semanticscholar.org/3a07/b16a8a5a78ebd69c3a2843aac4f168a8871e.pdf","",509,"2021-07-17 21:08:35","PDF","","","",,,,,0,0.00,0,3,4,"… BMI: Body Mass Index; *WC: Waist Circumference *SES: Socioeconomic Status *SBP: Systolic Blood Pressure *DBP: Diastolic Blood Pressure Page 3 … SBP: Systolic Blood Pressure; *DBP: Diastolic Blood Pressure; *WC: Waist Circumference; *MS: Metabolic syndrome …","https://pdfs.semanticscholar.org/3a07/b16a8a5a78ebd69c3a2843aac4f168a8871e.pdf","https://scholar.google.com/scholar?q=related:_UPM5HraiGwJ:scholar.google.com/&scioq=%22waist+circumference%22+nigeria&hl=en&as_sdt=0,5&as_ylo=2017&as_yhi=2017&as_vis=1"
0,"BG Jaiyesimi, KF Jaiyesimi","Central Bringing Excellence in Open Access Journal of Human Nutrition & Food Science Comparative Analysis of Food Consumption Pattern and Body Mass Index of …",2017,"Journal of Human Nutrition & …","eprints.abuad.edu.ng","http://eprints.abuad.edu.ng/700/","",510,"2021-07-17 21:08:35","","","","",,,,,0,0.00,0,2,4,"… The population comprised the students of Afe Babalola University, Nigeria … overweight was 0 - 8.1 % and 1.3 - 8.1 % in males and females respectively while that of obesity was 0 - 2.7 % and 0 - 1.9 % still in males and females respectively in a sample of Nigerian adolescents in …","http://eprints.abuad.edu.ng/700/1/BoluandKikenutrition-5-11042017.pdf","https://scholar.google.com/scholar?q=related:TfxsIoXUg5cJ:scholar.google.com/&scioq=%22waist+circumference%22+nigeria&hl=en&as_sdt=0,5&as_ylo=2017&as_yhi=2017&as_vis=1"
2,"F Jannasch, G Bedu-Addo, MB Schulze…","Serum phospholipid fatty acids, dietary patterns and type 2 diabetes among urban Ghanaians",2017,"Nutrition …","nutritionj.biomedcentral.com","https://nutritionj.biomedcentral.com/articles/10.1186/s12937-017-0286-x","https://scholar.google.com/scholar?cites=3593584624059674321&as_sdt=2005&sciodt=0,5&hl=en",511,"2021-07-17 21:08:35","HTML","10.1186/s12937-017-0286-x","","",,,,,2,0.50,1,4,4,"Previously, a “purchase” pattern (rich in vegetable oil, manufactured foods, red meat and poultry, fruits, and vegetables) was identified among adults in urban Ghana and was inversely associated with T2D, while a “traditional” pattern (rich in fish, palm oil, plantain, green-leafy vegetables …","https://nutritionj.biomedcentral.com/articles/10.1186/s12937-017-0286-x","https://scholar.google.com/scholar?q=related:0e5hCy363jEJ:scholar.google.com/&scioq=%22waist+circumference%22+nigeria&hl=en&as_sdt=0,5&as_ylo=2017&as_yhi=2017&as_vis=1"
31,"JP Tripathy, JS Thakur, G Jeet, S Jain","Prevalence and determinants of comorbid diabetes and hypertension: Evidence from non communicable disease risk factor STEPS survey, India",2017,"Diabetes & Metabolic Syndrome …","Elsevier","https://www.sciencedirect.com/science/article/pii/S1871402117300449","https://scholar.google.com/scholar?cites=17127580547009032642&as_sdt=2005&sciodt=0,5&hl=en",512,"2021-07-17 21:08:35","","","","",,,,,31,7.75,8,4,4,"… and alcohol use, diet, physical activity, history of chronic diseases, family history of chronic conditions, health screening, and health care costs were collected in Step 1. Physical measurements such as height, weight, blood pressure and waist circumference were collected …","https://www.researchgate.net/profile/Jaya-Tripathy/publication/315948998_Prevalence_and_determinants_of_comorbid_diabetes_and_hypertension_Evidence_from_non_communicable_disease_risk_factor_STEPS_survey_India/links/5a16b43b0f7e9be37f941d75/Prevalence-and-determinants-of-comorbid-diabetes-and-hypertension-Evidence-from-non-communicable-disease-risk-factor-STEPS-survey-India.pdf","https://scholar.google.com/scholar?q=related:wjFd_sJjse0J:scholar.google.com/&scioq=%22waist+circumference%22+nigeria&hl=en&as_sdt=0,5&as_ylo=2017&as_yhi=2017&as_vis=1"
7,"N Rašeta, S Đurić, N Zeljković…","Interrelations between body mass index, percentage of body fat, and waist-to-hip ratio among different groups of students at the university of Banja Luka",2017,"… Education and Sport","casopisi.junis.ni.ac.rs","http://casopisi.junis.ni.ac.rs/index.php/FUPhysEdSport/article/view/2473","https://scholar.google.com/scholar?cites=13193059323756440043&as_sdt=2005&sciodt=0,5&hl=en",513,"2021-07-17 21:08:35","","","","",,,,,7,1.75,2,4,4,"… The students were measured according to the following parameters: Body Mass [BM], Body Height [BH], Waist Circumference [WC], Hip Circumference [HC], Biceps Skinfold [BS], Triceps Skinfold [TS], Subscapular Skinfold [SSS], and Suprailiac Skinfold [SIS] …","http://casopisi.junis.ni.ac.rs/index.php/FUPhysEdSport/article/viewFile/2473/1521","https://scholar.google.com/scholar?q=related:62koHY4pF7cJ:scholar.google.com/&scioq=%22waist+circumference%22+nigeria&hl=en&as_sdt=0,5&as_ylo=2017&as_yhi=2017&as_vis=1"
1,"N BANERJEE, S CHATTERJEE, S CHATTERJEE","IMPACT OF INDIAN CLASSICAL BHARATNATYAM DANCING IN TERMS OF NOVEL ANTHROPOMETRIC MARKERS OF CARDIO-VASCULAR HEALTH …",2017,"","academia.edu","https://www.academia.edu/download/54117573/2._IJGMP_-_IMPACT_OF_INDIAN_CLASSICAL_BHARATNATYAM_DANCING_IN_TERMS_OF_NOVEL_ANTHROPOMETRIC.pdf","https://scholar.google.com/scholar?cites=5084560811561503511&as_sdt=2005&sciodt=0,5&hl=en",514,"2021-07-17 21:08:35","PDF","","","",,,,,1,0.25,0,3,4,"… In case of C Index, another anthropometric indicator of obesity which evaluates waist circumference in relation to height and weight, a similar trend … Anthropometric measures of adiposity as correlates of atherogenic index of plasma in non-obese sedentary Nigerian males …","https://www.academia.edu/download/54117573/2._IJGMP_-_IMPACT_OF_INDIAN_CLASSICAL_BHARATNATYAM_DANCING_IN_TERMS_OF_NOVEL_ANTHROPOMETRIC.pdf","https://scholar.google.com/scholar?q=related:F8v-cx79j0YJ:scholar.google.com/&scioq=%22waist+circumference%22+nigeria&hl=en&as_sdt=0,5&as_ylo=2017&as_yhi=2017&as_vis=1"
0,"AA ABIOLA","… PATTERN AND NUTRITIONAL STATUS AMONG IN-SCHOOL ADOLESCENTS IN IBADAN NORTH LOCAL GOVERNMENT AREA OYO STATE, NIGERIA",2017,"","41.184.122.20","http://41.184.122.20/handle/123456789/309","",515,"2021-07-17 21:08:35","","","","",,,,,0,0.00,0,1,4,"… LOCAL GOVERNMENT AREA OYO STATE, NIGERIA BY Aishat Ajoke ABIOLA … among adolescents has solely focused on students in high income countries but information is scanty among in-school adolescents in low income countries like Nigeria. Therefore, this study …","http://41.184.122.20/bitstream/123456789/309/1/UI_M.PH%20Project_Abiola%2C%20A.A._Breakfast_2017.pdf","https://scholar.google.com/scholar?q=related:JVzbtrZoVLwJ:scholar.google.com/&scioq=%22waist+circumference%22+nigeria&hl=en&as_sdt=0,5&as_ylo=2017&as_yhi=2017&as_vis=1"
0,"S Hammoudeh, S Ghuloum, Z Mahfoud…","Advanced glycation end products among patients maintained on antipsychotics",2017,"International clinical …","ingentaconnect.com","https://www.ingentaconnect.com/content/wk/incps/2017/00000032/00000005/art00003","",516,"2021-07-17 21:08:35","","","","",,,,,0,0.00,0,4,4,"… The anthropometric data (weight, height, waist circumference, hip cir- cumference) and the systolic and diastolic blood pressure (BP) were … Bangladesh, India, Nepal, Pakistan, and Sri Lanka), whereas the others were from France, Iran, Kenya, Nigeria, Philippines, Tanzania …","","https://scholar.google.com/scholar?q=related:LecSUGLxl_4J:scholar.google.com/&scioq=%22waist+circumference%22+nigeria&hl=en&as_sdt=0,5&as_ylo=2017&as_yhi=2017&as_vis=1"
2,"KT South","The impact of public policy on LGBT aging",2017,"Annual Review of Gerontology and Geriatrics","connect.springerpub.com","https://connect.springerpub.com/content/sgrargg/37/1/161.abstract","https://scholar.google.com/scholar?cites=1886947112039463104&as_sdt=2005&sciodt=0,5&hl=en",517,"2021-07-17 21:08:35","","","","",,,,,2,0.50,2,1,4,"… from Africa to the United States centuries ago, from 5% in Nigeria, to 23 … above, obesity screening and prevention programs targeting alcohol consumption may benefit Nigerian immigrants to the … after, p ≤ .001 Trends for weight loss (−3.6 kg, p =.65), waist circumference −4.1 cm,.","","https://scholar.google.com/scholar?q=related:wLgPo2bILxoJ:scholar.google.com/&scioq=%22waist+circumference%22+nigeria&hl=en&as_sdt=0,5&as_ylo=2017&as_yhi=2017&as_vis=1"
26,"R Ofori-Asenso, AA Agyeman, A Laar","Metabolic syndrome in apparently “healthy” Ghanaian adults: a systematic review and meta-analysis",2017,"International journal of chronic …","hindawi.com","https://www.hindawi.com/journals/ijcd/2017/2562374/","https://scholar.google.com/scholar?cites=11192798089991553014&as_sdt=2005&sciodt=0,5&hl=en",518,"2021-07-17 21:08:35","HTML","","","",,,,,26,6.50,9,3,4,"… [40] reported a higher mean prevalence (29.2%) of MetS among Nigerians … 2012 by Yamaoka and Tango concluded that such interventions were effective in resolving MetS and reducing the severity of related abnormalities (fasting blood glucose, waist circumference, SBP and …","https://www.hindawi.com/journals/ijcd/2017/2562374/","https://scholar.google.com/scholar?q=related:9v-dlI_OVJsJ:scholar.google.com/&scioq=%22waist+circumference%22+nigeria&hl=en&as_sdt=0,5&as_ylo=2017&as_yhi=2017&as_vis=1"
5,"AMT Olinto, H Theodoro, R Canuto","Epidemiology of abdominal obesity",2017,"Gordeladze JO, Adiposity …","books.google.com","https://books.google.com/books?hl=en&lr=&id=vviODwAAQBAJ&oi=fnd&pg=PA71&dq=%22waist+circumference%22+nigeria&ots=pq5Qo2ByHe&sig=i8vi0cwSHfAUb465jTAyFfdXPPI","https://scholar.google.com/scholar?cites=12403236925368189781&as_sdt=2005&sciodt=0,5&hl=en",519,"2021-07-17 21:08:35","","","","",,,,,5,1.25,2,3,4,"… cm Sub-Saharan African IDF≥ 94 cm≥ 80 cm Ethnic Central and South IDF≥ 90 cm≥ 80 cm American Table 1. Waist circumference cutoffs recommended … China (2009) 3 37.4 27.8 45.9 Linhares et al.[18] Brazil (2010) 1 30.0 19.5 37.5 Chukwuonye et al.[19] Nigeria (2013) 1 …","https://www.intechopen.com/books/adiposity-epidemiology-and-treatment-modalities/epidemiology-of-abdominal-obesity","https://scholar.google.com/scholar?q=related:VUOUuUQmIawJ:scholar.google.com/&scioq=%22waist+circumference%22+nigeria&hl=en&as_sdt=0,5&as_ylo=2017&as_yhi=2017&as_vis=1"
1,"SLPR Febriyani","Hubungan Indeks Massa Tubuh dengan Kejadian Hipertensi pada Perempuan Postmenopause di Kecamatan Denpasar Barat",,"E-Jurnal Medika","ojs.unud.ac.id","https://ojs.unud.ac.id/index.php/eum/article/download/26636/16916","https://scholar.google.com/scholar?cites=2816074155379524372&as_sdt=2005&sciodt=0,5&hl=en",520,"2021-07-17 21:08:35","PDF","","","",,,,,1,0.00,1,1,,"… 2012; 4(3): h. 33 – 9. 10. Achie LN, Olorunshola KV, Toryila JE, Tende JA. The Body Mass Index, Waist Circumference, and Blood Pressure of Postmenopausal Women in Zaria, Northern Nigeria. Current Research Journal of Biological Science. 2012; 4(3): h.329 – 32. 11 …","https://ojs.unud.ac.id/index.php/eum/article/download/26636/16916","https://scholar.google.com/scholar?q=related:FAOOLIa0FCcJ:scholar.google.com/&scioq=%22waist+circumference%22+nigeria&hl=en&as_sdt=0,5&as_ylo=2017&as_yhi=2017&as_vis=1"
2,"AJQ Moreno, BMM Rosales…","Prediabetes y diabetes mellitus en mujeres atendidas por exceso de peso corporal",2017,"Revista Cubana de …","revtecnologia.sld.cu","http://revtecnologia.sld.cu/index.php/tec/article/view/627","https://scholar.google.com/scholar?cites=16985971721207895096&as_sdt=2005&sciodt=0,5&hl=en",521,"2021-07-17 21:08:35","","","","",,,,,2,0.50,1,3,4,"… Key words: excess body weight; Prediabetes; Mellitus diabetes; Waist circumference. INTRODUCCIÓN … Lancet Diabetes Endocrinol 2014;S2213-8587(14):70145-7. 5. Etukumana EA, Puepet FH, Obadofin MO. Risk factors for diabetes mellitus among rural adults in Nigeria …","http://revtecnologia.sld.cu/index.php/tec/article/viewFile/627/746","https://scholar.google.com/scholar?q=related:OFRt70hLuusJ:scholar.google.com/&scioq=%22waist+circumference%22+nigeria&hl=en&as_sdt=0,5&as_ylo=2017&as_yhi=2017&as_vis=1"
0,"G Kwao-Zigah","Plasma Kisspeptin Levels In Type 2 Diabetic Males At The Korle-Bu Teaching Hospital",2017,"","ugspace.ug.edu.gh","http://ugspace.ug.edu.gh/handle/123456789/23619","",522,"2021-07-17 21:08:35","","","","",,,,,0,0.00,0,1,4,"… Age, blood pressure, lipid profile, body mass index (BMI), and waist circumference of subjects were assessed. Significant lower levels of … (r=0.366, p=0.004) and HDL (r=0.362, p=0.005). Blood pressure, waist circumference, FBG …","http://ugspace.ug.edu.gh/bitstream/handle/123456789/23619/Plasma%20Kisspeptin%20Levels%20In%20Type%202%20Diabetic%20Males%20At%20The%20Korle-Bu%20Teaching%20Hospital.pdf?isAllowed=y&sequence=1","https://scholar.google.com/scholar?q=related:i_5XJS0RxKQJ:scholar.google.com/&scioq=%22waist+circumference%22+nigeria&hl=en&as_sdt=0,5&as_ylo=2017&as_yhi=2017&as_vis=1"
3,"JE Chiegil","Assessment of Quality of Life from HIV Counselling and Social Support among PLWHA Clinic Attendees in Specialist Hospital Yola, Adamawa State, Nigeria",2017,"Assessment","texilajournal.com","https://www.texilajournal.com/public-health/edition/67-volume5-issue4","https://scholar.google.com/scholar?cites=12528208620451139535&as_sdt=2005&sciodt=0,5&hl=en",523,"2021-07-17 21:08:35","HTML","","","",,,,,3,0.75,3,1,4,"… Assessment of Quality of Life from HIV Counselling and Social Support among PLWHA Clinic Attendees in Specialist Hospital Yola, Adamawa State, Nigeria. Abstract … Environmental and Public Health Impact of Poorsolid Waste Disposal in Kano Metropolis Nigeria. Abstract …","https://www.texilajournal.com/public-health/edition/67-volume5-issue4","https://scholar.google.com/scholar?q=related:zw_67Vwj3a0J:scholar.google.com/&scioq=%22waist+circumference%22+nigeria&hl=en&as_sdt=0,5&as_ylo=2017&as_yhi=2017&as_vis=1"
0,"H Abdullahi, M Safiyanu, AA Imam…","Sialic Acid and Lipid Profiles of Individuals with Diabetes Mellitus Type 2 and Cardiovascular Disease",2017,"Journal of Scientific …","journaljsrr.com","http://www.journaljsrr.com/index.php/JSRR/article/view/22115","",524,"2021-07-17 21:08:35","","","","",,,,,0,0.00,0,4,4,"… [12] reported more diabetic females (66%) than males (34%) in their study in Nigeria … between blood lipid parameters and sialic acids in the study subjects, variables such as body mass index and waist circumference were not … Lipid profile of a group of Nigerian diabetic patients …","https://www.journaljsrr.com/index.php/JSRR/article/download/22115/41130","https://scholar.google.com/scholar?q=related:RQmKclclq-0J:scholar.google.com/&scioq=%22waist+circumference%22+nigeria&hl=en&as_sdt=0,5&as_ylo=2017&as_yhi=2017&as_vis=1"
24,"TO Ajiboye, AA Hussaini, BY Nafiu…","Aqueous seed extract of Hunteria umbellata (K. Schum.) Hallier f.(Apocynaceae) palliates hyperglycemia, insulin resistance, dyslipidemia, inflammation and oxidative …",2017,"Journal of …","Elsevier","https://www.sciencedirect.com/science/article/pii/S0378874116320888","https://scholar.google.com/scholar?cites=5072438568718262912&as_sdt=2005&sciodt=0,5&hl=en",525,"2021-07-17 21:08:35","","","","",,,,,24,6.00,6,4,4,"… Metabolic syndrome is a cluster of physiologic and metabolic disorder characterized by increased waist circumference, fasting glycemia, dyslipidemia and … and prevalence now well documented are assuming epidemic condition across the globe including Nigeria (Das, 2014) …","","https://scholar.google.com/scholar?q=related:gGJx2QDsZEYJ:scholar.google.com/&scioq=%22waist+circumference%22+nigeria&hl=en&as_sdt=0,5&as_ylo=2017&as_yhi=2017&as_vis=1"
36,"JH Goedecke, A Mtintsilana, SN Dlamini…","Type 2 diabetes mellitus in African women",2017,"Diabetes research and …","Elsevier","https://www.sciencedirect.com/science/article/pii/S0168822716316102","https://scholar.google.com/scholar?cites=5851955211426232631&as_sdt=2005&sciodt=0,5&hl=en",526,"2021-07-17 21:08:35","","","","",,,,,36,9.00,9,4,4,"JavaScript is disabled on your browser. Please enable JavaScript to use all the features on this page. Skip to main content Skip to article …","https://www.researchgate.net/profile/Julia-Goedecke/publication/311421005_Type_2_diabetes_mellitus_in_African_women/links/5b2bd462aca2720785d6298d/Type-2-diabetes-mellitus-in-African-women.pdf","https://scholar.google.com/scholar?q=related:N3mOgkJSNlEJ:scholar.google.com/&scioq=%22waist+circumference%22+nigeria&hl=en&as_sdt=0,5&as_ylo=2017&as_yhi=2017&as_vis=1"
0,"EA EGUAGIE","THE PREVALENCE OF NON-ALCOHOLIC FATTY LIVER DISEASE AMONG OBESE AND NON-OBESE PATIENTS WITH METABOLIC RISK FACTORS IN …",2017,"Faculty of INTERNAL MEDICINE","dissertation.npmcn.edu.ng","http://www.dissertation.npmcn.edu.ng/index.php/FMCP/article/download/368/822","",527,"2021-07-17 21:08:35","PDF","","","",,,,,0,0.00,0,1,4,"… MBBS (IBADAN), 2001 A DISSERTATION SUBMITTED TO THE NATIONAL POSTGRADUATE MEDICAL COLLEGE OF NIGERIA IN PARTIAL FULFILLMENT OF … height, BMI, waist circumference) and signs of liver disease was carried out.Ultrasound scan of …","http://www.dissertation.npmcn.edu.ng/index.php/FMCP/article/download/368/822","https://scholar.google.com/scholar?q=related:YSZiDhiqlXEJ:scholar.google.com/&scioq=%22waist+circumference%22+nigeria&hl=en&as_sdt=0,5&as_ylo=2017&as_yhi=2017&as_vis=1"
6,"C Ludema, SR Cole, JJ Eron Jr…","Health insurance type and control of hypertension among US women living with and without HIV infection in the women's interagency HIV study",2017,"American journal of …","academic.oup.com","https://academic.oup.com/ajh/article-abstract/30/6/594/3603573","https://scholar.google.com/scholar?cites=6833350930002398406&as_sdt=2005&sciodt=0,5&hl=en",528,"2021-07-17 21:08:35","","","","",,,,,6,1.50,2,4,4,"AbstractBACKGROUND. Health care access is an important determinant of health. We assessed the effect of health insurance status and type on blood pressure contr.","https://academic.oup.com/ajh/article/30/6/594/3603573","https://scholar.google.com/scholar?q=related:xsxgWHfw1F4J:scholar.google.com/&scioq=%22waist+circumference%22+nigeria&hl=en&as_sdt=0,5&as_ylo=2017&as_yhi=2017&as_vis=1"
0,"EU Nwose, PT Bwititi, VM Oguoma","Metabolic Syndromes and Public Health Policies in Africa",2017,"Medicinal Spices and Vegetables from …","Elsevier","https://www.sciencedirect.com/science/article/pii/B9780128092866000042","",529,"2021-07-17 21:08:35","","","","",,,,,0,0.00,0,3,4,"… Another report also shows that in Nigerian studies of cardiometabolic syndrome (CMS), 20 (62.5 … and the most observed components were raised blood pressure, higher waist circumference and low … years in semiurban and rural communities in 36 states in Nigeria showed the …","https://www.researchgate.net/profile/Opeyemi-Avoseh/publication/312686177_Cymbopogon_citratus/links/5ec284d5299bf1c09ac4e3a8/Cymbopogon-citratus.pdf#page=130","https://scholar.google.com/scholar?q=related:w52XFWlvAgoJ:scholar.google.com/&scioq=%22waist+circumference%22+nigeria&hl=en&as_sdt=0,5&as_ylo=2017&as_yhi=2017&as_vis=1"
64,"Y Çolak, BG Nordestgaard, LC Laursen, S Afzal…","Risk factors for chronic cough among 14,669 individuals from the general population",2017,"Chest","Elsevier","https://www.sciencedirect.com/science/article/pii/S0012369217310711","https://scholar.google.com/scholar?cites=14102584289006939618&as_sdt=2005&sciodt=0,5&hl=en",530,"2021-07-17 21:08:35","","","","",,,,,64,16.00,13,5,4,"JavaScript is disabled on your browser. Please enable JavaScript to use all the features on this page. Skip to main content Skip to article …","","https://scholar.google.com/scholar?q=related:4m1DMbFxtsMJ:scholar.google.com/&scioq=%22waist+circumference%22+nigeria&hl=en&as_sdt=0,5&as_ylo=2017&as_yhi=2017&as_vis=1"
0,"BA AJAYI","ASSOCIATION BETWEEN SERUM C-REACTIVE PROTEIN AND EC C DETERMINED LEFT VENTRICULAR HYPERTROPHY IN AD ULTHY PERTENSIVE …",2017,"Faculty of INTERNAL MEDICINE","dissertation.npmcn.edu.ng","http://www.dissertation.npmcn.edu.ng/index.php/FMCP/article/download/479/717","",531,"2021-07-17 21:08:35","PDF","","","",,,,,0,0.00,0,1,4,"… PRESSURE TC – TOTAL CHOLESTEROL TG - TRIGLYCERIDE TOD – TARGET ORGAN DAMAGE WC – WAIST CIRCUMFERENCE WHO – WORLD … in the management of HT in Nigeria and sub-Sahara Africa … the adult hypertensive Nigerian population has not been studied …","http://www.dissertation.npmcn.edu.ng/index.php/FMCP/article/download/479/717","https://scholar.google.com/scholar?q=related:fZJh8o1psDAJ:scholar.google.com/&scioq=%22waist+circumference%22+nigeria&hl=en&as_sdt=0,5&as_ylo=2017&as_yhi=2017&as_vis=1"
26,"M Wollner, BBP Roberto, SCA Roncally…","Accuracy of the WHO's body mass index cut-off points to measure gender-and age-specific obesity in middle-aged adults living in the city of Rio de Janeiro …",2017,"Journal of public …","ncbi.nlm.nih.gov","https://www.ncbi.nlm.nih.gov/pmc/articles/pmc5641638/","https://scholar.google.com/scholar?cites=9359536842386004736&as_sdt=2005&sciodt=0,5&hl=en",532,"2021-07-17 21:08:35","HTML","","","",,,,,26,6.50,7,4,4,"… 24 Indonesian, 24 Polish, 24 Spanish, 27 Tongan, 28 Australian, 29 Nigerian 25 and … Validity of body mass index and waist circumference in the classification of obesity as compared to … Relation between BMI and body fat in black population samples from Nigeria, Jamaica and …","https://www.ncbi.nlm.nih.gov/pmc/articles/pmc5641638/","https://scholar.google.com/scholar?q=related:AFuZUCvB44EJ:scholar.google.com/&scioq=%22waist+circumference%22+nigeria&hl=en&as_sdt=0,5&as_ylo=2017&as_yhi=2017&as_vis=1"
8,"MA Ganie, GA Bhat, IA Wani, A Rashid…","Prevalence, risk factors and consequences of overweight and obesity among schoolchildren: a cross-sectional study in Kashmir, India",2017,"Journal of Pediatric …","degruyter.com","https://www.degruyter.com/document/doi/10.1515/jpem-2016-0133/html","https://scholar.google.com/scholar?cites=14047634385272606601&as_sdt=2005&sciodt=0,5&hl=en",533,"2021-07-17 21:08:35","","10.1515/jpem-2016-0133","","",,,,,8,2.00,2,5,4,"… All children underwent anthropometric measurements like height, weight, hip and waist circumference … Weight, kg 45.8 ± 13.75 45.30 ± 14.18 46.17 ± 13.42 0.16 Waist circumference, cm 70.40 ± 10.49 68.30 ± 9.25 71.98 ± 11.08 < 0.01 …","https://www.researchgate.net/profile/Gulzar-Bhat/publication/312531399_Prevalence_risk_factors_and_consequences_of_overweight_and_obesity_among_schoolchildren_A_cross-sectional_study_in_Kashmir_India/links/5a6202984585158bca4a2ea4/Prevalence-risk-factors-and-consequences-of-overweight-and-obesity-among-schoolchildren-A-cross-sectional-study-in-Kashmir-India.pdf","https://scholar.google.com/scholar?q=related:iY-8vAs588IJ:scholar.google.com/&scioq=%22waist+circumference%22+nigeria&hl=en&as_sdt=0,5&as_ylo=2017&as_yhi=2017&as_vis=1"
5,"D Taren, S de Pee","The spectrum of malnutrition",2017,"Nutrition and Health in a Developing World","Springer","https://link.springer.com/chapter/10.1007/978-3-319-43739-2_5","https://scholar.google.com/scholar?cites=1208019811481710906&as_sdt=2005&sciodt=0,5&hl=en",534,"2021-07-17 21:08:35","","10.1007/978-3-319-43739-2_5","","",,,,,5,1.25,3,2,4,"… based on ethnicity or geographic region as there is less variability between populations for waist-to-hip ratios compared with waist circumference … A study in Nigeria suggested that the MUAC is more sensitive for identifying SAM as compared to using anthropometric z-scores …","","https://scholar.google.com/scholar?q=related:OnEAQZ6_wxAJ:scholar.google.com/&scioq=%22waist+circumference%22+nigeria&hl=en&as_sdt=0,5&as_ylo=2017&as_yhi=2017&as_vis=1"
0,"王燕, 张文杰","臀围在筛查新疆喀什贫困地区维吾尔族妇女肥胖中的应用研究",2017,"","aammt.tmmu.edu.cn","http://aammt.tmmu.edu.cn/Upload/rhtml/201611167.htm","",535,"2021-07-17 21:08:35","HTML","","","",,,,,0,0.00,0,2,4,"… [3], Maruf FA, Udoji N V. Prevalence and Socio-Demographic Determinants of Overweight and Obesity in a Nigerian Population[J]. J Epidemiol,2015, 25 (7) : 475 –481 … [12], Zhou B F. Predictive values of body mass index and waist circumference for risk factors of certain related …","http://aammt.tmmu.edu.cn/Upload/rhtml/201611167.htm","https://scholar.google.com/scholar?q=related:sJUMceKfu08J:scholar.google.com/&scioq=%22waist+circumference%22+nigeria&hl=en&as_sdt=0,5&as_ylo=2017&as_yhi=2017&as_vis=1"
0,"SH Ahn, D Park, HM Sim, CYS Ling…","B8-1 An Analysis of Characteristics of Korean Females' Lower Body Shape Using Fuzzy Logic and Classification Methods",2017,"The Japanese Journal of …","jstage.jst.go.jp","https://www.jstage.jst.go.jp/article/jje/53/Supplement2/53_S632/_article/-char/ja/","",536,"2021-07-17 21:08:35","","","","",,,,,0,0.00,0,5,4,"… The analysis was done by using 28 variables, in total: 25 body dimensions including such as height, waist circumference, girth circumference, girth thickness, waist thickness … Esomonu, UG and Badamasi, MI, Cephalic anthropometry of Ndi Igbo of Abia State of Nigeria …","https://www.jstage.jst.go.jp/article/jje/53/Supplement2/53_S632/_pdf","https://scholar.google.com/scholar?q=related:ORMRy2GdwJEJ:scholar.google.com/&scioq=%22waist+circumference%22+nigeria&hl=en&as_sdt=0,5&as_ylo=2017&as_yhi=2017&as_vis=1"
0,"M ZORLU, M KISKAC, E Gueler, İ Gültepe, E Yavuz…","Serum obestatin and omentin levels in patients with diabetic nephropathy",2017,"","openaccess.bezmialem.edu.tr","https://openaccess.bezmialem.edu.tr/handle/20.500.12645/168","",537,"2021-07-17 21:08:35","","","","",,,,,0,0.00,0,6,4,"… Nigerian Journal of Clinical Practice • February 2017 • Vol 20 • Issue 2 … Omentin was also found to be positively related with adiponectin, high‑density lipoprotein levels and negatively related with body mass index (BMI), waist circumference, IR, triglyceride (TG) and leptin levels …","https://openaccess.bezmialem.edu.tr/bitstream/handle/20.500.12645/168/52-10.4103-1119-3077.181350.pdf?sequence=1&isAllowed=y","https://scholar.google.com/scholar?q=related:UZtUjPcXo2YJ:scholar.google.com/&scioq=%22waist+circumference%22+nigeria&hl=en&as_sdt=0,5&as_ylo=2017&as_yhi=2017&as_vis=1"
1,"C Annis, BK Phanzu, S Moussa, M El Hattaoui…","Lifestyle Changes for Abdominal Obesity Prevention and Encouraging Fruit Consumption May Be Beneficial in Preventing Left Ventricular Hypertrophy in Sub …",2017,"World Journal of …","scirp.org","https://www.scirp.org/html/4-1910624_74330.htm","https://scholar.google.com/scholar?cites=3636070095055494601&as_sdt=2005&sciodt=0,5&hl=en",538,"2021-07-17 21:08:35","HTML","","","",,,,,1,0.25,0,5,4,"… Central African Republic, Cameroon, Togo, Chad, Zimbabwe, Tanzania, Angola, Sudan, Somalia, Madagascar, Mauritius, Comoros, Senegal, Nigeria, and Mauritania … BMI: body mass index, WC: waist circumference, WHiR: waist-to-hip ratio, WHeR: waist-to-height ratio, SBP …","https://www.scirp.org/html/4-1910624_74330.htm","https://scholar.google.com/scholar?q=related:yR00mnzqdTIJ:scholar.google.com/&scioq=%22waist+circumference%22+nigeria&hl=en&as_sdt=0,5&as_ylo=2017&as_yhi=2017&as_vis=1"
5,"FV Izzettin, A Al-taie, M Sancar…","Influence of pharmacist recommendations for chemotherapy-related problems in diabetic cancer patients",2017,"Marmara …","openaccess.marmara.edu.tr","http://openaccess.marmara.edu.tr/bitstream/handle/11424/6275/10.12991-marupj.323286-318983.pdf?sequence=1","https://scholar.google.com/scholar?cites=13310326509498862720&as_sdt=2005&sciodt=0,5&hl=en",539,"2021-07-17 21:08:35","PDF","","","",,,,,5,1.25,1,4,4,"… 48 (96%) Single 2 (4%) Waist Circumference (cm) 91.02±19.72 Cigaratte Smoking Yes 9 (18%) No 41 (82%) … Ogbonna BO, Ezenduka CC, Opara CA, Ahara LG. Drug therapy problems in patients with Type-2 Diabetes in a tertiary hospital in Nigeria. IJIRD 2014; 3: 494-502. 18 …","http://openaccess.marmara.edu.tr/bitstream/handle/11424/6275/10.12991-marupj.323286-318983.pdf?sequence=1","https://scholar.google.com/scholar?q=related:gAwlc3DHt7gJ:scholar.google.com/&scioq=%22waist+circumference%22+nigeria&hl=en&as_sdt=0,5&as_ylo=2017&as_yhi=2017&as_vis=1"
7,"AM Aleali, SM Latifi, H Rashidi, SP Payami…","Prevalence of hypertension and prehypertension in adolescence in Ahvaz, Iran",2017,"Diabetes & Metabolic …","Elsevier","https://www.sciencedirect.com/science/article/pii/S187140211730067X","https://scholar.google.com/scholar?cites=2827434324568518992&as_sdt=2005&sciodt=0,5&hl=en",540,"2021-07-17 21:08:35","","","","",,,,,7,1.75,1,5,4,"… Waist circumference (WC) was measured with a non-elastic tape at a point midway between the lower border of the ribcage and the iliac crest at the … aged 11 to 17 years, were 9.5% and 9.4% [24] and in Enugu adolescents aged 10 to 18 years in south-east Nigeria were 17.3 …","https://diabetes-research.ajums.ac.ir/_diabetes-research/Documents/htn%20children_20190122_142856.pdf","https://scholar.google.com/scholar?q=related:UDGnrYkQPScJ:scholar.google.com/&scioq=%22waist+circumference%22+nigeria&hl=en&as_sdt=0,5&as_ylo=2017&as_yhi=2017&as_vis=1"
11,"Y Suzuki, H Tsunoda, T Kimura, H Yamauchi","BMI change and abdominal circumference are risk factors for breast cancer, even in Asian women",2017,"Breast cancer research and …","Springer","https://link.springer.com/article/10.1007/s10549-017-4481-4","https://scholar.google.com/scholar?cites=8661963058829645378&as_sdt=2005&sciodt=0,5&hl=en",541,"2021-07-17 21:08:35","","10.1007/s10549-017-4481-4","","",,,,,11,2.75,3,4,4,"We investigated the association between breast cancer incidence and obesity among Asian women. We used data from 30109 women who had undergone medical che.","","https://scholar.google.com/scholar?q=related:QtYYS4J5NXgJ:scholar.google.com/&scioq=%22waist+circumference%22+nigeria&hl=en&as_sdt=0,5&as_ylo=2017&as_yhi=2017&as_vis=1"
0,"HR Triana-Reina, J Martínez-Torres…","Comparison of Three Adiposity Indexes and Cutoff Values to Predict Metabolic Syndrome Among University Students",,"repository.usta.edu.co","","https://repository.usta.edu.co/handle/11634/24011","",542,"2021-07-17 21:08:35","","","","",,,,,0,0.00,0,3,,"… Anthropometric characteristics (height, weight, waist circumference [WC], and hip circumference [HC]) were measured, and body composition was assessed by bioelectrical impedance analysis … Waist circumference (cm) 72.0 (8.0) 79.1 (9.8) 75.4 (9.6) <0.001 …","https://repository.usta.edu.co/bitstream/handle/11634/24011/correa-bautista2017.pdf?sequence=1","https://scholar.google.com/scholar?q=related:I7EZ5jC1uMsJ:scholar.google.com/&scioq=%22waist+circumference%22+nigeria&hl=en&as_sdt=0,5&as_ylo=2017&as_yhi=2017&as_vis=1"
0,"IO Olatunji, AA Adepoju, AA Sanusi, A Ahmed","Reviewing of the Relationship Between Body Mass Index and High Blood Pressure of Patients",,"researchgate.net","","https://www.researchgate.net/profile/Akeem-Adepoju/publication/335404778_Reviewing_of_the_Relationship_Between_Body_Mass_Index_and_High_Blood_Pressure_of_Patients/links/5d644ac0458515d610265b33/Reviewing-of-the-Relationship-Between-Body-Mass-Index-and-High-Blood-Pressure-of-Patients.pdf","",543,"2021-07-17 21:08:35","PDF","","","",,,,,0,0.00,0,4,,"… (2009). Increase in body mass index and waist circumference is associated with high blood pressure in children and adolescents in Mexico City … Blood pressure patterns in relation to geographic area of residence: A cross-sectional study of adolescents in Kogi state, Nigeria …","https://www.researchgate.net/profile/Akeem-Adepoju/publication/335404778_Reviewing_of_the_Relationship_Between_Body_Mass_Index_and_High_Blood_Pressure_of_Patients/links/5d644ac0458515d610265b33/Reviewing-of-the-Relationship-Between-Body-Mass-Index-and-High-Blood-Pressure-of-Patients.pdf","https://scholar.google.com/scholar?q=related:Jm5Ck_ijwn0J:scholar.google.com/&scioq=%22waist+circumference%22+nigeria&hl=en&as_sdt=0,5&as_ylo=2017&as_yhi=2017&as_vis=1"
36,"E Peyster, J Chen, HI Feldman, AS Go…","Inflammation and arterial stiffness in chronic kidney disease: findings from the CRIC study",2017,"American journal of …","academic.oup.com","https://academic.oup.com/ajh/article-abstract/30/4/400/3001898","https://scholar.google.com/scholar?cites=8151605081999673048&as_sdt=2005&sciodt=0,5&hl=en",544,"2021-07-17 21:08:35","","","","",,,,,36,9.00,7,5,4,"AbstractBACKGROUND. Chronic kidney disease (CKD) and arterial stiffness are associated with increased cardiovascular morbidity and mortality. Inflammation is pr.","https://academic.oup.com/ajh/article/30/4/400/3001898","https://scholar.google.com/scholar?q=related:2AbcDaJRIHEJ:scholar.google.com/&scioq=%22waist+circumference%22+nigeria&hl=en&as_sdt=0,5&as_ylo=2017&as_yhi=2017&as_vis=1"
35,"J Gyamfi, J Plange-Rhule…","Training nurses in task-shifting strategies for the management and control of hypertension in Ghana: a mixed-methods study",2017,"BMC health …","bmchealthservres.biomedcentral …","https://bmchealthservres.biomedcentral.com/articles/10.1186/s12913-017-2026-5","https://scholar.google.com/scholar?cites=10975728548416614823&as_sdt=2005&sciodt=0,5&hl=en",545,"2021-07-17 21:08:35","HTML","10.1186/s12913-017-2026-5","","",,,,,35,8.75,12,3,4,"Nurses in Ghana play a vital role in the delivery of primary health care at both the household and community level. However, there is lack of information on task shifting the management and control of hypertension to community health nurses in low- and middle-income countries …","https://bmchealthservres.biomedcentral.com/articles/10.1186/s12913-017-2026-5","https://scholar.google.com/scholar?q=related:p3F8f_aeUZgJ:scholar.google.com/&scioq=%22waist+circumference%22+nigeria&hl=en&as_sdt=0,5&as_ylo=2017&as_yhi=2017&as_vis=1"
0,"DC OPARA, US EKANEM","CHILD SURVIVAL STRATEGIES BY WOMEN OF CHILD BEARING AGE IN A SEMI-URBAN COMMUNITY IN AKWA IBOM STATE",2017,"World","wojast.org","http://wojast.org/wp-content/uploads/Vol9-2/101_111.pdf","",546,"2021-07-17 21:08:35","PDF","","","",,,,,0,0.00,0,2,4,"… Waist circumference was measured halfway between the lowest rib and iliac crest to the nearest 0.1cm using an inelastic tape … Okafor, IP, Olatona, FA and Olufemi, OA (2014). Breastfeeding practices of mothers of young children in Lagos, Nigeria. Nigerian J Paed. 41(1): 43-47 …","http://wojast.org/wp-content/uploads/Vol9-2/101_111.pdf","https://scholar.google.com/scholar?q=related:wRSSMysCwaMJ:scholar.google.com/&scioq=%22waist+circumference%22+nigeria&hl=en&as_sdt=0,5&as_ylo=2017&as_yhi=2017&as_vis=1"
0,"P Chiappa, S Singh","Sexual dimorphism in waist-to-hip ratio and divorce frequency in human populations.",2017,"Evolutionary Behavioral Sciences","psycnet.apa.org","https://psycnet.apa.org/record/2017-22368-001","",547,"2021-07-17 21:08:35","","","","",,,,,0,0.00,0,2,4,"… These included place of residence at the state level, sex, age, marital status, waist circumference, hip circumference, height, category of BMI, number of childbirths, and physiological status (if a female was pregnant, breastfeeding, both, or none) …","https://www.gwern.net/docs/sociology/2017-chiappa.pdf","https://scholar.google.com/scholar?q=related:DHr95VEPqzUJ:scholar.google.com/&scioq=%22waist+circumference%22+nigeria&hl=en&as_sdt=0,5&as_ylo=2017&as_yhi=2017&as_vis=1"
11,"K Nakayama, J Ohashi, K Watanabe…","Evidence for very recent positive selection in Mongolians",2017,"Molecular biology …","academic.oup.com","https://academic.oup.com/mbe/article-abstract/34/8/1936/3746630","https://scholar.google.com/scholar?cites=6296123377290601613&as_sdt=2005&sciodt=0,5&hl=en",548,"2021-07-17 21:08:35","","","","",,,,,11,2.75,3,4,4,"Abstract. Mongols, the founders of the largest continental empire in history, successfully adapted to the harsh environments of Inner Asia through nomadic pasto.","https://academic.oup.com/mbe/article/34/8/1936/3746630","https://scholar.google.com/scholar?q=related:jWRwddpSYFcJ:scholar.google.com/&scioq=%22waist+circumference%22+nigeria&hl=en&as_sdt=0,5&as_ylo=2017&as_yhi=2017&as_vis=1"
12,"A Alkerwi, IE Bahi, S Stranges, J Beissel…","Geographic variations in cardiometabolic risk factors in Luxembourg",2017,"International journal of …","mdpi.com","https://www.mdpi.com/203454","https://scholar.google.com/scholar?cites=12204988759726447541&as_sdt=2005&sciodt=0,5&hl=en",549,"2021-07-17 21:08:35","","","","",,,,,12,3.00,2,5,4,"… In addition, blood pressure, body weight, height, waist circumference, as well as blood and urine sampling were performed by well-trained nurses. Further details regarding the measurement of anthropometric and biochemical parameters are available elsewhere [8,20,21] …","https://www.mdpi.com/1660-4601/14/6/648/pdf","https://scholar.google.com/scholar?q=related:tVsht5zUYKkJ:scholar.google.com/&scioq=%22waist+circumference%22+nigeria&hl=en&as_sdt=0,5&as_ylo=2017&as_yhi=2017&as_vis=1"
0,"N elmalaika Husain, SK Noor, AO Almobarak…","Diabetes, metabolic syndrome and dyslipidemia in people living with HIV in Africa: re-emerging challenges not to be forgotten",2017,"","pdfs.semanticscholar.org","https://pdfs.semanticscholar.org/e8b0/10d97637b8646758a2b0283d9e0ea2bebc0d.pdf","",550,"2021-07-17 21:08:35","PDF","","","",,,,,0,0.00,0,4,4,"… High-sensitivity C-reactive protein was positively correlated with traditional cardiometabolic risk factors including waist circumference, triglycerides and total cholesterol … For instance, in a study in Nigeria, the prevalence of metabolic syndrome according to the ATP III, IDF and JIS …","https://pdfs.semanticscholar.org/e8b0/10d97637b8646758a2b0283d9e0ea2bebc0d.pdf","https://scholar.google.com/scholar?q=related:4wxKtFZ3-jcJ:scholar.google.com/&scioq=%22waist+circumference%22+nigeria&hl=en&as_sdt=0,5&as_ylo=2017&as_yhi=2017&as_vis=1"
222,"ND Ford, SA Patel, KMV Narayan","Obesity in low-and middle-income countries: burden, drivers, and emerging challenges",2017,"Annual review of public …","annualreviews.org","https://www.annualreviews.org/doi/abs/10.1146/annurev-publhealth-031816-044604","https://scholar.google.com/scholar?cites=12591876748823511197&as_sdt=2005&sciodt=0,5&hl=en",551,"2021-07-17 21:08:35","","10.1146/annurev-publhealth-031816-044604","","",,,,,222,55.50,74,3,4,"… prevalence; a 2009 study from seven LMICs—Bahrain, China, Democratic Republic of the Congo, Egypt, Mexico, Nigeria, and Vietnam … However, measures of central adiposity (waist-based measures such as waist circumference, waist–height ratio, and waist–hip ratio) are also …","https://www.annualreviews.org/doi/full/10.1146/annurev-publhealth-031816-044604","https://scholar.google.com/scholar?q=related:nUAgPTBVv64J:scholar.google.com/&scioq=%22waist+circumference%22+nigeria&hl=en&as_sdt=0,5&as_ylo=2017&as_yhi=2017&as_vis=1"
0,"R OM, I Hala, A Allah, M Nancy…","ASSESSMENT OF THE HEALTH RISKS OF THE EXPOSURE TO ORGANOPHOSPHATE AMONG MALES",2017,"Journal of …","jes.journals.ekb.eg","https://jes.journals.ekb.eg/article_19201.html","",552,"2021-07-17 21:08:35","","","","",,,,,0,0.00,0,5,4,"… Waist circumference: Waist was measured with the subject in standing … JC, Jafiya, L., Mohammed, Z. and Abdulrahman, FI, (2013): Organophosphorus pesticide residues in vegetables and soil samples from Alau Dam and Gongulong agricultural areas, Borno State, Nigeria …","https://jes.journals.ekb.eg/article_19201_fa8c155ddef9a9a26df56605125123f8.pdf","https://scholar.google.com/scholar?q=related:VG122F9BeggJ:scholar.google.com/&scioq=%22waist+circumference%22+nigeria&hl=en&as_sdt=0,5&as_ylo=2017&as_yhi=2017&as_vis=1"
0,"T Oni, N Berkowitz, M Kubjane, RT Goliath, NS Levitt…","Trilateral overlap between tuberculosis, diabetes and HIV-1 in a high burden African setting: Implications for TB control",,"spiral.imperial.ac.uk","","https://spiral.imperial.ac.uk/handle/10044/1/47990","",553,"2021-07-17 21:08:35","","","","",,,,,0,0.00,0,6,,"… Weight, height and waist circumference were measured using standardised techniques [32]. Body mass index (BMI) was categorised as underweight <18.5 kg·m −2 … The cut-point for high waist circumference was ⩾94 cm for males and ⩾88 cm for females [32] …","https://spiral.imperial.ac.uk/bitstream/10044/1/47990/2/Accepted%20version%20Oni%20et%20al..pdf","https://scholar.google.com/scholar?q=related:YODWgPy-CFoJ:scholar.google.com/&scioq=%22waist+circumference%22+nigeria&hl=en&as_sdt=0,5&as_ylo=2017&as_yhi=2017&as_vis=1"
1,"M El-Awady, N Abed","A body shape index versus body mass index in the assessment of nutritional status among Egyptian primary school children infected with intestinal …",2017,"Sci J Public Health","bu.edu.eg","https://www.bu.edu.eg/portal/uploads/Medicine/PEDIATRICS/769/publications/Neveen%20Tawfik%20Abed%20Refat_Body%20shape%20index.pdf","https://scholar.google.com/scholar?cites=8228004212172634068&as_sdt=2005&sciodt=0,5&hl=en",554,"2021-07-17 21:08:35","PDF","","","",,,,,1,0.25,1,2,4,"… ABSI is able to account for a person's body shape as it uses height and weight to measure body fat, but along with those two factors, it takes into account waist circumference … On the other hand, other researchers deny this association in Nigeria [28] …","https://www.bu.edu.eg/portal/uploads/Medicine/PEDIATRICS/769/publications/Neveen%20Tawfik%20Abed%20Refat_Body%20shape%20index.pdf","https://scholar.google.com/scholar?q=related:1Lf3tDy-L3IJ:scholar.google.com/&scioq=%22waist+circumference%22+nigeria&hl=en&as_sdt=0,5&as_ylo=2017&as_yhi=2017&as_vis=1"
10,"N Shrestha, NP Bhatt, P Neopane, S Dahal…","Hepatic involvement with elevated liver enzymes in Nepalese subjects with type 2 diabetes mellitus",2017,"Int J Biochem Res …","researchgate.net","https://www.researchgate.net/profile/Rojeet-Shrestha/publication/315712365_Hepatic_Involvement_with_Elevated_Liver_Enzymes_in_Nepalese_Subjects_with_Type_2_Diabetes_Mellitus/links/58ddf89192851cd2d3e3742d/Hepatic-Involvement-with-Elevated-Liver-Enzymes-in-Nepalese-Subjects-with-Type-2-Diabetes-Mellitus.pdf","https://scholar.google.com/scholar?cites=18312977206581898998&as_sdt=2005&sciodt=0,5&hl=en",555,"2021-07-17 21:08:35","PDF","","","",,,,,10,2.50,2,5,4,"… Reviewers: (1) Lorna T. Enerva, Polytechnic University of the Philippines, Philippines. (2) Anthony E. Ojieh, Delta State University, Abraka, Nigeria. (3) Atanas Baltadjiev, Medical University-Plovdiv, Bulgaria … Male/female 39/66 23/29 Waist Circumference (cm) 86±1.27* 81±1.5 …","https://www.researchgate.net/profile/Rojeet-Shrestha/publication/315712365_Hepatic_Involvement_with_Elevated_Liver_Enzymes_in_Nepalese_Subjects_with_Type_2_Diabetes_Mellitus/links/58ddf89192851cd2d3e3742d/Hepatic-Involvement-with-Elevated-Liver-Enzymes-in-Nepalese-Subjects-with-Type-2-Diabetes-Mellitus.pdf","https://scholar.google.com/scholar?q=related:9q4jOr7DJP4J:scholar.google.com/&scioq=%22waist+circumference%22+nigeria&hl=en&as_sdt=0,5&as_ylo=2017&as_yhi=2017&as_vis=1"
0,"JB Albuquerque, WM Silva, MM Barreto…","Incidence of musculoskeletal injuries in professional soccer players from Aracaju/SE-Brazil.",2017,"Motriz: Revista de …","SciELO Brasil","https://www.scielo.br/j/motriz/a/m6YxsgxCgtXHxHPpZydVdML/?lang=en&format=html","",556,"2021-07-17 21:08:35","HTML","","","",,,,,0,0.00,0,4,4,"… Associations of hip and thigh circumferences independent of waist circumference with the incidence of type 2 diabetes: the Hoorn Study. Am J Clin Nutr … An epidemiological study of football (soccer) injuries in Benin City, Nigeria. Br J Sports Med. 2009;43:382-386 …","https://www.scielo.br/j/motriz/a/m6YxsgxCgtXHxHPpZydVdML/?lang=en&format=html","https://scholar.google.com/scholar?q=related:UykpEzfkiGkJ:scholar.google.com/&scioq=%22waist+circumference%22+nigeria&hl=en&as_sdt=0,5&as_ylo=2017&as_yhi=2017&as_vis=1"
0,"AA Aigbiremolen, PRC Esegbue…","Arterial Blood Flow and its Association with BMI in Hypertensive Adult Male Subjects under Resting State",2017,"Journal of Advances …","journaljammr.com","http://www.journaljammr.com/index.php/JAMMR/article/view/11842","",557,"2021-07-17 21:08:35","","","","",,,,,0,0.00,0,3,4,"… population census of Esan West and Esan Central Local Government Area of Edo State, Nigeria, 2006 is 230,000 NPC, (2006) and e = Error tolerance (0.05) … 9. Poirier P, Despres JP. Waist circumference, visceral obesity, and cardiovascular risk. J Cardiopulm Rehabil …","http://www.journaljammr.com/index.php/JAMMR/article/download/11842/21559","https://scholar.google.com/scholar?q=related:oXv1ihkrmuIJ:scholar.google.com/&scioq=%22waist+circumference%22+nigeria&hl=en&as_sdt=0,5&as_ylo=2017&as_yhi=2017&as_vis=1"
31,"HA Reichert, TE Rath","Cardiac surgery in developing countries",2017,"The journal of extra-corporeal technology","ncbi.nlm.nih.gov","https://www.ncbi.nlm.nih.gov/pmc/articles/pmc5474895/","https://scholar.google.com/scholar?cites=14286285717370229208&as_sdt=2005&sciodt=0,5&hl=en",558,"2021-07-17 21:08:35","HTML","","","",,,,,31,7.75,16,2,4,"… 23,24). Zaria, Nigeria, has the highest incidence of PPCM in the world (1 in 100 deliveries). The … recent years. Most experts agree waist circumference is the best measurement for central obesity rather than body mass index. Intra …","https://www.ncbi.nlm.nih.gov/pmc/articles/pmc5474895/","https://scholar.google.com/scholar?q=related:2NGW_yoVQ8YJ:scholar.google.com/&scioq=%22waist+circumference%22+nigeria&hl=en&as_sdt=0,5&as_ylo=2017&as_yhi=2017&as_vis=1"
0,"P KS, R Mohandoss, D Jaiganesh","CORRELATION BETWEEN LIPID PROFILE WITH DURATION, HBa1c VALUES, BMI IN TYPE 2 DM PATIENTS",,"ijbamr.com","","https://www.ijbamr.com/assets/images/issues/pdf/June_2017%20524-529.pdf.pdf","",559,"2021-07-17 21:08:35","PDF","","","",,,,,0,0.00,0,3,,"… To study Body Mass Index,Waist Circumference,Waist Hip Ratio,Body Adiposity Index & Lipid Profile level in patients with type II Diabetes Mellitus.IOSR Journal of … Effect of Body Mass Index on Lipid Profile of Type II diabetic Patients at an Urban Tertiary Hospital in Nigeria …","https://www.ijbamr.com/assets/images/issues/pdf/June_2017%20524-529.pdf.pdf","https://scholar.google.com/scholar?q=related:Qg7UHDZk90MJ:scholar.google.com/&scioq=%22waist+circumference%22+nigeria&hl=en&as_sdt=0,5&as_ylo=2017&as_yhi=2017&as_vis=1"
32,"TS Collese, MV Nascimento-Ferreira…","Role of fruits and vegetables in adolescent cardiovascular health: a systematic review",2017,"Nutrition …","academic.oup.com","https://academic.oup.com/nutritionreviews/article-abstract/75/5/339/3798789","https://scholar.google.com/scholar?cites=6696352639855126541&as_sdt=2005&sciodt=0,5&hl=en",560,"2021-07-17 21:08:35","","","","",,,,,32,8.00,11,3,4,"Context: Levels of fruit and vegetable consumption are low among adolescents, and the possible effect of this on cardiovascular health in this age group is unde.","https://www.researchgate.net/profile/Tatiana-Collese/publication/316737492_Role_of_fruits_and_vegetables_in_adolescent_cardiovascular_health_A_systematic_review/links/5bb78e62299bf1049b6ff4a5/Role-of-fruits-and-vegetables-in-adolescent-cardiovascular-health-A-systematic-review.pdf","https://scholar.google.com/scholar?q=related:DWhQRT857lwJ:scholar.google.com/&scioq=%22waist+circumference%22+nigeria&hl=en&as_sdt=0,5&as_ylo=2017&as_yhi=2017&as_vis=1"
40,"AM Vaiserman","Early-life nutritional programming of type 2 diabetes: experimental and quasi-experimental evidence",2017,"Nutrients","mdpi.com","https://www.mdpi.com/184406","https://scholar.google.com/scholar?cites=3689045836313606005&as_sdt=2005&sciodt=0,5&hl=en",561,"2021-07-17 21:08:35","","","","",,,,,40,10.00,40,1,4,"Consistent evidence from both experimental and human studies suggest that inadequate nutrition in early life can contribute to risk of developing metabolic disorders including type 2 diabetes (T2D) in adult life. In human populations, most findings supporting a causative relationship …","https://www.mdpi.com/2072-6643/9/3/236/pdf","https://scholar.google.com/scholar?q=related:dTebiaQfMjMJ:scholar.google.com/&scioq=%22waist+circumference%22+nigeria&hl=en&as_sdt=0,5&as_ylo=2017&as_yhi=2017&as_vis=1"
1,"VK Moselakgomo, M Van Staden","Predictors of obesity and cardiometabolic disease risk in South African children",2017,"South African Journal of Child Health","ajol.info","https://www.ajol.info/index.php/sajchh/article/view/165269","https://scholar.google.com/scholar?cites=3720839015261258061&as_sdt=2005&sciodt=0,5&hl=en",562,"2021-07-17 21:08:35","","","","",,,,,1,0.25,1,2,4,"Page 1. RESEARCH 187 SAJCH DECEMBER 2017 Vol. 11 No. 4 Obesity is a major public health problem in developed countries and is fast becoming a growing threat to human health in developing nations.[1] In recent years …","https://www.ajol.info/index.php/sajchh/article/view/165269/154729","https://scholar.google.com/scholar?q=related:TcEP214TozMJ:scholar.google.com/&scioq=%22waist+circumference%22+nigeria&hl=en&as_sdt=0,5&as_ylo=2017&as_yhi=2017&as_vis=1"
0,"A Fatima, H Shmaila","Impact of breast hypertrophy on musculoskeletal pain, sexual function and physical activity.",2017,"Archives of Physiotherapy & Global …","search.ebscohost.com","http://search.ebscohost.com/login.aspx?direct=true&profile=ehost&scope=site&authtype=crawler&jrnl=23534389&AN=124099260&h=O1quOArWlIwrsO56YaXNpFT2PTHQhdf6VpAFL4TXgWfNvAk7KvQItIWcCHISwzlPJAmcZc4SSR%2Ftfjn0Rbfqpw%3D%3D&crl=c","",563,"2021-07-17 21:08:35","","","","",,,,,0,0.00,0,2,4,"… RM, Bouchard C., Berenson GS Combined influence of body mass index and waist circumference on coronary … Association between suitability of bra fit and pectoral girdle myalgia in Nigerian women … 10 Mundubawa Avenue (Beside Mallam Shekarau's Residence) Kano Nigeria …","","https://scholar.google.com/scholar?q=related:X6AGtAe8nXsJ:scholar.google.com/&scioq=%22waist+circumference%22+nigeria&hl=en&as_sdt=0,5&as_ylo=2017&as_yhi=2017&as_vis=1"
0,"AF Bpt, H Shmaila","Impact of breast hypertrophy on musculoskeletal pain, sexual function and physical activity",2017,"","apgr.wssp.edu.pl","http://apgr.wssp.edu.pl/wp-content/uploads/2017/07/APGR-czerwiec-2017-4-Fatima.pdf","",564,"2021-07-17 21:08:35","PDF","","","",,,,,0,0.00,0,2,4,"… RM, Bouchard C., Berenson GS Combined influence of body mass index and waist circumference on coronary … Association between suitability of bra fit and pectoral girdle myalgia in Nigerian women … 10 Mundubawa Avenue (Beside Mallam Shekarau's Residence) Kano Nigeria …","http://apgr.wssp.edu.pl/wp-content/uploads/2017/07/APGR-czerwiec-2017-4-Fatima.pdf","https://scholar.google.com/scholar?q=related:fT8ApV1iABYJ:scholar.google.com/&scioq=%22waist+circumference%22+nigeria&hl=en&as_sdt=0,5&as_ylo=2017&as_yhi=2017&as_vis=1"
36,"LM Jaacks, J Kavle, A Perry, A Nyaku","Programming maternal and child overweight and obesity in the context of undernutrition: current evidence and key considerations for low-and middle-income …",2017,"Public Health Nutrition","cambridge.org","https://www.cambridge.org/core/journals/public-health-nutrition/article/programming-maternal-and-child-overweight-and-obesity-in-the-context-of-undernutrition-current-evidence-and-key-considerations-for-low-and-middleincome-countries/D794ED6B497DB93A6A39978D359E3082","https://scholar.google.com/scholar?cites=16359821596568715269&as_sdt=2005&sciodt=0,5&hl=en",565,"2021-07-17 21:08:35","","","","",,,,,36,9.00,9,4,4,"… communicable diseases; scale up community screening of BMI and waist circumference; and improve … In Nigeria, receiving information on gestational weight gain from multiple health-care … However, although 57 % of Nigerian mothers were counselled on the risks associated …","https://www.cambridge.org/core/services/aop-cambridge-core/content/view/D794ED6B497DB93A6A39978D359E3082/S1368980016003323a.pdf/programming-maternal-and-child-overweight-and-obesity-in-the-context-of-undernutrition-current-evidence-and-key-considerations-for-low-and-middle-income-countries.pdf","https://scholar.google.com/scholar?q=related:BQA-ZBDDCeMJ:scholar.google.com/&scioq=%22waist+circumference%22+nigeria&hl=en&as_sdt=0,5&as_ylo=2017&as_yhi=2017&as_vis=1"
0,"JA Jumare","Association of Body Mass Index and Viral Burden with Neurocognitive Performance among HIV-1 Infected Patients",2017,"","search.proquest.com","https://search.proquest.com/openview/6b557e140b2327e3701d6c74309233bb/1?pq-origsite=gscholar&cbl=18750","",566,"2021-07-17 21:08:35","","","","",,,,,0,0.00,0,1,4,"… 2015 American Academy of Neurology (AAN) 2015 International Society of Neurovirology (ISNV) 2010 Nigerian Infectious Disease Society (NIDS) 2005 Royal College of Physicians of Ireland (RCPI) 1995 Medical and Dental Council of Nigeria Peer-reviewed publications …","https://archive.hshsl.umaryland.edu/bitstream/handle/10713/6753/Jumare_umaryland_0373D_10817.pdf?sequence=1&isAllowed=y","https://scholar.google.com/scholar?q=related:SSlwF0KTL98J:scholar.google.com/&scioq=%22waist+circumference%22+nigeria&hl=en&as_sdt=0,5&as_ylo=2017&as_yhi=2017&as_vis=1"
6,"MD ISAH","SPIROMETRIC EVALUATION OF VENTILATORY FUNCTION OF ADULT MALE CIGARETTE SMOKERS IN SOKOTO METROPOLIS",2017,"Faculty of INTERNAL MEDICINE","dissertation.npmcn.edu.ng","http://www.dissertation.npmcn.edu.ng/index.php/FMCP/article/download/376/814","https://scholar.google.com/scholar?cites=17030933045954991896&as_sdt=2005&sciodt=0,5&hl=en",567,"2021-07-17 21:08:35","PDF","","","",,,,,6,1.50,6,1,4,"… function among cigarette smokers in Nigeria. In a study carried out among about 200 Nigerian firefighters (100 smokers and 101 non smokers) in Lagos, prevalence of symptoms indicative of respiratory disorder was similar in …","http://www.dissertation.npmcn.edu.ng/index.php/FMCP/article/download/376/814","https://scholar.google.com/scholar?q=related:GNebHV8HWuwJ:scholar.google.com/&scioq=%22waist+circumference%22+nigeria&hl=en&as_sdt=0,5&as_ylo=2017&as_yhi=2017&as_vis=1"
0,"S Rai, T Bharmal, V Sanghavi, D Rai","Microvascular Complications in Newly Diagnosed Patients of Type2 Diabetes Mellitus",2017,"","ijpsm.com","https://ijpsm.com/Publish/Aug2017/V2I802.pdf","",568,"2021-07-17 21:08:35","PDF","","","",,,,,0,0.00,0,4,4,"… metabolic syndrome includes 3 central obesity (waist circumference >90cm in males and >80cm in females),hypertrigylceridemia (triglyceride levels >150mg/dl or … M. Plasma glucose, creatinine and urea levels in type 2 diabetic patients attending a Nigerian teaching hospital …","https://ijpsm.com/Publish/Aug2017/V2I802.pdf","https://scholar.google.com/scholar?q=related:kS9MpKUGyf4J:scholar.google.com/&scioq=%22waist+circumference%22+nigeria&hl=en&as_sdt=0,5&as_ylo=2017&as_yhi=2017&as_vis=1"
42,"E Bąk, C Marcisz, S Krzemińska…","Relationships of sexual dysfunction with depression and acceptance of illness in women and men with type 2 diabetes mellitus",2017,"International journal of …","mdpi.com","https://www.mdpi.com/224332","https://scholar.google.com/scholar?cites=12478771907344454117&as_sdt=2005&sciodt=0,5&hl=en",569,"2021-07-17 21:08:35","","","","",,,,,42,10.50,11,4,4,"… Both of the studied groups (Group I and II) were older in comparison to respective control groups CI and CII, and they differed significantly in body mass index, waist circumference, waist to hip ratio, systolic and diastolic blood pressure, glucose fasting, glucose post-meal, total …","https://www.mdpi.com/1660-4601/14/9/1073/pdf","https://scholar.google.com/scholar?q=related:5dFjMu-ALa0J:scholar.google.com/&scioq=%22waist+circumference%22+nigeria&hl=en&as_sdt=0,5&as_ylo=2017&as_yhi=2017&as_vis=1"
0,"BP Kianu, C Annis, S Moussa, EV Kintoki…","Left Ventricular Measurements in Black Sub-Saharan Africans and White Maghreb",2017,"World Journal of …","scirp.org","https://www.scirp.org/html/2-1910652_77195.htm","",570,"2021-07-17 21:08:35","HTML","","","",,,,,0,0.00,0,5,4,"… BSSA: Black Sub-Saharan African, BMI: body mass index, WC: waist circumference, HC: hip circumference, WHC: waist-to-hip … Republic, Cameroon, Togo, Chad, Zimbabwe, Tanzania, Angola, Sudan, Somalia, Madagascar, Mauritius, Comoros, Senegal, Nigeria, and Mauritania …","https://www.scirp.org/html/2-1910652_77195.htm","https://scholar.google.com/scholar?q=related:yFQ5HHpCePUJ:scholar.google.com/&scioq=%22waist+circumference%22+nigeria&hl=en&as_sdt=0,5&as_ylo=2017&as_yhi=2017&as_vis=1"
0,"ALTA Transaminase…","LISTA DE ABREVIATURAS E SIGLAS",2017,"… , Alinne Paula de …","posnutricao.ufv.br","http://www.posnutricao.ufv.br/wp-content/uploads/2019/08/Alinne-de-Almeida1.pdf#page=10","",571,"2021-07-17 21:08:35","PDF","","","",,,,,0,0.00,0,2,4,"… In addition, between delta waist circumference and sum total (r=-496, p< 0.05);(R=-0.600, p< 0.05), and summation-Subcomponent … Health managers' perception of the primary health care management information system: a case of Bama Local Government in northern Nigeria …","http://www.posnutricao.ufv.br/wp-content/uploads/2019/08/Alinne-de-Almeida1.pdf#page=10","https://scholar.google.com/scholar?q=related:qzeOHLtDmNwJ:scholar.google.com/&scioq=%22waist+circumference%22+nigeria&hl=en&as_sdt=0,5&as_ylo=2017&as_yhi=2017&as_vis=1"
0,"K Saranya Devi","A Study on Visceral Adiposity Index in patients with Acute Coronary Syndrome",2017,"","repository-tnmgrmu.ac.in","http://repository-tnmgrmu.ac.in/4376/","",572,"2021-07-17 21:08:35","","","","",,,,,0,0.00,0,1,4,"… ASSESSMENT OF OBESITY • BMI • Waist Circumference • Waist-Hip Ratio • Skin Fold Measurement • Bio Electrical Impedence • DEXA • MRI • CT … CHD Coronary Heart Disease BMI Body Mass Index WC Waist Circumference TG Triglycerides HDL High Density Lipoprotein …","http://repository-tnmgrmu.ac.in/4376/1/200100617saranyadevi.pdf","https://scholar.google.com/scholar?q=related:3XGcRg1RJDwJ:scholar.google.com/&scioq=%22waist+circumference%22+nigeria&hl=en&as_sdt=0,5&as_ylo=2017&as_yhi=2017&as_vis=1"
72,"SD Pastakia, CR Pekny, SM Manyara…","Diabetes in sub-Saharan Africa–from policy to practice to progress: targeting the existing gaps for future care for diabetes",2017,"… syndrome and obesity …","ncbi.nlm.nih.gov","https://www.ncbi.nlm.nih.gov/pmc/articles/PMC5489055/","https://scholar.google.com/scholar?cites=13741447619190576317&as_sdt=2005&sciodt=0,5&hl=en",573,"2021-07-17 21:08:35","HTML","","","",,,,,72,18.00,18,4,4,"","https://www.ncbi.nlm.nih.gov/pmc/articles/PMC5489055/","https://scholar.google.com/scholar?q=related:vdR96c1ts74J:scholar.google.com/&scioq=%22waist+circumference%22+nigeria&hl=en&as_sdt=0,5&as_ylo=2017&as_yhi=2017&as_vis=1"
0,"S Mhlanga","Weight, chronic disease risk and physical activity levels of rural and urban women in Zimbabwe.",2017,"","ukzn-dspace.ukzn.ac.za","http://ukzn-dspace.ukzn.ac.za/handle/10413/17515","",574,"2021-07-17 21:08:35","","","","",,,,,0,0.00,0,1,4,"… Table 1: Classification of Overweight and Obesity by BMI, Waist Circumference and Associated Disease Risk……………7 … Figure 5: Waist circumference (cm) for the rural and urban groups ……………48 …","https://ukzn-dspace.ukzn.ac.za/bitstream/handle/10413/17515/Mhlanga%20_Sinikiwe_2017.pdf.pdf?sequence=1&isAllowed=y","https://scholar.google.com/scholar?q=related:NTod1_B_paoJ:scholar.google.com/&scioq=%22waist+circumference%22+nigeria&hl=en&as_sdt=0,5&as_ylo=2017&as_yhi=2017&as_vis=1"
0,"B Muhammad","Investigating the influence of lifestyle factors affecting children's weight status in a sample of deprived multi-ethnic children",2017,"","pureportal.coventry.ac.uk","https://pureportal.coventry.ac.uk/files/30305700/Bilal_Muhammad_MSc_Pure.pdf","",575,"2021-07-17 21:08:35","PDF","","","",,,,,0,0.00,0,1,4,"… Body composition and weight status were examined using height, body mass, body mass index (BMI), waist circumference (WC), waist-to-hip ratio (WHR), and bio-electrical impedance analysis (BIA). Accelerometers were used to objectively measure physical activity (PA) …","https://pureportal.coventry.ac.uk/files/30305700/Bilal_Muhammad_MSc_Pure.pdf","https://scholar.google.com/scholar?q=related:WjEttvlyuyQJ:scholar.google.com/&scioq=%22waist+circumference%22+nigeria&hl=en&as_sdt=0,5&as_ylo=2017&as_yhi=2017&as_vis=1"
2,"JC Tapia-Rivera, LM Baltazar-Rodríguez…","The rs4285184 polymorphism of the MGAT1 gene as a risk factor for obesity in the Mexican population",2017,"… Clínica (English Edition)","Elsevier","https://www.sciencedirect.com/science/article/pii/S2387020617301183","https://scholar.google.com/scholar?cites=14559165533784724964&as_sdt=2005&sciodt=0,5&hl=en",576,"2021-07-17 21:08:35","","","","",,,,,2,0.50,1,3,4,"… In our study on a Mexican population, the rs4285184 polymorphism of the MGAT1 gene presented with a lower allelic frequency (49.19%), compared with a Nigerian population (75.8%); 14 it was higher than those reported in Greece (30.3%) and Sweden (27%) 7 and in a …","","https://scholar.google.com/scholar?q=related:5FVZS-qLDMoJ:scholar.google.com/&scioq=%22waist+circumference%22+nigeria&hl=en&as_sdt=0,5&as_ylo=2017&as_yhi=2017&as_vis=1"
3,"R Sivagamasundari","Anti-Hyperlipidemic Activity of Aerial Parts of Delonix Elata on High Cholesterol Diet Induced Hyperlipidemia in Rats",2017,"","repository-tnmgrmu.ac.in","http://repository-tnmgrmu.ac.in/6416/","https://scholar.google.com/scholar?cites=10822949871059011050&as_sdt=2005&sciodt=0,5&hl=en",577,"2021-07-17 21:08:35","","","","",,,,,3,0.75,3,1,4,"… BMI 40 or higher Severely obese Although there is a correlation between obesity and cardiac disease, BMI is not a precise predictor of cardiovascular disease; absolute waist circumference or … waist: hip ratio, so either waist circumference alone or sagittal abdominal diameter …","http://repository-tnmgrmu.ac.in/6416/1/260415317sivagamasundari.pdf","https://scholar.google.com/scholar?q=related:6gVVtpDXMpYJ:scholar.google.com/&scioq=%22waist+circumference%22+nigeria&hl=en&as_sdt=0,5&as_ylo=2017&as_yhi=2017&as_vis=1"
28,"AE Schutte, S Botha, CMT Fourie…","Recent advances in understanding hypertension development in sub-Saharan Africa",2017,"Journal of human …","nature.com","https://www.nature.com/articles/jhh201718","https://scholar.google.com/scholar?cites=16876443985351680136&as_sdt=2005&sciodt=0,5&hl=en",578,"2021-07-17 21:08:35","","","","",,,,,28,7.00,7,4,4,"Consistent reports indicate that hypertension is a particularly common finding in black populations. Hypertension occurs at younger ages and is often more severe in terms of blood pressure levels and organ damage than in whites, resulting in a higher incidence of cardiovascular …","https://arro.anglia.ac.uk/id/eprint/701590/1/Schutte_2017.pdf","https://scholar.google.com/scholar?q=related:iCCqsmMsNeoJ:scholar.google.com/&scioq=%22waist+circumference%22+nigeria&hl=en&as_sdt=0,5&as_ylo=2017&as_yhi=2017&as_vis=1"
1,"RA HABIBU","Assessment of risk factors and quality of life of patients with diabetes mellitus foot syndrome in Kano",2017,"Faculty of INTERNAL MEDICINE","dissertation.npmcn.edu.ng","http://dissertation.npmcn.edu.ng/index.php/FMCP/article/download/414/779","https://scholar.google.com/scholar?cites=12395906212777564006&as_sdt=2005&sciodt=0,5&hl=en",579,"2021-07-17 21:08:35","PDF","","","",,,,,1,0.25,1,1,4,"… WHR Short Form 36 Vibration Perception Threshold Waist Circumference World Health Organization … Africa to 26.5% in Kenya, 38% in Burkina fasso and 33% in Tanzania.18 In Nigeria … 58% of major limb amputation over a 5-year period in a Nigerian tertiary hospital.19,24 …","http://dissertation.npmcn.edu.ng/index.php/FMCP/article/download/414/779","https://scholar.google.com/scholar?q=related:ZheqMQYbB6wJ:scholar.google.com/&scioq=%22waist+circumference%22+nigeria&hl=en&as_sdt=0,5&as_ylo=2017&as_yhi=2017&as_vis=1"
1,"PPM Dapare, Y Adams, EK Djabuni, I Osei…","Nutrient Intake, Physical Activity and Nutritional Status Among Second Cycle Students in Tamale, Ghana",2017,"Journal of Medical and …","ajol.info","https://www.ajol.info/index.php/jmbs/article/view/162505","https://scholar.google.com/scholar?cites=7959985879926117633&as_sdt=2005&sciodt=0,5&hl=en",580,"2021-07-17 21:08:35","","","","",,,,,1,0.25,0,5,4,"… and an electronic scale re- spectively and a measuring tape was used to measure both the waist circumference and hip … (2014) in a similar Nigerian pop- ulation … status and knowledge of students from selected sec- ondary schools in Sokoto metropolis, Soko- to State, Nigeria …","https://www.ajol.info/index.php/jmbs/article/view/162505/152011","https://scholar.google.com/scholar?q=related:ARUf5vuMd24J:scholar.google.com/&scioq=%22waist+circumference%22+nigeria&hl=en&as_sdt=0,5&as_ylo=2017&as_yhi=2017&as_vis=1"
15,"F Assah, JC Mbanya","Diabetes in sub-saharan Africa",2017,"Diabetes mellitus in developing countries and …","Springer","https://link.springer.com/content/pdf/10.1007/978-3-319-41559-8_3.pdf","https://scholar.google.com/scholar?cites=722071619671643410&as_sdt=2005&sciodt=0,5&hl=en",581,"2021-07-17 21:08:35","","10.1007/978-3-319-41559-8_3","","",,,,,15,3.75,8,2,4,"… Studies conducted in African countries (Ghana [ 49, 50], Togo [ 51], Rwanda [ 52], South Africa [ 53] and Nigeria [ 69]) have reported sig- nificant … BMI (BMI-specific rates) [ 24, 26, 32, 56], waist-hip ratio (WHR-specific rates) [ 20, 24, 57] and waist circumference (WC-specific rates …","http://ndl.ethernet.edu.et/bitstream/123456789/41086/1/pdf.119#page=44","https://scholar.google.com/scholar?q=related:ElXr-E9QBQoJ:scholar.google.com/&scioq=%22waist+circumference%22+nigeria&hl=en&as_sdt=0,5&as_ylo=2017&as_yhi=2017&as_vis=1"
0,"M Manafe, P Chelule, S Madiba","The perceptions of body weight and the risk of obesity in a multicultural South African environment: a mixed-methods study.",2017,"","repository.smu.ac.za","https://repository.smu.ac.za/handle/20.500.12308/549","",582,"2021-07-17 21:08:35","","","","",,,,,0,0.00,0,3,4,"Page 1. THE PERCEPTIONS OF BODY WEIGHT AND THE RISK OF OBESITY IN A MULTICULTURAL SOUTH AFRICAN ENVIRONMENT: A MIXED-METHODS STUDY A Dissertation By Mashudu Manafe Submitted in partial fulfillment of the requirements of the degree …","https://repository.smu.ac.za/xmlui/bitstream/handle/20.500.12308/549/MManafe%20DrPh.pdf?sequence=1&isAllowed=y","https://scholar.google.com/scholar?q=related:X6-6DPnD4ckJ:scholar.google.com/&scioq=%22waist+circumference%22+nigeria&hl=en&as_sdt=0,5&as_ylo=2017&as_yhi=2017&as_vis=1"
1,"VCD Antonio, CMM Victoria","Prevalence of abdominal obesity and associated factors in university students of Ecuador",2017,"Int J Pharma Res Health Sci","academia.edu","https://www.academia.edu/download/52123569/10.vol5-issue1-2017-MS-15380.pdf","https://scholar.google.com/scholar?cites=10985304110710606241&as_sdt=2005&sciodt=0,5&hl=en",583,"2021-07-17 21:08:35","PDF","","","",,,,,1,0.25,1,2,4,"… 6, 19, 3 Other studies have shown alterations in their BMI as being overweight, but have not been classified as obesity and did not measure waist circumference … Correlation of obesity indicies and blood pressure among non obese adults in Zaria, Northern Nigeria …","https://www.academia.edu/download/52123569/10.vol5-issue1-2017-MS-15380.pdf","https://scholar.google.com/scholar?q=related:oUmL1OKjc5gJ:scholar.google.com/&scioq=%22waist+circumference%22+nigeria&hl=en&as_sdt=0,5&as_ylo=2017&as_yhi=2017&as_vis=1"
0,"RWJF de Freitas","Comparison of three criteria for metabolic syndrome among Brazilian university students Roberto Wagner Júnior Freire de Freitas, Márcio Flávio Moura de …",,"researchgate.net","","https://www.researchgate.net/profile/Marcio-Flavio-Araujo/publication/317145583_Comparison_of_three_criteria_for_metabolic_syndrome_among_Brazilian_university_students/links/5b4e8da0aca27217ff9ea0fa/Comparison-of-three-criteria-for-metabolic-syndrome-among-Brazilian-university-students.pdf","",584,"2021-07-17 21:08:35","PDF","","","",,,,,0,0.00,0,1,,"… Page 6. The principal grouping of components of MetS identified, independent of the criteria used, was high waist circumference, triglycerides and blood pressure, namely: IDF (46.0%) … Brazil, Nigeria and Colombia have observed the same finding: the IDF criteria presented …","https://www.researchgate.net/profile/Marcio-Flavio-Araujo/publication/317145583_Comparison_of_three_criteria_for_metabolic_syndrome_among_Brazilian_university_students/links/5b4e8da0aca27217ff9ea0fa/Comparison-of-three-criteria-for-metabolic-syndrome-among-Brazilian-university-students.pdf","https://scholar.google.com/scholar?q=related:dm82jEum5z8J:scholar.google.com/&scioq=%22waist+circumference%22+nigeria&hl=en&as_sdt=0,5&as_ylo=2017&as_yhi=2017&as_vis=1"
0,"CO Agomo","Strategies enhancing the public health role of community pharmacists in the UK",2017,"","eprints.mdx.ac.uk","http://eprints.mdx.ac.uk/21808/","",585,"2021-07-17 21:08:35","","","","",,,,,0,0.00,0,1,4,"Page 1. Middlesex University Research Repository An open access repository of Middlesex University research http://eprints.mdx.ac.uk Agomo, Chijioke O. (2017) Strategies enhancing the public health role of community pharmacists in the UK …","http://eprints.mdx.ac.uk/21808/1/COAgomo%20thesis.pdf","https://scholar.google.com/scholar?q=related:lwaq7CgDkFgJ:scholar.google.com/&scioq=%22waist+circumference%22+nigeria&hl=en&as_sdt=0,5&as_ylo=2017&as_yhi=2017&as_vis=1"
1,"PS Singh, KS Zafar, M Kumar…","Risk of cardiovascular disease among diabetic patients in rural population of Central India",2017,"International Journal of …","researchgate.net","https://www.researchgate.net/profile/Sudhir-K-Yadav-2/publication/315989848_Risk_of_cardiovascular_disease_among_diabetic_patients_in_rural_population_of_Central_India/links/600bbdc3a6fdccdcb872f32e/Risk-of-cardiovascular-disease-among-diabetic-patients-in-rural-population-of-Central-India.pdf","https://scholar.google.com/scholar?cites=10691804223211273729&as_sdt=2005&sciodt=0,5&hl=en",586,"2021-07-17 21:08:35","PDF","","","",,,,,1,0.25,0,4,4,"… Waist hip ratio (WHR) and waist height ratio (WHtR) were calculated. The patients were classified on the basis of body mass index (BMI) using WHO classification.14-16 Central obesity was assessed by using WC (waist circumference), WHR and WHtR standard criteria.15-17 …","https://www.researchgate.net/profile/Sudhir-K-Yadav-2/publication/315989848_Risk_of_cardiovascular_disease_among_diabetic_patients_in_rural_population_of_Central_India/links/600bbdc3a6fdccdcb872f32e/Risk-of-cardiovascular-disease-among-diabetic-patients-in-rural-population-of-Central-India.pdf","https://scholar.google.com/scholar?q=related:AX6HHEvrYJQJ:scholar.google.com/&scioq=%22waist+circumference%22+nigeria&hl=en&as_sdt=0,5&as_ylo=2017&as_yhi=2017&as_vis=1"
0,"LM Mwangala, R Waihenya…","Association of Body Mass Index, Waist-Hip Ratio, Zinc, Copper, CD4+ T Cells Count and Viral Load in Early HIV Infection in ART Naïve HIV Infected Adults in Taita …",2017,"… Research Journal for …","asrjetsjournal.org","http://asrjetsjournal.org/index.php/American_Scientific_Journal/article/view/3560","",587,"2021-07-17 21:08:35","","","","",,,,,0,0.00,0,3,4,"… HIV infected women usually have normal body weight and are significantly more likely than not infected women to show the features of central obesity as a result of increased waist circumference and low hip circumference … “Studies on disease markers in a Nigerian community” …","https://asrjetsjournal.org/index.php/American_Scientific_Journal/article/download/3560/1316","https://scholar.google.com/scholar?q=related:bopGWSbSORYJ:scholar.google.com/&scioq=%22waist+circumference%22+nigeria&hl=en&as_sdt=0,5&as_ylo=2017&as_yhi=2017&as_vis=1"
14,"G Amah, R Ouardani…","Extreme-dipper profile, increased aortic stiffness, and impaired subendocardial viability in hypertension",2017,"American journal of …","academic.oup.com","https://academic.oup.com/ajh/article-abstract/30/4/417/2964696","https://scholar.google.com/scholar?cites=750779615502285946&as_sdt=2005&sciodt=0,5&hl=en",588,"2021-07-17 21:08:35","","","","",,,,,14,3.50,5,3,4,"… Age, gender height, weight, body mass index, waist circumference, smoking status, dyslipidemia, and antihypertensive and adjuvant drug therapies initiated before hospitalization were documented for each patient (Table 1 and Supplementary Table 1). In addition, noninvasive …","https://academic.oup.com/ajh/article/30/4/417/2964696","https://scholar.google.com/scholar?q=related:ejyeHhVOawoJ:scholar.google.com/&scioq=%22waist+circumference%22+nigeria&hl=en&as_sdt=0,5&as_ylo=2017&as_yhi=2017&as_vis=1"
0,"CU Nduka","Antiretroviral Therapy and Increased Blood Pressure in People Living with HIV in a sub-Saharan African Setting: investigating a plausible causal link using …",2017,"","core.ac.uk","https://core.ac.uk/download/pdf/80791136.pdf","",589,"2021-07-17 21:08:35","PDF","","","",,,,,0,0.00,0,1,4,"… 124 Figure 10.5: Analysis of publication bias in the association between antiretroviral therapy and waist circumference ..... 125 … 154 Figure 16.1: Map of Nigeria showing HIV prevalence by state (2014)… ... 165 …","https://core.ac.uk/download/pdf/80791136.pdf","https://scholar.google.com/scholar?q=related:PeAw5Sf7xhYJ:scholar.google.com/&scioq=%22waist+circumference%22+nigeria&hl=en&as_sdt=0,5&as_ylo=2017&as_yhi=2017&as_vis=1"
0,"S Geremew, B Tizazu","Developing Anthropometric Standards for Ethiopian Clothing Design",,"researchgate.net","","https://www.researchgate.net/profile/Shimelis-Meselu/publication/317174874_Developing_Anthropometric_Standards_for_Ethiopian_Clothing_Design/links/598aac6c45851519f1083b30/Developing-Anthropometric-Standards-for-Ethiopian-Clothing-Design.pdf","",590,"2021-07-17 21:08:35","PDF","","","",,,,,0,0.00,0,2,,"… These two components will have their own requirements and specifications. The design will take: waist circumference, hip circumference, back crotch depth, front crotch depth, length, inner seam, knee width, hem circumference measurements …","https://www.researchgate.net/profile/Shimelis-Meselu/publication/317174874_Developing_Anthropometric_Standards_for_Ethiopian_Clothing_Design/links/598aac6c45851519f1083b30/Developing-Anthropometric-Standards-for-Ethiopian-Clothing-Design.pdf","https://scholar.google.com/scholar?q=related:7LRf8ZVHejIJ:scholar.google.com/&scioq=%22waist+circumference%22+nigeria&hl=en&as_sdt=0,5&as_ylo=2017&as_yhi=2017&as_vis=1"
0,"NR MOHAMMED","ASSESSMENT OF RISK FACTORS FOR FOOT ULCERATION AND ITS RELATIONSHIP TO SOME CLINICAL VARIABLES AMONG PATIENTS WITH TYPE 2 …",2017,"Faculty of INTERNAL MEDICINE","dissertation.npmcn.edu.ng","http://www.dissertation.npmcn.edu.ng/index.php/FMCP/article/download/413/780","",591,"2021-07-17 21:08:35","PDF","","","",,,,,0,0.00,0,1,4,"… VPT - Vibration Perception Threshold WC - Waist Circumference WHO -- World Health Organization WHR - Waist Hip … including Nigeria where the incidence is high but sophisticated and efficient … factors for diabetic foot ulceration amongst Nigerians will create awareness among …","http://www.dissertation.npmcn.edu.ng/index.php/FMCP/article/download/413/780","https://scholar.google.com/scholar?q=related:BPVTveIdFt0J:scholar.google.com/&scioq=%22waist+circumference%22+nigeria&hl=en&as_sdt=0,5&as_ylo=2017&as_yhi=2017&as_vis=1"
0,"R Saratha","Pharmacological Evaluation of Ethanolic Extract of Withania Coagulans Dunal (Flower Buds)",2017,"","repository-tnmgrmu.ac.in","http://repository-tnmgrmu.ac.in/5290/","",592,"2021-07-17 21:08:35","","","","",,,,,0,0.00,0,1,4,"Page 1. PHARMACOLOGICAL EVALUATION OF ETHANOLIC EXTRACT OF WITHANIA COAGULANS DUNAL (FLOWER BUDS) A Dissertation submitted to THE TAMIL NADU DR. MGR MEDICAL UNIVERSITY CHENNAI - 600 032 …","http://repository-tnmgrmu.ac.in/5290/1/260417_261525152_Saratha_R.pdf","https://scholar.google.com/scholar?q=related:jCt8G0NDu7EJ:scholar.google.com/&scioq=%22waist+circumference%22+nigeria&hl=en&as_sdt=0,5&as_ylo=2017&as_yhi=2017&as_vis=1"
1,"C Abrori, L Tiya, D Rosalina","Slow Release Metformin Effect in Weight Loss and Total Calorie Intake in Obese Volunteers",2017,"Journal of Agromedicine and Medical …","jurnal.unej.ac.id","http://jurnal.unej.ac.id/index.php/JAMS/article/view/4098","https://scholar.google.com/scholar?cites=4487767881696207566&as_sdt=2005&sciodt=0,5&hl=en",593,"2021-07-17 21:08:35","","","","",,,,,1,0.25,0,3,4,"… 2009. Relation of Body Mass Index with Lipid Profile and Blood Pressure in Healthy Female of Lowereconomy Group in Kaduna Northern Nigeria. Asian Journal of Medical Sciences; 1(3): 94-96 … 2009. Waist circumference as a predictor for blood glucose levels in adulst …","http://jurnal.unej.ac.id/index.php/JAMS/article/download/4098/3204","https://scholar.google.com/scholar?q=related:zuLodhzBRz4J:scholar.google.com/&scioq=%22waist+circumference%22+nigeria&hl=en&as_sdt=0,5&as_ylo=2017&as_yhi=2017&as_vis=1"
3,"A VERGARA-CASTAÑEDA…","Trends in the prevalence of hypertension among children and adolescents during 2000-2014",2017,"Revista del Centro de …","redalyc.org","https://www.redalyc.org/pdf/342/34252306004.pdf","https://scholar.google.com/scholar?cites=3439362755800828558&as_sdt=2005&sciodt=0,5&hl=en",594,"2021-07-17 21:08:35","PDF","","","",,,,,3,0.75,2,2,4,"… 2010) México 12→16 458 3.7 10.4 14.1 (Vergara-Castañeda A 2010) Mexico 8→10 83 51.1 44.7 48.2 (Dyson P 2013) Mexico 12→18 4089 15 13.3 14.1 (Okoh BA 2012) Nigeria 6→12 1302 3.9 5.3 4.7 (Ujunwa FA 2013) Nigeria 10→18 2694 3.8 6.9 5.4 (Báez de Ladoux D","https://www.redalyc.org/pdf/342/34252306004.pdf","https://scholar.google.com/scholar?q=related:joo3MTQSuy8J:scholar.google.com/&scioq=%22waist+circumference%22+nigeria&hl=en&as_sdt=0,5&as_ylo=2017&as_yhi=2017&as_vis=1"
16,"S Anand, D Kondal, M Montez-Rath, Y Zheng…","Prevalence of chronic kidney disease and risk factors for its progression: a cross-sectional comparison of Indians living in Indian versus US cities",2017,"PLoS …","journals.plos.org","https://journals.plos.org/plosone/article?id=10.1371/journal.pone.0173554","https://scholar.google.com/scholar?cites=13718426427069120131&as_sdt=2005&sciodt=0,5&hl=en",595,"2021-07-17 21:08:35","HTML","","","",,,,,16,4.00,3,5,4,"… For example, three West African populations studied along “the migration ladder”—living in Nigeria, Jamaica, and the US … Both studies also obtained weight, height, waist circumference, and hip circumference measurements using protocols similar to those employed for the US …","https://journals.plos.org/plosone/article?id=10.1371/journal.pone.0173554","https://scholar.google.com/scholar?q=related:gz7J7iakYb4J:scholar.google.com/&scioq=%22waist+circumference%22+nigeria&hl=en&as_sdt=0,5&as_ylo=2017&as_yhi=2017&as_vis=1"
0,"L Yuan, C Jianzhong, L Lijuan, J Xiaofeng…","Quantitative Evaluation of Economic Level Effects on Physical Fitness Condition among Elderly Population in Hebei Province of China",2017,"Physical Activity and …","paahjournal.com","https://paahjournal.com/articles/10.5334/paah.6/","",596,"2021-07-17 21:08:35","HTML","","","",,,,,0,0.00,0,5,4,"… 2014) is (0.47, 0.80): Anthropometry: Chest circumference, waist circumference, hip circumference, skinfold thickness of upper arm … Obesity, overweight, and underweight among urban Nigerians. Nigerian journal of clinical practice 17: 743–749, DOI: https://doi.org/10.4103/1119 …","https://paahjournal.com/articles/10.5334/paah.6/","https://scholar.google.com/scholar?q=related:LGe9YK8o4kcJ:scholar.google.com/&scioq=%22waist+circumference%22+nigeria&hl=en&as_sdt=0,5&as_ylo=2017&as_yhi=2017&as_vis=1"
6,"TV Jardim, S Reiger, S Abrahams-Gessel…","Disparities in Management of Cardiovascular Disease in Rural South Africa: Data From the HAALSI Study (Health and Aging in Africa: Longitudinal Studies of …",2017,"… Quality and Outcomes","Am Heart Assoc","https://www.ahajournals.org/doi/abs/10.1161/CIRCOUTCOMES.117.004094","https://scholar.google.com/scholar?cites=18235130648725176162&as_sdt=2005&sciodt=0,5&hl=en",597,"2021-07-17 21:08:35","","10.1161/CIRCOUTCOMES.117.004094","","",,,,,6,1.50,2,4,4,"… No imputation was performed for missing height (5%), weight (7%), waist circumference (6%), glucose (9%), total cholesterol (16%), high-density lipoprotein cholesterol (16%), triglycerides (16%), and high-sensitivity C-reactive protein (15%) …","https://www.ahajournals.org/doi/full/10.1161/circoutcomes.117.004094","https://scholar.google.com/scholar?q=related:Yj8aDrYyEP0J:scholar.google.com/&scioq=%22waist+circumference%22+nigeria&hl=en&as_sdt=0,5&as_ylo=2017&as_yhi=2017&as_vis=1"
0,"CS Chang, TY Chen, YC Lu, TH Yu…","Associations of Peripheral Total and Differential Leukocyte Count with Features of Hyperuricemia in Chinese Male Steel Workers",2017,"source: E-Da …","exdep.edah.org.tw","http://exdep.edah.org.tw/lib/images/EDMJ/2017/v.4n.3/Associations-of-peripheral-total-and-differential-leukocyte-count-with-features-of-hyperuricemia-in-Chinese-male-steel-workers-pages1-12.pdf","",598,"2021-07-17 21:08:35","PDF","","","",,,,,0,0.00,0,5,4,"… Waist circumference (cm) 86.6 ± 8.8 82.4 ± 8.4 < 0.0001 … serum uric acid concentrations.36 In a study conducted in Nigerian lead-exposed workers, people with occupational lead exposure are at risk of developing hyperuricemia and renal impairment.22 In the present study, the …","http://exdep.edah.org.tw/lib/images/EDMJ/2017/v.4n.3/Associations-of-peripheral-total-and-differential-leukocyte-count-with-features-of-hyperuricemia-in-Chinese-male-steel-workers-pages1-12.pdf","https://scholar.google.com/scholar?q=related:zbNJfvb2PjcJ:scholar.google.com/&scioq=%22waist+circumference%22+nigeria&hl=en&as_sdt=0,5&as_ylo=2017&as_yhi=2017&as_vis=1"
0,"UE NWAOGAZIE","PREVALENCE AND FACTORS ASSOCIATED WITH ALBUMINURIA IN OVERWEIGHT AND OBESE SECONDARY SCHOOL STUDENTS IN SURULERE …",2017,"Faculty of PAEDIATRICS","dissertation.npmcn.edu.ng","http://dissertation.npmcn.edu.ng/index.php/FMCPaed/article/download/844/360","",599,"2021-07-17 21:08:35","PDF","","","",,,,,0,0.00,0,1,4,"… Page 13. xiii between albuminuria and hypertension, age, sex, and waist circumference in the obese and … obesity already affects 42 million under five children worldwide.2 In Nigeria, a similar trend of increasing prevalences of overweight and obesity have been reported …","http://dissertation.npmcn.edu.ng/index.php/FMCPaed/article/download/844/360","https://scholar.google.com/scholar?q=related:0saKIHcqNJcJ:scholar.google.com/&scioq=%22waist+circumference%22+nigeria&hl=en&as_sdt=0,5&as_ylo=2017&as_yhi=2017&as_vis=1"
9,"D Appiah, BD Capistrant","Cardiovascular disease risk assessment in the United States and low-and middle-income countries using predicted heart/vascular age",2017,"Scientific reports","nature.com","https://www.nature.com/articles/s41598-017-16901-5","https://scholar.google.com/scholar?cites=14728322578317513001&as_sdt=2005&sciodt=0,5&hl=en",600,"2021-07-17 21:08:35","HTML","","","",,,,,9,2.25,5,2,4,"Almost 80% of the global burden of cardiovascular disease (CVD) occurs in low- and middle-income countries (LMICs). However, LMICs do not have well-established, low-technology ways to quantify and communicate CVD risk at population or individual levels. We examined …","https://www.nature.com/articles/s41598-017-16901-5","https://scholar.google.com/scholar?q=related:KRH72VmDZcwJ:scholar.google.com/&scioq=%22waist+circumference%22+nigeria&hl=en&as_sdt=0,5&as_ylo=2017&as_yhi=2017&as_vis=1"
25,"LR Dugas, S Kliethermes, J Plange-Rhule, L Tong…","Accelerometer-measured physical activity is not associated with two-year weight change in African-origin adults from five diverse populations",2017,"PeerJ","peerj.com","https://peerj.com/articles/2902/","https://scholar.google.com/scholar?cites=2821691664800892145&as_sdt=2005&sciodt=0,5&hl=en",601,"2021-07-17 21:08:35","HTML","","","",,,,,25,6.25,5,5,4,"… Height was measured to the nearest 0.1 cm using a stadiometer (eg, Invicta Stadiometer; Invicta, London, UK). Waist circumference was measured to the nearest 0.1 cm at the umbilicus and hip at the point of maximum extension of the buttocks …","https://peerj.com/articles/2902/","https://scholar.google.com/scholar?q=related:8UQjgp6pKCcJ:scholar.google.com/&scioq=%22waist+circumference%22+nigeria&hl=en&as_sdt=0,5&as_ylo=2017&as_yhi=2017&as_vis=1"
0,"P Singh, PS Ghuman","Prevalence of Overweight and Obesity among children",2017,"… Journal in Management & Social Science","indianjournals.com","https://www.indianjournals.com/ijor.aspx?target=ijor:ijmss&volume=5&issue=7&article=025","",602,"2021-07-17 21:08:35","","","","",,,,,0,0.00,0,2,4,"… test, r, ANOVA RBS, SBP, DBP increased with increasing BMI status. Significant correlation b/w WHR & RBS, SBP & DSP Nigerian population is at risk of obesity & its related conditions (Hypertension) Abraham (2010) 93 M …","https://www.academia.edu/download/58789546/IJMSS25July17-6693.pdf","https://scholar.google.com/scholar?q=related:qLP-qGlFvswJ:scholar.google.com/&scioq=%22waist+circumference%22+nigeria&hl=en&as_sdt=0,5&as_ylo=2017&as_yhi=2017&as_vis=1"
46,"S Kosaka, M Umezaki","A systematic review of the prevalence and predictors of the double burden of malnutrition within households",2017,"British Journal of Nutrition","cambridge.org","https://www.cambridge.org/core/journals/british-journal-of-nutrition/article/systematic-review-of-the-prevalence-and-predictors-of-the-double-burden-of-malnutrition-within-households/C804CEF52DD84AC618A01A6F3354B4B0","https://scholar.google.com/scholar?cites=3640997519138300025&as_sdt=2005&sciodt=0,5&hl=en",603,"2021-07-17 21:08:35","","","","",,,,,46,11.50,23,2,4,"… P, primary data; CS, cross-sectional, WAZ, weight-for-age z-score; S, secondary data; N/A, not available (not mentioned in the article); HAZ, height-for-age z-score; DHS, demographic and health surveys; WHZ, weight-for-height z-score; WC, waist circumference; WHR, waist:hip …","https://www.cambridge.org/core/services/aop-cambridge-core/content/view/C804CEF52DD84AC618A01A6F3354B4B0/S0007114517000812a.pdf/a-systematic-review-of-the-prevalence-and-predictors-of-the-double-burden-of-malnutrition-within-households.pdf","https://scholar.google.com/scholar?q=related:eSBR7PNrhzIJ:scholar.google.com/&scioq=%22waist+circumference%22+nigeria&hl=en&as_sdt=0,5&as_ylo=2017&as_yhi=2017&as_vis=1"
20,"C Yadav, PA Manjrekar, A Agarwal, A Ahmad…","Association of serum selenium, zinc and magnesium levels with glycaemic indices and insulin resistance in pre-diabetes: a cross-sectional study from South India",2017,"Biological trace element …","Springer","https://link.springer.com/content/pdf/10.1007/s12011-016-0766-4.pdf","https://scholar.google.com/scholar?cites=18350433310284615621&as_sdt=2005&sciodt=0,5&hl=en",604,"2021-07-17 21:08:35","","10.1007/s12011-016-0766-4","","",,,,,20,5.00,4,5,4,"… n number of subjects, SD standard deviation, BMI body mass index, WC waist circumference, HC head circum- ference, WHR waist-to-hip ratio *p … UA, Henrietta EM, Nathaniel UI (2005) Serum and urine levels of chromium and magnesium in type 2 diabetics in Calabar, Nigeria …","https://www.researchgate.net/profile/Charu-Yadav/publication/303816971_Association_of_Serum_Selenium_Zinc_and_Magnesium_Levels_with_Glycaemic_Indices_and_Insulin_Resistance_in_Pre-diabetes_a_Cross-Sectional_Study_from_South_India/links/5a3529250f7e9b10d8450776/Association-of-Serum-Selenium-Zinc-and-Magnesium-Levels-with-Glycaemic-Indices-and-Insulin-Resistance-in-Pre-diabetes-a-Cross-Sectional-Study-from-South-India.pdf","https://scholar.google.com/scholar?q=related:xY8C9t7Vqf4J:scholar.google.com/&scioq=%22waist+circumference%22+nigeria&hl=en&as_sdt=0,5&as_ylo=2017&as_yhi=2017&as_vis=1"
24,"TV Jardim, S Reiger, S Abrahams-Gessel…","Hypertension management in a population of older adults in rural South Africa",2017,"Journal of …","ncbi.nlm.nih.gov","https://www.ncbi.nlm.nih.gov/pmc/articles/PMC5505070/","https://scholar.google.com/scholar?cites=7208033493842108028&as_sdt=2005&sciodt=0,5&hl=en",605,"2021-07-17 21:08:35","HTML","","","",,,,,24,6.00,6,4,4,"","https://www.ncbi.nlm.nih.gov/pmc/articles/PMC5505070/","https://scholar.google.com/scholar?q=related:fJ6T2UUUCGQJ:scholar.google.com/&scioq=%22waist+circumference%22+nigeria&hl=en&as_sdt=0,5&as_ylo=2017&as_yhi=2017&as_vis=1"
7,"S Saedi, M Noroozi, N Khosrotabar…","How canola and sunflower oils affect lipid profile and anthropometric parameters of participants with dyslipidemia",2017,"Medical journal of the …","ncbi.nlm.nih.gov","https://www.ncbi.nlm.nih.gov/pmc/articles/pmc5473013/","https://scholar.google.com/scholar?cites=3156875637499977884&as_sdt=2005&sciodt=0,5&hl=en",606,"2021-07-17 21:08:35","HTML","","","",,,,,7,1.75,2,4,4,"… this study was conducted to investigate the effects of canola oil diet, compared to sunflower oil diet, on anthropometric parameters, including weight, waist circumference and hip … Effect of Oral Vitamin E on Serum Lipid Profile of Apparently Healthy Nigerians in Benin City …","https://www.ncbi.nlm.nih.gov/pmc/articles/pmc5473013/","https://scholar.google.com/scholar?q=related:nGBFnap5zysJ:scholar.google.com/&scioq=%22waist+circumference%22+nigeria&hl=en&as_sdt=0,5&as_ylo=2017&as_yhi=2017&as_vis=1"
14,"PM Sudhir","Advances in psychological interventions for lifestyle disorders: overview of interventions in cardiovascular disorder and type 2 diabetes mellitus",2017,"Current opinion in psychiatry","ingentaconnect.com","https://www.ingentaconnect.com/content/wk/yco/2017/00000030/00000005/art00006","https://scholar.google.com/scholar?cites=6116700827492943585&as_sdt=2005&sciodt=0,5&hl=en",607,"2021-07-17 21:08:35","","","","",,,,,14,3.50,14,1,4,"… found to be effective in reducing depressive symptoms in patients with diabetes in a study conducted in Nigeria [11] and … One study compared glycaemic control and secondary outcomes of BMI, distress, waist circumference, depressive symptoms in a 4-month telephonic couples …","","https://scholar.google.com/scholar?q=related:4QYOtP7i4lQJ:scholar.google.com/&scioq=%22waist+circumference%22+nigeria&hl=en&as_sdt=0,5&as_ylo=2017&as_yhi=2017&as_vis=1"
1,"FB Lepira, CMB Mpembe, FIN Mbutiwi…","Comparison of the performance of three commonly used electrocardiographic indexes for the diagnosis of left ventricular hypertrophy in black hypertensive …",2017,"World Journal of …","scirp.org","https://www.scirp.org/html/2-1910638_75695.htm","https://scholar.google.com/scholar?cites=12640643031793581254&as_sdt=2005&sciodt=0,5&hl=en",608,"2021-07-17 21:08:35","HTML","","","",,,,,1,0.25,0,4,4,"… DHT, duration of hypertension BMI, body mass index WC, waist circumference SBP, systolic … for Left Ventricular Hypertrophy in Adult Hypertensives in Southern-Western Nigeria … Standard Electrocardiographic Criteria for Left Ventricular Hypertrophy in Nigerian Hypertensives …","https://www.scirp.org/html/2-1910638_75695.htm","https://scholar.google.com/scholar?q=related:xrySSt2VbK8J:scholar.google.com/&scioq=%22waist+circumference%22+nigeria&hl=en&as_sdt=0,5&as_ylo=2017&as_yhi=2017&as_vis=1"
0,"K Ambarita, OR Ramayani, M Lubis…","Blood pressure-to-height ratio for diagnosing hypertension in adolescents",2017,"Paediatrica …","paediatricaindonesiana.org","https://paediatricaindonesiana.org/index.php/paediatrica-indonesiana/article/view/1075","",609,"2021-07-17 21:08:35","","","","",,,,,0,0.00,0,4,4,"… respectively, and 0.77 and 0.50 in girls, respectively, in a study of Nigerian adolescents … height ratios as simple, sensitive and specific diagnostic tools for adolescent (pre)hypertension in Nigeria … Predicting hypertension using waist circumference in obese Indonesian adolescents …","https://paediatricaindonesiana.org/index.php/paediatrica-indonesiana/article/view/1075/1565","https://scholar.google.com/scholar?q=related:wVhrgZe2XhIJ:scholar.google.com/&scioq=%22waist+circumference%22+nigeria&hl=en&as_sdt=0,5&as_ylo=2017&as_yhi=2017&as_vis=1"
0,"ED Watson","Maternal physical activity: influence on maternal and delivery outcomes",2017,"","core.ac.uk","https://core.ac.uk/download/pdf/188771022.pdf","",610,"2021-07-17 21:08:35","PDF","","","",,,,,0,0.00,0,1,4,"Page 1. 1 MATERNAL PHYSICAL ACTIVITY: INFLUENCE ON MATERNAL AND DELIVERY OUTCOMES. By Estelle Dorothy Watson Supervisors: Associate Professor Lisa K. Micklesfield Professor Mireille NM van Poppel A THESIS …","https://core.ac.uk/download/pdf/188771022.pdf","https://scholar.google.com/scholar?q=related:rpBMJYLiOWYJ:scholar.google.com/&scioq=%22waist+circumference%22+nigeria&hl=en&as_sdt=0,5&as_ylo=2017&as_yhi=2017&as_vis=1"
0,"American Diabetes Association","Epidemiology/Genetics",2017,"Diabetes","Am Diabetes Assoc","https://diabetes.diabetesjournals.org/content/diabetes/66/Supplement_1/A647.full-text.pdf","",611,"2021-07-17 21:08:35","PDF","","","",,,,,0,0.00,0,1,4,"… the Niger‑Delta ROSEMARY N. OGU, OSITA C. JOHN, OMOSIVIE MADUKA, SUNDAY CHINENYE, Port Harcourt, Nigeria Diabetes is … diabetes mellitus (years) 56.7, 5.6 ANTHROPOMETRIC CHARACTERISTICS Body mass index (kg/m2) 26.3, 4.1 Waist circumference (cm) 96.2 …","https://diabetes.diabetesjournals.org/content/diabetes/66/Supplement_1/A647.full-text.pdf",""
16,"CA Huayanay-Espinoza, R Quispe…","Peer Reviewed: Parity and Overweight/Obesity in Peruvian Women",2017,"Preventing chronic …","ncbi.nlm.nih.gov","https://www.ncbi.nlm.nih.gov/pmc/articles/PMC5662294/","https://scholar.google.com/scholar?cites=11889529766306952156&as_sdt=2005&sciodt=0,5&hl=en",612,"2021-07-17 21:08:35","HTML","","","",,,,,16,4.00,5,3,4,"… Our findings align with results from previous studies on the association between parity and overweight/obesity in high-income countries (2) and in low-income and middle-income countries (3,4,6,8). This observation has been replicated by using waist circumference as the …","https://www.ncbi.nlm.nih.gov/pmc/articles/PMC5662294/","https://scholar.google.com/scholar?q=related:3LMoO1QYAKUJ:scholar.google.com/&scioq=%22waist+circumference%22+nigeria&hl=en&as_sdt=0,5&as_ylo=2017&as_yhi=2017&as_vis=1"
62,"JD Hughes, Y Wibowo, B Sunderland…","The role of the pharmacist in the management of type 2 diabetes: current insights and future directions",2017,"… pharmacy research & …","ncbi.nlm.nih.gov","https://www.ncbi.nlm.nih.gov/pmc/articles/PMC5774315/","https://scholar.google.com/scholar?cites=3706151387448201402&as_sdt=2005&sciodt=0,5&hl=en",613,"2021-07-17 21:08:35","HTML","","","",,,,,62,15.50,16,4,4,"… Physical examinations, Weight/waist: BMI, waist circumference … 24 Fewer studies however have been conducted in low- and middle-income countries such as Nigeria, 25 Iran, 26 India, 27 , 28 Brazil, 29 Thailand, 30 Jordon, 31 Iraq, 32 and Malaysia …","https://www.ncbi.nlm.nih.gov/pmc/articles/PMC5774315/","https://scholar.google.com/scholar?q=related:utCrBA3lbjMJ:scholar.google.com/&scioq=%22waist+circumference%22+nigeria&hl=en&as_sdt=0,5&as_ylo=2017&as_yhi=2017&as_vis=1"
0,"A Agafonova","The association between BMI, Waist-to-height ratio and blood pressure in Russian, Somali and Kurdish migrants residing in Finland",2017,"","trepo.tuni.fi","https://trepo.tuni.fi/handle/10024/102180","",614,"2021-07-17 21:08:35","","","","",,,,,0,0.00,0,1,4,"… WHtR – waist-to-height ratio WC – waist circumference BP – blood pressure SBP – systolic blood pressure … Apart from BMI, a whole range of other weight indices is used to measure overweight and obesity, for example, waist circumference (WC), waist-to-height ratio (WHtR) …","https://trepo.tuni.fi/bitstream/handle/10024/102180/GRADU-1507904546.pdf?sequence=1","https://scholar.google.com/scholar?q=related:QgW3I66HzzwJ:scholar.google.com/&scioq=%22waist+circumference%22+nigeria&hl=en&as_sdt=0,5&as_ylo=2017&as_yhi=2017&as_vis=1"
0,"ET Adgoy, Y Seyoum, A Berhe, Y Tewolde, F Kibreab","Prevalence, Presenting Complaints, Risk Factors and Comorbidity of Acute Coronary Syndrome at Orotta National Referral Hospital Intensive Care Unit Eritrea …",2017,"Science","researchgate.net","https://www.researchgate.net/profile/Abiel-Habtezghi/publication/325902034_Yoseph_Tewolde_Fitsum_Kibreab_Prevalence_Presenting_Complaints_Risk_Factors_and_Comorbidity_of_Acute_Coronary_Syndrome_at_Orotta_National_Referral_Hospital_Intensive_Care_Unit_Eritrea_Retrospective_St/links/5c220ec492851c22a34466c7/Yoseph-Tewolde-Fitsum-Kibreab-Prevalence-Presenting-Complaints-Risk-Factors-and-Comorbidity-of-Acute-Coronary-Syndrome-at-Orotta-National-Referral-Hospital-Intensive-Care-Unit-Eritrea-Retrospective.pdf","",615,"2021-07-17 21:08:35","PDF","","","",,,,,0,0.00,0,5,4,"… has limitations because it didn't include some modifiable risk factors such as Body Mass Index (BMI) and waist circumference which would … Frequency and Pattern of Acute Myocardial Infarction in the University of Benin Teaching Hospital, Nigeria. Nigerian Medical Practitioner …","https://www.researchgate.net/profile/Abiel-Habtezghi/publication/325902034_Yoseph_Tewolde_Fitsum_Kibreab_Prevalence_Presenting_Complaints_Risk_Factors_and_Comorbidity_of_Acute_Coronary_Syndrome_at_Orotta_National_Referral_Hospital_Intensive_Care_Unit_Eritrea_Retrospective_St/links/5c220ec492851c22a34466c7/Yoseph-Tewolde-Fitsum-Kibreab-Prevalence-Presenting-Complaints-Risk-Factors-and-Comorbidity-of-Acute-Coronary-Syndrome-at-Orotta-National-Referral-Hospital-Intensive-Care-Unit-Eritrea-Retrospective.pdf","https://scholar.google.com/scholar?q=related:4gkAs0KsrRoJ:scholar.google.com/&scioq=%22waist+circumference%22+nigeria&hl=en&as_sdt=0,5&as_ylo=2017&as_yhi=2017&as_vis=1"
2,"D Adiele, GP Morgan","Elevated blood pressure among zimbabwean urban primary school children aged 5–11 years",2017,"Pediatr Adolesc Med","academia.edu","https://www.academia.edu/download/53470975/Elevated_Blood_Pressure_5-11years.pdf","https://scholar.google.com/scholar?cites=16527591532066393740&as_sdt=2005&sciodt=0,5&hl=en",616,"2021-07-17 21:08:35","PDF","","","",,,,,2,0.50,1,2,4,"… Several similar studies conducted in South Africa, Zambia Nigeria, USA and Spain; [1], [13], [22], [23], [24], [25], [26], [27], among children and adolescents and elsewhere [28], [29], [30 … Blood pressure, body mass index and waist circumference of school going children of Karachi …","https://www.academia.edu/download/53470975/Elevated_Blood_Pressure_5-11years.pdf","https://scholar.google.com/scholar?q=related:jE6Sde7MXeUJ:scholar.google.com/&scioq=%22waist+circumference%22+nigeria&hl=en&as_sdt=0,5&as_ylo=2017&as_yhi=2017&as_vis=1"
0,"P Choukem","Djieka, Yacouba N. Mapoure, Cyrille Nkouonlack, Henry N. Luma & Simeon",,"researchgate.net","","https://www.researchgate.net/profile/Yacouba-Mapoure/publication/318168952_Prevalence_and_risk_factors_of_cognitive_dysfunction_in_patients_with_type_2_diabetes_mellitus_receiving_care_in_a_reference_hospital_in_Cameroon_a_cross-sectional_study/links/5a7ed288aca272a73766c992/Prevalence-and-risk-factors-of-cognitive-dysfunction-in-patients-with-type-2-diabetes-mellitus-receiving-care-in-a-reference-hospital-in-Cameroon-a-cross-sectional-study.pdf","",617,"2021-07-17 21:08:35","PDF","","","",,,,,0,0.00,0,1,,"… The weight, height, blood pressure, and waist circumference were measured using standard methods … Higher preva- lence of 44% was reported in Nigeria in a study where they included patients who have never attended school, and they did not screen participants for severe …","https://www.researchgate.net/profile/Yacouba-Mapoure/publication/318168952_Prevalence_and_risk_factors_of_cognitive_dysfunction_in_patients_with_type_2_diabetes_mellitus_receiving_care_in_a_reference_hospital_in_Cameroon_a_cross-sectional_study/links/5a7ed288aca272a73766c992/Prevalence-and-risk-factors-of-cognitive-dysfunction-in-patients-with-type-2-diabetes-mellitus-receiving-care-in-a-reference-hospital-in-Cameroon-a-cross-sectional-study.pdf","https://scholar.google.com/scholar?q=related:5mj6xDGO0P0J:scholar.google.com/&scioq=%22waist+circumference%22+nigeria&hl=en&as_sdt=0,5&as_ylo=2017&as_yhi=2017&as_vis=1"
11,"AM Cueto-Manzano, HR Martínez-Ramírez…","The Role of Primary Health Care Professionals",2017,"Chronic Kidney Disease …","Elsevier","https://www.sciencedirect.com/science/article/pii/B9780128043110000315","https://scholar.google.com/scholar?cites=9101291461731748689&as_sdt=2005&sciodt=0,5&hl=en",618,"2021-07-17 21:08:35","","","","",,,,,11,2.75,4,3,4,"… filtration rate; however, only the multidisciplinary approach had better control of lifestyle variables, such as exercise, emotional management, knowledge of disease, and adherence to treatment, as well as better control of body mass index, waist circumference, HbA 1C and …","","https://scholar.google.com/scholar?q=related:UQvRHV1ITn4J:scholar.google.com/&scioq=%22waist+circumference%22+nigeria&hl=en&as_sdt=0,5&as_ylo=2017&as_yhi=2017&as_vis=1"
23,"JK Chakma, S Gupta","Lifestyle practice and associated risk factors of noncommunicable diseases among the students of Delhi University",2017,"Int J Health Allied Sci","academia.edu","https://www.academia.edu/download/63104835/2017._IntJHealthAlliedSci6120-1122568_03070520200427-36778-18elq50.pdf","https://scholar.google.com/scholar?cites=12960314758029188680&as_sdt=2005&sciodt=0,5&hl=en",619,"2021-07-17 21:08:35","PDF","","","",,,,,23,5.75,12,2,4,"… Waist circumference and waist to hip ratio was not included … Odili VU, Egor FO, Osarenmwinda IM, Obieche AO. Prevalence of overweight and obesity among pharmacy students in a university in Benin City, Nigeria. Trop J Pharm Res 2014;13:2109. 36 …","https://www.academia.edu/download/63104835/2017._IntJHealthAlliedSci6120-1122568_03070520200427-36778-18elq50.pdf","https://scholar.google.com/scholar?q=related:SB6VEZtJ3LMJ:scholar.google.com/&scioq=%22waist+circumference%22+nigeria&hl=en&as_sdt=0,5&as_ylo=2017&as_yhi=2017&as_vis=1"
33,"C Roy, PY Tremblay, P Ayotte","Is mercury exposure causing diabetes, metabolic syndrome and insulin resistance? A systematic review of the literature",2017,"Environmental research","Elsevier","https://www.sciencedirect.com/science/article/pii/S0013935117303250","https://scholar.google.com/scholar?cites=2556605033709165926&as_sdt=2005&sciodt=0,5&hl=en",620,"2021-07-17 21:08:35","","","","",,,,,33,8.25,11,3,4,"JavaScript is disabled on your browser. Please enable JavaScript to use all the features on this page. Skip to main content Skip to article …","","https://scholar.google.com/scholar?q=related:Zt01kbvieiMJ:scholar.google.com/&scioq=%22waist+circumference%22+nigeria&hl=en&as_sdt=0,5&as_ylo=2017&as_yhi=2017&as_vis=1"
18,"A Di Sessa, GR Umano, E Miraglia del Giudice","The association between non-alcoholic fatty liver disease and cardiovascular risk in children",2017,"Children","mdpi.com","https://www.mdpi.com/208026","https://scholar.google.com/scholar?cites=14916542233715465998&as_sdt=2005&sciodt=0,5&hl=en",621,"2021-07-17 21:08:35","","","","",,,,,18,4.50,6,3,4,"… Article in Journal Risk Assessment of Mycotoxins in Stored Maize Grains Consumed by Infants and Young Children in Nigeria. Next Article … Moreover, in the NAFLD group, waist circumference was found to be the only parameter among all other clinical and laboratory predicting …","https://www.mdpi.com/2227-9067/4/7/57/htm","https://scholar.google.com/scholar?q=related:Dt-4XSE0As8J:scholar.google.com/&scioq=%22waist+circumference%22+nigeria&hl=en&as_sdt=0,5&as_ylo=2017&as_yhi=2017&as_vis=1"
0,"MSAMS Amirkalali, SS Khayyatzadeh…","The Relationship between Nutrients Pattern and Hypercholesterolemia",2017,"Journal of Nutrition …","jnfs.ssu.ac.ir","http://jnfs.ssu.ac.ir/browse.php?a_id=112&sid=1&slc_lang=en&html=1","",622,"2021-07-17 21:08:35","HTML","","","",,,,,0,0.00,0,3,4,"… Diastolic blood pressure (mmHg), 78.60 ± 11.74, 81.20 ± 11.95, <0.001. Waist circumference (cm), 94.71 ± 11.78, 97.17 ± 11.98, <0.001 … References. Ahaneku GI, et al. 2015. Lipid and Some Other Cardiovascular Risk Factors Assessment in a Rural Community in Eastern Nigeria …","http://jnfs.ssu.ac.ir/browse.php?a_id=112&sid=1&slc_lang=en&html=1","https://scholar.google.com/scholar?q=related:mGxD0lrrvF4J:scholar.google.com/&scioq=%22waist+circumference%22+nigeria&hl=en&as_sdt=0,5&as_ylo=2017&as_yhi=2017&as_vis=1"
30,"RA van Zoest, BJH van den Born…","Hypertension in people living with HIV",2017,"Current Opinion in HIV …","ingentaconnect.com","https://www.ingentaconnect.com/content/wk/coh/2017/00000012/00000006/art00003","https://scholar.google.com/scholar?cites=6169391682957652367&as_sdt=2005&sciodt=0,5&hl=en",623,"2021-07-17 21:08:35","","","","",,,,,30,7.50,10,3,4,"Page 1. Copyright © 2017 Wolters Kluwer Health, Inc. All rights reserved. CURRENT OPINION Hypertension in people living with HIV Rosan A. van Zoesta, Bert-Jan H. van den Bornb, and Peter Reissa,c,d Purpose of review …","","https://scholar.google.com/scholar?q=related:j7HwfgwVnlUJ:scholar.google.com/&scioq=%22waist+circumference%22+nigeria&hl=en&as_sdt=0,5&as_ylo=2017&as_yhi=2017&as_vis=1"
0,"V Mujica, R Orrego, J Pérez, P Romero, P Ovalle…","Research Article The Role of Propolis in Oxidative Stress and Lipid Metabolism: A Randomized Controlled Trial",2017,"","laboratoriorotterdam.cl","https://www.laboratoriorotterdam.cl/wp-content/uploads/2016/08/The-role-of-propolis-in-Oxidative-stress-and-lipid-Metabolism.pdf","",624,"2021-07-17 21:08:35","PDF","","","",,,,,0,0.00,0,6,4,"… Waist circumference (cm) was measured at the midpoint between the lower ribs and the iliac crest … Both groups were, on average, overweight. In terms of weight, BMI, and waist circumference there were no significant differences between the groups at baseline or 90 days …","https://www.laboratoriorotterdam.cl/wp-content/uploads/2016/08/The-role-of-propolis-in-Oxidative-stress-and-lipid-Metabolism.pdf","https://scholar.google.com/scholar?q=related:TO1irSO_5ekJ:scholar.google.com/&scioq=%22waist+circumference%22+nigeria&hl=en&as_sdt=0,5&as_ylo=2017&as_yhi=2017&as_vis=1"
0,"S Munagala, YD Asefaw…","Mechanical And Tribological Behavior of Hybrid Fiber Reinforced Polymer Composite Materials",2017,"The 5 th International …","bit.bdu.edu.et","https://bit.bdu.edu.et/srgs/sites/bit.bdu.edu.et.srgs/files/Mechanical%20and%20Industrial%20Engineering%20%20.pdf#page=16","",625,"2021-07-17 21:08:35","PDF","","","",,,,,0,0.00,0,3,4,"… These two components will have their own requirements and specifications. The design will take: waist circumference, hip circumference, back crotch depth, front crotch depth, length, inner seam, knee width, hem circumference measurements …","https://bit.bdu.edu.et/srgs/sites/bit.bdu.edu.et.srgs/files/Mechanical%20and%20Industrial%20Engineering%20%20.pdf#page=16","https://scholar.google.com/scholar?q=related:zbCNzFgWH1oJ:scholar.google.com/&scioq=%22waist+circumference%22+nigeria&hl=en&as_sdt=0,5&as_ylo=2017&as_yhi=2017&as_vis=1"
0,"CD Bhutia, RRM Singh","Effect of different intensityaerobic dance on total cholesterol and triglyceride in overweight and obese adulthood women",2017,"","journalofsports.com","https://www.journalofsports.com/pdf/2017/vol2issue2/PartG/2-2-80-866.pdf","",626,"2021-07-17 21:08:35","PDF","","","",,,,,0,0.00,0,2,4,"… 1999; 1(2):131-136. 7. Maffeis C, Pietrobelli A, Grezzani A, Provera S, Tatò L. Waist circumference and cardiovascular risk factors in prepubertal children … Oyelola OO, Rufai MA. Plasma lipid, lipoprotein and apolipoprotein profiles in Nigerian university athletes and non-athletes …","https://www.journalofsports.com/pdf/2017/vol2issue2/PartG/2-2-80-866.pdf","https://scholar.google.com/scholar?q=related:stDvfFJPH9YJ:scholar.google.com/&scioq=%22waist+circumference%22+nigeria&hl=en&as_sdt=0,5&as_ylo=2017&as_yhi=2017&as_vis=1"
16,"M Dahri, M Hashemilar, M Asghari-Jafarabadi…","Efficacy of coenzyme Q10 for the prevention of migraine in women: A randomized, double-blind, placebo-controlled study",2017,"European Journal of …","Elsevier","https://www.sciencedirect.com/science/article/pii/S1876382017301828","https://scholar.google.com/scholar?cites=7968353907552158577&as_sdt=2005&sciodt=0,5&hl=en",627,"2021-07-17 21:08:35","","","","",,,,,16,4.00,4,4,4,"JavaScript is disabled on your browser. Please enable JavaScript to use all the features on this page. Skip to main content Skip to article …","","https://scholar.google.com/scholar?q=related:cQM-KKlHlW4J:scholar.google.com/&scioq=%22waist+circumference%22+nigeria&hl=en&as_sdt=0,5&as_ylo=2017&as_yhi=2017&as_vis=1"
6,"AAW Saeed","Combined systolic diastolic hypertension among adults in Saudi Arabia: prevalence, risk factors and predictors: results of a national survey",2017,"International Journal of Medical Research & …","indianjournals.com","https://www.indianjournals.com/ijor.aspx?target=ijor:ijmrhs&volume=6&issue=6&article=021","https://scholar.google.com/scholar?cites=13993708583376143107&as_sdt=2005&sciodt=0,5&hl=en",628,"2021-07-17 21:08:35","","","","",,,,,6,1.50,6,1,4,"… P value Body Mass Index 30.6 (7.7) 27.7 (7.6) 0.001 Waist circumference(centimetres) 93.4 (19.5) 85.8 (18.2) 0.001 … “Prevalence of cardiovascular risk factors in the middle-aged and elderly population of a Nigerian rural community.” Journal of Tropical Medicine 2011 (2011) …","","https://scholar.google.com/scholar?q=related:A0N4ktCjM8IJ:scholar.google.com/&scioq=%22waist+circumference%22+nigeria&hl=en&as_sdt=0,5&as_ylo=2017&as_yhi=2017&as_vis=1"
3,"F Nasidi, L Rogo","Biology Of Hepatitis G Virus: A Review",2017,"Sokoto J Med Laborat Sci (Sjmls)","academia.edu","https://www.academia.edu/download/54484334/SJMLS_Volumn_2_No.1_March__2017___Layout_2.pdf#page=21","https://scholar.google.com/scholar?cites=7122576036900876935&as_sdt=2005&sciodt=0,5&hl=en",629,"2021-07-17 21:08:35","PDF","","","",,,,,3,0.75,2,2,4,"… of Allied Health Sciences, College of Health Sciences, Bayero University, Kano. PMB 3011, Kano–Nigeria 1. * Corresponding Author: ldrogo. med@ buk. edu. ng/+ 234-803-964-9234/+ 234-802-256-9132 Abstract Hepatitis …","https://www.academia.edu/download/54484334/SJMLS_Volumn_2_No.1_March__2017___Layout_2.pdf#page=21","https://scholar.google.com/scholar?q=related:h7IvJSt52GIJ:scholar.google.com/&scioq=%22waist+circumference%22+nigeria&hl=en&as_sdt=0,5&as_ylo=2017&as_yhi=2017&as_vis=1"
16,"S Olindo, M Saint-Vil, S Jeannin…","One-year disability, death and recurrence after first-ever stroke in a Black Afro-Caribbean population",2017,"… Journal of Stroke","journals.sagepub.com","https://journals.sagepub.com/doi/abs/10.1177/1747493016685720","https://scholar.google.com/scholar?cites=2952108295244502434&as_sdt=2005&sciodt=0,5&hl=en",630,"2021-07-17 21:08:35","","10.1177/1747493016685720","","",,,,,16,4.00,4,4,4,"BackgroundFew data on stroke outcomes and no data on stroke recurrence are available in Black mono-racial population with high socio-economic status.AimsWe investigated outcomes and stroke recurren...","","https://scholar.google.com/scholar?q=related:olWIhNr-9ygJ:scholar.google.com/&scioq=%22waist+circumference%22+nigeria&hl=en&as_sdt=0,5&as_ylo=2017&as_yhi=2017&as_vis=1"
12,"JL Miles-Chan, AG Dulloo","Posture allocation revisited: breaking the sedentary threshold of energy expenditure for obesity management",2017,"Frontiers in physiology","frontiersin.org","https://www.frontiersin.org/articles/10.3389/fphys.2017.00420/full","https://scholar.google.com/scholar?cites=14422865377070847259&as_sdt=2005&sciodt=0,5&hl=en",631,"2021-07-17 21:08:35","HTML","","","",,,,,12,3.00,6,2,4,"There is increasing recognition that low-intensity physical activities of daily life play an important role in achieving energy balance and that their societal erosion through substitution with sedentary (mostly sitting) behaviors, whether occupational or for leisure, impact importantly on …","https://www.frontiersin.org/articles/10.3389/fphys.2017.00420/full","https://scholar.google.com/scholar?q=related:G5WWE6VPKMgJ:scholar.google.com/&scioq=%22waist+circumference%22+nigeria&hl=en&as_sdt=0,5&as_ylo=2017&as_yhi=2017&as_vis=1"
15,"LK Navti, MB Atanga, LL Niba","Associations of out of school physical activity, sedentary lifestyle and socioeconomic status with weight status and adiposity of Cameroon children",2017,"BMC obesity","bmcobes.biomedcentral.com","https://bmcobes.biomedcentral.com/articles/10.1186/s40608-017-0171-3","https://scholar.google.com/scholar?cites=15491602367847173931&as_sdt=2005&sciodt=0,5&hl=en",632,"2021-07-17 21:08:35","HTML","10.1186/s40608-017-0171-3","","",,,,,15,3.75,5,3,4,"Low physical activity and a sedentary lifestyle are contributing to overweight/obesity in children. This study aims to explore relationships between out of school physical activity, sedentary lifestyle and socioeconomic status indicators with children's weight status and adiposity. Five …","https://bmcobes.biomedcentral.com/articles/10.1186/s40608-017-0171-3","https://scholar.google.com/scholar?q=related:K48hiUY6_dYJ:scholar.google.com/&scioq=%22waist+circumference%22+nigeria&hl=en&as_sdt=0,5&as_ylo=2017&as_yhi=2017&as_vis=1"
0,"KA Manik, LS Hiremath, I Jagadal","Correlation of body mass index with flow rates and maximum voluntary ventilation: A comparative study",2017,"National Journal of Physiology …","njppp.com","http://njppp.com/fulltext/28-1495184745.pdf","",633,"2021-07-17 21:08:35","PDF","","","",,,,,0,0.00,0,3,4,"… of general obesity.[3] Indices used to measure regional and central obesity are subscapular skinfold thickness, waist circumference and abdominal … association between percent body fat and pulmonary function in apparently normal children in Ogbomoso, Oyo state, Nigeria …","http://njppp.com/fulltext/28-1495184745.pdf","https://scholar.google.com/scholar?q=related:b0tw9n90JLgJ:scholar.google.com/&scioq=%22waist+circumference%22+nigeria&hl=en&as_sdt=0,5&as_ylo=2017&as_yhi=2017&as_vis=1"
8,"AJ Riggs, BF Melton, LE Bigham…","Body weight misconception and maintenance among female African American college students",2017,"Journal of Black …","journals.sagepub.com","https://journals.sagepub.com/doi/abs/10.1177/0021934717715021","https://scholar.google.com/scholar?cites=17747088353686281362&as_sdt=2005&sciodt=0,5&hl=en",634,"2021-07-17 21:08:35","","10.1177/0021934717715021","","",,,,,8,2.00,2,4,4,"The purpose of this study was to compare self-reported weight classifications with objectively measured body mass index (BMI) and weight management motivations among female African American (AA) st...","","https://scholar.google.com/scholar?q=related:klzxXtRSSvYJ:scholar.google.com/&scioq=%22waist+circumference%22+nigeria&hl=en&as_sdt=0,5&as_ylo=2017&as_yhi=2017&as_vis=1"
1,"N Meme","Prevalence and associated factors for undiagnosed diabetes among hypertensive patients attending Kiambu District Hospital, 2014",2017,"","ir.jkuat.ac.ke","http://ir.jkuat.ac.ke/handle/123456789/3500","https://scholar.google.com/scholar?cites=17019530023741414228&as_sdt=2005&sciodt=0,5&hl=en",635,"2021-07-17 21:08:35","","","","",,,,,1,0.25,1,1,4,"Page 1. PREVALENCE AND ASSOCIATED FACTORS FOR UNDIAGNOSED DIABETES AMONG HYPERTENSIVE PATIENTS ATTENDING KIAMBU DISTRICT HOSPITAL, 2014 NKATHA MEME MASTER OF SCIENCE IN APPLIED EPIDEMIOLOGY …","http://ir.jkuat.ac.ke/bitstream/handle/123456789/3500/PREVALENCE%20AND%20FACTORS%20ASSOCIATED%20WITH%20UNDIAGNOSED%20DIABETES%20AMONG%20HYPERTENSIVE%20PATIENTS%20_Library%20Edits_Nkatha%20Meme.pdf?sequence=1&isAllowed=y","https://scholar.google.com/scholar?q=related:VNszHWKEMewJ:scholar.google.com/&scioq=%22waist+circumference%22+nigeria&hl=en&as_sdt=0,5&as_ylo=2017&as_yhi=2017&as_vis=1"
1,"N Joseph, A Shirali, AB Shenoy…","Risk assessment of obstructive sleep apnea and its association with fatigue and sleepiness among hospital inpatients",2017,"Current Respiratory …","ingentaconnect.com","https://www.ingentaconnect.com/contentone/ben/crmr/2017/00000013/00000004/art00008","https://scholar.google.com/scholar?cites=4405032730964934831&as_sdt=2005&sciodt=0,5&hl=en",636,"2021-07-17 21:08:35","","","","",,,,,1,0.25,0,4,4,"… Studies done in Korea [12] and Nigeria [25] have reported 57.8% and 73.1% patients respectively to be at high risk of OSA … This was similar to the findings of a Nigerian study which reported past and current smokers to have significant risk of OSA [23]. Kashyap et al …","","https://scholar.google.com/scholar?q=related:r0AiEe7RIT0J:scholar.google.com/&scioq=%22waist+circumference%22+nigeria&hl=en&as_sdt=0,5&as_ylo=2017&as_yhi=2017&as_vis=1"
0,"TW Regan","The Impact of a Telephone-based Health Coaching Intervention on Anthropometric and Health Risk Behaviour Outcomes for People who have Received …",2017,"","nova.newcastle.edu.au","https://nova.newcastle.edu.au/vital/access/services/Download/uon:32144/ATTACHMENT01","",637,"2021-07-17 21:08:35","PDF","","","",,,,,0,0.00,0,1,4,"… People without a MHD reported greater improvements in weight (and waist circumference) than people with a MHD … Life time prevalence rates of any mental health disorder ranged from 12% (Nigeria) to 47.4% (United States) …","https://nova.newcastle.edu.au/vital/access/services/Download/uon:32144/ATTACHMENT01","https://scholar.google.com/scholar?q=related:Yp_9yjEOWjEJ:scholar.google.com/&scioq=%22waist+circumference%22+nigeria&hl=en&as_sdt=0,5&as_ylo=2017&as_yhi=2017&as_vis=1"
0,"LGDG Romualdo, PE Torrella, JM Mas, PP Cañadas…","Cod: W210",,"degruyter.com","","https://www.degruyter.com/document/doi/10.1515/cclm-2017-5030/html","",638,"2021-07-17 21:08:35","","10.1515/cclm-2017-5030","","",,,,,0,0.00,0,5,,"… fat distribution (VFD).Methods: Subjects with a BMI<30 kg/m2 were divided based on waist circumference: VFD group … GLUCAGON-LIKE PEPTIDE 1 (GLP-1) AND GHRELIN RESPONSES TO INGESTION OF SELECTED NIGERIAN DIETS … (Nigeria) saheedkakako@yahoo.com …","https://www.degruyter.com/document/doi/10.1515/cclm-2017-5030/pdf",""
0,"B Carvalho, S Policarpo, AC Moreira","El estado nutricional y la calidad de vida en pacientes infectados por el VIH",2017,"Nutrición Hospitalaria","SciELO Espana","https://scielo.isciii.es/scielo.php?script=sci_arttext&pid=S0212-16112017000400024","",639,"2021-07-17 21:08:35","HTML","","","",,,,,0,0.00,0,3,4,"… 8. So ES. Waist circumference and health-related quality of life by sex in the Korean elderly. J Aging Health 2014;26(6):887-99 … 13. Akinboro A, Akinyemi O, Olaitan P, Raji AA, Popoola AA, Awoyemi OR, et al. Quality of life of Nigerians living with human immunodeficiency virus …","https://scielo.isciii.es/scielo.php?script=sci_arttext&pid=S0212-16112017000400024","https://scholar.google.com/scholar?q=related:t1K2lgTt9eIJ:scholar.google.com/&scioq=%22waist+circumference%22+nigeria&hl=en&as_sdt=0,5&as_ylo=2017&as_yhi=2017&as_vis=1"
35,"HD Jang, JY Hong, K Han, JC Lee, BJ Shin, SW Choi…","Relationship between bone mineral density and alcohol intake: A nationwide health survey analysis of postmenopausal women",2017,"PLoS …","journals.plos.org","https://journals.plos.org/plosone/article?id=10.1371/journal.pone.0180132","https://scholar.google.com/scholar?cites=12167836146441380097&as_sdt=2005&sciodt=0,5&hl=en",640,"2021-07-17 21:08:35","HTML","","","",,,,,35,8.75,5,7,4,"… measured, and body mass index (BMI) (kg/m 2 ) was calculated. Waist circumference was measured at the narrowest point, between the lower costal margin and the iliac crest. An absolute BMD (g/cm 2 ) of the lumbar spine …","https://journals.plos.org/plosone/article?id=10.1371/journal.pone.0180132","https://scholar.google.com/scholar?q=related:AeHL2YHW3KgJ:scholar.google.com/&scioq=%22waist+circumference%22+nigeria&hl=en&as_sdt=0,5&as_ylo=2017&as_yhi=2017&as_vis=1"
7,"SRS Freitas, RO Alvim","Smoking and blood pressure phenotypes: new perspective for an old problem",2017,"American journal of hypertension","academic.oup.com","https://academic.oup.com/ajh/article-abstract/30/6/554/3091201","https://scholar.google.com/scholar?cites=5790287027700500489&as_sdt=2005&sciodt=0,5&hl=en",641,"2021-07-17 21:08:35","","","","",,,,,7,1.75,4,2,4,"… 10–13 Alomari and Al-Sheyab, 14 studying 224 boys of Irbid Tobacco Risk in Youth study (Irbid-TRY), showed reduced SBP, DBP, pulse pressure, and rate pressure product in smoker vs. nonsmoker adolescents, after controlling for age, BMI, and waist circumference …","https://academic.oup.com/ajh/article/30/6/554/3091201","https://scholar.google.com/scholar?q=related:CQikmV87W1AJ:scholar.google.com/&scioq=%22waist+circumference%22+nigeria&hl=en&as_sdt=0,5&as_ylo=2017&as_yhi=2017&as_vis=1"
3,"B Kramer","From awareness to adverse selection: cardiovascular disease risk and health insurance decisions",2017,"Available at SSRN 2636210","papers.ssrn.com","https://papers.ssrn.com/sol3/papers.cfm?abstract_id=2636210","https://scholar.google.com/scholar?cites=15371160136440086691&as_sdt=2005&sciodt=0,5&hl=en",642,"2021-07-17 21:08:35","","","","",,,,,3,0.75,3,1,4,"… To strengthen the health system, the PharmAccess Foundation and Nigerian HMO 2Statistics based on National Bureau of Statistics estimates from Nigeria Living Standard Survey 2009 … waist circumference, blood pressure (we use the average of three measurements within …","https://www.wider.unu.edu/sites/default/files/Events/PDF/Slides/3_kramer_ver2.pdf","https://scholar.google.com/scholar?q=related:owAoRrRUUdUJ:scholar.google.com/&scioq=%22waist+circumference%22+nigeria&hl=en&as_sdt=0,5&as_ylo=2017&as_yhi=2017&as_vis=1"
0,"BA ALALADE","METABOLIC EFFECTS OF ANTIRETROVIRAL THERAPY IN PATIENTS WITH HUMAN IMMUNODEFICIENCY VIRUS INFECTION.",2017,"Faculty of INTERNAL MEDICINE","dissertation.npmcn.edu.ng","http://dissertation.npmcn.edu.ng/index.php/FMCP/article/download/395/796","",643,"2021-07-17 21:08:35","PDF","","","",,,,,0,0.00,0,1,4,"… studied in our setting. Metabolic abnormalities identified in previous studies in Nigerians, with the largest global … in previous Nigerian studies are from cross section of patients on HAART for minimum of 6 months … reported in Nigeria. Documentation …","http://dissertation.npmcn.edu.ng/index.php/FMCP/article/download/395/796","https://scholar.google.com/scholar?q=related:D1Ls4xBqf4wJ:scholar.google.com/&scioq=%22waist+circumference%22+nigeria&hl=en&as_sdt=0,5&as_ylo=2017&as_yhi=2017&as_vis=1"
28,"S Salekzamani, AS Bavil, H Mehralizadeh…","The effects of vitamin D supplementation on proatherogenic inflammatory markers and carotid intima media thickness in subjects with metabolic syndrome: a …",2017,"Endocrine","Springer","https://link.springer.com/article/10.1007/s12020-017-1317-2","https://scholar.google.com/scholar?cites=6736620504675368177&as_sdt=2005&sciodt=0,5&hl=en",644,"2021-07-17 21:08:35","","10.1007/s12020-017-1317-2","","",,,,,28,7.00,7,4,4,"… for metabolic syndrome; triglyceride concentration ≥ 150 mg/dl, HDL-cholesterol < 40 mg/d in males, and < 50 mg/dl in females, systolic blood pressure ≥ 130 and/or diastolic blood pressure ≥ 85 mg/dl, Fasting blood sugar ≥ 100 mg/dl, and waist circumference [32] ≥ 95 cm …","","https://scholar.google.com/scholar?q=related:8bzJJ6hIfV0J:scholar.google.com/&scioq=%22waist+circumference%22+nigeria&hl=en&as_sdt=0,5&as_ylo=2017&as_yhi=2017&as_vis=1"
0,"NM LAMU","THE EFFECT OF STRUCTURED LIFESTYLE MODIFICATION ON CARDIOVASCULAR RISK FACTORS IN TYPE 2 DIABETIC PATIENTS ATTENDING THE …",2017,"Faculty of Family Medicine","dissertation.npmcn.edu.ng","http://www.dissertation.npmcn.edu.ng/index.php/FMCFM/article/download/187/1874","",645,"2021-07-17 21:08:35","PDF","","","",,,,,0,0.00,0,1,4,"… recorded a rise in prevalence from 2.0% in 1992 to 2.2% in 1997 in Nigeria.27 In 1971, a hospital survey in Ibadan … dyslipidaemia, increased waist circumference, cigarette smoking, alcohol abuse and physical inactivity, compared to the non …","http://www.dissertation.npmcn.edu.ng/index.php/FMCFM/article/download/187/1874","https://scholar.google.com/scholar?q=related:Du_LVNVlIToJ:scholar.google.com/&scioq=%22waist+circumference%22+nigeria&hl=en&as_sdt=0,5&as_ylo=2017&as_yhi=2017&as_vis=1"
26,"C Sargent, C Gebruers, J O'Mahony","A review of the physiological and psychological health and wellbeing of naval service personnel and the modalities used for monitoring",2017,"Military Medical Research","Springer","https://link.springer.com/article/10.1186/s40779-016-0112-3","https://scholar.google.com/scholar?cites=13955023752686659542&as_sdt=2005&sciodt=0,5&hl=en",646,"2021-07-17 21:08:35","HTML","10.1186/s40779-016-0112-3","","",,,,,26,6.50,9,3,4,"Naval cohorts rely heavily on personnel to ensure the efficient running of naval organisations. As such, the wellbeing of personnel is essential. In an occupational setting, naval service personnel experience a variety of physiological and psychological stressors. Most naval services …","https://link.springer.com/article/10.1186/s40779-016-0112-3","https://scholar.google.com/scholar?q=related:1ucGiyo0qsEJ:scholar.google.com/&scioq=%22waist+circumference%22+nigeria&hl=en&as_sdt=0,5&as_ylo=2017&as_yhi=2017&as_vis=1"
0,"GM Hussein","Assessment of Serum Chemerin, Omentin-1 and Apelin Concentration in Normal Weight, Overweight and Obese Men in Al-Hilla City",2017,"Journal of University of Babylon","iasj.net","https://www.iasj.net/iasj/download/be7cce28cc2ebb53","",647,"2021-07-17 21:08:35","PDF","","","",,,,,0,0.00,0,1,4,"… Serum Chemerin Levels are Associated with Visceral Adiposity, Independent of Waist Circumference, in Newly Diagnosed Type 2 Diabetic Subjects. ymj … between Body mass index, Waist Hip ratio, blood sugar levels and blood pressure in apparently healthy adult Nigerians …","https://www.iasj.net/iasj/download/be7cce28cc2ebb53","https://scholar.google.com/scholar?q=related:3OaxmuyrrP8J:scholar.google.com/&scioq=%22waist+circumference%22+nigeria&hl=en&as_sdt=0,5&as_ylo=2017&as_yhi=2017&as_vis=1"
0,"AD AJIBOYE","PATTERN OF BLOOD GLUCOSE AND PREGNANCY OUTCOME OF WOMEN WITH GESTATIONAL DIABETES AT UNIVERSITY OF ILORIN TEACHING HOSPITAL",2017,"FACULTY of OBSTETRICS AND …","dissertation.npmcn.edu.ng","http://dissertation.npmcn.edu.ng/index.php/FMCOG/article/view/1819","",648,"2021-07-17 21:08:35","","","","",,,,,0,0.00,0,1,4,"… however, a study from eastern Nigeria quoted a prevalence of 4.8%.8 The prevalence of … increased risk.38 A unit increase in waist-to-hip ratio or waist circumference (cm) increased … typical Nigerian diet because the glycemic index of most Nigerian foods are not known, however …","https://dissertation.npmcn.edu.ng/index.php/FMCOG/article/download/1819/1103","https://scholar.google.com/scholar?q=related:Z4etGM3vfO8J:scholar.google.com/&scioq=%22waist+circumference%22+nigeria&hl=en&as_sdt=0,5&as_ylo=2017&as_yhi=2017&as_vis=1"
0,"E Seekoe","Eyitayo Omolara Owolabi, Daniel Ter Goon, Oladele Vincent Adeniyi, 2",,"researchgate.net","","https://www.researchgate.net/profile/Eyitayo-Owolabi/publication/317495510_Social_epidemiology_of_hypertension_in_Buffalo_City_Metropolitan_Municipality_BCMM_Cross-sectional_study_of_determinants_of_prevalence_awareness_treatment_and_control_among_South_African_adults/links/5947e615aca272f02e0ac40d/Social-epidemiology-of-hypertension-in-Buffalo-City-Metropolitan-Municipality-BCMM-Cross-sectional-study-of-determinants-of-prevalence-awareness-treatment-and-control-among-South-African-adults.pdf","",649,"2021-07-17 21:08:35","PDF","","","",,,,,0,0.00,0,1,,"… of hyper- tension across sub-Saharan Africa; from 23% among Zambian and Angolan adults to 26% in adults in four selected sub-Saharan African countries.10–12 41 Akpan et al9 reported a prevalence of 48.3% among rural adults in the eastern part of Nigeria, while a 44.7 …","https://www.researchgate.net/profile/Eyitayo-Owolabi/publication/317495510_Social_epidemiology_of_hypertension_in_Buffalo_City_Metropolitan_Municipality_BCMM_Cross-sectional_study_of_determinants_of_prevalence_awareness_treatment_and_control_among_South_African_adults/links/5947e615aca272f02e0ac40d/Social-epidemiology-of-hypertension-in-Buffalo-City-Metropolitan-Municipality-BCMM-Cross-sectional-study-of-determinants-of-prevalence-awareness-treatment-and-control-among-South-African-adults.pdf","https://scholar.google.com/scholar?q=related:fRQDqQWHh4IJ:scholar.google.com/&scioq=%22waist+circumference%22+nigeria&hl=en&as_sdt=0,5&as_ylo=2017&as_yhi=2017&as_vis=1"
0,"MS Ganjayi, D Sreenivasulu, B Meriga","Advances in Biochemistry & Applications in Medicine",,"openaccessebooks.com","","https://openaccessebooks.com/biochemistry-applications-in-medicine/childhood-obesity-an-emerging-threat-to-global-public-health-a-neutraceutical-approach-to-contain.pdf","",650,"2021-07-17 21:08:35","PDF","","","",,,,,0,0.00,0,3,,"… trends have also been observed in India, Mexico, Nigeria, and Tunisia over the past two de … 36% fulfilled the criteria for metabolic syndrome [77]. The metabolically healthy children are characterized by lower waist circumference, less visceral fat content, increased peripheral in …","https://openaccessebooks.com/biochemistry-applications-in-medicine/childhood-obesity-an-emerging-threat-to-global-public-health-a-neutraceutical-approach-to-contain.pdf","https://scholar.google.com/scholar?q=related:zWYsq4cF0lYJ:scholar.google.com/&scioq=%22waist+circumference%22+nigeria&hl=en&as_sdt=0,5&as_ylo=2017&as_yhi=2017&as_vis=1"
14,"Y Yang, T Tian, J Lu, H He, K Xing, G Tian","A1166C polymorphism of the angiotensin II type 1 receptor gene contributes to hypertension susceptibility: evidence from a meta-analysis",2017,"Acta cardiologica","Taylor & Francis","https://www.tandfonline.com/doi/abs/10.1080/00015385.2017.1291211","https://scholar.google.com/scholar?cites=12449692496170457764&as_sdt=2005&sciodt=0,5&hl=en",651,"2021-07-17 21:08:35","","10.1080/00015385.2017.1291211","","",,,,,14,3.50,2,6,4,"… analysis. With regard to ethnicity, 15 of the populations were Asian, 25 were Caucasian, 5 were mixed, and 1 population involving 612 cases and 612 controls was from Nigeria. All of the studies had a case-control design. The …","","https://scholar.google.com/scholar?q=related:pBoWLV0xxqwJ:scholar.google.com/&scioq=%22waist+circumference%22+nigeria&hl=en&as_sdt=0,5&as_ylo=2017&as_yhi=2017&as_vis=1"
5,"V Kuete","African medicinal spices and vegetables and their potential in the management of metabolic syndrome",2017,"Medicinal Spices and Vegetables from Africa","Elsevier","https://www.sciencedirect.com/science/article/pii/B9780128092866000121","https://scholar.google.com/scholar?cites=7834112995924750389&as_sdt=2005&sciodt=0,5&hl=en",652,"2021-07-17 21:08:35","","","","",,,,,5,1.25,5,1,4,"… defines the MetS as having three or more of the following five cardiovascular risk factors: (1) central obesity (waist circumference: men >102 cm … Based on various reports, prevalence are 24.8–30.3% in Seychelles, 20.5–63.6% in Nigeria, 12.5–17.9% in Ethiopia, 18.9–27.1% in …","https://www.researchgate.net/profile/Opeyemi-Avoseh/publication/312686177_Cymbopogon_citratus/links/5ec284d5299bf1c09ac4e3a8/Cymbopogon-citratus.pdf#page=336","https://scholar.google.com/scholar?q=related:NbBdTENcuGwJ:scholar.google.com/&scioq=%22waist+circumference%22+nigeria&hl=en&as_sdt=0,5&as_ylo=2017&as_yhi=2017&as_vis=1"
0,"MH Jaffery, GH Baloch, SZ Ali, D Shah, ZAQ Baloch…","PHARMACEUTICAL SCIENCES",,"academia.edu","","https://www.academia.edu/download/52113649/21.Zulfiqar_Ali_Qutrio_Baloch_et_al_2349-7750.pdf","",653,"2021-07-17 21:08:35","PDF","","","",,,,,0,0.00,0,6,,"… 2014 May 26; 6(5): 327–337. 3.Akande TO, Adeleye JO, Kadiri S. Insulin resistance in Nigerians with essential hypertension. Afr Health Sci … Impact of waist circumference on the relationship between blood pressure and insulin: the Quebec Health Survey. Hypertension …","https://www.academia.edu/download/52113649/21.Zulfiqar_Ali_Qutrio_Baloch_et_al_2349-7750.pdf","https://scholar.google.com/scholar?q=related:fe5Q6AyUI5cJ:scholar.google.com/&scioq=%22waist+circumference%22+nigeria&hl=en&as_sdt=0,5&as_ylo=2017&as_yhi=2017&as_vis=1"
0,"B Saravanan","Plasma Omentin 1: A Novel Biomarker For Metabolic Risk Factors in Obesity",2017,"","repository-tnmgrmu.ac.in","http://repository-tnmgrmu.ac.in/id/eprint/4820","",654,"2021-07-17 21:08:35","","","","",,,,,0,0.00,0,1,4,"… VLDL : Very Low Density Lipoprotein WC : Waist Circumference WHO : World Health Organization Page 13. 1 … Obese class II 35.00 - 39.99 Obese class III ≥ 40.00 WAIST CIRCUMFERENCE 16 : Waist circumference measured at the midpoint of the lower border of ribcage …","http://repository-tnmgrmu.ac.in/4820/1/201313417saravanan.pdf","https://scholar.google.com/scholar?q=related:2xXKmcd7FOYJ:scholar.google.com/&scioq=%22waist+circumference%22+nigeria&hl=en&as_sdt=0,5&as_ylo=2017&as_yhi=2017&as_vis=1"
5,"FA Mousa, HH Dessoki, SM El Kateb…","Metabolic syndrome in psychiatric patients (comparative study)",2017,"Egyptian Journal of …","new.ejpsy.eg.net","https://new.ejpsy.eg.net/article.asp?issn=1110-1105;year=2017;volume=38;issue=3;spage=179;epage=191;aulast=Mousa","https://scholar.google.com/scholar?cites=15074839686294012885&as_sdt=2005&sciodt=0,5&hl=en",655,"2021-07-17 21:08:35","HTML","","","",,,,,5,1.25,1,4,4,"… Prevalence of the metabolic syndrome among schizophrenia patients on antipsychotics in Nigeria … Zhao G (2011). Waist circumference, abdominal obesity, and depression among overweight and obese US adults: National Health and Nutrition Examination Survey 2005-2006 …","https://new.ejpsy.eg.net/article.asp?issn=1110-1105;year=2017;volume=38;issue=3;spage=179;epage=191;aulast=Mousa","https://scholar.google.com/scholar?q=related:1QOEI9OWNNEJ:scholar.google.com/&scioq=%22waist+circumference%22+nigeria&hl=en&as_sdt=0,5&as_ylo=2017&as_yhi=2017&as_vis=1"
17,"D Vejrazkova, O Lischkova, M Vankova…","Distinct response of fat and gastrointestinal tissue to glucose in gestational diabetes mellitus and polycystic ovary syndrome.",2017,"Physiological …","biomed.cas.cz","http://www.biomed.cas.cz/physiolres/pdf/66/66_283.pdf","https://scholar.google.com/scholar?cites=17201989769160517739&as_sdt=2005&sciodt=0,5&hl=en",656,"2021-07-17 21:08:35","PDF","","","",,,,,17,4.25,4,4,4,"… in order to calculate body mass index (BMI), body adiposity index (BAI) and to evaluate body fat distribution by means of waist circumference and waist … OSEGBE I, OKPARA H, AZINGE E: Relationship between serum leptin and insulin resistance among obese Nigerian women …","http://www.biomed.cas.cz/physiolres/pdf/66/66_283.pdf","https://scholar.google.com/scholar?q=related:a2i3FI6-ue4J:scholar.google.com/&scioq=%22waist+circumference%22+nigeria&hl=en&as_sdt=0,5&as_ylo=2017&as_yhi=2017&as_vis=1"
9,"X Zeng, X Xu, Y Zhang, W Li, X Huo","Chest circumference and birth weight are good predictors of lung function in preschool children from an e-waste recycling area",2017,"Environmental Science and …","Springer","https://link.springer.com/article/10.1007/s11356-017-9885-5","https://scholar.google.com/scholar?cites=15405604309683181326&as_sdt=2005&sciodt=0,5&hl=en",657,"2021-07-17 21:08:35","","10.1007/s11356-017-9885-5","","",,,,,9,2.25,2,5,4,"… 2014; Wang et al. 2016). It is estimated that approximately 80% of e-waste are illegally shipped from developed countries especially North America and Europe to developing countries such as China, India, Pakistan, Nigeria, and Ghana (Zhang et al. 2012) …","https://hjxy.jnu.edu.cn/_upload/article/files/02/72/24cc0b404d7583864d5cb7f8fae3/3bf1bf11-cd0a-4651-a552-b0fd763b2c25.pdf","https://scholar.google.com/scholar?q=related:DpfkTH-zy9UJ:scholar.google.com/&scioq=%22waist+circumference%22+nigeria&hl=en&as_sdt=0,5&as_ylo=2017&as_yhi=2017&as_vis=1"
0,"L Frank","Type 2 diabetes in urban Ghana",2017,"","depositonce.tu-berlin.de","http://www.depositonce.tu-berlin.de/handle/11303/6510","",658,"2021-07-17 21:08:35","","","","",,,,,0,0.00,0,1,4,"… type 2 diabetes and to assess the appropriateness of specific cut-off points for the body mass index (BMI), waist circumference (WC) and waist-to-hip ratio (WHR) in an urban Ghanaian study population. The second object of this thesis was to describe the dietary …","https://www.depositonce.tu-berlin.de/bitstream/11303/6510/4/frank_laura.pdf","https://scholar.google.com/scholar?q=related:rt68ao60JckJ:scholar.google.com/&scioq=%22waist+circumference%22+nigeria&hl=en&as_sdt=0,5&as_ylo=2017&as_yhi=2017&as_vis=1"
3,"S Djalalinia, M Qorbani, N Rezaei…","Joint association of screen time and physical activity with anthropometric measures in Iranian children and adolescents: the weight disorders survey of the CASPIAN …",2017,"Journal of Pediatric …","degruyter.com","https://www.degruyter.com/document/doi/10.1515/jpem-2016-0486/html","https://scholar.google.com/scholar?cites=3565978745736877057&as_sdt=2005&sciodt=0,5&hl=en",659,"2021-07-17 21:08:35","","10.1515/jpem-2016-0486","","",,,,,3,0.75,1,4,4,"… 31, 32]. Waist circumference (WC) was measured using a non-elastic tape over skin, midway between the lower border of the rib margin and the iliac crest at the end of normal expiration, to the nearest 0.1 cm. Abdominal obe …","","https://scholar.google.com/scholar?q=related:AVQ9oMbmfDEJ:scholar.google.com/&scioq=%22waist+circumference%22+nigeria&hl=en&as_sdt=0,5&as_ylo=2017&as_yhi=2017&as_vis=1"
10,"R Nepomuceno, BS Villela, SCT Corbi…","Dyslipidemia rather than type 2 Diabetes Mellitus or chronic periodontitis affects the systemic expression of Pro-and Anti-Inflammatory genes",2017,"Mediators of …","hindawi.com","https://www.hindawi.com/journals/mi/2017/1491405/","https://scholar.google.com/scholar?cites=844449377493789791&as_sdt=2005&sciodt=0,5&hl=en",660,"2021-07-17 21:08:35","HTML","","","",,,,,10,2.50,3,4,4,"Page 1. Research Article Dyslipidemia rather than Type 2 Diabetes Mellitus or Chronic Periodontitis Affects the Systemic Expression of Pro- and Anti-Inflammatory Genes Rafael Nepomuceno,1 Bárbara Scoralick Villela,1 Sâmia …","https://www.hindawi.com/journals/mi/2017/1491405/","https://scholar.google.com/scholar?q=related:XyxRGDwWuAsJ:scholar.google.com/&scioq=%22waist+circumference%22+nigeria&hl=en&as_sdt=0,5&as_ylo=2017&as_yhi=2017&as_vis=1"
0,"SO Elias","Intermittent Dietary Restriction Modulates Pressor Response and Vascular Reactivity in Young Normotensive Adults",,"researchgate.net","","https://www.researchgate.net/profile/Simiat-Elias/publication/309869288_Intermittent_Dietary_Restriction_Modulates_Pressor_Response_and_Vascular_Reactivity_in_Young_Normotensive_Adults/links/5aab9dc645851521c84863da/Intermittent-Dietary-Restriction-Modulates-Pressor-Response-and-Vascular-Reactivity-in-Young-Normotensive-Adults.pdf","",661,"2021-07-17 21:08:35","PDF","","","",,,,,0,0.00,0,1,,"… of Basic Medical Sciences, Lagos State University College of Medicine, Ikeja, Lagos, Nigeria … Vascular reactivity and Salt sensitivity in Normotensive and Hypertensive Adult Nigerians … Cherian B, Mourou M. Effects of Ramadan fasting on Waist Circumference, Blood Pressure …","https://www.researchgate.net/profile/Simiat-Elias/publication/309869288_Intermittent_Dietary_Restriction_Modulates_Pressor_Response_and_Vascular_Reactivity_in_Young_Normotensive_Adults/links/5aab9dc645851521c84863da/Intermittent-Dietary-Restriction-Modulates-Pressor-Response-and-Vascular-Reactivity-in-Young-Normotensive-Adults.pdf","https://scholar.google.com/scholar?q=related:BtKLOOs8EnEJ:scholar.google.com/&scioq=%22waist+circumference%22+nigeria&hl=en&as_sdt=0,5&as_ylo=2017&as_yhi=2017&as_vis=1"
25,"P Chhoun, S Tuot, AD Harries, NTT Kyaw, K Pal…","High prevalence of non-communicable diseases and associated risk factors amongst adults living with HIV in Cambodia",2017,"PloS one","journals.plos.org","https://journals.plos.org/plosone/article?id=10.1371/journal.pone.0187591","https://scholar.google.com/scholar?cites=16298308775168670041&as_sdt=2005&sciodt=0,5&hl=en",662,"2021-07-17 21:08:35","HTML","","","",,,,,25,6.25,4,6,4,"… Several studies in sub-Saharan African countries including Nigeria, Tanzania, Malawi and Botswana have found significant rates of diabetes mellitus and … included weight, height, a derived body mass index (BMI = weight in kg/ height in m 2 ) and waist circumference (in cm) …","https://journals.plos.org/plosone/article?id=10.1371/journal.pone.0187591","https://scholar.google.com/scholar?q=related:WXmPl3o5L-IJ:scholar.google.com/&scioq=%22waist+circumference%22+nigeria&hl=en&as_sdt=0,5&as_ylo=2017&as_yhi=2017&as_vis=1"
1,"M Lakhotia, A Tyagi, AK Srivastava","A study of prevalence of anemia by sociodemographic, clinical, and laboratory characteristics among HIV-positive patients",2017,"Asian Pacific Journal of Health …","core.ac.uk","https://core.ac.uk/download/pdf/326493411.pdf","https://scholar.google.com/scholar?cites=9372404560624471223&as_sdt=2005&sciodt=0,5&hl=en",663,"2021-07-17 21:08:35","PDF","","","",,,,,1,0.25,0,3,4,"… that was observed in this study. Underweight as assessed by BMI and low waist circumference were also associated with anemia … Plasma folate studies in HIV-positive patients at the Lagos university teaching hospital, Nigeria. Indian J …","https://core.ac.uk/download/pdf/326493411.pdf","https://scholar.google.com/scholar?q=related:t8xFb0p4EYIJ:scholar.google.com/&scioq=%22waist+circumference%22+nigeria&hl=en&as_sdt=0,5&as_ylo=2017&as_yhi=2017&as_vis=1"
0,"BC UBANI","DYSGLYCAEMIA AND THE HUMAN IMMUNODEFICIENCY VIRUS INFECTION AT THE UNIVERSITY OF UYO TEACHING HOSPITAL: A COMPARATIVE …",2017,"Faculty of INTERNAL MEDICINE","dissertation.npmcn.edu.ng","http://www.dissertation.npmcn.edu.ng/index.php/FMCP/article/download/382/808","",664,"2021-07-17 21:08:35","PDF","","","",,,,,0,0.00,0,1,4,"… Internal Medicine Department at both the University of Uyo Teaching Hospital and the University of Nigeria Teaching Hospital Enugu, from whom I learnt a lot in the field of medicine … WHO World Health Organization WC Waist Circumference WHR Waist Hip Ratio Page 15. 15 …","http://www.dissertation.npmcn.edu.ng/index.php/FMCP/article/download/382/808","https://scholar.google.com/scholar?q=related:MR1G1qDmEP0J:scholar.google.com/&scioq=%22waist+circumference%22+nigeria&hl=en&as_sdt=0,5&as_ylo=2017&as_yhi=2017&as_vis=1"
2,"S Onuoha-Obilor","Dietary acculturation and obesity in african immigrant adults",2017,"","search.proquest.com","https://search.proquest.com/openview/7ddd7244d49febbd6f9786b47b5f2d5b/1?pq-origsite=gscholar&cbl=18750","https://scholar.google.com/scholar?cites=10482421608625659731&as_sdt=2005&sciodt=0,5&hl=en",665,"2021-07-17 21:08:35","HTML","","","",,,,,2,0.50,2,1,4,"… Africans come from all over the continent, but the most common countries of origin for African immigrants are Nigeria, Ethiopia, Egypt, Ghana, and Kenya (Pew Research Center, 2015) … a sample of Nigerian immigrants. Most immigrants from African countries find life in the …","https://search.proquest.com/openview/7ddd7244d49febbd6f9786b47b5f2d5b/1?pq-origsite=gscholar&cbl=18750","https://scholar.google.com/scholar?q=related:U98CMOoKeZEJ:scholar.google.com/&scioq=%22waist+circumference%22+nigeria&hl=en&as_sdt=0,5&as_ylo=2017&as_yhi=2017&as_vis=1"
81,"R Tabarés Seisdedos","Health effects of overweight and obesity in 195 countries over 25 years",2017,"New England Journal of Medicine, 2017, vol …","roderic.uv.es","https://roderic.uv.es/handle/10550/67381","https://scholar.google.com/scholar?cites=5773974466257488230&as_sdt=2005&sciodt=0,5&hl=en",666,"2021-07-17 21:08:35","","","","",,,,,81,20.25,81,1,4,"Page 1. The new england journal of medicine n engl j med 377;1 nejm.org July 6, 2017 13 established in 1812 July 6, 2017 vol. 377 no. 1 *The names, academic degrees, and af- filiations of the authors, who are mem- bers of …","https://roderic.uv.es/bitstream/handle/10550/67381/126536.pdf?sequence=1","https://scholar.google.com/scholar?q=related:Zgl0ay9HIVAJ:scholar.google.com/&scioq=%22waist+circumference%22+nigeria&hl=en&as_sdt=0,5&as_ylo=2017&as_yhi=2017&as_vis=1"
0,"AD Williams","Area-level poverty and cardiometabolic risk among United States adolescents: A hierarchical analysis of pathways to disease",2017,"","search.proquest.com","https://search.proquest.com/openview/1573a05aae431d8e5d4bd0eb22630bc5/1?pq-origsite=gscholar&cbl=18750","",667,"2021-07-17 21:08:35","","","","",,,,,0,0.00,0,1,4,"… Cardiometabolic risk was parameterized by summing z-scores of systolic and diastolic blood pressure, glycosylated hemoglobin, waist circumference, HDL cholesterol, and total cholesterol … BP levels. While increases in weight, head circumference, waist circumference, and …","https://drum.lib.umd.edu/bitstream/handle/1903/19388/Williams_umd_0117E_17892.pdf?sequence=1&isAllowed=n","https://scholar.google.com/scholar?q=related:-eaS88f_mz4J:scholar.google.com/&scioq=%22waist+circumference%22+nigeria&hl=en&as_sdt=0,5&as_ylo=2017&as_yhi=2017&as_vis=1"
62,"Y Maphosa, VA Jideani","The role of legumes in human nutrition",2017,"Functional food-improve health through …","books.google.com","https://books.google.com/books?hl=en&lr=&id=-vyPDwAAQBAJ&oi=fnd&pg=PA103&dq=%22waist+circumference%22+nigeria&ots=8FIlAmYQ50&sig=h8JrMmqNdkdNR4fN6XJ2hdum6OE","https://scholar.google.com/scholar?cites=15763659158151498204&as_sdt=2005&sciodt=0,5&hl=en",668,"2021-07-17 21:08:35","","","","",,,,,62,15.50,31,2,4,"… legumes was associated with decreased body mass index (BMI), reduced waist circumference and reduced … of Bambara ground- nuts (Vigna subterranean [L.] Verdc.) from Southern Kaduna, Nigeria … on the chemical and amino acid composition of some Nigerian under-utilized …","https://www.intechopen.com/books/functional-food-improve-health-through-adequate-food/the-role-of-legumes-in-human-nutrition","https://scholar.google.com/scholar?q=related:3An0IXzEw9oJ:scholar.google.com/&scioq=%22waist+circumference%22+nigeria&hl=en&as_sdt=0,5&as_ylo=2017&as_yhi=2017&as_vis=1"
0,"IM Siminialayi","The rising burden of non-communicable disease and food as medicine.",,"ndmjournal.org","","http://ndmjournal.org/wp-content/uploads/2017/05/Review-Article.pdf","",669,"2021-07-17 21:08:35","PDF","","","",,,,,0,0.00,0,1,,"… antidiabetics and antineoplastic drugs, and the loss to death of breadwinners is dragging a large proportion of Nigeria's population into … by Osterdahl et al.,29 in healthy human volunteers showed decreases in mean weight, body mass index, waist circumference, and systolic …","http://ndmjournal.org/wp-content/uploads/2017/05/Review-Article.pdf","https://scholar.google.com/scholar?q=related:ugthDqCmD1YJ:scholar.google.com/&scioq=%22waist+circumference%22+nigeria&hl=en&as_sdt=0,5&as_ylo=2017&as_yhi=2017&as_vis=1"
3,"MR Sedaghat, F Askarizadeh, M Nematy…","The Relationship of Body Mass Index and Blood Pressure with Corneal Biomechanical Parameters in Healthy Subjects",2017,"… and Innovation in …","ncbi.nlm.nih.gov","https://www.ncbi.nlm.nih.gov/pmc/articles/PMC5787028/","https://scholar.google.com/scholar?cites=10480692152487486007&as_sdt=2005&sciodt=0,5&hl=en",670,"2021-07-17 21:08:35","HTML","","","",,,,,3,0.75,1,4,4,"… reported a statistically significant positive correlation between BMI and IOP and also between BMI and BP in an overweight and obese Nigerian population [8]. Their results in an overweight and obese population are in contrast to our findings …","https://www.ncbi.nlm.nih.gov/pmc/articles/PMC5787028/","https://scholar.google.com/scholar?q=related:N6I9zfvlcpEJ:scholar.google.com/&scioq=%22waist+circumference%22+nigeria&hl=en&as_sdt=0,5&as_ylo=2017&as_yhi=2017&as_vis=1"
0,"KO DURUEWURU","RELATIONSHIP BETWEEN SEDENTARY BEHAVIOR AND METABOLIC SYNDROME AMONG ADULT PATIENTS PRESENTING AT THE GENERAL OUT …",2017,"Faculty of Family Medicine","dissertation.npmcn.edu.ng","http://www.dissertation.npmcn.edu.ng/index.php/FMCFM/article/download/224/1837","",671,"2021-07-17 21:08:35","PDF","","","",,,,,0,0.00,0,1,4,"… MetS increased with weight. Waist circumference (WC) and waist/hip ratio (WHR) appeared … The earliest report of hypertension in Nigerian Africans was probably by Callander who commented on the blood pressure of army recruits among Nigerian soldiers at routine … Nigeria. 55 …","http://www.dissertation.npmcn.edu.ng/index.php/FMCFM/article/download/224/1837","https://scholar.google.com/scholar?q=related:4_q4_V4Ylx4J:scholar.google.com/&scioq=%22waist+circumference%22+nigeria&hl=en&as_sdt=0,5&as_ylo=2017&as_yhi=2017&as_vis=1"
17,"O Kucukerdonmez, SN Varli, E Koksal","Comparison of nutritional status in the elderly according to living situations",2017,"The journal of nutrition, health & …","Springer","https://link.springer.com/content/pdf/10.1007/s12603-016-0740-z.pdf","https://scholar.google.com/scholar?cites=9880798953810744750&as_sdt=2005&sciodt=0,5&hl=en",672,"2021-07-17 21:08:35","","10.1007/s12603-016-0740-z","","",,,,,17,4.25,6,3,4,"… Total MNA scores were found to be significantly related to years of education, age, BMI values, and waist circumference (r=0.426, -0.142, 0.269, and 0.355, respectively) (19) … Nutritional Status of Older Persons Presenting in a Primary Care Clinic in Nigeria …","https://www.researchgate.net/profile/Ozge-Kucukerdonmez/publication/303353965_Comparison_of_Nutritional_Status_in_the_Elderly_According_to_Living_Situations/links/59ddced20f7e9b53c1ad4a33/Comparison-of-Nutritional-Status-in-the-Elderly-According-to-Living-Situations.pdf","https://scholar.google.com/scholar?q=related:rtXwOkymH4kJ:scholar.google.com/&scioq=%22waist+circumference%22+nigeria&hl=en&as_sdt=0,5&as_ylo=2017&as_yhi=2017&as_vis=1"
38,"A Carrera-Lanestosa, Y Moguel-Ordónez…","Stevia rebaudiana Bertoni: A Natural Alternative for Treating Diseases Associated with Metabolic Syndrome",2017,"Journal of medicinal …","liebertpub.com","https://www.liebertpub.com/doi/abs/10.1089/jmf.2016.0171","https://scholar.google.com/scholar?cites=6776341276226146866&as_sdt=2005&sciodt=0,5&hl=en",673,"2021-07-17 21:08:35","","10.1089/jmf.2016.0171","","",,,,,38,9.50,13,3,4,"… 4. Triglycerides ≥150 mg/dL. 5. HDL-C <40 mg/mL in men and <50 mg/dL in women. Abdominal obesity (considering the increase across waist circumference) ≥94 and ≥80 cm in European men and women, respectively, and with specific values for other ethnicities …","https://www.ncbi.nlm.nih.gov/pmc/articles/pmc5651958/","https://scholar.google.com/scholar?q=related:MtJG9nxmCl4J:scholar.google.com/&scioq=%22waist+circumference%22+nigeria&hl=en&as_sdt=0,5&as_ylo=2017&as_yhi=2017&as_vis=1"
11,"HV Cole, E Owusu-Dabo, J Iwelunmor, V Newsome…","Sleep duration is associated with increased risk for cardiovascular outcomes: a pilot study in a sample of community dwelling adults in Ghana",2017,"Sleep medicine","Elsevier","https://www.sciencedirect.com/science/article/pii/S1389945717301399","https://scholar.google.com/scholar?cites=15311620233767904392&as_sdt=2005&sciodt=0,5&hl=en",674,"2021-07-17 21:08:35","","","","",,,,,11,2.75,2,5,4,"… longitudinal study from a sample of adults in six middle-income countries (ie, China, Ghana, India, Mexico, Russia and South Africa), short sleep duration among both men and women were associated with higher body max index (BMI) and waist circumference measures both of …","","https://scholar.google.com/scholar?q=related:iGRraXrNfdQJ:scholar.google.com/&scioq=%22waist+circumference%22+nigeria&hl=en&as_sdt=0,5&as_ylo=2017&as_yhi=2017&as_vis=1"
0,"T Nura, I Suriani, AM Rosliza","PREDICTORS OF OVERWEIGHT AND OBESITY AMONG POSTGRADUATE AFRICAN STUDENTS IN A PUBLIC UNIVERSITY IN MALAYSIA, 2017",2017,"International Journal of Public …","publichealthmy.org","http://www.publichealthmy.org/ejournal/ojs2/index.php/ijphcs/article/view/461","",675,"2021-07-17 21:08:35","","","","",,,,,0,0.00,0,3,4,"… of Body Mass Index and Blood Pressure among University Students in, Enugu, South East, Nigeria. Nigerian Journal of Medicine, 19(2). https://doi.org/10.4314/njm.v19i2.56503 … Waist Circumference and Waist-Hip Ratio: Report of a WHO Expert Consultation Geneva, 8-11 …","http://www.publichealthmy.org/ejournal/ojs2/index.php/ijphcs/article/viewFile/461/384","https://scholar.google.com/scholar?q=related:go1rMq9gUxAJ:scholar.google.com/&scioq=%22waist+circumference%22+nigeria&hl=en&as_sdt=0,5&as_ylo=2017&as_yhi=2017&as_vis=1"
10,"J Tong, Y Wang, J Yuan, J Yang, Z Wang…","Effect of interaction between noise and A1166C site of AT1R gene polymorphism on essential hypertension in an iron and steel enterprise workers",2017,"… of occupational and …","ncbi.nlm.nih.gov","https://www.ncbi.nlm.nih.gov/pmc/articles/PMC5374745/","https://scholar.google.com/scholar?cites=5457675641471463460&as_sdt=2005&sciodt=0,5&hl=en",676,"2021-07-17 21:08:35","HTML","","","",,,,,10,2.50,2,6,4,"… healthy control. He found that the risk of hypertension in the carriers of AC+CC genotype was 2.4 times of AA genotype. However, no association of A1166C polymorphism and hypertension was found in Nigeria and Jordan. 24,25 …","https://www.ncbi.nlm.nih.gov/pmc/articles/PMC5374745/","https://scholar.google.com/scholar?q=related:JHA1dRSPvUsJ:scholar.google.com/&scioq=%22waist+circumference%22+nigeria&hl=en&as_sdt=0,5&as_ylo=2017&as_yhi=2017&as_vis=1"
0,"IM Abdelhakim, FH Abd El Aziem…","Prevalence of factors leading to obesity among school children (aged 15–18 years) in Giza governorate, Egypt",2017,"Bulletin of Faculty of …","Springer","https://link.springer.com/article/10.4103/1110-6611.226689","",677,"2021-07-17 21:08:35","","10.4103/1110-6611.226689","","",,,,,0,0.00,0,3,4,"… The prevalence of obesity in our study is higher than that found in Congo (8.6%) in 2004, Nigeria (8.8%) [20,21], Mauritius (10%) [22], and Algeria (9%). This is consistent with the prevalence found by Abubakari and Bhopal in their meta-analysis …","https://bfpt.springeropen.com/track/pdf/10.4103/1110-6611.226689.pdf","https://scholar.google.com/scholar?q=related:Y6uVTw4_tAUJ:scholar.google.com/&scioq=%22waist+circumference%22+nigeria&hl=en&as_sdt=0,5&as_ylo=2017&as_yhi=2017&as_vis=1"
14,"H Cubasch, M Joffe, P Ruff, D Dietz, E Rosenbaum…","Breast conservation surgery versus total mastectomy among women with localized breast cancer in Soweto, South Africa",2017,"PLoS …","journals.plos.org","https://journals.plos.org/plosone/article?id=10.1371/journal.pone.0182125","https://scholar.google.com/scholar?cites=14516876078983372240&as_sdt=2005&sciodt=0,5&hl=en",678,"2021-07-17 21:08:35","HTML","","","",,,,,14,3.50,2,6,4,"Purpose Breast conserving surgery (BCS) has become the preferred surgical option for the management of patients with nonmetastatic breast cancer in high-income countries. However, little is known about the distribution and determinants of BCS in low-and middle-income countries …","https://journals.plos.org/plosone/article?id=10.1371/journal.pone.0182125","https://scholar.google.com/scholar?q=related:0F0rUOFNdskJ:scholar.google.com/&scioq=%22waist+circumference%22+nigeria&hl=en&as_sdt=0,5&as_ylo=2017&as_yhi=2017&as_vis=1"
2,"HS Ahmed, NT Tahir","Association between diabetes mellitus and knee osteoarthritis",2017,"Iraq Medical Journal","jocms.org","http://www.jocms.org/index.php/imj/article/view/252","https://scholar.google.com/scholar?cites=12627601222891955708&as_sdt=2005&sciodt=0,5&hl=en",679,"2021-07-17 21:08:35","","","","",,,,,2,0.50,1,2,4,"… 16. Duclos M. Osteoarthritis, obesity and type 2 diabetes: the weight of waist circumference. Ann Phys Rehab Med. 2016;59:157–160. 17 … Pattern of male sex hormones in type 2 diabetic patients in Nnewi, South Eastern Nigeria. IOSR J Dent Med Sci. 2013;10:65–70. 21 …","http://www.jocms.org/index.php/imj/article/download/252/156","https://scholar.google.com/scholar?q=related:_GXDh2hAPq8J:scholar.google.com/&scioq=%22waist+circumference%22+nigeria&hl=en&as_sdt=0,5&as_ylo=2017&as_yhi=2017&as_vis=1"
0,"OT AGBOOLA","EVALUATION OF THE INTERACTIONS BETWEEN SELF-MANAGEMENT PRACTICES, SELF-EFFICACY AND DIABETES MELLITUS TREATMENT …",2017,"Faculty of Family Medicine","dissertation.npmcn.edu.ng","http://www.dissertation.npmcn.edu.ng/index.php/FMCFM/article/download/218/1843","",680,"2021-07-17 21:08:35","PDF","","","",,,,,0,0.00,0,1,4,"… Diabetes Federation (IDF) reported that of the 79millon Nigerian adults aged 20-79years, there … practitioners especially in low and middle income countries like Nigeria where the burden of … Nigerians, around 76 million are adults and about 3.1 million people had diabetes in …","http://www.dissertation.npmcn.edu.ng/index.php/FMCFM/article/download/218/1843","https://scholar.google.com/scholar?q=related:ocRfK0SvEEgJ:scholar.google.com/&scioq=%22waist+circumference%22+nigeria&hl=en&as_sdt=0,5&as_ylo=2017&as_yhi=2017&as_vis=1"
0,"D Lemogoum, W Ngatchou, F Kamdem…","Impact de la consommation de sel sur la pression artérielle et le risque d'hypertension artérielle chez les adultes vivant dans la région de l'Extrême-Nord du …",2017,"Revue de Médecine et …","ajol.info","https://www.ajol.info/index.php/rmp/article/view/182981","",681,"2021-07-17 21:08:35","HTML","","","",,,,,0,0.00,0,4,4,"… Body mass index (BMI), waist circumference (WC), BP, fasting capillary glucose and single overnight spot urine samples were assessed in all … 30) Ghana (27) Kenya (29) Lesotho (1) Libya (2) Madagascar (1) Malawi (4) Mauritius (3) Mozambique (1) Nigeria (222) Rwanda (7 …","https://www.ajol.info/index.php/rmp/article/view/182981","https://scholar.google.com/scholar?q=related:mQwpTmpbRwYJ:scholar.google.com/&scioq=%22waist+circumference%22+nigeria&hl=en&as_sdt=0,5&as_ylo=2017&as_yhi=2017&as_vis=1"
0,"M Moreno Collado, A Cervera-Gasch","Paciente con síndrome metabólico",2017,"","repositori.uji.es","http://repositori.uji.es/xmlui/handle/10234/166450","",682,"2021-07-17 21:08:35","","","","",,,,,0,0.00,0,2,4,"… health by attempting to lower blood glucose, lose weight and reduce waist circumference to avoid … syndrome among apparently healthy adults in a rural communi- ty, in north-western Nigeria. Nigerian Journal of Medicine: Journal of the National Asso- ciation of Resident Doctors …","http://repositori.uji.es/xmlui/bitstream/handle/10234/166450/23_AgoraSalutIV.pdf?sequence=1","https://scholar.google.com/scholar?q=related:RI7vfQhuOWoJ:scholar.google.com/&scioq=%22waist+circumference%22+nigeria&hl=en&as_sdt=0,5&as_ylo=2017&as_yhi=2017&as_vis=1"
1,"MS Boyne","Diabetes in the Caribbean",2017,"Diabetes Mellitus in Developing Countries and …","Springer","https://link.springer.com/content/pdf/10.1007/978-3-319-41559-8_8.pdf","https://scholar.google.com/scholar?cites=3740092477762821096&as_sdt=2005&sciodt=0,5&hl=en",683,"2021-07-17 21:08:35","","10.1007/978-3-319-41559-8_8","","",,,,,1,0.25,1,1,4,"… of annual weight increase in Jamaicans (1.37 kg/ year) are significantly greater than African Americans (0.52 kg/year) and Nigerians (0.31 kg … prevalence of diabetes is closely corre- lated to the BMI and the amount of intra- abdominal fat (as measured by the waist circumference) …","https://ndl.ethernet.edu.et/bitstream/123456789/41086/1/pdf.119#page=136","https://scholar.google.com/scholar?q=related:6Nsp7Ep65zMJ:scholar.google.com/&scioq=%22waist+circumference%22+nigeria&hl=en&as_sdt=0,5&as_ylo=2017&as_yhi=2017&as_vis=1"
16,"FH Ampt, C Mudogo, P Gichangi, MSC Lim…","WHISPER or SHOUT study: protocol of a cluster-randomised controlled trial assessing mHealth sexual reproductive health and nutrition interventions among …",2017,"BMJ open","bmjopen.bmj.com","https://bmjopen.bmj.com/content/7/8/e017388.abstract","https://scholar.google.com/scholar?cites=7941705562120148104&as_sdt=2005&sciodt=0,5&hl=en",684,"2021-07-17 21:08:35","HTML","","","",,,,,16,4.00,3,5,4,"Skip to main content. Viewing from: Google Indexer. BMJ Journals. Log In More …","https://bmjopen.bmj.com/content/7/8/e017388.abstract","https://scholar.google.com/scholar?q=related:iFTqvCGbNm4J:scholar.google.com/&scioq=%22waist+circumference%22+nigeria&hl=en&as_sdt=0,5&as_ylo=2017&as_yhi=2017&as_vis=1"
1,"HH Sabry, AH Hamed, JH Sabry…","YKL-40: an emerging biomarker of endothelial dysfunction in arteriogenic erectile dysfunction",2017,"Human …","ha.journals.ekb.eg","https://ha.journals.ekb.eg/article_5250.html","https://scholar.google.com/scholar?cites=4757557662301476294&as_sdt=2005&sciodt=0,5&hl=en",685,"2021-07-17 21:08:35","","","","",,,,,1,0.25,0,4,4,"… Approximately 25% of obese individuals have metabolic syndrome and obesity, as manifested by an increased body mass index, waist circumference and waist-to-hip ratio, which are responsibe of … Prevalence and risk factors of erectile dysfunction in Niger delta region, Nigeria …","https://ha.journals.ekb.eg/article_5250_5fdfdaad54d5343db5c40546b4e5ac0a.pdf","https://scholar.google.com/scholar?q=related:xtXqu3w9BkIJ:scholar.google.com/&scioq=%22waist+circumference%22+nigeria&hl=en&as_sdt=0,5&as_ylo=2017&as_yhi=2017&as_vis=1"
0,"NA Khudaeer, MN Saeed","Prevalence of Life Style risk factors among a sample of Hypertensive Patients in Al-Hussain Teaching Hospital during",,"researchgate.net","","https://www.researchgate.net/profile/Muslim-Al-Hilaly/publication/334279664_Prevalence_of_Life_Style_risk_factors_among_a_sample_of_Hypertensive_Patients_in_Al-Hussain_Teaching_Hospital_during_2016/links/5d21109b299bf1547c9ef4b0/Prevalence-of-Life-Style-risk-factors-among-a-sample-of-Hypertensive-Patients-in-Al-Hussain-Teaching-Hospital-during-2016.pdf","",686,"2021-07-17 21:08:35","PDF","","","",,,,,0,0.00,0,2,,"… The patient body weight was measured by balance weight, height and waist circumference were measured by tap measure and body mass index … the American Medical Association 2003; 289:19:2560-2572 7. Guidelines for the management of hypertension in Nigeria May 1996 …","https://www.researchgate.net/profile/Muslim-Al-Hilaly/publication/334279664_Prevalence_of_Life_Style_risk_factors_among_a_sample_of_Hypertensive_Patients_in_Al-Hussain_Teaching_Hospital_during_2016/links/5d21109b299bf1547c9ef4b0/Prevalence-of-Life-Style-risk-factors-among-a-sample-of-Hypertensive-Patients-in-Al-Hussain-Teaching-Hospital-during-2016.pdf","https://scholar.google.com/scholar?q=related:Ao6LxlLrb54J:scholar.google.com/&scioq=%22waist+circumference%22+nigeria&hl=en&as_sdt=0,5&as_ylo=2017&as_yhi=2017&as_vis=1"
1,"BV Surendra","VARIATION OF PEAK EXPIRATORY FLOW RATE WITH BODY MASS INDEX IN THE FIRST YEAR MALE MEDICAL STUDENTS OF VISWABHARATHI MEDICAL …",2017,"International Journal of Clinical and …","archives.sp.oajour.info","http://archives.sp.oajour.info/index.php/ijcbr/article/view/164","https://scholar.google.com/scholar?cites=7893419671197134760&as_sdt=2005&sciodt=0,5&hl=en",687,"2021-07-17 21:08:35","","","","",,,,,1,0.25,1,1,4,"… Interna onal Journal of Research in Health Sciences. 2013;1(3): 136 9. Onadeko BO, Iyun AO, Sofowora EO, Adamu SO. Peak expiratory flow rate in normal Nigerian chil- dren … and waist circumference with pulmonary func on and airway obstruc on. Am J Epidemiol …","https://archives.sp.oajour.info/index.php/ijcbr/article/download/164/190","https://scholar.google.com/scholar?q=related:qC_JrF4Pi20J:scholar.google.com/&scioq=%22waist+circumference%22+nigeria&hl=en&as_sdt=0,5&as_ylo=2017&as_yhi=2017&as_vis=1"
0,"S AZAM","QUALITY OF LIFE AND ITS ASSOCIATED FACTORS AMONG ELDERLY RESIDENTS IN FELDA SETTLEMENTS IN JOHOR, MALAYSIA",2017,"","psasir.upm.edu.my","http://psasir.upm.edu.my/id/eprint/76693/1/FPSK%28M%29%202018%2050%20-%20IR.pdf","",688,"2021-07-17 21:08:35","PDF","","","",,,,,0,0.00,0,1,4,"… grip strength with a dynamometer, low extremity performance(LEP) with Short Physical Performance Battery (SPPB), activity of daily living with Instrumental Activity of Daily Living (IADL), height with stadiometer, weight with weighing scale, waist circumference with measuring …","http://psasir.upm.edu.my/id/eprint/76693/1/FPSK%28M%29%202018%2050%20-%20IR.pdf","https://scholar.google.com/scholar?q=related:-N8qDLAO8UkJ:scholar.google.com/&scioq=%22waist+circumference%22+nigeria&hl=en&as_sdt=0,5&as_ylo=2017&as_yhi=2017&as_vis=1"
54,"AT Folasayo, AJ Oluwasegun, S Samsudin…","Assessing the knowledge level, attitudes, risky behaviors and preventive practices on sexually transmitted diseases among university students as future healthcare …",2017,"International journal of …","mdpi.com","https://www.mdpi.com/179350","https://scholar.google.com/scholar?cites=3360323110493516738&as_sdt=2005&sciodt=0,5&hl=en",689,"2021-07-17 21:08:35","","","","",,,,,54,13.50,14,4,4,"… Previous Article in Journal The Optimal Ethnic-Specific Waist-Circumference Cut-Off Points of Metabolic Syndrome among Low-Income Rural Uyghur … For instance, in Uganda and Nigeria, 89% and 91% of non-medical university students and undergraduates had heard of AIDS …","https://www.mdpi.com/1660-4601/14/2/159/pdf","https://scholar.google.com/scholar?q=related:wnOAsxBEoi4J:scholar.google.com/&scioq=%22waist+circumference%22+nigeria&hl=en&as_sdt=0,5&as_ylo=2017&as_yhi=2017&as_vis=1"
0,"HFFRA Abbas","Association of dietary intake and eating habit with the risk of pre diabetes in postmenopausal women",,"iasj.net","","https://www.iasj.net/iasj/download/0a8838a3511663ad","",690,"2021-07-17 21:08:35","PDF","","","",,,,,0,0.00,0,1,,"… Nutritional assessment: Anthropometric measurements: Weight, height, (BMI=weight/height²) and waist circumference(11) Biochemical investigation: Under aseptic … Ayo D. Health Seeking Behaviour, Food Habit and Nutritional Assessment of an Elderly Group in Ile Ife, Nigeria …","https://www.iasj.net/iasj/download/0a8838a3511663ad","https://scholar.google.com/scholar?q=related:Bu_wRTj1-wsJ:scholar.google.com/&scioq=%22waist+circumference%22+nigeria&hl=en&as_sdt=0,5&as_ylo=2017&as_yhi=2017&as_vis=1"
4,"SS Kakarmath, RM Zack, GH Leyna, S Fahimi, E Liu…","Dietary determinants of serum total cholesterol among middle-aged and older adults: a population-based cross-sectional study in Dar es Salaam, Tanzania",2017,"BMJ open","bmjopen.bmj.com","https://bmjopen.bmj.com/content/7/5/e015028.abstract","https://scholar.google.com/scholar?cites=102837598522397089&as_sdt=2005&sciodt=0,5&hl=en",691,"2021-07-17 21:08:35","HTML","","","",,,,,4,1.00,1,6,4,"Skip to main content. Viewing from: Google Indexer. BMJ Journals. Log In More …","https://bmjopen.bmj.com/content/7/5/e015028.abstract","https://scholar.google.com/scholar?q=related:oVF7QUBabQEJ:scholar.google.com/&scioq=%22waist+circumference%22+nigeria&hl=en&as_sdt=0,5&as_ylo=2017&as_yhi=2017&as_vis=1"
3,"M Santiago-Torres, JDD Tapsoba, M Kratz…","Genetic ancestry in relation to the metabolic response to a US versus traditional Mexican diet: A randomized crossover feeding trial among women of Mexican descent",2017,"European journal of …","nature.com","https://www.nature.com/articles/ejcn2016211","https://scholar.google.com/scholar?cites=2094719007226022925&as_sdt=2005&sciodt=0,5&hl=en",692,"2021-07-17 21:08:35","","","","",,,,,3,0.75,1,4,4,"Certain populations with a large proportion of indigenous American (IA) genetic ancestry may be evolutionarily adapted to traditional diets high in legumes and complex carbohydrates, and may have a detrimental metabolic response to US diets high in refined carbohydrates and …","https://www.ncbi.nlm.nih.gov/pmc/articles/PMC5332296/","https://scholar.google.com/scholar?q=related:DUz3udbvER0J:scholar.google.com/&scioq=%22waist+circumference%22+nigeria&hl=en&as_sdt=0,5&as_ylo=2017&as_yhi=2017&as_vis=1"
12,"S Kubo, N Hosomi, N Hara, S Neshige…","Ischemic stroke mortality is more strongly associated with anemia on admission than with underweight status",2017,"Journal of Stroke and …","Elsevier","https://www.sciencedirect.com/science/article/pii/S1052305717300629","https://scholar.google.com/scholar?cites=1245210943613978452&as_sdt=2005&sciodt=0,5&hl=en",693,"2021-07-17 21:08:35","","","","",,,,,12,3.00,2,5,4,"JavaScript is disabled on your browser. Please enable JavaScript to use all the features on this page. Skip to main content Skip to article …","https://www.sciencedirect.com/science/article/am/pii/S1052305717300629","https://scholar.google.com/scholar?q=related:VEeKfMHgRxEJ:scholar.google.com/&scioq=%22waist+circumference%22+nigeria&hl=en&as_sdt=0,5&as_ylo=2017&as_yhi=2017&as_vis=1"
18,"B Samancı, Y Samancı, E Tüzün…","Evidence for potential involvement of pro-inflammatory adipokines in the pathogenesis of idiopathic intracranial hypertension",2017,"…","journals.sagepub.com","https://journals.sagepub.com/doi/abs/10.1177/0333102416650705","https://scholar.google.com/scholar?cites=11970679613096582533&as_sdt=2005&sciodt=0,5&hl=en",694,"2021-07-17 21:08:35","","10.1177/0333102416650705","","",,,,,18,4.50,5,4,4,"BackgroundAlthough specific role players are currently unknown, contribution of inflammatory mediators has been suggested in the pathophysiology of idiopathic intracranial hypertension (IIH), which...","","https://scholar.google.com/scholar?q=related:hd2hSq9lIKYJ:scholar.google.com/&scioq=%22waist+circumference%22+nigeria&hl=en&as_sdt=0,5&as_ylo=2017&as_yhi=2017&as_vis=1"
0,"CK Langat","Occupational factors for Low Back Pain among tea plantation workers in Kericho County",2017,"","ir.jkuat.ac.ke","http://ir.jkuat.ac.ke/handle/123456789/2677","",695,"2021-07-17 21:08:35","","","","",,,,,0,0.00,0,1,4,"… For instance, in a study conducted among nurses from two selected hospitals in Nigeria and … In developing countries, the rate of LBP was much higher especially in South West Nigeria, 72% (Fabunmi et al., 2005), China, 64% (Barrero et al., 2006) and in Thailand …","http://ir.jkuat.ac.ke/bitstream/handle/123456789/2677/LANGAT%20CHARLES%20KIPROTICHMSC.%20PUBLIC%20HEALTH%2C%202016..pdf?sequence=1&isAllowed=y","https://scholar.google.com/scholar?q=related:ZcTD7TcpixwJ:scholar.google.com/&scioq=%22waist+circumference%22+nigeria&hl=en&as_sdt=0,5&as_ylo=2017&as_yhi=2017&as_vis=1"
1,"M Alqahtani","Developing a prediction equation for the six-minute walk test in healthy African-American adults",2017,"","scholarworks.gsu.edu","https://scholarworks.gsu.edu/rt_theses/39/","https://scholar.google.com/scholar?cites=7209212204774554585&as_sdt=2005&sciodt=0,5&hl=en",696,"2021-07-17 21:08:35","","","","",,,,,1,0.25,1,1,4,"… traveled over 6 minutes in the Nigerian population (ie black population) [10] is 30% less … For example, Nigerians covers more distance than Arabs, but Nigerians covered less distance in … waist circumference, hip circumference) between males and females. A repeated measures …","https://scholarworks.gsu.edu/cgi/viewcontent.cgi?article=1042&context=rt_theses","https://scholar.google.com/scholar?q=related:2Xv_301EDGQJ:scholar.google.com/&scioq=%22waist+circumference%22+nigeria&hl=en&as_sdt=0,5&as_ylo=2017&as_yhi=2017&as_vis=1"
2,"AM Abdulla, TE Elmissbah, EM Hamid…","Assessment of coagulation process in diabetic patients using prothrombin time and activated thromboplastin time tests",2017,"Int. J. of …","ijmcr.com","http://ijmcr.com/wp-content/uploads/2017/04/Paper17343-347.pdf","https://scholar.google.com/scholar?cites=1672854000180045665&as_sdt=2005&sciodt=0,5&hl=en",697,"2021-07-17 21:08:35","PDF","","","",,,,,2,0.50,1,4,4,"… Zhou B. Coorperative Meta-Analysis Group Of China Obesity Task Force Predictive values of body mass index and waist circumference to risk factors of related diseases in Chinese … Cardiovascular Risk Factors among Diabetic Patients Attending a Nigerian Teaching Hospital …","http://ijmcr.com/wp-content/uploads/2017/04/Paper17343-347.pdf","https://scholar.google.com/scholar?q=related:YafSmdkrNxcJ:scholar.google.com/&scioq=%22waist+circumference%22+nigeria&hl=en&as_sdt=0,5&as_ylo=2017&as_yhi=2017&as_vis=1"
0,"CE Bollinger","The Use of Environmental Justice Screening Tool and Self-reported Data to Inform Pregnancy and Birth Outcomes in a Population of Central Ohio Deliveries",2017,"","search.proquest.com","https://search.proquest.com/openview/5b4fc20ecfaf536be468a7ccd1d525c2/1?pq-origsite=gscholar&cbl=18750&diss=y","",698,"2021-07-17 21:08:35","BOOK","","","",,,,,0,0.00,0,1,4,"… obstructive airway diseases11. Similarly, children with fetal-infant exposure to the Biafra famine in Nigeria, showed elevated blood pressure and plasma glucose levels, increased waist circumference and risk of systolic hypertension, impaired glucose tolerance, and overweight …","https://etd.ohiolink.edu/apexprod/rws_etd/send_file/send?accession=osu150325024608655&disposition=inline","https://scholar.google.com/scholar?q=related:gwG9dA_dQAQJ:scholar.google.com/&scioq=%22waist+circumference%22+nigeria&hl=en&as_sdt=0,5&as_ylo=2017&as_yhi=2017&as_vis=1"
0,"BA OMOTOSO","PREVALENCE AND PATTERN OF HYPERTENSIVE NEPHROSCLEROSIS IN PATIENTS WITH ESSENTIAL HYPERTENSION",2017,"Faculty of INTERNAL MEDICINE","dissertation.npmcn.edu.ng","http://dissertation.npmcn.edu.ng/index.php/FMCP/article/download/381/809","",699,"2021-07-17 21:08:35","PDF","","","",,,,,0,0.00,0,1,4,"… 15.6% ,4 while in Nigeria it ranged from 8-10% in rural settings to 10-12% in urban population based on blood pressure threshold of 160/95mmHg.10-12 … Evaluation, and Treatment of High Blood Pressure (JNC VII) guidelines, many more Nigerians …","http://dissertation.npmcn.edu.ng/index.php/FMCP/article/download/381/809","https://scholar.google.com/scholar?q=related:a7xNoHQpAH8J:scholar.google.com/&scioq=%22waist+circumference%22+nigeria&hl=en&as_sdt=0,5&as_ylo=2017&as_yhi=2017&as_vis=1"
0,"J Jazlina Liza","Clinical and genetic associations of dipeptidyl peptidase-4 inhibitor treatment response in type 2 diabetes/Jazlina Liza Jamaluddin",2017,"","studentsrepo.um.edu.my","http://studentsrepo.um.edu.my/7909/","",700,"2021-07-17 21:08:35","","","","",,,,,0,0.00,0,1,4,"… Upon univariate analysis; triglycerides, waist circumference, LDL cholesterol, aspartate aminotransferase (AST), DPP-4 inhibitor regimens (with biguanide + sulphonylurea … 88 2.16.2.2 Waist circumference ..... 90 x University of Malaya Page 12 …","http://studentsrepo.um.edu.my/7909/7/jazlina.pdf","https://scholar.google.com/scholar?q=related:hCvl51JpphMJ:scholar.google.com/&scioq=%22waist+circumference%22+nigeria&hl=en&as_sdt=0,5&as_ylo=2017&as_yhi=2017&as_vis=1"
2,"I Takaki, L Quirelli, RKN Cuman","Adverse drug reaction in HIV-infected people treated with HAART in Maringá, Southern Brazil",2017,"Tropical Journal of Pharmaceutical …","ajol.info","https://www.ajol.info/index.php/tjpr/article/view/155556","https://scholar.google.com/scholar?cites=3400802058289772135&as_sdt=2005&sciodt=0,5&hl=en",701,"2021-07-17 21:08:35","","","","",,,,,2,0.50,1,3,4,"… 5996 (print); 1596-9827 (electronic) © Pharmacotherapy Group, Faculty of Pharmacy, University of Benin, Benin City, 300001 Nigeria … Lipodystrophy is characterized by changes in body fat distribution including increased waist circumference, increased breast size, and, fat …","https://www.ajol.info/index.php/tjpr/article/view/155556/145185","https://scholar.google.com/scholar?q=related:Z3bHK3QTMi8J:scholar.google.com/&scioq=%22waist+circumference%22+nigeria&hl=en&as_sdt=0,5&as_ylo=2017&as_yhi=2017&as_vis=1"
0,"J Mbarushimana","Exploring the role of health center nurses in early detection of non-communicable diseases in Kicukiro District, Rwanda",2017,"","154.68.126.42","http://154.68.126.42/bitstream/handle/123456789/294/MBARUSHIMANA%20Judith.pdf?sequence=1&isAllowed=y","",702,"2021-07-17 21:08:35","PDF","","","",,,,,0,0.00,0,1,4,"… Germany Europe 13.0% 12.3% Canada America 11.2% 10.7% India Asia 26.1% 26.2% Kenya Africa 18.4% 18.1% Malaysia Asia 20.1% 19.6% Nigeria Nigeria 19.8% 19.8% Rwanda East Africa 19.5% 19.1% South Africa Africa 27.7% 26.8% Uganda East Africa 21.3% 21.2 …","http://154.68.126.42/bitstream/handle/123456789/294/MBARUSHIMANA%20Judith.pdf?sequence=1&isAllowed=y","https://scholar.google.com/scholar?q=related:gVk3Fr1O36AJ:scholar.google.com/&scioq=%22waist+circumference%22+nigeria&hl=en&as_sdt=0,5&as_ylo=2017&as_yhi=2017&as_vis=1"
2,"P Vinupritha, M Hariharan…","ESTIMATION OF HEMOGLOBIN A1C USING THE COMPLETE BLOOD COUNT MEASURES IN THE DIAGNOSIS OF DIABETES",2017,"Asian Journal of …","innovareacademics.info","https://innovareacademics.info/journals/index.php/ajpcr/article/view/19407","https://scholar.google.com/scholar?cites=13361155810869465995&as_sdt=2005&sciodt=0,5&hl=en",703,"2021-07-17 21:08:35","","","","",,,,,2,0.50,1,3,4,"… The results of our study concur with the similar study on Nigerian population, wherein PCV is lesser among diabetic subjects than the normal subjects [33]. Similar studies were also carried out on Nigerian population to test the …","https://innovareacademics.info/journals/index.php/ajpcr/article/download/19407/12316","https://scholar.google.com/scholar?q=related:i1OFZ2tcbLkJ:scholar.google.com/&scioq=%22waist+circumference%22+nigeria&hl=en&as_sdt=0,5&as_ylo=2017&as_yhi=2017&as_vis=1"
0,"AM ABE","RISK PERCEPTION, ATTITUDE AND LIFESTYLES RELATING TO DIABETES MELLITUS PREVENTION AMONG NURSES IN IBADAN SOUTH-WEST LOCAL …",2017,"","41.184.122.20","http://41.184.122.20/handle/123456789/301","",704,"2021-07-17 21:08:35","","","","",,,,,0,0.00,0,1,4,"… countries like Nigeria. For example, studies inNigeria have reported that the prevalence of … In a retrospective study (1990-2000) aimed at determining mortality patterns and case fatality rates of people with DM in a Nigerian hospital, out of a total of 13,797 medical …","http://41.184.122.20/bitstream/123456789/301/1/UI_project_ABE%2CA.M._RISK_2017.pdf","https://scholar.google.com/scholar?q=related:djuW4e5uxXMJ:scholar.google.com/&scioq=%22waist+circumference%22+nigeria&hl=en&as_sdt=0,5&as_ylo=2017&as_yhi=2017&as_vis=1"
0,"DD Nassoro","Prevalence, aetiologies, sensitivity profile and factors associated with significant bacteriuria among diabetes mellitus patients attending Dodoma regional referral …",2017,"","41.78.64.25","http://41.78.64.25/handle/20.500.12661/553","",705,"2021-07-17 21:08:35","","","","",,,,,0,0.00,0,1,4,"… factor in this study. Abu-Bakare et al in Nigeria found the prevalence of significant bacteriuria in diabetics to be up to 27% in women and 1% in men (Sharma, Bansal, & … Another study done in Nigeria, found the prevalence of bacteriuria to be 43.3% with the highest prevalence …","http://41.78.64.25/bitstream/handle/20.500.12661/553/DAVID%20NASSORO%20-%20REPORT.pdf?sequence=1&isAllowed=y","https://scholar.google.com/scholar?q=related:6km4jMS95BQJ:scholar.google.com/&scioq=%22waist+circumference%22+nigeria&hl=en&as_sdt=0,5&as_ylo=2017&as_yhi=2017&as_vis=1"
47,"M Wells, LN Goldstein…","The accuracy of emergency weight estimation systems in children—a systematic review and meta-analysis",2017,"International journal of …","intjem.biomedcentral.com","https://intjem.biomedcentral.com/articles/10.1186/s12245-017-0156-5","https://scholar.google.com/scholar?cites=11501787584312641507&as_sdt=2005&sciodt=0,5&hl=en",706,"2021-07-17 21:08:35","HTML","10.1186/s12245-017-0156-5","","",,,,,47,11.75,16,3,4,"The safe and effective administration of fluids and medications during the management of medical emergencies in children depends on an appropriately determined dose, based on body weight. Weight can often not be measured in these circumstances and a convenient, quick and …","https://intjem.biomedcentral.com/articles/10.1186/s12245-017-0156-5","https://scholar.google.com/scholar?q=related:4wf0bN6Onp8J:scholar.google.com/&scioq=%22waist+circumference%22+nigeria&hl=en&as_sdt=0,5&as_ylo=2017&as_yhi=2017&as_vis=1"
0,"C EROHUBIE","THE PREVALENCE AND PATTERN OF MALNUTRITION IN PRE-DIALYTIC CHRONIC KIDNEY DISEASE PATIENTS OF OBAFEMI AWOLOWO UNIVERSITY …",2017,"Faculty of INTERNAL MEDICINE","dissertation.npmcn.edu.ng","http://www.dissertation.npmcn.edu.ng/index.php/FMCP/article/download/375/815","",707,"2021-07-17 21:08:35","PDF","","","",,,,,0,0.00,0,1,4,"… University of Benin for her care and support for “budding” nephrologists all over Nigeria. For her sake, I received favours from many. My sincere gratitude also goes to Dr OO Okunola for guiding my thoughts … 49 3.11.c Waist circumference 50 3.11.d Blood pressure, temperature …","http://www.dissertation.npmcn.edu.ng/index.php/FMCP/article/download/375/815","https://scholar.google.com/scholar?q=related:wDTwe52qHRoJ:scholar.google.com/&scioq=%22waist+circumference%22+nigeria&hl=en&as_sdt=0,5&as_ylo=2017&as_yhi=2017&as_vis=1"
1,"C Ndinda, C Hongoro","Analysis of non-communicable diseases prevention policies in Africa (ANPPA)-A case study of South Africa. A technical research report developed for the African …",2017,"","idl-bnc-idrc.dspacedirect.org","https://idl-bnc-idrc.dspacedirect.org/handle/10625/57552","https://scholar.google.com/scholar?cites=18307979857466607906&as_sdt=2005&sciodt=0,5&hl=en",708,"2021-07-17 21:08:35","","","","",,,,,1,0.25,1,2,4,"… The study was conducted in five African countries: Cameroun, Kenya, Malawi, Nigeria and South Africa. At the core of the study was the review of policies targeting key NCD risk factors: unhealthy diets, smoking, harmful use of alcohol and physical inactivity …","https://idl-bnc-idrc.dspacedirect.org/bitstream/handle/10625/57552/IDL-57552.pdf","https://scholar.google.com/scholar?q=related:IslNN64CE_4J:scholar.google.com/&scioq=%22waist+circumference%22+nigeria&hl=en&as_sdt=0,5&as_ylo=2017&as_yhi=2017&as_vis=1"
1,"M Akbarzadeh, SK Rad, M Moattari…","Investigation of breastfeeding training based on BASNEF model on the intensity of postpartum blues",2017,"Eastern Mediterranean …","vlibrary.emro.who.int","https://vlibrary.emro.who.int/?goto=Q04jBjQNRBtEPjNfCxJARQYeNjhVTj4UTkUfUBlSC0Yweh4WMS59ATAHXwlMXilmVSMIDzhmBD10eBxiSVxvAFteMQ#page=42","https://scholar.google.com/scholar?cites=12425642013635657921&as_sdt=2005&sciodt=0,5&hl=en",709,"2021-07-17 21:08:35","PDF","","","",,,,,1,0.25,0,4,4,"… Outcome of 7-S, TQM Technique for Healthcare Waste Management. J Coll Physicians Surg Pak. 2011 Dec; 21 (12): 731–4. PMID: 22166692 7. Adewuya AO. The maternity blues in western Nigerian woman. Am J Obstet Gynecol …","https://vlibrary.emro.who.int/?goto=Q04jBjQNRBtEPjNfCxJARQYeNjhVTj4UTkUfUBlSC0Yweh4WMS59ATAHXwlMXilmVSMIDzhmBD10eBxiSVxvAFteMQ#page=42","https://scholar.google.com/scholar?q=related:wUDs2JO_cKwJ:scholar.google.com/&scioq=%22waist+circumference%22+nigeria&hl=en&as_sdt=0,5&as_ylo=2017&as_yhi=2017&as_vis=1"
0,"M Gupta, M Jindal, B Nanda, S Suri","Relationship of Hand-Grip Strength and Endurance Time With an Individual's Anthropometric Parameters-A Study in Adolescent Population of Jammu.",,"researchgate.net","","https://www.researchgate.net/profile/Manisha-Jindal/publication/321152956_Relationship_of_Hand-Grip_Strength_and_Endurance_Time_With_an_Individual's_Anthropometric_Parameters-A_Study_in_Adolescent_Population_of_Jammu/links/5a10d9180f7e9bd1b2bf330a/Relationship-of-Hand-Grip-Strength-and-Endurance-Time-With-an-Individuals-Anthropometric-Parameters-A-Study-in-Adolescent-Population-of-Jammu.pdf","",710,"2021-07-17 21:08:35","PDF","","","",,,,,0,0.00,0,4,,"… 11. Fogelholm M, Malmberg J, Suni J, Santtila M, Kyröläinen H, Mäntysaari M: Waist circumference and BMI are independently associated with the … Bello, Hamman Wilson Oliver, et al: Association Of Handgrip Strength With Body Mass Index Among Nigerian Students: Journal of …","https://www.researchgate.net/profile/Manisha-Jindal/publication/321152956_Relationship_of_Hand-Grip_Strength_and_Endurance_Time_With_an_Individual's_Anthropometric_Parameters-A_Study_in_Adolescent_Population_of_Jammu/links/5a10d9180f7e9bd1b2bf330a/Relationship-of-Hand-Grip-Strength-and-Endurance-Time-With-an-Individuals-Anthropometric-Parameters-A-Study-in-Adolescent-Population-of-Jammu.pdf","https://scholar.google.com/scholar?q=related:IhCH2j4InRgJ:scholar.google.com/&scioq=%22waist+circumference%22+nigeria&hl=en&as_sdt=0,5&as_ylo=2017&as_yhi=2017&as_vis=1"
0,"K Narayanasamy, MJ Ganesh, JJ Jasmine, RS Kumar…","Current Prevalence Of HCV In Patients With Liver Disease And Its Related Profile",,"History","ijiras.com","http://www.ijiras.com/2017/Vol_4-Issue_2/paper_30.pdf","",711,"2021-07-17 21:08:35","PDF","","","",,,,,0,0.00,0,5,,"… 1/3 of our patients were also obese and Slama L et al [30] found that Obesity are strong risk factors and Increased waist circumference (excess of abdominal body fat) in obese … Hepatitis C virus infection among Teaching Hospital patients in Kano, Nigeria: A retrospective study …","http://www.ijiras.com/2017/Vol_4-Issue_2/paper_30.pdf","https://scholar.google.com/scholar?q=related:Wj9cGKqfKUIJ:scholar.google.com/&scioq=%22waist+circumference%22+nigeria&hl=en&as_sdt=0,5&as_ylo=2017&as_yhi=2017&as_vis=1"
0,"KAJ Sutana, KAK Sari, IW Weta, K Suastika","Association between blood glucose level with glycemic load, physical activity and compliance to medication among diabetes mellitus (DM) patients in Buleleng …",,"Age (years)","researchgate.net","https://www.researchgate.net/profile/I-Weta/publication/332346793_Association_between_blood_glucose_level_with_glycemic_load_physical_activity_and_compliance_to_medication_among_diabetes_mellitus_DM_patients_in_Buleleng_District_General_Hospital_Bali_Province/links/5f2b3670a6fdcccc43ac6fec/Association-between-blood-glucose-level-with-glycemic-load-physical-activity-and-compliance-to-medication-among-diabetes-mellitus-DM-patients-in-Buleleng-District-General-Hospital-Bali-Province.pdf","",712,"2021-07-17 21:08:35","PDF","","","",,,,,0,0.00,0,4,,"… a study conducted at all public health centres in South Denpasar Subdistrict in 2013 revealed that obesity based on waist circumference is a risk … Our finding is consistent with a cross-sectional study conducted in Nigeria which found that there was no significant associa- tion …","https://www.researchgate.net/profile/I-Weta/publication/332346793_Association_between_blood_glucose_level_with_glycemic_load_physical_activity_and_compliance_to_medication_among_diabetes_mellitus_DM_patients_in_Buleleng_District_General_Hospital_Bali_Province/links/5f2b3670a6fdcccc43ac6fec/Association-between-blood-glucose-level-with-glycemic-load-physical-activity-and-compliance-to-medication-among-diabetes-mellitus-DM-patients-in-Buleleng-District-General-Hospital-Bali-Province.pdf","https://scholar.google.com/scholar?q=related:9Z2oWx9-y8kJ:scholar.google.com/&scioq=%22waist+circumference%22+nigeria&hl=en&as_sdt=0,5&as_ylo=2017&as_yhi=2017&as_vis=1"
0,"SN Memela","Anthropometric profile and food consumption patterns of an emerging middle income community in Umlazi",2017,"","openscholar.dut.ac.za","https://openscholar.dut.ac.za/handle/10321/2660","",713,"2021-07-17 21:08:35","","","","",,,,,0,0.00,0,1,4,"… The study was quantitative and descriptive in nature with different tools used to measure the sample population. These included waist circumference and height and weight measurement to determine BMI and WHtR … 103 3.6.2.2 Height 104 3.6.2.3 Waist Circumference 104 …","https://openscholar.dut.ac.za/bitstream/10321/2660/1/MEMELA_SN_2017.pdf","https://scholar.google.com/scholar?q=related:Wn21TS-tUAwJ:scholar.google.com/&scioq=%22waist+circumference%22+nigeria&hl=en&as_sdt=0,5&as_ylo=2017&as_yhi=2017&as_vis=1"
0,"NORMB IBRAHIM","FACTORS ASSOCIATED WITH BODY WEIGHT STATUS AMONG SECONDARY SCHOOL CHILDREN IN HULU LANGAT DISTRICT, SELANGOR, MALAYSIA",2017,"","psasir.upm.edu.my","http://psasir.upm.edu.my/id/eprint/84226/1/FPSK%20%28m%29%202019%2057%20UPM%20IR.pdf","",714,"2021-07-17 21:08:35","PDF","","","",,,,,0,0.00,0,1,4,"… 69 4.7 Association between waist circumference and body weight status 4.8 Association between dietary intake and body weight status 4.8.1 Underreporting and overreporting of energy intake 4.9 Association between physical activity and body weight status 71 71 72 73 …","http://psasir.upm.edu.my/id/eprint/84226/1/FPSK%20%28m%29%202019%2057%20UPM%20IR.pdf","https://scholar.google.com/scholar?q=related:xjgeQAJasH0J:scholar.google.com/&scioq=%22waist+circumference%22+nigeria&hl=en&as_sdt=0,5&as_ylo=2017&as_yhi=2017&as_vis=1"
5,"JN Hellwege, DRV Edwards, S Acra…","Association of gene coding variation and resting metabolic rate in a multi-ethnic sample of children and adults",2017,"BMC …","bmcobes.biomedcentral.com","https://bmcobes.biomedcentral.com/articles/10.1186/s40608-017-0145-5","https://scholar.google.com/scholar?cites=3761373945979266895&as_sdt=2005&sciodt=0,5&hl=en",715,"2021-07-17 21:08:35","HTML","10.1186/s40608-017-0145-5","","",,,,,5,1.25,1,4,4,"Resting metabolic rates (RMR) vary across individuals. Understanding the determinants of RMR could provide biological insight into obesity and its metabolic consequences such as type 2 diabetes and cardiovascular diseases. The present study measured RMR using reference …","https://bmcobes.biomedcentral.com/articles/10.1186/s40608-017-0145-5","https://scholar.google.com/scholar?q=related:T-eA3awVMzQJ:scholar.google.com/&scioq=%22waist+circumference%22+nigeria&hl=en&as_sdt=0,5&as_ylo=2017&as_yhi=2017&as_vis=1"
0,"T Yuliyana","Hubungan Pengetahuan Gizi, Sikap dan Asupan Vitamin C dan E dengan Tekanan Darah Penderita Hipertensi pada Lanjut Usia",2017,"","digilib.uns.ac.id","https://digilib.uns.ac.id/dokumen/detail/67580/Hubungan-Pengetahuan-Gizi-Sikap-dan-Asupan-Vitamin-C-dan-E-dengan-Tekanan-Darah-Penderita-Hipertensi-pada-Lanjut-Usia","",716,"2021-07-17 21:08:35","","","","",,,,,0,0.00,0,1,4,"… Hypertension related knowledge, attitudes and lifestyle practices among hypertensive patients in a sub-urban Nigerian community … Associations of self-reported and actigraphy-assessed sleep characteristics with body mass index and waist circumference in adults: moderation …","https://digilib.uns.ac.id/dokumen/download/67580/MzM0Nzkw/Hubungan-Pengetahuan-Gizi-Sikap-dan-Asupan-Vitamin-C-dan-E-dengan-Tekanan-Darah-Penderita-Hipertensi-pada-Lanjut-Usia-DAFTAR-PUSTAKA.pdf","https://scholar.google.com/scholar?q=related:uQKmpxohxeEJ:scholar.google.com/&scioq=%22waist+circumference%22+nigeria&hl=en&as_sdt=0,5&as_ylo=2017&as_yhi=2017&as_vis=1"
1,"KY Woenardhy, AY Widjaja…","Effect of protein fractions from Pithecellobium jiringa on secretions of interleukin-6 and leptin in 3T3-L1 preadipocytes.",2017,"… Food Research Journal","search.ebscohost.com","http://search.ebscohost.com/login.aspx?direct=true&profile=ehost&scope=site&authtype=crawler&jrnl=19854668&AN=126076601&h=xho4%2BaP%2BkyLs29o%2BtOAoaxQVr3bP2o8rlX8U%2FKZ7%2Bsi3LTXRATxBtkSvGvV5bd0T6S%2FfKa0u6LC%2BpMd%2BF09%2FNg%3D%3D&crl=c","https://scholar.google.com/scholar?cites=12047850603800488196&as_sdt=2005&sciodt=0,5&hl=en",717,"2021-07-17 21:08:35","","","","",,,,,1,0.25,0,3,4,"… Relationship of leptin hormones with body mass index and waist circumference in Saudi female population of the Makkah community … of metabolic biomarkers of cardiovascular disease in overweight and obese children in Emohua local government area of river state, Nigeria …","","https://scholar.google.com/scholar?q=related:BOmAukqQMqcJ:scholar.google.com/&scioq=%22waist+circumference%22+nigeria&hl=en&as_sdt=0,5&as_ylo=2017&as_yhi=2017&as_vis=1"
2,"S Hajimaghsoodi, A Ghadiri-Anari…","Evaluation of CPITN and BMI indices in patients with uncontrolled type 2 diabetes",2017,"Iranian Journal of …","ijdo.ssu.ac.ir","http://ijdo.ssu.ac.ir/article-1-364-en.html","https://scholar.google.com/scholar?cites=12549045785309553987&as_sdt=2005&sciodt=0,5&hl=en",718,"2021-07-17 21:08:35","","","","",,,,,2,0.50,1,3,4,"… In the study by Altamash M and colleagues in 2013, they evaluated the periodontal condition based on HbA1C, BMI and WC (waist circumference) in diabetic patients. Weight gain was observed among all the samples … Nigerian journal of clinical practice. 2014;17(6):683-90. 28 …","http://ijdo.ssu.ac.ir/files/site1/user_files_b889fb/najafi-A-10-30-184-59cb383.pdf","https://scholar.google.com/scholar?q=related:QyV9b6cqJ64J:scholar.google.com/&scioq=%22waist+circumference%22+nigeria&hl=en&as_sdt=0,5&as_ylo=2017&as_yhi=2017&as_vis=1"
0,"A George","Abstracts of 2016 Conference",2017,"NIGERIAN JOURNAL OF DERMATOLOGY","nigjdermatology.com","https://nigjdermatology.com/index.php/NJD/article/download/96/69","",719,"2021-07-17 21:08:35","PDF","","","",,,,,0,0.00,0,1,4,"… They were treated as multibacillary form. CONCLUSION: High index of suspicion is required to diagnose histiod leprosy Keyword: histoid leprosy, de novo, Nigeria All the 3 cases presented with Intradermal Spindle Cell Lipoma in a Nigerian Woman – A Case Report 1 2 …","https://nigjdermatology.com/index.php/NJD/article/download/96/69",""
57,"F Kader, M Ghai","DNA methylation-based variation between human populations",2017,"Molecular genetics and genomics","Springer","https://link.springer.com/article/10.1007/s00438-016-1264-2","https://scholar.google.com/scholar?cites=15654677754569207684&as_sdt=2005&sciodt=0,5&hl=en",720,"2021-07-17 21:08:35","","10.1007/s00438-016-1264-2","","",,,,,57,14.25,29,2,4,"Several studies have proved that DNA methylation affects regulation of gene expression and development. Epigenome-wide studies have reported variation in m.","","https://scholar.google.com/scholar?q=related:hK9OynmWQNkJ:scholar.google.com/&scioq=%22waist+circumference%22+nigeria&hl=en&as_sdt=0,5&as_ylo=2017&as_yhi=2017&as_vis=1"
0,"N Folb","Non-communicable diseases in public sector primary care clinics in South Africa: multimorbidity, control, treatment, socioeconomic associations, and evaluation of …",2017,"","open.uct.ac.za","https://open.uct.ac.za/handle/11427/25310","",721,"2021-07-17 21:08:35","","","","",,,,,0,0.00,0,1,4,"… the British Medical Journal (BMJ), global templates of the 'PACK Adult' programme have been developed. Localisations of PACK Adult for Brazil and Nigeria have been completed, and a randomised controlled trial is underway to evaluate the programme in the city of …","https://open.uct.ac.za/bitstream/handle/11427/25310/thesis_hsf_2017_folb_naomi.pdf?sequence=1","https://scholar.google.com/scholar?q=related:7O6Fm_gfFywJ:scholar.google.com/&scioq=%22waist+circumference%22+nigeria&hl=en&as_sdt=0,5&as_ylo=2017&as_yhi=2017&as_vis=1"
0,"PS Mouaki-Benani","La dégénérescence maculaire liée à l'âge: vieillissement pathologique de la macula",,"mediapubsante.com","","http://mediapubsante.com/pdf/n66/n66p12-16.pdf","",722,"2021-07-17 21:08:35","PDF","","","",,,,,0,0.00,0,1,,"… Danemark Kenya Nigeria Algeria Japon Chine Los Angeles population hispanique … [19] Seddon JM, Cote J, Davis N, Rosner B. Progression of age-related macular de- generation: association with body mass index, waist circumference, and waist- hip ratio …","http://mediapubsante.com/pdf/n66/n66p12-16.pdf","https://scholar.google.com/scholar?q=related:gaZYyDAwr2MJ:scholar.google.com/&scioq=%22waist+circumference%22+nigeria&hl=en&as_sdt=0,5&as_ylo=2017&as_yhi=2017&as_vis=1"
0,"KA Nguyen, N Peer, A de Villiers, B Mukasa…","A Systematic Review and Meta-Analysis of the Metabolic Syndrome Prevalence in the Global HIV-Infected Population",2017,"… the prevalence and …","open.uct.ac.za","https://open.uct.ac.za/bitstream/handle/11427/24910/thesis_hsf_2017_nguyen_kim_anh.pdf?sequence=1#page=46","",723,"2021-07-17 21:08:35","PDF","","","",,,,,0,0.00,0,5,4,"… S 2009-2010 Not random 196 NR 36.8 No lipid modifying medications Fourie, et al [61] 2010 South Africa Urban; Rural Community C/S 2005 Random 300 NR 44 Aged≥ 35 years; no chronic medications or self-reported disease Ayodele, et al [62] 2012 Nigeria Urban Hospital …","https://open.uct.ac.za/bitstream/handle/11427/24910/thesis_hsf_2017_nguyen_kim_anh.pdf?sequence=1#page=46","https://scholar.google.com/scholar?q=related:aOFcg7FLXxUJ:scholar.google.com/&scioq=%22waist+circumference%22+nigeria&hl=en&as_sdt=0,5&as_ylo=2017&as_yhi=2017&as_vis=1"
37,"I Elmadfa, AL Meyer","Animal proteins as important contributors to a healthy human diet",2017,"Annual review of animal biosciences","annualreviews.org","https://www.annualreviews.org/doi/abs/10.1146/annurev-animal-022516-022943","https://scholar.google.com/scholar?cites=3669800999130007317&as_sdt=2005&sciodt=0,5&hl=en",724,"2021-07-17 21:08:35","","10.1146/annurev-animal-022516-022943","","",,,,,37,9.25,19,2,4,"… These associations persisted after adjustment for diabetes risk factors (HR=1.67 and 1.58, respectively, p < 0.001) but were lost after adjustment for BMI and waist circumference. No significant associations were found for plant protein (58) …","","https://scholar.google.com/scholar?q=related:FYeEtZDA7TIJ:scholar.google.com/&scioq=%22waist+circumference%22+nigeria&hl=en&as_sdt=0,5&as_ylo=2017&as_yhi=2017&as_vis=1"
0,"H Bello","Relationship between Aortic pulse wave velocity and left ventricular mass in a group of African ancestry is not accounted for by Aortic pressures",,"wiredspace.wits.ac.za","","http://wiredspace.wits.ac.za/handle/10539/24746","",725,"2021-07-17 21:08:35","","","","",,,,,0,0.00,0,1,,"… Thank you Gavin and Angela. My deepest thanks also go to the Nigerian Tertiary Education Trust Fund (TETFUND), for the sponsorship they have given to me to complete my studies. Page 8. viii List of abbreviations and acronyms. AIx Augmentation index. BP Blood pressure …","http://wiredspace.wits.ac.za/bitstream/handle/10539/24746/HAMZA%20MSc-DISSERTATION%20JULY%202017-FINAL..pdf?sequence=1&isAllowed=y","https://scholar.google.com/scholar?q=related:fX_MHCDgAPkJ:scholar.google.com/&scioq=%22waist+circumference%22+nigeria&hl=en&as_sdt=0,5&as_ylo=2017&as_yhi=2017&as_vis=1"
7,"JS Jackson, TG Hamilton…","Using analytic domains within the Black population to understand disparities in population health",2017,"… from Robert Wood …","convergencepartnership.org","https://convergencepartnership.org/sites/default/files/Black-report.pdf","https://scholar.google.com/scholar?cites=10483099419041745419&as_sdt=2005&sciodt=0,5&hl=en",726,"2021-07-17 21:08:35","PDF","","","",,,,,7,1.75,2,3,4,"… Africa, South America, Europe or North America), or the country within which the respondent was born (eg, Jamaica, Nigeria, Colombia, France or the US). Since 1960, there has been an exponential increase in the size of the foreign-born Black population …","https://convergencepartnership.org/sites/default/files/Black-report.pdf","https://scholar.google.com/scholar?q=related:C0oWOWFze5EJ:scholar.google.com/&scioq=%22waist+circumference%22+nigeria&hl=en&as_sdt=0,5&as_ylo=2017&as_yhi=2017&as_vis=1"
0,"E ABABA, A MELKE","A thesis to be submitted to Africa Medical College in partial fulfillment of the requirement for the Degree of Masters in Public Health",2017,"","academia.edu","https://www.academia.edu/download/55087521/Cheru_1.pdf","",727,"2021-07-17 21:08:35","PDF","","","",,,,,0,0.00,0,2,4,"… high waist circumference, hypertension and dislipidemia were founded to have association with CKD … The result of the study reveals that the estimated prevalence of CKD in Nigeria is 300 … was conducted on the prevalence of Chronic Kidney Disease in a Nigerian family practice …","https://www.academia.edu/download/55087521/Cheru_1.pdf","https://scholar.google.com/scholar?q=related:YWe_Sue2lLMJ:scholar.google.com/&scioq=%22waist+circumference%22+nigeria&hl=en&as_sdt=0,5&as_ylo=2017&as_yhi=2017&as_vis=1"
5,"QN Raddam, MM Zeidan, NK Asaad…","Smoking effects on blood antioxidants level: lactate dehydrogenase, catalase, superoxide dismutase and glutathione peroxidase in university students",2017,"Journal of Clinical & …","researchgate.net","https://www.researchgate.net/profile/Qussay-Raddam/publication/322290735_Smoking_Effects_on_Blood_Antioxidants_Level_Lactate_Dehydrogenase_Catalase_Superoxide_Dismutase_and_Glutathione_Peroxidase_in_University_Students/links/5bfeb32745851523d151c2d9/Smoking-Effects-on-Blood-Antioxidants-Level-Lactate-Dehydrogenase-Catalase-Superoxide-Dismutase-and-Glutathione-Peroxidase-in-University-Students.pdf","https://scholar.google.com/scholar?cites=6793615512166467028&as_sdt=2005&sciodt=0,5&hl=en",728,"2021-07-17 21:08:35","PDF","","","",,,,,5,1.25,1,4,4,"… Etukudo H (2012) Total antioxidant status and other antioxidant agent levels in children with P. falciparum infection in Calabar , Nigeria .Int J … Pisinger C , Jorgensen T (2007) Waist circumference and weight following smoking cessation in a general population: The Inter 99 Study …","https://www.researchgate.net/profile/Qussay-Raddam/publication/322290735_Smoking_Effects_on_Blood_Antioxidants_Level_Lactate_Dehydrogenase_Catalase_Superoxide_Dismutase_and_Glutathione_Peroxidase_in_University_Students/links/5bfeb32745851523d151c2d9/Smoking-Effects-on-Blood-Antioxidants-Level-Lactate-Dehydrogenase-Catalase-Superoxide-Dismutase-and-Glutathione-Peroxidase-in-University-Students.pdf","https://scholar.google.com/scholar?q=related:1AVEb1DFR14J:scholar.google.com/&scioq=%22waist+circumference%22+nigeria&hl=en&as_sdt=0,5&as_ylo=2017&as_yhi=2017&as_vis=1"
0,"AZ ADEBOBOLA","PERCEIVED FAMILY SUPPORT AND PSYCHOLOGICAL DISTRESS AMONG CONTROLLED AND UNCONTROLLED TYPE 2 DIABETES MELLITUS …",2017,"Faculty of Family Medicine","dissertation.npmcn.edu.ng","http://www.dissertation.npmcn.edu.ng/index.php/FMCFM/article/download/199/1862","",729,"2021-07-17 21:08:35","PDF","","","",,,,,0,0.00,0,1,4,"… common risk factors of T2DM. 39 Also, a similar study in the North-Eastern region of Nigeria found that increasing age, BMI, waist circumference and waist-hip ratio were predictors of T2DM among the study participants. 53 Another study in South-South Nigeria found that a …","http://www.dissertation.npmcn.edu.ng/index.php/FMCFM/article/download/199/1862","https://scholar.google.com/scholar?q=related:xIJu2kExWRoJ:scholar.google.com/&scioq=%22waist+circumference%22+nigeria&hl=en&as_sdt=0,5&as_ylo=2017&as_yhi=2017&as_vis=1"
0,"MC Picasso Bouroncle, J Lo Tayraco…","El efecto de la dieta vegetariana en la presentación del síndrome metabólico o sus componentes en adultos",,"repositorioacademico.upc.edu.pe","","https://repositorioacademico.upc.edu.pe/handle/10757/621846","",730,"2021-07-17 21:08:35","","","","",,,,,0,0.00,0,3,,"… prevalence of MetS and its components, including serum triglycerides, fasting glucose, blood pressure and waist circumference (WC), were significantly lower compared to a non-vegetarian population (11) … Nduka AG, 2011 Nigeria 25/25 NA None NA NA NA Adventist …","https://repositorioacademico.upc.edu.pe/bitstream/handle/10757/621846/PicasoB_M.pdf?sequence=2","https://scholar.google.com/scholar?q=related:970fmp38Hm8J:scholar.google.com/&scioq=%22waist+circumference%22+nigeria&hl=en&as_sdt=0,5&as_ylo=2017&as_yhi=2017&as_vis=1"
0,"R Watson","Relationship between physical activity with dietary intake and nutritional status of adolescent girls attending a private school in Durban",2017,"","dev-ir.dut.ac.za","http://dev-ir.dut.ac.za/handle/10321/2671","",731,"2021-07-17 21:08:35","","","","",,,,,0,0.00,0,1,4,"Page 1. Page | i RELATIONSHIP BETWEEN PHYSICAL ACTIVITY WITH DIETARY INTAKE AND NUTRITIONAL STATUS OF ADOLESCENT GIRLS ATTENDING A PRIVATE SCHOOL IN DURBAN By Roxanne Watson 21001880 Submitted as final Assignment …","https://openscholar.dut.ac.za/bitstream/10321/2671/1/WATSON_R_2017.pdf","https://scholar.google.com/scholar?q=related:nHrv5AoIzLUJ:scholar.google.com/&scioq=%22waist+circumference%22+nigeria&hl=en&as_sdt=0,5&as_ylo=2017&as_yhi=2017&as_vis=1"
12,"R Ortiz, V Bermúdez, JAG Lozada…","Hipertensión arterial y su comportamiento epidemiológico en la población rural de Cumbe, Ecuador",2017,"Revista …","redalyc.org","https://www.redalyc.org/pdf/1702/170254309002.pdf","https://scholar.google.com/scholar?cites=14779883812623823705&as_sdt=2005&sciodt=0,5&hl=en",732,"2021-07-17 21:08:35","PDF","","","",,,,,12,3.00,3,4,4,"… men with no control. Key words: Hypertension, blood pressure control, waist circumference, obesity. as enfermedades no transmisibles constituyen actualmente dos tercios de la mortalidad glo- bal1. Estas se encuentran representadas …","https://www.redalyc.org/pdf/1702/170254309002.pdf","https://scholar.google.com/scholar?q=related:WTP9OAWyHM0J:scholar.google.com/&scioq=%22waist+circumference%22+nigeria&hl=en&as_sdt=0,5&as_ylo=2017&as_yhi=2017&as_vis=1"
1,"DM Miljković, SZ Todorović","Frequency of hypertension and the correlation between body mass index and level of hypertension among patients in different categories of obesity",2017,"Opšta medicina","scindeks.ceon.rs","http://scindeks.ceon.rs/Article.aspx?artid=0354-71321704043M","https://scholar.google.com/scholar?cites=17146256356792747707&as_sdt=2005&sciodt=0,5&hl=en",733,"2021-07-17 21:08:35","","","","",,,,,1,0.25,1,2,4,"Page 1. 43 Душан M. Миљковић, Слађана З. Тодоровић Дом здравља Варварин, Србија Учесталост артеријске хипертензије и однос индекса телесне масе и висине артеријског крвног притиска у особа са различитим категоријама гојазности …","http://scindeks-clanci.ceon.rs/data/pdf/0354-7132/2017/0354-71321704043M.pdf","https://scholar.google.com/scholar?q=related:u0Zqzk-98-0J:scholar.google.com/&scioq=%22waist+circumference%22+nigeria&hl=en&as_sdt=0,5&as_ylo=2017&as_yhi=2017&as_vis=1"
13,"IE Braithwaite, AW Stewart, RJ Hancox…","Body mass index and vigorous physical activity in children and adolescents: an international cross‐sectional study",2017,"Acta …","Wiley Online Library","https://onlinelibrary.wiley.com/doi/abs/10.1111/apa.13903","https://scholar.google.com/scholar?cites=13438537232542693000&as_sdt=2005&sciodt=0,5&hl=en",734,"2021-07-17 21:08:35","","10.1111/apa.13903","","",,,,,13,3.25,3,4,4,"Abstract Aim To examine the relationship between reported vigorous physical activity (VPA) and body mass index (BMI) in children (6–7 years) and adolescents (13–14 years). Methods In the Internatio...","","https://scholar.google.com/scholar?q=related:iHaRnmlGf7oJ:scholar.google.com/&scioq=%22waist+circumference%22+nigeria&hl=en&as_sdt=0,5&as_ylo=2017&as_yhi=2017&as_vis=1"
0,"PJL Gradidge","Factors associated with obesity and metabolic syndrome in an ageing cohort of black women living in Soweto, Johannesburg (study of women in and entering …",2017,"","wiredspace.wits.ac.za","http://wiredspace.wits.ac.za/handle/10539/22195","",735,"2021-07-17 21:08:35","","","","",,,,,0,0.00,0,1,4,"… study TSNA (s): Tobacco–specific N–nitrosamine (s) US: Ultrasound USA: United States of America VAT: Visceral adipose tissue WC: Waist circumference WHO: World Health Organisation Page 19. xix PREFACE The 2010 …","http://wiredspace.wits.ac.za/bitstream/handle/10539/22195/Philippe%20Gradidge%20final%20version%20of%20PhD%20thesis.pdf?sequence=1","https://scholar.google.com/scholar?q=related:A1Hooar3jesJ:scholar.google.com/&scioq=%22waist+circumference%22+nigeria&hl=en&as_sdt=0,5&as_ylo=2017&as_yhi=2017&as_vis=1"
0,"J Pedregosa-Díaz, MH García-Lagunar…","Metabolic Syndrome and Inflammation: Interrelated Aspects and Biomarkers Involved",2017,"New Trends in …","books.google.com","https://books.google.com/books?hl=en&lr=&id=nQQ5DwAAQBAJ&oi=fnd&pg=PA23&dq=%22waist+circumference%22+nigeria&ots=PzApFLzu6e&sig=HBUwQf2PS2ZjRv1ZcnhoMZjLzEY","",736,"2021-07-17 21:08:35","","","","",,,,,0,0.00,0,3,4,"… Under treatment, WC: Waist circumference. Page 50 … T2DM patients have higher plasma levels of this cytokine [95]. Concentrations of IL-18 have been correlated positively with clinical criteria of MS, such as BMI, waist circumference, fasting glucose and insulin concentrations …","","https://scholar.google.com/scholar?q=related:2n6XnwpOakoJ:scholar.google.com/&scioq=%22waist+circumference%22+nigeria&hl=en&as_sdt=0,5&as_ylo=2017&as_yhi=2017&as_vis=1"
36,"CA Stuenkel","Menopause, hormone therapy and diabetes",2017,"Climacteric","Taylor & Francis","https://www.tandfonline.com/doi/abs/10.1080/13697137.2016.1267723","https://scholar.google.com/scholar?cites=11809132421542833578&as_sdt=2005&sciodt=0,5&hl=en",737,"2021-07-17 21:08:35","","10.1080/13697137.2016.1267723","","",,,,,36,9.00,36,1,4,"… study, provided 11 years of follow-up of 3691 postmenopausal women with T2DM and 4408 controls, mean age 59.2 years 9 . After results were adjusted for age, known risk factors for diabetes, reproductive factors, body mass index (BMI), waist circumference, and smoking …","","https://scholar.google.com/scholar?q=related:qu2bs1534qMJ:scholar.google.com/&scioq=%22waist+circumference%22+nigeria&hl=en&as_sdt=0,5&as_ylo=2017&as_yhi=2017&as_vis=1"
5,"OG Zabuga, AM Vaiserman","Malnutrition in early life and risk of type 2 diabetes: Theoretical framework and epidemiological evidence",2017,"Moscow University Biological Sciences …","Springer","https://link.springer.com/article/10.3103/S0096392517020067","https://scholar.google.com/scholar?cites=15028026333262765526&as_sdt=2005&sciodt=0,5&hl=en",738,"2021-07-17 21:08:35","","10.3103/S0096392517020067","","",,,,,5,1.25,3,2,4,"… 2.6. Famine in Nigeria in 1967–1970 The famine in Nigeria, known as the Biafran Fam- ine, was the aftermath of the Nigerian Civil War … associated with a significant increase in systolic and diastolic blood pressure, blood glucose level, and waist circumference in adulthood …","","https://scholar.google.com/scholar?q=related:1t1XBVRGjtAJ:scholar.google.com/&scioq=%22waist+circumference%22+nigeria&hl=en&as_sdt=0,5&as_ylo=2017&as_yhi=2017&as_vis=1"
17,"AH Alghadir, SA Gabr, ES Al-Eisa","Mechanical factors and vitamin D deficiency in schoolchildren with low back pain: biochemical and cross-sectional survey analysis",2017,"Journal of pain research","ncbi.nlm.nih.gov","https://www.ncbi.nlm.nih.gov/pmc/articles/PMC5396951/","https://scholar.google.com/scholar?cites=3158313938259867541&as_sdt=2005&sciodt=0,5&hl=en",739,"2021-07-17 21:08:35","HTML","","","",,,,,17,4.25,6,3,4,"… of the study population (n=130) had higher OWS mean scores; they were categorized into those with moderate LBP (score 21%–40%; n=85; 34%) and severe LBP (score 41%–60%; n=45; 18%; Table 1). A significant increase (P=0.01) in BMI, waist circumference, and waist-to …","https://www.ncbi.nlm.nih.gov/pmc/articles/PMC5396951/","https://scholar.google.com/scholar?q=related:lfckG8uV1CsJ:scholar.google.com/&scioq=%22waist+circumference%22+nigeria&hl=en&as_sdt=0,5&as_ylo=2017&as_yhi=2017&as_vis=1"
4,"Z Li, X Guo, G Sun, L Zheng, Y Sun, Y Liu…","Plasma homocysteine levels associated with a corrected QT interval",2017,"BMC cardiovascular …","Springer","https://link.springer.com/article/10.1186/s12872-017-0617-z","https://scholar.google.com/scholar?cites=13165839230384923621&as_sdt=2005&sciodt=0,5&hl=en",740,"2021-07-17 21:08:35","HTML","10.1186/s12872-017-0617-z","","",,,,,4,1.00,1,7,4,"… and lifestyle variables including education level, family income, diet score, sleep duration, current smoking status, drinking status, and physical activity, model 3 was adjusted for factors in model 2 and CV risk factors included body mass index, waist circumference, systolic blood …","https://link.springer.com/article/10.1186/s12872-017-0617-z","https://scholar.google.com/scholar?q=related:5eP-QAZ1trYJ:scholar.google.com/&scioq=%22waist+circumference%22+nigeria&hl=en&as_sdt=0,5&as_ylo=2017&as_yhi=2017&as_vis=1"
1,"P Sakharkar, A Kahaleh","Age and racial/ethnic disparities and burden of prostate cancer: a cross sectional population based study",2017,"Journal of Basic and Clinical Pharmacy","jbclinpharm.org","https://www.jbclinpharm.org/abstract/age-and-racialethnic-disparities-and-burden-of-prostate-cancer-a-cross-sectional-population-based-study-3488.html","https://scholar.google.com/scholar?cites=8503884025485538273&as_sdt=2005&sciodt=0,5&hl=en",741,"2021-07-17 21:08:35","","","","",,,,,1,0.25,1,2,4,"… The relationship between cholesterol levels and PSA was explored in several studies.[3-5] In a research study conducted among patients in Nigeria to examine the link … 15. Classification of Overweight and Obesity by BMI, Waist Circumference and Associated Disease Risks …","https://www.jbclinpharm.org/articles/age-and-racialethnic-disparities-and-burden-of-prostate-cancer-a-cross-sectional-population-based-study.pdf","https://scholar.google.com/scholar?q=related:4TMvNnfdA3YJ:scholar.google.com/&scioq=%22waist+circumference%22+nigeria&hl=en&as_sdt=0,5&as_ylo=2017&as_yhi=2017&as_vis=1"
0,"UI NWAGHA","EFFECT OF GESTATIONAL AGE AND SOME BIOPHYSICAL PARAMETERS ON VENTILATORY (PULMONARY) FUNCTION TEST IN NORMAL PREGNANT WOMEN",2017,"FACULTY of OBSTETRICS AND …","dissertation.npmcn.edu.ng","http://www.dissertation.npmcn.edu.ng/index.php/FMCOG/article/view/1835","",742,"2021-07-17 21:08:35","","","","",,,,,0,0.00,0,1,4,"… BY DR UCHENNA IFEANYI NWAGHA. DEPARTMENT OF OBSTETRICS AND GYNAECOLOGY, UNIVERSITY OF NIGERIA TEACHING HOSPITAL (UNTH) PMB 01129, ENUGU. MAY, 2017 Page 2. 2 … Medicine University of Nigeria …","http://www.dissertation.npmcn.edu.ng/index.php/FMCOG/article/download/1835/1089","https://scholar.google.com/scholar?q=related:vipke42KddUJ:scholar.google.com/&scioq=%22waist+circumference%22+nigeria&hl=en&as_sdt=0,5&as_ylo=2017&as_yhi=2017&as_vis=1"
0,"MAC Lima","Prevalência de hipertensão arterial e seus fatores de risco entre pessoas com HIV/AIDS em uso de terapia antirretroviral",2017,"","repositorio.ufc.br","http://repositorio.ufc.br/handle/riufc/29202","",743,"2021-07-17 21:08:35","","","","",,,,,0,0.00,0,1,4,"… diagnosis of SAH. Regarding risk factors, it was observed that PLWHA with SAH had higher mean age (P <0.001), higher waist circumference (P <0.001), more time of infection (P = 0.005) and of use of ART (P= 0.002). It was …","http://repositorio.ufc.br/bitstream/riufc/29202/1/2017_dis_maclima.pdf",""
0,"KM Lwin, AA Chit, YL Myint, S Myint, MM Htwe…","University of Medicine Mandalay Research Journal Editorial Board",,"ummalumni.com","","https://www.ummalumni.com/wp-content/uploads/2017/08/UMM-Reearch-Journal-V1-N1.pdf","",744,"2021-07-17 21:08:35","PDF","","","",,,,,0,0.00,0,6,,"Page 1. Page 2. University of Medicine Mandalay Research Journal Editorial Board Editor-in-Chief: Prof. Dr. Khin Maung Lwin, Rector, University of Medicine, Mandalay Editorial Board Members: Prof. Dr. Aye Aye Chit, Pro-Rector (Academic), University of Medicine, Mandalay …","https://www.ummalumni.com/wp-content/uploads/2017/08/UMM-Reearch-Journal-V1-N1.pdf","https://scholar.google.com/scholar?q=related:sDEb2ekyCLEJ:scholar.google.com/&scioq=%22waist+circumference%22+nigeria&hl=en&as_sdt=0,5&as_ylo=2017&as_yhi=2017&as_vis=1"
0,"C Abrori, L Tiya, D Rosalina","Efek Metformin Lepas Lambat dalam Penurunan Berat Badan dan Jumlah Asupan Kalori pada Sukarelawan Obesitas (Slow Release Metformin Effect in Weight Loss …",,"repository.unej.ac.id","","https://repository.unej.ac.id/handle/123456789/89665","",745,"2021-07-17 21:08:35","","","","",,,,,0,0.00,0,3,,"Page 1. 50 Vol. 3 No. 1 (2017) Journal of Agromedicine and Medical Sciences Obesity can cause serious problems that will lead to poor quality of life, increased morbidity and mortality rate. Slow-release metformin will work …","https://repository.unej.ac.id/bitstream/handle/123456789/89665/F.%20K_Jurnal_Cholis%20Abrori_Efek%20Metformin%20Lepas%20Lambat%20dalam%20Penurunan%20Berat%20Badan.pdf?sequence=1","https://scholar.google.com/scholar?q=related:1LT5bn1p-yUJ:scholar.google.com/&scioq=%22waist+circumference%22+nigeria&hl=en&as_sdt=0,5&as_ylo=2017&as_yhi=2017&as_vis=1"
50,"AO Falade, G Oboh, AI Okoh","Potential health lmplications of the consumption of thermally-oxidized cooking oils–a review",2017,"Polish journal of food and nutrition …","agro.icm.edu.pl","https://agro.icm.edu.pl/agro/element/bwmeta1.element.agro-ffe02af5-41ba-4dbf-99da-3dee2de79222","https://scholar.google.com/scholar?cites=142386411774736976&as_sdt=2005&sciodt=0,5&hl=en",746,"2021-07-17 21:08:35","","","","",,,,,50,12.50,17,3,4,"… Department of Biochemistry and Microbiology, University of Fort Hare, Private Bag X1314, Alice, 5700 Eastern Cape, South Africa 3Functional Foods and Nutraceuticals Unit, Department of Biochemistry, Federal University of Technology, P. MB 704, Akure, 340252, Nigeria …","https://agro.icm.edu.pl/agro/element/bwmeta1.element.agro-ffe02af5-41ba-4dbf-99da-3dee2de79222/c/6.pdf","https://scholar.google.com/scholar?q=related:UPqs5q_b-QEJ:scholar.google.com/&scioq=%22waist+circumference%22+nigeria&hl=en&as_sdt=0,5&as_ylo=2017&as_yhi=2017&as_vis=1"
17,"Y Huang, J Li, X Zhu, J Sun, L Ji, D Hu, C Pan, W Tan…","Relationship between healthy lifestyle behaviors and cardiovascular risk factors in Chinese patients with type 2 diabetes mellitus: a subanalysis of the CCMR-3B …",2017,"Acta …","Springer","https://link.springer.com/article/10.1007/s00592-017-0981-2","https://scholar.google.com/scholar?cites=9939716001171688947&as_sdt=2005&sciodt=0,5&hl=en",747,"2021-07-17 21:08:35","","10.1007/s00592-017-0981-2","","",,,,,17,4.25,2,9,4,"… All artwork was created by GraphPad Prism 5 (San Diego, CA, USA). Results. Patient characteristics. As shown in Table 1, the mean age of the 25,454 participants with T2DM was 62.6 ± 11.9 years with a mean BMI of 24.8 ± 3.6 and waist circumference of 83.5 cm …","","https://scholar.google.com/scholar?q=related:880aSgr38IkJ:scholar.google.com/&scioq=%22waist+circumference%22+nigeria&hl=en&as_sdt=0,5&as_ylo=2017&as_yhi=2017&as_vis=1"
9,"W Zhao, EB Ware, Z He, SLR Kardia, JD Faul…","Interaction between social/psychosocial factors and genetic variants on body mass index: a gene-environment interaction analysis in a longitudinal setting",2017,"International journal of …","mdpi.com","https://www.mdpi.com/227410","https://scholar.google.com/scholar?cites=4412494530402402060&as_sdt=2005&sciodt=0,5&hl=en",748,"2021-07-17 21:08:35","","","","",,,,,9,2.25,2,6,4,"Obesity, which develops over time, is one of the leading causes of chronic diseases such as cardiovascular disease. However, hundreds of BMI (body mass index)-associated genetic loci identified through large-scale genome-wide association studies (GWAS) only explain about …","https://www.mdpi.com/1660-4601/14/10/1153/pdf","https://scholar.google.com/scholar?q=related:DD_9oWVUPD0J:scholar.google.com/&scioq=%22waist+circumference%22+nigeria&hl=en&as_sdt=0,5&as_ylo=2017&as_yhi=2017&as_vis=1"
1,"PN Sokhetye","Development of a jeans sizing system for young Black pear-shaped South African women",2017,"","openscholar.dut.ac.za","https://openscholar.dut.ac.za/handle/10321/2498","https://scholar.google.com/scholar?cites=12852781640542966389&as_sdt=2005&sciodt=0,5&hl=en",749,"2021-07-17 21:08:35","","","","",,,,,1,0.25,1,1,4,"… the upper torso (bust and shoulder) with an indented waist (Ola-Afolayan and Mastamet-Mason 2013:204). • Drop value in the context of this study is the difference between the hip circumference and waist circumference. 1.10 Chapter overviews Chapter 1: Introduction …","https://openscholar.dut.ac.za/bitstream/10321/2498/1/SOKHETYE_2017.pdf","https://scholar.google.com/scholar?q=related:ddI5HM5AXrIJ:scholar.google.com/&scioq=%22waist+circumference%22+nigeria&hl=en&as_sdt=0,5&as_ylo=2017&as_yhi=2017&as_vis=1"
5,"S Gong, C Xu, L Wang, Y Liu, D Owusu…","Genetic association analysis of polymorphisms in PSD3 gene with obesity, type 2 diabetes, and HDL cholesterol",2017,"diabetes research and …","Elsevier","https://www.sciencedirect.com/science/article/pii/S0168822716302868","https://scholar.google.com/scholar?cites=16553891561415803055&as_sdt=2005&sciodt=0,5&hl=en",750,"2021-07-17 21:08:35","","","","",,,,,5,1.25,1,6,4,"… Although studies have shown that the linkage signal was mapped on 8p22 for BMI in Nigerian families [23] and for childhood and adolescent obesity in German families [24], no study has investigated the associations of the PSD3 gene with obesity, T2D and HDL level …","","https://scholar.google.com/scholar?q=related:r4CGOKs8u-UJ:scholar.google.com/&scioq=%22waist+circumference%22+nigeria&hl=en&as_sdt=0,5&as_ylo=2017&as_yhi=2017&as_vis=1"
1,"A Colao","Nutritional Management of Menopausal Women",2017,"Menopause","Springer","https://link.springer.com/chapter/10.1007/978-3-319-59318-0_18","https://scholar.google.com/scholar?cites=1199332038567931168&as_sdt=2005&sciodt=0,5&hl=en",751,"2021-07-17 21:08:35","","10.1007/978-3-319-59318-0_18","","",,,,,1,0.25,1,1,4,"… for 54 weeks. Using this combine program women had improved body weight and reduced abdominal adiposity and significant reductions in waist circumference and body fat were maintained beyond 4 years [58]. In other studies …","","https://scholar.google.com/scholar?q=related:IC2WfiLipBAJ:scholar.google.com/&scioq=%22waist+circumference%22+nigeria&hl=en&as_sdt=0,5&as_ylo=2017&as_yhi=2017&as_vis=1"
0,"A Larbi","Sialic Acid, Metabolic and Anthropometric variables in type two diabetic patients.",2017,"","ir.knust.edu.gh","http://ir.knust.edu.gh/handle/123456789/9938","",752,"2021-07-17 21:08:35","","","","",,,,,0,0.00,0,1,4,"… 29 3.7.1 Weight and Height ..... 29 3.7.2 Waist circumference ..... 29 … WHO World health organization WC Waist circumference WHR Waist to hip ratio Page 14. 1 Chapter 1 INTRODUCTION …","http://ir.knust.edu.gh/bitstream/123456789/9938/1/SIALIC%20ACID.pdf","https://scholar.google.com/scholar?q=related:X3gUegzzS34J:scholar.google.com/&scioq=%22waist+circumference%22+nigeria&hl=en&as_sdt=0,5&as_ylo=2017&as_yhi=2017&as_vis=1"
3,"N Radikara","The prevalence of chronic kidney disease and associated factors among adult patients with type 2 Diabetes Mellitus who attend the diabetes centre in Gaborone …",2017,"","scholar.sun.ac.za","http://scholar.sun.ac.za/handle/10019.1/101485","https://scholar.google.com/scholar?cites=6484230305703511673&as_sdt=2005&sciodt=0,5&hl=en",753,"2021-07-17 21:08:35","","","","",,,,,3,0.75,3,1,4,"… [3] In a study done by Nalado et al [4] on the prevalence of risk factors for chronic kidney disease among civil servants in Kano, Nigeria, diabetes had a higher prevalence than other non-communicable diseases, a trend that has been observed in developed …","http://scholar.sun.ac.za/bitstream/handle/10019.1/101485/radikara_prevalence_2017.pdf?sequence=1","https://scholar.google.com/scholar?q=related:ecZHrRud_FkJ:scholar.google.com/&scioq=%22waist+circumference%22+nigeria&hl=en&as_sdt=0,5&as_ylo=2017&as_yhi=2017&as_vis=1"
0,"D Wijesena","The association between “leg length to height ratio” and blood pressure in peri-adolescents",2017,"","dr.library.brocku.ca","http://dr.library.brocku.ca/handle/10464/10979","",754,"2021-07-17 21:08:35","","","","",,,,,0,0.00,0,1,4,"… 28 Maturity indexes …………… 29 Obesity/waist circumference …………… 30 … 63 Waist circumference …………… 63 …","https://dr.library.brocku.ca/bitstream/handle/10464/10979/Brock_Wijesena_Dilani_2016%20PDF.pdf?sequence=1&sequence=1","https://scholar.google.com/scholar?q=related:BBk_9ixJyFcJ:scholar.google.com/&scioq=%22waist+circumference%22+nigeria&hl=en&as_sdt=0,5&as_ylo=2017&as_yhi=2017&as_vis=1"
3,"D Pereira, MO Martins, LE Gonçalves…","HIV Infection Complications during Childhood",2017,"J Preg Child …","pdfs.semanticscholar.org","https://pdfs.semanticscholar.org/06b3/18d52548731d4048db4c612995af3a7e6294.pdf","https://scholar.google.com/scholar?cites=6630200529363295933&as_sdt=2005&sciodt=0,5&hl=en",755,"2021-07-17 21:08:35","PDF","","","",,,,,3,0.75,1,4,4,"… is in Sub-Saharan Africa [3,4] and that a quarter of all new cases were registered in Nigeria (Figure 1) [5 … adipose tissue of the face, buttocks and extremities, making the veins prominent; Lipohypertrophy, which is characterized by increased waist circumference, ""buffalo neck …","https://pdfs.semanticscholar.org/06b3/18d52548731d4048db4c612995af3a7e6294.pdf","https://scholar.google.com/scholar?q=related:vV5OzkA0A1wJ:scholar.google.com/&scioq=%22waist+circumference%22+nigeria&hl=en&as_sdt=0,5&as_ylo=2017&as_yhi=2017&as_vis=1"
9,"H Sharifi, M Sadr, H Emami, M Ghanei…","Prevalence of tobacco use and associated factors in Tehran: Burden of Obstructive Lung Disease study",2017,"Lung India: Official …","ncbi.nlm.nih.gov","https://www.ncbi.nlm.nih.gov/pmc/articles/PMC5427748/","https://scholar.google.com/scholar?cites=11405249453976146271&as_sdt=2005&sciodt=0,5&hl=en",756,"2021-07-17 21:08:35","HTML","","","",,,,,9,2.25,2,5,4,"… In general, the estimated prevalence of daily tobacco smoking in men ranged from more than 50% in Russia, Indonesia, Armenia, Kiribati, Laos, Papua New Guinea, and Timor-Leste to < 10% in Antigua and Barbuda, Dominica, Ethiopia, Ghana, Niger, Nigeria, Sao Tome and …","https://www.ncbi.nlm.nih.gov/pmc/articles/PMC5427748/","https://scholar.google.com/scholar?q=related:X1H3ZvOVR54J:scholar.google.com/&scioq=%22waist+circumference%22+nigeria&hl=en&as_sdt=0,5&as_ylo=2017&as_yhi=2017&as_vis=1"
0,"ZM ONDICHO","Socio-demographic, lifestyle and psycho-social factors associated with overweight and obesity among health care workers in Kisumu East sub-county, Kenya.",2017,"","repository.maseno.ac.ke","https://repository.maseno.ac.ke/handle/123456789/752","",757,"2021-07-17 21:08:35","","","","",,,,,0,0.00,0,1,4,"… In Nigeria, prevalence rate of overweight and obesity was reported to be 27% and 17% respectively … Velazquez & Mendez, 2007). In South Africa, one study of healthcare workers reported an overweight/obesity prevalence rate of 73% (Supa & Linda, 2011), while in Nigeria …","https://repository.maseno.ac.ke/bitstream/handle/123456789/752/ZACHARY%20MASIMBA%20MPH%20THESIS.pdf?sequence=3","https://scholar.google.com/scholar?q=related:fcgGllk7E1wJ:scholar.google.com/&scioq=%22waist+circumference%22+nigeria&hl=en&as_sdt=0,5&as_ylo=2017&as_yhi=2017&as_vis=1"
4,"D Elena","From body mass index to body composition analysis in diagnostic of childhood obesity",2017,"The Moldovan Medical Journal","cyberleninka.ru","https://cyberleninka.ru/article/n/18003697","https://scholar.google.com/scholar?cites=17990562714514223192&as_sdt=2005&sciodt=0,5&hl=en",758,"2021-07-17 21:08:35","HTML","","","",,,,,4,1.00,4,1,4,"… Int J Obes (Lond). 2011;35(4):541-7. 32. Eissa MA, Dai S, Mihalopoulos NL, Day RS, Harrist RB, Labarthe DR. Trajectories of fat mass index, fat free-mass index, and waist circumference in children: Project HeartBeat! Am J Prev Med. 2009;37( 1 Suppl):S34-9. 33 …","https://cyberleninka.ru/article/n/18003697","https://scholar.google.com/scholar?q=related:WPABhHhRq_kJ:scholar.google.com/&scioq=%22waist+circumference%22+nigeria&hl=en&as_sdt=0,5&as_ylo=2017&as_yhi=2017&as_vis=1"
0,"MO Odo","Potential for the Prediction of Prostate Cancer Risk Using Haplotypes of Exon1 of Klk2 Gene",2017,"","dspace.unn.edu.ng","http://www.dspace.unn.edu.ng/handle/123456789/4103","",759,"2021-07-17 21:08:35","","","","",,,,,0,0.00,0,1,4,"… FACULTY OF HEALTH SCIENCE AND TECHNOLOGY COLLEGE OF MEDICINE UNIVERSITY OF NIGERIA, ENUGU CAMPUS DECEMBER, 2014 … FACULTY OF HEALTH SCIENCE AND TECHNOLOGY COLLEGE OF MEDICINE UNIVERSITY OF NIGERIA, ENUGU CAMPUS …","http://www.dspace.unn.edu.ng/bitstream/handle/123456789/4103/ODO%20MALACHY%20ONUORA.pdf?sequence=1&isAllowed=y","https://scholar.google.com/scholar?q=related:dGnIoxS1sAAJ:scholar.google.com/&scioq=%22waist+circumference%22+nigeria&hl=en&as_sdt=0,5&as_ylo=2017&as_yhi=2017&as_vis=1"
0,"A VERGARA-CASTAÑEDA","Trends in the prevalence of hypertension among children and adolescents during 2000-2014 La tendencia en la prevalencia de hipertensión entre niños y …",2017,"","researchgate.net","https://www.researchgate.net/profile/Arely-Vergara-2/publication/319167455_La_tendencia_en_la_prevalencia_de_hipertension_entre_ninos_y_adolescentes_durante_2000-2014/links/59d7c8610f7e9b12b3612413/La-tendencia-en-la-prevalencia-de-hipertension-entre-ninos-y-adolescentes-durante-2000-2014.pdf","",760,"2021-07-17 21:08:35","PDF","","","",,,,,0,0.00,0,1,4,"… (Vergara-Castañeda A 2010) Mexico 8→10 83 51.1 44.7 48.2 (Dyson P 2013) Mexico 12→18 4089 15 13.3 14.1 (Okoh BA 2012) Nigeria 6→12 1302 3.9 5.3 4.7 (Ujunwa FA 2013) Nigeria 10→18 2694 3.8 6.9 5.4 (Báez de Ladoux D 2014) Paraguay 5→18 287 58.8 41.2 39.2 …","https://www.researchgate.net/profile/Arely-Vergara-2/publication/319167455_La_tendencia_en_la_prevalencia_de_hipertension_entre_ninos_y_adolescentes_durante_2000-2014/links/59d7c8610f7e9b12b3612413/La-tendencia-en-la-prevalencia-de-hipertension-entre-ninos-y-adolescentes-durante-2000-2014.pdf","https://scholar.google.com/scholar?q=related:u8xQ-EoplZMJ:scholar.google.com/&scioq=%22waist+circumference%22+nigeria&hl=en&as_sdt=0,5&as_ylo=2017&as_yhi=2017&as_vis=1"
6,"F Ameri, ME Akbari, M Abdollahi, M Ajami…","Body composition and anthropometric indices in pre-and postmenopausal women with breast cancer",2017,"…","koomeshjournal.semums.ac.ir","https://koomeshjournal.semums.ac.ir/browse.php?a_id=3319&sid=1&slc_lang=en","https://scholar.google.com/scholar?cites=1042067200048894234&as_sdt=2005&sciodt=0,5&hl=en",761,"2021-07-17 21:08:35","","","","",,,,,6,1.50,1,5,4,"Page 1. شموك - دلج 91 هرامش ، 2 پايپ( ی 66 ،) راهب 9316 رماع همطاف ي 1 (M.Sc) ، دمحم عامسا يل ربکا ي 2 (MD) ، ضترم ي هللادبع ي 3 (MD) ، مجع ناجرم ي 4 (MD) ،ي نمسا شمج يد ي ئانين ي 5 (M.Sc) ،سي د سح ين دواد ي 6 (M.Sc)* 1 - هتیمک … ‎","http://koomeshjournal.semums.ac.ir/files/site1/user_files_e4351e/yasijam-A-10-3282-2-2e49c8f.pdf","https://scholar.google.com/scholar?q=related:GhEA65gqdg4J:scholar.google.com/&scioq=%22waist+circumference%22+nigeria&hl=en&as_sdt=0,5&as_ylo=2017&as_yhi=2017&as_vis=1"
0,"A CHACKO","EVALUATION OF PSYCHOLOGICAL DISTURBANCES ON MEDICATION ADHERENCE AND NON ADHERENCE IN PATIENTS WITH TYPE 2 DIABETES …",2017,"","shodhgangotri.inflibnet.ac.in","https://shodhgangotri.inflibnet.ac.in/jspui/bitstream/123456789/4004/7/07_refrences.pdf","",762,"2021-07-17 21:08:35","PDF","","","",,,,,0,0.00,0,1,4,"… among patients with poorly controlled type 2 diabetes in ambulatory care settings in southwestern Nigeria” reported that It could therefore be concluded that, there were arrays of intentional and unintentional non-adherence behavior among patients with poorly controlled …","https://shodhgangotri.inflibnet.ac.in/jspui/bitstream/123456789/4004/7/07_refrences.pdf","https://scholar.google.com/scholar?q=related:Wrt8izzpbswJ:scholar.google.com/&scioq=%22waist+circumference%22+nigeria&hl=en&as_sdt=0,5&as_ylo=2017&as_yhi=2017&as_vis=1"
0,"L Zhao, L Zhou, Y Li, M Guo, Y Wu","Long-term Weight Changes and Subsequent Hypercholesterolemia in Chinese Population",2017,"Journal of Advances in …","journaljammr.com","http://www.journaljammr.com/index.php/JAMMR/article/view/11658","",763,"2021-07-17 21:08:35","","","","",,,,,0,0.00,0,5,4,"… (1) O. Sharaye Kolade, Ahmadu Bello University Teaching Hospital, Nigeria. (2) Ngo Nonga Bernadette, University of Yaounde I, Cameroon … 13. Williams PT. Changes in body weight and waist circumference affect incident hypercholesterolemia during 7 years of follow-up …","http://www.journaljammr.com/index.php/JAMMR/article/download/11658/21185","https://scholar.google.com/scholar?q=related:5z6x-EYVdeIJ:scholar.google.com/&scioq=%22waist+circumference%22+nigeria&hl=en&as_sdt=0,5&as_ylo=2017&as_yhi=2017&as_vis=1"
0,"K Opare-Asamoah","Determinants of Low Infant Birth Weight in the Tamale Metropolis, Ghana",2017,"Asian Journal of Medicine and Health","researchgate.net","https://www.researchgate.net/profile/Kwame-Opare-Asamoah/publication/320834118_Determinants_of_Low_Infant_Birth_Weight_in_the_Tamale_Metropolis_Ghana/links/59fc8ade0f7e9b9968bdd722/Determinants-of-Low-Infant-Birth-Weight-in-the-Tamale-Metropolis-Ghana.pdf","",764,"2021-07-17 21:08:35","PDF","","","",,,,,0,0.00,0,1,4,"… Reviewers: (1) Ossai Edmund Ndudi, Ebonyi State University, Nigeria. (2) Hazem Mohammed Ebraheem Shaheen, Damanhour University, Egypt … Contribution of birth weight and adult waist circumference to cardiovascular disease risk in a longitudinal study. Sci Rep …","https://www.researchgate.net/profile/Kwame-Opare-Asamoah/publication/320834118_Determinants_of_Low_Infant_Birth_Weight_in_the_Tamale_Metropolis_Ghana/links/59fc8ade0f7e9b9968bdd722/Determinants-of-Low-Infant-Birth-Weight-in-the-Tamale-Metropolis-Ghana.pdf","https://scholar.google.com/scholar?q=related:qZyYRopit5AJ:scholar.google.com/&scioq=%22waist+circumference%22+nigeria&hl=en&as_sdt=0,5&as_ylo=2017&as_yhi=2017&as_vis=1"
57,"QY Fu, QS Li, XM Lin, RY Qiao, R Yang, XM Li…","Antidiabetic effects of tea",2017,"Molecules","mdpi.com","https://www.mdpi.com/198520","https://scholar.google.com/scholar?cites=10224759599084957753&as_sdt=2005&sciodt=0,5&hl=en",765,"2021-07-17 21:08:35","","","","",,,,,57,14.25,8,7,4,"… A study including 608 T2DM patients carried in China showed that tea drinking could alleviate the decrease of fasting blood insulin (1.30 U/L, 95% CI: 0.36–2.24) and reduced waist circumference in more than 8-week intervention [19] …","https://www.mdpi.com/1420-3049/22/5/849/pdf","https://scholar.google.com/scholar?q=related:OXA5qa6k5Y0J:scholar.google.com/&scioq=%22waist+circumference%22+nigeria&hl=en&as_sdt=0,5&as_ylo=2017&as_yhi=2017&as_vis=1"
11,"J Naufahu, F Alzaid…","Melanin-concentrating hormone in peripheral circulation in the human",2017,"Journal of …","westminsterresearch.westminster.ac …","https://westminsterresearch.westminster.ac.uk/item/q0qz0/melanin-concentrating-hormone-in-peripheral-circulation-in-the-human","https://scholar.google.com/scholar?cites=13426003984042695121&as_sdt=2005&sciodt=0,5&hl=en",766,"2021-07-17 21:08:35","","","","",,,,,11,2.75,4,3,4,"Page 1. WestminsterResearch http://www.westminster.ac.uk/westminsterresearch Melanin-concentrating hormone in peripheral circulation in the human Naufahu, J., Alzaid, F., Fiuza Brito, M., Doslikova, B., Valencia, T. and Murray, JF …","https://westminsterresearch.westminster.ac.uk/download/5044fb047166d8513754fa6a0cdd6ba0bb47aafdb57ce14f72f52e34c3f80686/402875/Naufahu_Manuscript_%284%29_with%20changes%20accepted.pdf","https://scholar.google.com/scholar?q=related:0RnYTX2_UroJ:scholar.google.com/&scioq=%22waist+circumference%22+nigeria&hl=en&as_sdt=0,5&as_ylo=2017&as_yhi=2017&as_vis=1"
7,"S Khazaei, A Mohammadian-Hafshejani…","The prevalence of obesity among school-aged children and youth aged 6-18 years in Iran: A systematic review and meta-analysis study",2017,"ARYA …","ncbi.nlm.nih.gov","https://www.ncbi.nlm.nih.gov/pmc/articles/pmc5515189/","https://scholar.google.com/scholar?cites=14126206801868054897&as_sdt=2005&sciodt=0,5&hl=en",767,"2021-07-17 21:08:35","HTML","","","",,,,,7,1.75,2,3,4,"","https://www.ncbi.nlm.nih.gov/pmc/articles/pmc5515189/","https://scholar.google.com/scholar?q=related:cWENET5eCsQJ:scholar.google.com/&scioq=%22waist+circumference%22+nigeria&hl=en&as_sdt=0,5&as_ylo=2017&as_yhi=2017&as_vis=1"
202,"C Wang, Y Wei, X Zhang, Y Zhang, Q Xu, Y Sun…","A randomized clinical trial of exercise during pregnancy to prevent gestational diabetes mellitus and improve pregnancy outcome in overweight and obese pregnant …",2017,"American journal of …","Elsevier","https://www.sciencedirect.com/science/article/pii/S0002937817301722","https://scholar.google.com/scholar?cites=5218294268190495838&as_sdt=2005&sciodt=0,5&hl=en",768,"2021-07-17 21:08:35","","","","",,,,,202,50.50,29,7,4,"JavaScript is disabled on your browser. Please enable JavaScript to use all the features on this page. Skip to main content Skip to article …","http://fnm.tums.ac.ir/userfiles/news/congress/Article%2019%20(1).pdf","https://scholar.google.com/scholar?q=related:XpTzPP0aa0gJ:scholar.google.com/&scioq=%22waist+circumference%22+nigeria&hl=en&as_sdt=0,5&as_ylo=2017&as_yhi=2017&as_vis=1"
0,"T Ahmed","Gender roles and physical function in old age",2017,"","papyrus.bib.umontreal.ca","https://papyrus.bib.umontreal.ca/xmlui/handle/1866/19256","",769,"2021-07-17 21:08:35","","","","",,,,,0,0.00,0,1,4,"Page 1. i Université de Montréal Gender roles and physical function in old age par Tamer Ibahim Salah Ahmed Département de médecine sociale et préventive Faculté de médecine Thèse présentée à la Faculté de médecine en vue de l'obtention du grade de PhD …","https://papyrus.bib.umontreal.ca/xmlui/bitstream/handle/1866/19256/Ahmed_Tamer_2016_these.pdf?sequence=6","https://scholar.google.com/scholar?q=related:iHpCJ2yHarYJ:scholar.google.com/&scioq=%22waist+circumference%22+nigeria&hl=en&as_sdt=0,5&as_ylo=2017&as_yhi=2017&as_vis=1"
0,"CO OTORKPA","EFFECT OF PATIENT-CENTRED CARE ON PATIENT SATISFACTION AND GLYCEMIC CONTROL OF TYPE-2 DIABETIC PATIENTS ATTENDING GENERAL …",2017,"Faculty of Family Medicine","dissertation.npmcn.edu.ng","http://www.dissertation.npmcn.edu.ng/index.php/FMCFM/article/download/189/1872","",770,"2021-07-17 21:08:35","PDF","","","",,,,,0,0.00,0,1,4,"… Saharan Africa from 2000 to 2030,17 with WHO suggesting that Nigeria has the greatest number of people living with diabetes in Africa, with an estimated burden of about 1.7 million which will increase to 4.8 million by 2030.9 This fact still holds true for the Nigerian experience …","http://www.dissertation.npmcn.edu.ng/index.php/FMCFM/article/download/189/1872","https://scholar.google.com/scholar?q=related:dGUi_xbLyYoJ:scholar.google.com/&scioq=%22waist+circumference%22+nigeria&hl=en&as_sdt=0,5&as_ylo=2017&as_yhi=2017&as_vis=1"
8,"D Vejrazkova, M Vankova, P Lukasova…","Specific metabolic characteristics of women with former gestational diabetes: the importance of adipose tissue.",2017,"Physiological …","pdfs.semanticscholar.org","https://pdfs.semanticscholar.org/bbd9/be534d8feaaba2f243685680e763a078fff5.pdf","https://scholar.google.com/scholar?cites=11938738287053802154&as_sdt=2005&sciodt=0,5&hl=en",771,"2021-07-17 21:08:35","PDF","","","",,,,,8,2.00,2,4,4,"… for obesity defined as BMI z-scores > +2 SD, and 1.73 [95 % CI 1.14-2.62, p=0.010] for central obesity defined as waist circumference ≥ 90th percentile … OSEGBE I, OKPARA H, AZINGE E: Relationship between serum leptin and insulin resistance among obese Nigerian women …","https://pdfs.semanticscholar.org/bbd9/be534d8feaaba2f243685680e763a078fff5.pdf","https://scholar.google.com/scholar?q=related:qooyyjfrrqUJ:scholar.google.com/&scioq=%22waist+circumference%22+nigeria&hl=en&as_sdt=0,5&as_ylo=2017&as_yhi=2017&as_vis=1"
0,"SHA Hamad","Deanship of Graduate Studies",,"core.ac.uk","","https://core.ac.uk/download/pdf/336841669.pdf","",772,"2021-07-17 21:08:35","PDF","","","",,,,,0,0.00,0,1,,"… Status SPSS Statistical Package for the Social Science SRI Serotonin Reuptake Inhibitors TPA Total Physical Activity UNRWA United Nations Relief and Work Agency US United States USD United States Dollar WB West Bank WC Waist Circumference WHO World Health …","https://core.ac.uk/download/pdf/336841669.pdf","https://scholar.google.com/scholar?q=related:SSHtuGhni_sJ:scholar.google.com/&scioq=%22waist+circumference%22+nigeria&hl=en&as_sdt=0,5&as_ylo=2017&as_yhi=2017&as_vis=1"
0,"S Yadava","A comparative study on prevalence of overweight and obesity in various income group females of Hathras city",2017,"","isarasolutions.com","http://www.isarasolutions.com/books/120/book.pdf","",773,"2021-07-17 21:08:35","PDF","","","",,,,,0,0.00,0,1,4,"… Generally, however, in most adults, BMI correlates reasonably closely to body fatness (which is measured by more sophisticated scanning and imaging devices), particularly if combined with measures such as the waist circumference, Speakman (2004) …","http://www.isarasolutions.com/books/120/book.pdf","https://scholar.google.com/scholar?q=related:A_FNODgN3zsJ:scholar.google.com/&scioq=%22waist+circumference%22+nigeria&hl=en&as_sdt=0,5&as_ylo=2017&as_yhi=2017&as_vis=1"
0,"DN Wirawan, PP Januraga, AAS Sawitri, N Sutarsa…","PUBLIC HEALTH AND PREVENTIVE MEDICINE ARCHIVE",,"simdos.unud.ac.id","","https://simdos.unud.ac.id/uploads/file_penelitian_1_dir/f25c06e4b12ef30c06d0f876c0404614.pdf","",774,"2021-07-17 21:08:35","PDF","","","",,,,,0,0.00,0,5,,"… a study conducted at all public health centres in South Denpasar Subdistrict in 2013 revealed that obesity based on waist circumference is a … is consistent with a cross-sectional study conducted in Nigeria which found that there was no significant association between BMI and …","https://simdos.unud.ac.id/uploads/file_penelitian_1_dir/f25c06e4b12ef30c06d0f876c0404614.pdf","https://scholar.google.com/scholar?q=related:aa_pgUvCb2YJ:scholar.google.com/&scioq=%22waist+circumference%22+nigeria&hl=en&as_sdt=0,5&as_ylo=2017&as_yhi=2017&as_vis=1"
0,"GO Owusu","Drivers of Food Choice among Adolescent Girls in the Lower Manya Krobo District-Eastern Region of Ghana",2017,"","ugspace.ug.edu.gh","http://ugspace.ug.edu.gh/handle/123456789/23759","",775,"2021-07-17 21:08:35","","","","",,,,,0,0.00,0,1,4,"… malnutrition (Adamu, Adjei, & Kubreziga, 2012). Recent study in Nigeria, showed a double burden of malnutrition among adolescents and the prevalence was 28.8% ( Abdulkarim … being in the underweight group compared to 9% of the boys. A study in Nigeria showed that …","http://ugspace.ug.edu.gh/bitstream/handle/123456789/23759/Drivers%20of%20Food%20Choice%20among%20Adolescent%20Girls%20in%20the%20Lower%20Manya%20Krobo%20District-Eastern%20Region%20of%20Ghana.pdf?sequence=1","https://scholar.google.com/scholar?q=related:KSIPn6qAad0J:scholar.google.com/&scioq=%22waist+circumference%22+nigeria&hl=en&as_sdt=0,5&as_ylo=2017&as_yhi=2017&as_vis=1"
7,"M Leonard","What Liberal World Order?",2017,"Project Syndicate","timeskuwait.com","https://www.timeskuwait.com/Pdf/The_Times_5-11_Mar_2017.pdf","https://scholar.google.com/scholar?cites=1564948955960700573&as_sdt=2005&sciodt=0,5&hl=en",776,"2021-07-17 21:08:35","PDF","","","",,,,,7,1.75,7,1,4,"… Ministry of Environment in association with the Debt Management Office at the Nigerian Stock Exchange (NSE … Nigeria is working toward achieving 30 percent in renewable energy by 2030 … new jobs, open up investment avenues that would impact the lives of common Nigerians …","https://www.timeskuwait.com/Pdf/The_Times_5-11_Mar_2017.pdf","https://scholar.google.com/scholar?q=related:ne6ns8jQtxUJ:scholar.google.com/&scioq=%22waist+circumference%22+nigeria&hl=en&as_sdt=0,5&as_ylo=2017&as_yhi=2017&as_vis=1"
10,"MAC Lima, GH Cunha, MTG Galvão…","Systemic Arterial Hypertension in people living with HIV/AIDS: integrative review",2017,"Revista brasileira de …","SciELO Brasil","https://www.scielo.br/j/reben/a/nfrmKj4Jg4vmKBWD4pyGCKL/abstract/?lang=en","https://scholar.google.com/scholar?cites=1932668769611035185&as_sdt=2005&sciodt=0,5&hl=en",777,"2021-07-17 21:08:35","HTML","","","",,,,,10,2.50,3,4,4,"… therapy ( 39 39 Eluwa GI, Badru T, Akpoigbe KJ. Adverse drug reactions to antiretroviral therapy (ARVs): incidence, type and risk factors in Nigeria. BMC Clin Pharmacol [Internet]. 2012[cited 2016 Jun 15];12(7). Available from …","https://www.scielo.br/j/reben/a/nfrmKj4Jg4vmKBWD4pyGCKL/abstract/?lang=en","https://scholar.google.com/scholar?q=related:MTIomQE40hoJ:scholar.google.com/&scioq=%22waist+circumference%22+nigeria&hl=en&as_sdt=0,5&as_ylo=2017&as_yhi=2017&as_vis=1"
0,"شروق حسام محمد ابوحمد","محددات زيادة الوزن والسمنة بين طلبة الجامعات في قطاع غزة: دراسة مقطعية‎",,"2017‎","dspace.alquds.edu","https://dspace.alquds.edu/bitstream/handle/20.500.12213/5672/MT_2017_21311273_8086.pdf?sequence=1","",778,"2021-07-17 21:08:35","PDF","","","",,,,,0,0.00,0,1,,"… Status SPSS Statistical Package for the Social Science SRI Serotonin Reuptake Inhibitors TPA Total Physical Activity UNRWA United Nations Relief and Work Agency US United States USD United States Dollar WB West Bank WC Waist Circumference WHO World Health …","https://dspace.alquds.edu/bitstream/handle/20.500.12213/5672/MT_2017_21311273_8086.pdf?sequence=1","https://scholar.google.com/scholar?q=related:_tV-Cv5Q9BcJ:scholar.google.com/&scioq=%22waist+circumference%22+nigeria&hl=en&as_sdt=0,5&as_ylo=2017&as_yhi=2017&as_vis=1"
0,"T OLOYEDE","RESPIRATORY SYMPTOMS AND VENTILATORY FUNCTIONS OF GARRI PROCESSING WORKERS IN OGBOMOSO",2017,"Faculty of INTERNAL MEDICINE","dissertation.npmcn.edu.ng","http://dissertation.npmcn.edu.ng/index.php/FMCP/article/download/399/793","",779,"2021-07-17 21:08:35","PDF","","","",,,,,0,0.00,0,1,4,"… A DISSERTATION SUBMITTED TO THE NATIONAL POSTGRADUATE MEDICAL COLLEGE OF NIGERIA IN PARTIAL FULFILMENT OF THE REQUIREMENTS FOR THE AWARD OF THE FELLOWSHIP OF THE COLLEGE IN INTERNAL MEDICINE … Osogbo, Osun State, Nigeria …","http://dissertation.npmcn.edu.ng/index.php/FMCP/article/download/399/793","https://scholar.google.com/scholar?q=related:DxDMuyl17REJ:scholar.google.com/&scioq=%22waist+circumference%22+nigeria&hl=en&as_sdt=0,5&as_ylo=2017&as_yhi=2017&as_vis=1"
0,"S Fernández Barrés","Early life factors and childhood obesity development",,"tdx.cat","","https://www.tdx.cat/handle/10803/399640","",780,"2021-07-17 21:08:35","","","","",,,,,0,0.00,0,1,,"… The outcomes evaluated at 4 years were: age- and sex- specific body mass index (BMI) z-scores, waist circumference, risk of overweight and abdominal obesity, cardiometabolic risk score (including HDL, triglycerides, systolic and diastolic blood pressure and waist …","https://www.tdx.cat/bitstream/handle/10803/399640/TESI.pdf?sequence=2","https://scholar.google.com/scholar?q=related:cc8IwDB8kPkJ:scholar.google.com/&scioq=%22waist+circumference%22+nigeria&hl=en&as_sdt=0,5&as_ylo=2017&as_yhi=2017&as_vis=1"
2,"PR Rampi, YA Assa, YM Mewo","Gambaran Kadar Asam Urat Serum pada Mahasiswa dengan Indeks Massa Tubuh≥ 23 kg/m2 di Fakultas Kedokteran Universitas Sam Ratulangi",2017,"eBiomedik","ejournal.unsrat.ac.id","https://ejournal.unsrat.ac.id/index.php/ebiomedik/article/view/18511","https://scholar.google.com/scholar?cites=5983077966098197439&as_sdt=2005&sciodt=0,5&hl=en",781,"2021-07-17 21:08:35","","","","",,,,,2,0.50,1,3,4,"… Prevalence of hyperuricemia and its risk factors in healthy male adults from Abakaliki metropolis, Nigeria. J Mol Pathophysiol. 2015; 4(3): 94-98. 12 … The waist circumference-adjusted association between hyperuricemia and lifestyle-related diseases. Diabetol Metab Syndr …","https://ejournal.unsrat.ac.id/index.php/ebiomedik/article/viewFile/18511/18039","https://scholar.google.com/scholar?q=related:v-u_4LUpCFMJ:scholar.google.com/&scioq=%22waist+circumference%22+nigeria&hl=en&as_sdt=0,5&as_ylo=2017&as_yhi=2017&as_vis=1"
24,"PIT Ngome, C Shackleton, A Degrande…","Addressing constraints in promoting wild edible plants' utilization in household nutrition: case of the Congo Basin forest area",2017,"Agriculture & food …","Springer","https://link.springer.com/article/10.1186/s40066-017-0097-5","https://scholar.google.com/scholar?cites=2030825080188150742&as_sdt=2005&sciodt=0,5&hl=en",782,"2021-07-17 21:08:35","HTML","10.1186/s40066-017-0097-5","","",,,,,24,6.00,6,4,4,"… In another experiment with Irvingia gabonensis after 10 weeks, significant differences were observed in decrease in body weight and waist circumference between the placebo and experimental groups (95.7 vs. 85.1 kg, p < 0.01) and (101.1 vs. 88.1 cm, p < 0.05), respectively …","https://link.springer.com/article/10.1186/s40066-017-0097-5","https://scholar.google.com/scholar?q=related:1qORkabwLhwJ:scholar.google.com/&scioq=%22waist+circumference%22+nigeria&hl=en&as_sdt=0,5&as_ylo=2017&as_yhi=2017&as_vis=1"
6,"CN Shin, SR Dirksen, B Suh","Acculturative stress in Korean Americans",2017,"Applied Nursing Research","Elsevier","https://www.sciencedirect.com/science/article/pii/S0897189717300381","https://scholar.google.com/scholar?cites=1031289761385569935&as_sdt=2005&sciodt=0,5&hl=en",783,"2021-07-17 21:08:35","","","","",,,,,6,1.50,2,3,4,"… van Hook, 2015). Length of residency was not associated with acculturative stress in studies of Latinos and Nigerian immigrants to the United States (Caplan, 2007, Daramola and Scisney-Matlock, 2014). Asian Americans and …","","https://scholar.google.com/scholar?q=related:j17i75LgTw4J:scholar.google.com/&scioq=%22waist+circumference%22+nigeria&hl=en&as_sdt=0,5&as_ylo=2017&as_yhi=2017&as_vis=1"
13,"J Deloumeaux, B Bhakkan, R Eyraud, F Braud…","Prostate cancer clinical presentation, incidence, mortality and survival in Guadeloupe over the period 2008–2013 from a population-based cancer registry",2017,"Cancer Causes & …","Springer","https://link.springer.com/article/10.1007/s10552-017-0962-3","https://scholar.google.com/scholar?cites=8504733506434614454&as_sdt=2005&sciodt=0,5&hl=en",784,"2021-07-17 21:08:35","","10.1007/s10552-017-0962-3","","",,,,,13,3.25,3,5,4,"The Caribbean population of Guadeloupe has one of the highest incidence rates of prostate cancer worldwide. In 2008, a population-based cancer registry was.","https://www.researchgate.net/profile/Jacqueline-Deloumeaux/publication/319897655_Prostate_cancer_clinical_presentation_incidence_mortality_and_survival_in_Guadeloupe_over_the_period_2008-2013_from_a_population-based_cancer_registry/links/5c5ad35645851582c3d1c3f1/Prostate-cancer-clinical-presentation-incidence-mortality-and-survival-in-Guadeloupe-over-the-period-2008-2013-from-a-population-based-cancer-registry.pdf","https://scholar.google.com/scholar?q=related:tsRlaBDiBnYJ:scholar.google.com/&scioq=%22waist+circumference%22+nigeria&hl=en&as_sdt=0,5&as_ylo=2017&as_yhi=2017&as_vis=1"
0,"S Pathak, P Marwaha","Dietary habits and atherogenic factors of cardiovascular disease patients in Jabalpur city",,"academia.edu","","https://www.academia.edu/download/58194110/2-4-23-477.pdf","",785,"2021-07-17 21:08:35","PDF","","","",,,,,0,0.00,0,2,,"… 6. References 1. Adamu B, Sanj MU, Abdu A. Physical Exercise and Health: A Review. Nigerian Journal of Medicine. 2006; 15(3):190- 196. 2. Bhatia MS, Tiwari Ajit, Gupta Hemlala … BMI vs. Waist Circumference for Identifying Vascular Risk. Obesity. 2008; 16(2):463-468. 14 …","https://www.academia.edu/download/58194110/2-4-23-477.pdf","https://scholar.google.com/scholar?q=related:G71WDb3noJQJ:scholar.google.com/&scioq=%22waist+circumference%22+nigeria&hl=en&as_sdt=0,5&as_ylo=2017&as_yhi=2017&as_vis=1"
0,"BA Jiabao Sun, K Williams, L Palomo","A Review of the Relationship between Obesity and Periodontal Diseases",2017,"Journal of Periodontology","academia.edu","https://www.academia.edu/download/64414917/BJSTR.MS.ID.000266.pdf","",786,"2021-07-17 21:08:35","PDF","","","",,,,,0,0.00,0,3,4,"… At the same time, although alveolar bone loss is the hallmark of PD [22], it has been found that each unit increase in BMI is associated with a 5% increase in the risk of alveolar bone loss, and that every 1% increase in waist circumference to height ratio is associated with 3 …","https://www.academia.edu/download/64414917/BJSTR.MS.ID.000266.pdf","https://scholar.google.com/scholar?q=related:giMrTn2LVJ0J:scholar.google.com/&scioq=%22waist+circumference%22+nigeria&hl=en&as_sdt=0,5&as_ylo=2017&as_yhi=2017&as_vis=1"
0,"LE Manns-James","Racial Discrimination, Racial Identity Attitudes, and Obesity Among African American Collegiate Women",2017,"","rave.ohiolink.edu","https://rave.ohiolink.edu/etdc/view?acc_num=kent1491494674496757","",787,"2021-07-17 21:08:35","","","","",,,,,0,0.00,0,1,4,"… 80 Figure 4-1. Effects of Public Regard on the Relationship between Overt RD and Waist Circumference … identity was significantly inversely correlated with waist circumference. Interactions …","https://etd.ohiolink.edu/apexprod/rws_etd/send_file/send?accession=kent1491494674496757&disposition=inline","https://scholar.google.com/scholar?q=related:yaspxwy05EgJ:scholar.google.com/&scioq=%22waist+circumference%22+nigeria&hl=en&as_sdt=0,5&as_ylo=2017&as_yhi=2017&as_vis=1"
0,"P Ziarati, J Asgar Pahanh, E Rahimi","Nutritive Value and Mineral Elements of Wild Astragalus meridioalis sensu auct. Seeds in South of Iran",2017,"Journal of Pharmaceutical & …","jphs.iautmu.ac.ir","http://jphs.iautmu.ac.ir/article_531658_00.html","",788,"2021-07-17 21:08:35","","","","",,,,,0,0.00,0,3,4,"… Plants Res., 2010,4(7),559- 566. Janssen I; Katzmarzyk PT; Ross R. Waist circumference and not body mass index explains obesity-related health risk … Nutritional Properties of the Leaf, Seed and Pericarp of the fruit of four cucurbita- ceae Species from South- East Nigeria …","http://jphs.iautmu.ac.ir/article_531658_7afb3cefaa018ec51bf22f18a8bdbeda.pdf",""
3,"KJ Okop","Exploring the association between body image, body fat, and total cardiovascular disease risk among adults in a rural and an urban community of South Africa",2017,"","etd.uwc.ac.za","https://etd.uwc.ac.za/handle/11394/5599","https://scholar.google.com/scholar?cites=9461588101773125857&as_sdt=2005&sciodt=0,5&hl=en",789,"2021-07-17 21:08:35","","","","",,,,,3,0.75,3,1,4,"… UWC: University of the Western Cape WC: Waist circumference WHO: World Health Organisation … 6 (20,25,45,46). Based on WHO estimates, in 2014, obesity prevalence has risen to 33.6% in Ghana, 33.3% in Nigeria, 26.2% in Kenya, 33.5% in Cameroon, 48.0% in Botswana …","https://etd.uwc.ac.za/bitstream/handle/11394/5599/Okop_kj_phd_chs_2017.pdf?sequence=1&isAllowed=y","https://scholar.google.com/scholar?q=related:4eg_uT9QToMJ:scholar.google.com/&scioq=%22waist+circumference%22+nigeria&hl=en&as_sdt=0,5&as_ylo=2017&as_yhi=2017&as_vis=1"
0,"N Muhammad","Effects of Methanolic Extract of Moringa oleifera leaves on Fructose-Induced Metabolic dysfunction in growing Sprague Dawley Rats",2017,"","wiredspace.wits.ac.za","http://wiredspace.wits.ac.za/handle/10539/24865","",790,"2021-07-17 21:08:35","","","","",,,,,0,0.00,0,1,4,"… Federal University Birnin Kebbi (Nigeria) and Tertiary Education Trust Fund of Nigeria. Page 5. v ABSTRACT … 31 3.2.3 Body mass index (BMI), waist circumference (WC) and empty carcass mass 34 3.2.4 Linear growth ..... 36 …","http://wiredspace.wits.ac.za/bitstream/handle/10539/24865/Nasiru?sequence=2",""
16,"N Molugulu, LS Yee, YT Ye, TC Khee, LZ Nie…","Systematic review of metformin monotherapy and dual therapy with sodium glucose co-transporter 2 inhibitor (SGLT-2) in treatment of type 2 diabetes mellitus",2017,"Diabetes research and …","Elsevier","https://www.sciencedirect.com/science/article/pii/S0168822717308276","https://scholar.google.com/scholar?cites=12331891027412246385&as_sdt=2005&sciodt=0,5&hl=en",791,"2021-07-17 21:08:35","","","","",,,,,16,4.00,3,6,4,"JavaScript is disabled on your browser. Please enable JavaScript to use all the features on this page. Skip to main content Skip to article …","","https://scholar.google.com/scholar?q=related:cd-7YY2tI6sJ:scholar.google.com/&scioq=%22waist+circumference%22+nigeria&hl=en&as_sdt=0,5&as_ylo=2017&as_yhi=2017&as_vis=1"
4,"JC Tapia-Rivera, LM Baltazar-Rodríguez…","Polimorfismo rs4285184 del gen MGAT1 como factor de riesgo de obesidad en la población mexicana",2017,"Medicina clínica","Elsevier","https://www.sciencedirect.com/science/article/pii/S0025775316305085","https://scholar.google.com/scholar?cites=2168101920413186984&as_sdt=2005&sciodt=0,5&hl=en",792,"2021-07-17 21:08:35","","","","",,,,,4,1.00,1,3,4,"… En nuestro estudio de la población mexicana, el polimorfismo rs4285184 del gen MGAT1 estuvo presente con una frecuencia alélica inferior (49,19%), en comparación a una población de Nigeria (75,8%) 14 ; fue superior a la reportada en Grecia (30,3%) y Suecia (27%) 7 y …","https://dialnet.unirioja.es/servlet/articulo?codigo=5812923","https://scholar.google.com/scholar?q=related:qPsRozWlFh4J:scholar.google.com/&scioq=%22waist+circumference%22+nigeria&hl=en&as_sdt=0,5&as_ylo=2017&as_yhi=2017&as_vis=1"
0,"M ABDULLAHI","CLINICAL PROFILE AND LABORATORY CORRELATES OF DEEP VENOUS THROMBOSIS: THE PREDICTABILITY OF POINT OF CARE DDIMER TESTING …",2017,"Faculty of INTERNAL MEDICINE","dissertation.npmcn.edu.ng","http://dissertation.npmcn.edu.ng/index.php/FMCP/article/download/394/797","",793,"2021-07-17 21:08:35","PDF","","","",,,,,0,0.00,0,1,4,"… 42-60% risk.4,5,6,7,12,14,15,31 DVT in CVD patients in a tertiary centre in Northeastern Nigeria was found to be … 3-fold increase in DVT and PE.3,4,5,6,28 Likewise, waist circumference and waist-hip ratio has been found to …","http://dissertation.npmcn.edu.ng/index.php/FMCP/article/download/394/797","https://scholar.google.com/scholar?q=related:1-w1N4qUQpMJ:scholar.google.com/&scioq=%22waist+circumference%22+nigeria&hl=en&as_sdt=0,5&as_ylo=2017&as_yhi=2017&as_vis=1"
5,"A Ozenoglu, P Sokulmez Kaya…","The relationship of knowledge and breastfeeding practice to maternal BMI",2017,"Ecology of food and …","Taylor & Francis","https://www.tandfonline.com/doi/abs/10.1080/03670244.2016.1275604","https://scholar.google.com/scholar?cites=13914330054402744392&as_sdt=2005&sciodt=0,5&hl=en",794,"2021-07-17 21:08:35","","10.1080/03670244.2016.1275604","","",,,,,5,1.25,2,3,4,"… Height, weight, and waist circumference of each mother were measured by the researchers … According to a study carried out in Nigeria, the proportion of children who were provided with breast milk within the first hour of birth was 34.7% (Berde and Yalcin 2016) …","https://www.researchgate.net/profile/Pinar-Sokulmez-Kaya/publication/312612188_The_Relationship_of_Knowledge_and_Breastfeeding_Practice_to_Maternal_BMI/links/59eef50c0f7e9b369575cac0/The-Relationship-of-Knowledge-and-Breastfeeding-Practice-to-Maternal-BMI.pdf","https://scholar.google.com/scholar?q=related:SKA3lHahGcEJ:scholar.google.com/&scioq=%22waist+circumference%22+nigeria&hl=en&as_sdt=0,5&as_ylo=2017&as_yhi=2017&as_vis=1"
0,"PNA Bortie","Comparison of Glycated Albumin and Glycated Hemoglobin levels in the management of type 2 diabetic patients in the Tema Metropolis of Ghana.",2017,"","ir.knust.edu.gh","http://ir.knust.edu.gh/handle/123456789/10164","",795,"2021-07-17 21:08:35","","","","",,,,,0,0.00,0,1,4,"… TG: Total triglyceride TGH Tema General Hospital T2DM: Type2 Diabetes Mellitus VLDL: Very low density lipoprotein WHO: World Health Organization WHR: Waist to Hip Ratio WC: Waist Circumference Page 15. 1 CHAPTER 1 INTRODUCTION 1.1 General Introduction …","http://ir.knust.edu.gh/bitstream/123456789/10164/1/MPHIL%20THESIS%20FOR%20SUBMISSION%20after%20Defense--PATIENCE%20%20%20OKINE%20UPDATED.pdf","https://scholar.google.com/scholar?q=related:uouAnu437DUJ:scholar.google.com/&scioq=%22waist+circumference%22+nigeria&hl=en&as_sdt=0,5&as_ylo=2017&as_yhi=2017&as_vis=1"
1,"RP Silva, EF Sperandio, AC Matheus…","Use of combined method, accelerometer and international physical activity questionnaire, to determinate occurence of physical inactivity in adults",2017,"Motriz: Revista de …","SciELO Brasil","https://www.scielo.br/j/motriz/a/QFZCKmGBfqKMkNgVykq5YgP/abstract/?lang=en","https://scholar.google.com/scholar?cites=7303422210122888839&as_sdt=2005&sciodt=0,5&hl=en",796,"2021-07-17 21:08:35","","","","",,,,,1,0.25,0,4,4,"… Oyeyemi et al. 40 40 Oyeyemi AL, Umar M, Oguche F, Aliyu SU, Oyeyemi AY. Accelerometer- determined physical activity and its comparison with the International Physical Activity Questionnaire in a sample of Nigerian adults. PLoS One. 2014;9(1):e87233 …","https://www.scielo.br/j/motriz/a/QFZCKmGBfqKMkNgVykq5YgP/?lang=en&format=html","https://scholar.google.com/scholar?q=related:h7YSD873WmUJ:scholar.google.com/&scioq=%22waist+circumference%22+nigeria&hl=en&as_sdt=0,5&as_ylo=2017&as_yhi=2017&as_vis=1"
8,"J Deloumeaux, S Gaumond, B Bhakkan…","Incidence, mortality and receptor status of breast cancer in African Caribbean women: Data from the cancer registry of Guadeloupe",2017,"Cancer …","Elsevier","https://www.sciencedirect.com/science/article/pii/S1877782117300048","https://scholar.google.com/scholar?cites=5694737929218000726&as_sdt=2005&sciodt=0,5&hl=en",797,"2021-07-17 21:08:35","","","","",,,,,8,2.00,2,4,4,"JavaScript is disabled on your browser. Please enable JavaScript to use all the features on this page. Skip to main content Skip to article …","","https://scholar.google.com/scholar?q=related:Vof7f_nFB08J:scholar.google.com/&scioq=%22waist+circumference%22+nigeria&hl=en&as_sdt=0,5&as_ylo=2017&as_yhi=2017&as_vis=1"
0,"T Maneerattanasuporn","Maternal Diabetes, Related Biomarkers and Genes, and Risk of Orofacial Clefts",2017,"","search.proquest.com","https://search.proquest.com/openview/970b3096aba1cc6984b23e65d796f325/1?pq-origsite=gscholar&cbl=18750","",798,"2021-07-17 21:08:35","BOOK","","","",,,,,0,0.00,0,1,4,"… Uganda (0.75 per 1000 births in 1968), Kenya (1.65 per 1000 births during 1963-1964), South Africa (0.33 per 1000 births during 1983-1984), Nigeria (0.3 per 1000 births … during 2002-2006 (14), 0.5 per 1000 births for Nigeria during 2006-2010 (15), 0.63 per …","https://digitalcommons.usu.edu/cgi/viewcontent.cgi?article=7297&context=etd","https://scholar.google.com/scholar?q=related:rYFUHPNovgsJ:scholar.google.com/&scioq=%22waist+circumference%22+nigeria&hl=en&as_sdt=0,5&as_ylo=2017&as_yhi=2017&as_vis=1"
0,"آرمان فر, وحدتی, زارع پور, افتخاری…","ارتباط نسبت انگشت دوم به چهارم با برخی شاخص‌های آنتروپومتریک و مرتبط با سلامتی و عملکرد جسمانی در دانشجویان پسر و دختر فعال و غیرفعال‎",,"… کاربردی تندرستی در …, 2017‎","iranjournals.nlai.ir","https://iranjournals.nlai.ir/handle/123456789/293930","",799,"2021-07-17 21:08:35","","","","",,,,,0,0.00,0,5,,"… Anthropometric characteristics of subjects (Bilateral digit), Waist circumference, abdominal circumference and performance indicators including upper extremity muscular endurance (modified pull up test), cardiovascular fitness (1600 m running), abdominal muscular endurance …","https://iranjournals.nlai.ir/bitstream/handle/123456789/293930/8F9BE1D4F3E36AF9FD9A2D6850C51946.pdf?sequence=-1&isAllowed=y","https://scholar.google.com/scholar?q=related:NnzAQbW-rgQJ:scholar.google.com/&scioq=%22waist+circumference%22+nigeria&hl=en&as_sdt=0,5&as_ylo=2017&as_yhi=2017&as_vis=1"
0,"G Achmat","Coronary artery disease risk factors among fire-fighters in the Western Cape Province",2017,"","etd.uwc.ac.za","https://etd.uwc.ac.za/handle/11394/6294","",800,"2021-07-17 21:08:35","","","","",,,,,0,0.00,0,1,4,"Page 1. THESIS TITLE Coronary artery disease risk factors among fire-fighters in the Western Cape Province Student: Ghaleelullah Achmat Student Number: 2542036 A thesis submitted in fulfilment of the requirements for the degree of Magister Artium in Biokinetics …","https://etd.uwc.ac.za/bitstream/handle/11394/6294/Achmat_MA_CHS_2017.pdf?sequence=1&isAllowed=y","https://scholar.google.com/scholar?q=related:osb-LSKNKg8J:scholar.google.com/&scioq=%22waist+circumference%22+nigeria&hl=en&as_sdt=0,5&as_ylo=2017&as_yhi=2017&as_vis=1"
0,"R Menash","Association Between Arterial Stiffness And Circulating Adipokines In Patients With Systemic Lupus Erythematosus In Ghana",2017,"","ugspace.ug.edu.gh","http://ugspace.ug.edu.gh/handle/123456789/23185","",801,"2021-07-17 21:08:35","","","","",,,,,0,0.00,0,1,4,"… VSMC Vascular smooth muscle cell WC Waist Circumference WHR Waist to Hip Ratio … Africans, as follows, in South Africa by Dessein et al., 1988 and Tikly et al., 2008 (Dessein, Gledhill, & Rossouw, 1998; Tikly & Navarra, 2008); Adelowo et al., 2009 (Nigeria) (Adelowo …","http://ugspace.ug.edu.gh/bitstream/handle/123456789/23185/Association%20Between%20Arterial%20Stiffness%20And%20Circulating%20Adipokines%20In%20Patients%20With%20Systemic%20Lupus%20Erythematosus%20In%20Ghana.pdf?sequence=1&isAllowed=y","https://scholar.google.com/scholar?q=related:F0D1cdmNbyUJ:scholar.google.com/&scioq=%22waist+circumference%22+nigeria&hl=en&as_sdt=0,5&as_ylo=2017&as_yhi=2017&as_vis=1"
0,"EV Kintoki, JR M'buyamba-Kabangu","FB Lepira1, CMB Mpembe2, FIN Mbutiwi1, 3, JR Makulo1, PK Kayembe4, FM Kajingulu1",2017,"World Journal of Cardiovascular …","scirp.org","https://www.scirp.org/pdf/wjcd_2017042715402560.pdf","",802,"2021-07-17 21:08:35","PDF","","","",,,,,0,0.00,0,2,4,"… normal kidney function M, male F, female DHT, duration of hypertension BMI, body mass index WC, waist circumference SBP, systolic … Akintomide, AO (2013) Assessment of Voltage Criteria for Left Ventricular Hypertrophy in Adult Hypertensives in Southern-Western Nigeria …","https://www.scirp.org/pdf/wjcd_2017042715402560.pdf","https://scholar.google.com/scholar?q=related:kQrNTahwcO4J:scholar.google.com/&scioq=%22waist+circumference%22+nigeria&hl=en&as_sdt=0,5&as_ylo=2017&as_yhi=2017&as_vis=1"
3,"KH Yao, MC Guehi, SD Konan, SP Diopoh…","Prevalence and risk factors for chronic kidney disease in general population of Yopougon (Côte d'ivoire); a cross-sectional study",2017,"Journal of Renal Injury …","journalrip.com","http://journalrip.com/Article/jrip-463","https://scholar.google.com/scholar?cites=2034119655876898816&as_sdt=2005&sciodt=0,5&hl=en",803,"2021-07-17 21:08:35","","","","",,,,,3,0.75,1,5,4,"… Burden of obesity in essential hypertension: pattern and prevalence. Nigerian Journal of Clinical Practice … Waist circumference, body mass index, and ESRD in the REGARDS (Reasons for Geographic and Racial Differences in Stroke) Study. Am J Kidney Dis …","http://journalrip.com/PDF/jrip-7-2.pdf","https://scholar.google.com/scholar?q=related:ALAuvwylOhwJ:scholar.google.com/&scioq=%22waist+circumference%22+nigeria&hl=en&as_sdt=0,5&as_ylo=2017&as_yhi=2017&as_vis=1"
2,"R Bahramsoltani, MH Farzaei, R Rahimi","Herbal remedies for atherosclerosis: From back to the future",2017,"Cardiovasc Dis","books.google.com","https://books.google.com/books?hl=en&lr=&id=Wl49DwAAQBAJ&oi=fnd&pg=PA188&dq=%22waist+circumference%22+nigeria&ots=NxTWAohCUy&sig=YzXCAU8HV5v006tP-U6gDJO2ti4","https://scholar.google.com/scholar?cites=1859180420213343865&as_sdt=2005&sciodt=0,5&hl=en",804,"2021-07-17 21:08:35","","","","",,,,,2,0.50,1,3,4,"… chlorantha, Cassia siamea, Loranthus Nigeria: Enantia chlorantha, Cassia siamea, Loranthus micranthus, Ixora coccinea s na, Strychnos spinosa schimperi, Ajuga … parallel trial in hypercholesterolemic patients 6 w 166 100 g-↓ TC, LDL-C & waist circumference [212] Berberis …","","https://scholar.google.com/scholar?q=related:eYYt6L0izRkJ:scholar.google.com/&scioq=%22waist+circumference%22+nigeria&hl=en&as_sdt=0,5&as_ylo=2017&as_yhi=2017&as_vis=1"
9,"PS Shu, YM Chan, SL Huang","Higher body mass index and lower intake of dairy products predict poor glycaemic control among type 2 diabetes patients in Malaysia",2017,"PloS one","journals.plos.org","https://journals.plos.org/plosone/article?id=10.1371/journal.pone.0172231","https://scholar.google.com/scholar?cites=5614723223631899414&as_sdt=2005&sciodt=0,5&hl=en",805,"2021-07-17 21:08:35","HTML","","","",,,,,9,2.25,3,3,4,"This cross-sectional study was designed to determine factors contributing to glyceamic control in order to provide better understanding of diabetes management among Type 2 Diabetes patients. A pre-tested structured questionnaire was used to obtain information on socio-demographic …","https://journals.plos.org/plosone/article?id=10.1371/journal.pone.0172231","https://scholar.google.com/scholar?q=related:Fiu3GAaB600J:scholar.google.com/&scioq=%22waist+circumference%22+nigeria&hl=en&as_sdt=0,5&as_ylo=2017&as_yhi=2017&as_vis=1"
0,"NT Rahmawati, J Hastuti, RA Suriyanto","Research Article Relationship Between Somatotype and Age at Menarche Among Adolescent Girls in Yogyakarta Province, Indonesia",2017,"","researchgate.net","https://www.researchgate.net/profile/Neni-Rahmawati/publication/316435622_Relationship_Between_Somatotype_and_Age_at_Menarche_Among_Adolescent_Girls_in_Yogyakarta_Province_Indonesia/links/5b4ee86faca27217ff9f0c6c/Relationship-Between-Somatotype-and-Age-at-Menarche-Among-Adolescent-Girls-in-Yogyakarta-Province-Indonesia.pdf","",806,"2021-07-17 21:08:35","PDF","","","",,,,,0,0.00,0,3,4,"… Lee et al.8 also reported that menarcheal age exhibits a positive relationship with height and in inverse relationship with Body Mass Index (BMI) and waist circumference in late adolescent girls (16-18 years old … Age at menarche among school girls in Sokoto, Northern Nigeria …","https://www.researchgate.net/profile/Neni-Rahmawati/publication/316435622_Relationship_Between_Somatotype_and_Age_at_Menarche_Among_Adolescent_Girls_in_Yogyakarta_Province_Indonesia/links/5b4ee86faca27217ff9f0c6c/Relationship-Between-Somatotype-and-Age-at-Menarche-Among-Adolescent-Girls-in-Yogyakarta-Province-Indonesia.pdf","https://scholar.google.com/scholar?q=related:L2CaXQquOl4J:scholar.google.com/&scioq=%22waist+circumference%22+nigeria&hl=en&as_sdt=0,5&as_ylo=2017&as_yhi=2017&as_vis=1"
39,"L Elizondo-Montemayor, C Hernández-Escobar…","Gynecologic and obstetric consequences of obesity in adolescent girls",2017,"Journal of pediatric and …","Elsevier","https://www.sciencedirect.com/science/article/pii/S1083318816001820","https://scholar.google.com/scholar?cites=2844049721418978349&as_sdt=2005&sciodt=0,5&hl=en",807,"2021-07-17 21:08:35","","","","",,,,,39,9.75,13,3,4,"","https://www.researchgate.net/profile/Leticia-Elizondo-Montemayor/publication/295683459_Gynecologic_and_Obstetric_Consequences_of_Obesity_in_Adolescent_Girls/links/5d14cec0299bf1547c832162/Gynecologic-and-Obstetric-Consequences-of-Obesity-in-Adolescent-Girls.pdf","https://scholar.google.com/scholar?q=related:LRS6OCcYeCcJ:scholar.google.com/&scioq=%22waist+circumference%22+nigeria&hl=en&as_sdt=0,5&as_ylo=2017&as_yhi=2017&as_vis=1"
16,"SH Czyż, AL Toriola, W Starościak…","Physical Fitness, Physical Activity, Sedentary Behavior, or Diet—What Are the Correlates of Obesity in Polish School Children?",2017,"International journal of …","mdpi.com","https://www.mdpi.com/204040","https://scholar.google.com/scholar?cites=16760315849486786396&as_sdt=2005&sciodt=0,5&hl=en",808,"2021-07-17 21:08:35","","","","",,,,,16,4.00,4,4,4,"… 5. Department of Physiotherapy, College of Medical Sciences, University of Maiduguri, Maiduguri PMB 1069, Nigeria. *. Author to whom … The study also showed that 30% of Polish children had waist circumference measurements above the international cardiovascular risk …","https://www.mdpi.com/1660-4601/14/6/664/pdf","https://scholar.google.com/scholar?q=related:XF8CFHeamOgJ:scholar.google.com/&scioq=%22waist+circumference%22+nigeria&hl=en&as_sdt=0,5&as_ylo=2017&as_yhi=2017&as_vis=1"
0,"CL Marchena Agapito, SI Urcia Osorio","Impacto del Índice de Masa Corporal (IMC) con los niveles de Antígeno Prostático Específico (PSA): Revisón sistemática y Meta-análisis",2017,"","repositorioacademico.upc.edu.pe","https://repositorioacademico.upc.edu.pe/handle/10757/621842","",809,"2021-07-17 21:08:35","","","","",,,,,0,0.00,0,2,4,"… association was not observed in Nigerian population. Conclusion: The results of 12 … En la población de Nigeria, esta relación inversamente proporcional entre el IMC y el PSA no se mantiene. Por … Effect of Body Mass Index and Waist Circumference on Prostate …","https://repositorioacademico.upc.edu.pe/bitstream/handle/10757/621842/Marchena_AC.pdf?sequence=5","https://scholar.google.com/scholar?q=related:sM5QyeOMuBIJ:scholar.google.com/&scioq=%22waist+circumference%22+nigeria&hl=en&as_sdt=0,5&as_ylo=2017&as_yhi=2017&as_vis=1"
0,"V Bhayana, OZ Ismail","ASYMPTOMATIC HYPERPHOSPHATASEMIA THREE MONTHS FOLLOWING PEDIATRIC LIVER TRANSPLANTATION",,"degruyter.com","","https://www.degruyter.com/document/doi/10.1515/cclm-2017-7063/html","",810,"2021-07-17 21:08:35","","10.1515/cclm-2017-7063","","",,,,,0,0.00,0,2,,"… FACULTY OF MEDICINE, COLLEGE OF HEALTH SCIENCES, NNAMDI AZIKIWE UNIVERSITY, NNEWI CAMPUS, ANAMBRA STATE , NIGERIA … T058 Miscellaneous PLASMA APOLIPOPROTEIN B AND LDL-C EQUIVALENCE AMONG HEALTHY NIGERIAN POPULATION O …","",""
1,"FR Kutu, SM Magongwa","Effect of pre-treatment and preservation methods on the nutritional quality of bitter gourd leaves from two different sources",2017,"Research on Crops","indianjournals.com","https://www.indianjournals.com/ijor.aspx?target=ijor:rcr&volume=18&issue=4&article=015","https://scholar.google.com/scholar?cites=5689073213535644027&as_sdt=2005&sciodt=0,5&hl=en",811,"2021-07-17 21:08:35","","","","",,,,,1,0.25,1,2,4,"… The low fat level, therefore, qualifies the leaves as healthy food source due to its potential ability to reduce body weight and waist circumference (Hu et al., 2012 … Phytochemical, nutritional and medicinal properties of some leafy vegetables consumed by Edo people of Nigeria …","https://www.researchgate.net/profile/Funso-Kutu/publication/322429779_Effect_of_pre-treatment_and_preservation_methods_on_the_nutritional_quality_of_bitter_gourd_leaves_from_two_different_sources/links/5b0060354585154aeb052411/Effect-of-pre-treatment-and-preservation-methods-on-the-nutritional-quality-of-bitter-gourd-leaves-from-two-different-sources.pdf","https://scholar.google.com/scholar?q=related:e2n7GfKl804J:scholar.google.com/&scioq=%22waist+circumference%22+nigeria&hl=en&as_sdt=0,5&as_ylo=2017&as_yhi=2017&as_vis=1"
0,"M Arday","Perception And Stigmitization Associated With Overweight And Obesity Among Women At Kaneshie Market",2017,"","ugspace.ug.edu.gh","http://ugspace.ug.edu.gh/handle/123456789/23511","",812,"2021-07-17 21:08:35","","","","",,,,,0,0.00,0,1,4,"… 2000). The waist to hip ratio (ie the Waist circumference divided by the hip circumference) was suggested as an additional measure of how body fat is distributed … (Geodedcke, 2005). In Nigeria, it is estimated that about 6-8% of the population is obese (Luke et al., 2009) …","http://ugspace.ug.edu.gh/bitstream/handle/123456789/23511/Perception%20and%20Stigmitization%20Associated%20With%20Overweight%20and%20Obesity%20among%20Women%20At%20Kaneshie%20Market.pdf?sequence=1","https://scholar.google.com/scholar?q=related:3qDM0OZlQQMJ:scholar.google.com/&scioq=%22waist+circumference%22+nigeria&hl=en&as_sdt=0,5&as_ylo=2017&as_yhi=2017&as_vis=1"
0,"ZM DANJA","DETERMINANTS OF HEALTH-RELATED QUALITY OF LIFE AMONG PATIENTS WITH KNEE OSTEOARTHRITIS AND CONTROLS: A COMPARATIVE …",2017,"Faculty of Family Medicine","dissertation.npmcn.edu.ng","http://www.dissertation.npmcn.edu.ng/index.php/FMCFM/article/download/214/1847","",813,"2021-07-17 21:08:35","PDF","","","",,,,,0,0.00,0,1,4,"… and life expectancy increases. Community based prevalence study of knee OA among people greater than 40 years in Igbo-Ora, a rural community in southwestern Nigeria estimated Osteoarthritis to be 21.4 … this Nigerian rural community has symptomatic knee OA.2 …","http://www.dissertation.npmcn.edu.ng/index.php/FMCFM/article/download/214/1847","https://scholar.google.com/scholar?q=related:JOxpI8GKCFQJ:scholar.google.com/&scioq=%22waist+circumference%22+nigeria&hl=en&as_sdt=0,5&as_ylo=2017&as_yhi=2017&as_vis=1"
0,"MA Sadek, SF Darwish, A Abd El-Rahman…","Impact of Different Dietary Components on Some Adipocytokines in Association with Obesity Related Metabolic Disorders Induced in Rats",2017,"Journal of Applied Life …","journaljalsi.com","http://www.journaljalsi.com/index.php/JALSI/article/view/6558","",814,"2021-07-17 21:08:35","","","","",,,,,0,0.00,0,4,4,"… Malaysia. Reviewers: (1) Wagih Mommtaz Ghannam, Mansoura University, Egypt. (2) Egwurugwu Jude Nnabuife, Imo State University, Nigeria. Complete Peer review History: http://www.sciencedomain.org/review-history/17338 …","http://www.journaljalsi.com/index.php/JALSI/article/download/6558/11653","https://scholar.google.com/scholar?q=related:DaEtktm-AM8J:scholar.google.com/&scioq=%22waist+circumference%22+nigeria&hl=en&as_sdt=0,5&as_ylo=2017&as_yhi=2017&as_vis=1"
3,"S Moxon","ONLY MALE GENITAL MODIFICATION IS'CONTROL'; THE FEMALE FORM IS COMPETITION BY WOMEN.",2017,"New Male Studies","researchgate.net","https://www.researchgate.net/profile/Steve-Moxon/publication/330467461_ONLY_MALE_GENITAL_MODIFICATION_IS_'CONTROL'_THE_FEMALE_FORM_IS_COMPETITION_BY_WOMEN_short_title_Only_Male_Genital_Modification_is_a_Form_of_Control_its_Female_Counterpart_Originated_as_a_Female-Initia/links/5c418662a6fdccd6b5b59674/ONLY-MALE-GENITAL-MODIFICATION-IS-CONTROL-THE-FEMALE-FORM-IS-COMPETITION-BY-WOMEN-short-title-Only-Male-Genital-Modification-is-a-Form-of-Control-its-Female-Counterpart-Originated-as-a-Female-Initiate.pdf","https://scholar.google.com/scholar?cites=8746163993918680968&as_sdt=2005&sciodt=0,5&hl=en",815,"2021-07-17 21:08:35","PDF","","","",,,,,3,0.75,3,1,4,"Page 1. 126 NEW MALE STUDIES: AN INTERNATIONAL JOURNAL ~ ISSN 1839-7816 ~ Vol 6, Issue 2, 2017, Page 126 – 166 © 2017 AUSTRALIAN INSTITUTE OF MALE HEALTH AND STUDIES. ONLY MALE GENITAL MODIFICATION IS 'CONTROL'; …","https://www.researchgate.net/profile/Steve-Moxon/publication/330467461_ONLY_MALE_GENITAL_MODIFICATION_IS_'CONTROL'_THE_FEMALE_FORM_IS_COMPETITION_BY_WOMEN_short_title_Only_Male_Genital_Modification_is_a_Form_of_Control_its_Female_Counterpart_Originated_as_a_Female-Initia/links/5c418662a6fdccd6b5b59674/ONLY-MALE-GENITAL-MODIFICATION-IS-CONTROL-THE-FEMALE-FORM-IS-COMPETITION-BY-WOMEN-short-title-Only-Male-Genital-Modification-is-a-Form-of-Control-its-Female-Counterpart-Originated-as-a-Female-Initiate.pdf","https://scholar.google.com/scholar?q=related:iK_VNNCdYHkJ:scholar.google.com/&scioq=%22waist+circumference%22+nigeria&hl=en&as_sdt=0,5&as_ylo=2017&as_yhi=2017&as_vis=1"
0,"RO Igomu","Glycaemic Indices of Maize, Acha, Wheat and Oat in Wistar Rats",2017,"","dspace.unn.edu.ng","http://www.dspace.unn.edu.ng/handle/123456789/4843","",816,"2021-07-17 21:08:35","","","","",,,,,0,0.00,0,1,4,"… Acha and Elkris super oat) tested in this study were selected to represent the nutritional variability that adult Nigerians consume. The prevalence of chronic diseases such as coronary heart diseases, obesity and diabetes in Nigeria are high and hence the GI of these commonly …","http://www.dspace.unn.edu.ng/bitstream/handle/123456789/4843/IGOMU%2C%20ROBERT%20OCHEKAWO.pdf?sequence=1&isAllowed=y","https://scholar.google.com/scholar?q=related:49MqVlPSi88J:scholar.google.com/&scioq=%22waist+circumference%22+nigeria&hl=en&as_sdt=0,5&as_ylo=2017&as_yhi=2017&as_vis=1"
0,"G Atanasova, P Yordanova-Laleva, M Marinov…","NEW APPROACH FOR DIAGNOSTICATION OF METABOLIC SYNDROME",,"degruyter.com","","https://www.degruyter.com/document/doi/10.1515/cclm-2017-7062/html","",817,"2021-07-17 21:08:35","","10.1515/cclm-2017-7062","","",,,,,0,0.00,0,4,,"… Existing data on fasting blood glucose, lipid profile, blood pressure, waist circumference and body mass index (BMI) as well as … 1, SJ Offor 1, CAO Usoro 1 1Unit of Chemical Pathlogy, Department of Medical Laboratory Science, University of Calabar, Cross River State, Nigeria …","",""
4,"P Hu, T Wu, F Zhang, Y Zhang, L Lu, H Zeng…","Association between eating out and socio-demographic factors of university students in Chongqing, China",2017,"International journal of …","mdpi.com","https://www.mdpi.com/233896","https://scholar.google.com/scholar?cites=8775502523401660652&as_sdt=2005&sciodt=0,5&hl=en",818,"2021-07-17 21:08:35","","","","",,,,,4,1.00,1,7,4,"(1) Objective: We aimed to explore the current situation of eating out and the association with socio-demographic factors of university students in Chongqing, China. (2) Methods: We used self-administered questionnaires to collect information. There are 14 universities in Chongqing …","https://www.mdpi.com/1660-4601/14/11/1322/pdf","https://scholar.google.com/scholar?q=related:7Gjm6AzZyHkJ:scholar.google.com/&scioq=%22waist+circumference%22+nigeria&hl=en&as_sdt=0,5&as_ylo=2017&as_yhi=2017&as_vis=1"
1,"GA CANEVASSI, MSS FERNANDES, LL ARAÚJO…","Associação entre obesidade central eo perfil glicêmico de pacientes acompanhados no ambulatório de nutrição em um hospital escola de Pernambuco",2017,"","tcc.fps.edu.br","http://tcc.fps.edu.br/handle/fpsrepo/150","https://scholar.google.com/scholar?cites=10929727225522633001&as_sdt=2005&sciodt=0,5&hl=en",819,"2021-07-17 21:08:35","","","","",,,,,1,0.25,0,4,4,"… 5. POULIOT, MC et al. Waist circumference and abdominal sagittal diameter: Best simple anthropometrics indexes of abdominal visceral adipose tissue … Rapid increases in obesity in Jamaica, compared to Nigeria and the United States. BMC Public Health. 2008;8:133. 10 …","http://tcc.fps.edu.br/jspui/bitstream/fpsrepo/150/1/TCC.pdf","https://scholar.google.com/scholar?q=related:KTkx4QAxrpcJ:scholar.google.com/&scioq=%22waist+circumference%22+nigeria&hl=en&as_sdt=0,5&as_ylo=2017&as_yhi=2017&as_vis=1"
0,"JCM TANG","Studies on the Vitamin C transporter gene SLC23A2 and cardiac conduction",2017,"","unsworks.unsw.edu.au","http://unsworks.unsw.edu.au/fapi/datastream/unsworks:46543/SOURCE02?view=true","",820,"2021-07-17 21:08:35","PDF","","","",,,,,0,0.00,0,1,4,"Page 1. 1 Studies on the Vitamin C transporter gene SLC23A2 and cardiac conduction Joyce Chi Man TANG A thesis in fulfilment of the requirements for the degree of Master of Science (Research) Rural Clinical School Faculty of Medicine May 2017 Page 2 …","http://unsworks.unsw.edu.au/fapi/datastream/unsworks:46543/SOURCE02?view=true","https://scholar.google.com/scholar?q=related:_Zdjzkxk89cJ:scholar.google.com/&scioq=%22waist+circumference%22+nigeria&hl=en&as_sdt=0,5&as_ylo=2017&as_yhi=2017&as_vis=1"
2,"B Büyükakın","Erişkinlerde obezite tanı ve izleminde kullanılan iki farklı yöntemin uyumunun değerlendirilmesi",2017,"","acikerisim.pau.edu.tr","http://acikerisim.pau.edu.tr/xmlui/handle/11499/1889","https://scholar.google.com/scholar?cites=9569109666474536250&as_sdt=2005&sciodt=0,5&hl=en",821,"2021-07-17 21:08:35","","","","",,,,,2,0.50,2,1,4,"… necessity of VYY measurements is understood. In cases where VYY is not measured, it is more accurate to evaluate both VKI and waist circumference in both women and men. Key words: Obesity, body fat percentage, body mass index. Page 12. 1 GİRİŞ …","http://acikerisim.pau.edu.tr/xmlui/bitstream/handle/11499/1889/Bekir%20B%C3%BCy%C3%BCkak%C4%B1n.pdf?sequence=1&isAllowed=y","https://scholar.google.com/scholar?q=related:Oq341opOzIQJ:scholar.google.com/&scioq=%22waist+circumference%22+nigeria&hl=en&as_sdt=0,5&as_ylo=2017&as_yhi=2017&as_vis=1"
0,"EA Ezeokeke","Effects of Di-N-Butylphthalate on the Liver, Kidney and Testes of Adult Male Albino Wistar Rats.",2017,"","repository.unn.edu.ng","http://repository.unn.edu.ng/handle/123456789/4083","",822,"2021-07-17 21:08:35","","","","",,,,,0,0.00,0,1,4,"… OF DEPARTMENT OF MEDICAL LABORATORY SCIENCES, FACULTY OF HEALTH SCIENCES AND TECHNOLOGY, COLLEGE OF MEDICINE, UNIVERSITY OF NIGERIA, ENUGU CAMPUS … Sciences and Technology, University of Nigeria, Enugu Campus, under …","http://repository.unn.edu.ng/bitstream/handle/123456789/4083/Ezeokeke,%20Eunice%20Azuka.pdf?sequence=1","https://scholar.google.com/scholar?q=related:nurHc9AiMe8J:scholar.google.com/&scioq=%22waist+circumference%22+nigeria&hl=en&as_sdt=0,5&as_ylo=2017&as_yhi=2017&as_vis=1"
2,"A Chow, YS Leo","Surveillance of disease: Overview",2017,"International encyclopedia of public health","ncbi.nlm.nih.gov","https://www.ncbi.nlm.nih.gov/pmc/articles/PMC7149774/","https://scholar.google.com/scholar?cites=10931259956067912367&as_sdt=2005&sciodt=0,5&hl=en",823,"2021-07-17 21:08:35","HTML","","","",,,,,2,0.50,1,2,4,"… in December 2013 spread extensively to Liberia and Sierra Leone and caused a small outbreak in Nigeria and several … use, alcohol consumption, physical activity, and fruit and vegetable intake); step 2 – physical measurements (height, weight, waist circumference, and blood …","https://www.ncbi.nlm.nih.gov/pmc/articles/PMC7149774/","https://scholar.google.com/scholar?q=related:r0rhhAOjs5cJ:scholar.google.com/&scioq=%22waist+circumference%22+nigeria&hl=en&as_sdt=0,5&as_ylo=2017&as_yhi=2017&as_vis=1"
10,"NJ Madise, G Letamo","Complex association between rural/urban residence, household wealth and women's overweight: evidence from 30 cross-sectional national household …",2017,"BMC obesity","Springer","https://link.springer.com/article/10.1186/s40608-016-0141-1","https://scholar.google.com/scholar?cites=13040567058279495791&as_sdt=2005&sciodt=0,5&hl=en",824,"2021-07-17 21:08:35","HTML","10.1186/s40608-016-0141-1","","",,,,,10,2.50,5,2,4,"… wealth was statistically significant (except for Sierra Leone). The countries in this group were: Benin, Lesotho, Mozambique, Nigeria, Rwanda, Sierra Leone, Swaziland, and Zimbabwe. For each additional amenity or asset that …","https://link.springer.com/article/10.1186/s40608-016-0141-1","https://scholar.google.com/scholar?q=related:b_hoyqVm-bQJ:scholar.google.com/&scioq=%22waist+circumference%22+nigeria&hl=en&as_sdt=0,5&as_ylo=2017&as_yhi=2017&as_vis=1"
0,"CJ Weale","Investigating the association between Leucocyte Telomere length and glucose intolerance",2017,"","etd.cput.ac.za","http://etd.cput.ac.za/handle/20.500.11838/2722","",825,"2021-07-17 21:08:35","","","","",,,,,0,0.00,0,1,4,"… TR - telomerase RNA component WC – waist circumference WHR – waist hip ratio … Africa regarding the issue (International Diabetes Federation, 2015). More than half of all DM- affected persons in Africa come from only 4 countries: Nigeria, Ethiopia, the United Republic of …","http://etd.cput.ac.za/bitstream/20.500.11838/2722/1/212194577-Weale-Cecil%20Jack-MSc-Biomedical-Sciences-HWSci-2018.pdf","https://scholar.google.com/scholar?q=related:gCTDvnLcHfYJ:scholar.google.com/&scioq=%22waist+circumference%22+nigeria&hl=en&as_sdt=0,5&as_ylo=2017&as_yhi=2017&as_vis=1"
0,"MC Berbigier, CR Magalhães","Nutrition education for university students and strategies for institutional health promotion: an integrative review",2017,"Revista Brasileira em Promocao …","periodicos.unifor.br","https://periodicos.unifor.br/RBPS/article/viewFile/5740/pdf_1","",826,"2021-07-17 21:08:35","PDF","","","",,,,,0,0.00,0,2,4,"… However, there were studies in 9 different countries (USA, Canada, Argentina, Colombia, India, Malaysia, Nigeria, Germany and Spain), covering 5 … with a mean age of 19 years conducted in American universities, high body mass index (BMI) and waist circumference (WC) were …","https://periodicos.unifor.br/RBPS/article/viewFile/5740/pdf_1","https://scholar.google.com/scholar?q=related:goC-GNfbGDsJ:scholar.google.com/&scioq=%22waist+circumference%22+nigeria&hl=en&as_sdt=0,5&as_ylo=2017&as_yhi=2017&as_vis=1"
0,"B Davidson","Patient outcomes in a PD First Program in Cape Town, South Africa",2017,"","open.uct.ac.za","https://open.uct.ac.za/handle/11427/27363","",827,"2021-07-17 21:08:35","","","","",,,,,0,0.00,0,1,4,"… rates for new PD programmes started within in the last 15 years.25,26 However in Nigeria the prohibitive personal cost of dialysis results in only 6.8% of the population … clinical characteristics and outcome of ESRD in Ile-Ife, Nigeria: is there a change in trend …","https://open.uct.ac.za/bitstream/handle/11427/27363/thesis_hsf_2017_davidson_bianca.pdf?sequence=1&isAllowed=y","https://scholar.google.com/scholar?q=related:kEYqOfuU7J4J:scholar.google.com/&scioq=%22waist+circumference%22+nigeria&hl=en&as_sdt=0,5&as_ylo=2017&as_yhi=2017&as_vis=1"
0,"T Madzaga","The prevalence of high blood pressure amongst the University of Venda academic staff, South Africa",2017,"","univendspace.univen.ac.za","https://univendspace.univen.ac.za/handle/11602/700","",828,"2021-07-17 21:08:35","","","","",,,,,0,0.00,0,1,4,"… HBP was associated with BMI (body mass index), waist circumference, age, lipids, and occupation category. The physicians had highest prevalence of HBP (Giurgiu, Bardac & raulea, 2013). A conducted study among university staff members in Nigeria, showed that they had …","https://univendspace.univen.ac.za/bitstream/handle/11602/700/Dissertation-Madzaga,t.-.pdf?sequence=1&isAllowed=n","https://scholar.google.com/scholar?q=related:zKX5kB0lDkoJ:scholar.google.com/&scioq=%22waist+circumference%22+nigeria&hl=en&as_sdt=0,5&as_ylo=2017&as_yhi=2017&as_vis=1"
3,"SI Hay","Burden of cardiovascular diseases in the eastern mediterranean region, 1990–2015: findings from the global burden of disease 2015 study",2017,"International Journal of Public Health","ora.ox.ac.uk","https://ora.ox.ac.uk/objects/uuid:2d45fb28-26e4-447f-9cf8-422941411dfd","https://scholar.google.com/scholar?cites=18229501485556290992&as_sdt=2005&sciodt=0,5&hl=en",829,"2021-07-17 21:08:35","","","","",,,,,3,0.75,3,1,4,"Page 1. ORIGINAL ARTICLE Burden of cardiovascular diseases in the Eastern Mediterranean Region, 1990–2015: findings from the Global Burden of Disease 2015 study GBD 2015 Eastern Mediterranean Region Cardiovascular Disease Collaborators • Ali H. Mokdad1 …","https://ora.ox.ac.uk/objects/uuid:2d45fb28-26e4-447f-9cf8-422941411dfd/download_file?file_format=pdf&safe_filename=GBD_EMR_Burden_cardiovascular_2017_provis.pdf&type_of_work=Journal+article","https://scholar.google.com/scholar?q=related:sNUJXwQz_PwJ:scholar.google.com/&scioq=%22waist+circumference%22+nigeria&hl=en&as_sdt=0,5&as_ylo=2017&as_yhi=2017&as_vis=1"
0,"TM Pedro","The association of nutrition on body composition and metabolic disease risk in rural South Africa children and adolescents",2017,"","core.ac.uk","https://core.ac.uk/download/pdf/188769708.pdf","",830,"2021-07-17 21:08:35","PDF","","","",,,,,0,0.00,0,1,4,"… Waist to hip ratio cut-offs of (WHR) >0.85 for females, >0.90 for males, waist to height ratio (WHtR) of >0.5 for both sexes, and waist circumference (WC) of >80 cm for fe … higher in females, abnormal waist circumference (WC) (6.7%), waist to hip ratio (WHR) …","https://core.ac.uk/download/pdf/188769708.pdf","https://scholar.google.com/scholar?q=related:CTUVEjwrZ3gJ:scholar.google.com/&scioq=%22waist+circumference%22+nigeria&hl=en&as_sdt=0,5&as_ylo=2017&as_yhi=2017&as_vis=1"
14,"SN Adebamowo, F Tekola-Ayele, AA Adeyemo…","Genomics of cardiometabolic disorders in Sub-Saharan Africa",2017,"Public Health …","karger.com","https://www.karger.com/Article/Abstract/468535","https://scholar.google.com/scholar?cites=14178220909765093193&as_sdt=2005&sciodt=0,5&hl=en",831,"2021-07-17 21:08:35","","","","",,,,,14,3.50,4,4,4,"… Between 2013 and 2100, the populations of 35 countries, most of them LMIC, could triple or more [1]. Among them, the populations of Burundi, Malawi, Mali, Niger, Nigeria, Somalia, Uganda, United Republic of Tanzania, and Zambia are projected to increase at least 5-fold by …","https://www.karger.com/Article/FullText/468535","https://scholar.google.com/scholar?q=related:SWeQScwow8QJ:scholar.google.com/&scioq=%22waist+circumference%22+nigeria&hl=en&as_sdt=0,5&as_ylo=2017&as_yhi=2017&as_vis=1"
0,"NP Ndlovu","Relationship between diet quality, nutrition status and academic performance of first and non-first generation university students in Durban",2017,"","openscholar.dut.ac.za","https://openscholar.dut.ac.za/handle/10321/2619","",832,"2021-07-17 21:08:35","","","","",,,,,0,0.00,0,1,4,"… 82 1. Weight 82 2. Height 82 • Waist Circumference 83 • Weight to Height Ratio 84 • Waist to Hip Ratio 85 • Mid Upper Arm Circumference … 96 b) Height 96 Page 11. x c) Waist Circumference 96 3.8.3. Dietary Intake 97 a) 24-hour recall 97 b) Food Frequency Questionnaire (FFQ) …","https://openscholar.dut.ac.za/bitstream/10321/2619/1/NDLOVU_NP_2017.pdf","https://scholar.google.com/scholar?q=related:1G5eraTUkSgJ:scholar.google.com/&scioq=%22waist+circumference%22+nigeria&hl=en&as_sdt=0,5&as_ylo=2017&as_yhi=2017&as_vis=1"
0,"M Riella","Shuchi Anand, Bernadette Thomas, Giuseppe Remuzzi, Miguel Riella, Meguid El Nahas, Saraladevi Naicker, and John Dirks",,"dcp-3.org","","http://dcp-3.org/sites/default/files/chapters/DCP3%20CVRD_Ch%2013.pdf","",833,"2021-07-17 21:08:35","PDF","","","",,,,,0,0.00,0,1,,"… analyses comparing RRT use with projected ESRD prevalence highlight a large disparity (Anand, Bitton, and Gaziano 2013; Liyanage and others 2015); fewer than 5 percent of patients projected to have ESRD actually access therapy in China, India, and Nigeria (Anand, Bitton …","http://dcp-3.org/sites/default/files/chapters/DCP3%20CVRD_Ch%2013.pdf","https://scholar.google.com/scholar?q=related:QModho8m8IsJ:scholar.google.com/&scioq=%22waist+circumference%22+nigeria&hl=en&as_sdt=0,5&as_ylo=2017&as_yhi=2017&as_vis=1"
0,"V Mbayo","Effects of a resistance exercise intervention programme on body composition, chronic disease risks and strength scores in people living with HIV and Aids (PLWHA) …",2017,"","ukzn-dspace.ukzn.ac.za","http://ukzn-dspace.ukzn.ac.za/handle/10413/17882","",834,"2021-07-17 21:08:35","","","","",,,,,0,0.00,0,1,4,"… WHR Waist-to-hip ratio WC Waist Circumference WHO World Health Organisation … (Compston, 2015). However, one study conducted in Nigeria noted a significant prevalence of osteopenia (47%) and osteoporosis (32%) among PLWHA (Alonge et al., 2013) …","http://ukzn-dspace.ukzn.ac.za/bitstream/handle/10413/17882/Mbayo_Victor_2017.pdf.pdf?sequence=1&isAllowed=y","https://scholar.google.com/scholar?q=related:GdKgH-D2T0MJ:scholar.google.com/&scioq=%22waist+circumference%22+nigeria&hl=en&as_sdt=0,5&as_ylo=2017&as_yhi=2017&as_vis=1"
0,"S Sarkar","Nutritional Status among the Dhimal Community of Naxalbari, West Bengal",2017,"","14.139.206.50","http://14.139.206.50:8080/jspui/bitstream/1/5463/1/Suman%20Sarkar-ANT.pdf","",835,"2021-07-17 21:08:35","PDF","","","",,,,,0,0.00,0,1,4,"… percent (Ogden et al., 2010). A study in low income areas of Southwest area of Nigeria by Afolabi et al … Among lower educational level, the average waist circumference of male was 2.9 cm which is much lesser then women (5.2 cm) (Hermann et al., 2011) …","http://14.139.206.50:8080/jspui/bitstream/1/5463/1/Suman%20Sarkar-ANT.pdf","https://scholar.google.com/scholar?q=related:oftjcGtNscEJ:scholar.google.com/&scioq=%22waist+circumference%22+nigeria&hl=en&as_sdt=0,5&as_ylo=2017&as_yhi=2017&as_vis=1"
86,"MF Hjorth, C Ritz, EE Blaak, WHM Saris…","Pretreatment fasting plasma glucose and insulin modify dietary weight loss success: results from 3 randomized clinical trials",2017,"… American journal of …","academic.oup.com","https://academic.oup.com/ajcn/article-abstract/106/2/499/4557634","https://scholar.google.com/scholar?cites=2828029474556182094&as_sdt=2005&sciodt=0,5&hl=en",836,"2021-07-17 21:08:35","","","","",,,,,86,21.50,17,5,4,"ABSTRACT. Background: Which diet is optimal for weight loss and maintenance remains controversial and implies that no diet fits all patients.Objective: We studi.","https://academic.oup.com/ajcn/article/106/2/499/4557634?login=true","https://scholar.google.com/scholar?q=related:Tn5B1dItPycJ:scholar.google.com/&scioq=%22waist+circumference%22+nigeria&hl=en&as_sdt=0,5&as_ylo=2017&as_yhi=2017&as_vis=1"
0,"LD Saraswati, DR Pangestuti, P Ginandjar","Turnitin: Tuberculosis Worsen the Nutritional Status of HIV Patients if Unsupported by Good Nutrition (A Cross Sectional Study at Pulmonary Diseases Center …",2017,"","eprints.undip.ac.id","http://eprints.undip.ac.id/79767/1/Tuberculosis_Worsen_The_Nutritional_Status_Of_Hiv_Patients_If_Unsupported_By_Good_Nutrition__A_Cross_Sectional_Study_At_Pulmonary_Diseases_Center_Semarang_City%2C_Indonesia.pdf","",837,"2021-07-17 21:08:35","PDF","","","",,,,,0,0.00,0,3,4,"… for diabetes mellitus (DM)so HIV patients on long-term Pl therapy with overweight(HOMA-Index, BMI, and waist circumference) and familial … and risk factors of undernutrition among antiretroviral-therapy-naive subjects aged under 5 years old in Makurdi, Nigeria: a retrospective …","http://eprints.undip.ac.id/79767/1/Tuberculosis_Worsen_The_Nutritional_Status_Of_Hiv_Patients_If_Unsupported_By_Good_Nutrition__A_Cross_Sectional_Study_At_Pulmonary_Diseases_Center_Semarang_City%2C_Indonesia.pdf","https://scholar.google.com/scholar?q=related:UuhKTBtGhHcJ:scholar.google.com/&scioq=%22waist+circumference%22+nigeria&hl=en&as_sdt=0,5&as_ylo=2017&as_yhi=2017&as_vis=1"
0,"AP Almeida","Avaliação do Programa de Atenção Nutricional em Indivíduos com Risco Cardiometabólico: PROCARDIO-UFV",2017,"","locus.ufv.br","https://www.locus.ufv.br/handle/123456789/27760","",838,"2021-07-17 21:08:35","","","","",,,,,0,0.00,0,1,4,"… In addition, between delta waist circumference and sum total (r = -496, p <0.05); (R = -0.600, p <0.05), and summation-Subcomponent … managers' perception of the primary health care management information system: a case of Bama Local Government in northern Nigeria …","https://www.locus.ufv.br/bitstream/123456789/27760/1/texto%20completo.pdf",""
4,"C Mena, E Fuentes, Y Ormazábal, J Triana…","Spatial distribution and physical activity: implications for prevention of cardiovascular diseases",2017,"Sport Sciences for …","Springer","https://link.springer.com/article/10.1007/s11332-017-0349-6","https://scholar.google.com/scholar?cites=12382944786094736315&as_sdt=2005&sciodt=0,5&hl=en",839,"2021-07-17 21:08:35","","10.1007/s11332-017-0349-6","","",,,,,4,1.00,1,5,4,"… lower CVD rates [23]. In this way, a non-pharmacological treatment based on exercise exerts an important beneficial effect mainly on the waist circumference, blood pressure and triglycerides [24]. Regular physical activity as …","https://www.researchgate.net/profile/Yony-Rojas/publication/313683101_Spatial_distribution_and_physical_activity_implications_for_prevention_of_cardiovascular_diseases/links/5a578302aca2726376b658ac/Spatial-distribution-and-physical-activity-implications-for-prevention-of-cardiovascular-diseases.pdf","https://scholar.google.com/scholar?q=related:u8Nz4KwO2asJ:scholar.google.com/&scioq=%22waist+circumference%22+nigeria&hl=en&as_sdt=0,5&as_ylo=2017&as_yhi=2017&as_vis=1"
0,"D Giray Erdoğan, G Coşansu","Taksi Şoförlerinin Sağlıklı Yaşam Biçimi Davranışlarının Belirlenmesi",,"Yayın Kurulu","ttb.org.tr","https://www.ttb.org.tr/STED/images/files/dergi/2017/5.pdf#page=16","",840,"2021-07-17 21:08:35","PDF","","","",,,,,0,0.00,0,2,,"… The mean body mass index and waist circumference of the participants were 29.05±4.30 kg/m2 and 104.03±10.90 cm, respectively … Community based diabetes risk assessment in Ogun state, Nigeria (World Diabetes Foundation project 08-321) …","https://www.ttb.org.tr/STED/images/files/dergi/2017/5.pdf#page=16","https://scholar.google.com/scholar?q=related:hTbsf1LiCG0J:scholar.google.com/&scioq=%22waist+circumference%22+nigeria&hl=en&as_sdt=0,5&as_ylo=2017&as_yhi=2017&as_vis=1"
0,"A Kazi","Investigating the impact of a fixed-dose combination compared to triple therapy on metabolic syndrome in patients on highly active antiretroviral therapy.",2017,"","ukzn-dspace.ukzn.ac.za","http://ukzn-dspace.ukzn.ac.za/handle/10413/17411","",841,"2021-07-17 21:08:35","","","","",,,,,0,0.00,0,1,4,"Page 1. Investigating the Impact of a Fixed-Dose Combination Compared to Triple Therapy on Metabolic Syndrome in Patients on Highly Active Antiretroviral Therapy Aniessa Kazi 209501949 A dissertation submitted in fulfilment of the requirements for the degree of …","http://ukzn-dspace.ukzn.ac.za/bitstream/handle/10413/17411/Kazi_Aniessa_2017.pdf?sequence=1&isAllowed=y","https://scholar.google.com/scholar?q=related:n39DWLvrgDoJ:scholar.google.com/&scioq=%22waist+circumference%22+nigeria&hl=en&as_sdt=0,5&as_ylo=2017&as_yhi=2017&as_vis=1"
0,"C Vela Vela","Síndrome metabólico como factor asociado a síntomas del tracto urinario inferior en pacientes varones",2017,"","repositorio.upao.edu.pe","http://repositorio.upao.edu.pe/handle/20.500.12759/2690","",842,"2021-07-17 21:08:35","","","","",,,,,0,0.00,0,1,4,"… 3,869-20,734). Only 4 components of the MS had statistical significance: waist circumference ≥102 cm (OR: 2,2), triglycerides >150 mg/dl (OR: 4,4), cHDL <40 mg/dl (OR: 2,3) y fasting plasma glucose >100 mg/dl (OR: 2); the intervening variables shown …","https://repositorio.upao.edu.pe/bitstream/20.500.12759/2690/1/RE_MED.HUMA_CINDY.VELA_SINDROME.METABOLICO_DATOS.PDF","https://scholar.google.com/scholar?q=related:fVJBWtzwY7EJ:scholar.google.com/&scioq=%22waist+circumference%22+nigeria&hl=en&as_sdt=0,5&as_ylo=2017&as_yhi=2017&as_vis=1"
2,"NY Al-Harbi, MA Hadi, FA Abbas","Effect of Flax Seeds (Linum usitatissimum L.) Extract in Male Reproductive System of Albino Rat Treated with Cyproterone Acetate",2017,"Journal of Global Pharma …","researchgate.net","https://www.researchgate.net/profile/Maysaa-Hadi/publication/332012216_Effect_of_flax_seeds_linum_usitatissimum_l_extract_in_male_reproductive_system_of_albino_rat_treated_with_cyproterone_acetate/links/5ca75621a6fdcca26dffc568/Effect-of-flax-seeds-linum-usitatissimum-l-extract-in-male-reproductive-system-of-albino-rat-treated-with-cyproterone-acetate.pdf","https://scholar.google.com/scholar?cites=8793602978987220850&as_sdt=2005&sciodt=0,5&hl=en",843,"2021-07-17 21:08:35","PDF","","","",,,,,2,0.50,1,3,4,"… tubules with degeneration (H&E, 100 X) [42]. References 1. Edeoga H, Okwu D, Mbaebie B (2005) photochemical constituents of some Nigerian medicinal plants. Afr J Biotechnology, 4(7):685- 688. 2. Sood A, Kaur P, Gupta …","https://www.researchgate.net/profile/Maysaa-Hadi/publication/332012216_Effect_of_flax_seeds_linum_usitatissimum_l_extract_in_male_reproductive_system_of_albino_rat_treated_with_cyproterone_acetate/links/5ca75621a6fdcca26dffc568/Effect-of-flax-seeds-linum-usitatissimum-l-extract-in-male-reproductive-system-of-albino-rat-treated-with-cyproterone-acetate.pdf","https://scholar.google.com/scholar?q=related:cp9ZolEnCXoJ:scholar.google.com/&scioq=%22waist+circumference%22+nigeria&hl=en&as_sdt=0,5&as_ylo=2017&as_yhi=2017&as_vis=1"
2,"IA Basheti, E Abu-Gharbieh","Revealing treatment-related problems for outpatients with alarming health status in the United Arab Emirates",2017,"Journal of Pharmaceutical Health …","academic.oup.com","https://academic.oup.com/jphsr/article-abstract/8/3/193/6068469","https://scholar.google.com/scholar?cites=15123360090466654207&as_sdt=2005&sciodt=0,5&hl=en",844,"2021-07-17 21:08:35","","","","",,,,,2,0.50,1,2,4,"AbstractObjectives. To explore types and frequencies of treatment-related problems (TRPs) amongst outpatients with chronic diseases recruited through community.","","https://scholar.google.com/scholar?q=related:_5eVEuD34NEJ:scholar.google.com/&scioq=%22waist+circumference%22+nigeria&hl=en&as_sdt=0,5&as_ylo=2017&as_yhi=2017&as_vis=1"
0,"CK Eze","Antioxidant Potential of Different Types of Tea",2017,"","repository.unn.edu.ng","http://repository.unn.edu.ng/handle/123456789/4692","",845,"2021-07-17 21:08:35","","","","",,,,,0,0.00,0,1,4,"… 12 Fig. 6: Map of Nigeria showing Mambilla plateau in Taraba state were tea is grown 18 Fig … Therefore, the present study evaluated the total polyphenols, total flavonoids and in vitro antioxidant activities of a set of twenty commercial Nigerian tea samples (black, green, un …","http://repository.unn.edu.ng/bitstream/handle/123456789/4692/EZE,%20CHINENYENWA%20KAYLA.pdf?sequence=1","https://scholar.google.com/scholar?q=related:cPIajLCA7IgJ:scholar.google.com/&scioq=%22waist+circumference%22+nigeria&hl=en&as_sdt=0,5&as_ylo=2017&as_yhi=2017&as_vis=1"
0,"N Woudberg","Understanding the relationship between high-density lipoprotein (HDL) subclass distribution and functionality in patients at risk of cardiovascular disease",2017,"","open.uct.ac.za","https://open.uct.ac.za/handle/11427/26868","",846,"2021-07-17 21:08:35","","","","",,,,,0,0.00,0,1,4,"… 12-weeks (n=32). The third sample population included Nigerian out-patients, divided into healthy controls, hypertensive patients and hypertensive patients with heart failure (HF) (n=80). HDL composition measurements included …","https://open.uct.ac.za/bitstream/handle/11427/26868/thesis_hsf_2017_woudberg_nicholas.pdf?sequence=1&isAllowed=y","https://scholar.google.com/scholar?q=related:URB3CxHk1FUJ:scholar.google.com/&scioq=%22waist+circumference%22+nigeria&hl=en&as_sdt=0,5&as_ylo=2017&as_yhi=2017&as_vis=1"
0,"A Pomer","Fes Sik Mun: Declining Age at Menarche in the Vanuatu Health Transition",2017,"","search.proquest.com","https://search.proquest.com/openview/a64411a451ff09f83d51f6d1ebf8b56e/1?pq-origsite=gscholar&cbl=18750","",847,"2021-07-17 21:08:35","","","","",,,,,0,0.00,0,1,4,"Page 1. FES SIK MUN: DECLINING AGE AT MENARCHE IN THE VANUATU HEALTH TRANSITION BY ALYSA POMER BA, American University, 2008 MS, Binghamton University, 2011 MA, Binghamton University, 2013 DISSERTATION …","","https://scholar.google.com/scholar?q=related:TJD4NVeyNWMJ:scholar.google.com/&scioq=%22waist+circumference%22+nigeria&hl=en&as_sdt=0,5&as_ylo=2017&as_yhi=2017&as_vis=1"
102,"SL Dwivedi, ETL Van Bueren, S Ceccarelli…","Diversifying food systems in the pursuit of sustainable food production and healthy diets",2017,"Trends in plant …","Elsevier","https://www.sciencedirect.com/science/article/pii/S1360138517301346","https://scholar.google.com/scholar?cites=5490985907127192658&as_sdt=2005&sciodt=0,5&hl=en",848,"2021-07-17 21:08:35","HTML","","","",,,,,102,25.50,26,4,4,"","https://www.sciencedirect.com/science/article/pii/S1360138517301346","https://scholar.google.com/scholar?q=related:Ugz-DJfmM0wJ:scholar.google.com/&scioq=%22waist+circumference%22+nigeria&hl=en&as_sdt=0,5&as_ylo=2017&as_yhi=2017&as_vis=1"
22,"SJ Ulijaszek","Models of obesity: From ecology to complexity in science and policy",2017,"","books.google.com","https://books.google.com/books?hl=en&lr=&id=WUUzDwAAQBAJ&oi=fnd&pg=PP9&dq=%22waist+circumference%22+nigeria&ots=ALLtnPpsbL&sig=gt8KxHXiFzf7Yo9IIFEIT1Pgs8I","https://scholar.google.com/scholar?cites=5925022762624329216&as_sdt=2005&sciodt=0,5&hl=en",849,"2021-07-17 21:08:35","BOOK","","","",,,,,22,5.50,22,1,4,"Page 1. camºgg studiºs in gological and Evolutionary anthropology Page 2. Models of Obesity From Ecology to Complexity in Science and Policy Taking a comparative approach, this book investigates the ways in which obesity …","","https://scholar.google.com/scholar?q=related:AKZTfM_oOVIJ:scholar.google.com/&scioq=%22waist+circumference%22+nigeria&hl=en&as_sdt=0,5&as_ylo=2017&as_yhi=2017&as_vis=1"
0,"M Quansah","Blood Perilipin A Levels In Diabetic Patients At Korle-Bu Teaching Hospital, Ghana",2017,"","ugspace.ug.edu.gh","http://ugspace.ug.edu.gh/xmlui/handle/123456789/23197","",850,"2021-07-17 21:08:35","","","","",,,,,0,0.00,0,1,4,"Page 1. BLOOD PERILIPIN A LEVELS IN DIABETIC PATIENTS AT KORLE-BU TEACHING HOSPITAL, GHANA. MICHAEL QUANSAH (10550529) THIS THESIS IS SUBMITTED TO THE UNIVERSITY OF GHANA, LEGON IN PARTIAL …","http://ugspace.ug.edu.gh/bitstream/handle/123456789/23197/Blood%20Perilipin%20A%20Levels%20In%20Diabetic%20Patients%20At%20Korle-Bu%20Teaching%20Hospital,%20Ghana.pdf?sequence=1","https://scholar.google.com/scholar?q=related:m1_UVOBl_pMJ:scholar.google.com/&scioq=%22waist+circumference%22+nigeria&hl=en&as_sdt=0,5&as_ylo=2017&as_yhi=2017&as_vis=1"
3,"JC Hernández, LC Elías-Calles, HV Reyes…","Riesgo vascular en personas con diabetes mellitus tipo 2 y dislipidemia",2017,"Revista Cubana de …","medigraphic.com","https://www.medigraphic.com/cgi-bin/new/resumen.cgi?IDARTICULO=80439","https://scholar.google.com/scholar?cites=13380876214600736643&as_sdt=2005&sciodt=0,5&hl=en",851,"2021-07-17 21:08:35","","","","",,,,,3,0.75,1,4,4,"… The variables analyzed were: age, sex, smoking habit, body mass index, waist circumference, waist-hip and waist-height indexes, systolic and pulse blood pressure, total cholesterol, low density … Dyslipidemias in type 2 diabetes mellitus patients in Nnewi South-East Nigeria …","https://www.medigraphic.com/pdfs/revcubend/rce-2017/rce173b.pdf","https://scholar.google.com/scholar?q=related:gx_AsgVssrkJ:scholar.google.com/&scioq=%22waist+circumference%22+nigeria&hl=en&as_sdt=0,5&as_ylo=2017&as_yhi=2017&as_vis=1"
1,"RVP Neves, TS Rosa, LA Dutra, RR Olher…","Razão cintura-quadril não possui associação com o nível de atividade física em frequentadores de um parque no Distrito Federal",2017,"Revista Brasileira de …","dialnet.unirioja.es","https://dialnet.unirioja.es/servlet/articulo?codigo=6341724","https://scholar.google.com/scholar?cites=6858586613193370217&as_sdt=2005&sciodt=0,5&hl=en",852,"2021-07-17 21:08:35","","","","",,,,,1,0.25,0,5,4,"… Desempenho Humano. Vol. 10. Num. 2. 2008. p. 170-175. 19-Oyeyemi, AL; Adeyemi, O. Relationship of physical activity to cardiovascular risk factors in an urban population of Nigerian adults. Archives of Public Health. Vol. 71. Num. 1. 2013. p.6. Page 8 …","https://dialnet.unirioja.es/descarga/articulo/6341724.pdf","https://scholar.google.com/scholar?q=related:aeqjtC-YLl8J:scholar.google.com/&scioq=%22waist+circumference%22+nigeria&hl=en&as_sdt=0,5&as_ylo=2017&as_yhi=2017&as_vis=1"
61,"DR Jones, JM Jarrett, DS Tevis, M Franklin, NJ Mullinix…","Analysis of whole human blood for Pb, Cd, Hg, Se, and Mn by ICP-DRC-MS for biomonitoring and acute exposures",2017,"Talanta","Elsevier","https://www.sciencedirect.com/science/article/pii/S0039914016307305","https://scholar.google.com/scholar?cites=5289914903809745748&as_sdt=2005&sciodt=0,5&hl=en",853,"2021-07-17 21:08:35","","","","",,,,,61,15.25,10,6,4,"JavaScript is disabled on your browser. Please enable JavaScript to use all the features on this page. Skip to main content Skip to article …","https://www.ncbi.nlm.nih.gov/pmc/articles/pmc5123815/","https://scholar.google.com/scholar?q=related:VOOf7ZONaUkJ:scholar.google.com/&scioq=%22waist+circumference%22+nigeria&hl=en&as_sdt=0,5&as_ylo=2017&as_yhi=2017&as_vis=1"
0,"ME WANJIKU","CERVICAL CYTOMORPHOLOGIC PRESENTATIONS: ASSOCIATION WITH PRE-CERVICAL CANCER DETERMINANTS IN WOMEN FROM NAKURU …",2017,"","ir-library.ku.ac.ke","http://ir-library.ku.ac.ke/bitstream/handle/123456789/18357/Cervical%20cytomorphologic%20presentations%20association%20with%20pre-cervical%20cancer%20determinants%20in%20women%20from%20Nakuru%20county.pdf?sequence=1","",854,"2021-07-17 21:08:35","PDF","","","",,,,,0,0.00,0,1,4,"… Lifestyle and nutritional assessment illustrated that anthropometric median values ≤99 cm for bust girth and ≤86cm for waist circumference were associated with higher risks of presenting with HSIL and AGC/AIS grades (P<0.04; β>1.681; OR>5.0; 95% CI), while history of …","http://ir-library.ku.ac.ke/bitstream/handle/123456789/18357/Cervical%20cytomorphologic%20presentations%20association%20with%20pre-cervical%20cancer%20determinants%20in%20women%20from%20Nakuru%20county.pdf?sequence=1","https://scholar.google.com/scholar?q=related:ZeGSgVEnbe4J:scholar.google.com/&scioq=%22waist+circumference%22+nigeria&hl=en&as_sdt=0,5&as_ylo=2017&as_yhi=2017&as_vis=1"
0,"AK Kuropatnicki","Medical Benefits of Honeybee Products",2017,"","downloads.hindawi.com","https://downloads.hindawi.com/journals/specialissues/191798.pdf","",855,"2021-07-17 21:08:35","PDF","","","",,,,,0,0.00,0,1,4,"… BMI was classified based on age and sex norms for underweight, normal, overweight, or obese cases (<18.5, 18.5 to 24.9, 25 to 29.9, and >30, resp.). Waist circumference (cm) was measured at the midpoint between the lower ribs and the iliac crest …","https://downloads.hindawi.com/journals/specialissues/191798.pdf","https://scholar.google.com/scholar?q=related:euGK9XmTKZEJ:scholar.google.com/&scioq=%22waist+circumference%22+nigeria&hl=en&as_sdt=0,5&as_ylo=2017&as_yhi=2017&as_vis=1"
0,"N Al-Aama","Effect of Plasma-leptin on Cardiac Disorders with Type 2 Diabetes-patients",2017,"Journal of Advances in Medicine and Medical …","journaljammr.com","http://www.journaljammr.com/index.php/JAMMR/article/view/10065","",856,"2021-07-17 21:08:35","","","","",,,,,0,0.00,0,1,4,"… Reviewers: (1) Matome M. Sekhotha, University of Limpopo, South Africa. (2) Ahmed Esmael, Mansoura University, Egypt. (3) Ebenezer Adekunle Ajayi, Ekiti State University, Nigeria. (4) Nikolaos Tentolouris, University Of Athens, Greece. (5) Anonymous, ASL RMH, Italy …","http://www.journaljammr.com/index.php/JAMMR/article/download/10065/18027","https://scholar.google.com/scholar?q=related:s8s1uHed30kJ:scholar.google.com/&scioq=%22waist+circumference%22+nigeria&hl=en&as_sdt=0,5&as_ylo=2017&as_yhi=2017&as_vis=1"
0,"H Yazar, E Bilgin, B Inci, B Ozbek, C Bal","Cod: T240",,"degruyter.com","","https://www.degruyter.com/document/doi/10.1515/cclm-2017-5020/html","",857,"2021-07-17 21:08:35","","10.1515/cclm-2017-5020","","",,,,,0,0.00,0,5,,"… J. Anetor 2, G. Igharo 2, G. Anetor 1, Z. Uche 2, L. Nwobi 2, D. Udah 2 1Department of Public and Environmental Health, Faculty of Health Science, National Open University of Nigeria (NOUN), Abuja, Nigeria … (Nigeria) johnanetor@gmail.com …","https://www.degruyter.com/document/doi/10.1515/cclm-2017-5020/pdf","https://scholar.google.com/scholar?q=related:nNzPRAFUcg4J:scholar.google.com/&scioq=%22waist+circumference%22+nigeria&hl=en&as_sdt=0,5&as_ylo=2017&as_yhi=2017&as_vis=1"
0,"E Petridou, A Kotanidou, T Zafiriadis, A Agorasti","Cod: T193",,"degruyter.com","","https://www.degruyter.com/document/doi/10.1515/cclm-2017-5019/html","",858,"2021-07-17 21:08:35","","10.1515/cclm-2017-5019","","",,,,,0,0.00,0,4,,"… OF HAEMATOLOGY AND BLOOD TRANSFUSION. EDO STATE, NIGERIA (Nigeria) adamsigbe@yahoo.com BACKGROUND … OF HAEMATOLOGY AND BLOOD TRANSFUSION. EDO STATE, NIGERIA (Nigeria) adamsigbe@yahoo.com BACKGROUND …","https://www.degruyter.com/document/doi/10.1515/cclm-2017-5019/pdf",""
0,"TT Le, DTA Duong","Tính đa hình và đặc điểm nhân trắc ở các nhóm kiểu gen của đa hình nucleotide đơn rs6548238 gen TMEM18 ở trẻ tiểu học Miền Bắc, Việt Nam",2017,"VNU Journal of Science: Natural Sciences and …","js.vnu.edu.vn","https://js.vnu.edu.vn/NST/article/view/4197","",859,"2021-07-17 21:08:35","","","","",,,,,0,0.00,0,2,4,"… Nhật Bản; MEX: Người gốc Mexico sống ở Los Angeles, Mỹ; TSI: Người Tuscan ở Italia; YRI: Người Yoruban ở Inbadan, Nigeria; NVC: Trẻ … [6] M. Rask-Andersen, JA Jacobsson, G. Moschonis, et al., Association of TMEM18 variants with BMI and waist circumference in children …","https://js.vnu.edu.vn/NST/article/download/4197/4168","https://scholar.google.com/scholar?q=related:5RooZgvu5rcJ:scholar.google.com/&scioq=%22waist+circumference%22+nigeria&hl=en&as_sdt=0,5&as_ylo=2017&as_yhi=2017&as_vis=1"
6,"CO Agomo, J Portlock, J Ogunleye","Barriers in the public health role of community pharmacists: a qualitative study",2017,"Journal of Pharmaceutical …","academic.oup.com","https://academic.oup.com/jphsr/article-abstract/8/4/261/6068456","https://scholar.google.com/scholar?cites=11271484552479191808&as_sdt=2005&sciodt=0,5&hl=en",860,"2021-07-17 21:08:35","","","","",,,,,6,1.50,2,3,4,"… [10] While it has been demonstrated that reductions in weight and waist circumference can be achieved in patients who participate in a community pharmacy weight management programme, [11] another UK study has shown that it is possible to build community pharmacists …","","https://scholar.google.com/scholar?q=related:ADPTSXtbbJwJ:scholar.google.com/&scioq=%22waist+circumference%22+nigeria&hl=en&as_sdt=0,5&as_ylo=2017&as_yhi=2017&as_vis=1"
12,"MC Berbigier, CR Magalhães","Educação nutricional em universitários e estratégias para promoção de saúde institucional: revisão integrativa",2017,"Revista Brasileira em Promoção …","periodicos.unifor.br","http://periodicos.unifor.br/RBPS/article/view/5740","https://scholar.google.com/scholar?cites=6412021956273274548&as_sdt=2005&sciodt=0,5&hl=en",861,"2021-07-17 21:08:35","","","","",,,,,12,3.00,6,2,4,"… However, there were studies in 9 different countries (USA, Canada, Argentina, Colombia, India, Malaysia, Nigeria, Germany and Spain), covering 5 … with a mean age of 19 years conducted in American universities, high body mass index (BMI) and waist circumference (WC) were …","https://periodicos.unifor.br/RBPS/article/download/5740/pdf_1","https://scholar.google.com/scholar?q=related:tH6sM_8T_FgJ:scholar.google.com/&scioq=%22waist+circumference%22+nigeria&hl=en&as_sdt=0,5&as_ylo=2017&as_yhi=2017&as_vis=1"
2,"BE Kirunda","Body weight and physical activity of adults in rural Uganda",2017,"","bora.uib.no","https://bora.uib.no/bora-xmlui/handle/1956/16414","https://scholar.google.com/scholar?cites=1990304191541233975&as_sdt=2005&sciodt=0,5&hl=en",862,"2021-07-17 21:08:35","","","","",,,,,2,0.50,2,1,4,"Page 1. at the University of Bergen Thesis for the degree of philosophiae doctor (PhD) Body weight and physical activity of adults in rural Uganda Barbara Eva Kirunda 2017 Date of defence: 16.06.2017 Page 2. 2 Page 3. To …","https://bora.uib.no/bora-xmlui/bitstream/handle/1956/16414/dr-thesis-2017-Barbara-Eva-Kiruna.pdf?sequence=4","https://scholar.google.com/scholar?q=related:N0nJ-x37nhsJ:scholar.google.com/&scioq=%22waist+circumference%22+nigeria&hl=en&as_sdt=0,5&as_ylo=2017&as_yhi=2017&as_vis=1"
40,"M Wells, LN Goldstein, A Bentley, S Basnett, I Monteith","The accuracy of the Broselow tape as a weight estimation tool and a drug-dosing guide–a systematic review and meta-analysis",2017,"Resuscitation","Elsevier","https://www.sciencedirect.com/science/article/pii/S0300957217306378","https://scholar.google.com/scholar?cites=7557781922669629950&as_sdt=2005&sciodt=0,5&hl=en",863,"2021-07-17 21:08:35","","","","",,,,,40,10.00,8,5,4,"","https://www.researchgate.net/profile/Mike-Wells-3/publication/320025712_The_accuracy_of_the_Broselow_tape_as_a_weight_estimation_tool_and_a_drug-dosing_guide_-_A_systematic_review_and_meta-analysis/links/5bf7b937a6fdcc5388143324/The-accuracy-of-the-Broselow-tape-as-a-weight-estimation-tool-and-a-drug-dosing-guide-A-systematic-review-and-meta-analysis.pdf","https://scholar.google.com/scholar?q=related:_pGXpp2i4mgJ:scholar.google.com/&scioq=%22waist+circumference%22+nigeria&hl=en&as_sdt=0,5&as_ylo=2017&as_yhi=2017&as_vis=1"
0,"喻森海, 潘飞霞, 顾杭杰, 瞿琼, 翟利君, 郭灿安…","农村代谢综合征患者强化生活方式干预效果评价",2017,"预防医学","zjyfyxzz.com","http://www.zjyfyxzz.com/CN/abstract/abstract350.shtml","",864,"2021-07-17 21:08:35","","","","",,,,,0,0.00,0,7,4,"… Association of body mass index， waist circumference， and metabolic syndrome with serum cystatin C in a Chinese population [J] . Medicine (Baltimore)， 2017， 96 (10): e6289 … LonglTerm Outcomes on Antiretroviral Therapy in a Large ScalelUp Program in Nigeria …","http://www.zjyfyxzz.com/CN/article/downloadArticleFile.do?attachType=PDF&id=350","https://scholar.google.com/scholar?q=related:8mkVWhITjTwJ:scholar.google.com/&scioq=%22waist+circumference%22+nigeria&hl=en&as_sdt=0,5&as_ylo=2017&as_yhi=2017&as_vis=1"
1,"KM Blanding","Perceptions of and Barriers to Dietary Counseling among Adults with Type II Diabetes",2017,"","kuscholarworks.ku.edu","https://kuscholarworks.ku.edu/handle/1808/26165","https://scholar.google.com/scholar?cites=6137437549831222376&as_sdt=2005&sciodt=0,5&hl=en",865,"2021-07-17 21:08:35","","","","",,,,,1,0.25,1,1,4,"… Sweden (Adolfsson et al., 2007; Brekke et al., 2004), Kuwait (Serour et al., 2007), England (Malpass et al., 2009), Canada (Cook et al., 2006), Korea (Lim et al., 2009), Nigeria (Uchenna et … Contrary to what was expected, a significant increase on waist circumference was …","https://kuscholarworks.ku.edu/bitstream/handle/1808/26165/Blanding_ku_0099D_15626_DATA_1.pdf?sequence=1&isAllowed=y","https://scholar.google.com/scholar?q=related:aHTVHO-OLFUJ:scholar.google.com/&scioq=%22waist+circumference%22+nigeria&hl=en&as_sdt=0,5&as_ylo=2017&as_yhi=2017&as_vis=1"
0,"World Health Organization","Ageing gracefully: diversity of dementia",2017,"","apps.who.int","https://apps.who.int/iris/bitstream/handle/10665/340567/9789290225713-eng.pdf?sequence=1","",866,"2021-07-17 21:08:35","PDF","","","",,,,,0,0.00,0,1,4,"Page 1. DIVERSITY OF DEMENTIA Diversity of Dementia AGEING GRACEFULLY Page 2. AGEING GRACEFULLY Page 3. DIVERSITY OF DEMENTIA Page 4. AGEING GRACEFULLY Ageing Gracefully: Diversity of Dementia ISBN 978-92-9022-571-3 …","https://apps.who.int/iris/bitstream/handle/10665/340567/9789290225713-eng.pdf?sequence=1","https://scholar.google.com/scholar?q=related:v6W_GFZLJUQJ:scholar.google.com/&scioq=%22waist+circumference%22+nigeria&hl=en&as_sdt=0,5&as_ylo=2017&as_yhi=2017&as_vis=1"
0,"AB Codorniu, ZMP Rodríguez…","Prevalencia del síndrome metabólico en pacientes que asisten a la consulta de Medicina Interna",2017,"Revista Cubana de …","revrehabilitacion.sld.cu","http://www.revrehabilitacion.sld.cu/index.php/reh/article/view/38","",867,"2021-07-17 21:08:35","","","","",,,,,0,0.00,0,3,4,"… con SM fue significativamente alta, lo que se corresponde con estudios realizados en África (44 % en Botswana), en Nigeria el 42 … 15. Devi Pratyush D., Tiwari S., Singh S., and Kumar Singh S. Waist circumference cutoff and its importance for diagnosis of metabolic syndrome in …","http://www.revrehabilitacion.sld.cu/index.php/reh/article/download/38/76","https://scholar.google.com/scholar?q=related:3_C7Xn9dFTYJ:scholar.google.com/&scioq=%22waist+circumference%22+nigeria&hl=en&as_sdt=0,5&as_ylo=2017&as_yhi=2017&as_vis=1"
0,"EA Appiah","Trace elements level in type 2 Diabetic Nephropathy",2017,"","ir.knust.edu.gh","http://ir.knust.edu.gh/handle/123456789/10197","",868,"2021-07-17 21:08:35","","","","",,,,,0,0.00,0,1,4,"… affect about 10.4% of some populations (Afolabi, Abioye-Kuteyi et al. 2009) making it a significant public health issue. It has been found to account for 8-10% and 5% of medical admissions in Nigeria (Akinsola, Odesanmi et al. 1989) and Ghana (Plange-Rhule, Phillips et al …","http://ir.knust.edu.gh/bitstream/123456789/10197/1/Effie%27s%20Final%20work.pdf","https://scholar.google.com/scholar?q=related:LDicP_rjW2kJ:scholar.google.com/&scioq=%22waist+circumference%22+nigeria&hl=en&as_sdt=0,5&as_ylo=2017&as_yhi=2017&as_vis=1"
0,"UC Hilton","14th Annual World Congress on Insulin Resistance, Diabetes & Cardiovascular Disease (WCIRDC)",2017,"Endocrine Practice","researchgate.net","https://www.researchgate.net/profile/Ayman-Sadek-3/publication/313755643_ASSOCIATION_OF_SERUM_FERRITIN_WITH_INSULIN_RESISTANCE_IN_OFFSPRINGS_OF_TYPE_2_DIABETES_MELLITUS/links/5a9079d645851535bcd59ec5/ASSOCIATION-OF-SERUM-FERRITIN-WITH-INSULIN-RESISTANCE-IN-OFFSPRINGS-OF-TYPE-2-DIABETES-MELLITUS.pdf","",869,"2021-07-17 21:08:35","PDF","","","",,,,,0,0.00,0,1,4,"… IN MALE WISTAR ALBINO RATS Oyesola OA; Ehichioya DE; Oyesola TO Department of Physiology, Benjamin Carson School of Medicine, Babcock University, Ilishan, Ogun, Nigeria Intentional restriction of sleep is progressively …","https://www.researchgate.net/profile/Ayman-Sadek-3/publication/313755643_ASSOCIATION_OF_SERUM_FERRITIN_WITH_INSULIN_RESISTANCE_IN_OFFSPRINGS_OF_TYPE_2_DIABETES_MELLITUS/links/5a9079d645851535bcd59ec5/ASSOCIATION-OF-SERUM-FERRITIN-WITH-INSULIN-RESISTANCE-IN-OFFSPRINGS-OF-TYPE-2-DIABETES-MELLITUS.pdf",""
0,"B Kwabi-Addo","Genetic Basis of Health Disparity",2017,"Health Outcomes in a Foreign Land","Springer","https://link.springer.com/chapter/10.1007/978-3-319-55865-3_2","",870,"2021-07-17 21:08:35","","10.1007/978-3-319-55865-3_2","","",,,,,0,0.00,0,1,4,"… Studies of hypertension in both rural and urban settings in Nigeria and Cameroon estimate … indicated heritability of 77% for AGT and 67% of ACE in Nigerians when compared … to the admixture population of US AAs compared to the relatively homogenous Nigerian population, as …","","https://scholar.google.com/scholar?q=related:e0uH8gvpVEQJ:scholar.google.com/&scioq=%22waist+circumference%22+nigeria&hl=en&as_sdt=0,5&as_ylo=2017&as_yhi=2017&as_vis=1"
1,"RM Cardoso, PHG Porto, AF Burin…","Ground or swimming pool exercises for women with knee osteoarthritis? A double-blind randomized clinical trial",2017,"Journal of Advances …","journaljammr.com","http://journaljammr.com/index.php/JAMMR/article/view/11917","https://scholar.google.com/scholar?cites=1886038359187644610&as_sdt=2005&sciodt=0,5&hl=en",871,"2021-07-17 21:08:35","","","","",,,,,1,0.25,0,4,4,"… Article Information DOI: 10.9734/JAMMR/2017/36350 Editor(s): (1) Chris Ekpenyong, Department of Human Physiology, College of Health Sciences, University of Uyo, Nigeria. Reviewers: (1) Timothy Hui, Loma Linda University, USA …","https://journaljammr.com/index.php/JAMMR/article/download/11917/21706","https://scholar.google.com/scholar?q=related:wuAjIOWNLBoJ:scholar.google.com/&scioq=%22waist+circumference%22+nigeria&hl=en&as_sdt=0,5&as_ylo=2017&as_yhi=2017&as_vis=1"
0,"AK AGOKE","THE CORRELATION BETWEEN BIOMARKERS OF INFLAMMATION AND LEFT VENTRICULAR FUNCTION IN PATIENTS WITH HYPERTENSIVE HEART …",2017,"Faculty of INTERNAL MEDICINE","dissertation.npmcn.edu.ng","http://www.dissertation.npmcn.edu.ng/index.php/FMCP/article/download/366/824","",872,"2021-07-17 21:08:35","PDF","","","",,,,,0,0.00,0,1,4,"… in those 70 to 80 year old, it occurs in 20% to30%5.A Nigerian study carried out in the … admission15.A study in Abuja, Nigeria had shown HHF as a major cause of morbidity and … Odia in a study among hypertensive Nigerians reported a significant elevation in SUA and was …","http://www.dissertation.npmcn.edu.ng/index.php/FMCP/article/download/366/824","https://scholar.google.com/scholar?q=related:h0GAe7sIStgJ:scholar.google.com/&scioq=%22waist+circumference%22+nigeria&hl=en&as_sdt=0,5&as_ylo=2017&as_yhi=2017&as_vis=1"
0,"U Quinn","Renin genotype as a predictor of response to antihypertensive therapy: a personalized approach to management of high blood pressure",2017,"","repository.rcsi.com","https://repository.rcsi.com/articles/thesis/Renin_genotype_as_a_predictor_of_response_to_antihypertensive_therapy_a_personalized_approach_to_management_of_high_blood_pressure/10814270/files/19324004.pdf","",873,"2021-07-17 21:08:35","PDF","","","",,,,,0,0.00,0,1,4,"Page 1. Renin genotype as a predictor of response to antihypertensive therapy: a personalized approach to management of high blood pressure A thesis submitted to the School of Postgraduate Studies, Faculty of Medicine …","https://repository.rcsi.com/articles/thesis/Renin_genotype_as_a_predictor_of_response_to_antihypertensive_therapy_a_personalized_approach_to_management_of_high_blood_pressure/10814270/files/19324004.pdf","https://scholar.google.com/scholar?q=related:OhN_Vn_KeWUJ:scholar.google.com/&scioq=%22waist+circumference%22+nigeria&hl=en&as_sdt=0,5&as_ylo=2017&as_yhi=2017&as_vis=1"
238,"E Ha, N Basu, S Bose-O'Reilly, JG Dórea…","Current progress on understanding the impact of mercury on human health",2017,"Environmental …","Elsevier","https://www.sciencedirect.com/science/article/pii/S0013935116302754","https://scholar.google.com/scholar?cites=13121713032609603746&as_sdt=2005&sciodt=0,5&hl=en",874,"2021-07-17 21:08:35","","","","",,,,,238,59.50,48,5,4,"","","https://scholar.google.com/scholar?q=related:oiBPOXuwGbYJ:scholar.google.com/&scioq=%22waist+circumference%22+nigeria&hl=en&as_sdt=0,5&as_ylo=2017&as_yhi=2017&as_vis=1"
1,"EY Quaidoo","Nutritional Status, Sources of Nutrition Information, Weight Perceptions and Weight Management Practices among Young Adults in the Accra Metropolis",2017,"","ugspace.ug.edu.gh","http://ugspace.ug.edu.gh/handle/123456789/23539","https://scholar.google.com/scholar?cites=58255587736657119&as_sdt=2005&sciodt=0,5&hl=en",875,"2021-07-17 21:08:35","","","","",,,,,1,0.25,1,1,4,"… encourage obesity, for example, the pre-marital “fattening rooms” practiced in Nigeria (Benkeser, Biritwum, & Hill, 2012). Young adults seeking to conform to their society's beauty … Obasola and Agunbiade, (2016) investigated where young adults from a Nigerian university …","http://ugspace.ug.edu.gh/bitstream/handle/123456789/23539/Nutritional%20Status%20Sources%20of%20Nutrition%20Information%20Weight%20Perceptions%20and%20Weight%20Management%20Practices%20among%20Young%20Adults%20in%20the%20Accra%20Metropolis.pdf?isAllowed=y&sequence=1","https://scholar.google.com/scholar?q=related:35w5_SX3zgAJ:scholar.google.com/&scioq=%22waist+circumference%22+nigeria&hl=en&as_sdt=0,5&as_ylo=2017&as_yhi=2017&as_vis=1"
0,"A Hubel","VÄÄRTUSTE JA ENESEHINNANGU SEOS PARTNERI PIKKUSE JA VANUSE EELISTUSEGA",,"core.ac.uk","","https://core.ac.uk/download/pdf/85144600.pdf","",876,"2021-07-17 21:08:35","PDF","","","",,,,,0,0.00,0,1,,"Page 1. Tartu Ülikool Sotsiaalteaduste valdkond Psühholoogia instituut Ares Hubel VÄÄRTUSTE JA ENESEHINNANGU SEOS PARTNERI PIKKUSE JA VANUSE EELISTUSEGA Uurimistöö Juhendaja: Dmitri Rozgonjuk Läbiv …","https://core.ac.uk/download/pdf/85144600.pdf","https://scholar.google.com/scholar?q=related:v4F5lV4w2SoJ:scholar.google.com/&scioq=%22waist+circumference%22+nigeria&hl=en&as_sdt=0,5&as_ylo=2017&as_yhi=2017&as_vis=1"
25,"D Boateng, C Agyemang, E Beune…","Migration and cardiovascular disease risk among ghanaian populations in Europe: the RODAM Study (Research on Obesity and Diabetes Among African Migrants)",2017,"… Quality and Outcomes","Am Heart Assoc","https://www.ahajournals.org/doi/abs/10.1161/CIRCOUTCOMES.117.004013","https://scholar.google.com/scholar?cites=7332168870704617641&as_sdt=2005&sciodt=0,5&hl=en",877,"2021-07-17 21:08:35","","10.1161/CIRCOUTCOMES.117.004013","","",,,,,25,6.25,6,4,4,"Background—For migrant populations from sub-Saharan Africa, adverse cardiovascular disease (CVD) risk factors have been observed to be higher than found in their home country-based counterparts or ...","https://www.ahajournals.org/doi/full/10.1161/circoutcomes.117.004013","https://scholar.google.com/scholar?q=related:qZiGi70YwWUJ:scholar.google.com/&scioq=%22waist+circumference%22+nigeria&hl=en&as_sdt=0,5&as_ylo=2017&as_yhi=2017&as_vis=1"
9,"ZM Kim, H Oh, HG Kim, CG Lim, KJ Oh…","Modeling long-term human activeness using recurrent neural networks for biometric data",2017,"BMC medical informatics …","Springer","https://link.springer.com/article/10.1186/s12911-017-0453-1","https://scholar.google.com/scholar?cites=11674576983770599102&as_sdt=2005&sciodt=0,5&hl=en",878,"2021-07-17 21:08:35","HTML","10.1186/s12911-017-0453-1","","",,,,,9,2.25,2,6,4,"… Dacadoo introduces the “Health Score” [13] which ranges from 1 to 1000, and is calculated from biometric values (gender, age, weight, waist circumference, blood pressure, etc.), emotional values (acquired from self-assessment questionnaires), and lifestyle values (exercise …","https://link.springer.com/article/10.1186/s12911-017-0453-1","https://scholar.google.com/scholar?q=related:vg6ZhOltBKIJ:scholar.google.com/&scioq=%22waist+circumference%22+nigeria&hl=en&as_sdt=0,5&as_ylo=2017&as_yhi=2017&as_vis=1"
0,"L ERVIHI-UVA","COMPARISON OF THE EFFICACY OF TWO TREATMENTS IN THE MANAGEMENT OF GASTRO-OESOPHAGEAL REFLUX DISEASE IN TWO TERTIARY …",2017,"Faculty of Family Medicine","dissertation.npmcn.edu.ng","http://www.dissertation.npmcn.edu.ng/index.php/FMCFM/article/view/193","",879,"2021-07-17 21:08:35","","","","",,,,,0,0.00,0,1,4,"… community benefits and to add to the body of knowledge on GORD among Nigerians. Thus … objective efficacy evaluation between the two groups. There is its paucity of data on GORD in Nigeria and the study was carried - out in two tertiary institutions in Jos metropolis to …","http://www.dissertation.npmcn.edu.ng/index.php/FMCFM/article/download/193/1868","https://scholar.google.com/scholar?q=related:wXL3OtUQeGAJ:scholar.google.com/&scioq=%22waist+circumference%22+nigeria&hl=en&as_sdt=0,5&as_ylo=2017&as_yhi=2017&as_vis=1"
0,"AM SOBOWALE","THE ELECTROCARDIOGRAM PATTERN IN APPARENTLY NORMAL SCHOOL AGE CHILDREN IN ZARIA",2017,"Faculty of PAEDIATRICS","dissertation.npmcn.edu.ng","http://www.dissertation.npmcn.edu.ng/index.php/FMCPaed/article/download/735/468","",880,"2021-07-17 21:08:35","PDF","","","",,,,,0,0.00,0,1,4,"… diseases in Nigeria.28 A Nigerian childhood heart disease prevalence rate of 0.72% has been reported.28 Heart failure rates as high as 9% have been reported in a Nigerian paediatric emergency setting,29 and a childhood …","http://www.dissertation.npmcn.edu.ng/index.php/FMCPaed/article/download/735/468","https://scholar.google.com/scholar?q=related:8zFkLGO7th8J:scholar.google.com/&scioq=%22waist+circumference%22+nigeria&hl=en&as_sdt=0,5&as_ylo=2017&as_yhi=2017&as_vis=1"
0,"AM Seboko","Stem cell impairment associated with type 2 diabetes mellitus: investigating the effects of obesity-associated inflammation on mesenchymal stem cell function",2017,"","scholar.sun.ac.za","http://scholar.sun.ac.za/handle/10019.1/102807","",881,"2021-07-17 21:08:35","","","","",,,,,0,0.00,0,1,4,"… 24). Hence, indices of VAT such as the threshold for waist circumference or waist-to-hip ratio (WHR) have … However, it is now known that ethnic variations exist in the relationship between waist circumference, VAT, and the development of metabolic diseases (Caroll et al., 2008; …","https://scholar.sun.ac.za/bitstream/handle/10019.1/102807/seboko_stem_2017.pdf?sequence=2&isAllowed=y","https://scholar.google.com/scholar?q=related:WHSCMIAgk4MJ:scholar.google.com/&scioq=%22waist+circumference%22+nigeria&hl=en&as_sdt=0,5&as_ylo=2017&as_yhi=2017&as_vis=1"
1,"BS Joseph, LS Augustine, TH Joe","Knowledge of University Athletes about Knowing and Monitoring of Vital Signs of Blood Pressure (BP), Heart Rate (HR) and Body Mass Index (BMI) as …",2017,"Journal of Exercise Science & …","academia.edu","https://www.academia.edu/download/55461689/Vitals_2017.pdf","https://scholar.google.com/scholar?cites=12536852755142034343&as_sdt=2005&sciodt=0,5&hl=en",882,"2021-07-17 21:08:35","PDF","","","",,,,,1,0.25,0,3,4,"… 34 classified as having a normal weight using BFP. An even simpler alternative to the BMI is to define obese individuals as those whose waist circumference is greater than 50% of their height, indicating excess intra-abdominal fat, Jeremy Singer-Vine (2009) …","https://www.academia.edu/download/55461689/Vitals_2017.pdf","https://scholar.google.com/scholar?q=related:p0OeXyjZ-60J:scholar.google.com/&scioq=%22waist+circumference%22+nigeria&hl=en&as_sdt=0,5&as_ylo=2017&as_yhi=2017&as_vis=1"
0,"S Vishnu Priya","Evaluation of total Lymphocyte Count and Absolute Lymphocyte Count as a Surrogate Marker for CD4 Count to Initiate ART",2017,"","repository-tnmgrmu.ac.in","http://repository-tnmgrmu.ac.in/12028/","",883,"2021-07-17 21:08:35","","","","",,,,,0,0.00,0,1,4,"… HIV infection, high CD4 count, high viral burden, high body mass index, greater waist circumference or waist- to- hip ratio.‖ Impaired glucose tolerance, and insulin resistance are noted to precede weight loss in patients with HIV …","http://repository-tnmgrmu.ac.in/12028/1/200100317vishnu_priya.pdf","https://scholar.google.com/scholar?q=related:zWMeRx87NJEJ:scholar.google.com/&scioq=%22waist+circumference%22+nigeria&hl=en&as_sdt=0,5&as_ylo=2017&as_yhi=2017&as_vis=1"
0,"T Chonthicha","Experiment model of maternal dyslipidemia and taurine supplementation on preventing metabolic disorders in offspring",2017,"","sutir.sut.ac.th","http://sutir.sut.ac.th:8080/sutir/handle/123456789/7703","",884,"2021-07-17 21:08:35","","","","",,,,,0,0.00,0,1,4,"… in offspring of diabetic mothers compared to offspring of non-diabetic mothers, increased body mass index and waist circumference and decreased ADIPOQ … waist circumference (West et al., 2011). Maternal obesity is associated with epigenetic changes in the offspring, which …","http://sutir.sut.ac.th:8080/sutir/bitstream/123456789/7703/2/Fulltext.pdf","https://scholar.google.com/scholar?q=related:rwIOAJERrCcJ:scholar.google.com/&scioq=%22waist+circumference%22+nigeria&hl=en&as_sdt=0,5&as_ylo=2017&as_yhi=2017&as_vis=1"
0,"B Scott","Chronic Diseases And Culturally Competent Communication",2017,"","repositories.lib.utexas.edu","https://repositories.lib.utexas.edu/handle/2152/75303","",885,"2021-07-17 21:08:35","","","","",,,,,0,0.00,0,1,4,"Page 1. CHRONIC DISEASES AND CULTURALLY COMPETENT COMMUNICATION Bronwyn Scott NSC 371 Polymathic Scholars Honors Program Submitted to Fulfill the Plan II Honors Program Thesis Requirement The University of Texas at Austin Spring 2017 …","https://repositories.lib.utexas.edu/bitstream/handle/2152/75303/scottbronwyn_P2Print.pdf?sequence=1","https://scholar.google.com/scholar?q=related:jf_yG-NWs1gJ:scholar.google.com/&scioq=%22waist+circumference%22+nigeria&hl=en&as_sdt=0,5&as_ylo=2017&as_yhi=2017&as_vis=1"
4,"SC Bischoff","Adipositas: neue Forschungserkenntnisse und klinische Praxis",2017,"","books.google.com","https://books.google.com/books?hl=en&lr=&id=yE8_DwAAQBAJ&oi=fnd&pg=PR6&dq=%22waist+circumference%22+nigeria&ots=42pRe4olSs&sig=MW6v6AX2pV1WLldstRWxP6luY1U","https://scholar.google.com/scholar?cites=15294584790795914790&as_sdt=2005&sciodt=0,5&hl=en",886,"2021-07-17 21:08:35","BOOK","","","",,,,,4,1.00,4,1,4,"Page 1. Stephan C. Bischoff Adipositas Page 2. Page 3. Adipositas | Neue Forschungserkenntnisse und klinische Praxis Herausgegeben von Stephan C. Bischoff Page 4. Herausgeber Prof. Dr. med. Stephan C. Bischoff Universität …","","https://scholar.google.com/scholar?q=related:Jo57QtVHQdQJ:scholar.google.com/&scioq=%22waist+circumference%22+nigeria&hl=en&as_sdt=0,5&as_ylo=2017&as_yhi=2017&as_vis=1"
79,"CP Almeida-Suhett, A Graham, Y Chen, P Deuster","Behavioral changes in male mice fed a high-fat diet are associated with IL-1β expression in specific brain regions",2017,"Physiology & behavior","Elsevier","https://www.sciencedirect.com/science/article/pii/S0031938416310630","https://scholar.google.com/scholar?cites=867481834151210892&as_sdt=2005&sciodt=0,5&hl=en",887,"2021-07-17 21:08:35","","","","",,,,,79,19.75,20,4,4,"JavaScript is disabled on your browser. Please enable JavaScript to use all the features on this page. Skip to main content Skip to article …","","https://scholar.google.com/scholar?q=related:jO-vzSHqCQwJ:scholar.google.com/&scioq=%22waist+circumference%22+nigeria&hl=en&as_sdt=0,5&as_ylo=2017&as_yhi=2017&as_vis=1"
0,"M Zeen, MO Khalid","Evaluation of Serum Trace Elements among Sudanese Diabetic Patients in River Nile State",2017,"","repository.ush.sd","http://repository.ush.sd:8080/xmlui/handle/123456789/579","",888,"2021-07-17 21:08:35","","","","",,,,,0,0.00,0,2,4,"… 1.3.2 Specific objectives: • To correlate HbA1c, BMI, waist circumference, ACR, plasma lipids and serum … To determine the effect of duration of DM on HbA1c level. • To correlate between microalbuminuria, BMI and waist circumference with HbA1c level in DM …","http://repository.ush.sd:8080/xmlui/bitstream/handle/123456789/579/Evaluation%20of%20Serum%20Trace%20Elements%20among%20Sudanese%20Diabetic%20Patients%20in%20River%20Nile%20State.pdf?sequence=1&isAllowed=y","https://scholar.google.com/scholar?q=related:VRZnvOJc034J:scholar.google.com/&scioq=%22waist+circumference%22+nigeria&hl=en&as_sdt=0,5&as_ylo=2017&as_yhi=2017&as_vis=1"
0,"J Biraguma","Health policy brief: Towards prevention of risk factors for non-communicable diseases among people living with HIV infection in Rwanda",2017,"","etd.uwc.ac.za","https://etd.uwc.ac.za/handle/11394/6173","",889,"2021-07-17 21:08:35","","","","",,,,,0,0.00,0,1,4,"… T2D Type 2 Diabetes UR University of Rwanda UR-CMHS University of Rwanda's College of Medicine and Health Sciences WC Waist Circumference WHO World Health Organization WHR Waist-Hip Ratio http://etd.uwc.ac.za/ Page 25. 1 Chapter One Introduction …","https://etd.uwc.ac.za/bitstream/handle/11394/6173/998-1861-1-RV.pdf?sequence=1&isAllowed=n","https://scholar.google.com/scholar?q=related:pdGrCHRseJIJ:scholar.google.com/&scioq=%22waist+circumference%22+nigeria&hl=en&as_sdt=0,5&as_ylo=2017&as_yhi=2017&as_vis=1"
0,"D Terdbaramee, S Suksakulchai","MEASURING PRE-SERVICE TEACHERS'COMPUTER SELF-CONCEPT AND ATTITUDE",,"M5M 2W1","researchgate.net","https://www.researchgate.net/profile/Alvaro-Jimenez-Sanchez/publication/323508171_Contextualization_and_practices_in_families_and_communities_that_prevent_or_increases_violence_against_children_and_adolescents/links/5a98a98f45851535bce0d21e/Contextualization-and-practices-in-families-and-communities-that-prevent-or-increases-violence-against-children-and-adolescents.pdf#page=75","",890,"2021-07-17 21:08:35","PDF","","","",,,,,0,0.00,0,2,,"… 3), 1-16. Jegede, PO, Dibu-Ojerinde, OO, & Ilori, MO (2007). Relationships between ICT competence and attitude among some Nigerian tertiary institution lecturers. Educational Research and Reviews, 2 (7), 172. Kluever, RC …","https://www.researchgate.net/profile/Alvaro-Jimenez-Sanchez/publication/323508171_Contextualization_and_practices_in_families_and_communities_that_prevent_or_increases_violence_against_children_and_adolescents/links/5a98a98f45851535bce0d21e/Contextualization-and-practices-in-families-and-communities-that-prevent-or-increases-violence-against-children-and-adolescents.pdf#page=75","https://scholar.google.com/scholar?q=related:qExY0y0pciwJ:scholar.google.com/&scioq=%22waist+circumference%22+nigeria&hl=en&as_sdt=0,5&as_ylo=2017&as_yhi=2017&as_vis=1"
2,"DJ Hongoro","The cost and cost-effectiveness of a text-messaging based intervention to support management of hypertension in South Africa",2017,"","open.uct.ac.za","https://open.uct.ac.za/handle/11427/26894","https://scholar.google.com/scholar?cites=12014818197916188367&as_sdt=2005&sciodt=0,5&hl=en",891,"2021-07-17 21:08:35","","","","",,,,,2,0.50,2,1,4,"… The cost of hypertension care varied from country to country, with the United States of America (USA) having the highest cost of care while Nigeria had the lowest cost of care … Looking at Appendix A, the cost of care is highest in Canada, the USA and China. Nigeria, being the …","https://open.uct.ac.za/bitstream/handle/11427/26894/thesis_hsf_2017_hongoro_danleen_james.pdf?sequence=1","https://scholar.google.com/scholar?q=related:z36xZ341vaYJ:scholar.google.com/&scioq=%22waist+circumference%22+nigeria&hl=en&as_sdt=0,5&as_ylo=2017&as_yhi=2017&as_vis=1"
19,"M Yaghoubi, K Mansell, H Vatanparastc…","Effects of pharmacy-based interventions on the control and management of diabetes in adults: a systematic review and meta-analysis",2017,"Canadian journal of …","Elsevier","https://www.sciencedirect.com/science/article/pii/S1499267117303362","https://scholar.google.com/scholar?cites=11220371196005971501&as_sdt=2005&sciodt=0,5&hl=en",892,"2021-07-17 21:08:35","","","","",,,,,19,4.75,5,4,4,"JavaScript is disabled on your browser. Please enable JavaScript to use all the features on this page. Skip to main content Skip to article …","","https://scholar.google.com/scholar?q=related:Lfb1mSfEtpsJ:scholar.google.com/&scioq=%22waist+circumference%22+nigeria&hl=en&as_sdt=0,5&as_ylo=2017&as_yhi=2017&as_vis=1"
0,"KCZ Ndlovu","The effect of HIV infection on the management of end-stage renal failure among patients undergoing continuous ambulatory peritoneal dialysis.",2017,"","ukzn-dspace.ukzn.ac.za","http://ukzn-dspace.ukzn.ac.za/handle/10413/16037","",893,"2021-07-17 21:08:35","","","","",,,,,0,0.00,0,1,4,"… TGF Transforming growth factor TB Tuberculosis TFT Thyroid function test FT3 Free Triiodothyronine UF Ultrafiltration USA United states of America WC Waist circumference WHO World Health Organisation WBC White Blood Cells Page 13. xii ABSTRACT …","https://ukzn-dspace.ukzn.ac.za/bitstream/handle/10413/16037/Ndlovu_Kwazi_Celani_Zwakele_2017.pdf?sequence=1&isAllowed=y","https://scholar.google.com/scholar?q=related:rg_K_WJO7y8J:scholar.google.com/&scioq=%22waist+circumference%22+nigeria&hl=en&as_sdt=0,5&as_ylo=2017&as_yhi=2017&as_vis=1"
9,"MD Prakash, L Stojanovska, K Nurgali…","Exercise in menopausal women",2017,"Sex Hormones, Exercise …","Springer","https://link.springer.com/chapter/10.1007/978-3-319-44558-8_16","https://scholar.google.com/scholar?cites=7983333315292901284&as_sdt=2005&sciodt=0,5&hl=en",894,"2021-07-17 21:08:35","","10.1007/978-3-319-44558-8_16","","",,,,,9,2.25,2,4,4,"… Likewise, in a Nigerian cohort there was no association between physical activity and menopausal symptoms and overall … In addition, cardiorespiratory exercise improves metabolic syndrome factors (waist circumference, blood pressure and blood glucose) in postmenopausal …","","https://scholar.google.com/scholar?q=related:pC-TTVp_ym4J:scholar.google.com/&scioq=%22waist+circumference%22+nigeria&hl=en&as_sdt=0,5&as_ylo=2017&as_yhi=2017&as_vis=1"
0,"S Ayadurai","Development and Evaluation of a Pharmacist Diabetes Management Tool: A Mixed Method Study",2017,"","espace.curtin.edu.au","https://espace.curtin.edu.au/handle/20.500.11937/66686","",895,"2021-07-17 21:08:35","","","","",,,,,0,0.00,0,1,4,"… blood glucose, blood pressure and lipid levels; changes to medication adherence, physical activity, waist circumference and body mass index was analysed. Consequently, the overall impact on patient's health related quality of life was …","https://espace.curtin.edu.au/bitstream/handle/20.500.11937/66686/Ayadurai%20S%202017%203%20years.pdf?sequence=1","https://scholar.google.com/scholar?q=related:S5T92Vzih9AJ:scholar.google.com/&scioq=%22waist+circumference%22+nigeria&hl=en&as_sdt=0,5&as_ylo=2017&as_yhi=2017&as_vis=1"
0,"R Seedat","Breakfast consumption and the relationship to to socio-demographic and lifestyle factors of undergraduate students in the School of Health Sciences at the University …",2017,"","ukzn-dspace.ukzn.ac.za","http://ukzn-dspace.ukzn.ac.za/handle/10413/16765","",896,"2021-07-17 21:08:35","","","","",,,,,0,0.00,0,1,4,"Page 1. BREAKFAST CONSUMPTION AND THE RELATIONSHIP TO SOCIO- DEMOGRAPHIC AND LIFESTYLE FACTORS OF UNDERGRADUATE STUDENTS IN THE SCHOOL OF HEALTH SCIENCES AT THE UNIVERSITY OF KWAZULU-NATAL by RAEESA SEEDAT …","http://ukzn-dspace.ukzn.ac.za/bitstream/handle/10413/16765/Seedat_Raeesa_2017.pdf?sequence=1&isAllowed=y","https://scholar.google.com/scholar?q=related:1zWOTYJ-4pkJ:scholar.google.com/&scioq=%22waist+circumference%22+nigeria&hl=en&as_sdt=0,5&as_ylo=2017&as_yhi=2017&as_vis=1"
0,"SFB MURTAZA","FACTORS ASSOCIATED WITH COGNITIVE PERFORMANCE AMONG ORANG ASLI'S CHILDREN AGED 2 TO 6 YEARS OLD IN NEGERI SEMBILAN …",2017,"","psasir.upm.edu.my","http://psasir.upm.edu.my/id/eprint/76683/1/FPSK%28M%29%202018%2047%20-%20IR.pdf","",897,"2021-07-17 21:08:35","PDF","","","",,,,,0,0.00,0,1,4,"… Anthropometric measurements of both children (height and weight) and their mothers (height, weight, and waist circumference) were recorded … WAZ Weight-for-age z score WC Waist circumference WFA Weight-for-age WHO World Health Organization …","http://psasir.upm.edu.my/id/eprint/76683/1/FPSK%28M%29%202018%2047%20-%20IR.pdf","https://scholar.google.com/scholar?q=related:3ACHeQTs1W0J:scholar.google.com/&scioq=%22waist+circumference%22+nigeria&hl=en&as_sdt=0,5&as_ylo=2017&as_yhi=2017&as_vis=1"
12,"X Han, Z Hu, J Chen, J Huang, C Huang…","Associations between genetic variants of NADPH oxidase-related genes and blood pressure responses to dietary sodium intervention: the GenSalt study",2017,"American journal of …","academic.oup.com","https://academic.oup.com/ajh/article-abstract/30/4/427/2996250","https://scholar.google.com/scholar?cites=10332741543603084426&as_sdt=2005&sciodt=0,5&hl=en",898,"2021-07-17 21:08:35","","","","",,,,,12,3.00,2,6,4,"AbstractBACKGROUND. The aim of this study was to comprehensively test the associations of genetic variants of nicotinamide adenine dinucleotide phosphate (NADPH.","https://academic.oup.com/ajh/article/30/4/427/2996250","https://scholar.google.com/scholar?q=related:ihxiTrBFZY8J:scholar.google.com/&scioq=%22waist+circumference%22+nigeria&hl=en&as_sdt=0,5&as_ylo=2017&as_yhi=2017&as_vis=1"
0,"RA Lande","UNIVERSITY GRANTS COMMISSION",2017,"","shivajiakola.ac.in","https://www.shivajiakola.ac.in/pdf/Dr_Rekha_Lande_childeren.pdf","",899,"2021-07-17 21:08:35","PDF","","","",,,,,0,0.00,0,1,4,"… (22) . Obesity does not seem to have spread developing countries either Thailand, Iran, Nigeria and Brazil have all reported unprecedented levels of obesity with trends that are substantially rising every year. The calculated global prevalence of overweight including …","https://www.shivajiakola.ac.in/pdf/Dr_Rekha_Lande_childeren.pdf","https://scholar.google.com/scholar?q=related:rlx-NIB45IMJ:scholar.google.com/&scioq=%22waist+circumference%22+nigeria&hl=en&as_sdt=0,5&as_ylo=2017&as_yhi=2017&as_vis=1"
3,"L Miranda-Contreras, J Osuna, I Cruz…","Altered hematological and biochemical parameters in schoolchildren living in an agricultural community of Mérida State, Venezuela",2017,"J. Environ. Anal …","pdfs.semanticscholar.org","https://pdfs.semanticscholar.org/a263/2182f6365a58be853a430d4db284c4713d40.pdf","https://scholar.google.com/scholar?cites=2291608213035303360&as_sdt=2005&sciodt=0,5&hl=en",900,"2021-07-17 21:08:35","PDF","","","",,,,,3,0.75,1,4,4,"… the United Nations International Biological Program [41]. An anthropometric evaluation was performed by obtaining the height, weight, waist circumference and tricipital skinfold. Body mass index (BMI) and body fat percentages …","https://pdfs.semanticscholar.org/a263/2182f6365a58be853a430d4db284c4713d40.pdf","https://scholar.google.com/scholar?q=related:wEFWPodtzR8J:scholar.google.com/&scioq=%22waist+circumference%22+nigeria&hl=en&as_sdt=0,5&as_ylo=2017&as_yhi=2017&as_vis=1"
0,"HK Kazungu","The Impact of Non-Communicable Diseases on Development; a Case Study of Breast Cancer in Gede, Kilifi County",2017,"","erepo.usiu.ac.ke","http://erepo.usiu.ac.ke/handle/11732/3599","",901,"2021-07-17 21:08:35","","","","",,,,,0,0.00,0,1,4,"… foods. A survey by Ibrahim and Damasceno (2012) of over 30 developing countries, found that hypertension (high blood pressure) was always more prevalent in urban and semi-urban regions than in rural areas, with the single exception of Nigeria. Furthermore …","http://erepo.usiu.ac.ke/xmlui/bitstream/handle/11732/3599/HARRIETTE%20KADZO%20KAZUNGU%20MAIR%202017.pdf?sequence=1&isAllowed=y","https://scholar.google.com/scholar?q=related:jUtgP6oplhUJ:scholar.google.com/&scioq=%22waist+circumference%22+nigeria&hl=en&as_sdt=0,5&as_ylo=2017&as_yhi=2017&as_vis=1"
1,"AI El-Sakka","Evaluation of Erectile Disorder",2017,"The Textbook of Clinical Sexual Medicine","Springer","https://link.springer.com/chapter/10.1007/978-3-319-52539-6_12","https://scholar.google.com/scholar?cites=2307467392451591604&as_sdt=2005&sciodt=0,5&hl=en",902,"2021-07-17 21:08:35","","10.1007/978-3-319-52539-6_12","","",,,,,1,0.25,1,1,4,"… They found that the age-adjusted prevalence rates of ED were 57.4% in Nigeria, 63.6% in Egypt, and 80.8% in Pakistan [10] … The presence of obesity noted by waist circumference, high blood pressure, or abnormal pulses may require more extensive vascular workup …","http://ndl.ethernet.edu.et/bitstream/123456789/39922/1/pdf.49#page=179","https://scholar.google.com/scholar?q=related:tL3fMV7FBSAJ:scholar.google.com/&scioq=%22waist+circumference%22+nigeria&hl=en&as_sdt=0,5&as_ylo=2017&as_yhi=2017&as_vis=1"
0,"K Hutchison","PHYSICAL ACTIVITY IN FIBROMYALGIA: ACCELEROMETER VERSUS SELF-REPORT _ A Thesis Presented to the",2017,"","scholarworks.calstate.edu","https://scholarworks.calstate.edu/downloads/zk51vh91n","",903,"2021-07-17 21:08:35","PDF","","","",,,,,0,0.00,0,1,4,"… to 60 minutes to complete based on individual differences (Cherry et al., 2012). Participants also had measurements taken of their blood pressure, height, weight, and waist circumference. Following the completion of cognitive and physical assessment, participants met …","https://scholarworks.calstate.edu/downloads/zk51vh91n","https://scholar.google.com/scholar?q=related:IZOZQhyvhB8J:scholar.google.com/&scioq=%22waist+circumference%22+nigeria&hl=en&as_sdt=0,5&as_ylo=2017&as_yhi=2017&as_vis=1"
0,"S Al-Musharaf","Prevalence of Vitamin D Deficiency in Pregnant Women and Its Association with Gestational Diabetes Mellitus",2017,"","core.ac.uk","https://core.ac.uk/download/pdf/110168846.pdf","",904,"2021-07-17 21:08:35","PDF","","","",,,,,0,0.00,0,1,4,"Page 1. warwick.ac.uk/lib-publications A Thesis Submitted for the Degree of PhD at the University of Warwick Permanent WRAP URL: http://wrap.warwick.ac.uk/94005 Copyright and reuse: This thesis is made available online and is protected by original copyright …","https://core.ac.uk/download/pdf/110168846.pdf","https://scholar.google.com/scholar?q=related:TknQwdCEbIkJ:scholar.google.com/&scioq=%22waist+circumference%22+nigeria&hl=en&as_sdt=0,5&as_ylo=2017&as_yhi=2017&as_vis=1"
0,"J Rugema","Determinants of stunting among children 2 years of age and below in Rutsiro District, Rwanda",2017,"","154.68.126.42","http://154.68.126.42/handle/123456789/396","",905,"2021-07-17 21:08:35","","","","",,,,,0,0.00,0,1,4,"… Issaka et al. (2015p26-28) evaluated complementary feeding practices in children aged 6–23 months in the four Anglophone West African countries of Ghana, Liberia, Nigeria and Sierra Leone using Demographic and Health Surveys …","http://154.68.126.42/bitstream/handle/123456789/396/RUGEMA%20Joselyne.pdf?sequence=1&isAllowed=y","https://scholar.google.com/scholar?q=related:yXyu-fwpXGEJ:scholar.google.com/&scioq=%22waist+circumference%22+nigeria&hl=en&as_sdt=0,5&as_ylo=2017&as_yhi=2017&as_vis=1"
0,"E Cabrera-Rode, VF García, BIS Iglesias, JR Acosta…","ALAD",2017,"","scholar.archive.org","https://scholar.archive.org/work/toxtqvdsizdctizpozt54yp5ca/access/wayback/https://www.revistaalad.com/files/alad_20_10_4_131-142.pdf","",906,"2021-07-17 21:08:35","PDF","","","",,,,,0,0.00,0,5,4,"… Key words: Obesity. Overweight. Metabolic syndro- me. Hypertension. Waist circumference. Correspondencia: *Eduardo Cabrera-Rode E-mail: eduardo.cabrerarode@gmail.com Disponible en internet: 18-05-2020 Rev ALAD. 2020;10:131-42 …","https://scholar.archive.org/work/toxtqvdsizdctizpozt54yp5ca/access/wayback/https://www.revistaalad.com/files/alad_20_10_4_131-142.pdf","https://scholar.google.com/scholar?q=related:I1ZINimN96YJ:scholar.google.com/&scioq=%22waist+circumference%22+nigeria&hl=en&as_sdt=0,5&as_ylo=2017&as_yhi=2017&as_vis=1"
1,"B Kwabi-Addo","Health Outcomes in a Foreign Land",2017,"","Springer","https://link.springer.com/content/pdf/10.1007/978-3-319-55865-3.pdf","https://scholar.google.com/scholar?cites=15928172296444778327&as_sdt=2005&sciodt=0,5&hl=en",907,"2021-07-17 21:08:35","","10.1007/978-3-319-55865-3","","",,,,,1,0.25,1,1,4,"Page 1. Health Outcomes in a Foreign Land Bernard Kwabi-Addo A Role for Epigenomic and Environmental Interaction Page 2. Health Outcomes in a Foreign Land Page 3. Bernard Kwabi-Addo Health Outcomes in a Foreign Land A Role for Epigenomic and Environmental …","","https://scholar.google.com/scholar?q=related:VxfPAlA8DN0J:scholar.google.com/&scioq=%22waist+circumference%22+nigeria&hl=en&as_sdt=0,5&as_ylo=2017&as_yhi=2017&as_vis=1"
0,"LM Hendry","Bioinformatics-driven development of a queryable cardiometabolic database and its application in a biological setting",2017,"","core.ac.uk","https://core.ac.uk/download/pdf/188773285.pdf","",908,"2021-07-17 21:08:35","PDF","","","",,,,,0,0.00,0,1,4,"Page 1. BIOINFORMATICS-DRIVEN DEVELOPMENT OF A QUERYABLE CARDIOMETABOLIC DATABASE AND ITS APPLICATION IN A BIOLOGICAL SETTING Liesl Mary Hendry Supervisor: Dr Zané Lombard A thesis submitted to the Faculty of Science, University of the …","https://core.ac.uk/download/pdf/188773285.pdf","https://scholar.google.com/scholar?q=related:MPU4SaBUNoEJ:scholar.google.com/&scioq=%22waist+circumference%22+nigeria&hl=en&as_sdt=0,5&as_ylo=2017&as_yhi=2017&as_vis=1"
0,"YH YAW","DETERMINANTS AND PREGNANCY OUTCOMES OF MATERNAL GLYCEMIA",2017,"","psasir.upm.edu.my","http://psasir.upm.edu.my/id/eprint/70722/1/FPSK%28P%29%202017%2040%20-%20IR.pdf","",909,"2021-07-17 21:08:35","PDF","","","",,,,,0,0.00,0,1,4,"… According to pre-pregnancy Body Mass Index, 11.0%, 20.2% and 13.5% of them were underweight, overweight, and obese, respectively. About 30.1% of the women had at risk waist circumference (≥ 80cm) … 20 2.5.8 Waist Circumference at early pregnancy 21 …","http://psasir.upm.edu.my/id/eprint/70722/1/FPSK%28P%29%202017%2040%20-%20IR.pdf","https://scholar.google.com/scholar?q=related:lfVPxmwIuiYJ:scholar.google.com/&scioq=%22waist+circumference%22+nigeria&hl=en&as_sdt=0,5&as_ylo=2017&as_yhi=2017&as_vis=1"
0,"H Dear","HIFA Discussion on Systematic",,"hifa.org","","https://www.hifa.org/sites/default/files/publications_pdf/HIFA_%20Discussion_2017_Systematic_Reviews_IN_FULL.pdf","",910,"2021-07-17 21:08:35","PDF","","","",,,,,0,0.00,0,1,,"Page 1. Page 1 of 76 From: ""Neil Pakenham-Walsh"" <neil.pakenham-walsh@ghi-net.org> To: ""HIFA - Healthcare Information For All"" <HIFA@dgroups.org> Subject: [hifa] Systematic Reviews: Q1 What are systematic reviews? Why are they important? Dear HIFA colleagues …","https://www.hifa.org/sites/default/files/publications_pdf/HIFA_%20Discussion_2017_Systematic_Reviews_IN_FULL.pdf","https://scholar.google.com/scholar?q=related:JdwL4EI6xYoJ:scholar.google.com/&scioq=%22waist+circumference%22+nigeria&hl=en&as_sdt=0,5&as_ylo=2017&as_yhi=2017&as_vis=1"
0,"MJ Nchinyani","The effect of maternal weight on obstetric outcome",2017,"","wiredspace.wits.ac.za","http://wiredspace.wits.ac.za/handle/10539/27802","",911,"2021-07-17 21:08:35","","","","",,,,,0,0.00,0,1,4,"… South Africa 24.4 28.5 29.9 Nigeria 21.0 21.8 20.3 Zimbabwe 21.3 23 23.5 … 15 In a Meta-analysis of 16 African studies, including countries such as Nigeria, South Africa, Zimbabwe, Egypt and Tanzania the prevalence of obesity was between 6.5% and 50.7 …","http://wiredspace.wits.ac.za/bitstream/handle/10539/27802/Dr%20Mokgadi%20Nchinyani%20(MMED).pdf?sequence=1","https://scholar.google.com/scholar?q=related:UO8OUSDyfLsJ:scholar.google.com/&scioq=%22waist+circumference%22+nigeria&hl=en&as_sdt=0,5&as_ylo=2017&as_yhi=2017&as_vis=1"
0,"T Mutangwa","Perceived factors influencing participation in workplace sports and recreation among non-medical staff members at Elim Hospital, Vhembe District",2017,"","univendspace.univen.ac.za","https://univendspace.univen.ac.za/handle/11602/717","",912,"2021-07-17 21:08:35","","","","",,,,,0,0.00,0,1,4,"… UDHR United Nations Universal Declaration of Human rights UNICEF United Nations children fund WC Waist Circumference WHO World Health Organisation Page 7. vi … Page 21. 9 exercise, knowledge, attitudes and habits of literate women in Western Nigeria. The results …","https://univendspace.univen.ac.za/bitstream/handle/11602/717/Dissertation-Mutangwa,%20t.-.pdf?sequence=1&isAllowed=n",""
0,"NX Villacreses Villacreses","Estilos de vida relacionados con sobrepeso y obesidad en los comerciantes del mercado de Jipijapa",2017,"","repositorio.unesum.edu.ec","http://repositorio.unesum.edu.ec/handle/53000/910","",913,"2021-07-17 21:08:35","","","","",,,,,0,0.00,0,1,4,"Page 1. UNIVERSIDAD ESTATAL DEL SUR DE MANABÍ Facultad Ciencias de la Salud Carrera de Enfermería PROYECTO DE INVESTIGACIÓN Previo a la obtención del Título de: LICENCIADA DE ENFERMERÍA TEMA: Estilos …","http://repositorio.unesum.edu.ec/bitstream/53000/910/1/UNESUM-ECU-EMFER-2017-02.pdf","https://scholar.google.com/scholar?q=related:mYY0cVNZmlkJ:scholar.google.com/&scioq=%22waist+circumference%22+nigeria&hl=en&as_sdt=0,5&as_ylo=2017&as_yhi=2017&as_vis=1"
0,"O BAMIDELE","BODY MASS INDICES AND 2-HOUR POSTPRANDIAL BLOOD GLUCOSE LEVELS IN PRIMARY SCHOOL PUPILS IN RURAL AND URBAN COMMUNITIES IN …",2017,"Faculty of PAEDIATRICS","dissertation.npmcn.edu.ng","http://dissertation.npmcn.edu.ng/index.php/FMCPaed/article/download/785/420","",914,"2021-07-17 21:08:35","PDF","","","",,,,,0,0.00,0,1,4,"… THE NATIONAL POSTGRADUATE MEDICAL COLLEGE OF NIGERIA IN THE FACULTY OF PAEDIATRICS. DR OLUMUYIWA BAMIDELE. MBBS (SOKOTO), 2006. NOVEMBER 2017. Page 2 … 14%, 24%, 8% and 5% respectively3 while in Nigeria it is 20%, 33%, 8% and 2 …","http://dissertation.npmcn.edu.ng/index.php/FMCPaed/article/download/785/420","https://scholar.google.com/scholar?q=related:RV-Ht9m1f6IJ:scholar.google.com/&scioq=%22waist+circumference%22+nigeria&hl=en&as_sdt=0,5&as_ylo=2017&as_yhi=2017&as_vis=1"
35,"MJ Kruger, TA Nell","Bone mineral density in people living with HIV: a narrative review of the literature",2017,"AIDS research and therapy","aidsrestherapy.biomedcentral.com","https://aidsrestherapy.biomedcentral.com/articles/10.1186/s12981-017-0162-y","https://scholar.google.com/scholar?cites=13769239900170065239&as_sdt=2005&sciodt=0,5&hl=en",915,"2021-07-17 21:08:35","HTML","10.1186/s12981-017-0162-y","","",,,,,35,8.75,18,2,4,"Bone health status is largely absent in South Africa, the main reasons being the absence and cost-effectiveness of specific screening equipment for assessing bone mineral density (BMD). Various risk factors seem to play a role, some of which can be modified to change bone health …","https://aidsrestherapy.biomedcentral.com/articles/10.1186/s12981-017-0162-y","https://scholar.google.com/scholar?q=related:V5XFlLwqFr8J:scholar.google.com/&scioq=%22waist+circumference%22+nigeria&hl=en&as_sdt=0,5&as_ylo=2017&as_yhi=2017&as_vis=1"
0,"LL Williams","In the beginning: Insight into parental influence on offspring metabolic disease susceptibility in mice and humans",2017,"","search.proquest.com","https://search.proquest.com/openview/5d88ddd186fc8664f24cf7d75d2af48a/1?pq-origsite=gscholar&cbl=18750","",916,"2021-07-17 21:08:35","BOOK","","","",,,,,0,0.00,0,1,4,"Page 1. In the beginning: Insight into parental influence on offspring metabolic disease susceptibility in mice and humans by Lyda L. Williams Candidate: Thesis Advisor: Lyda L. Williams Maureen J. Charron, PhD Professor, Department of Biochemistry …","","https://scholar.google.com/scholar?q=related:DVoCKjLiNaEJ:scholar.google.com/&scioq=%22waist+circumference%22+nigeria&hl=en&as_sdt=0,5&as_ylo=2017&as_yhi=2017&as_vis=1"
6,"B Arabin","Irresponsible and responsible resource management in obstetrics",2017,"Best practice & research Clinical obstetrics & …","Elsevier","https://www.sciencedirect.com/science/article/pii/S1521693417300111","https://scholar.google.com/scholar?cites=17410272823108154448&as_sdt=2005&sciodt=0,5&hl=en",917,"2021-07-17 21:08:35","","","","",,,,,6,1.50,6,1,4,"","","https://scholar.google.com/scholar?q=related:ULT_l-O2nfEJ:scholar.google.com/&scioq=%22waist+circumference%22+nigeria&hl=en&as_sdt=0,5&as_ylo=2017&as_yhi=2017&as_vis=1"
0,"S Kidiavayi","Parental Education in Childhood Obesity: An Evidence-Based Approach",,"s3.us-east-2.amazonaws.com","","https://s3.us-east-2.amazonaws.com/chathamlibsp/gradcapstones/2017/Kidiavayi.pdf","",918,"2021-07-17 21:08:35","PDF","","","",,,,,0,0.00,0,1,,"Page 1. Running head: PARENTAL EDUCATION 1 Parental Education in Childhood Obesity: An Evidence-Based Approach by Stanley Kidiavayi Chatham University Capstone Paper submitted in partial fulfillment of the requirements for the degree of Doctor of Nursing Practice …","https://s3.us-east-2.amazonaws.com/chathamlibsp/gradcapstones/2017/Kidiavayi.pdf",""
0,"E Ahante","Antihyperlipidemic and Antioxidant Effects of Phaseolus Vulgaris Linn in Wistar Rats",2017,"","dspace.unn.edu.ng","http://dspace.unn.edu.ng/handle/123456789/5200","",919,"2021-07-17 21:08:35","","","","",,,,,0,0.00,0,1,4,"… Ischemic heart disease and stroke (World Health Organization, 2015). Earlier studies from Nigeria reported that dyslipidemia was rare amongst Nigerians … 17 Okada in South-South Nigeria … Waist circumference of at least 40 inches (102 cm) in men or 35 inches (89 cm) in …","http://dspace.unn.edu.ng/bitstream/handle/123456789/5200/AHANTE%20EJIROGHENE.pdf?sequence=1&isAllowed=y","https://scholar.google.com/scholar?q=related:B9vVrYBqBrQJ:scholar.google.com/&scioq=%22waist+circumference%22+nigeria&hl=en&as_sdt=0,5&as_ylo=2017&as_yhi=2017&as_vis=1"
1,"오정우","한국 청소년의 행동습관 패턴과 건강의 연관성",2017,"","s-space.snu.ac.kr","https://s-space.snu.ac.kr/handle/10371/136973","https://scholar.google.com/scholar?cites=4183330970758653355&as_sdt=2005&sciodt=0,5&hl=en",920,"2021-07-17 21:08:35","","","","",,,,,1,0.25,1,1,4,"Page 1. 저작자표시-비영리-변경금지 2.0 대한민국 이용자는 아래의 조건을 따르는 경우에 한하여 자유롭게 ● 이 저작물을 복제, 배포, 전송, 전시, 공연 및 방송할 수 있습니다. 다음과 같은 조건을 따라야 합니다: ● 귀하는, 이 저작물의 …","https://s-space.snu.ac.kr/bitstream/10371/136973/1/000000146474.pdf","https://scholar.google.com/scholar?q=related:q6X1iVotDjoJ:scholar.google.com/&scioq=%22waist+circumference%22+nigeria&hl=en&as_sdt=0,5&as_ylo=2017&as_yhi=2017&as_vis=1"
16,"A Shendre, H Wiener, MR Irvin, D Zhi…","Admixture mapping of subclinical atherosclerosis and subsequent clinical events among African Americans in 2 large cohort studies",2017,"Circulation …","Am Heart Assoc","https://www.ahajournals.org/doi/abs/10.1161/circgenetics.116.001569","https://scholar.google.com/scholar?cites=738938714885335971&as_sdt=2005&sciodt=0,5&hl=en",921,"2021-07-17 21:08:35","","10.1161/circgenetics.116.001569","","",,,,,16,4.00,3,5,4,"… We used the HapMap phase II and III data from 234 Utah residents with North-West European ancestry (CEU) and 230 Yorubans (YRI) from Ibadan, Nigeria with African ancestry to serve as our reference populations (HapMap phase III, release 2). The reference haplotype data …","https://www.ahajournals.org/doi/pdf/10.1161/CIRCGENETICS.116.001569","https://scholar.google.com/scholar?q=related:oyuGm9g8QQoJ:scholar.google.com/&scioq=%22waist+circumference%22+nigeria&hl=en&as_sdt=0,5&as_ylo=2017&as_yhi=2017&as_vis=1"
1,"T Krige","Screening for Chronic Kidney Disease (CKD) in a high risk population using a Point of Care Instrument for creatinine measurement: A community based study (The …",2017,"","scholar.sun.ac.za","http://scholar.sun.ac.za/handle/10019.1/102748","https://scholar.google.com/scholar?cites=251794244150055538&as_sdt=2005&sciodt=0,5&hl=en",922,"2021-07-17 21:08:35","","","","",,,,,1,0.25,1,1,4,"Page 1. Screening for Chronic Kidney Disease (CKD) in a high risk population using a Point of Care Instrument for creatinine measurement: A community based study (The Bellville South Africa Study) Tammy Krige Thesis presented …","https://scholar.sun.ac.za/bitstream/handle/10019.1/102748/krige_screening_2017.pdf?isAllowed=y&sequence=2","https://scholar.google.com/scholar?q=related:clIN74eNfgMJ:scholar.google.com/&scioq=%22waist+circumference%22+nigeria&hl=en&as_sdt=0,5&as_ylo=2017&as_yhi=2017&as_vis=1"
1,"NA Eldieb","The treatment effect of Rooibos on vascular function and signalling pathways of aortas from diet induced obese rats.",2017,"","scholar.sun.ac.za","http://scholar.sun.ac.za/handle/10019.1/100932","https://scholar.google.com/scholar?cites=14430484492858631292&as_sdt=2005&sciodt=0,5&hl=en",923,"2021-07-17 21:08:35","","","","",,,,,1,0.25,1,1,4,"… Furthermore, due to the fact that BMI cannot be used as an accurate measurement to distinguish between fat mass and muscle mass, waist circumference is used as a good predictor of coronary artery disease (CAD) (Alberti, et al 2006) …","http://scholar.sun.ac.za/bitstream/handle/10019.1/100932/eldieb_treatment_2017.pdf?sequence=1","https://scholar.google.com/scholar?q=related:fCSftTBhQ8gJ:scholar.google.com/&scioq=%22waist+circumference%22+nigeria&hl=en&as_sdt=0,5&as_ylo=2017&as_yhi=2017&as_vis=1"
47,"E Reeve, SC Trenaman, K Rockwood…","Pharmacokinetic and pharmacodynamic alterations in older people with dementia",2017,"Expert opinion on drug …","Taylor & Francis","https://www.tandfonline.com/doi/abs/10.1080/17425255.2017.1325873","https://scholar.google.com/scholar?cites=7607604275824666710&as_sdt=2005&sciodt=0,5&hl=en",924,"2021-07-17 21:08:35","","10.1080/17425255.2017.1325873","","",,,,,47,11.75,12,4,4,"… In older adults, males remain larger than females with increased height, body mass index and waist circumference while women have increased adiposity [138 … CYP1A2 was found to be slower in women than in men in Chinese populations [146] while in Nigerian and American …","https://ses.library.usyd.edu.au/bitstream/handle/2123/22852/Manuscript%20PK%20and%20PD%20in%20PWD_accepted%20version.pdf?sequence=3","https://scholar.google.com/scholar?q=related:VqhFNMijk2kJ:scholar.google.com/&scioq=%22waist+circumference%22+nigeria&hl=en&as_sdt=0,5&as_ylo=2017&as_yhi=2017&as_vis=1"
0,"AF Agyemang-Benneh","Physical Activity and Diet in the Management of Individuals with Type 2 Diabetes Mellitus: A review of interventions and policies in Ghana, Sub-Saharan Africa …",2017,"","bibalex.org","http://bibalex.org/baifa/Attachment/Documents/6H1TbSGtxV_20180403150827419.pdf","",925,"2021-07-17 21:08:35","PDF","","","",,,,,0,0.00,0,1,4,"Page 1. Physical Activity and Diet in the Management of Individuals with Type 2 Diabetes Mellitus: A review of interventions and policies in Ghana, Sub- Saharan Africa and Lower-Middle Income Countries Adwoa F. Agyemang-Benneh Ghana ICHD 2016/2017 …","http://bibalex.org/baifa/Attachment/Documents/6H1TbSGtxV_20180403150827419.pdf","https://scholar.google.com/scholar?q=related:ysModUuRiEkJ:scholar.google.com/&scioq=%22waist+circumference%22+nigeria&hl=en&as_sdt=0,5&as_ylo=2017&as_yhi=2017&as_vis=1"
0,"P Malambo","Perceived built environment and physical activity: relationships and consequences on prevalent cardiovascular disease and risk factors in urban and rural South …",2017,"","etd.uwc.ac.za","https://etd.uwc.ac.za/handle/11394/6152","",926,"2021-07-17 21:08:35","","","","",,,,,0,0.00,0,1,4,"… the reporting of observational studies in epidemiology TPA Total physical activity TRPA Transport-related physical activity UK United Kingdom USA United States of America UWC University of the Western Cape WL Walking for leisure WC Waist circumference WHO World …","https://etd.uwc.ac.za/bitstream/handle/11394/6152/Malambo_PHD_CHS_2017.pdf?sequence=1&isAllowed=y","https://scholar.google.com/scholar?q=related:wHvHbwHTH2UJ:scholar.google.com/&scioq=%22waist+circumference%22+nigeria&hl=en&as_sdt=0,5&as_ylo=2017&as_yhi=2017&as_vis=1"
0,"IG BULNDI","USE OF PATIENT HEALTH QUESTIONNAIRE 2 (PHQ 2) AS A SCREENING TOOL FOR DEPRESSION AMONG ADULTS ATTENDING THE GENERAL OUT …",2017,"Faculty of Family Medicine","dissertation.npmcn.edu.ng","http://dissertation.npmcn.edu.ng/index.php/FMCFM/article/download/185/1876","",927,"2021-07-17 21:08:35","PDF","","","",,,,,0,0.00,0,1,4,"… recognition of depressed patients by Primary Care Physicians is approximately 12% - 35 %.3,10 Mental Health is an integral aspect of Primary Health Care in Nigeria. It is not rare in the Nigerian setting to find only one doctor in a Primary Care facility, with few other staff. In …","http://dissertation.npmcn.edu.ng/index.php/FMCFM/article/download/185/1876","https://scholar.google.com/scholar?q=related:2KHG0hdnaq4J:scholar.google.com/&scioq=%22waist+circumference%22+nigeria&hl=en&as_sdt=0,5&as_ylo=2017&as_yhi=2017&as_vis=1"
0,"MDMUR RAHMAN","BIOCHEMICAL & MINERAL CONSTITUENTS OF DIFFERENT RICE VARIETIES GROWN IN DINAJPUR",2017,"","academia.edu","https://www.academia.edu/download/57546795/BIOCHEMICAL_and_MINERAL_CONSTITUENTS_OF_2_files_merged.pdf","",928,"2021-07-17 21:08:35","PDF","","","",,,,,0,0.00,0,1,4,"Page 1. BIOCHEMICAL & MINERAL CONSTITUENTS OF DIFFERENT RICE VARIETIES GROWN IN DINAJPUR THESIS BY MD. MAHFUZ UR RAHMAN Student No. 1605438 Session: July-December, 2017 MASTER OF SCIENCE (MS) IN AGRICULTURAL CHEMISTRY …","https://www.academia.edu/download/57546795/BIOCHEMICAL_and_MINERAL_CONSTITUENTS_OF_2_files_merged.pdf","https://scholar.google.com/scholar?q=related:FCq5SKUjAsUJ:scholar.google.com/&scioq=%22waist+circumference%22+nigeria&hl=en&as_sdt=0,5&as_ylo=2017&as_yhi=2017&as_vis=1"
0,"AK Browning","PROJECT REDEMPTION:"" THIS IS MORE THAN JUST A REDEMPTION CENTER""",2017,"","etda.libraries.psu.edu","https://etda.libraries.psu.edu/catalog/14831akb5311","",929,"2021-07-17 21:08:35","","","","",,,,,0,0.00,0,1,4,"… The final defining characteristic of many informal workers was gender. Afon (2007) studied Barro' Boys, a specific form of wastepicker in Nigeria. As the name implies, none of the … and inadequate storing of waste (Afon, 20107). The study of Nigerian Barro' Boys found that most …","https://etda.libraries.psu.edu/files/final_submissions/16110","https://scholar.google.com/scholar?q=related:8xiazT0pFywJ:scholar.google.com/&scioq=%22waist+circumference%22+nigeria&hl=en&as_sdt=0,5&as_ylo=2017&as_yhi=2017&as_vis=1"
0,"LM Manuel","Efeito da suplementação de prebiótico ou simbiótico nos parâmetros metabólicos em indivíduos adultos com obesidade mórbida: um ensaio clínico randomizado …",2017,"","repositorio.ufsc.br","https://repositorio.ufsc.br/handle/123456789/181574","",930,"2021-07-17 21:08:35","","","","",,,,,0,0.00,0,1,4,"… outcome was changes in glycemic parameters (fasting glycemic, insulin, glycated hemoglobin and HOMA-IR) and lipids (total cholesterol, LDL-c, triglycerides and HDL-c). Secondary outcomes were changes in weight, body mass index (BMI) and waist circumference (WC) …","https://repositorio.ufsc.br/bitstream/handle/123456789/181574/349177.pdf?sequence=1",""
0,"이민기, 박세환, 윤진환","저항성 운동이 OLETF 쥐의 혈청 염증반응지표 및 고환조직의",2017,"","pdfs.semanticscholar.org","https://pdfs.semanticscholar.org/a12d/0b95e0ebd65496226a2d49308e90f2d848fe.pdf","",931,"2021-07-17 21:08:35","PDF","","","",,,,,0,0.00,0,3,4,"… Frequency and determinants of erectile dysfunction in Turkish diabet- ic men. Nigerian Journal of Clinical Practice 2015;18(2):209-212 … Pro- posed cutoff level of waist circumference in Japanese men: evaluation by homeostasis model assessment of insulin resistance levels …","https://pdfs.semanticscholar.org/a12d/0b95e0ebd65496226a2d49308e90f2d848fe.pdf","https://scholar.google.com/scholar?q=related:la-WkjihdscJ:scholar.google.com/&scioq=%22waist+circumference%22+nigeria&hl=en&as_sdt=0,5&as_ylo=2017&as_yhi=2017&as_vis=1"
0,"AY Aleman-Diaz, M Beattie, A Borraccino, M Fitzgerald…","9th Excellence in Pediatrics Conference-2017 Book of Abstracts",2017,"","researchgate.net","https://www.researchgate.net/profile/Veronica-Samedi/publication/321795787_Effects_of_Analgesia_and_Sedation_On_Non-Surgical_Reduction_of_Intussusception_in_Children_Systematic_Review/links/5a3210000f7e9b2a28f97bf6/Effects-of-Analgesia-and-Sedation-On-Non-Surgical-Reduction-of-Intussusception-in-Children-Systematic-Review.pdf","",932,"2021-07-17 21:08:35","PDF","","","",,,,,0,0.00,0,5,4,"Page 1. Page 1 of 109 PEDIATRICS | CONFERENCE ABSTRACTS 9th Excellence in Pediatrics Conference - 2017 Book of Abstracts Cogent Medicine (2017), 4: 1408251 Reviewers Aixa Y. Aleman-Diaz, University of St Andrews …","https://www.researchgate.net/profile/Veronica-Samedi/publication/321795787_Effects_of_Analgesia_and_Sedation_On_Non-Surgical_Reduction_of_Intussusception_in_Children_Systematic_Review/links/5a3210000f7e9b2a28f97bf6/Effects-of-Analgesia-and-Sedation-On-Non-Surgical-Reduction-of-Intussusception-in-Children-Systematic-Review.pdf","https://scholar.google.com/scholar?q=related:VyF6YF45P-IJ:scholar.google.com/&scioq=%22waist+circumference%22+nigeria&hl=en&as_sdt=0,5&as_ylo=2017&as_yhi=2017&as_vis=1"
0,"Excellence in Pediatrics","9th Excellence in Pediatrics Conference-2017 Book of Abstracts",2017,"Cogent Medicine","Taylor & Francis","https://www.tandfonline.com/doi/full/10.1080/2331205X.2017.1408251","",933,"2021-07-17 21:08:35","HTML","10.1080/2331205X.2017.1408251","","",,,,,0,0.00,0,1,4,"Page 1. Page 1 of 109 PEDIATRICS | CONFERENCE ABSTRACTS 9th Excellence in Pediatrics Conference - 2017 Book of Abstracts Cogent Medicine (2017), 4: 1408251 Reviewers Aixa Y. Aleman-Diaz, University of St Andrews …","https://www.tandfonline.com/doi/full/10.1080/2331205X.2017.1408251","https://scholar.google.com/scholar?q=related:yBpKvR7luzcJ:scholar.google.com/&scioq=%22waist+circumference%22+nigeria&hl=en&as_sdt=0,5&as_ylo=2017&as_yhi=2017&as_vis=1"
0,"E Marumudi, A Sharma…","Female preponderance in patients with congenital adrenal hyperplasia: How can it be possible in an autosomal recessive disorder?",2017,"Indian Journal of …","researchgate.net","https://www.researchgate.net/profile/Ashutosh-Halder/publication/328172354_Primary_testicular_failure_A_search_for_ideal_biomarkers/links/5bbcc3a892851c7fde373e0c/Primary-testicular-failure-A-search-for-ideal-biomarkers.pdf","",934,"2021-07-17 21:08:35","PDF","","","",,,,,0,0.00,0,3,4,"… The commonest occurring metabolic syndrome-defining criterion was increased waist circumference, and hypertension was the least documented criterion … Akoko, Ondo State, 3Department of Biochemistry, Ekiti State University, Ado Ekiti, Ekiti State, Nigeria, 4Department …","https://www.researchgate.net/profile/Ashutosh-Halder/publication/328172354_Primary_testicular_failure_A_search_for_ideal_biomarkers/links/5bbcc3a892851c7fde373e0c/Primary-testicular-failure-A-search-for-ideal-biomarkers.pdf","https://scholar.google.com/scholar?q=related:xgADqK3YG5cJ:scholar.google.com/&scioq=%22waist+circumference%22+nigeria&hl=en&as_sdt=0,5&as_ylo=2017&as_yhi=2017&as_vis=1"
0,"عامری, اکبری, محمداسماعیل, عبداللهی, عجمی, مرجان…","ترکیب بدن و شاخص‌های آنتروپومتریک در زنان غیریائسه و یائسه مبتلا به سرطان پستان‎",,"كومش, 2017‎","iranjournals.nlai.ir","https://iranjournals.nlai.ir/handle/123456789/533907","",935,"2021-07-17 21:08:35","","","","",,,,,0,0.00,0,7,,"Page 1. شموك - دلج 91 هرامش ، 2 پايپ( ی 66 ،) راهب 9316 رماع همطاف ي 1 (M.Sc) ، دمحم عامسا يل ربکا ي 2 (MD) ، ضترم ي هللادبع ي 3 (MD) ، مجع ناجرم ي 4 (MD) ،ي نمسا شمج يد ي ئانين ي 5 (M.Sc) ،سي د سح ين دواد ي 6 (M.Sc)* 1 - هتیمک … ‎","https://iranjournals.nlai.ir/bitstream/handle/123456789/533907/A88074D8B637D39680E7171DC81D41CE.pdf?sequence=-1&isAllowed=y","https://scholar.google.com/scholar?q=related:gszyTALggpgJ:scholar.google.com/&scioq=%22waist+circumference%22+nigeria&hl=en&as_sdt=0,5&as_ylo=2017&as_yhi=2017&as_vis=1"
0,"JG Akyeampong","Correlation of Sex, Height and Handedness with Anthropometric Foot and Hand Measurements of Young Adult Ghanaians",2017,"","ugspace.ug.edu.gh","http://ugspace.ug.edu.gh/handle/123456789/23256","",936,"2021-07-17 21:08:35","","","","",,,,,0,0.00,0,1,4,"Page 1. UNIVERSITY OF GHANA COLLEGE OF HEALTH SCIENCES CORRELATION OF SEX, HEIGHT AND HANDEDNESS WITH ANTHROPOMETRIC FOOT AND HAND MEASUREMENTS OF YOUNG ADULT GHANAIANS BY JOSEPH GYAMERA AKYEAMPONG …","http://ugspace.ug.edu.gh/bitstream/handle/123456789/23256/Correlation%20Of%20Sex,%20Height%20And%20Handedness%20With%20Anthropomtric%20foot%20and%20hand%20Measurement%20of%20Young%20Adult%20Ghanaians.pdf?sequence=1","https://scholar.google.com/scholar?q=related:A5XvZ5vToLEJ:scholar.google.com/&scioq=%22waist+circumference%22+nigeria&hl=en&as_sdt=0,5&as_ylo=2017&as_yhi=2017&as_vis=1"
0,"S Fernando","ASSESSING MATERNAL, ENVIRONMENTAL AND INDIVIDUAL RISK INDICATORS FOR DENTAL CARIES IN A POPULATION OF CHILDREN FROM …",2017,"","research-repository.griffith.edu.au","https://research-repository.griffith.edu.au/bitstream/handle/10072/371955/Fernando,Surani_Final%20Thesis_Redacted.pdf?sequence=1","",937,"2021-07-17 21:08:35","PDF","","","",,,,,0,0.00,0,1,4,"Page 1. i ASSESSING MATERNAL, ENVIRONMENTAL AND INDIVIDUAL RISK INDICATORS FOR DENTAL CARIES IN A POPULATION OF CHILDREN FROM QUEENSLAND, AUSTRALIA Surani Fernando BDS, MSc, MD …","https://research-repository.griffith.edu.au/bitstream/handle/10072/371955/Fernando,Surani_Final%20Thesis_Redacted.pdf?sequence=1","https://scholar.google.com/scholar?q=related:gAns6PzUBG8J:scholar.google.com/&scioq=%22waist+circumference%22+nigeria&hl=en&as_sdt=0,5&as_ylo=2017&as_yhi=2017&as_vis=1"
1,"R Habash","Therapeutic heat and cold in cardiac rehabilitation",2017,"","137.122.9.185","https://137.122.9.185/handle/10393/36857","https://scholar.google.com/scholar?cites=15922408653445960861&as_sdt=2005&sciodt=0,5&hl=en",938,"2021-07-17 21:08:35","","","","",,,,,1,0.25,1,1,4,"… saunas. Beever [63] examined the quantitative cardiovascular benefits from infrared sauna use. The results suggested that infrared sauna use may be beneficial for lowering blood pressure and waist circumference. Heart studies …","https://137.122.9.185/bitstream/10393/36857/1/TherapeuticPaper.pdf","https://scholar.google.com/scholar?q=related:nZRATU_C99wJ:scholar.google.com/&scioq=%22waist+circumference%22+nigeria&hl=en&as_sdt=0,5&as_ylo=2017&as_yhi=2017&as_vis=1"
3,"SET Chithambo","Factors associated with the rate of gestational weight gain in the rural Mangochi district of Malawi",2017,"","duo.uio.no","https://www.duo.uio.no/handle/10852/58269","https://scholar.google.com/scholar?cites=4518399350630613081&as_sdt=2005&sciodt=0,5&hl=en",939,"2021-07-17 21:08:35","","","","",,,,,3,0.75,3,1,4,"Page 1. Factors associated with the rate of gestational weight gain in the rural Mangochi district of Malawi Shyreen Emmaculate Taoloka Chithambo Supervisors: Penjani Rhoda Kamudoni Gerd Holmboe-Ottesen Master thesis …","https://www.duo.uio.no/bitstream/handle/10852/58269/Shyreen%C3%A2%E2%82%AC%20Chithambo%C3%A2%E2%82%AC%20thesis.pdf?sequence=1","https://scholar.google.com/scholar?q=related:WYCxF0WUtD4J:scholar.google.com/&scioq=%22waist+circumference%22+nigeria&hl=en&as_sdt=0,5&as_ylo=2017&as_yhi=2017&as_vis=1"
1,"L Norman","Effects of Coconut Oil Supplementation on Biomarkers of Inflammation and Lipid Peroxidation",2017,"","search.proquest.com","https://search.proquest.com/openview/ae17ec559c9de99ac89f51b2f430466c/1?pq-origsite=gscholar&cbl=18750","https://scholar.google.com/scholar?cites=13798222329820301265&as_sdt=2005&sciodt=0,5&hl=en",940,"2021-07-17 21:08:35","BOOK","","","",,,,,1,0.25,1,1,4,"Page 1. Effects of Coconut Oil Supplementation on BiomarNers of Inflammation and Lipid Peroxidation by Lisa Norman A Thesis Presented in Partial Fulfillment of the Requirements for the Degree Master of Science Approved April 2017 by the Graduate Supervisory Committee …","https://repository.asu.edu/attachments/186556/content/Norman_asu_0010N_17087.pdf","https://scholar.google.com/scholar?q=related:0UfNVBoifb8J:scholar.google.com/&scioq=%22waist+circumference%22+nigeria&hl=en&as_sdt=0,5&as_ylo=2017&as_yhi=2017&as_vis=1"
4,"M França, S Souza, N Marques","Benefícios da prática de exercício físico em pacientes com síndrome metabólica",2017,"DêCiência em Foco","revistas.uninorteac.com.br","http://revistas.uninorteac.com.br/index.php/DeCienciaemFoco0/article/view/16","https://scholar.google.com/scholar?cites=1198917989454474045&as_sdt=2005&sciodt=0,5&hl=en",941,"2021-07-17 21:08:35","","","","",,,,,4,1.00,1,3,4,"… protocols (aerobic, resistance and multi-functional) that promoted a significant re- duction in abdominal fat, body weight, body mass index, waist circumference, blo- od glucose and triglyceride levels, normal blood pressure and adequate levels of HDL cholesterol …","http://revistas.uninorteac.com.br/index.php/DeCienciaemFoco0/article/viewFile/16/11","https://scholar.google.com/scholar?q=related:PWtCLI9poxAJ:scholar.google.com/&scioq=%22waist+circumference%22+nigeria&hl=en&as_sdt=0,5&as_ylo=2017&as_yhi=2017&as_vis=1"
1,"H Héritier","The influence of long term traffic-related noise exposure on cardiovascular mortality",2017,"","edoc.unibas.ch","https://edoc.unibas.ch/69701/","https://scholar.google.com/scholar?cites=6409588010490759750&as_sdt=2005&sciodt=0,5&hl=en",942,"2021-07-17 21:08:35","","","","",,,,,1,0.25,1,1,4,"… levels.The most prevalent noise globally originates from transportation noise sources: road traffic, railway and aircraft noise. Studies from Vietnam (13), Brazil (14), India (15) and Nigeria (16) have reported noise levels far above the 45 dB threshold …","https://edoc.unibas.ch/69701/1/PhD_eThesis_Heritier_2019.pdf","https://scholar.google.com/scholar?q=related:RornCVZu81gJ:scholar.google.com/&scioq=%22waist+circumference%22+nigeria&hl=en&as_sdt=0,5&as_ylo=2017&as_yhi=2017&as_vis=1"
9,"I Eshriqui, AB Franco-Sena, DR Farias…","Prepregnancy dietary patterns are associated with blood lipid level changes during pregnancy: a prospective cohort study in Rio de Janeiro, Brazil",2017,"Journal of the Academy …","Elsevier","https://www.sciencedirect.com/science/article/pii/S221226721631499X","https://scholar.google.com/scholar?cites=468017135649381215&as_sdt=2005&sciodt=0,5&hl=en",943,"2021-07-17 21:08:35","","","","",,,,,9,2.25,2,4,4,"JavaScript is disabled on your browser. Please enable JavaScript to use all the features on this page. Skip to main content Skip to article …","","https://scholar.google.com/scholar?q=related:X1st7xq7fgYJ:scholar.google.com/&scioq=%22waist+circumference%22+nigeria&hl=en&as_sdt=0,5&as_ylo=2017&as_yhi=2017&as_vis=1"
0,"VM Nithya","Effectiveness of Aromatherapy on Arthralgia among menopausal women in Gandhinagar at Pechiparai Panchayat, Kanyakumari District",2017,"","repository-tnmgrmu.ac.in","http://repository-tnmgrmu.ac.in/id/eprint/10047","",944,"2021-07-17 21:08:35","","","","",,,,,0,0.00,0,1,4,"… menopausal women in Ibadan Nigeria. MSP was assessed using the standardized … between the categories of BMI and lower extremely symptoms (P<0.05) and the categories of WHtR and waist circumference were associated with back and lower extremely symptoms (P<0.05) …","http://repository-tnmgrmu.ac.in/10047/1/300313717nithya.pdf","https://scholar.google.com/scholar?q=related:O4xoZW1UoocJ:scholar.google.com/&scioq=%22waist+circumference%22+nigeria&hl=en&as_sdt=0,5&as_ylo=2017&as_yhi=2017&as_vis=1"
0,"B Barbara","5 Normalbereiche",2017,"Das Blutbild","degruyter.com","https://www.degruyter.com/document/doi/10.1515/9783110435016-006/html","",945,"2021-07-17 21:08:35","","10.1515/9783110435016-006","","",,,,,0,0.00,0,1,4,"Page 1. 5 Normalbereiche Wenn man Labortestergebnisse interpretieren möchte, braucht man das Verständnis, ob der Laborwert als solcher normal oder pathologisch ist. „Normal“ bedeutet, dass die Labortest- ergebnisse …","","https://scholar.google.com/scholar?q=related:lMbKp2DVFi0J:scholar.google.com/&scioq=%22waist+circumference%22+nigeria&hl=en&as_sdt=0,5&as_ylo=2017&as_yhi=2017&as_vis=1"
0,"A Days","SASMA 2017 CONGRESS: INDEX TO ABSTRACTS OPEN COMMUNICATION",,"scielo.org.za","","http://www.scielo.org.za/scielo.php?pid=S1015-51632017000200001&script=sci_arttext&tlng=es","",946,"2021-07-17 21:08:35","HTML","","","",,,,,0,0.00,0,1,,"… Results: Descriptive statistics were used to analyse the data. Means recorded were age 36.7(±5.4), BMI 28.4(±5), BF% 25.7(±7.4), Waist circumference 90.7(±11.3), Waist/hip ratio 0.86(±0.06), RHR 96(±16), SBP 122(±15), DBP 91(±11), BG 5.1(± 2.4), TC 4.89(±0.71) …","http://www.scielo.org.za/scielo.php?pid=S1015-51632017000200001&script=sci_arttext&tlng=es",""
0,"NM VELLEM","AN INTERVENTION STUDY FOR LOW AND HIGH RISK PREGNANT WOMEN WITH GESTATIONAL DIABETES MELLITUS IN BUFFALO CITY …",2017,"","core.ac.uk","https://core.ac.uk/download/pdf/270044973.pdf","",947,"2021-07-17 21:08:35","PDF","","","",,,,,0,0.00,0,1,4,"Page 1. AN INTERVENTION STUDY FOR LOW AND HIGH RISK PREGNANT WOMEN WITH GESTATIONAL DIABETES MELLITUS IN BUFFALO CITY METROPOLITAN MUNICIPALITY, EASTERN CAPE, SOUTH AFRICA NONCEBA MERCY VELLEM 2017 Page 2 …","https://core.ac.uk/download/pdf/270044973.pdf","https://scholar.google.com/scholar?q=related:_2HIw9aLzM0J:scholar.google.com/&scioq=%22waist+circumference%22+nigeria&hl=en&as_sdt=0,5&as_ylo=2017&as_yhi=2017&as_vis=1"
0,"PY Mwinlaaru","Effects of wealth and exercise on blood pressure: evidence from Ghana",2017,"","ir.ucc.edu.gh","https://ir.ucc.edu.gh/xmlui/handle/123456789/3358","",948,"2021-07-17 21:08:35","","","","",,,,,0,0.00,0,1,4,"… to their poor health. This lead to additional losses of working time both for patients and caregivers. Obi and Ozumba (2008) found in Nigeria that all patients suffering from cervical cancer and their relatives lost income from workplaces due to …","https://ir.ucc.edu.gh/xmlui/bitstream/handle/123456789/3358/MWINLAARU%20%202017.pdf?sequence=1&isAllowed=y","https://scholar.google.com/scholar?q=related:r0ub6FdTNfwJ:scholar.google.com/&scioq=%22waist+circumference%22+nigeria&hl=en&as_sdt=0,5&as_ylo=2017&as_yhi=2017&as_vis=1"
0,"RJ Munthali","Longitudinal analysis of genetic risk factors for cardiovascular disease: the birth to twenty plus cohort",2017,"","wiredspace.wits.ac.za","http://wiredspace.wits.ac.za/handle/10539/23491","",949,"2021-07-17 21:08:35","","","","",,,,,0,0.00,0,1,4,"Page 1. LONGITUDINAL ANALYSIS OF GENETIC RISK FACTORS FOR CARDIOVASCULAR DISEASE: THE BIRTH TO TWENTY PLUS COHORT Richard Junganiko Munthali A THESIS submitted to the School of Molecular and Cell Biology, Faculty of Science, University …","http://wiredspace.wits.ac.za/bitstream/handle/10539/23491/MunthaliRJ_Final_Thesis_June_2017.pdf?sequence=1&isAllowed=y","https://scholar.google.com/scholar?q=related:T6evzTZE4JsJ:scholar.google.com/&scioq=%22waist+circumference%22+nigeria&hl=en&as_sdt=0,5&as_ylo=2017&as_yhi=2017&as_vis=1"
0,"CA Wireko","Examining the eating habits of some senior high school students and its impact on their health case study at Breman Asikuma senior high school in the Central region …",2017,"","ir.uew.edu.gh","http://ir.uew.edu.gh/handle/123456789/1592","",950,"2021-07-17 21:08:35","","","","",,,,,0,0.00,0,1,4,"Page 1. UNIVERSITY OF EDUCATION, WINNEBA COLLEGE OF TECHNOLOGY EDUCATION, KUMASI EXAMINING THE EATING HABITS OF SOME SENIOR HIGH SCHOOL STUDENTS AND ITS IMPACT ON THEIR HEALTH: CASE STUDY AT …","http://ir.uew.edu.gh/bitstream/handle/123456789/1592/Examining%20the%20eating%20habits%20of%20some%20senior%20high%20school%20students%20and%20its%20impact%20on%20their%20health%20case%20study%20at%20Breman%20Asikuma%20senior%20high%20school%20in%20the%20Central%20region%20of%20Ghana.pdf?sequence=1&isAllowed=y","https://scholar.google.com/scholar?q=related:j5gONPCefe8J:scholar.google.com/&scioq=%22waist+circumference%22+nigeria&hl=en&as_sdt=0,5&as_ylo=2017&as_yhi=2017&as_vis=1"
0,"O Alves Júnior","Prevalência de hipertensão arterial sistêmica em adultos da área urbana e rural e fatores de riscos associados",2017,"","ri.ufs.br","https://ri.ufs.br/handle/riufs/7203","",951,"2021-07-17 21:08:35","","","","",,,,,0,0.00,0,1,4,"… The risk factors associated with high blood pressure were: socioeconomic class (p=0.002), marital status (p=0.002), educational level (p <0.001), high IMC (p<0.001), history of HAS (p=0.049), (p<0.001), waist circumference (p<0.001), total cholesterol (p<0.001), HDL (p=0.048 …","https://ri.ufs.br/jspui/bitstream/riufs/7203/2/OLDEGAR_ALVES-J%C3%9ANIOR.pdf","https://scholar.google.com/scholar?q=related:-xqAHRvBzLoJ:scholar.google.com/&scioq=%22waist+circumference%22+nigeria&hl=en&as_sdt=0,5&as_ylo=2017&as_yhi=2017&as_vis=1"
0,"S Sivamani","Effect of varied packages of aquatic drills with and without psychological strategies on health related physical fitness and swimming performance of swimmers",2017,"","dspace.pondiuni.edu.in","http://dspace.pondiuni.edu.in/xmlui/bitstream/handle/123456789/3220/T6709%20-%20Sivamani%20PhD-Phy%20Edu%20%28Reg.%2020151121002%29.pdf?sequence=1&isAllowed=y","",952,"2021-07-17 21:08:35","PDF","","","",,,,,0,0.00,0,1,4,"Page 1. EFFECT OF VARIED PACKAGES OF AQUATIC DRILLS WITH AND WITHOUT PSYCHOLOGICAL STRATEGIES ON HEALTH RELATED PHYSICAL FITNESS AND SWIMMING PERFORMANCE OF SWIMMERS A Thesis …","http://dspace.pondiuni.edu.in/xmlui/bitstream/handle/123456789/3220/T6709%20-%20Sivamani%20PhD-Phy%20Edu%20%28Reg.%2020151121002%29.pdf?sequence=1&isAllowed=y","https://scholar.google.com/scholar?q=related:JSbSzlN2lb0J:scholar.google.com/&scioq=%22waist+circumference%22+nigeria&hl=en&as_sdt=0,5&as_ylo=2017&as_yhi=2017&as_vis=1"
3,"WE Hoy, SA Mott, JL Nicol","Prematurity, low birth weight, and CKD",2017,"Chronic kidney disease in disadvantaged …","Elsevier","https://www.sciencedirect.com/science/article/pii/B9780128043110000236","https://scholar.google.com/scholar?cites=13679233287412187906&as_sdt=2005&sciodt=0,5&hl=en",953,"2021-07-17 21:08:35","","","","",,,,,3,0.75,1,3,4,"… Fifteen countries account for 66% of the world's preterm births. In descending order they are: India, China, Nigeria, Pakistan, Indonesia, USA, Bangladesh, Philippines, Dem Rep of Congo, Brazil, Ethiopia, United Republic of Tanzania, Uganda, Sudan, and Kenya. • …","","https://scholar.google.com/scholar?q=related:AgPn_zJm1r0J:scholar.google.com/&scioq=%22waist+circumference%22+nigeria&hl=en&as_sdt=0,5&as_ylo=2017&as_yhi=2017&as_vis=1"
1,"MAAM Schrimpf","Weight-related stigmatization and its impact on behavioral adaptations, affect, and parasympathetic activity during social information processing–a cross …",2017,"","researchgate.net","https://www.researchgate.net/profile/Anne-Schrimpf-2/publication/336414273_Weight-related_stigmatization_and_its_impact_on_behavioral_adaptations_affect_and_parasympathetic_activity_during_social_information_processing_-_a_cross-cultural_comparison/links/5da06a5892851c6b4bcbc7b6/Weight-related-stigmatization-and-its-impact-on-behavioral-adaptations-affect-and-parasympathetic-activity-during-social-information-processing-a-cross-cultural-comparison.pdf","https://scholar.google.com/scholar?cites=4681562261281905628&as_sdt=2005&sciodt=0,5&hl=en",954,"2021-07-17 21:08:35","PDF","","","",,,,,1,0.25,1,1,4,"Page 1. Weight-related stigmatization and its impact on behavioral adaptations, affect, and parasympathetic activity during social information processing – a cross-cultural comparison _____ Dissertation …","https://www.researchgate.net/profile/Anne-Schrimpf-2/publication/336414273_Weight-related_stigmatization_and_its_impact_on_behavioral_adaptations_affect_and_parasympathetic_activity_during_social_information_processing_-_a_cross-cultural_comparison/links/5da06a5892851c6b4bcbc7b6/Weight-related-stigmatization-and-its-impact-on-behavioral-adaptations-affect-and-parasympathetic-activity-during-social-information-processing-a-cross-cultural-comparison.pdf","https://scholar.google.com/scholar?q=related:3BuVmRJA-EAJ:scholar.google.com/&scioq=%22waist+circumference%22+nigeria&hl=en&as_sdt=0,5&as_ylo=2017&as_yhi=2017&as_vis=1"
0,"E Tzioumis","THE DUAL BURDEN OF MALNUTRITION IN CHILDREN IN LOW-AND MIDDLE-INCOME COUNTRIES",2017,"","cdr.lib.unc.edu","https://cdr.lib.unc.edu/concern/dissertations/jm214q048","",955,"2021-07-17 21:08:35","","","","",,,,,0,0.00,0,1,4,"… SES Socioeconomic status WC Waist circumference WHO World Health Organization WHZ Weight-for-height z-score Page 10. 1 … The 1999 Nigeria survey is excluded from our analyses as there are documented measurement issues with the childhood anthropometry data (65) …","https://cdr.lib.unc.edu/downloads/2f75r886d","https://scholar.google.com/scholar?q=related:NbV9c5jkH4oJ:scholar.google.com/&scioq=%22waist+circumference%22+nigeria&hl=en&as_sdt=0,5&as_ylo=2017&as_yhi=2017&as_vis=1"
0,"EJ Amburn","Difference in Quality of Life Between Group and Individual Exercise in a Faith-Based Sample",2017,"","search.proquest.com","https://search.proquest.com/openview/ad09fd856b154d1bb187c3300d85decb/1?pq-origsite=gscholar&cbl=18750","",956,"2021-07-17 21:08:35","","","","",,,,,0,0.00,0,1,4,"… interventions (SH) (p. 69). Yanek et al. (2001) found positive outcomes in weight, blood pressure, waist circumference, dietary energy and sodium intake. Sbrocco et al. (2005) were able to provide data and research on the importance of church based interventions …","http://dc.etsu.edu/cgi/viewcontent.cgi?article=4687&context=etd","https://scholar.google.com/scholar?q=related:UjJ7bkHWPcMJ:scholar.google.com/&scioq=%22waist+circumference%22+nigeria&hl=en&as_sdt=0,5&as_ylo=2017&as_yhi=2017&as_vis=1"
0,"N Sukumar","Novel Biomarkers Associated With Gestational Diabetes Mellitus And Metabolic Outcomes Of Pregnancy",2017,"","wrap.warwick.ac.uk","http://wrap.warwick.ac.uk/90895/1/WRAP_Theses_Sukumar_2017.pdf","",957,"2021-07-17 21:08:35","PDF","","","",,,,,0,0.00,0,1,4,"Page 1. warwick.ac.uk/lib-publications A Thesis Submitted for the Degree of PhD at the University of Warwick Permanent WRAP URL: http://wrap.warwick.ac.uk/90895 Copyright and reuse: This thesis is made available online and is protected by original copyright …","http://wrap.warwick.ac.uk/90895/1/WRAP_Theses_Sukumar_2017.pdf","https://scholar.google.com/scholar?q=related:B5Qsn9vrGeoJ:scholar.google.com/&scioq=%22waist+circumference%22+nigeria&hl=en&as_sdt=0,5&as_ylo=2017&as_yhi=2017&as_vis=1"
8,"A Naqvi, NW Solomons, R Campos…","Vitamin D status among indigenous Mayan (Kekchi) and Afro-Caribe (Garifuna) adolescents from Guatemala: a comparative description between two ethnic groups …",2017,"Public health …","cambridge.org","https://www.cambridge.org/core/journals/public-health-nutrition/article/vitamin-d-status-among-indigenous-mayan-kekchi-and-afrocaribe-garifuna-adolescents-from-guatemala-a-comparative-description-between-two-ethnic-groups-residing-on-the-rio-dulce-at-the-caribbean-coast-in-izabal-province-guatemala/31DE60C3DBA833783099D024CAD2A7AD","https://scholar.google.com/scholar?cites=7493593801697766809&as_sdt=2005&sciodt=0,5&hl=en",958,"2021-07-17 21:08:35","","","","",,,,,8,2.00,2,4,4,"… Maori, Pacific Islander or European ascent Age; latitude (season; ethnicity; BMI; sex) PTH, parathyroid hormone; PA, physical activity; WHR, waist-to-hip ratio; WC, waist circumference. The variables in italic font were measured …","https://www.cambridge.org/core/services/aop-cambridge-core/content/view/31DE60C3DBA833783099D024CAD2A7AD/S1368980016000598a.pdf/vitamin-d-status-among-indigenous-mayan-kekchi-and-afro-caribe-garifuna-adolescents-from-guatemala-a-comparative-description-between-two-ethnic-groups-residing-on-the-rio-dulce-at-the-caribbean-coast-in-izabal-province-guatemala.pdf","https://scholar.google.com/scholar?q=related:ma1DIdyX_mcJ:scholar.google.com/&scioq=%22waist+circumference%22+nigeria&hl=en&as_sdt=0,5&as_ylo=2017&as_yhi=2017&as_vis=1"
0,"DM Pennington","Effects of Lower Body Resistance Exercise Training on Glucose Tolerance and Cerebral/Systemic Endothelial Function in Obese African-American Women",2017,"","search.proquest.com","https://search.proquest.com/openview/24fe72520138946b1c0804128b0709a1/1?pq-origsite=gscholar&cbl=18750","",959,"2021-07-17 21:08:35","","","","",,,,,0,0.00,0,1,4,"… important marker for clinical diagnosis (Després, 2006ab). There are five screening variables used to identify those with metabolic syndrome: waist circumference, circulating levels of triglycerides and HDL cholesterol, fasting glycemia and blood pressure …","","https://scholar.google.com/scholar?q=related:4jBLfVzR4bIJ:scholar.google.com/&scioq=%22waist+circumference%22+nigeria&hl=en&as_sdt=0,5&as_ylo=2017&as_yhi=2017&as_vis=1"
1,"SR Blackstone","Task-shifting and hypertension management in Ghana",2017,"","ideals.illinois.edu","https://www.ideals.illinois.edu/handle/2142/98099","https://scholar.google.com/scholar?cites=9183999189029291513&as_sdt=2005&sciodt=0,5&hl=en",960,"2021-07-17 21:08:35","","","","",,,,,1,0.25,1,1,4,"… al., 2006), Burkina Faso (40.2%) (Niakara et al., 2007), Nigeria (38.2%) (Daniel, Adejumo, Owolabi, & Braimoh, 2013), and Togo (36.7%) (Yayehd et al., 2012). Although rates of … 80% in Nigeria (Isezou, Abir, Ohwovorilole, & OA, 2010; Omuemu, Okojie, & Omuemu, 2008) …","https://www.ideals.illinois.edu/bitstream/handle/2142/98099/BLACKSTONE-DISSERTATION-2017.pdf?sequence=1&isAllowed=y","https://scholar.google.com/scholar?q=related:-QWRf5oedH8J:scholar.google.com/&scioq=%22waist+circumference%22+nigeria&hl=en&as_sdt=0,5&as_ylo=2017&as_yhi=2017&as_vis=1"
2,"R DE SANTÉ","Etat des connaissances",2017,"","researchgate.net","https://www.researchgate.net/profile/Sandrine-Halfen/publication/323219395_Segregation_residential_mobility_programs_and_impact_on_health_and_its_determinants_in_the_United_States_of_America/links/5a86b578a6fdcc6b1a36e03e/Segregation-residential-mobility-programs-and-impact-on-health-and-its-determinants-in-the-United-States-of-America.pdf","https://scholar.google.com/scholar?cites=1777211760795793956&as_sdt=2005&sciodt=0,5&hl=en",961,"2021-07-17 21:08:35","PDF","","","",,,,,2,0.50,2,1,4,"… 7 Examples are written under the question “For example: Italian, Jamaican, African Am., Cambodian, Cape Verdean, Norwegian, Dominican, French Canadian, Haitian, Korean, Lebanese, Polish, Nigerian, Mexican, Taiwanese, Ukrainian, and so on”. United Census Bureau …","https://www.researchgate.net/profile/Sandrine-Halfen/publication/323219395_Segregation_residential_mobility_programs_and_impact_on_health_and_its_determinants_in_the_United_States_of_America/links/5a86b578a6fdcc6b1a36e03e/Segregation-residential-mobility-programs-and-impact-on-health-and-its-determinants-in-the-United-States-of-America.pdf","https://scholar.google.com/scholar?q=related:JDrhLK7sqRgJ:scholar.google.com/&scioq=%22waist+circumference%22+nigeria&hl=en&as_sdt=0,5&as_ylo=2017&as_yhi=2017&as_vis=1"
1,"LH S'khosana","The prevalence and nutritional status of woman between the ages of 18 to 45 years, practicing geophagia in the Umzinyathi and uMgungundlovu Districts …",2017,"","ukzn-dspace.ukzn.ac.za","http://ukzn-dspace.ukzn.ac.za/bitstream/handle/10413/14488/S%27khosana_Lindokuhle_Hapiness_2017.pdf?sequence=2&isAllowed=y","https://scholar.google.com/scholar?cites=14336653354472927879&as_sdt=2005&sciodt=0,5&hl=en",962,"2021-07-17 21:08:35","PDF","","","",,,,,1,0.25,1,1,4,"… spreads to other part of the world through migration and slavery (Abrahams, 2005). The practice of geophagia was reported by travellers and missionaries in African countries like Nigeria, Ghana and Sierra Leon during the 18th and 20th century (Hunter, 1993). Geophagia …","http://ukzn-dspace.ukzn.ac.za/bitstream/handle/10413/14488/S%27khosana_Lindokuhle_Hapiness_2017.pdf?sequence=2&isAllowed=y","https://scholar.google.com/scholar?q=related:h3JFXUQG9sYJ:scholar.google.com/&scioq=%22waist+circumference%22+nigeria&hl=en&as_sdt=0,5&as_ylo=2017&as_yhi=2017&as_vis=1"
0,"NURHBAB AZIZ","PREDICTORS OF FRAILTY SYNDROME AMONG COMMUNITY-DWELLING ELDERLY IN KUALA NERUS, TERENGGANU",2017,"","psasir.upm.edu.my","http://psasir.upm.edu.my/id/eprint/76596/1/FPSK(M)%202018%2043%20-%20IR.pdf","",963,"2021-07-17 21:08:35","PDF","","","",,,,,0,0.00,0,1,4,"Page 1. UNIVERSITI PUTRA MALAYSIA PREDICTORS OF FRAILTY SYNDROME AMONG COMMUNITY- DWELLING ELDERLY IN KUALA NERUS, TERENGGANU NUR HAFIZAH BINTI AB. AZIZ FPSK(M) 2018 43 Page 2. © COPYRIGHT UPM …","http://psasir.upm.edu.my/id/eprint/76596/1/FPSK(M)%202018%2043%20-%20IR.pdf","https://scholar.google.com/scholar?q=related:2h-1qvYgOZcJ:scholar.google.com/&scioq=%22waist+circumference%22+nigeria&hl=en&as_sdt=0,5&as_ylo=2017&as_yhi=2017&as_vis=1"
0,"FV Tour","Assessment Of Pregnant Women's Awareness And Knowledge Of Mercury Toxicity In Smoked Fish On Pregnancy Outcomes In Greater Accra Region",2017,"","197.255.68.205","http://197.255.68.205/handle/123456789/23181","",964,"2021-07-17 21:08:35","","","","",,,,,0,0.00,0,1,4,"… Fish or fish oil consumption has been associated with growth and normal brain development (Hibbeln et al., 2007; Oken et al., 2005) and decreased weight and waist circumference (Bender, 2014). Again some studies (Leventakou et al., 2014; Taylor, Golding and Emond …","http://197.255.68.205/bitstream/handle/123456789/23181/Assessment%20Of%20Pregnant%20Women%E2%80%99s%20Awareness%20And%20Knowledge%20Of%20Mercury%20Toxicity%20In%20Smoked%20Fish%20On%20Pregnancy%20Outcomes%20In%20Greater%20Accra%20Region.pdf?sequence=1&isAllowed=y","https://scholar.google.com/scholar?q=related:sdWhQJNbKg4J:scholar.google.com/&scioq=%22waist+circumference%22+nigeria&hl=en&as_sdt=0,5&as_ylo=2017&as_yhi=2017&as_vis=1"
0,"CT Burns","Using Measures of Biomechanics, Physical Activity, and Physical Fitness to Evaluate Risk of Law Back Pain in Nursing Students",2017,"","yorkspace.library.yorku.ca","https://yorkspace.library.yorku.ca/xmlui/handle/10315/34555","",965,"2021-07-17 21:08:35","","","","",,,,,0,0.00,0,1,4,"Page 1. USING BIOMECHANICAL, PHYSICAL ACTIVITY, AND PHYSICAL FITNESS MEASURES TO EVALUATE RISK OF DEVELOPING A LOW BACK INJURY IN A NURSING STUDENT POPULATION CAMERON BURNS …","https://yorkspace.library.yorku.ca/xmlui/bitstream/handle/10315/34555/Burns_Cameron_Tylor_2017_MSc.pdf?sequence=2&isAllowed=y","https://scholar.google.com/scholar?q=related:OBtbLG2E4GMJ:scholar.google.com/&scioq=%22waist+circumference%22+nigeria&hl=en&as_sdt=0,5&as_ylo=2017&as_yhi=2017&as_vis=1"
0,"TM da Silva","Obesidade geral e abdominal e seus determinantes em uma população adulta residente na zona rural do município de Pelotas, RS.",2017,"","epidemio-ufpel.org.br","http://epidemio-ufpel.org.br/uploads/teses/Thais.pdf","",966,"2021-07-17 21:08:35","PDF","","","",,,,,0,0.00,0,1,4,"… dados eletrônicas PubMed e Scielo. Na plataforma PubMed, utilizou-se os seguintes descritores: Obesity, Abdominal Obesity, Central Obesity, Waist circumference, Abdominal circumference, BMI, Rural areas (MeSH), com os filtros Humans e Published in the last 10 years …","http://epidemio-ufpel.org.br/uploads/teses/Thais.pdf","https://scholar.google.com/scholar?q=related:RjjIahkQYLMJ:scholar.google.com/&scioq=%22waist+circumference%22+nigeria&hl=en&as_sdt=0,5&as_ylo=2017&as_yhi=2017&as_vis=1"
0,"VP Morais","Investigação-intervenção nos cuidados de saúde primários: A acessibilidade pedonal percebida e as estratégias cognitivas-comportamentais na prática de …",2017,"","core.ac.uk","https://core.ac.uk/download/pdf/85002988.pdf","",967,"2021-07-17 21:08:35","PDF","","","",,,,,0,0.00,0,1,4,"… The existence of a diagnosis of comorbidities was evaluated by Yes / No response. Height, weight and waist circumference (WC) were measured by the investigator and the body mass index (BMI) was obtained by the formula P / A2 …","https://core.ac.uk/download/pdf/85002988.pdf","https://scholar.google.com/scholar?q=related:_WKsGeTUnRYJ:scholar.google.com/&scioq=%22waist+circumference%22+nigeria&hl=en&as_sdt=0,5&as_ylo=2017&as_yhi=2017&as_vis=1"
0,"M Adams","Association of Pacific Coast Geographers Annual Meeting October 5–8, 2016 Portland, Oregon",2017,"Yearbook of the Association of Pacific Coast …","muse.jhu.edu","https://muse.jhu.edu/article/669231/summary","",968,"2021-07-17 21:08:35","","","","",,,,,0,0.00,0,1,4,"… We examine the relationship between socio-economic indicators, demographics, immigration history, current living conditions, indigenous status, and diet with outcomes such as body mass index (BMI), waist circumference, blood pressure, and blood glucose …","",""
0,"DRKAM GADALLA","PREVALENCE OF MALE SEXUAL DYSFUNCTION AND ITS CORRELATION AT ANDROLOGY CLINICS IN EGYPT",2017,"","esextherapy.com","http://www.esextherapy.com/wp-content/uploads/2018/08/Dr-Gadallah-FINAL-PDF.pdf","",969,"2021-07-17 21:08:35","PDF","","","",,,,,0,0.00,0,1,4,"… Shaeer et al. reported on the prevalence of ED and its correlates among men attending primary-care clinics in Pakistan, Egypt and Nigeria. They found that the age-adjusted prevalence rates of ED were 57.4% in Nigeria, 63.6% in Egypt, and 80.8% in Pakistan. Older …","http://www.esextherapy.com/wp-content/uploads/2018/08/Dr-Gadallah-FINAL-PDF.pdf","https://scholar.google.com/scholar?q=related:26gx8kw1mlgJ:scholar.google.com/&scioq=%22waist+circumference%22+nigeria&hl=en&as_sdt=0,5&as_ylo=2017&as_yhi=2017&as_vis=1"
0,"MAG Barbosa","Obesity and environmental pollutants: a reason for concern?",2017,"","repositorio-aberto.up.pt","https://repositorio-aberto.up.pt/bitstream/10216/109123/2/233167.pdf","",970,"2021-07-17 21:08:35","PDF","","","",,,,,0,0.00,0,1,4,"Page 1. instituto de ciências biomédicas abel salazar faculdade de ciências mélanie audrey Gomes barbosa. Obesity and environmental pollutants: a reason for concern? obesity and environmental pollutants: a reason for concern? Mélanie Audrey Gomes Barbosa o …","https://repositorio-aberto.up.pt/bitstream/10216/109123/2/233167.pdf","https://scholar.google.com/scholar?q=related:wORzwvU7ENsJ:scholar.google.com/&scioq=%22waist+circumference%22+nigeria&hl=en&as_sdt=0,5&as_ylo=2017&as_yhi=2017&as_vis=1"
0,"C Lalremtluangii","Lifestyle and Hypertension among Women in Lunglei, Mizoram",2017,"","mzuir.inflibnet.ac.in","http://mzuir.inflibnet.ac.in/jspui/bitstream/123456789/595/1/C.%20LALREMTLUANGI%2CSW.pdf","",971,"2021-07-17 21:08:35","PDF","","","",,,,,0,0.00,0,1,4,"… Hypertension Journal, July – September 2015; 1(1):1-3. Iyalomhe, Godfrey, BS, &Ivalomhe, Sarah, I. (2010).Hypertension-related nowledge, attitudes and life-style practices among hypertensive patients in a sub-urban Nigerian community …","http://mzuir.inflibnet.ac.in/jspui/bitstream/123456789/595/1/C.%20LALREMTLUANGI%2CSW.pdf","https://scholar.google.com/scholar?q=related:V3ccftEJomIJ:scholar.google.com/&scioq=%22waist+circumference%22+nigeria&hl=en&as_sdt=0,5&as_ylo=2017&as_yhi=2017&as_vis=1"
1,"WL Ripka","Modelos matemáticos para estimativa da gordura corporal de adolescentes utilizando dobras cutâneas, a partir da absorciometria de raios-X de dupla energia",2017,"","repositorio.utfpr.edu.br","http://repositorio.utfpr.edu.br/jspui/handle/1/2865","https://scholar.google.com/scholar?cites=5622408848475388579&as_sdt=2005&sciodt=0,5&hl=en",972,"2021-07-17 21:08:35","","","","",,,,,1,0.25,1,1,4,"Page 1. UNIVERSIDADE TECNOLÓGICA FEDERAL DO PARANÁ PROGRAMA DE PÓS GRADUAÇÃO EM ENGENHARIA ELÉTRICA E INFORMÁTICA INDUSTRIAL WAGNER LUIS RIPKA MODELOS MATEMÁTICOS PARA ESTIMATIVA DA GORDURA …","http://repositorio.utfpr.edu.br/jspui/bitstream/1/2865/1/CT_CPGEI_D_Ripka%2C%20Wagner%20Luis_2017.pdf","https://scholar.google.com/scholar?q=related:o3pjEw_PBk4J:scholar.google.com/&scioq=%22waist+circumference%22+nigeria&hl=en&as_sdt=0,5&as_ylo=2017&as_yhi=2017&as_vis=1"
1,"AF Asare","Pharmacist-Led Hypertension detection and management services in the Ghanaian community pharmacy: an exploratory study",2017,"","dspace.knust.edu.gh","http://dspace.knust.edu.gh/handle/123456789/9936","https://scholar.google.com/scholar?cites=6524830482816755326&as_sdt=2005&sciodt=0,5&hl=en",973,"2021-07-17 21:08:35","","","","",,,,,1,0.25,1,1,4,"… the degree of urbanization in West Africa, with prevalence highest in Guinea (43.6%), Burkina Faso (40.2%), (6) Nigeria (38.2%), (7) and Togo (36.7%) (8). Although the prevalence of hypertension in urban settings is higher than in rural settings, hypertension is also increasing …","http://dspace.knust.edu.gh/bitstream/123456789/9936/1/Afia%202016-C%20PHD%20edited%202.pdf","https://scholar.google.com/scholar?q=related:fubuC8HajFoJ:scholar.google.com/&scioq=%22waist+circumference%22+nigeria&hl=en&as_sdt=0,5&as_ylo=2017&as_yhi=2017&as_vis=1"
0,"OAA FARAG","Evaluation Of Clinical Outcomes And Direct Medical Cost Of Anemia Management Among End Stage Renal Disease Patients In Khartoum State Hemodialysis Centers",2017,"","ethesis.usm.my","https://ethesis.usm.my/jspui/handle/123456789/10804","",974,"2021-07-17 21:08:35","","","","",,,,,0,0.00,0,1,4,"Page 1. EVALUATION OF CLINICAL OUTCOMES AND DIRECT MEDICAL COST OF ANEMIA MANAGEMENT AMONG END STAGE RENAL DISEASE PATIENTS IN KHARTOUM STATE HEMODIALYSIS CENTERS by OMALHASSAN AMIR ABDELKARIM FARAG …","https://ethesis.usm.my/jspui/bitstream/123456789/10804/1/EVALUATION%20OF%20CLINICAL%20OUTCOMES%20AND.pdf","https://scholar.google.com/scholar?q=related:BmJGsph5rZQJ:scholar.google.com/&scioq=%22waist+circumference%22+nigeria&hl=en&as_sdt=0,5&as_ylo=2017&as_yhi=2017&as_vis=1"
0,"OO Owolabi, N Martin, N Serrano, J Mariani, C Tajer…","Mobile phone text messaging to improve medication adherence in secondary prevention of cardiovascular disease",2017,"","repositorio.hospitalelcruce.org","https://repositorio.hospitalelcruce.org/xmlui/handle/123456789/488","",975,"2021-07-17 21:08:35","","","","",,,,,0,0.00,0,6,4,"Page 1. Cochrane Database of Systematic Reviews Mobile phone text messaging to improve medication adherence in secondary prevention of cardiovascular disease (Review) Adler AJ, Martin N, Mariani J, Tajer CD, Owolabi OO, Free C, Serrano NC, Casas JP, Perel P …","https://repositorio.hospitalelcruce.org/xmlui/bitstream/handle/123456789/488/Adler_et_al-2017-The_Cochrane_Library.pdf?sequence=1&isAllowed=y","https://scholar.google.com/scholar?q=related:wFTn-kzBeBgJ:scholar.google.com/&scioq=%22waist+circumference%22+nigeria&hl=en&as_sdt=0,5&as_ylo=2017&as_yhi=2017&as_vis=1"
0,"G Ashuntantang","Abstracts of the 14th Congress of the African Association of Nephrology (YaoundÃ©, 14-18 March 2017)",2017,"African Journal of Nephrology","journals.ac.za","http://www.journals.ac.za/index.php/ajn/article/download/2549/1616","",976,"2021-07-17 21:08:35","PDF","","","",,,,,0,0.00,0,1,4,"… Acute kidney injury following invitro fertilization; an uncommon complication of a rapidly growing assisted reproductive technique in Nigeria- case report … 2Department of Obstetrics and Gynaecology, Federal Medical Centre, Umuahia, Abia State Nigeria …","http://www.journals.ac.za/index.php/ajn/article/download/2549/1616",""
0,"E Azzini","Antioxidant Phytochemicals at the Pharma-Nutrition Interface",,"downloads.hindawi.com","","https://downloads.hindawi.com/journals/specialissues/462059.pdf","",977,"2021-07-17 21:08:35","PDF","","","",,,,,0,0.00,0,1,,"Page 1. Oxidative Medicine and Cellular Longevity Antioxidant Phytochemicals at the Pharma-Nutrition Interface Lead Guest Editor: Elena Azzini Guest Editors: Gian L. Russo and Jasminka Giacometti Page 2. Antioxidant Phytochemicals at the Pharma-Nutrition Interface Page …","https://downloads.hindawi.com/journals/specialissues/462059.pdf","https://scholar.google.com/scholar?q=related:qw12YZQMxOoJ:scholar.google.com/&scioq=%22waist+circumference%22+nigeria&hl=en&as_sdt=0,5&as_ylo=2017&as_yhi=2017&as_vis=1"
0,"I Acheampong","Immunological factors in female infertility: Antithyroid and Antiphospholipid antibodies",2017,"","ir.knust.edu.gh","http://ir.knust.edu.gh/handle/123456789/10091","",978,"2021-07-17 21:08:35","","","","",,,,,0,0.00,0,1,4,"… developing countries is pegged at 6.9% to about 9.3% (Boivin et al., 2007), individual countries have varying prevalence with some as high as 20%. Nigeria is reported as having a prevalence of 20-30% (Okonofua, 1996). A recent study by Sule et al …","http://ir.knust.edu.gh/bitstream/123456789/10091/1/ISAAC%20ACHEAMPONG.pdf",""
0,"TM Larery","Combating Childhood Obesity with Provider Education: A Quantitative Study",2017,"","nursingrepository.org","https://www.nursingrepository.org/handle/10755/621195","",979,"2021-07-17 21:08:35","","","","",,,,,0,0.00,0,1,4,"Page 1. COMBATING CHILDHOOD OBESITY WITH PROVIDER EDUCATION: A QUANTITATIVE STUDY A Project Submitted to the Graduate School In Partial Fulfillment of the Requirements for the Degree of Doctor of Nursing Practice Trina Larery, MSN, FNP-C …","https://www.nursingrepository.org/bitstream/handle/10755/621195/Larery_DNP.pdf?sequence=3","https://scholar.google.com/scholar?q=related:AwnPheEmKmEJ:scholar.google.com/&scioq=%22waist+circumference%22+nigeria&hl=en&as_sdt=0,5&as_ylo=2017&as_yhi=2017&as_vis=1"
0,"A Shahzad, RJ Cohrs","Abstracts: 5th Annual Congress of the European Society for Translational Medicine (EUSTM-2017), 20 22 October 2017, Berlin, Germany",2017,"European Journal of Molecular & Clinical …","ejmcm.com","https://ejmcm.com/article_1164.html","",980,"2021-07-17 21:08:35","","","","",,,,,0,0.00,0,2,4,"Page 1. Contents lists available at ScienceDirect New Horizons in Translational Medicine journal homepage: www.elsevier.com/locate/nhtm Abstracts: 5 th Annual Congress of the European Society for Translational Medicine …","https://ejmcm.com/article_1164_a1e0bc3420ab0c3611d0d4a56e1f4fd4.pdf",""
0,"A Shahzad, RJ Cohrs","New horizons in translational medicine",2017,"Matrix","researchgate.net","https://www.researchgate.net/profile/Burak-Berber/publication/325689530_Determination_of_the_Effect_of_Saffron_on_Liver_Regeneration_After_Partial_Hepatectomy_via_PI3KAKTmTOR_Signal_Pathway/links/5b1e639e0f7e9b68b42cb466/Determination-of-the-Effect-of-Saffron-on-Liver-Regeneration-After-Partial-Hepatectomy-via-PI3K-AKT-mTOR-Signal-Pathway.pdf","",981,"2021-07-17 21:08:35","PDF","","","",,,,,0,0.00,0,2,4,"Page 1. Contents lists available at ScienceDirect New Horizons in Translational Medicine journal homepage: www.elsevier.com/locate/nhtm Abstracts: 5 th Annual Congress of the European Society for Translational Medicine …","https://www.researchgate.net/profile/Burak-Berber/publication/325689530_Determination_of_the_Effect_of_Saffron_on_Liver_Regeneration_After_Partial_Hepatectomy_via_PI3KAKTmTOR_Signal_Pathway/links/5b1e639e0f7e9b68b42cb466/Determination-of-the-Effect-of-Saffron-on-Liver-Regeneration-After-Partial-Hepatectomy-via-PI3K-AKT-mTOR-Signal-Pathway.pdf","https://scholar.google.com/scholar?q=related:JdQ9gbqUwUIJ:scholar.google.com/&scioq=%22waist+circumference%22+nigeria&hl=en&as_sdt=0,5&as_ylo=2017&as_yhi=2017&as_vis=1"
0,"AD Guzmán Tavarez","Condição periodontal e hipertensão arterial em pacientes obesos mórbidos antes e após a cirurgia bariátrica: estudo de coorte prospectivo",2017,"","teses.usp.br","https://www.teses.usp.br/teses/disponiveis/25/25144/tde-23042018-184528/en.php","",982,"2021-07-17 21:08:35","","","","",,,,,0,0.00,0,1,4,"… groups were evaluated before and after bariatric surgery. The anthropometric evaluation of the individuals was performed through BMI and waist circumference. Bleeding was performed by means of gingival bleeding index, depth of probing and …","https://www.teses.usp.br/teses/disponiveis/25/25144/tde-23042018-184528/publico/AndresDarioGuzmanTavarez_Rev.pdf","https://scholar.google.com/scholar?q=related:FuWEug1byysJ:scholar.google.com/&scioq=%22waist+circumference%22+nigeria&hl=en&as_sdt=0,5&as_ylo=2017&as_yhi=2017&as_vis=1"
0,"AM Sarki","Application of Disease Mapping to a Global Public Health Issue in Low-and Middle-income Countries: A Case Study of Hypertension",2017,"","core.ac.uk","https://core.ac.uk/download/pdf/84590717.pdf","",983,"2021-07-17 21:08:35","PDF","","","",,,,,0,0.00,0,1,4,"Page 1. warwick.ac.uk/lib-publications A Thesis Submitted for the Degree of PhD at the University of Warwick Permanent WRAP URL: http://wrap.warwick.ac.uk/90872 Copyright and reuse: This thesis is made available online and is protected by original copyright …","https://core.ac.uk/download/pdf/84590717.pdf","https://scholar.google.com/scholar?q=related:x-rYatmqRJAJ:scholar.google.com/&scioq=%22waist+circumference%22+nigeria&hl=en&as_sdt=0,5&as_ylo=2017&as_yhi=2017&as_vis=1"
0,"AMZ Cypreste","Acidentes de trabalho e hipertensão arterial sistêmica em fumicultores de São Lourenço do Sul, RS",2017,"","epidemio-ufpel.org.br","http://www.epidemio-ufpel.org.br/uploads/teses/Adriana%20Marchon%20Zago%20pdf%20final%20.pdf","",984,"2021-07-17 21:08:35","PDF","","","",,,,,0,0.00,0,1,4,"Page 1. 1 UNIVERSIDADE FEDERAL DE PELOTAS Faculdade de Medicina Programa de Pós-Graduação em Epidemiologia Doutorado Interinstitucional UFPel/UFES Tese de Doutorado Acidentes de trabalho e hipertensão …","http://www.epidemio-ufpel.org.br/uploads/teses/Adriana%20Marchon%20Zago%20pdf%20final%20.pdf","https://scholar.google.com/scholar?q=related:pP1Vj7AmkHIJ:scholar.google.com/&scioq=%22waist+circumference%22+nigeria&hl=en&as_sdt=0,5&as_ylo=2017&as_yhi=2017&as_vis=1"
1,"JM Ferreira","Avaliação da atenção primária à saúde: identificação dos atributos, indicadores de qualidade e estratégias de melhoria dos serviços",2017,"","repositorio.ufrn.br","https://repositorio.ufrn.br/handle/123456789/24494","https://scholar.google.com/scholar?cites=14695317278538879342&as_sdt=2005&sciodt=0,5&hl=en",985,"2021-07-17 21:08:35","","","","",,,,,1,0.25,1,1,4,"Page 1. MINISTÉRIO DA EDUCAÇÃO UNIVERSIDADE FEDERAL DO RIO GRANDE DO NORTE CENTRO DE CIÊNCIAS DA SAÚDE PROGRAMA DE PÓS-GRADUAÇÃO EM CIÊNCIAS DA SAÚDE NÍVEL: DOUTORADO JULIANA MOTA FERREIRA …","https://repositorio.ufrn.br/jspui/bitstream/123456789/24494/1/AvaliacaoAtencaoPrim%C3%A1ria_Ferreira_2017.pdf","https://scholar.google.com/scholar?q=related:blH4qDRB8MsJ:scholar.google.com/&scioq=%22waist+circumference%22+nigeria&hl=en&as_sdt=0,5&as_ylo=2017&as_yhi=2017&as_vis=1"
0,"L Colliard","Effets d'un entrainement d'ultrasons diffus combiné à une prise de l'arginine sur la composition corporelle globale et segmentaire abdominale chez des femmes …",2017,"","doc.rero.ch","https://doc.rero.ch/record/305560/files/Masterarbeit_Colliard_Laura.pdf","",986,"2021-07-17 21:08:35","PDF","","","",,,,,0,0.00,0,1,4,"Page 1. UNIVERSITÉ DE FRIBOURG, SUISSE FACULTÉ DES SCIENCES DÉPARTEMENT DE MÉDECINE En collaboration avec la HAUTE ÉCOLE FÉDÉRALE DE SPORTS DE MACOLIN Travail final pour l'obtention du Master …","https://doc.rero.ch/record/305560/files/Masterarbeit_Colliard_Laura.pdf","https://scholar.google.com/scholar?q=related:S4Pk6WD88NkJ:scholar.google.com/&scioq=%22waist+circumference%22+nigeria&hl=en&as_sdt=0,5&as_ylo=2017&as_yhi=2017&as_vis=1"
0,"TMC Fernando","Prevalência do sindroma lipodistrófico e sua associação com o risco cardiovascular em indivíduos portadores de HIV/SIDA, em terapia antiretroviral com inibidores …",2017,"","arca.fiocruz.br","https://www.arca.fiocruz.br/handle/icict/26207","",987,"2021-07-17 21:08:35","","","","",,,,,0,0.00,0,1,4,"… Of these, 4.1% of the participants had elevated hyperglycaemia, 14.6% had hypertriglyceridemia, 71.8% had waist circumference (WC) ≥80cm, 38% had WC ≥90cm, 38.9% had HDL cholesterol below 50mg/dl and 54.9% of men had HDL-cholesterol below 40mg/dl. In …","https://www.arca.fiocruz.br/bitstream/icict/26207/2/tatiana_fernando_ioc_mest_2017.pdf","https://scholar.google.com/scholar?q=related:GE5bre6_8oAJ:scholar.google.com/&scioq=%22waist+circumference%22+nigeria&hl=en&as_sdt=0,5&as_ylo=2017&as_yhi=2017&as_vis=1"
0,"MG TAVARES","Comportamentos sugestivos de ansiedade e de memória em ratos: efeitos do óleo de coco virgem, do ambiente enriquecido e da hiperalimentação precoce",2017,"","repositorio.ufpe.br","https://repositorio.ufpe.br/handle/123456789/25013","",988,"2021-07-17 21:08:35","","","","",,,,,0,0.00,0,1,4,"… submitted during 4 weeks into an enriched environment. The results show that overfeeding altered body weight, caused overweight throughout the study, increased body mass index, Lee index and the ratio of waist circumference / chest circumference. Overfeeding and VCO …","https://repositorio.ufpe.br/bitstream/123456789/25013/1/DISSERTA%C3%87%C3%83O%20Maryane%20Gabriela%20Tavares.pdf",""
0,"FAE ALMEIDA","ASOCIACIÓN ENTRE VARIANTES EN LOS GENES ADIPOR1 Y ADIPOR2 CON EL SOBREPESO Y LA OBESIDAD EN POBLACIÓN ADULTA DE …",2017,"","researchgate.net","https://www.researchgate.net/profile/Fabian-Espitia-Almeida/publication/351638742_ASOCIACION_ENTRE_VARIANTES_EN_LOS_GENES_ADIPOR1_Y_ADIPOR2_CON_EL_SOBREPESO_Y_LA_OBESIDAD_EN_POBLACION_ADULTA_DE_CARTAGENA_DE_INDIAS/links/60a2ef7b92851cc80b6025d9/ASOCIACION-ENTRE-VARIANTES-EN-LOS-GENES-ADIPOR1-Y-ADIPOR2-CON-EL-SOBREPESO-Y-LA-OBESIDAD-EN-POBLACION-ADULTA-DE-CARTAGENA-DE-INDIAS.pdf","",989,"2021-07-17 21:08:35","PDF","","","",,,,,0,0.00,0,1,4,"Page 1. ASOCIACIÓN ENTRE VARIANTES EN LOS GENES ADIPOR1 Y ADIPOR2 CON EL SOBREPESO Y LA OBESIDAD EN POBLACIÓN ADULTA DE CARTAGENA DE INDIAS Estudiante FABIÁN ANDRÉS ESPITIA ALMEIDA, Qco Email: fespitiaa@unicartagena.edu.co …","https://www.researchgate.net/profile/Fabian-Espitia-Almeida/publication/351638742_ASOCIACION_ENTRE_VARIANTES_EN_LOS_GENES_ADIPOR1_Y_ADIPOR2_CON_EL_SOBREPESO_Y_LA_OBESIDAD_EN_POBLACION_ADULTA_DE_CARTAGENA_DE_INDIAS/links/60a2ef7b92851cc80b6025d9/ASOCIACION-ENTRE-VARIANTES-EN-LOS-GENES-ADIPOR1-Y-ADIPOR2-CON-EL-SOBREPESO-Y-LA-OBESIDAD-EN-POBLACION-ADULTA-DE-CARTAGENA-DE-INDIAS.pdf","https://scholar.google.com/scholar?q=related:gyTJzWqC4SMJ:scholar.google.com/&scioq=%22waist+circumference%22+nigeria&hl=en&as_sdt=0,5&as_ylo=2017&as_yhi=2017&as_vis=1"
0,"IE Oliveira","PADRÕES ALIMENTARES NO PERÍODO PRÉ-GESTACIONAL E SUA ASSOCIAÇÃO COM A VARIAÇÃO DOS LIPÍDIOS SÉRICOS DURANTE A GESTAÇÃO …",,"ppgn.ufrj.br","","http://www.ppgn.ufrj.br/wp-content/uploads/2017/11/DISSERTACAO-Ilana-Eshriqui-Oliveira.pdf","",990,"2021-07-17 21:08:35","PDF","","","",,,,,0,0.00,0,1,,"Page 1. UNIVERSIDADE FEDERAL DO RIO DE JANEIRO CENTRO DE CIÊNCIAS DA SAÚDE INSTITUTO DE NUTRIÇÃO JOSUÉ DE CASTRO PROGRAMA DE PÓS-GRADUAÇÃO EM NUTRIÇÃO MESTRADO EM NUTRIÇÃO HUMANA …","http://www.ppgn.ufrj.br/wp-content/uploads/2017/11/DISSERTACAO-Ilana-Eshriqui-Oliveira.pdf","https://scholar.google.com/scholar?q=related:zpxxkK_BF0EJ:scholar.google.com/&scioq=%22waist+circumference%22+nigeria&hl=en&as_sdt=0,5&as_ylo=2017&as_yhi=2017&as_vis=1"
